ISO-10303-21;
HEADER;
/* Generated by software containing ST-Developer
 * from STEP Tools, Inc. (www.steptools.com) 
 */
/* OPTION: using custom renumber hook */

FILE_DESCRIPTION(
/* description */ ('STEP AP242 Edition 2',
'CAx-IF Rec.Pracs.---Representation and Presentation of Product Manufa
cturing Information (PMI)---4.0---2014-10-13',
'CAx-IF Rec.Pracs.---3D Tessellated Geometry---0.4---2014-09-14','2;1',
'CAx-IF Rec.Pracs.---User Defined Attributes---1.5---2016-08-15'),
/* implementation_level */ '2;1');

FILE_NAME(
/* name */ 'electronics_frame_split_2',
/* time_stamp */ '2026-09-30T17:41:12Z',
/* author */ (''),
/* organization */ (''),
/* preprocessor_version */ 'ST-DEVELOPER v20',
/* originating_system */ 'ONSHAPE BY PTC INC, 1.221',
/* authorisation */ '  ');

FILE_SCHEMA (('AP242_MANAGED_MODEL_BASED_3D_ENGINEERING_MIM_LF { 1 0 10303 442 3 1 4 }'));
ENDSEC;

DATA;
#10=CONICAL_SURFACE('',#6234,0.0006,1.02974425867665);
#11=SHAPE_REPRESENTATION_RELATIONSHIP('','',#5961,#13);
#12=SHAPE_REPRESENTATION_RELATIONSHIP('','',#5962,#14);
#13=ADVANCED_BREP_SHAPE_REPRESENTATION('',(#5957),#9343);
#14=ADVANCED_BREP_SHAPE_REPRESENTATION('',(#5958),#9344);
#15=SPHERICAL_SURFACE('',#6197,0.0007);
#16=B_SPLINE_SURFACE_WITH_KNOTS('',3,1,((#8442,#8443),(#8444,#8445),(#8446,
#8447),(#8448,#8449)),.SURF_OF_LINEAR_EXTRUSION.,.F.,.F.,.F.,(4,4),(2,2),
(-1.7627612941871,-1.44345137907424),(0.,1.),.PIECEWISE_BEZIER_KNOTS.);
#17=B_SPLINE_SURFACE_WITH_KNOTS('',3,1,((#8486,#8487),(#8488,#8489),(#8490,
#8491),(#8492,#8493)),.SURF_OF_LINEAR_EXTRUSION.,.F.,.F.,.F.,(4,4),(2,2),
(-1.99999999938602,-1.54905540495785),(0.,1.),.PIECEWISE_BEZIER_KNOTS.);
#18=TOROIDAL_SURFACE('',#5982,0.004,0.002);
#19=TOROIDAL_SURFACE('',#5987,0.004,0.002);
#20=TOROIDAL_SURFACE('',#6160,0.0014,0.0007);
#21=TOROIDAL_SURFACE('',#6202,0.0012,0.0006);
#22=ELLIPSE('',#5972,0.00270508195889385,0.002);
#23=ELLIPSE('',#5973,0.00486914752600893,0.0036);
#24=ELLIPSE('',#5974,0.00742586474358631,0.005);
#25=ELLIPSE('',#5978,0.00297034589743452,0.002);
#26=ELLIPSE('',#6000,0.00676270489723461,0.005);
#27=ELLIPSE('',#6001,0.00534662261538216,0.0036);
#28=ELLIPSE('',#6029,0.00204727094679601,0.001);
#29=ELLIPSE('',#6030,0.00229202977797885,0.002);
#30=ELLIPSE('',#6047,0.000989949493661169,0.0007);
#31=ELLIPSE('',#6048,0.000757674540204675,0.0007);
#32=ELLIPSE('',#6051,0.000989949493661169,0.0007);
#33=ELLIPSE('',#6052,0.000989949493661169,0.0007);
#34=ELLIPSE('',#6068,0.00742586474358631,0.005);
#35=ELLIPSE('',#6070,0.00270508195889385,0.002);
#36=ELLIPSE('',#6274,0.000989949493661169,0.0007);
#37=ELLIPSE('',#6275,0.000989949493661169,0.0007);
#38=ELLIPSE('',#6304,0.00270508195889385,0.002);
#39=ELLIPSE('',#6316,0.00742586474358631,0.005);
#40=ELLIPSE('',#6325,0.000989949493661169,0.0007);
#41=ELLIPSE('',#6328,0.000989949493661169,0.0007);
#42=ELLIPSE('',#6342,0.00742586474358631,0.005);
#43=ELLIPSE('',#6349,0.00270508195889385,0.002);
#44=PLANE('',#5969);
#45=PLANE('',#5971);
#46=PLANE('',#5975);
#47=PLANE('',#5976);
#48=PLANE('',#5977);
#49=PLANE('',#5985);
#50=PLANE('',#5992);
#51=PLANE('',#5993);
#52=PLANE('',#5995);
#53=PLANE('',#5998);
#54=PLANE('',#5999);
#55=PLANE('',#6006);
#56=PLANE('',#6016);
#57=PLANE('',#6018);
#58=PLANE('',#6023);
#59=PLANE('',#6024);
#60=PLANE('',#6026);
#61=PLANE('',#6027);
#62=PLANE('',#6028);
#63=PLANE('',#6031);
#64=PLANE('',#6032);
#65=PLANE('',#6033);
#66=PLANE('',#6037);
#67=PLANE('',#6038);
#68=PLANE('',#6041);
#69=PLANE('',#6042);
#70=PLANE('',#6043);
#71=PLANE('',#6044);
#72=PLANE('',#6045);
#73=PLANE('',#6049);
#74=PLANE('',#6053);
#75=PLANE('',#6054);
#76=PLANE('',#6055);
#77=PLANE('',#6061);
#78=PLANE('',#6063);
#79=PLANE('',#6064);
#80=PLANE('',#6069);
#81=PLANE('',#6071);
#82=PLANE('',#6072);
#83=PLANE('',#6073);
#84=PLANE('',#6076);
#85=PLANE('',#6079);
#86=PLANE('',#6083);
#87=PLANE('',#6084);
#88=PLANE('',#6087);
#89=PLANE('',#6088);
#90=PLANE('',#6090);
#91=PLANE('',#6091);
#92=PLANE('',#6102);
#93=PLANE('',#6107);
#94=PLANE('',#6109);
#95=PLANE('',#6110);
#96=PLANE('',#6119);
#97=PLANE('',#6124);
#98=PLANE('',#6125);
#99=PLANE('',#6127);
#100=PLANE('',#6128);
#101=PLANE('',#6130);
#102=PLANE('',#6132);
#103=PLANE('',#6133);
#104=PLANE('',#6134);
#105=PLANE('',#6138);
#106=PLANE('',#6142);
#107=PLANE('',#6143);
#108=PLANE('',#6144);
#109=PLANE('',#6145);
#110=PLANE('',#6148);
#111=PLANE('',#6152);
#112=PLANE('',#6153);
#113=PLANE('',#6154);
#114=PLANE('',#6155);
#115=PLANE('',#6158);
#116=PLANE('',#6165);
#117=PLANE('',#6166);
#118=PLANE('',#6168);
#119=PLANE('',#6173);
#120=PLANE('',#6174);
#121=PLANE('',#6179);
#122=PLANE('',#6181);
#123=PLANE('',#6187);
#124=PLANE('',#6188);
#125=PLANE('',#6189);
#126=PLANE('',#6190);
#127=PLANE('',#6191);
#128=PLANE('',#6192);
#129=PLANE('',#6193);
#130=PLANE('',#6195);
#131=PLANE('',#6198);
#132=PLANE('',#6199);
#133=PLANE('',#6203);
#134=PLANE('',#6204);
#135=PLANE('',#6205);
#136=PLANE('',#6206);
#137=PLANE('',#6207);
#138=PLANE('',#6208);
#139=PLANE('',#6209);
#140=PLANE('',#6210);
#141=PLANE('',#6211);
#142=PLANE('',#6213);
#143=PLANE('',#6214);
#144=PLANE('',#6215);
#145=PLANE('',#6216);
#146=PLANE('',#6217);
#147=PLANE('',#6218);
#148=PLANE('',#6221);
#149=PLANE('',#6222);
#150=PLANE('',#6223);
#151=PLANE('',#6224);
#152=PLANE('',#6225);
#153=PLANE('',#6226);
#154=PLANE('',#6227);
#155=PLANE('',#6229);
#156=PLANE('',#6231);
#157=PLANE('',#6232);
#158=PLANE('',#6233);
#159=PLANE('',#6241);
#160=PLANE('',#6244);
#161=PLANE('',#6254);
#162=PLANE('',#6260);
#163=PLANE('',#6261);
#164=PLANE('',#6267);
#165=PLANE('',#6271);
#166=PLANE('',#6272);
#167=PLANE('',#6273);
#168=PLANE('',#6276);
#169=PLANE('',#6277);
#170=PLANE('',#6279);
#171=PLANE('',#6281);
#172=PLANE('',#6283);
#173=PLANE('',#6286);
#174=PLANE('',#6287);
#175=PLANE('',#6288);
#176=PLANE('',#6289);
#177=PLANE('',#6290);
#178=PLANE('',#6294);
#179=PLANE('',#6295);
#180=PLANE('',#6296);
#181=PLANE('',#6297);
#182=PLANE('',#6298);
#183=PLANE('',#6299);
#184=PLANE('',#6300);
#185=PLANE('',#6301);
#186=PLANE('',#6303);
#187=PLANE('',#6305);
#188=PLANE('',#6312);
#189=PLANE('',#6313);
#190=PLANE('',#6314);
#191=PLANE('',#6315);
#192=PLANE('',#6317);
#193=PLANE('',#6318);
#194=PLANE('',#6319);
#195=PLANE('',#6320);
#196=PLANE('',#6321);
#197=PLANE('',#6322);
#198=PLANE('',#6323);
#199=PLANE('',#6326);
#200=PLANE('',#6329);
#201=PLANE('',#6330);
#202=PLANE('',#6331);
#203=PLANE('',#6335);
#204=PLANE('',#6336);
#205=PLANE('',#6339);
#206=PLANE('',#6344);
#207=PLANE('',#6345);
#208=PLANE('',#6346);
#209=PLANE('',#6347);
#210=PLANE('',#6348);
#211=PLANE('',#6352);
#212=PLANE('',#6356);
#213=PLANE('',#6357);
#214=PLANE('',#6358);
#215=PLANE('',#6359);
#216=PLANE('',#6360);
#217=PLANE('',#6361);
#218=PLANE('',#6362);
#219=PLANE('',#6363);
#220=PLANE('',#6364);
#221=PLANE('',#6365);
#222=PLANE('',#6366);
#223=PLANE('',#6367);
#224=PLANE('',#6368);
#225=PLANE('',#6369);
#226=PLANE('',#6370);
#227=PLANE('',#6371);
#228=B_SPLINE_CURVE_WITH_KNOTS('',3,(#7766,#7767,#7768,#7769),
 .UNSPECIFIED.,.F.,.F.,(4,4),(0.,0.000498429321617305),.UNSPECIFIED.);
#229=B_SPLINE_CURVE_WITH_KNOTS('',3,(#7872,#7873,#7874,#7875,#7876),
 .UNSPECIFIED.,.F.,.F.,(4,1,4),(4.9065389333868E-17,0.00204748163821393,
0.00409496327642781),.UNSPECIFIED.);
#230=B_SPLINE_CURVE_WITH_KNOTS('',3,(#7900,#7901,#7902,#7903,#7904),
 .UNSPECIFIED.,.F.,.F.,(4,1,4),(0.,0.00204748163821395,0.0040949632764279),
 .UNSPECIFIED.);
#231=B_SPLINE_CURVE_WITH_KNOTS('',3,(#7930,#7931,#7932,#7933),
 .UNSPECIFIED.,.F.,.F.,(4,4),(-0.21101896453332,0.),.UNSPECIFIED.);
#232=B_SPLINE_CURVE_WITH_KNOTS('',3,(#8009,#8010,#8011,#8012,#8013,#8014,
#8015,#8016,#8017,#8018),.UNSPECIFIED.,.F.,.F.,(4,1,1,1,1,1,1,4),(0.,0.00111748013269064,
0.00223496026538128,0.00335244039807192,0.00446992053076256,0.0055874006634532,
0.00670488079614383,0.00893984106152511),.UNSPECIFIED.);
#233=B_SPLINE_CURVE_WITH_KNOTS('',3,(#8023,#8024,#8025,#8026,#8027),
 .UNSPECIFIED.,.F.,.F.,(4,1,4),(0.,0.001995729245882,0.00399145849176399),
 .UNSPECIFIED.);
#234=B_SPLINE_CURVE_WITH_KNOTS('',3,(#8046,#8047,#8048,#8049,#8050,#8051,
#8052,#8053,#8054,#8055,#8056),.UNSPECIFIED.,.F.,.F.,(4,1,1,1,1,1,1,1,4),
(0.,0.00137662307640395,0.00275324615280789,0.00412986922921184,0.00550649230561579,
0.00688311538201974,0.00825973845842368,0.00963636153482763,0.0110129846112316),
 .UNSPECIFIED.);
#235=B_SPLINE_CURVE_WITH_KNOTS('',3,(#8064,#8065,#8066,#8067,#8068),
 .UNSPECIFIED.,.F.,.F.,(4,1,4),(3.46944695195361E-18,0.00146487146866812,
0.00292974293733623),.UNSPECIFIED.);
#236=B_SPLINE_CURVE_WITH_KNOTS('',3,(#8075,#8076,#8077,#8078,#8079,#8080,
#8081),.UNSPECIFIED.,.F.,.F.,(4,1,1,1,4),(0.,0.000395846797818382,0.000791693595636764,
0.00118754039345515,0.00158338719127353),.UNSPECIFIED.);
#237=B_SPLINE_CURVE_WITH_KNOTS('',3,(#8234,#8235,#8236,#8237,#8238),
 .UNSPECIFIED.,.F.,.F.,(4,1,4),(0.,0.000716620090371886,0.00143324018074377),
 .UNSPECIFIED.);
#238=B_SPLINE_CURVE_WITH_KNOTS('',3,(#8452,#8453,#8454,#8455),
 .UNSPECIFIED.,.F.,.F.,(4,4),(-0.207128588771052,-0.170490643514693),
 .UNSPECIFIED.);
#239=B_SPLINE_CURVE_WITH_KNOTS('',3,(#8461,#8462,#8463,#8464,#8465,#8466,
#8467),.UNSPECIFIED.,.F.,.F.,(4,3,4),(0.170508507020847,0.206348946868332,
0.210649287617002),.UNSPECIFIED.);
#240=B_SPLINE_CURVE_WITH_KNOTS('',2,(#8494,#8495,#8496),.UNSPECIFIED.,.F.,
 .F.,(3,3),(-2.,-1.54905540563649),.UNSPECIFIED.);
#241=B_SPLINE_CURVE_WITH_KNOTS('',3,(#8516,#8517,#8518,#8519),
 .UNSPECIFIED.,.F.,.F.,(4,4),(3.46944695195361E-18,0.000443624488531579),
 .UNSPECIFIED.);
#242=B_SPLINE_CURVE_WITH_KNOTS('',3,(#8523,#8524,#8525,#8526,#8527),
 .UNSPECIFIED.,.F.,.F.,(4,1,4),(0.,0.00123066331719755,0.00246132663439511),
 .UNSPECIFIED.);
#243=B_SPLINE_CURVE_WITH_KNOTS('',3,(#8535,#8536,#8537,#8538),
 .UNSPECIFIED.,.F.,.F.,(4,4),(0.,0.000443624488531582),.UNSPECIFIED.);
#244=B_SPLINE_CURVE_WITH_KNOTS('',3,(#8544,#8545,#8546,#8547),
 .UNSPECIFIED.,.F.,.F.,(4,4),(6.93889390390723E-18,0.000443314519639567),
 .UNSPECIFIED.);
#245=B_SPLINE_CURVE_WITH_KNOTS('',3,(#8548,#8549,#8550,#8551),
 .UNSPECIFIED.,.F.,.F.,(4,4),(0.,0.000443314519639574),.UNSPECIFIED.);
#246=B_SPLINE_CURVE_WITH_KNOTS('',3,(#8704,#8705,#8706,#8707,#8708,#8709,
#8710,#8711,#8712,#8713),.UNSPECIFIED.,.F.,.F.,(4,1,1,1,1,1,1,4),(-0.00521911419882742,
-0.00438045624818011,-0.00354179829753281,-0.00270314034688551,-0.00186448239623821,
-0.00102582444559091,-0.00018716649494361,0.00149014940635099),
 .UNSPECIFIED.);
#247=B_SPLINE_CURVE_WITH_KNOTS('',3,(#8715,#8716,#8717,#8718),
 .UNSPECIFIED.,.F.,.F.,(4,4),(6.93889390390723E-18,0.000801560527066168),
 .UNSPECIFIED.);
#248=B_SPLINE_CURVE_WITH_KNOTS('',3,(#8720,#8721,#8722,#8723),
 .UNSPECIFIED.,.F.,.F.,(4,4),(0.,0.00060555722427658),.UNSPECIFIED.);
#249=LINE('',#7755,#809);
#250=LINE('',#7759,#810);
#251=LINE('',#7764,#811);
#252=LINE('',#7771,#812);
#253=LINE('',#7773,#813);
#254=LINE('',#7775,#814);
#255=LINE('',#7778,#815);
#256=LINE('',#7780,#816);
#257=LINE('',#7782,#817);
#258=LINE('',#7784,#818);
#259=LINE('',#7787,#819);
#260=LINE('',#7789,#820);
#261=LINE('',#7791,#821);
#262=LINE('',#7793,#822);
#263=LINE('',#7795,#823);
#264=LINE('',#7799,#824);
#265=LINE('',#7801,#825);
#266=LINE('',#7805,#826);
#267=LINE('',#7809,#827);
#268=LINE('',#7811,#828);
#269=LINE('',#7813,#829);
#270=LINE('',#7815,#830);
#271=LINE('',#7817,#831);
#272=LINE('',#7819,#832);
#273=LINE('',#7821,#833);
#274=LINE('',#7823,#834);
#275=LINE('',#7825,#835);
#276=LINE('',#7828,#836);
#277=LINE('',#7830,#837);
#278=LINE('',#7832,#838);
#279=LINE('',#7834,#839);
#280=LINE('',#7836,#840);
#281=LINE('',#7838,#841);
#282=LINE('',#7840,#842);
#283=LINE('',#7842,#843);
#284=LINE('',#7844,#844);
#285=LINE('',#7846,#845);
#286=LINE('',#7848,#846);
#287=LINE('',#7850,#847);
#288=LINE('',#7852,#848);
#289=LINE('',#7854,#849);
#290=LINE('',#7856,#850);
#291=LINE('',#7861,#851);
#292=LINE('',#7862,#852);
#293=LINE('',#7867,#853);
#294=LINE('',#7870,#854);
#295=LINE('',#7882,#855);
#296=LINE('',#7885,#856);
#297=LINE('',#7889,#857);
#298=LINE('',#7890,#858);
#299=LINE('',#7892,#859);
#300=LINE('',#7894,#860);
#301=LINE('',#7906,#861);
#302=LINE('',#7910,#862);
#303=LINE('',#7912,#863);
#304=LINE('',#7913,#864);
#305=LINE('',#7915,#865);
#306=LINE('',#7917,#866);
#307=LINE('',#7919,#867);
#308=LINE('',#7921,#868);
#309=LINE('',#7924,#869);
#310=LINE('',#7928,#870);
#311=LINE('',#7935,#871);
#312=LINE('',#7937,#872);
#313=LINE('',#7938,#873);
#314=LINE('',#7940,#874);
#315=LINE('',#7942,#875);
#316=LINE('',#7944,#876);
#317=LINE('',#7947,#877);
#318=LINE('',#7948,#878);
#319=LINE('',#7950,#879);
#320=LINE('',#7952,#880);
#321=LINE('',#7954,#881);
#322=LINE('',#7956,#882);
#323=LINE('',#7960,#883);
#324=LINE('',#7962,#884);
#325=LINE('',#7965,#885);
#326=LINE('',#7967,#886);
#327=LINE('',#7969,#887);
#328=LINE('',#7971,#888);
#329=LINE('',#7973,#889);
#330=LINE('',#7975,#890);
#331=LINE('',#7977,#891);
#332=LINE('',#7979,#892);
#333=LINE('',#7981,#893);
#334=LINE('',#7983,#894);
#335=LINE('',#7985,#895);
#336=LINE('',#7986,#896);
#337=LINE('',#7988,#897);
#338=LINE('',#7990,#898);
#339=LINE('',#7992,#899);
#340=LINE('',#7994,#900);
#341=LINE('',#7998,#901);
#342=LINE('',#8002,#902);
#343=LINE('',#8020,#903);
#344=LINE('',#8021,#904);
#345=LINE('',#8035,#905);
#346=LINE('',#8040,#906);
#347=LINE('',#8043,#907);
#348=LINE('',#8058,#908);
#349=LINE('',#8062,#909);
#350=LINE('',#8069,#910);
#351=LINE('',#8073,#911);
#352=LINE('',#8083,#912);
#353=LINE('',#8087,#913);
#354=LINE('',#8089,#914);
#355=LINE('',#8091,#915);
#356=LINE('',#8093,#916);
#357=LINE('',#8095,#917);
#358=LINE('',#8097,#918);
#359=LINE('',#8099,#919);
#360=LINE('',#8103,#920);
#361=LINE('',#8105,#921);
#362=LINE('',#8107,#922);
#363=LINE('',#8109,#923);
#364=LINE('',#8111,#924);
#365=LINE('',#8113,#925);
#366=LINE('',#8116,#926);
#367=LINE('',#8118,#927);
#368=LINE('',#8120,#928);
#369=LINE('',#8122,#929);
#370=LINE('',#8130,#930);
#371=LINE('',#8131,#931);
#372=LINE('',#8133,#932);
#373=LINE('',#8136,#933);
#374=LINE('',#8138,#934);
#375=LINE('',#8141,#935);
#376=LINE('',#8143,#936);
#377=LINE('',#8145,#937);
#378=LINE('',#8147,#938);
#379=LINE('',#8149,#939);
#380=LINE('',#8151,#940);
#381=LINE('',#8152,#941);
#382=LINE('',#8153,#942);
#383=LINE('',#8155,#943);
#384=LINE('',#8158,#944);
#385=LINE('',#8162,#945);
#386=LINE('',#8165,#946);
#387=LINE('',#8167,#947);
#388=LINE('',#8169,#948);
#389=LINE('',#8171,#949);
#390=LINE('',#8173,#950);
#391=LINE('',#8177,#951);
#392=LINE('',#8182,#952);
#393=LINE('',#8183,#953);
#394=LINE('',#8186,#954);
#395=LINE('',#8188,#955);
#396=LINE('',#8190,#956);
#397=LINE('',#8193,#957);
#398=LINE('',#8194,#958);
#399=LINE('',#8196,#959);
#400=LINE('',#8198,#960);
#401=LINE('',#8200,#961);
#402=LINE('',#8202,#962);
#403=LINE('',#8204,#963);
#404=LINE('',#8206,#964);
#405=LINE('',#8208,#965);
#406=LINE('',#8210,#966);
#407=LINE('',#8216,#967);
#408=LINE('',#8218,#968);
#409=LINE('',#8220,#969);
#410=LINE('',#8222,#970);
#411=LINE('',#8228,#971);
#412=LINE('',#8230,#972);
#413=LINE('',#8232,#973);
#414=LINE('',#8240,#974);
#415=LINE('',#8242,#975);
#416=LINE('',#8244,#976);
#417=LINE('',#8246,#977);
#418=LINE('',#8248,#978);
#419=LINE('',#8250,#979);
#420=LINE('',#8252,#980);
#421=LINE('',#8254,#981);
#422=LINE('',#8256,#982);
#423=LINE('',#8258,#983);
#424=LINE('',#8262,#984);
#425=LINE('',#8266,#985);
#426=LINE('',#8271,#986);
#427=LINE('',#8273,#987);
#428=LINE('',#8275,#988);
#429=LINE('',#8278,#989);
#430=LINE('',#8280,#990);
#431=LINE('',#8282,#991);
#432=LINE('',#8284,#992);
#433=LINE('',#8285,#993);
#434=LINE('',#8287,#994);
#435=LINE('',#8289,#995);
#436=LINE('',#8290,#996);
#437=LINE('',#8297,#997);
#438=LINE('',#8299,#998);
#439=LINE('',#8301,#999);
#440=LINE('',#8305,#1000);
#441=LINE('',#8307,#1001);
#442=LINE('',#8309,#1002);
#443=LINE('',#8311,#1003);
#444=LINE('',#8313,#1004);
#445=LINE('',#8315,#1005);
#446=LINE('',#8317,#1006);
#447=LINE('',#8319,#1007);
#448=LINE('',#8321,#1008);
#449=LINE('',#8323,#1009);
#450=LINE('',#8325,#1010);
#451=LINE('',#8327,#1011);
#452=LINE('',#8335,#1012);
#453=LINE('',#8337,#1013);
#454=LINE('',#8338,#1014);
#455=LINE('',#8340,#1015);
#456=LINE('',#8342,#1016);
#457=LINE('',#8344,#1017);
#458=LINE('',#8347,#1018);
#459=LINE('',#8348,#1019);
#460=LINE('',#8350,#1020);
#461=LINE('',#8355,#1021);
#462=LINE('',#8359,#1022);
#463=LINE('',#8362,#1023);
#464=LINE('',#8364,#1024);
#465=LINE('',#8366,#1025);
#466=LINE('',#8368,#1026);
#467=LINE('',#8370,#1027);
#468=LINE('',#8372,#1028);
#469=LINE('',#8374,#1029);
#470=LINE('',#8376,#1030);
#471=LINE('',#8380,#1031);
#472=LINE('',#8382,#1032);
#473=LINE('',#8383,#1033);
#474=LINE('',#8386,#1034);
#475=LINE('',#8388,#1035);
#476=LINE('',#8390,#1036);
#477=LINE('',#8392,#1037);
#478=LINE('',#8394,#1038);
#479=LINE('',#8398,#1039);
#480=LINE('',#8401,#1040);
#481=LINE('',#8403,#1041);
#482=LINE('',#8404,#1042);
#483=LINE('',#8406,#1043);
#484=LINE('',#8408,#1044);
#485=LINE('',#8410,#1045);
#486=LINE('',#8412,#1046);
#487=LINE('',#8414,#1047);
#488=LINE('',#8416,#1048);
#489=LINE('',#8418,#1049);
#490=LINE('',#8424,#1050);
#491=LINE('',#8428,#1051);
#492=LINE('',#8437,#1052);
#493=LINE('',#8439,#1053);
#494=LINE('',#8441,#1054);
#495=LINE('',#8450,#1055);
#496=LINE('',#8457,#1056);
#497=LINE('',#8459,#1057);
#498=LINE('',#8474,#1058);
#499=LINE('',#8476,#1059);
#500=LINE('',#8478,#1060);
#501=LINE('',#8479,#1061);
#502=LINE('',#8481,#1062);
#503=LINE('',#8485,#1063);
#504=LINE('',#8498,#1064);
#505=LINE('',#8500,#1065);
#506=LINE('',#8502,#1066);
#507=LINE('',#8506,#1067);
#508=LINE('',#8508,#1068);
#509=LINE('',#8510,#1069);
#510=LINE('',#8512,#1070);
#511=LINE('',#8531,#1071);
#512=LINE('',#8540,#1072);
#513=LINE('',#8556,#1073);
#514=LINE('',#8562,#1074);
#515=LINE('',#8568,#1075);
#516=LINE('',#8570,#1076);
#517=LINE('',#8574,#1077);
#518=LINE('',#8580,#1078);
#519=LINE('',#8584,#1079);
#520=LINE('',#8586,#1080);
#521=LINE('',#8588,#1081);
#522=LINE('',#8591,#1082);
#523=LINE('',#8593,#1083);
#524=LINE('',#8597,#1084);
#525=LINE('',#8605,#1085);
#526=LINE('',#8607,#1086);
#527=LINE('',#8608,#1087);
#528=LINE('',#8609,#1088);
#529=LINE('',#8611,#1089);
#530=LINE('',#8613,#1090);
#531=LINE('',#8615,#1091);
#532=LINE('',#8616,#1092);
#533=LINE('',#8620,#1093);
#534=LINE('',#8622,#1094);
#535=LINE('',#8625,#1095);
#536=LINE('',#8631,#1096);
#537=LINE('',#8635,#1097);
#538=LINE('',#8637,#1098);
#539=LINE('',#8639,#1099);
#540=LINE('',#8641,#1100);
#541=LINE('',#8645,#1101);
#542=LINE('',#8647,#1102);
#543=LINE('',#8652,#1103);
#544=LINE('',#8657,#1104);
#545=LINE('',#8663,#1105);
#546=LINE('',#8665,#1106);
#547=LINE('',#8667,#1107);
#548=LINE('',#8670,#1108);
#549=LINE('',#8671,#1109);
#550=LINE('',#8675,#1110);
#551=LINE('',#8687,#1111);
#552=LINE('',#8689,#1112);
#553=LINE('',#8691,#1113);
#554=LINE('',#8693,#1114);
#555=LINE('',#8697,#1115);
#556=LINE('',#8726,#1116);
#557=LINE('',#8727,#1117);
#558=LINE('',#8729,#1118);
#559=LINE('',#8730,#1119);
#560=LINE('',#8732,#1120);
#561=LINE('',#8734,#1121);
#562=LINE('',#8737,#1122);
#563=LINE('',#8739,#1123);
#564=LINE('',#8740,#1124);
#565=LINE('',#8741,#1125);
#566=LINE('',#8743,#1126);
#567=LINE('',#8745,#1127);
#568=LINE('',#8747,#1128);
#569=LINE('',#8749,#1129);
#570=LINE('',#8752,#1130);
#571=LINE('',#8754,#1131);
#572=LINE('',#8755,#1132);
#573=LINE('',#8759,#1133);
#574=LINE('',#8761,#1134);
#575=LINE('',#8763,#1135);
#576=LINE('',#8765,#1136);
#577=LINE('',#8768,#1137);
#578=LINE('',#8769,#1138);
#579=LINE('',#8771,#1139);
#580=LINE('',#8772,#1140);
#581=LINE('',#8774,#1141);
#582=LINE('',#8776,#1142);
#583=LINE('',#8779,#1143);
#584=LINE('',#8782,#1144);
#585=LINE('',#8783,#1145);
#586=LINE('',#8787,#1146);
#587=LINE('',#8790,#1147);
#588=LINE('',#8791,#1148);
#589=LINE('',#8793,#1149);
#590=LINE('',#8795,#1150);
#591=LINE('',#8797,#1151);
#592=LINE('',#8799,#1152);
#593=LINE('',#8801,#1153);
#594=LINE('',#8803,#1154);
#595=LINE('',#8804,#1155);
#596=LINE('',#8811,#1156);
#597=LINE('',#8814,#1157);
#598=LINE('',#8816,#1158);
#599=LINE('',#8818,#1159);
#600=LINE('',#8820,#1160);
#601=LINE('',#8822,#1161);
#602=LINE('',#8824,#1162);
#603=LINE('',#8826,#1163);
#604=LINE('',#8829,#1164);
#605=LINE('',#8831,#1165);
#606=LINE('',#8833,#1166);
#607=LINE('',#8849,#1167);
#608=LINE('',#8853,#1168);
#609=LINE('',#8855,#1169);
#610=LINE('',#8857,#1170);
#611=LINE('',#8859,#1171);
#612=LINE('',#8861,#1172);
#613=LINE('',#8871,#1173);
#614=LINE('',#8875,#1174);
#615=LINE('',#8879,#1175);
#616=LINE('',#8885,#1176);
#617=LINE('',#8888,#1177);
#618=LINE('',#8892,#1178);
#619=LINE('',#8896,#1179);
#620=LINE('',#8898,#1180);
#621=LINE('',#8900,#1181);
#622=LINE('',#8902,#1182);
#623=LINE('',#8904,#1183);
#624=LINE('',#8908,#1184);
#625=LINE('',#8915,#1185);
#626=LINE('',#8918,#1186);
#627=LINE('',#8920,#1187);
#628=LINE('',#8928,#1188);
#629=LINE('',#8930,#1189);
#630=LINE('',#8932,#1190);
#631=LINE('',#8934,#1191);
#632=LINE('',#8937,#1192);
#633=LINE('',#8939,#1193);
#634=LINE('',#8941,#1194);
#635=LINE('',#8946,#1195);
#636=LINE('',#8948,#1196);
#637=LINE('',#8950,#1197);
#638=LINE('',#8954,#1198);
#639=LINE('',#8956,#1199);
#640=LINE('',#8959,#1200);
#641=LINE('',#8961,#1201);
#642=LINE('',#8963,#1202);
#643=LINE('',#8968,#1203);
#644=LINE('',#8970,#1204);
#645=LINE('',#8971,#1205);
#646=LINE('',#8973,#1206);
#647=LINE('',#8975,#1207);
#648=LINE('',#8980,#1208);
#649=LINE('',#8985,#1209);
#650=LINE('',#8990,#1210);
#651=LINE('',#8992,#1211);
#652=LINE('',#8994,#1212);
#653=LINE('',#8996,#1213);
#654=LINE('',#8998,#1214);
#655=LINE('',#9000,#1215);
#656=LINE('',#9002,#1216);
#657=LINE('',#9003,#1217);
#658=LINE('',#9007,#1218);
#659=LINE('',#9010,#1219);
#660=LINE('',#9012,#1220);
#661=LINE('',#9014,#1221);
#662=LINE('',#9016,#1222);
#663=LINE('',#9018,#1223);
#664=LINE('',#9020,#1224);
#665=LINE('',#9022,#1225);
#666=LINE('',#9025,#1226);
#667=LINE('',#9026,#1227);
#668=LINE('',#9028,#1228);
#669=LINE('',#9030,#1229);
#670=LINE('',#9032,#1230);
#671=LINE('',#9034,#1231);
#672=LINE('',#9038,#1232);
#673=LINE('',#9042,#1233);
#674=LINE('',#9044,#1234);
#675=LINE('',#9046,#1235);
#676=LINE('',#9048,#1236);
#677=LINE('',#9050,#1237);
#678=LINE('',#9051,#1238);
#679=LINE('',#9053,#1239);
#680=LINE('',#9054,#1240);
#681=LINE('',#9056,#1241);
#682=LINE('',#9058,#1242);
#683=LINE('',#9061,#1243);
#684=LINE('',#9063,#1244);
#685=LINE('',#9065,#1245);
#686=LINE('',#9066,#1246);
#687=LINE('',#9068,#1247);
#688=LINE('',#9069,#1248);
#689=LINE('',#9071,#1249);
#690=LINE('',#9073,#1250);
#691=LINE('',#9075,#1251);
#692=LINE('',#9077,#1252);
#693=LINE('',#9079,#1253);
#694=LINE('',#9081,#1254);
#695=LINE('',#9083,#1255);
#696=LINE('',#9086,#1256);
#697=LINE('',#9088,#1257);
#698=LINE('',#9090,#1258);
#699=LINE('',#9092,#1259);
#700=LINE('',#9095,#1260);
#701=LINE('',#9097,#1261);
#702=LINE('',#9099,#1262);
#703=LINE('',#9100,#1263);
#704=LINE('',#9101,#1264);
#705=LINE('',#9103,#1265);
#706=LINE('',#9105,#1266);
#707=LINE('',#9107,#1267);
#708=LINE('',#9109,#1268);
#709=LINE('',#9111,#1269);
#710=LINE('',#9113,#1270);
#711=LINE('',#9117,#1271);
#712=LINE('',#9119,#1272);
#713=LINE('',#9122,#1273);
#714=LINE('',#9125,#1274);
#715=LINE('',#9128,#1275);
#716=LINE('',#9129,#1276);
#717=LINE('',#9133,#1277);
#718=LINE('',#9137,#1278);
#719=LINE('',#9141,#1279);
#720=LINE('',#9143,#1280);
#721=LINE('',#9145,#1281);
#722=LINE('',#9147,#1282);
#723=LINE('',#9150,#1283);
#724=LINE('',#9152,#1284);
#725=LINE('',#9153,#1285);
#726=LINE('',#9155,#1286);
#727=LINE('',#9158,#1287);
#728=LINE('',#9159,#1288);
#729=LINE('',#9161,#1289);
#730=LINE('',#9163,#1290);
#731=LINE('',#9167,#1291);
#732=LINE('',#9169,#1292);
#733=LINE('',#9172,#1293);
#734=LINE('',#9173,#1294);
#735=LINE('',#9175,#1295);
#736=LINE('',#9177,#1296);
#737=LINE('',#9179,#1297);
#738=LINE('',#9181,#1298);
#739=LINE('',#9183,#1299);
#740=LINE('',#9185,#1300);
#741=LINE('',#9187,#1301);
#742=LINE('',#9189,#1302);
#743=LINE('',#9191,#1303);
#744=LINE('',#9193,#1304);
#745=LINE('',#9195,#1305);
#746=LINE('',#9197,#1306);
#747=LINE('',#9201,#1307);
#748=LINE('',#9203,#1308);
#749=LINE('',#9205,#1309);
#750=LINE('',#9209,#1310);
#751=LINE('',#9211,#1311);
#752=LINE('',#9213,#1312);
#753=LINE('',#9215,#1313);
#754=LINE('',#9217,#1314);
#755=LINE('',#9218,#1315);
#756=LINE('',#9220,#1316);
#757=LINE('',#9224,#1317);
#758=LINE('',#9228,#1318);
#759=LINE('',#9230,#1319);
#760=LINE('',#9232,#1320);
#761=LINE('',#9234,#1321);
#762=LINE('',#9238,#1322);
#763=LINE('',#9239,#1323);
#764=LINE('',#9241,#1324);
#765=LINE('',#9242,#1325);
#766=LINE('',#9244,#1326);
#767=LINE('',#9251,#1327);
#768=LINE('',#9253,#1328);
#769=LINE('',#9255,#1329);
#770=LINE('',#9256,#1330);
#771=LINE('',#9258,#1331);
#772=LINE('',#9261,#1332);
#773=LINE('',#9262,#1333);
#774=LINE('',#9264,#1334);
#775=LINE('',#9266,#1335);
#776=LINE('',#9268,#1336);
#777=LINE('',#9272,#1337);
#778=LINE('',#9275,#1338);
#779=LINE('',#9277,#1339);
#780=LINE('',#9281,#1340);
#781=LINE('',#9285,#1341);
#782=LINE('',#9287,#1342);
#783=LINE('',#9289,#1343);
#784=LINE('',#9291,#1344);
#785=LINE('',#9293,#1345);
#786=LINE('',#9295,#1346);
#787=LINE('',#9297,#1347);
#788=LINE('',#9299,#1348);
#789=LINE('',#9301,#1349);
#790=LINE('',#9303,#1350);
#791=LINE('',#9306,#1351);
#792=LINE('',#9308,#1352);
#793=LINE('',#9310,#1353);
#794=LINE('',#9311,#1354);
#795=LINE('',#9313,#1355);
#796=LINE('',#9314,#1356);
#797=LINE('',#9316,#1357);
#798=LINE('',#9318,#1358);
#799=LINE('',#9320,#1359);
#800=LINE('',#9322,#1360);
#801=LINE('',#9324,#1361);
#802=LINE('',#9326,#1362);
#803=LINE('',#9327,#1363);
#804=LINE('',#9329,#1364);
#805=LINE('',#9331,#1365);
#806=LINE('',#9333,#1366);
#807=LINE('',#9335,#1367);
#808=LINE('',#9337,#1368);
#809=VECTOR('',#6378,1.);
#810=VECTOR('',#6381,1.);
#811=VECTOR('',#6386,1.);
#812=VECTOR('',#6387,1.);
#813=VECTOR('',#6390,1.);
#814=VECTOR('',#6391,1.);
#815=VECTOR('',#6394,1.);
#816=VECTOR('',#6395,1.);
#817=VECTOR('',#6396,1.);
#818=VECTOR('',#6399,1.);
#819=VECTOR('',#6400,1.);
#820=VECTOR('',#6401,1.);
#821=VECTOR('',#6402,1.);
#822=VECTOR('',#6403,1.);
#823=VECTOR('',#6404,1.);
#824=VECTOR('',#6407,1.);
#825=VECTOR('',#6408,1.);
#826=VECTOR('',#6411,1.);
#827=VECTOR('',#6414,1.);
#828=VECTOR('',#6417,1.);
#829=VECTOR('',#6418,1.);
#830=VECTOR('',#6419,1.);
#831=VECTOR('',#6420,1.);
#832=VECTOR('',#6421,1.);
#833=VECTOR('',#6422,1.);
#834=VECTOR('',#6423,1.);
#835=VECTOR('',#6426,1.);
#836=VECTOR('',#6427,1.);
#837=VECTOR('',#6428,1.);
#838=VECTOR('',#6429,1.);
#839=VECTOR('',#6430,1.);
#840=VECTOR('',#6431,1.);
#841=VECTOR('',#6432,1.);
#842=VECTOR('',#6433,1.);
#843=VECTOR('',#6434,1.);
#844=VECTOR('',#6435,1.);
#845=VECTOR('',#6436,1.);
#846=VECTOR('',#6437,1.);
#847=VECTOR('',#6438,1.);
#848=VECTOR('',#6439,1.);
#849=VECTOR('',#6440,1.);
#850=VECTOR('',#6443,1.);
#851=VECTOR('',#6446,1.);
#852=VECTOR('',#6447,1.);
#853=VECTOR('',#6452,1.);
#854=VECTOR('',#6455,1.);
#855=VECTOR('',#6464,1.);
#856=VECTOR('',#6465,1.);
#857=VECTOR('',#6468,1.);
#858=VECTOR('',#6469,1.);
#859=VECTOR('',#6470,1.);
#860=VECTOR('',#6471,1.);
#861=VECTOR('',#6480,1.);
#862=VECTOR('',#6483,1.);
#863=VECTOR('',#6486,1.);
#864=VECTOR('',#6487,1.);
#865=VECTOR('',#6488,1.);
#866=VECTOR('',#6489,1.);
#867=VECTOR('',#6490,1.);
#868=VECTOR('',#6493,1.);
#869=VECTOR('',#6494,1.);
#870=VECTOR('',#6497,1.);
#871=VECTOR('',#6498,1.);
#872=VECTOR('',#6499,1.);
#873=VECTOR('',#6500,1.);
#874=VECTOR('',#6501,1.);
#875=VECTOR('',#6502,1.);
#876=VECTOR('',#6505,1.);
#877=VECTOR('',#6506,1.);
#878=VECTOR('',#6507,1.);
#879=VECTOR('',#6508,1.);
#880=VECTOR('',#6509,1.);
#881=VECTOR('',#6510,1.);
#882=VECTOR('',#6513,1.);
#883=VECTOR('',#6516,1.);
#884=VECTOR('',#6519,1.);
#885=VECTOR('',#6520,1.);
#886=VECTOR('',#6521,1.);
#887=VECTOR('',#6522,1.);
#888=VECTOR('',#6523,1.);
#889=VECTOR('',#6524,1.);
#890=VECTOR('',#6525,1.);
#891=VECTOR('',#6526,1.);
#892=VECTOR('',#6527,1.);
#893=VECTOR('',#6528,1.);
#894=VECTOR('',#6529,1.);
#895=VECTOR('',#6530,1.);
#896=VECTOR('',#6531,1.);
#897=VECTOR('',#6532,1.);
#898=VECTOR('',#6533,1.);
#899=VECTOR('',#6534,1.);
#900=VECTOR('',#6537,1.);
#901=VECTOR('',#6540,1.);
#902=VECTOR('',#6545,1.);
#903=VECTOR('',#6550,1.);
#904=VECTOR('',#6551,1.);
#905=VECTOR('',#6564,1.);
#906=VECTOR('',#6567,1.);
#907=VECTOR('',#6570,1.);
#908=VECTOR('',#6571,1.);
#909=VECTOR('',#6574,1.);
#910=VECTOR('',#6575,1.);
#911=VECTOR('',#6578,1.);
#912=VECTOR('',#6579,1.);
#913=VECTOR('',#6584,1.);
#914=VECTOR('',#6585,1.);
#915=VECTOR('',#6586,1.);
#916=VECTOR('',#6587,1.);
#917=VECTOR('',#6588,1.);
#918=VECTOR('',#6589,1.);
#919=VECTOR('',#6590,1.);
#920=VECTOR('',#6593,1.);
#921=VECTOR('',#6594,1.);
#922=VECTOR('',#6595,1.);
#923=VECTOR('',#6596,1.);
#924=VECTOR('',#6597,1.);
#925=VECTOR('',#6600,1.);
#926=VECTOR('',#6601,1.);
#927=VECTOR('',#6602,1.);
#928=VECTOR('',#6603,1.);
#929=VECTOR('',#6606,1.);
#930=VECTOR('',#6615,1.);
#931=VECTOR('',#6616,1.);
#932=VECTOR('',#6619,1.);
#933=VECTOR('',#6620,1.);
#934=VECTOR('',#6621,1.);
#935=VECTOR('',#6624,1.);
#936=VECTOR('',#6625,1.);
#937=VECTOR('',#6628,1.);
#938=VECTOR('',#6629,1.);
#939=VECTOR('',#6630,1.);
#940=VECTOR('',#6633,1.);
#941=VECTOR('',#6634,1.);
#942=VECTOR('',#6635,1.);
#943=VECTOR('',#6638,1.);
#944=VECTOR('',#6639,1.);
#945=VECTOR('',#6642,1.);
#946=VECTOR('',#6647,1.);
#947=VECTOR('',#6648,1.);
#948=VECTOR('',#6651,1.);
#949=VECTOR('',#6652,1.);
#950=VECTOR('',#6655,1.);
#951=VECTOR('',#6660,1.);
#952=VECTOR('',#6667,1.);
#953=VECTOR('',#6668,1.);
#954=VECTOR('',#6673,1.);
#955=VECTOR('',#6676,1.);
#956=VECTOR('',#6679,1.);
#957=VECTOR('',#6680,1.);
#958=VECTOR('',#6681,1.);
#959=VECTOR('',#6684,1.);
#960=VECTOR('',#6685,1.);
#961=VECTOR('',#6688,1.);
#962=VECTOR('',#6689,1.);
#963=VECTOR('',#6692,1.);
#964=VECTOR('',#6693,1.);
#965=VECTOR('',#6694,1.);
#966=VECTOR('',#6695,1.);
#967=VECTOR('',#6702,1.);
#968=VECTOR('',#6705,1.);
#969=VECTOR('',#6706,1.);
#970=VECTOR('',#6707,1.);
#971=VECTOR('',#6714,1.);
#972=VECTOR('',#6717,1.);
#973=VECTOR('',#6718,1.);
#974=VECTOR('',#6719,1.);
#975=VECTOR('',#6720,1.);
#976=VECTOR('',#6721,1.);
#977=VECTOR('',#6724,1.);
#978=VECTOR('',#6725,1.);
#979=VECTOR('',#6726,1.);
#980=VECTOR('',#6727,1.);
#981=VECTOR('',#6728,1.);
#982=VECTOR('',#6731,1.);
#983=VECTOR('',#6732,1.);
#984=VECTOR('',#6735,1.);
#985=VECTOR('',#6738,1.);
#986=VECTOR('',#6745,1.);
#987=VECTOR('',#6748,1.);
#988=VECTOR('',#6749,1.);
#989=VECTOR('',#6752,1.);
#990=VECTOR('',#6753,1.);
#991=VECTOR('',#6754,1.);
#992=VECTOR('',#6757,1.);
#993=VECTOR('',#6758,1.);
#994=VECTOR('',#6761,1.);
#995=VECTOR('',#6762,1.);
#996=VECTOR('',#6763,1.);
#997=VECTOR('',#6774,1.);
#998=VECTOR('',#6775,1.);
#999=VECTOR('',#6776,1.);
#1000=VECTOR('',#6779,1.);
#1001=VECTOR('',#6780,1.);
#1002=VECTOR('',#6781,1.);
#1003=VECTOR('',#6782,1.);
#1004=VECTOR('',#6783,1.);
#1005=VECTOR('',#6786,1.);
#1006=VECTOR('',#6787,1.);
#1007=VECTOR('',#6790,1.);
#1008=VECTOR('',#6791,1.);
#1009=VECTOR('',#6794,1.);
#1010=VECTOR('',#6797,1.);
#1011=VECTOR('',#6798,1.);
#1012=VECTOR('',#6807,1.);
#1013=VECTOR('',#6808,1.);
#1014=VECTOR('',#6809,1.);
#1015=VECTOR('',#6810,1.);
#1016=VECTOR('',#6811,1.);
#1017=VECTOR('',#6814,1.);
#1018=VECTOR('',#6815,1.);
#1019=VECTOR('',#6816,1.);
#1020=VECTOR('',#6819,1.);
#1021=VECTOR('',#6822,1.);
#1022=VECTOR('',#6827,1.);
#1023=VECTOR('',#6828,1.);
#1024=VECTOR('',#6829,1.);
#1025=VECTOR('',#6830,1.);
#1026=VECTOR('',#6831,1.);
#1027=VECTOR('',#6832,1.);
#1028=VECTOR('',#6833,1.);
#1029=VECTOR('',#6834,1.);
#1030=VECTOR('',#6837,1.);
#1031=VECTOR('',#6840,1.);
#1032=VECTOR('',#6841,1.);
#1033=VECTOR('',#6842,1.);
#1034=VECTOR('',#6845,1.);
#1035=VECTOR('',#6846,1.);
#1036=VECTOR('',#6849,1.);
#1037=VECTOR('',#6850,1.);
#1038=VECTOR('',#6851,1.);
#1039=VECTOR('',#6856,1.);
#1040=VECTOR('',#6857,1.);
#1041=VECTOR('',#6858,1.);
#1042=VECTOR('',#6859,1.);
#1043=VECTOR('',#6860,1.);
#1044=VECTOR('',#6863,1.);
#1045=VECTOR('',#6864,1.);
#1046=VECTOR('',#6865,1.);
#1047=VECTOR('',#6868,1.);
#1048=VECTOR('',#6869,1.);
#1049=VECTOR('',#6870,1.);
#1050=VECTOR('',#6877,1.);
#1051=VECTOR('',#6882,1.);
#1052=VECTOR('',#6895,1.);
#1053=VECTOR('',#6896,1.);
#1054=VECTOR('',#6897,1.);
#1055=VECTOR('',#6898,1.);
#1056=VECTOR('',#6899,1.);
#1057=VECTOR('',#6900,1.);
#1058=VECTOR('',#6911,1.);
#1059=VECTOR('',#6912,1.);
#1060=VECTOR('',#6913,1.);
#1061=VECTOR('',#6914,1.);
#1062=VECTOR('',#6915,1.);
#1063=VECTOR('',#6918,1.);
#1064=VECTOR('',#6921,1.);
#1065=VECTOR('',#6922,1.);
#1066=VECTOR('',#6923,1.);
#1067=VECTOR('',#6928,1.);
#1068=VECTOR('',#6929,1.);
#1069=VECTOR('',#6930,1.);
#1070=VECTOR('',#6933,1.);
#1071=VECTOR('',#6942,1.);
#1072=VECTOR('',#6947,1.);
#1073=VECTOR('',#6962,1.);
#1074=VECTOR('',#6971,1.);
#1075=VECTOR('',#6980,1.);
#1076=VECTOR('',#6981,1.);
#1077=VECTOR('',#6986,1.);
#1078=VECTOR('',#6997,1.);
#1079=VECTOR('',#7002,1.);
#1080=VECTOR('',#7003,1.);
#1081=VECTOR('',#7006,1.);
#1082=VECTOR('',#7011,1.);
#1083=VECTOR('',#7012,1.);
#1084=VECTOR('',#7019,1.);
#1085=VECTOR('',#7030,1.);
#1086=VECTOR('',#7031,1.);
#1087=VECTOR('',#7032,1.);
#1088=VECTOR('',#7033,1.);
#1089=VECTOR('',#7034,1.);
#1090=VECTOR('',#7037,1.);
#1091=VECTOR('',#7040,1.);
#1092=VECTOR('',#7041,1.);
#1093=VECTOR('',#7046,1.);
#1094=VECTOR('',#7049,1.);
#1095=VECTOR('',#7052,1.);
#1096=VECTOR('',#7061,1.);
#1097=VECTOR('',#7066,1.);
#1098=VECTOR('',#7067,1.);
#1099=VECTOR('',#7070,1.);
#1100=VECTOR('',#7071,1.);
#1101=VECTOR('',#7076,1.);
#1102=VECTOR('',#7079,1.);
#1103=VECTOR('',#7088,1.);
#1104=VECTOR('',#7097,1.);
#1105=VECTOR('',#7104,1.);
#1106=VECTOR('',#7105,1.);
#1107=VECTOR('',#7108,1.);
#1108=VECTOR('',#7109,1.);
#1109=VECTOR('',#7110,1.);
#1110=VECTOR('',#7115,1.);
#1111=VECTOR('',#7134,1.);
#1112=VECTOR('',#7135,1.);
#1113=VECTOR('',#7138,1.);
#1114=VECTOR('',#7139,1.);
#1115=VECTOR('',#7144,1.);
#1116=VECTOR('',#7163,1.);
#1117=VECTOR('',#7164,1.);
#1118=VECTOR('',#7167,1.);
#1119=VECTOR('',#7168,1.);
#1120=VECTOR('',#7169,1.);
#1121=VECTOR('',#7172,1.);
#1122=VECTOR('',#7177,1.);
#1123=VECTOR('',#7178,1.);
#1124=VECTOR('',#7179,1.);
#1125=VECTOR('',#7180,1.);
#1126=VECTOR('',#7183,1.);
#1127=VECTOR('',#7184,1.);
#1128=VECTOR('',#7185,1.);
#1129=VECTOR('',#7188,1.);
#1130=VECTOR('',#7189,1.);
#1131=VECTOR('',#7190,1.);
#1132=VECTOR('',#7191,1.);
#1133=VECTOR('',#7196,1.);
#1134=VECTOR('',#7197,1.);
#1135=VECTOR('',#7200,1.);
#1136=VECTOR('',#7203,1.);
#1137=VECTOR('',#7204,1.);
#1138=VECTOR('',#7205,1.);
#1139=VECTOR('',#7206,1.);
#1140=VECTOR('',#7207,1.);
#1141=VECTOR('',#7210,1.);
#1142=VECTOR('',#7213,1.);
#1143=VECTOR('',#7218,1.);
#1144=VECTOR('',#7219,1.);
#1145=VECTOR('',#7220,1.);
#1146=VECTOR('',#7227,1.);
#1147=VECTOR('',#7228,1.);
#1148=VECTOR('',#7229,1.);
#1149=VECTOR('',#7232,1.);
#1150=VECTOR('',#7233,1.);
#1151=VECTOR('',#7236,1.);
#1152=VECTOR('',#7237,1.);
#1153=VECTOR('',#7240,1.);
#1154=VECTOR('',#7243,1.);
#1155=VECTOR('',#7244,1.);
#1156=VECTOR('',#7257,1.);
#1157=VECTOR('',#7258,1.);
#1158=VECTOR('',#7259,1.);
#1159=VECTOR('',#7260,1.);
#1160=VECTOR('',#7263,1.);
#1161=VECTOR('',#7264,1.);
#1162=VECTOR('',#7265,1.);
#1163=VECTOR('',#7268,1.);
#1164=VECTOR('',#7269,1.);
#1165=VECTOR('',#7270,1.);
#1166=VECTOR('',#7271,1.);
#1167=VECTOR('',#7290,1.);
#1168=VECTOR('',#7293,1.);
#1169=VECTOR('',#7294,1.);
#1170=VECTOR('',#7297,1.);
#1171=VECTOR('',#7298,1.);
#1172=VECTOR('',#7299,1.);
#1173=VECTOR('',#7310,1.);
#1174=VECTOR('',#7313,1.);
#1175=VECTOR('',#7318,1.);
#1176=VECTOR('',#7325,1.);
#1177=VECTOR('',#7328,1.);
#1178=VECTOR('',#7333,1.);
#1179=VECTOR('',#7336,1.);
#1180=VECTOR('',#7339,1.);
#1181=VECTOR('',#7340,1.);
#1182=VECTOR('',#7343,1.);
#1183=VECTOR('',#7344,1.);
#1184=VECTOR('',#7349,1.);
#1185=VECTOR('',#7358,1.);
#1186=VECTOR('',#7359,1.);
#1187=VECTOR('',#7360,1.);
#1188=VECTOR('',#7369,1.);
#1189=VECTOR('',#7370,1.);
#1190=VECTOR('',#7371,1.);
#1191=VECTOR('',#7374,1.);
#1192=VECTOR('',#7375,1.);
#1193=VECTOR('',#7376,1.);
#1194=VECTOR('',#7377,1.);
#1195=VECTOR('',#7382,1.);
#1196=VECTOR('',#7383,1.);
#1197=VECTOR('',#7384,1.);
#1198=VECTOR('',#7387,1.);
#1199=VECTOR('',#7390,1.);
#1200=VECTOR('',#7391,1.);
#1201=VECTOR('',#7392,1.);
#1202=VECTOR('',#7393,1.);
#1203=VECTOR('',#7398,1.);
#1204=VECTOR('',#7399,1.);
#1205=VECTOR('',#7400,1.);
#1206=VECTOR('',#7401,1.);
#1207=VECTOR('',#7404,1.);
#1208=VECTOR('',#7409,1.);
#1209=VECTOR('',#7414,1.);
#1210=VECTOR('',#7417,1.);
#1211=VECTOR('',#7418,1.);
#1212=VECTOR('',#7419,1.);
#1213=VECTOR('',#7420,1.);
#1214=VECTOR('',#7421,1.);
#1215=VECTOR('',#7422,1.);
#1216=VECTOR('',#7423,1.);
#1217=VECTOR('',#7424,1.);
#1218=VECTOR('',#7429,1.);
#1219=VECTOR('',#7430,1.);
#1220=VECTOR('',#7431,1.);
#1221=VECTOR('',#7432,1.);
#1222=VECTOR('',#7435,1.);
#1223=VECTOR('',#7436,1.);
#1224=VECTOR('',#7437,1.);
#1225=VECTOR('',#7440,1.);
#1226=VECTOR('',#7441,1.);
#1227=VECTOR('',#7442,1.);
#1228=VECTOR('',#7445,1.);
#1229=VECTOR('',#7446,1.);
#1230=VECTOR('',#7447,1.);
#1231=VECTOR('',#7450,1.);
#1232=VECTOR('',#7455,1.);
#1233=VECTOR('',#7458,1.);
#1234=VECTOR('',#7461,1.);
#1235=VECTOR('',#7462,1.);
#1236=VECTOR('',#7463,1.);
#1237=VECTOR('',#7466,1.);
#1238=VECTOR('',#7467,1.);
#1239=VECTOR('',#7468,1.);
#1240=VECTOR('',#7469,1.);
#1241=VECTOR('',#7470,1.);
#1242=VECTOR('',#7473,1.);
#1243=VECTOR('',#7474,1.);
#1244=VECTOR('',#7475,1.);
#1245=VECTOR('',#7476,1.);
#1246=VECTOR('',#7477,1.);
#1247=VECTOR('',#7478,1.);
#1248=VECTOR('',#7479,1.);
#1249=VECTOR('',#7480,1.);
#1250=VECTOR('',#7481,1.);
#1251=VECTOR('',#7482,1.);
#1252=VECTOR('',#7485,1.);
#1253=VECTOR('',#7486,1.);
#1254=VECTOR('',#7487,1.);
#1255=VECTOR('',#7490,1.);
#1256=VECTOR('',#7491,1.);
#1257=VECTOR('',#7492,1.);
#1258=VECTOR('',#7493,1.);
#1259=VECTOR('',#7496,1.);
#1260=VECTOR('',#7497,1.);
#1261=VECTOR('',#7498,1.);
#1262=VECTOR('',#7499,1.);
#1263=VECTOR('',#7500,1.);
#1264=VECTOR('',#7501,1.);
#1265=VECTOR('',#7502,1.);
#1266=VECTOR('',#7503,1.);
#1267=VECTOR('',#7506,1.);
#1268=VECTOR('',#7507,1.);
#1269=VECTOR('',#7508,1.);
#1270=VECTOR('',#7511,1.);
#1271=VECTOR('',#7514,1.);
#1272=VECTOR('',#7517,1.);
#1273=VECTOR('',#7518,1.);
#1274=VECTOR('',#7523,1.);
#1275=VECTOR('',#7524,1.);
#1276=VECTOR('',#7525,1.);
#1277=VECTOR('',#7530,1.);
#1278=VECTOR('',#7535,1.);
#1279=VECTOR('',#7540,1.);
#1280=VECTOR('',#7543,1.);
#1281=VECTOR('',#7544,1.);
#1282=VECTOR('',#7547,1.);
#1283=VECTOR('',#7548,1.);
#1284=VECTOR('',#7549,1.);
#1285=VECTOR('',#7550,1.);
#1286=VECTOR('',#7553,1.);
#1287=VECTOR('',#7554,1.);
#1288=VECTOR('',#7555,1.);
#1289=VECTOR('',#7556,1.);
#1290=VECTOR('',#7559,1.);
#1291=VECTOR('',#7562,1.);
#1292=VECTOR('',#7565,1.);
#1293=VECTOR('',#7566,1.);
#1294=VECTOR('',#7567,1.);
#1295=VECTOR('',#7570,1.);
#1296=VECTOR('',#7571,1.);
#1297=VECTOR('',#7574,1.);
#1298=VECTOR('',#7575,1.);
#1299=VECTOR('',#7578,1.);
#1300=VECTOR('',#7579,1.);
#1301=VECTOR('',#7582,1.);
#1302=VECTOR('',#7583,1.);
#1303=VECTOR('',#7586,1.);
#1304=VECTOR('',#7587,1.);
#1305=VECTOR('',#7590,1.);
#1306=VECTOR('',#7591,1.);
#1307=VECTOR('',#7596,1.);
#1308=VECTOR('',#7599,1.);
#1309=VECTOR('',#7600,1.);
#1310=VECTOR('',#7605,1.);
#1311=VECTOR('',#7608,1.);
#1312=VECTOR('',#7609,1.);
#1313=VECTOR('',#7612,1.);
#1314=VECTOR('',#7613,1.);
#1315=VECTOR('',#7614,1.);
#1316=VECTOR('',#7617,1.);
#1317=VECTOR('',#7622,1.);
#1318=VECTOR('',#7627,1.);
#1319=VECTOR('',#7628,1.);
#1320=VECTOR('',#7631,1.);
#1321=VECTOR('',#7632,1.);
#1322=VECTOR('',#7637,1.);
#1323=VECTOR('',#7638,1.);
#1324=VECTOR('',#7641,1.);
#1325=VECTOR('',#7642,1.);
#1326=VECTOR('',#7643,1.);
#1327=VECTOR('',#7654,1.);
#1328=VECTOR('',#7655,1.);
#1329=VECTOR('',#7658,1.);
#1330=VECTOR('',#7659,1.);
#1331=VECTOR('',#7662,1.);
#1332=VECTOR('',#7663,1.);
#1333=VECTOR('',#7664,1.);
#1334=VECTOR('',#7667,1.);
#1335=VECTOR('',#7668,1.);
#1336=VECTOR('',#7671,1.);
#1337=VECTOR('',#7676,1.);
#1338=VECTOR('',#7679,1.);
#1339=VECTOR('',#7682,1.);
#1340=VECTOR('',#7687,1.);
#1341=VECTOR('',#7692,1.);
#1342=VECTOR('',#7693,1.);
#1343=VECTOR('',#7696,1.);
#1344=VECTOR('',#7697,1.);
#1345=VECTOR('',#7700,1.);
#1346=VECTOR('',#7701,1.);
#1347=VECTOR('',#7704,1.);
#1348=VECTOR('',#7705,1.);
#1349=VECTOR('',#7708,1.);
#1350=VECTOR('',#7711,1.);
#1351=VECTOR('',#7712,1.);
#1352=VECTOR('',#7713,1.);
#1353=VECTOR('',#7714,1.);
#1354=VECTOR('',#7715,1.);
#1355=VECTOR('',#7718,1.);
#1356=VECTOR('',#7719,1.);
#1357=VECTOR('',#7720,1.);
#1358=VECTOR('',#7721,1.);
#1359=VECTOR('',#7724,1.);
#1360=VECTOR('',#7725,1.);
#1361=VECTOR('',#7726,1.);
#1362=VECTOR('',#7729,1.);
#1363=VECTOR('',#7730,1.);
#1364=VECTOR('',#7733,1.);
#1365=VECTOR('',#7736,1.);
#1366=VECTOR('',#7739,1.);
#1367=VECTOR('',#7740,1.);
#1368=VECTOR('',#7743,1.);
#1369=ORIENTED_EDGE('',*,*,#2841,.F.);
#1370=ORIENTED_EDGE('',*,*,#2842,.T.);
#1371=ORIENTED_EDGE('',*,*,#2843,.T.);
#1372=ORIENTED_EDGE('',*,*,#2844,.T.);
#1373=ORIENTED_EDGE('',*,*,#2845,.F.);
#1374=ORIENTED_EDGE('',*,*,#2846,.T.);
#1375=ORIENTED_EDGE('',*,*,#2847,.F.);
#1376=ORIENTED_EDGE('',*,*,#2848,.F.);
#1377=ORIENTED_EDGE('',*,*,#2849,.T.);
#1378=ORIENTED_EDGE('',*,*,#2850,.T.);
#1379=ORIENTED_EDGE('',*,*,#2844,.F.);
#1380=ORIENTED_EDGE('',*,*,#2851,.F.);
#1381=ORIENTED_EDGE('',*,*,#2852,.T.);
#1382=ORIENTED_EDGE('',*,*,#2853,.T.);
#1383=ORIENTED_EDGE('',*,*,#2854,.F.);
#1384=ORIENTED_EDGE('',*,*,#2846,.F.);
#1385=ORIENTED_EDGE('',*,*,#2855,.T.);
#1386=ORIENTED_EDGE('',*,*,#2856,.T.);
#1387=ORIENTED_EDGE('',*,*,#2857,.T.);
#1388=ORIENTED_EDGE('',*,*,#2858,.T.);
#1389=ORIENTED_EDGE('',*,*,#2859,.T.);
#1390=ORIENTED_EDGE('',*,*,#2860,.T.);
#1391=ORIENTED_EDGE('',*,*,#2861,.F.);
#1392=ORIENTED_EDGE('',*,*,#2862,.F.);
#1393=ORIENTED_EDGE('',*,*,#2863,.T.);
#1394=ORIENTED_EDGE('',*,*,#2864,.F.);
#1395=ORIENTED_EDGE('',*,*,#2865,.T.);
#1396=ORIENTED_EDGE('',*,*,#2866,.T.);
#1397=ORIENTED_EDGE('',*,*,#2867,.F.);
#1398=ORIENTED_EDGE('',*,*,#2867,.T.);
#1399=ORIENTED_EDGE('',*,*,#2868,.T.);
#1400=ORIENTED_EDGE('',*,*,#2869,.T.);
#1401=ORIENTED_EDGE('',*,*,#2870,.T.);
#1402=ORIENTED_EDGE('',*,*,#2871,.T.);
#1403=ORIENTED_EDGE('',*,*,#2872,.F.);
#1404=ORIENTED_EDGE('',*,*,#2873,.F.);
#1405=ORIENTED_EDGE('',*,*,#2874,.F.);
#1406=ORIENTED_EDGE('',*,*,#2875,.T.);
#1407=ORIENTED_EDGE('',*,*,#2876,.T.);
#1408=ORIENTED_EDGE('',*,*,#2877,.T.);
#1409=ORIENTED_EDGE('',*,*,#2878,.F.);
#1410=ORIENTED_EDGE('',*,*,#2879,.F.);
#1411=ORIENTED_EDGE('',*,*,#2880,.T.);
#1412=ORIENTED_EDGE('',*,*,#2881,.F.);
#1413=ORIENTED_EDGE('',*,*,#2882,.F.);
#1414=ORIENTED_EDGE('',*,*,#2883,.F.);
#1415=ORIENTED_EDGE('',*,*,#2884,.F.);
#1416=ORIENTED_EDGE('',*,*,#2885,.F.);
#1417=ORIENTED_EDGE('',*,*,#2886,.F.);
#1418=ORIENTED_EDGE('',*,*,#2887,.T.);
#1419=ORIENTED_EDGE('',*,*,#2888,.F.);
#1420=ORIENTED_EDGE('',*,*,#2889,.T.);
#1421=ORIENTED_EDGE('',*,*,#2890,.T.);
#1422=ORIENTED_EDGE('',*,*,#2891,.T.);
#1423=ORIENTED_EDGE('',*,*,#2892,.T.);
#1424=ORIENTED_EDGE('',*,*,#2884,.T.);
#1425=ORIENTED_EDGE('',*,*,#2893,.T.);
#1426=ORIENTED_EDGE('',*,*,#2894,.F.);
#1427=ORIENTED_EDGE('',*,*,#2895,.T.);
#1428=ORIENTED_EDGE('',*,*,#2891,.F.);
#1429=ORIENTED_EDGE('',*,*,#2896,.T.);
#1430=ORIENTED_EDGE('',*,*,#2897,.T.);
#1431=ORIENTED_EDGE('',*,*,#2898,.T.);
#1432=ORIENTED_EDGE('',*,*,#2894,.T.);
#1433=ORIENTED_EDGE('',*,*,#2899,.F.);
#1434=ORIENTED_EDGE('',*,*,#2900,.T.);
#1435=ORIENTED_EDGE('',*,*,#2901,.T.);
#1436=ORIENTED_EDGE('',*,*,#2902,.F.);
#1437=ORIENTED_EDGE('',*,*,#2903,.F.);
#1438=ORIENTED_EDGE('',*,*,#2904,.F.);
#1439=ORIENTED_EDGE('',*,*,#2900,.F.);
#1440=ORIENTED_EDGE('',*,*,#2905,.F.);
#1441=ORIENTED_EDGE('',*,*,#2906,.F.);
#1442=ORIENTED_EDGE('',*,*,#2907,.F.);
#1443=ORIENTED_EDGE('',*,*,#2908,.T.);
#1444=ORIENTED_EDGE('',*,*,#2909,.T.);
#1445=ORIENTED_EDGE('',*,*,#2910,.T.);
#1446=ORIENTED_EDGE('',*,*,#2903,.T.);
#1447=ORIENTED_EDGE('',*,*,#2909,.F.);
#1448=ORIENTED_EDGE('',*,*,#2911,.T.);
#1449=ORIENTED_EDGE('',*,*,#2912,.T.);
#1450=ORIENTED_EDGE('',*,*,#2913,.T.);
#1451=ORIENTED_EDGE('',*,*,#2914,.T.);
#1452=ORIENTED_EDGE('',*,*,#2893,.F.);
#1453=ORIENTED_EDGE('',*,*,#2883,.T.);
#1454=ORIENTED_EDGE('',*,*,#2915,.F.);
#1455=ORIENTED_EDGE('',*,*,#2916,.F.);
#1456=ORIENTED_EDGE('',*,*,#2917,.T.);
#1457=ORIENTED_EDGE('',*,*,#2918,.F.);
#1458=ORIENTED_EDGE('',*,*,#2857,.F.);
#1459=ORIENTED_EDGE('',*,*,#2919,.F.);
#1460=ORIENTED_EDGE('',*,*,#2920,.F.);
#1461=ORIENTED_EDGE('',*,*,#2921,.T.);
#1462=ORIENTED_EDGE('',*,*,#2922,.F.);
#1463=ORIENTED_EDGE('',*,*,#2923,.T.);
#1464=ORIENTED_EDGE('',*,*,#2924,.F.);
#1465=ORIENTED_EDGE('',*,*,#2925,.F.);
#1466=ORIENTED_EDGE('',*,*,#2858,.F.);
#1467=ORIENTED_EDGE('',*,*,#2918,.T.);
#1468=ORIENTED_EDGE('',*,*,#2926,.F.);
#1469=ORIENTED_EDGE('',*,*,#2927,.T.);
#1470=ORIENTED_EDGE('',*,*,#2928,.F.);
#1471=ORIENTED_EDGE('',*,*,#2929,.T.);
#1472=ORIENTED_EDGE('',*,*,#2930,.T.);
#1473=ORIENTED_EDGE('',*,*,#2859,.F.);
#1474=ORIENTED_EDGE('',*,*,#2925,.T.);
#1475=ORIENTED_EDGE('',*,*,#2931,.F.);
#1476=ORIENTED_EDGE('',*,*,#2932,.F.);
#1477=ORIENTED_EDGE('',*,*,#2933,.T.);
#1478=ORIENTED_EDGE('',*,*,#2934,.F.);
#1479=ORIENTED_EDGE('',*,*,#2935,.T.);
#1480=ORIENTED_EDGE('',*,*,#2936,.F.);
#1481=ORIENTED_EDGE('',*,*,#2937,.F.);
#1482=ORIENTED_EDGE('',*,*,#2861,.T.);
#1483=ORIENTED_EDGE('',*,*,#2938,.T.);
#1484=ORIENTED_EDGE('',*,*,#2939,.F.);
#1485=ORIENTED_EDGE('',*,*,#2940,.T.);
#1486=ORIENTED_EDGE('',*,*,#2941,.T.);
#1487=ORIENTED_EDGE('',*,*,#2942,.T.);
#1488=ORIENTED_EDGE('',*,*,#2943,.F.);
#1489=ORIENTED_EDGE('',*,*,#2944,.F.);
#1490=ORIENTED_EDGE('',*,*,#2945,.F.);
#1491=ORIENTED_EDGE('',*,*,#2946,.F.);
#1492=ORIENTED_EDGE('',*,*,#2947,.T.);
#1493=ORIENTED_EDGE('',*,*,#2948,.F.);
#1494=ORIENTED_EDGE('',*,*,#2949,.F.);
#1495=ORIENTED_EDGE('',*,*,#2862,.T.);
#1496=ORIENTED_EDGE('',*,*,#2937,.T.);
#1497=ORIENTED_EDGE('',*,*,#2950,.F.);
#1498=ORIENTED_EDGE('',*,*,#2951,.F.);
#1499=ORIENTED_EDGE('',*,*,#2952,.T.);
#1500=ORIENTED_EDGE('',*,*,#2953,.T.);
#1501=ORIENTED_EDGE('',*,*,#2949,.T.);
#1502=ORIENTED_EDGE('',*,*,#2954,.F.);
#1503=ORIENTED_EDGE('',*,*,#2955,.T.);
#1504=ORIENTED_EDGE('',*,*,#2956,.T.);
#1505=ORIENTED_EDGE('',*,*,#2957,.F.);
#1506=ORIENTED_EDGE('',*,*,#2863,.F.);
#1507=ORIENTED_EDGE('',*,*,#2958,.T.);
#1508=ORIENTED_EDGE('',*,*,#2959,.T.);
#1509=ORIENTED_EDGE('',*,*,#2960,.T.);
#1510=ORIENTED_EDGE('',*,*,#2961,.T.);
#1511=ORIENTED_EDGE('',*,*,#2962,.T.);
#1512=ORIENTED_EDGE('',*,*,#2864,.T.);
#1513=ORIENTED_EDGE('',*,*,#2957,.T.);
#1514=ORIENTED_EDGE('',*,*,#2963,.T.);
#1515=ORIENTED_EDGE('',*,*,#2964,.T.);
#1516=ORIENTED_EDGE('',*,*,#2965,.F.);
#1517=ORIENTED_EDGE('',*,*,#2966,.T.);
#1518=ORIENTED_EDGE('',*,*,#2869,.F.);
#1519=ORIENTED_EDGE('',*,*,#2967,.T.);
#1520=ORIENTED_EDGE('',*,*,#2865,.F.);
#1521=ORIENTED_EDGE('',*,*,#2962,.F.);
#1522=ORIENTED_EDGE('',*,*,#2868,.F.);
#1523=ORIENTED_EDGE('',*,*,#2866,.F.);
#1524=ORIENTED_EDGE('',*,*,#2967,.F.);
#1525=ORIENTED_EDGE('',*,*,#2968,.F.);
#1526=ORIENTED_EDGE('',*,*,#2969,.T.);
#1527=ORIENTED_EDGE('',*,*,#2970,.F.);
#1528=ORIENTED_EDGE('',*,*,#2971,.F.);
#1529=ORIENTED_EDGE('',*,*,#2972,.F.);
#1530=ORIENTED_EDGE('',*,*,#2973,.F.);
#1531=ORIENTED_EDGE('',*,*,#2974,.F.);
#1532=ORIENTED_EDGE('',*,*,#2975,.F.);
#1533=ORIENTED_EDGE('',*,*,#2976,.F.);
#1534=ORIENTED_EDGE('',*,*,#2977,.F.);
#1535=ORIENTED_EDGE('',*,*,#2961,.F.);
#1536=ORIENTED_EDGE('',*,*,#2978,.F.);
#1537=ORIENTED_EDGE('',*,*,#2979,.F.);
#1538=ORIENTED_EDGE('',*,*,#2980,.F.);
#1539=ORIENTED_EDGE('',*,*,#2981,.F.);
#1540=ORIENTED_EDGE('',*,*,#2982,.F.);
#1541=ORIENTED_EDGE('',*,*,#2983,.F.);
#1542=ORIENTED_EDGE('',*,*,#2870,.F.);
#1543=ORIENTED_EDGE('',*,*,#2966,.F.);
#1544=ORIENTED_EDGE('',*,*,#2984,.F.);
#1545=ORIENTED_EDGE('',*,*,#2871,.F.);
#1546=ORIENTED_EDGE('',*,*,#2983,.T.);
#1547=ORIENTED_EDGE('',*,*,#2985,.T.);
#1548=ORIENTED_EDGE('',*,*,#2986,.T.);
#1549=ORIENTED_EDGE('',*,*,#2987,.T.);
#1550=ORIENTED_EDGE('',*,*,#2988,.F.);
#1551=ORIENTED_EDGE('',*,*,#2989,.T.);
#1552=ORIENTED_EDGE('',*,*,#2990,.T.);
#1553=ORIENTED_EDGE('',*,*,#2991,.F.);
#1554=ORIENTED_EDGE('',*,*,#2992,.T.);
#1555=ORIENTED_EDGE('',*,*,#2993,.F.);
#1556=ORIENTED_EDGE('',*,*,#2994,.F.);
#1557=ORIENTED_EDGE('',*,*,#2995,.F.);
#1558=ORIENTED_EDGE('',*,*,#2996,.F.);
#1559=ORIENTED_EDGE('',*,*,#2997,.F.);
#1560=ORIENTED_EDGE('',*,*,#2998,.T.);
#1561=ORIENTED_EDGE('',*,*,#2999,.F.);
#1562=ORIENTED_EDGE('',*,*,#3000,.F.);
#1563=ORIENTED_EDGE('',*,*,#3001,.F.);
#1564=ORIENTED_EDGE('',*,*,#3002,.F.);
#1565=ORIENTED_EDGE('',*,*,#3000,.T.);
#1566=ORIENTED_EDGE('',*,*,#3003,.F.);
#1567=ORIENTED_EDGE('',*,*,#3004,.F.);
#1568=ORIENTED_EDGE('',*,*,#3005,.F.);
#1569=ORIENTED_EDGE('',*,*,#3001,.T.);
#1570=ORIENTED_EDGE('',*,*,#3006,.F.);
#1571=ORIENTED_EDGE('',*,*,#2887,.F.);
#1572=ORIENTED_EDGE('',*,*,#3007,.T.);
#1573=ORIENTED_EDGE('',*,*,#3008,.F.);
#1574=ORIENTED_EDGE('',*,*,#3009,.F.);
#1575=ORIENTED_EDGE('',*,*,#3010,.F.);
#1576=ORIENTED_EDGE('',*,*,#2901,.F.);
#1577=ORIENTED_EDGE('',*,*,#3011,.F.);
#1578=ORIENTED_EDGE('',*,*,#3012,.F.);
#1579=ORIENTED_EDGE('',*,*,#2907,.T.);
#1580=ORIENTED_EDGE('',*,*,#3013,.F.);
#1581=ORIENTED_EDGE('',*,*,#3014,.F.);
#1582=ORIENTED_EDGE('',*,*,#3015,.F.);
#1583=ORIENTED_EDGE('',*,*,#3011,.T.);
#1584=ORIENTED_EDGE('',*,*,#3016,.T.);
#1585=ORIENTED_EDGE('',*,*,#2889,.F.);
#1586=ORIENTED_EDGE('',*,*,#3017,.F.);
#1587=ORIENTED_EDGE('',*,*,#2998,.F.);
#1588=ORIENTED_EDGE('',*,*,#3018,.F.);
#1589=ORIENTED_EDGE('',*,*,#3014,.T.);
#1590=ORIENTED_EDGE('',*,*,#3019,.T.);
#1591=ORIENTED_EDGE('',*,*,#3020,.T.);
#1592=ORIENTED_EDGE('',*,*,#3021,.F.);
#1593=ORIENTED_EDGE('',*,*,#3022,.T.);
#1594=ORIENTED_EDGE('',*,*,#2875,.F.);
#1595=ORIENTED_EDGE('',*,*,#3016,.F.);
#1596=ORIENTED_EDGE('',*,*,#3013,.T.);
#1597=ORIENTED_EDGE('',*,*,#2906,.T.);
#1598=ORIENTED_EDGE('',*,*,#3023,.F.);
#1599=ORIENTED_EDGE('',*,*,#3024,.T.);
#1600=ORIENTED_EDGE('',*,*,#3025,.F.);
#1601=ORIENTED_EDGE('',*,*,#2877,.F.);
#1602=ORIENTED_EDGE('',*,*,#3026,.T.);
#1603=ORIENTED_EDGE('',*,*,#3027,.T.);
#1604=ORIENTED_EDGE('',*,*,#2878,.T.);
#1605=ORIENTED_EDGE('',*,*,#3025,.T.);
#1606=ORIENTED_EDGE('',*,*,#3028,.T.);
#1607=ORIENTED_EDGE('',*,*,#2879,.T.);
#1608=ORIENTED_EDGE('',*,*,#3027,.F.);
#1609=ORIENTED_EDGE('',*,*,#3029,.T.);
#1610=ORIENTED_EDGE('',*,*,#3030,.T.);
#1611=ORIENTED_EDGE('',*,*,#3031,.F.);
#1612=ORIENTED_EDGE('',*,*,#2881,.T.);
#1613=ORIENTED_EDGE('',*,*,#3003,.T.);
#1614=ORIENTED_EDGE('',*,*,#2999,.T.);
#1615=ORIENTED_EDGE('',*,*,#3017,.T.);
#1616=ORIENTED_EDGE('',*,*,#2888,.T.);
#1617=ORIENTED_EDGE('',*,*,#3006,.T.);
#1618=ORIENTED_EDGE('',*,*,#3032,.F.);
#1619=ORIENTED_EDGE('',*,*,#2897,.F.);
#1620=ORIENTED_EDGE('',*,*,#3033,.F.);
#1621=ORIENTED_EDGE('',*,*,#3019,.F.);
#1622=ORIENTED_EDGE('',*,*,#2899,.T.);
#1623=ORIENTED_EDGE('',*,*,#3032,.T.);
#1624=ORIENTED_EDGE('',*,*,#3023,.T.);
#1625=ORIENTED_EDGE('',*,*,#2905,.T.);
#1626=ORIENTED_EDGE('',*,*,#3010,.T.);
#1627=ORIENTED_EDGE('',*,*,#3034,.T.);
#1628=ORIENTED_EDGE('',*,*,#2908,.F.);
#1629=ORIENTED_EDGE('',*,*,#2902,.T.);
#1630=ORIENTED_EDGE('',*,*,#3034,.F.);
#1631=ORIENTED_EDGE('',*,*,#3009,.T.);
#1632=ORIENTED_EDGE('',*,*,#3035,.F.);
#1633=ORIENTED_EDGE('',*,*,#2911,.F.);
#1634=ORIENTED_EDGE('',*,*,#3036,.T.);
#1635=ORIENTED_EDGE('',*,*,#3037,.T.);
#1636=ORIENTED_EDGE('',*,*,#2995,.T.);
#1637=ORIENTED_EDGE('',*,*,#3038,.F.);
#1638=ORIENTED_EDGE('',*,*,#3039,.T.);
#1639=ORIENTED_EDGE('',*,*,#3038,.T.);
#1640=ORIENTED_EDGE('',*,*,#2994,.T.);
#1641=ORIENTED_EDGE('',*,*,#3040,.F.);
#1642=ORIENTED_EDGE('',*,*,#3041,.T.);
#1643=ORIENTED_EDGE('',*,*,#3040,.T.);
#1644=ORIENTED_EDGE('',*,*,#2993,.T.);
#1645=ORIENTED_EDGE('',*,*,#3042,.T.);
#1646=ORIENTED_EDGE('',*,*,#3043,.T.);
#1647=ORIENTED_EDGE('',*,*,#3042,.F.);
#1648=ORIENTED_EDGE('',*,*,#2992,.F.);
#1649=ORIENTED_EDGE('',*,*,#3044,.F.);
#1650=ORIENTED_EDGE('',*,*,#3045,.F.);
#1651=ORIENTED_EDGE('',*,*,#3046,.F.);
#1652=ORIENTED_EDGE('',*,*,#3047,.T.);
#1653=ORIENTED_EDGE('',*,*,#3046,.T.);
#1654=ORIENTED_EDGE('',*,*,#3048,.T.);
#1655=ORIENTED_EDGE('',*,*,#3049,.T.);
#1656=ORIENTED_EDGE('',*,*,#3050,.T.);
#1657=ORIENTED_EDGE('',*,*,#3049,.F.);
#1658=ORIENTED_EDGE('',*,*,#3051,.T.);
#1659=ORIENTED_EDGE('',*,*,#3052,.F.);
#1660=ORIENTED_EDGE('',*,*,#3053,.T.);
#1661=ORIENTED_EDGE('',*,*,#3052,.T.);
#1662=ORIENTED_EDGE('',*,*,#3054,.T.);
#1663=ORIENTED_EDGE('',*,*,#3055,.T.);
#1664=ORIENTED_EDGE('',*,*,#3056,.T.);
#1665=ORIENTED_EDGE('',*,*,#3055,.F.);
#1666=ORIENTED_EDGE('',*,*,#3057,.T.);
#1667=ORIENTED_EDGE('',*,*,#3058,.F.);
#1668=ORIENTED_EDGE('',*,*,#3059,.F.);
#1669=ORIENTED_EDGE('',*,*,#3060,.F.);
#1670=ORIENTED_EDGE('',*,*,#3061,.F.);
#1671=ORIENTED_EDGE('',*,*,#3062,.T.);
#1672=ORIENTED_EDGE('',*,*,#3061,.T.);
#1673=ORIENTED_EDGE('',*,*,#3063,.F.);
#1674=ORIENTED_EDGE('',*,*,#3064,.T.);
#1675=ORIENTED_EDGE('',*,*,#3065,.T.);
#1676=ORIENTED_EDGE('',*,*,#3066,.T.);
#1677=ORIENTED_EDGE('',*,*,#3067,.T.);
#1678=ORIENTED_EDGE('',*,*,#3066,.F.);
#1679=ORIENTED_EDGE('',*,*,#3068,.F.);
#1680=ORIENTED_EDGE('',*,*,#3069,.F.);
#1681=ORIENTED_EDGE('',*,*,#3070,.T.);
#1682=ORIENTED_EDGE('',*,*,#3071,.F.);
#1683=ORIENTED_EDGE('',*,*,#3072,.F.);
#1684=ORIENTED_EDGE('',*,*,#2989,.F.);
#1685=ORIENTED_EDGE('',*,*,#3073,.T.);
#1686=ORIENTED_EDGE('',*,*,#3073,.F.);
#1687=ORIENTED_EDGE('',*,*,#2988,.T.);
#1688=ORIENTED_EDGE('',*,*,#3074,.T.);
#1689=ORIENTED_EDGE('',*,*,#3075,.T.);
#1690=ORIENTED_EDGE('',*,*,#3076,.T.);
#1691=ORIENTED_EDGE('',*,*,#3074,.F.);
#1692=ORIENTED_EDGE('',*,*,#2987,.F.);
#1693=ORIENTED_EDGE('',*,*,#3077,.T.);
#1694=ORIENTED_EDGE('',*,*,#3078,.T.);
#1695=ORIENTED_EDGE('',*,*,#2959,.F.);
#1696=ORIENTED_EDGE('',*,*,#3079,.T.);
#1697=ORIENTED_EDGE('',*,*,#3080,.T.);
#1698=ORIENTED_EDGE('',*,*,#3081,.F.);
#1699=ORIENTED_EDGE('',*,*,#3082,.T.);
#1700=ORIENTED_EDGE('',*,*,#3081,.T.);
#1701=ORIENTED_EDGE('',*,*,#3083,.T.);
#1702=ORIENTED_EDGE('',*,*,#2970,.T.);
#1703=ORIENTED_EDGE('',*,*,#3084,.T.);
#1704=ORIENTED_EDGE('',*,*,#2968,.T.);
#1705=ORIENTED_EDGE('',*,*,#3085,.F.);
#1706=ORIENTED_EDGE('',*,*,#3079,.F.);
#1707=ORIENTED_EDGE('',*,*,#2958,.F.);
#1708=ORIENTED_EDGE('',*,*,#3086,.F.);
#1709=ORIENTED_EDGE('',*,*,#3087,.T.);
#1710=ORIENTED_EDGE('',*,*,#3086,.T.);
#1711=ORIENTED_EDGE('',*,*,#2964,.F.);
#1712=ORIENTED_EDGE('',*,*,#3088,.F.);
#1713=ORIENTED_EDGE('',*,*,#2955,.F.);
#1714=ORIENTED_EDGE('',*,*,#3089,.F.);
#1715=ORIENTED_EDGE('',*,*,#3090,.T.);
#1716=ORIENTED_EDGE('',*,*,#3091,.F.);
#1717=ORIENTED_EDGE('',*,*,#3092,.F.);
#1718=ORIENTED_EDGE('',*,*,#3093,.F.);
#1719=ORIENTED_EDGE('',*,*,#3094,.T.);
#1720=ORIENTED_EDGE('',*,*,#3095,.T.);
#1721=ORIENTED_EDGE('',*,*,#3096,.T.);
#1722=ORIENTED_EDGE('',*,*,#3097,.T.);
#1723=ORIENTED_EDGE('',*,*,#3098,.T.);
#1724=ORIENTED_EDGE('',*,*,#3089,.T.);
#1725=ORIENTED_EDGE('',*,*,#2954,.T.);
#1726=ORIENTED_EDGE('',*,*,#2948,.T.);
#1727=ORIENTED_EDGE('',*,*,#3099,.T.);
#1728=ORIENTED_EDGE('',*,*,#3097,.F.);
#1729=ORIENTED_EDGE('',*,*,#3100,.F.);
#1730=ORIENTED_EDGE('',*,*,#3101,.T.);
#1731=ORIENTED_EDGE('',*,*,#3100,.T.);
#1732=ORIENTED_EDGE('',*,*,#3096,.F.);
#1733=ORIENTED_EDGE('',*,*,#3102,.F.);
#1734=ORIENTED_EDGE('',*,*,#3103,.T.);
#1735=ORIENTED_EDGE('',*,*,#3102,.T.);
#1736=ORIENTED_EDGE('',*,*,#3095,.F.);
#1737=ORIENTED_EDGE('',*,*,#3104,.T.);
#1738=ORIENTED_EDGE('',*,*,#3093,.T.);
#1739=ORIENTED_EDGE('',*,*,#3105,.F.);
#1740=ORIENTED_EDGE('',*,*,#3106,.F.);
#1741=ORIENTED_EDGE('',*,*,#3107,.T.);
#1742=ORIENTED_EDGE('',*,*,#3108,.T.);
#1743=ORIENTED_EDGE('',*,*,#3109,.T.);
#1744=ORIENTED_EDGE('',*,*,#3110,.T.);
#1745=ORIENTED_EDGE('',*,*,#3106,.T.);
#1746=ORIENTED_EDGE('',*,*,#3111,.T.);
#1747=ORIENTED_EDGE('',*,*,#3112,.T.);
#1748=ORIENTED_EDGE('',*,*,#3113,.T.);
#1749=ORIENTED_EDGE('',*,*,#2946,.T.);
#1750=ORIENTED_EDGE('',*,*,#3114,.F.);
#1751=ORIENTED_EDGE('',*,*,#3115,.F.);
#1752=ORIENTED_EDGE('',*,*,#3109,.F.);
#1753=ORIENTED_EDGE('',*,*,#3116,.F.);
#1754=ORIENTED_EDGE('',*,*,#3117,.T.);
#1755=ORIENTED_EDGE('',*,*,#3118,.T.);
#1756=ORIENTED_EDGE('',*,*,#3119,.F.);
#1757=ORIENTED_EDGE('',*,*,#3120,.T.);
#1758=ORIENTED_EDGE('',*,*,#3121,.F.);
#1759=ORIENTED_EDGE('',*,*,#3122,.T.);
#1760=ORIENTED_EDGE('',*,*,#3123,.F.);
#1761=ORIENTED_EDGE('',*,*,#3124,.F.);
#1762=ORIENTED_EDGE('',*,*,#3125,.F.);
#1763=ORIENTED_EDGE('',*,*,#3126,.T.);
#1764=ORIENTED_EDGE('',*,*,#3127,.T.);
#1765=ORIENTED_EDGE('',*,*,#3128,.T.);
#1766=ORIENTED_EDGE('',*,*,#3129,.T.);
#1767=ORIENTED_EDGE('',*,*,#3130,.T.);
#1768=ORIENTED_EDGE('',*,*,#3131,.F.);
#1769=ORIENTED_EDGE('',*,*,#3132,.F.);
#1770=ORIENTED_EDGE('',*,*,#2932,.T.);
#1771=ORIENTED_EDGE('',*,*,#3133,.F.);
#1772=ORIENTED_EDGE('',*,*,#3134,.T.);
#1773=ORIENTED_EDGE('',*,*,#2950,.T.);
#1774=ORIENTED_EDGE('',*,*,#2936,.T.);
#1775=ORIENTED_EDGE('',*,*,#3135,.T.);
#1776=ORIENTED_EDGE('',*,*,#3136,.T.);
#1777=ORIENTED_EDGE('',*,*,#2849,.F.);
#1778=ORIENTED_EDGE('',*,*,#2845,.T.);
#1779=ORIENTED_EDGE('',*,*,#3137,.F.);
#1780=ORIENTED_EDGE('',*,*,#2929,.F.);
#1781=ORIENTED_EDGE('',*,*,#3138,.F.);
#1782=ORIENTED_EDGE('',*,*,#3139,.F.);
#1783=ORIENTED_EDGE('',*,*,#3140,.T.);
#1784=ORIENTED_EDGE('',*,*,#3141,.F.);
#1785=ORIENTED_EDGE('',*,*,#3142,.F.);
#1786=ORIENTED_EDGE('',*,*,#3143,.F.);
#1787=ORIENTED_EDGE('',*,*,#3139,.T.);
#1788=ORIENTED_EDGE('',*,*,#3144,.F.);
#1789=ORIENTED_EDGE('',*,*,#3145,.T.);
#1790=ORIENTED_EDGE('',*,*,#3142,.T.);
#1791=ORIENTED_EDGE('',*,*,#3146,.T.);
#1792=ORIENTED_EDGE('',*,*,#3147,.F.);
#1793=ORIENTED_EDGE('',*,*,#3148,.T.);
#1794=ORIENTED_EDGE('',*,*,#3149,.T.);
#1795=ORIENTED_EDGE('',*,*,#3147,.T.);
#1796=ORIENTED_EDGE('',*,*,#3150,.F.);
#1797=ORIENTED_EDGE('',*,*,#3151,.F.);
#1798=ORIENTED_EDGE('',*,*,#3152,.T.);
#1799=ORIENTED_EDGE('',*,*,#3151,.T.);
#1800=ORIENTED_EDGE('',*,*,#3153,.F.);
#1801=ORIENTED_EDGE('',*,*,#3154,.F.);
#1802=ORIENTED_EDGE('',*,*,#3154,.T.);
#1803=ORIENTED_EDGE('',*,*,#3155,.F.);
#1804=ORIENTED_EDGE('',*,*,#3156,.T.);
#1805=ORIENTED_EDGE('',*,*,#3157,.F.);
#1806=ORIENTED_EDGE('',*,*,#3030,.F.);
#1807=ORIENTED_EDGE('',*,*,#3158,.T.);
#1808=ORIENTED_EDGE('',*,*,#3159,.T.);
#1809=ORIENTED_EDGE('',*,*,#3021,.T.);
#1810=ORIENTED_EDGE('',*,*,#3160,.T.);
#1811=ORIENTED_EDGE('',*,*,#3161,.T.);
#1812=ORIENTED_EDGE('',*,*,#2919,.T.);
#1813=ORIENTED_EDGE('',*,*,#3162,.F.);
#1814=ORIENTED_EDGE('',*,*,#3163,.T.);
#1815=ORIENTED_EDGE('',*,*,#2920,.T.);
#1816=ORIENTED_EDGE('',*,*,#3161,.F.);
#1817=ORIENTED_EDGE('',*,*,#3164,.F.);
#1818=ORIENTED_EDGE('',*,*,#3165,.T.);
#1819=ORIENTED_EDGE('',*,*,#3166,.T.);
#1820=ORIENTED_EDGE('',*,*,#3167,.F.);
#1821=ORIENTED_EDGE('',*,*,#3168,.T.);
#1822=ORIENTED_EDGE('',*,*,#3116,.T.);
#1823=ORIENTED_EDGE('',*,*,#3108,.F.);
#1824=ORIENTED_EDGE('',*,*,#2945,.T.);
#1825=ORIENTED_EDGE('',*,*,#3169,.T.);
#1826=ORIENTED_EDGE('',*,*,#2921,.F.);
#1827=ORIENTED_EDGE('',*,*,#3170,.T.);
#1828=ORIENTED_EDGE('',*,*,#3171,.F.);
#1829=ORIENTED_EDGE('',*,*,#2931,.T.);
#1830=ORIENTED_EDGE('',*,*,#2924,.T.);
#1831=ORIENTED_EDGE('',*,*,#3172,.T.);
#1832=ORIENTED_EDGE('',*,*,#3173,.T.);
#1833=ORIENTED_EDGE('',*,*,#3174,.T.);
#1834=ORIENTED_EDGE('',*,*,#2922,.T.);
#1835=ORIENTED_EDGE('',*,*,#3175,.T.);
#1836=ORIENTED_EDGE('',*,*,#3176,.F.);
#1837=ORIENTED_EDGE('',*,*,#3177,.T.);
#1838=ORIENTED_EDGE('',*,*,#3178,.T.);
#1839=ORIENTED_EDGE('',*,*,#3133,.T.);
#1840=ORIENTED_EDGE('',*,*,#2923,.F.);
#1841=ORIENTED_EDGE('',*,*,#3174,.F.);
#1842=ORIENTED_EDGE('',*,*,#3179,.F.);
#1843=ORIENTED_EDGE('',*,*,#3172,.F.);
#1844=ORIENTED_EDGE('',*,*,#3180,.F.);
#1845=ORIENTED_EDGE('',*,*,#3181,.T.);
#1846=ORIENTED_EDGE('',*,*,#3182,.F.);
#1847=ORIENTED_EDGE('',*,*,#2927,.F.);
#1848=ORIENTED_EDGE('',*,*,#2928,.T.);
#1849=ORIENTED_EDGE('',*,*,#3182,.T.);
#1850=ORIENTED_EDGE('',*,*,#3183,.T.);
#1851=ORIENTED_EDGE('',*,*,#3184,.T.);
#1852=ORIENTED_EDGE('',*,*,#3185,.T.);
#1853=ORIENTED_EDGE('',*,*,#3186,.T.);
#1854=ORIENTED_EDGE('',*,*,#3162,.T.);
#1855=ORIENTED_EDGE('',*,*,#3187,.T.);
#1856=ORIENTED_EDGE('',*,*,#3183,.F.);
#1857=ORIENTED_EDGE('',*,*,#3181,.F.);
#1858=ORIENTED_EDGE('',*,*,#3188,.F.);
#1859=ORIENTED_EDGE('',*,*,#2938,.F.);
#1860=ORIENTED_EDGE('',*,*,#3189,.F.);
#1861=ORIENTED_EDGE('',*,*,#2940,.F.);
#1862=ORIENTED_EDGE('',*,*,#3190,.F.);
#1863=ORIENTED_EDGE('',*,*,#3191,.F.);
#1864=ORIENTED_EDGE('',*,*,#3192,.F.);
#1865=ORIENTED_EDGE('',*,*,#3193,.F.);
#1866=ORIENTED_EDGE('',*,*,#3194,.F.);
#1867=ORIENTED_EDGE('',*,*,#3195,.F.);
#1868=ORIENTED_EDGE('',*,*,#3196,.F.);
#1869=ORIENTED_EDGE('',*,*,#3196,.T.);
#1870=ORIENTED_EDGE('',*,*,#3197,.T.);
#1871=ORIENTED_EDGE('',*,*,#3190,.T.);
#1872=ORIENTED_EDGE('',*,*,#2939,.T.);
#1873=ORIENTED_EDGE('',*,*,#2953,.F.);
#1874=ORIENTED_EDGE('',*,*,#3198,.T.);
#1875=ORIENTED_EDGE('',*,*,#2941,.F.);
#1876=ORIENTED_EDGE('',*,*,#3189,.T.);
#1877=ORIENTED_EDGE('',*,*,#2952,.F.);
#1878=ORIENTED_EDGE('',*,*,#3199,.F.);
#1879=ORIENTED_EDGE('',*,*,#3177,.F.);
#1880=ORIENTED_EDGE('',*,*,#3200,.F.);
#1881=ORIENTED_EDGE('',*,*,#2942,.F.);
#1882=ORIENTED_EDGE('',*,*,#3198,.F.);
#1883=ORIENTED_EDGE('',*,*,#3200,.T.);
#1884=ORIENTED_EDGE('',*,*,#3176,.T.);
#1885=ORIENTED_EDGE('',*,*,#3201,.F.);
#1886=ORIENTED_EDGE('',*,*,#2943,.T.);
#1887=ORIENTED_EDGE('',*,*,#2944,.T.);
#1888=ORIENTED_EDGE('',*,*,#3201,.T.);
#1889=ORIENTED_EDGE('',*,*,#3175,.F.);
#1890=ORIENTED_EDGE('',*,*,#3169,.F.);
#1891=ORIENTED_EDGE('',*,*,#3090,.F.);
#1892=ORIENTED_EDGE('',*,*,#2947,.F.);
#1893=ORIENTED_EDGE('',*,*,#3113,.F.);
#1894=ORIENTED_EDGE('',*,*,#3202,.T.);
#1895=ORIENTED_EDGE('',*,*,#3199,.T.);
#1896=ORIENTED_EDGE('',*,*,#2951,.T.);
#1897=ORIENTED_EDGE('',*,*,#3134,.F.);
#1898=ORIENTED_EDGE('',*,*,#3178,.F.);
#1899=ORIENTED_EDGE('',*,*,#2963,.F.);
#1900=ORIENTED_EDGE('',*,*,#2956,.F.);
#1901=ORIENTED_EDGE('',*,*,#3088,.T.);
#1902=ORIENTED_EDGE('',*,*,#2978,.T.);
#1903=ORIENTED_EDGE('',*,*,#2960,.F.);
#1904=ORIENTED_EDGE('',*,*,#3203,.T.);
#1905=ORIENTED_EDGE('',*,*,#3204,.T.);
#1906=ORIENTED_EDGE('',*,*,#3205,.T.);
#1907=ORIENTED_EDGE('',*,*,#2965,.T.);
#1908=ORIENTED_EDGE('',*,*,#2971,.T.);
#1909=ORIENTED_EDGE('',*,*,#3083,.F.);
#1910=ORIENTED_EDGE('',*,*,#3080,.F.);
#1911=ORIENTED_EDGE('',*,*,#3085,.T.);
#1912=ORIENTED_EDGE('',*,*,#2979,.T.);
#1913=ORIENTED_EDGE('',*,*,#3204,.F.);
#1914=ORIENTED_EDGE('',*,*,#3206,.T.);
#1915=ORIENTED_EDGE('',*,*,#3207,.F.);
#1916=ORIENTED_EDGE('',*,*,#2980,.T.);
#1917=ORIENTED_EDGE('',*,*,#3207,.T.);
#1918=ORIENTED_EDGE('',*,*,#3208,.T.);
#1919=ORIENTED_EDGE('',*,*,#3209,.T.);
#1920=ORIENTED_EDGE('',*,*,#2985,.F.);
#1921=ORIENTED_EDGE('',*,*,#2982,.T.);
#1922=ORIENTED_EDGE('',*,*,#3210,.T.);
#1923=ORIENTED_EDGE('',*,*,#2981,.T.);
#1924=ORIENTED_EDGE('',*,*,#3210,.F.);
#1925=ORIENTED_EDGE('',*,*,#2972,.T.);
#1926=ORIENTED_EDGE('',*,*,#3211,.F.);
#1927=ORIENTED_EDGE('',*,*,#2973,.T.);
#1928=ORIENTED_EDGE('',*,*,#3211,.T.);
#1929=ORIENTED_EDGE('',*,*,#2977,.T.);
#1930=ORIENTED_EDGE('',*,*,#3212,.T.);
#1931=ORIENTED_EDGE('',*,*,#3213,.T.);
#1932=ORIENTED_EDGE('',*,*,#3205,.F.);
#1933=ORIENTED_EDGE('',*,*,#2974,.T.);
#1934=ORIENTED_EDGE('',*,*,#3213,.F.);
#1935=ORIENTED_EDGE('',*,*,#3214,.T.);
#1936=ORIENTED_EDGE('',*,*,#3215,.F.);
#1937=ORIENTED_EDGE('',*,*,#2975,.T.);
#1938=ORIENTED_EDGE('',*,*,#3215,.T.);
#1939=ORIENTED_EDGE('',*,*,#3216,.T.);
#1940=ORIENTED_EDGE('',*,*,#2976,.T.);
#1941=ORIENTED_EDGE('',*,*,#3216,.F.);
#1942=ORIENTED_EDGE('',*,*,#3214,.F.);
#1943=ORIENTED_EDGE('',*,*,#3212,.F.);
#1944=ORIENTED_EDGE('',*,*,#3072,.T.);
#1945=ORIENTED_EDGE('',*,*,#3217,.T.);
#1946=ORIENTED_EDGE('',*,*,#3218,.F.);
#1947=ORIENTED_EDGE('',*,*,#2990,.F.);
#1948=ORIENTED_EDGE('',*,*,#3044,.T.);
#1949=ORIENTED_EDGE('',*,*,#2991,.T.);
#1950=ORIENTED_EDGE('',*,*,#3218,.T.);
#1951=ORIENTED_EDGE('',*,*,#3219,.F.);
#1952=ORIENTED_EDGE('',*,*,#2986,.F.);
#1953=ORIENTED_EDGE('',*,*,#3209,.F.);
#1954=ORIENTED_EDGE('',*,*,#3220,.F.);
#1955=ORIENTED_EDGE('',*,*,#3077,.F.);
#1956=ORIENTED_EDGE('',*,*,#3221,.T.);
#1957=ORIENTED_EDGE('',*,*,#3222,.F.);
#1958=ORIENTED_EDGE('',*,*,#3159,.F.);
#1959=ORIENTED_EDGE('',*,*,#3004,.T.);
#1960=ORIENTED_EDGE('',*,*,#3223,.T.);
#1961=ORIENTED_EDGE('',*,*,#3224,.T.);
#1962=ORIENTED_EDGE('',*,*,#3225,.T.);
#1963=ORIENTED_EDGE('',*,*,#3185,.F.);
#1964=ORIENTED_EDGE('',*,*,#3226,.F.);
#1965=ORIENTED_EDGE('',*,*,#3227,.F.);
#1966=ORIENTED_EDGE('',*,*,#3131,.T.);
#1967=ORIENTED_EDGE('',*,*,#3228,.F.);
#1968=ORIENTED_EDGE('',*,*,#3226,.T.);
#1969=ORIENTED_EDGE('',*,*,#3184,.F.);
#1970=ORIENTED_EDGE('',*,*,#3187,.F.);
#1971=ORIENTED_EDGE('',*,*,#3229,.F.);
#1972=ORIENTED_EDGE('',*,*,#3145,.F.);
#1973=ORIENTED_EDGE('',*,*,#3230,.F.);
#1974=ORIENTED_EDGE('',*,*,#3156,.F.);
#1975=ORIENTED_EDGE('',*,*,#3045,.T.);
#1976=ORIENTED_EDGE('',*,*,#3231,.F.);
#1977=ORIENTED_EDGE('',*,*,#3232,.T.);
#1978=ORIENTED_EDGE('',*,*,#3048,.F.);
#1979=ORIENTED_EDGE('',*,*,#3233,.F.);
#1980=ORIENTED_EDGE('',*,*,#3234,.F.);
#1981=ORIENTED_EDGE('',*,*,#3057,.F.);
#1982=ORIENTED_EDGE('',*,*,#3054,.F.);
#1983=ORIENTED_EDGE('',*,*,#3051,.F.);
#1984=ORIENTED_EDGE('',*,*,#3232,.F.);
#1985=ORIENTED_EDGE('',*,*,#3235,.F.);
#1986=ORIENTED_EDGE('',*,*,#3070,.F.);
#1987=ORIENTED_EDGE('',*,*,#3236,.T.);
#1988=ORIENTED_EDGE('',*,*,#3237,.T.);
#1989=ORIENTED_EDGE('',*,*,#3058,.T.);
#1990=ORIENTED_EDGE('',*,*,#3234,.T.);
#1991=ORIENTED_EDGE('',*,*,#3237,.F.);
#1992=ORIENTED_EDGE('',*,*,#3238,.T.);
#1993=ORIENTED_EDGE('',*,*,#3239,.T.);
#1994=ORIENTED_EDGE('',*,*,#3059,.T.);
#1995=ORIENTED_EDGE('',*,*,#3239,.F.);
#1996=ORIENTED_EDGE('',*,*,#3240,.T.);
#1997=ORIENTED_EDGE('',*,*,#3241,.T.);
#1998=ORIENTED_EDGE('',*,*,#3063,.T.);
#1999=ORIENTED_EDGE('',*,*,#3060,.T.);
#2000=ORIENTED_EDGE('',*,*,#3242,.T.);
#2001=ORIENTED_EDGE('',*,*,#3064,.F.);
#2002=ORIENTED_EDGE('',*,*,#3241,.F.);
#2003=ORIENTED_EDGE('',*,*,#3243,.T.);
#2004=ORIENTED_EDGE('',*,*,#3244,.F.);
#2005=ORIENTED_EDGE('',*,*,#3068,.T.);
#2006=ORIENTED_EDGE('',*,*,#3065,.F.);
#2007=ORIENTED_EDGE('',*,*,#3242,.F.);
#2008=ORIENTED_EDGE('',*,*,#3245,.T.);
#2009=ORIENTED_EDGE('',*,*,#3069,.T.);
#2010=ORIENTED_EDGE('',*,*,#3245,.F.);
#2011=ORIENTED_EDGE('',*,*,#3244,.T.);
#2012=ORIENTED_EDGE('',*,*,#3246,.T.);
#2013=ORIENTED_EDGE('',*,*,#3236,.F.);
#2014=ORIENTED_EDGE('',*,*,#3233,.T.);
#2015=ORIENTED_EDGE('',*,*,#3071,.T.);
#2016=ORIENTED_EDGE('',*,*,#3235,.T.);
#2017=ORIENTED_EDGE('',*,*,#3247,.F.);
#2018=ORIENTED_EDGE('',*,*,#3217,.F.);
#2019=ORIENTED_EDGE('',*,*,#3078,.F.);
#2020=ORIENTED_EDGE('',*,*,#3220,.T.);
#2021=ORIENTED_EDGE('',*,*,#3208,.F.);
#2022=ORIENTED_EDGE('',*,*,#3206,.F.);
#2023=ORIENTED_EDGE('',*,*,#3203,.F.);
#2024=ORIENTED_EDGE('',*,*,#3091,.T.);
#2025=ORIENTED_EDGE('',*,*,#3202,.F.);
#2026=ORIENTED_EDGE('',*,*,#3112,.F.);
#2027=ORIENTED_EDGE('',*,*,#3248,.T.);
#2028=ORIENTED_EDGE('',*,*,#3092,.T.);
#2029=ORIENTED_EDGE('',*,*,#3248,.F.);
#2030=ORIENTED_EDGE('',*,*,#3111,.F.);
#2031=ORIENTED_EDGE('',*,*,#3105,.T.);
#2032=ORIENTED_EDGE('',*,*,#3249,.F.);
#2033=ORIENTED_EDGE('',*,*,#3167,.T.);
#2034=ORIENTED_EDGE('',*,*,#3166,.F.);
#2035=ORIENTED_EDGE('',*,*,#3250,.F.);
#2036=ORIENTED_EDGE('',*,*,#3223,.F.);
#2037=ORIENTED_EDGE('',*,*,#3130,.F.);
#2038=ORIENTED_EDGE('',*,*,#3251,.F.);
#2039=ORIENTED_EDGE('',*,*,#3252,.F.);
#2040=ORIENTED_EDGE('',*,*,#2848,.T.);
#2041=ORIENTED_EDGE('',*,*,#3253,.F.);
#2042=ORIENTED_EDGE('',*,*,#3254,.F.);
#2043=ORIENTED_EDGE('',*,*,#3255,.F.);
#2044=ORIENTED_EDGE('',*,*,#3251,.T.);
#2045=ORIENTED_EDGE('',*,*,#3129,.F.);
#2046=ORIENTED_EDGE('',*,*,#3256,.T.);
#2047=ORIENTED_EDGE('',*,*,#3257,.F.);
#2048=ORIENTED_EDGE('',*,*,#3254,.T.);
#2049=ORIENTED_EDGE('',*,*,#3258,.F.);
#2050=ORIENTED_EDGE('',*,*,#3125,.T.);
#2051=ORIENTED_EDGE('',*,*,#3259,.T.);
#2052=ORIENTED_EDGE('',*,*,#3260,.T.);
#2053=ORIENTED_EDGE('',*,*,#3261,.T.);
#2054=ORIENTED_EDGE('',*,*,#3262,.T.);
#2055=ORIENTED_EDGE('',*,*,#3140,.F.);
#2056=ORIENTED_EDGE('',*,*,#3153,.T.);
#2057=ORIENTED_EDGE('',*,*,#3150,.T.);
#2058=ORIENTED_EDGE('',*,*,#3146,.F.);
#2059=ORIENTED_EDGE('',*,*,#3141,.T.);
#2060=ORIENTED_EDGE('',*,*,#3229,.T.);
#2061=ORIENTED_EDGE('',*,*,#3155,.T.);
#2062=ORIENTED_EDGE('',*,*,#3164,.T.);
#2063=ORIENTED_EDGE('',*,*,#3163,.F.);
#2064=ORIENTED_EDGE('',*,*,#3186,.F.);
#2065=ORIENTED_EDGE('',*,*,#3225,.F.);
#2066=ORIENTED_EDGE('',*,*,#3250,.T.);
#2067=ORIENTED_EDGE('',*,*,#3165,.F.);
#2068=ORIENTED_EDGE('',*,*,#3224,.F.);
#2069=ORIENTED_EDGE('',*,*,#3249,.T.);
#2070=ORIENTED_EDGE('',*,*,#3170,.F.);
#2071=ORIENTED_EDGE('',*,*,#3168,.F.);
#2072=ORIENTED_EDGE('',*,*,#3173,.F.);
#2073=ORIENTED_EDGE('',*,*,#3179,.T.);
#2074=ORIENTED_EDGE('',*,*,#3195,.T.);
#2075=ORIENTED_EDGE('',*,*,#3263,.T.);
#2076=ORIENTED_EDGE('',*,*,#3264,.T.);
#2077=ORIENTED_EDGE('',*,*,#3191,.T.);
#2078=ORIENTED_EDGE('',*,*,#3197,.F.);
#2079=ORIENTED_EDGE('',*,*,#3265,.F.);
#2080=ORIENTED_EDGE('',*,*,#3193,.T.);
#2081=ORIENTED_EDGE('',*,*,#3266,.F.);
#2082=ORIENTED_EDGE('',*,*,#3267,.T.);
#2083=ORIENTED_EDGE('',*,*,#3194,.T.);
#2084=ORIENTED_EDGE('',*,*,#3265,.T.);
#2085=ORIENTED_EDGE('',*,*,#3268,.T.);
#2086=ORIENTED_EDGE('',*,*,#3269,.F.);
#2087=ORIENTED_EDGE('',*,*,#3263,.F.);
#2088=ORIENTED_EDGE('',*,*,#3231,.T.);
#2089=ORIENTED_EDGE('',*,*,#3219,.T.);
#2090=ORIENTED_EDGE('',*,*,#3247,.T.);
#2091=ORIENTED_EDGE('',*,*,#3221,.F.);
#2092=ORIENTED_EDGE('',*,*,#3246,.F.);
#2093=ORIENTED_EDGE('',*,*,#3243,.F.);
#2094=ORIENTED_EDGE('',*,*,#3240,.F.);
#2095=ORIENTED_EDGE('',*,*,#3238,.F.);
#2096=ORIENTED_EDGE('',*,*,#3268,.F.);
#2097=ORIENTED_EDGE('',*,*,#3267,.F.);
#2098=ORIENTED_EDGE('',*,*,#3270,.F.);
#2099=ORIENTED_EDGE('',*,*,#3271,.T.);
#2100=ORIENTED_EDGE('',*,*,#3258,.T.);
#2101=ORIENTED_EDGE('',*,*,#3253,.T.);
#2102=ORIENTED_EDGE('',*,*,#2847,.T.);
#2103=ORIENTED_EDGE('',*,*,#2854,.T.);
#2104=ORIENTED_EDGE('',*,*,#3272,.T.);
#2105=ORIENTED_EDGE('',*,*,#2851,.T.);
#2106=ORIENTED_EDGE('',*,*,#2843,.F.);
#2107=ORIENTED_EDGE('',*,*,#3262,.F.);
#2108=ORIENTED_EDGE('',*,*,#2855,.F.);
#2109=ORIENTED_EDGE('',*,*,#2874,.T.);
#2110=ORIENTED_EDGE('',*,*,#3273,.F.);
#2111=ORIENTED_EDGE('',*,*,#2885,.T.);
#2112=ORIENTED_EDGE('',*,*,#2892,.F.);
#2113=ORIENTED_EDGE('',*,*,#2895,.F.);
#2114=ORIENTED_EDGE('',*,*,#2898,.F.);
#2115=ORIENTED_EDGE('',*,*,#2904,.T.);
#2116=ORIENTED_EDGE('',*,*,#2910,.F.);
#2117=ORIENTED_EDGE('',*,*,#2913,.F.);
#2118=ORIENTED_EDGE('',*,*,#3274,.T.);
#2119=ORIENTED_EDGE('',*,*,#2996,.T.);
#2120=ORIENTED_EDGE('',*,*,#3037,.F.);
#2121=ORIENTED_EDGE('',*,*,#3275,.F.);
#2122=ORIENTED_EDGE('',*,*,#3007,.F.);
#2123=ORIENTED_EDGE('',*,*,#3276,.F.);
#2124=ORIENTED_EDGE('',*,*,#3277,.T.);
#2125=ORIENTED_EDGE('',*,*,#3222,.T.);
#2126=ORIENTED_EDGE('',*,*,#2984,.T.);
#2127=ORIENTED_EDGE('',*,*,#3277,.F.);
#2128=ORIENTED_EDGE('',*,*,#3278,.F.);
#2129=ORIENTED_EDGE('',*,*,#2872,.T.);
#2130=ORIENTED_EDGE('',*,*,#3012,.T.);
#2131=ORIENTED_EDGE('',*,*,#3015,.T.);
#2132=ORIENTED_EDGE('',*,*,#3018,.T.);
#2133=ORIENTED_EDGE('',*,*,#2997,.T.);
#2134=ORIENTED_EDGE('',*,*,#3002,.T.);
#2135=ORIENTED_EDGE('',*,*,#3005,.T.);
#2136=ORIENTED_EDGE('',*,*,#2886,.T.);
#2137=ORIENTED_EDGE('',*,*,#3273,.T.);
#2138=ORIENTED_EDGE('',*,*,#2873,.T.);
#2139=ORIENTED_EDGE('',*,*,#3278,.T.);
#2140=ORIENTED_EDGE('',*,*,#3276,.T.);
#2141=ORIENTED_EDGE('',*,*,#3122,.F.);
#2142=ORIENTED_EDGE('',*,*,#3279,.T.);
#2143=ORIENTED_EDGE('',*,*,#3280,.F.);
#2144=ORIENTED_EDGE('',*,*,#3135,.F.);
#2145=ORIENTED_EDGE('',*,*,#2935,.F.);
#2146=ORIENTED_EDGE('',*,*,#2860,.F.);
#2147=ORIENTED_EDGE('',*,*,#2930,.F.);
#2148=ORIENTED_EDGE('',*,*,#3137,.T.);
#2149=ORIENTED_EDGE('',*,*,#3143,.T.);
#2150=ORIENTED_EDGE('',*,*,#3148,.F.);
#2151=ORIENTED_EDGE('',*,*,#3149,.F.);
#2152=ORIENTED_EDGE('',*,*,#3152,.F.);
#2153=ORIENTED_EDGE('',*,*,#3158,.F.);
#2154=ORIENTED_EDGE('',*,*,#3029,.F.);
#2155=ORIENTED_EDGE('',*,*,#2880,.F.);
#2156=ORIENTED_EDGE('',*,*,#3028,.F.);
#2157=ORIENTED_EDGE('',*,*,#3026,.F.);
#2158=ORIENTED_EDGE('',*,*,#3024,.F.);
#2159=ORIENTED_EDGE('',*,*,#2876,.F.);
#2160=ORIENTED_EDGE('',*,*,#3022,.F.);
#2161=ORIENTED_EDGE('',*,*,#3160,.F.);
#2162=ORIENTED_EDGE('',*,*,#3020,.F.);
#2163=ORIENTED_EDGE('',*,*,#3033,.T.);
#2164=ORIENTED_EDGE('',*,*,#2896,.F.);
#2165=ORIENTED_EDGE('',*,*,#2890,.F.);
#2166=ORIENTED_EDGE('',*,*,#2914,.F.);
#2167=ORIENTED_EDGE('',*,*,#2856,.F.);
#2168=ORIENTED_EDGE('',*,*,#3274,.F.);
#2169=ORIENTED_EDGE('',*,*,#2912,.F.);
#2170=ORIENTED_EDGE('',*,*,#3035,.T.);
#2171=ORIENTED_EDGE('',*,*,#3008,.T.);
#2172=ORIENTED_EDGE('',*,*,#3275,.T.);
#2173=ORIENTED_EDGE('',*,*,#3036,.F.);
#2174=ORIENTED_EDGE('',*,*,#3039,.F.);
#2175=ORIENTED_EDGE('',*,*,#3041,.F.);
#2176=ORIENTED_EDGE('',*,*,#3043,.F.);
#2177=ORIENTED_EDGE('',*,*,#3047,.F.);
#2178=ORIENTED_EDGE('',*,*,#3050,.F.);
#2179=ORIENTED_EDGE('',*,*,#3053,.F.);
#2180=ORIENTED_EDGE('',*,*,#3056,.F.);
#2181=ORIENTED_EDGE('',*,*,#3062,.F.);
#2182=ORIENTED_EDGE('',*,*,#3067,.F.);
#2183=ORIENTED_EDGE('',*,*,#3075,.F.);
#2184=ORIENTED_EDGE('',*,*,#3076,.F.);
#2185=ORIENTED_EDGE('',*,*,#3082,.F.);
#2186=ORIENTED_EDGE('',*,*,#2969,.F.);
#2187=ORIENTED_EDGE('',*,*,#3084,.F.);
#2188=ORIENTED_EDGE('',*,*,#3087,.F.);
#2189=ORIENTED_EDGE('',*,*,#3098,.F.);
#2190=ORIENTED_EDGE('',*,*,#3099,.F.);
#2191=ORIENTED_EDGE('',*,*,#3101,.F.);
#2192=ORIENTED_EDGE('',*,*,#3103,.F.);
#2193=ORIENTED_EDGE('',*,*,#3094,.F.);
#2194=ORIENTED_EDGE('',*,*,#3104,.F.);
#2195=ORIENTED_EDGE('',*,*,#3110,.F.);
#2196=ORIENTED_EDGE('',*,*,#3115,.T.);
#2197=ORIENTED_EDGE('',*,*,#3281,.F.);
#2198=ORIENTED_EDGE('',*,*,#3117,.F.);
#2199=ORIENTED_EDGE('',*,*,#3282,.F.);
#2200=ORIENTED_EDGE('',*,*,#3283,.T.);
#2201=ORIENTED_EDGE('',*,*,#3127,.F.);
#2202=ORIENTED_EDGE('',*,*,#3284,.F.);
#2203=ORIENTED_EDGE('',*,*,#3285,.T.);
#2204=ORIENTED_EDGE('',*,*,#3286,.F.);
#2205=ORIENTED_EDGE('',*,*,#3287,.F.);
#2206=ORIENTED_EDGE('',*,*,#3288,.T.);
#2207=ORIENTED_EDGE('',*,*,#3285,.F.);
#2208=ORIENTED_EDGE('',*,*,#3289,.F.);
#2209=ORIENTED_EDGE('',*,*,#3290,.F.);
#2210=ORIENTED_EDGE('',*,*,#3291,.F.);
#2211=ORIENTED_EDGE('',*,*,#3292,.F.);
#2212=ORIENTED_EDGE('',*,*,#3118,.F.);
#2213=ORIENTED_EDGE('',*,*,#3281,.T.);
#2214=ORIENTED_EDGE('',*,*,#3114,.T.);
#2215=ORIENTED_EDGE('',*,*,#3171,.T.);
#2216=ORIENTED_EDGE('',*,*,#3252,.T.);
#2217=ORIENTED_EDGE('',*,*,#3255,.T.);
#2218=ORIENTED_EDGE('',*,*,#3257,.T.);
#2219=ORIENTED_EDGE('',*,*,#3293,.F.);
#2220=ORIENTED_EDGE('',*,*,#3128,.F.);
#2221=ORIENTED_EDGE('',*,*,#3283,.F.);
#2222=ORIENTED_EDGE('',*,*,#3288,.F.);
#2223=ORIENTED_EDGE('',*,*,#3294,.F.);
#2224=ORIENTED_EDGE('',*,*,#3295,.F.);
#2225=ORIENTED_EDGE('',*,*,#3119,.T.);
#2226=ORIENTED_EDGE('',*,*,#3292,.T.);
#2227=ORIENTED_EDGE('',*,*,#3296,.F.);
#2228=ORIENTED_EDGE('',*,*,#3297,.F.);
#2229=ORIENTED_EDGE('',*,*,#3289,.T.);
#2230=ORIENTED_EDGE('',*,*,#3284,.T.);
#2231=ORIENTED_EDGE('',*,*,#3126,.F.);
#2232=ORIENTED_EDGE('',*,*,#3261,.F.);
#2233=ORIENTED_EDGE('',*,*,#3298,.T.);
#2234=ORIENTED_EDGE('',*,*,#3299,.T.);
#2235=ORIENTED_EDGE('',*,*,#3132,.T.);
#2236=ORIENTED_EDGE('',*,*,#3227,.T.);
#2237=ORIENTED_EDGE('',*,*,#3228,.T.);
#2238=ORIENTED_EDGE('',*,*,#3188,.T.);
#2239=ORIENTED_EDGE('',*,*,#3180,.T.);
#2240=ORIENTED_EDGE('',*,*,#2926,.T.);
#2241=ORIENTED_EDGE('',*,*,#2917,.F.);
#2242=ORIENTED_EDGE('',*,*,#3300,.T.);
#2243=ORIENTED_EDGE('',*,*,#2915,.T.);
#2244=ORIENTED_EDGE('',*,*,#2882,.T.);
#2245=ORIENTED_EDGE('',*,*,#3031,.T.);
#2246=ORIENTED_EDGE('',*,*,#3157,.T.);
#2247=ORIENTED_EDGE('',*,*,#3230,.T.);
#2248=ORIENTED_EDGE('',*,*,#3144,.T.);
#2249=ORIENTED_EDGE('',*,*,#3138,.T.);
#2250=ORIENTED_EDGE('',*,*,#2934,.T.);
#2251=ORIENTED_EDGE('',*,*,#3299,.F.);
#2252=ORIENTED_EDGE('',*,*,#2916,.T.);
#2253=ORIENTED_EDGE('',*,*,#3300,.F.);
#2254=ORIENTED_EDGE('',*,*,#2933,.F.);
#2255=ORIENTED_EDGE('',*,*,#3301,.T.);
#2256=ORIENTED_EDGE('',*,*,#3302,.T.);
#2257=ORIENTED_EDGE('',*,*,#3296,.T.);
#2258=ORIENTED_EDGE('',*,*,#3291,.T.);
#2259=ORIENTED_EDGE('',*,*,#3303,.F.);
#2260=ORIENTED_EDGE('',*,*,#3304,.T.);
#2261=ORIENTED_EDGE('',*,*,#3303,.T.);
#2262=ORIENTED_EDGE('',*,*,#3290,.T.);
#2263=ORIENTED_EDGE('',*,*,#3256,.F.);
#2264=ORIENTED_EDGE('',*,*,#3271,.F.);
#2265=ORIENTED_EDGE('',*,*,#2853,.F.);
#2266=ORIENTED_EDGE('',*,*,#3305,.T.);
#2267=ORIENTED_EDGE('',*,*,#3306,.T.);
#2268=ORIENTED_EDGE('',*,*,#3298,.F.);
#2269=ORIENTED_EDGE('',*,*,#3260,.F.);
#2270=ORIENTED_EDGE('',*,*,#3307,.F.);
#2271=ORIENTED_EDGE('',*,*,#3308,.T.);
#2272=ORIENTED_EDGE('',*,*,#3309,.T.);
#2273=ORIENTED_EDGE('',*,*,#3307,.T.);
#2274=ORIENTED_EDGE('',*,*,#3259,.F.);
#2275=ORIENTED_EDGE('',*,*,#3124,.T.);
#2276=ORIENTED_EDGE('',*,*,#3310,.T.);
#2277=ORIENTED_EDGE('',*,*,#3311,.F.);
#2278=ORIENTED_EDGE('',*,*,#3305,.F.);
#2279=ORIENTED_EDGE('',*,*,#3309,.F.);
#2280=ORIENTED_EDGE('',*,*,#3312,.T.);
#2281=ORIENTED_EDGE('',*,*,#3294,.T.);
#2282=ORIENTED_EDGE('',*,*,#3306,.F.);
#2283=ORIENTED_EDGE('',*,*,#3311,.T.);
#2284=ORIENTED_EDGE('',*,*,#2842,.F.);
#2285=ORIENTED_EDGE('',*,*,#3313,.F.);
#2286=ORIENTED_EDGE('',*,*,#3279,.F.);
#2287=ORIENTED_EDGE('',*,*,#3121,.T.);
#2288=ORIENTED_EDGE('',*,*,#3293,.T.);
#2289=ORIENTED_EDGE('',*,*,#3287,.T.);
#2290=ORIENTED_EDGE('',*,*,#3314,.F.);
#2291=ORIENTED_EDGE('',*,*,#3301,.F.);
#2292=ORIENTED_EDGE('',*,*,#3304,.F.);
#2293=ORIENTED_EDGE('',*,*,#2852,.F.);
#2294=ORIENTED_EDGE('',*,*,#3272,.F.);
#2295=ORIENTED_EDGE('',*,*,#3286,.T.);
#2296=ORIENTED_EDGE('',*,*,#3297,.T.);
#2297=ORIENTED_EDGE('',*,*,#3302,.F.);
#2298=ORIENTED_EDGE('',*,*,#3314,.T.);
#2299=ORIENTED_EDGE('',*,*,#3312,.F.);
#2300=ORIENTED_EDGE('',*,*,#3310,.F.);
#2301=ORIENTED_EDGE('',*,*,#3308,.F.);
#2302=ORIENTED_EDGE('',*,*,#3123,.T.);
#2303=ORIENTED_EDGE('',*,*,#3282,.T.);
#2304=ORIENTED_EDGE('',*,*,#3120,.F.);
#2305=ORIENTED_EDGE('',*,*,#3295,.T.);
#2306=ORIENTED_EDGE('',*,*,#3269,.T.);
#2307=ORIENTED_EDGE('',*,*,#3270,.T.);
#2308=ORIENTED_EDGE('',*,*,#3266,.T.);
#2309=ORIENTED_EDGE('',*,*,#3192,.T.);
#2310=ORIENTED_EDGE('',*,*,#3264,.F.);
#2311=ORIENTED_EDGE('',*,*,#3107,.F.);
#2312=ORIENTED_EDGE('',*,*,#3280,.T.);
#2313=ORIENTED_EDGE('',*,*,#3313,.T.);
#2314=ORIENTED_EDGE('',*,*,#2841,.T.);
#2315=ORIENTED_EDGE('',*,*,#2850,.F.);
#2316=ORIENTED_EDGE('',*,*,#3136,.F.);
#2317=ORIENTED_EDGE('',*,*,#3315,.F.);
#2318=ORIENTED_EDGE('',*,*,#3316,.T.);
#2319=ORIENTED_EDGE('',*,*,#3317,.T.);
#2320=ORIENTED_EDGE('',*,*,#3318,.F.);
#2321=ORIENTED_EDGE('',*,*,#3317,.F.);
#2322=ORIENTED_EDGE('',*,*,#3319,.T.);
#2323=ORIENTED_EDGE('',*,*,#3320,.F.);
#2324=ORIENTED_EDGE('',*,*,#3321,.F.);
#2325=ORIENTED_EDGE('',*,*,#3322,.T.);
#2326=ORIENTED_EDGE('',*,*,#3323,.T.);
#2327=ORIENTED_EDGE('',*,*,#3324,.T.);
#2328=ORIENTED_EDGE('',*,*,#3325,.T.);
#2329=ORIENTED_EDGE('',*,*,#3326,.F.);
#2330=ORIENTED_EDGE('',*,*,#3327,.T.);
#2331=ORIENTED_EDGE('',*,*,#3326,.T.);
#2332=ORIENTED_EDGE('',*,*,#3328,.T.);
#2333=ORIENTED_EDGE('',*,*,#3327,.F.);
#2334=ORIENTED_EDGE('',*,*,#3329,.T.);
#2335=ORIENTED_EDGE('',*,*,#3328,.F.);
#2336=ORIENTED_EDGE('',*,*,#3330,.F.);
#2337=ORIENTED_EDGE('',*,*,#3331,.F.);
#2338=ORIENTED_EDGE('',*,*,#3332,.F.);
#2339=ORIENTED_EDGE('',*,*,#3333,.F.);
#2340=ORIENTED_EDGE('',*,*,#3334,.F.);
#2341=ORIENTED_EDGE('',*,*,#3335,.F.);
#2342=ORIENTED_EDGE('',*,*,#3336,.T.);
#2343=ORIENTED_EDGE('',*,*,#3337,.T.);
#2344=ORIENTED_EDGE('',*,*,#3331,.T.);
#2345=ORIENTED_EDGE('',*,*,#3338,.F.);
#2346=ORIENTED_EDGE('',*,*,#3339,.T.);
#2347=ORIENTED_EDGE('',*,*,#3340,.T.);
#2348=ORIENTED_EDGE('',*,*,#3341,.T.);
#2349=ORIENTED_EDGE('',*,*,#3342,.F.);
#2350=ORIENTED_EDGE('',*,*,#3343,.T.);
#2351=ORIENTED_EDGE('',*,*,#3341,.F.);
#2352=ORIENTED_EDGE('',*,*,#3344,.F.);
#2353=ORIENTED_EDGE('',*,*,#3345,.F.);
#2354=ORIENTED_EDGE('',*,*,#3346,.F.);
#2355=ORIENTED_EDGE('',*,*,#3329,.F.);
#2356=ORIENTED_EDGE('',*,*,#3347,.T.);
#2357=ORIENTED_EDGE('',*,*,#3348,.T.);
#2358=ORIENTED_EDGE('',*,*,#3342,.T.);
#2359=ORIENTED_EDGE('',*,*,#3346,.T.);
#2360=ORIENTED_EDGE('',*,*,#3349,.T.);
#2361=ORIENTED_EDGE('',*,*,#3350,.F.);
#2362=ORIENTED_EDGE('',*,*,#3351,.F.);
#2363=ORIENTED_EDGE('',*,*,#3336,.F.);
#2364=ORIENTED_EDGE('',*,*,#3351,.T.);
#2365=ORIENTED_EDGE('',*,*,#3352,.F.);
#2366=ORIENTED_EDGE('',*,*,#3353,.F.);
#2367=ORIENTED_EDGE('',*,*,#3354,.F.);
#2368=ORIENTED_EDGE('',*,*,#3332,.T.);
#2369=ORIENTED_EDGE('',*,*,#3337,.F.);
#2370=ORIENTED_EDGE('',*,*,#3355,.F.);
#2371=ORIENTED_EDGE('',*,*,#3356,.F.);
#2372=ORIENTED_EDGE('',*,*,#3333,.T.);
#2373=ORIENTED_EDGE('',*,*,#3354,.T.);
#2374=ORIENTED_EDGE('',*,*,#3357,.F.);
#2375=ORIENTED_EDGE('',*,*,#3334,.T.);
#2376=ORIENTED_EDGE('',*,*,#3356,.T.);
#2377=ORIENTED_EDGE('',*,*,#3358,.F.);
#2378=ORIENTED_EDGE('',*,*,#3347,.F.);
#2379=ORIENTED_EDGE('',*,*,#3335,.T.);
#2380=ORIENTED_EDGE('',*,*,#3330,.T.);
#2381=ORIENTED_EDGE('',*,*,#3357,.T.);
#2382=ORIENTED_EDGE('',*,*,#3359,.T.);
#2383=ORIENTED_EDGE('',*,*,#3360,.T.);
#2384=ORIENTED_EDGE('',*,*,#3361,.T.);
#2385=ORIENTED_EDGE('',*,*,#3362,.T.);
#2386=ORIENTED_EDGE('',*,*,#3361,.F.);
#2387=ORIENTED_EDGE('',*,*,#3363,.F.);
#2388=ORIENTED_EDGE('',*,*,#3364,.F.);
#2389=ORIENTED_EDGE('',*,*,#3365,.T.);
#2390=ORIENTED_EDGE('',*,*,#3366,.T.);
#2391=ORIENTED_EDGE('',*,*,#3367,.F.);
#2392=ORIENTED_EDGE('',*,*,#3368,.T.);
#2393=ORIENTED_EDGE('',*,*,#3364,.T.);
#2394=ORIENTED_EDGE('',*,*,#3369,.T.);
#2395=ORIENTED_EDGE('',*,*,#3370,.T.);
#2396=ORIENTED_EDGE('',*,*,#3371,.F.);
#2397=ORIENTED_EDGE('',*,*,#3372,.F.);
#2398=ORIENTED_EDGE('',*,*,#3373,.F.);
#2399=ORIENTED_EDGE('',*,*,#3374,.F.);
#2400=ORIENTED_EDGE('',*,*,#3375,.F.);
#2401=ORIENTED_EDGE('',*,*,#3376,.T.);
#2402=ORIENTED_EDGE('',*,*,#3377,.F.);
#2403=ORIENTED_EDGE('',*,*,#3378,.F.);
#2404=ORIENTED_EDGE('',*,*,#3379,.F.);
#2405=ORIENTED_EDGE('',*,*,#3380,.T.);
#2406=ORIENTED_EDGE('',*,*,#3381,.F.);
#2407=ORIENTED_EDGE('',*,*,#3382,.T.);
#2408=ORIENTED_EDGE('',*,*,#3383,.T.);
#2409=ORIENTED_EDGE('',*,*,#3384,.T.);
#2410=ORIENTED_EDGE('',*,*,#3385,.T.);
#2411=ORIENTED_EDGE('',*,*,#3386,.T.);
#2412=ORIENTED_EDGE('',*,*,#3387,.F.);
#2413=ORIENTED_EDGE('',*,*,#3388,.F.);
#2414=ORIENTED_EDGE('',*,*,#3382,.F.);
#2415=ORIENTED_EDGE('',*,*,#3389,.F.);
#2416=ORIENTED_EDGE('',*,*,#3390,.F.);
#2417=ORIENTED_EDGE('',*,*,#3338,.T.);
#2418=ORIENTED_EDGE('',*,*,#3391,.F.);
#2419=ORIENTED_EDGE('',*,*,#3392,.F.);
#2420=ORIENTED_EDGE('',*,*,#3339,.F.);
#2421=ORIENTED_EDGE('',*,*,#3393,.T.);
#2422=ORIENTED_EDGE('',*,*,#3394,.T.);
#2423=ORIENTED_EDGE('',*,*,#3395,.T.);
#2424=ORIENTED_EDGE('',*,*,#3396,.T.);
#2425=ORIENTED_EDGE('',*,*,#3397,.T.);
#2426=ORIENTED_EDGE('',*,*,#3398,.T.);
#2427=ORIENTED_EDGE('',*,*,#3399,.T.);
#2428=ORIENTED_EDGE('',*,*,#3400,.T.);
#2429=ORIENTED_EDGE('',*,*,#3401,.T.);
#2430=ORIENTED_EDGE('',*,*,#3402,.F.);
#2431=ORIENTED_EDGE('',*,*,#3403,.F.);
#2432=ORIENTED_EDGE('',*,*,#3404,.T.);
#2433=ORIENTED_EDGE('',*,*,#3405,.T.);
#2434=ORIENTED_EDGE('',*,*,#3406,.T.);
#2435=ORIENTED_EDGE('',*,*,#3407,.T.);
#2436=ORIENTED_EDGE('',*,*,#3408,.T.);
#2437=ORIENTED_EDGE('',*,*,#3409,.F.);
#2438=ORIENTED_EDGE('',*,*,#3410,.F.);
#2439=ORIENTED_EDGE('',*,*,#3411,.F.);
#2440=ORIENTED_EDGE('',*,*,#3412,.F.);
#2441=ORIENTED_EDGE('',*,*,#3408,.F.);
#2442=ORIENTED_EDGE('',*,*,#3413,.T.);
#2443=ORIENTED_EDGE('',*,*,#3414,.T.);
#2444=ORIENTED_EDGE('',*,*,#3375,.T.);
#2445=ORIENTED_EDGE('',*,*,#3415,.F.);
#2446=ORIENTED_EDGE('',*,*,#3348,.F.);
#2447=ORIENTED_EDGE('',*,*,#3360,.F.);
#2448=ORIENTED_EDGE('',*,*,#3416,.F.);
#2449=ORIENTED_EDGE('',*,*,#3417,.F.);
#2450=ORIENTED_EDGE('',*,*,#3418,.F.);
#2451=ORIENTED_EDGE('',*,*,#3343,.F.);
#2452=ORIENTED_EDGE('',*,*,#3340,.F.);
#2453=ORIENTED_EDGE('',*,*,#3418,.T.);
#2454=ORIENTED_EDGE('',*,*,#3419,.T.);
#2455=ORIENTED_EDGE('',*,*,#3420,.F.);
#2456=ORIENTED_EDGE('',*,*,#3344,.T.);
#2457=ORIENTED_EDGE('',*,*,#3421,.T.);
#2458=ORIENTED_EDGE('',*,*,#3422,.F.);
#2459=ORIENTED_EDGE('',*,*,#3423,.T.);
#2460=ORIENTED_EDGE('',*,*,#3349,.F.);
#2461=ORIENTED_EDGE('',*,*,#3345,.T.);
#2462=ORIENTED_EDGE('',*,*,#3420,.T.);
#2463=ORIENTED_EDGE('',*,*,#3423,.F.);
#2464=ORIENTED_EDGE('',*,*,#3424,.F.);
#2465=ORIENTED_EDGE('',*,*,#3425,.T.);
#2466=ORIENTED_EDGE('',*,*,#3426,.F.);
#2467=ORIENTED_EDGE('',*,*,#3352,.T.);
#2468=ORIENTED_EDGE('',*,*,#3350,.T.);
#2469=ORIENTED_EDGE('',*,*,#3362,.F.);
#2470=ORIENTED_EDGE('',*,*,#3359,.F.);
#2471=ORIENTED_EDGE('',*,*,#3358,.T.);
#2472=ORIENTED_EDGE('',*,*,#3355,.T.);
#2473=ORIENTED_EDGE('',*,*,#3353,.T.);
#2474=ORIENTED_EDGE('',*,*,#3426,.T.);
#2475=ORIENTED_EDGE('',*,*,#3427,.T.);
#2476=ORIENTED_EDGE('',*,*,#3318,.T.);
#2477=ORIENTED_EDGE('',*,*,#3321,.T.);
#2478=ORIENTED_EDGE('',*,*,#3428,.T.);
#2479=ORIENTED_EDGE('',*,*,#3429,.T.);
#2480=ORIENTED_EDGE('',*,*,#3370,.F.);
#2481=ORIENTED_EDGE('',*,*,#3430,.F.);
#2482=ORIENTED_EDGE('',*,*,#3431,.F.);
#2483=ORIENTED_EDGE('',*,*,#3416,.T.);
#2484=ORIENTED_EDGE('',*,*,#3432,.F.);
#2485=ORIENTED_EDGE('',*,*,#3433,.F.);
#2486=ORIENTED_EDGE('',*,*,#3434,.F.);
#2487=ORIENTED_EDGE('',*,*,#3435,.F.);
#2488=ORIENTED_EDGE('',*,*,#3424,.T.);
#2489=ORIENTED_EDGE('',*,*,#3422,.T.);
#2490=ORIENTED_EDGE('',*,*,#3436,.F.);
#2491=ORIENTED_EDGE('',*,*,#3437,.F.);
#2492=ORIENTED_EDGE('',*,*,#3411,.T.);
#2493=ORIENTED_EDGE('',*,*,#3438,.F.);
#2494=ORIENTED_EDGE('',*,*,#3439,.F.);
#2495=ORIENTED_EDGE('',*,*,#3440,.F.);
#2496=ORIENTED_EDGE('',*,*,#3441,.F.);
#2497=ORIENTED_EDGE('',*,*,#3433,.T.);
#2498=ORIENTED_EDGE('',*,*,#3442,.T.);
#2499=ORIENTED_EDGE('',*,*,#3443,.F.);
#2500=ORIENTED_EDGE('',*,*,#3444,.T.);
#2501=ORIENTED_EDGE('',*,*,#3445,.T.);
#2502=ORIENTED_EDGE('',*,*,#3446,.F.);
#2503=ORIENTED_EDGE('',*,*,#3447,.F.);
#2504=ORIENTED_EDGE('',*,*,#3448,.F.);
#2505=ORIENTED_EDGE('',*,*,#3449,.T.);
#2506=ORIENTED_EDGE('',*,*,#3450,.T.);
#2507=ORIENTED_EDGE('',*,*,#3451,.F.);
#2508=ORIENTED_EDGE('',*,*,#3452,.F.);
#2509=ORIENTED_EDGE('',*,*,#3322,.F.);
#2510=ORIENTED_EDGE('',*,*,#3453,.F.);
#2511=ORIENTED_EDGE('',*,*,#3445,.F.);
#2512=ORIENTED_EDGE('',*,*,#3454,.F.);
#2513=ORIENTED_EDGE('',*,*,#3455,.F.);
#2514=ORIENTED_EDGE('',*,*,#3456,.F.);
#2515=ORIENTED_EDGE('',*,*,#3457,.T.);
#2516=ORIENTED_EDGE('',*,*,#3324,.F.);
#2517=ORIENTED_EDGE('',*,*,#3458,.F.);
#2518=ORIENTED_EDGE('',*,*,#3459,.F.);
#2519=ORIENTED_EDGE('',*,*,#3460,.F.);
#2520=ORIENTED_EDGE('',*,*,#3461,.T.);
#2521=ORIENTED_EDGE('',*,*,#3458,.T.);
#2522=ORIENTED_EDGE('',*,*,#3323,.F.);
#2523=ORIENTED_EDGE('',*,*,#3452,.T.);
#2524=ORIENTED_EDGE('',*,*,#3462,.T.);
#2525=ORIENTED_EDGE('',*,*,#3463,.F.);
#2526=ORIENTED_EDGE('',*,*,#3464,.T.);
#2527=ORIENTED_EDGE('',*,*,#3434,.T.);
#2528=ORIENTED_EDGE('',*,*,#3444,.F.);
#2529=ORIENTED_EDGE('',*,*,#3465,.F.);
#2530=ORIENTED_EDGE('',*,*,#3466,.F.);
#2531=ORIENTED_EDGE('',*,*,#3467,.F.);
#2532=ORIENTED_EDGE('',*,*,#3365,.F.);
#2533=ORIENTED_EDGE('',*,*,#3371,.T.);
#2534=ORIENTED_EDGE('',*,*,#3429,.F.);
#2535=ORIENTED_EDGE('',*,*,#3468,.T.);
#2536=ORIENTED_EDGE('',*,*,#3469,.F.);
#2537=ORIENTED_EDGE('',*,*,#3470,.T.);
#2538=ORIENTED_EDGE('',*,*,#3366,.F.);
#2539=ORIENTED_EDGE('',*,*,#3467,.T.);
#2540=ORIENTED_EDGE('',*,*,#3471,.F.);
#2541=ORIENTED_EDGE('',*,*,#3472,.F.);
#2542=ORIENTED_EDGE('',*,*,#3367,.T.);
#2543=ORIENTED_EDGE('',*,*,#3470,.F.);
#2544=ORIENTED_EDGE('',*,*,#3473,.F.);
#2545=ORIENTED_EDGE('',*,*,#3474,.T.);
#2546=ORIENTED_EDGE('',*,*,#3368,.F.);
#2547=ORIENTED_EDGE('',*,*,#3472,.T.);
#2548=ORIENTED_EDGE('',*,*,#3475,.F.);
#2549=ORIENTED_EDGE('',*,*,#3476,.F.);
#2550=ORIENTED_EDGE('',*,*,#3430,.T.);
#2551=ORIENTED_EDGE('',*,*,#3369,.F.);
#2552=ORIENTED_EDGE('',*,*,#3363,.T.);
#2553=ORIENTED_EDGE('',*,*,#3474,.F.);
#2554=ORIENTED_EDGE('',*,*,#3477,.F.);
#2555=ORIENTED_EDGE('',*,*,#3478,.T.);
#2556=ORIENTED_EDGE('',*,*,#3479,.T.);
#2557=ORIENTED_EDGE('',*,*,#3372,.T.);
#2558=ORIENTED_EDGE('',*,*,#3414,.F.);
#2559=ORIENTED_EDGE('',*,*,#3480,.T.);
#2560=ORIENTED_EDGE('',*,*,#3481,.F.);
#2561=ORIENTED_EDGE('',*,*,#3482,.T.);
#2562=ORIENTED_EDGE('',*,*,#3415,.T.);
#2563=ORIENTED_EDGE('',*,*,#3374,.T.);
#2564=ORIENTED_EDGE('',*,*,#3483,.T.);
#2565=ORIENTED_EDGE('',*,*,#3484,.T.);
#2566=ORIENTED_EDGE('',*,*,#3485,.F.);
#2567=ORIENTED_EDGE('',*,*,#3486,.T.);
#2568=ORIENTED_EDGE('',*,*,#3409,.T.);
#2569=ORIENTED_EDGE('',*,*,#3412,.T.);
#2570=ORIENTED_EDGE('',*,*,#3437,.T.);
#2571=ORIENTED_EDGE('',*,*,#3487,.T.);
#2572=ORIENTED_EDGE('',*,*,#3488,.F.);
#2573=ORIENTED_EDGE('',*,*,#3489,.F.);
#2574=ORIENTED_EDGE('',*,*,#3397,.F.);
#2575=ORIENTED_EDGE('',*,*,#3490,.T.);
#2576=ORIENTED_EDGE('',*,*,#3491,.F.);
#2577=ORIENTED_EDGE('',*,*,#3492,.F.);
#2578=ORIENTED_EDGE('',*,*,#3398,.F.);
#2579=ORIENTED_EDGE('',*,*,#3489,.T.);
#2580=ORIENTED_EDGE('',*,*,#3493,.F.);
#2581=ORIENTED_EDGE('',*,*,#3494,.F.);
#2582=ORIENTED_EDGE('',*,*,#3399,.F.);
#2583=ORIENTED_EDGE('',*,*,#3492,.T.);
#2584=ORIENTED_EDGE('',*,*,#3495,.F.);
#2585=ORIENTED_EDGE('',*,*,#3496,.F.);
#2586=ORIENTED_EDGE('',*,*,#3400,.F.);
#2587=ORIENTED_EDGE('',*,*,#3494,.T.);
#2588=ORIENTED_EDGE('',*,*,#3497,.F.);
#2589=ORIENTED_EDGE('',*,*,#3498,.F.);
#2590=ORIENTED_EDGE('',*,*,#3401,.F.);
#2591=ORIENTED_EDGE('',*,*,#3496,.T.);
#2592=ORIENTED_EDGE('',*,*,#3499,.F.);
#2593=ORIENTED_EDGE('',*,*,#3500,.T.);
#2594=ORIENTED_EDGE('',*,*,#3402,.T.);
#2595=ORIENTED_EDGE('',*,*,#3498,.T.);
#2596=ORIENTED_EDGE('',*,*,#3501,.F.);
#2597=ORIENTED_EDGE('',*,*,#3502,.F.);
#2598=ORIENTED_EDGE('',*,*,#3379,.T.);
#2599=ORIENTED_EDGE('',*,*,#3403,.T.);
#2600=ORIENTED_EDGE('',*,*,#3500,.F.);
#2601=ORIENTED_EDGE('',*,*,#3503,.F.);
#2602=ORIENTED_EDGE('',*,*,#3504,.T.);
#2603=ORIENTED_EDGE('',*,*,#3380,.F.);
#2604=ORIENTED_EDGE('',*,*,#3502,.T.);
#2605=ORIENTED_EDGE('',*,*,#3505,.F.);
#2606=ORIENTED_EDGE('',*,*,#3506,.F.);
#2607=ORIENTED_EDGE('',*,*,#3381,.T.);
#2608=ORIENTED_EDGE('',*,*,#3504,.F.);
#2609=ORIENTED_EDGE('',*,*,#3507,.F.);
#2610=ORIENTED_EDGE('',*,*,#3508,.T.);
#2611=ORIENTED_EDGE('',*,*,#3376,.F.);
#2612=ORIENTED_EDGE('',*,*,#3506,.T.);
#2613=ORIENTED_EDGE('',*,*,#3509,.F.);
#2614=ORIENTED_EDGE('',*,*,#3510,.F.);
#2615=ORIENTED_EDGE('',*,*,#3377,.T.);
#2616=ORIENTED_EDGE('',*,*,#3508,.F.);
#2617=ORIENTED_EDGE('',*,*,#3511,.F.);
#2618=ORIENTED_EDGE('',*,*,#3512,.T.);
#2619=ORIENTED_EDGE('',*,*,#3387,.T.);
#2620=ORIENTED_EDGE('',*,*,#3513,.T.);
#2621=ORIENTED_EDGE('',*,*,#3404,.F.);
#2622=ORIENTED_EDGE('',*,*,#3378,.T.);
#2623=ORIENTED_EDGE('',*,*,#3510,.T.);
#2624=ORIENTED_EDGE('',*,*,#3514,.F.);
#2625=ORIENTED_EDGE('',*,*,#3515,.T.);
#2626=ORIENTED_EDGE('',*,*,#3383,.F.);
#2627=ORIENTED_EDGE('',*,*,#3388,.T.);
#2628=ORIENTED_EDGE('',*,*,#3512,.F.);
#2629=ORIENTED_EDGE('',*,*,#3516,.F.);
#2630=ORIENTED_EDGE('',*,*,#3517,.T.);
#2631=ORIENTED_EDGE('',*,*,#3384,.F.);
#2632=ORIENTED_EDGE('',*,*,#3515,.F.);
#2633=ORIENTED_EDGE('',*,*,#3518,.F.);
#2634=ORIENTED_EDGE('',*,*,#3519,.F.);
#2635=ORIENTED_EDGE('',*,*,#3389,.T.);
#2636=ORIENTED_EDGE('',*,*,#3385,.F.);
#2637=ORIENTED_EDGE('',*,*,#3517,.F.);
#2638=ORIENTED_EDGE('',*,*,#3520,.F.);
#2639=ORIENTED_EDGE('',*,*,#3521,.T.);
#2640=ORIENTED_EDGE('',*,*,#3390,.T.);
#2641=ORIENTED_EDGE('',*,*,#3519,.T.);
#2642=ORIENTED_EDGE('',*,*,#3522,.F.);
#2643=ORIENTED_EDGE('',*,*,#3523,.F.);
#2644=ORIENTED_EDGE('',*,*,#3392,.T.);
#2645=ORIENTED_EDGE('',*,*,#3524,.F.);
#2646=ORIENTED_EDGE('',*,*,#3405,.F.);
#2647=ORIENTED_EDGE('',*,*,#3513,.F.);
#2648=ORIENTED_EDGE('',*,*,#3386,.F.);
#2649=ORIENTED_EDGE('',*,*,#3521,.F.);
#2650=ORIENTED_EDGE('',*,*,#3393,.F.);
#2651=ORIENTED_EDGE('',*,*,#3525,.T.);
#2652=ORIENTED_EDGE('',*,*,#3395,.F.);
#2653=ORIENTED_EDGE('',*,*,#3524,.T.);
#2654=ORIENTED_EDGE('',*,*,#3391,.T.);
#2655=ORIENTED_EDGE('',*,*,#3523,.T.);
#2656=ORIENTED_EDGE('',*,*,#3526,.F.);
#2657=ORIENTED_EDGE('',*,*,#3527,.F.);
#2658=ORIENTED_EDGE('',*,*,#3528,.F.);
#2659=ORIENTED_EDGE('',*,*,#3529,.F.);
#2660=ORIENTED_EDGE('',*,*,#3406,.F.);
#2661=ORIENTED_EDGE('',*,*,#3486,.F.);
#2662=ORIENTED_EDGE('',*,*,#3530,.F.);
#2663=ORIENTED_EDGE('',*,*,#3490,.F.);
#2664=ORIENTED_EDGE('',*,*,#3396,.F.);
#2665=ORIENTED_EDGE('',*,*,#3525,.F.);
#2666=ORIENTED_EDGE('',*,*,#3394,.F.);
#2667=ORIENTED_EDGE('',*,*,#3527,.T.);
#2668=ORIENTED_EDGE('',*,*,#3531,.F.);
#2669=ORIENTED_EDGE('',*,*,#3532,.T.);
#2670=ORIENTED_EDGE('',*,*,#3438,.T.);
#2671=ORIENTED_EDGE('',*,*,#3410,.T.);
#2672=ORIENTED_EDGE('',*,*,#3407,.F.);
#2673=ORIENTED_EDGE('',*,*,#3529,.T.);
#2674=ORIENTED_EDGE('',*,*,#3487,.F.);
#2675=ORIENTED_EDGE('',*,*,#3436,.T.);
#2676=ORIENTED_EDGE('',*,*,#3421,.F.);
#2677=ORIENTED_EDGE('',*,*,#3419,.F.);
#2678=ORIENTED_EDGE('',*,*,#3417,.T.);
#2679=ORIENTED_EDGE('',*,*,#3431,.T.);
#2680=ORIENTED_EDGE('',*,*,#3476,.T.);
#2681=ORIENTED_EDGE('',*,*,#3533,.F.);
#2682=ORIENTED_EDGE('',*,*,#3480,.F.);
#2683=ORIENTED_EDGE('',*,*,#3413,.F.);
#2684=ORIENTED_EDGE('',*,*,#3482,.F.);
#2685=ORIENTED_EDGE('',*,*,#3534,.F.);
#2686=ORIENTED_EDGE('',*,*,#3535,.F.);
#2687=ORIENTED_EDGE('',*,*,#3536,.F.);
#2688=ORIENTED_EDGE('',*,*,#3440,.T.);
#2689=ORIENTED_EDGE('',*,*,#3537,.T.);
#2690=ORIENTED_EDGE('',*,*,#3538,.F.);
#2691=ORIENTED_EDGE('',*,*,#3441,.T.);
#2692=ORIENTED_EDGE('',*,*,#3536,.T.);
#2693=ORIENTED_EDGE('',*,*,#3539,.F.);
#2694=ORIENTED_EDGE('',*,*,#3540,.F.);
#2695=ORIENTED_EDGE('',*,*,#3541,.F.);
#2696=ORIENTED_EDGE('',*,*,#3442,.F.);
#2697=ORIENTED_EDGE('',*,*,#3432,.T.);
#2698=ORIENTED_EDGE('',*,*,#3538,.T.);
#2699=ORIENTED_EDGE('',*,*,#3542,.F.);
#2700=ORIENTED_EDGE('',*,*,#3543,.T.);
#2701=ORIENTED_EDGE('',*,*,#3459,.T.);
#2702=ORIENTED_EDGE('',*,*,#3461,.F.);
#2703=ORIENTED_EDGE('',*,*,#3544,.F.);
#2704=ORIENTED_EDGE('',*,*,#3465,.T.);
#2705=ORIENTED_EDGE('',*,*,#3443,.T.);
#2706=ORIENTED_EDGE('',*,*,#3541,.T.);
#2707=ORIENTED_EDGE('',*,*,#3545,.F.);
#2708=ORIENTED_EDGE('',*,*,#3546,.F.);
#2709=ORIENTED_EDGE('',*,*,#3446,.T.);
#2710=ORIENTED_EDGE('',*,*,#3453,.T.);
#2711=ORIENTED_EDGE('',*,*,#3325,.F.);
#2712=ORIENTED_EDGE('',*,*,#3457,.F.);
#2713=ORIENTED_EDGE('',*,*,#3543,.F.);
#2714=ORIENTED_EDGE('',*,*,#3547,.F.);
#2715=ORIENTED_EDGE('',*,*,#3548,.T.);
#2716=ORIENTED_EDGE('',*,*,#3447,.T.);
#2717=ORIENTED_EDGE('',*,*,#3546,.T.);
#2718=ORIENTED_EDGE('',*,*,#3549,.F.);
#2719=ORIENTED_EDGE('',*,*,#3550,.T.);
#2720=ORIENTED_EDGE('',*,*,#3454,.T.);
#2721=ORIENTED_EDGE('',*,*,#3448,.T.);
#2722=ORIENTED_EDGE('',*,*,#3548,.F.);
#2723=ORIENTED_EDGE('',*,*,#3551,.F.);
#2724=ORIENTED_EDGE('',*,*,#3552,.T.);
#2725=ORIENTED_EDGE('',*,*,#3455,.T.);
#2726=ORIENTED_EDGE('',*,*,#3550,.F.);
#2727=ORIENTED_EDGE('',*,*,#3553,.F.);
#2728=ORIENTED_EDGE('',*,*,#3554,.T.);
#2729=ORIENTED_EDGE('',*,*,#3456,.T.);
#2730=ORIENTED_EDGE('',*,*,#3552,.F.);
#2731=ORIENTED_EDGE('',*,*,#3555,.F.);
#2732=ORIENTED_EDGE('',*,*,#3556,.T.);
#2733=ORIENTED_EDGE('',*,*,#3449,.F.);
#2734=ORIENTED_EDGE('',*,*,#3554,.F.);
#2735=ORIENTED_EDGE('',*,*,#3439,.T.);
#2736=ORIENTED_EDGE('',*,*,#3532,.F.);
#2737=ORIENTED_EDGE('',*,*,#3557,.F.);
#2738=ORIENTED_EDGE('',*,*,#3537,.F.);
#2739=ORIENTED_EDGE('',*,*,#3558,.T.);
#2740=ORIENTED_EDGE('',*,*,#3559,.F.);
#2741=ORIENTED_EDGE('',*,*,#3560,.T.);
#2742=ORIENTED_EDGE('',*,*,#3561,.T.);
#2743=ORIENTED_EDGE('',*,*,#3315,.T.);
#2744=ORIENTED_EDGE('',*,*,#3427,.F.);
#2745=ORIENTED_EDGE('',*,*,#3425,.F.);
#2746=ORIENTED_EDGE('',*,*,#3435,.T.);
#2747=ORIENTED_EDGE('',*,*,#3464,.F.);
#2748=ORIENTED_EDGE('',*,*,#3562,.F.);
#2749=ORIENTED_EDGE('',*,*,#3320,.T.);
#2750=ORIENTED_EDGE('',*,*,#3563,.F.);
#2751=ORIENTED_EDGE('',*,*,#3560,.F.);
#2752=ORIENTED_EDGE('',*,*,#3564,.T.);
#2753=ORIENTED_EDGE('',*,*,#3565,.T.);
#2754=ORIENTED_EDGE('',*,*,#3566,.F.);
#2755=ORIENTED_EDGE('',*,*,#3468,.F.);
#2756=ORIENTED_EDGE('',*,*,#3428,.F.);
#2757=ORIENTED_EDGE('',*,*,#3567,.F.);
#2758=ORIENTED_EDGE('',*,*,#3558,.F.);
#2759=ORIENTED_EDGE('',*,*,#3568,.F.);
#2760=ORIENTED_EDGE('',*,*,#3569,.T.);
#2761=ORIENTED_EDGE('',*,*,#3570,.F.);
#2762=ORIENTED_EDGE('',*,*,#3569,.F.);
#2763=ORIENTED_EDGE('',*,*,#3571,.F.);
#2764=ORIENTED_EDGE('',*,*,#3565,.F.);
#2765=ORIENTED_EDGE('',*,*,#3572,.T.);
#2766=ORIENTED_EDGE('',*,*,#3483,.F.);
#2767=ORIENTED_EDGE('',*,*,#3373,.T.);
#2768=ORIENTED_EDGE('',*,*,#3479,.F.);
#2769=ORIENTED_EDGE('',*,*,#3484,.F.);
#2770=ORIENTED_EDGE('',*,*,#3572,.F.);
#2771=ORIENTED_EDGE('',*,*,#3478,.F.);
#2772=ORIENTED_EDGE('',*,*,#3573,.F.);
#2773=ORIENTED_EDGE('',*,*,#3574,.F.);
#2774=ORIENTED_EDGE('',*,*,#3555,.T.);
#2775=ORIENTED_EDGE('',*,*,#3553,.T.);
#2776=ORIENTED_EDGE('',*,*,#3551,.T.);
#2777=ORIENTED_EDGE('',*,*,#3549,.T.);
#2778=ORIENTED_EDGE('',*,*,#3547,.T.);
#2779=ORIENTED_EDGE('',*,*,#3545,.T.);
#2780=ORIENTED_EDGE('',*,*,#3542,.T.);
#2781=ORIENTED_EDGE('',*,*,#3540,.T.);
#2782=ORIENTED_EDGE('',*,*,#3539,.T.);
#2783=ORIENTED_EDGE('',*,*,#3535,.T.);
#2784=ORIENTED_EDGE('',*,*,#3557,.T.);
#2785=ORIENTED_EDGE('',*,*,#3531,.T.);
#2786=ORIENTED_EDGE('',*,*,#3528,.T.);
#2787=ORIENTED_EDGE('',*,*,#3526,.T.);
#2788=ORIENTED_EDGE('',*,*,#3522,.T.);
#2789=ORIENTED_EDGE('',*,*,#3520,.T.);
#2790=ORIENTED_EDGE('',*,*,#3518,.T.);
#2791=ORIENTED_EDGE('',*,*,#3516,.T.);
#2792=ORIENTED_EDGE('',*,*,#3514,.T.);
#2793=ORIENTED_EDGE('',*,*,#3511,.T.);
#2794=ORIENTED_EDGE('',*,*,#3509,.T.);
#2795=ORIENTED_EDGE('',*,*,#3507,.T.);
#2796=ORIENTED_EDGE('',*,*,#3505,.T.);
#2797=ORIENTED_EDGE('',*,*,#3503,.T.);
#2798=ORIENTED_EDGE('',*,*,#3501,.T.);
#2799=ORIENTED_EDGE('',*,*,#3499,.T.);
#2800=ORIENTED_EDGE('',*,*,#3497,.T.);
#2801=ORIENTED_EDGE('',*,*,#3495,.T.);
#2802=ORIENTED_EDGE('',*,*,#3493,.T.);
#2803=ORIENTED_EDGE('',*,*,#3491,.T.);
#2804=ORIENTED_EDGE('',*,*,#3488,.T.);
#2805=ORIENTED_EDGE('',*,*,#3530,.T.);
#2806=ORIENTED_EDGE('',*,*,#3485,.T.);
#2807=ORIENTED_EDGE('',*,*,#3534,.T.);
#2808=ORIENTED_EDGE('',*,*,#3481,.T.);
#2809=ORIENTED_EDGE('',*,*,#3573,.T.);
#2810=ORIENTED_EDGE('',*,*,#3477,.T.);
#2811=ORIENTED_EDGE('',*,*,#3533,.T.);
#2812=ORIENTED_EDGE('',*,*,#3475,.T.);
#2813=ORIENTED_EDGE('',*,*,#3473,.T.);
#2814=ORIENTED_EDGE('',*,*,#3471,.T.);
#2815=ORIENTED_EDGE('',*,*,#3469,.T.);
#2816=ORIENTED_EDGE('',*,*,#3466,.T.);
#2817=ORIENTED_EDGE('',*,*,#3566,.T.);
#2818=ORIENTED_EDGE('',*,*,#3571,.T.);
#2819=ORIENTED_EDGE('',*,*,#3568,.T.);
#2820=ORIENTED_EDGE('',*,*,#3562,.T.);
#2821=ORIENTED_EDGE('',*,*,#3463,.T.);
#2822=ORIENTED_EDGE('',*,*,#3544,.T.);
#2823=ORIENTED_EDGE('',*,*,#3460,.T.);
#2824=ORIENTED_EDGE('',*,*,#3575,.T.);
#2825=ORIENTED_EDGE('',*,*,#3556,.F.);
#2826=ORIENTED_EDGE('',*,*,#3574,.T.);
#2827=ORIENTED_EDGE('',*,*,#3576,.F.);
#2828=ORIENTED_EDGE('',*,*,#3450,.F.);
#2829=ORIENTED_EDGE('',*,*,#3451,.T.);
#2830=ORIENTED_EDGE('',*,*,#3576,.T.);
#2831=ORIENTED_EDGE('',*,*,#3575,.F.);
#2832=ORIENTED_EDGE('',*,*,#3462,.F.);
#2833=ORIENTED_EDGE('',*,*,#3559,.T.);
#2834=ORIENTED_EDGE('',*,*,#3567,.T.);
#2835=ORIENTED_EDGE('',*,*,#3570,.T.);
#2836=ORIENTED_EDGE('',*,*,#3564,.F.);
#2837=ORIENTED_EDGE('',*,*,#3563,.T.);
#2838=ORIENTED_EDGE('',*,*,#3319,.F.);
#2839=ORIENTED_EDGE('',*,*,#3316,.F.);
#2840=ORIENTED_EDGE('',*,*,#3561,.F.);
#2841=EDGE_CURVE('',#3577,#3578,#4069,.F.);
#2842=EDGE_CURVE('',#3577,#3579,#249,.T.);
#2843=EDGE_CURVE('',#3579,#3580,#4070,.T.);
#2844=EDGE_CURVE('',#3580,#3578,#250,.T.);
#2845=EDGE_CURVE('',#3581,#3582,#4071,.F.);
#2846=EDGE_CURVE('',#3581,#3583,#251,.T.);
#2847=EDGE_CURVE('',#3584,#3583,#228,.T.);
#2848=EDGE_CURVE('',#3582,#3584,#252,.T.);
#2849=EDGE_CURVE('',#3581,#3585,#253,.F.);
#2850=EDGE_CURVE('',#3585,#3578,#254,.F.);
#2851=EDGE_CURVE('',#3586,#3580,#4072,.T.);
#2852=EDGE_CURVE('',#3586,#3587,#255,.T.);
#2853=EDGE_CURVE('',#3587,#3588,#256,.T.);
#2854=EDGE_CURVE('',#3583,#3588,#257,.T.);
#2855=EDGE_CURVE('',#3589,#3590,#258,.T.);
#2856=EDGE_CURVE('',#3590,#3591,#259,.T.);
#2857=EDGE_CURVE('',#3591,#3592,#260,.T.);
#2858=EDGE_CURVE('',#3592,#3593,#261,.T.);
#2859=EDGE_CURVE('',#3593,#3594,#262,.T.);
#2860=EDGE_CURVE('',#3594,#3595,#263,.T.);
#2861=EDGE_CURVE('',#3596,#3595,#22,.T.);
#2862=EDGE_CURVE('',#3597,#3596,#264,.T.);
#2863=EDGE_CURVE('',#3597,#3598,#265,.T.);
#2864=EDGE_CURVE('',#3599,#3598,#23,.T.);
#2865=EDGE_CURVE('',#3599,#3600,#266,.T.);
#2866=EDGE_CURVE('',#3600,#3601,#24,.T.);
#2867=EDGE_CURVE('',#3589,#3601,#267,.T.);
#2868=EDGE_CURVE('',#3601,#3602,#268,.T.);
#2869=EDGE_CURVE('',#3602,#3603,#269,.T.);
#2870=EDGE_CURVE('',#3603,#3604,#270,.T.);
#2871=EDGE_CURVE('',#3604,#3605,#271,.T.);
#2872=EDGE_CURVE('',#3606,#3605,#272,.T.);
#2873=EDGE_CURVE('',#3607,#3606,#273,.T.);
#2874=EDGE_CURVE('',#3589,#3607,#274,.T.);
#2875=EDGE_CURVE('',#3608,#3609,#275,.T.);
#2876=EDGE_CURVE('',#3609,#3610,#276,.T.);
#2877=EDGE_CURVE('',#3610,#3611,#277,.T.);
#2878=EDGE_CURVE('',#3612,#3611,#278,.T.);
#2879=EDGE_CURVE('',#3613,#3612,#279,.T.);
#2880=EDGE_CURVE('',#3613,#3614,#280,.T.);
#2881=EDGE_CURVE('',#3615,#3614,#281,.T.);
#2882=EDGE_CURVE('',#3616,#3615,#282,.T.);
#2883=EDGE_CURVE('',#3617,#3616,#283,.T.);
#2884=EDGE_CURVE('',#3618,#3617,#284,.T.);
#2885=EDGE_CURVE('',#3619,#3618,#285,.T.);
#2886=EDGE_CURVE('',#3620,#3619,#286,.T.);
#2887=EDGE_CURVE('',#3620,#3621,#287,.T.);
#2888=EDGE_CURVE('',#3622,#3621,#288,.T.);
#2889=EDGE_CURVE('',#3622,#3608,#289,.T.);
#2890=EDGE_CURVE('',#3623,#3624,#290,.T.);
#2891=EDGE_CURVE('',#3624,#3625,#25,.T.);
#2892=EDGE_CURVE('',#3625,#3618,#291,.T.);
#2893=EDGE_CURVE('',#3617,#3623,#292,.T.);
#2894=EDGE_CURVE('',#3626,#3627,#4073,.T.);
#2895=EDGE_CURVE('',#3626,#3625,#293,.T.);
#2896=EDGE_CURVE('',#3624,#3628,#4074,.T.);
#2897=EDGE_CURVE('',#3628,#3627,#294,.T.);
#2898=EDGE_CURVE('',#3629,#3626,#229,.T.);
#2899=EDGE_CURVE('',#3630,#3627,#4075,.T.);
#2900=EDGE_CURVE('',#3630,#3629,#4076,.T.);
#2901=EDGE_CURVE('',#3631,#3632,#295,.T.);
#2902=EDGE_CURVE('',#3633,#3632,#296,.T.);
#2903=EDGE_CURVE('',#3634,#3633,#4077,.T.);
#2904=EDGE_CURVE('',#3629,#3634,#297,.T.);
#2905=EDGE_CURVE('',#3635,#3630,#298,.T.);
#2906=EDGE_CURVE('',#3636,#3635,#299,.T.);
#2907=EDGE_CURVE('',#3631,#3636,#300,.T.);
#2908=EDGE_CURVE('',#3633,#3637,#4078,.T.);
#2909=EDGE_CURVE('',#3637,#3638,#4079,.T.);
#2910=EDGE_CURVE('',#3638,#3634,#230,.F.);
#2911=EDGE_CURVE('',#3637,#3639,#301,.T.);
#2912=EDGE_CURVE('',#3639,#3640,#4080,.T.);
#2913=EDGE_CURVE('',#3640,#3638,#302,.T.);
#2914=EDGE_CURVE('',#3591,#3623,#303,.T.);
#2915=EDGE_CURVE('',#3641,#3616,#304,.T.);
#2916=EDGE_CURVE('',#3642,#3641,#305,.T.);
#2917=EDGE_CURVE('',#3642,#3643,#306,.T.);
#2918=EDGE_CURVE('',#3592,#3643,#307,.T.);
#2919=EDGE_CURVE('',#3644,#3645,#308,.T.);
#2920=EDGE_CURVE('',#3646,#3644,#309,.T.);
#2921=EDGE_CURVE('',#3646,#3647,#4081,.T.);
#2922=EDGE_CURVE('',#3648,#3647,#310,.T.);
#2923=EDGE_CURVE('',#3648,#3649,#231,.T.);
#2924=EDGE_CURVE('',#3650,#3649,#311,.T.);
#2925=EDGE_CURVE('',#3593,#3650,#312,.T.);
#2926=EDGE_CURVE('',#3651,#3643,#313,.T.);
#2927=EDGE_CURVE('',#3651,#3652,#314,.T.);
#2928=EDGE_CURVE('',#3645,#3652,#315,.T.);
#2929=EDGE_CURVE('',#3653,#3654,#316,.T.);
#2930=EDGE_CURVE('',#3654,#3594,#317,.T.);
#2931=EDGE_CURVE('',#3655,#3650,#318,.T.);
#2932=EDGE_CURVE('',#3656,#3655,#319,.T.);
#2933=EDGE_CURVE('',#3656,#3657,#320,.T.);
#2934=EDGE_CURVE('',#3653,#3657,#321,.T.);
#2935=EDGE_CURVE('',#3595,#3658,#322,.T.);
#2936=EDGE_CURVE('',#3659,#3658,#4082,.T.);
#2937=EDGE_CURVE('',#3596,#3659,#323,.T.);
#2938=EDGE_CURVE('',#3660,#3661,#324,.T.);
#2939=EDGE_CURVE('',#3662,#3661,#325,.T.);
#2940=EDGE_CURVE('',#3662,#3663,#326,.T.);
#2941=EDGE_CURVE('',#3663,#3664,#327,.T.);
#2942=EDGE_CURVE('',#3664,#3665,#328,.T.);
#2943=EDGE_CURVE('',#3666,#3665,#329,.T.);
#2944=EDGE_CURVE('',#3667,#3666,#330,.T.);
#2945=EDGE_CURVE('',#3668,#3667,#331,.T.);
#2946=EDGE_CURVE('',#3669,#3668,#332,.T.);
#2947=EDGE_CURVE('',#3669,#3670,#333,.T.);
#2948=EDGE_CURVE('',#3671,#3670,#334,.T.);
#2949=EDGE_CURVE('',#3597,#3671,#335,.T.);
#2950=EDGE_CURVE('',#3672,#3659,#336,.T.);
#2951=EDGE_CURVE('',#3673,#3672,#337,.T.);
#2952=EDGE_CURVE('',#3673,#3674,#338,.T.);
#2953=EDGE_CURVE('',#3674,#3660,#339,.T.);
#2954=EDGE_CURVE('',#3675,#3671,#340,.T.);
#2955=EDGE_CURVE('',#3675,#3676,#26,.T.);
#2956=EDGE_CURVE('',#3676,#3677,#341,.T.);
#2957=EDGE_CURVE('',#3598,#3677,#27,.T.);
#2958=EDGE_CURVE('',#3678,#3679,#342,.T.);
#2959=EDGE_CURVE('',#3679,#3680,#4083,.T.);
#2960=EDGE_CURVE('',#3680,#3681,#4084,.T.);
#2961=EDGE_CURVE('',#3681,#3682,#232,.T.);
#2962=EDGE_CURVE('',#3682,#3599,#343,.T.);
#2963=EDGE_CURVE('',#3677,#3683,#344,.T.);
#2964=EDGE_CURVE('',#3683,#3678,#233,.T.);
#2965=EDGE_CURVE('',#3684,#3684,#4085,.T.);
#2966=EDGE_CURVE('',#3682,#3603,#4086,.T.);
#2967=EDGE_CURVE('',#3602,#3600,#4087,.T.);
#2968=EDGE_CURVE('',#3685,#3686,#345,.T.);
#2969=EDGE_CURVE('',#3685,#3687,#4088,.T.);
#2970=EDGE_CURVE('',#3688,#3687,#346,.T.);
#2971=EDGE_CURVE('',#3686,#3688,#4089,.T.);
#2972=EDGE_CURVE('',#3689,#3690,#347,.T.);
#2973=EDGE_CURVE('',#3691,#3689,#234,.T.);
#2974=EDGE_CURVE('',#3692,#3691,#348,.T.);
#2975=EDGE_CURVE('',#3693,#3692,#4090,.T.);
#2976=EDGE_CURVE('',#3694,#3693,#349,.T.);
#2977=EDGE_CURVE('',#3690,#3694,#235,.T.);
#2978=EDGE_CURVE('',#3695,#3681,#350,.T.);
#2979=EDGE_CURVE('',#3696,#3695,#4091,.T.);
#2980=EDGE_CURVE('',#3697,#3696,#351,.T.);
#2981=EDGE_CURVE('',#3698,#3697,#236,.T.);
#2982=EDGE_CURVE('',#3699,#3698,#352,.T.);
#2983=EDGE_CURVE('',#3604,#3699,#4092,.T.);
#2984=EDGE_CURVE('',#3605,#3700,#353,.T.);
#2985=EDGE_CURVE('',#3699,#3701,#354,.T.);
#2986=EDGE_CURVE('',#3701,#3702,#355,.T.);
#2987=EDGE_CURVE('',#3702,#3703,#356,.T.);
#2988=EDGE_CURVE('',#3704,#3703,#357,.T.);
#2989=EDGE_CURVE('',#3704,#3705,#358,.T.);
#2990=EDGE_CURVE('',#3705,#3706,#359,.T.);
#2991=EDGE_CURVE('',#3707,#3706,#4093,.T.);
#2992=EDGE_CURVE('',#3707,#3708,#360,.T.);
#2993=EDGE_CURVE('',#3709,#3708,#361,.T.);
#2994=EDGE_CURVE('',#3710,#3709,#362,.T.);
#2995=EDGE_CURVE('',#3711,#3710,#363,.T.);
#2996=EDGE_CURVE('',#3700,#3711,#364,.T.);
#2997=EDGE_CURVE('',#3712,#3713,#365,.T.);
#2998=EDGE_CURVE('',#3712,#3714,#366,.T.);
#2999=EDGE_CURVE('',#3715,#3714,#367,.T.);
#3000=EDGE_CURVE('',#3713,#3715,#368,.T.);
#3001=EDGE_CURVE('',#3716,#3717,#369,.T.);
#3002=EDGE_CURVE('',#3713,#3716,#4094,.T.);
#3003=EDGE_CURVE('',#3717,#3715,#4095,.T.);
#3004=EDGE_CURVE('',#3718,#3718,#4096,.T.);
#3005=EDGE_CURVE('',#3716,#3620,#370,.T.);
#3006=EDGE_CURVE('',#3621,#3717,#371,.T.);
#3007=EDGE_CURVE('',#3719,#3720,#372,.T.);
#3008=EDGE_CURVE('',#3721,#3720,#373,.T.);
#3009=EDGE_CURVE('',#3722,#3721,#374,.T.);
#3010=EDGE_CURVE('',#3632,#3722,#4097,.T.);
#3011=EDGE_CURVE('',#3723,#3631,#375,.T.);
#3012=EDGE_CURVE('',#3719,#3723,#376,.T.);
#3013=EDGE_CURVE('',#3724,#3636,#377,.T.);
#3014=EDGE_CURVE('',#3725,#3724,#378,.T.);
#3015=EDGE_CURVE('',#3723,#3725,#379,.T.);
#3016=EDGE_CURVE('',#3724,#3608,#380,.T.);
#3017=EDGE_CURVE('',#3714,#3622,#381,.T.);
#3018=EDGE_CURVE('',#3725,#3712,#382,.T.);
#3019=EDGE_CURVE('',#3726,#3727,#383,.T.);
#3020=EDGE_CURVE('',#3727,#3728,#384,.T.);
#3021=EDGE_CURVE('',#3729,#3728,#28,.T.);
#3022=EDGE_CURVE('',#3729,#3609,#385,.T.);
#3023=EDGE_CURVE('',#3726,#3635,#29,.T.);
#3024=EDGE_CURVE('',#3610,#3730,#386,.T.);
#3025=EDGE_CURVE('',#3611,#3730,#387,.T.);
#3026=EDGE_CURVE('',#3730,#3731,#388,.T.);
#3027=EDGE_CURVE('',#3731,#3612,#389,.T.);
#3028=EDGE_CURVE('',#3731,#3613,#390,.T.);
#3029=EDGE_CURVE('',#3614,#3732,#4098,.T.);
#3030=EDGE_CURVE('',#3732,#3733,#391,.T.);
#3031=EDGE_CURVE('',#3615,#3733,#4099,.T.);
#3032=EDGE_CURVE('',#3627,#3726,#392,.T.);
#3033=EDGE_CURVE('',#3727,#3628,#393,.T.);
#3034=EDGE_CURVE('',#3722,#3637,#394,.T.);
#3035=EDGE_CURVE('',#3639,#3721,#395,.T.);
#3036=EDGE_CURVE('',#3734,#3735,#396,.T.);
#3037=EDGE_CURVE('',#3735,#3711,#397,.T.);
#3038=EDGE_CURVE('',#3734,#3710,#398,.T.);
#3039=EDGE_CURVE('',#3736,#3734,#399,.T.);
#3040=EDGE_CURVE('',#3736,#3709,#400,.T.);
#3041=EDGE_CURVE('',#3737,#3736,#401,.T.);
#3042=EDGE_CURVE('',#3708,#3737,#402,.T.);
#3043=EDGE_CURVE('',#3738,#3737,#403,.T.);
#3044=EDGE_CURVE('',#3739,#3707,#404,.T.);
#3045=EDGE_CURVE('',#3740,#3739,#405,.T.);
#3046=EDGE_CURVE('',#3738,#3740,#406,.T.);
#3047=EDGE_CURVE('',#3741,#3738,#30,.T.);
#3048=EDGE_CURVE('',#3740,#3742,#31,.T.);
#3049=EDGE_CURVE('',#3742,#3741,#407,.T.);
#3050=EDGE_CURVE('',#3743,#3741,#408,.T.);
#3051=EDGE_CURVE('',#3742,#3744,#409,.T.);
#3052=EDGE_CURVE('',#3743,#3744,#410,.T.);
#3053=EDGE_CURVE('',#3745,#3743,#32,.T.);
#3054=EDGE_CURVE('',#3744,#3746,#33,.T.);
#3055=EDGE_CURVE('',#3746,#3745,#411,.T.);
#3056=EDGE_CURVE('',#3747,#3745,#412,.T.);
#3057=EDGE_CURVE('',#3746,#3748,#413,.T.);
#3058=EDGE_CURVE('',#3749,#3748,#237,.F.);
#3059=EDGE_CURVE('',#3750,#3749,#414,.T.);
#3060=EDGE_CURVE('',#3751,#3750,#415,.T.);
#3061=EDGE_CURVE('',#3747,#3751,#416,.T.);
#3062=EDGE_CURVE('',#3752,#3747,#417,.T.);
#3063=EDGE_CURVE('',#3753,#3751,#418,.T.);
#3064=EDGE_CURVE('',#3753,#3754,#419,.T.);
#3065=EDGE_CURVE('',#3754,#3755,#420,.T.);
#3066=EDGE_CURVE('',#3755,#3752,#421,.T.);
#3067=EDGE_CURVE('',#3756,#3752,#422,.T.);
#3068=EDGE_CURVE('',#3757,#3755,#423,.T.);
#3069=EDGE_CURVE('',#3758,#3757,#4100,.T.);
#3070=EDGE_CURVE('',#3758,#3759,#424,.T.);
#3071=EDGE_CURVE('',#3760,#3759,#4101,.T.);
#3072=EDGE_CURVE('',#3705,#3760,#425,.T.);
#3073=EDGE_CURVE('',#3704,#3756,#4102,.T.);
#3074=EDGE_CURVE('',#3703,#3761,#4103,.T.);
#3075=EDGE_CURVE('',#3761,#3756,#426,.T.);
#3076=EDGE_CURVE('',#3762,#3761,#427,.T.);
#3077=EDGE_CURVE('',#3702,#3763,#428,.T.);
#3078=EDGE_CURVE('',#3763,#3680,#4104,.T.);
#3079=EDGE_CURVE('',#3679,#3764,#429,.T.);
#3080=EDGE_CURVE('',#3764,#3765,#430,.T.);
#3081=EDGE_CURVE('',#3762,#3765,#431,.T.);
#3082=EDGE_CURVE('',#3687,#3762,#432,.T.);
#3083=EDGE_CURVE('',#3765,#3688,#433,.T.);
#3084=EDGE_CURVE('',#3766,#3685,#434,.T.);
#3085=EDGE_CURVE('',#3764,#3686,#435,.T.);
#3086=EDGE_CURVE('',#3766,#3678,#436,.T.);
#3087=EDGE_CURVE('',#3767,#3766,#4105,.T.);
#3088=EDGE_CURVE('',#3676,#3683,#4106,.T.);
#3089=EDGE_CURVE('',#3767,#3675,#34,.T.);
#3090=EDGE_CURVE('',#3670,#3768,#437,.T.);
#3091=EDGE_CURVE('',#3769,#3768,#438,.T.);
#3092=EDGE_CURVE('',#3770,#3769,#439,.T.);
#3093=EDGE_CURVE('',#3771,#3770,#35,.T.);
#3094=EDGE_CURVE('',#3771,#3772,#440,.T.);
#3095=EDGE_CURVE('',#3772,#3773,#441,.T.);
#3096=EDGE_CURVE('',#3773,#3774,#442,.T.);
#3097=EDGE_CURVE('',#3774,#3775,#443,.T.);
#3098=EDGE_CURVE('',#3775,#3767,#444,.T.);
#3099=EDGE_CURVE('',#3776,#3775,#445,.T.);
#3100=EDGE_CURVE('',#3776,#3774,#446,.T.);
#3101=EDGE_CURVE('',#3777,#3776,#447,.T.);
#3102=EDGE_CURVE('',#3777,#3773,#448,.T.);
#3103=EDGE_CURVE('',#3772,#3777,#449,.T.);
#3104=EDGE_CURVE('',#3778,#3771,#450,.T.);
#3105=EDGE_CURVE('',#3779,#3770,#451,.T.);
#3106=EDGE_CURVE('',#3778,#3779,#4107,.T.);
#3107=EDGE_CURVE('',#3780,#3780,#4108,.T.);
#3108=EDGE_CURVE('',#3668,#3781,#4109,.T.);
#3109=EDGE_CURVE('',#3781,#3782,#452,.T.);
#3110=EDGE_CURVE('',#3782,#3778,#453,.T.);
#3111=EDGE_CURVE('',#3779,#3783,#454,.T.);
#3112=EDGE_CURVE('',#3783,#3784,#455,.T.);
#3113=EDGE_CURVE('',#3784,#3669,#456,.T.);
#3114=EDGE_CURVE('',#3785,#3786,#457,.T.);
#3115=EDGE_CURVE('',#3782,#3785,#458,.T.);
#3116=EDGE_CURVE('',#3786,#3781,#459,.T.);
#3117=EDGE_CURVE('',#3787,#3788,#460,.T.);
#3118=EDGE_CURVE('',#3788,#3789,#4110,.T.);
#3119=EDGE_CURVE('',#3790,#3789,#461,.T.);
#3120=EDGE_CURVE('',#3790,#3787,#4111,.T.);
#3121=EDGE_CURVE('',#3791,#3792,#462,.T.);
#3122=EDGE_CURVE('',#3791,#3793,#463,.T.);
#3123=EDGE_CURVE('',#3794,#3793,#464,.T.);
#3124=EDGE_CURVE('',#3795,#3794,#465,.T.);
#3125=EDGE_CURVE('',#3796,#3795,#466,.T.);
#3126=EDGE_CURVE('',#3796,#3797,#467,.T.);
#3127=EDGE_CURVE('',#3797,#3798,#468,.T.);
#3128=EDGE_CURVE('',#3798,#3792,#469,.T.);
#3129=EDGE_CURVE('',#3582,#3799,#470,.T.);
#3130=EDGE_CURVE('',#3799,#3800,#4112,.T.);
#3131=EDGE_CURVE('',#3801,#3800,#471,.T.);
#3132=EDGE_CURVE('',#3656,#3801,#472,.T.);
#3133=EDGE_CURVE('',#3802,#3655,#473,.T.);
#3134=EDGE_CURVE('',#3802,#3672,#4113,.T.);
#3135=EDGE_CURVE('',#3658,#3803,#474,.T.);
#3136=EDGE_CURVE('',#3803,#3585,#475,.T.);
#3137=EDGE_CURVE('',#3654,#3804,#476,.T.);
#3138=EDGE_CURVE('',#3805,#3653,#477,.T.);
#3139=EDGE_CURVE('',#3804,#3805,#478,.T.);
#3140=EDGE_CURVE('',#3806,#3806,#4114,.T.);
#3141=EDGE_CURVE('',#3807,#3808,#479,.T.);
#3142=EDGE_CURVE('',#3809,#3807,#480,.T.);
#3143=EDGE_CURVE('',#3804,#3809,#481,.T.);
#3144=EDGE_CURVE('',#3810,#3805,#482,.T.);
#3145=EDGE_CURVE('',#3810,#3808,#483,.T.);
#3146=EDGE_CURVE('',#3807,#3811,#484,.T.);
#3147=EDGE_CURVE('',#3812,#3811,#485,.T.);
#3148=EDGE_CURVE('',#3812,#3809,#486,.T.);
#3149=EDGE_CURVE('',#3813,#3812,#487,.T.);
#3150=EDGE_CURVE('',#3814,#3811,#488,.T.);
#3151=EDGE_CURVE('',#3813,#3814,#489,.T.);
#3152=EDGE_CURVE('',#3815,#3813,#4115,.T.);
#3153=EDGE_CURVE('',#3816,#3814,#4116,.T.);
#3154=EDGE_CURVE('',#3815,#3816,#490,.T.);
#3155=EDGE_CURVE('',#3817,#3816,#4117,.T.);
#3156=EDGE_CURVE('',#3817,#3818,#491,.T.);
#3157=EDGE_CURVE('',#3733,#3818,#4118,.T.);
#3158=EDGE_CURVE('',#3732,#3815,#4119,.T.);
#3159=EDGE_CURVE('',#3819,#3819,#4120,.T.);
#3160=EDGE_CURVE('',#3728,#3729,#4121,.T.);
#3161=EDGE_CURVE('',#3820,#3644,#492,.T.);
#3162=EDGE_CURVE('',#3821,#3645,#493,.T.);
#3163=EDGE_CURVE('',#3821,#3820,#494,.T.);
#3164=EDGE_CURVE('',#3822,#3820,#495,.T.);
#3165=EDGE_CURVE('',#3822,#3823,#238,.T.);
#3166=EDGE_CURVE('',#3823,#3824,#496,.T.);
#3167=EDGE_CURVE('',#3825,#3824,#497,.T.);
#3168=EDGE_CURVE('',#3825,#3646,#239,.T.);
#3169=EDGE_CURVE('',#3667,#3647,#4122,.T.);
#3170=EDGE_CURVE('',#3646,#3826,#4123,.T.);
#3171=EDGE_CURVE('',#3786,#3826,#4124,.T.);
#3172=EDGE_CURVE('',#3649,#3827,#498,.T.);
#3173=EDGE_CURVE('',#3827,#3828,#499,.T.);
#3174=EDGE_CURVE('',#3828,#3648,#500,.T.);
#3175=EDGE_CURVE('',#3647,#3829,#501,.T.);
#3176=EDGE_CURVE('',#3830,#3829,#502,.T.);
#3177=EDGE_CURVE('',#3830,#3831,#4125,.T.);
#3178=EDGE_CURVE('',#3831,#3802,#503,.T.);
#3179=EDGE_CURVE('',#3827,#3828,#240,.T.);
#3180=EDGE_CURVE('',#3832,#3651,#504,.T.);
#3181=EDGE_CURVE('',#3832,#3833,#505,.T.);
#3182=EDGE_CURVE('',#3652,#3833,#506,.T.);
#3183=EDGE_CURVE('',#3833,#3834,#4126,.T.);
#3184=EDGE_CURVE('',#3834,#3835,#507,.T.);
#3185=EDGE_CURVE('',#3835,#3836,#508,.T.);
#3186=EDGE_CURVE('',#3836,#3821,#509,.T.);
#3187=EDGE_CURVE('',#3837,#3834,#510,.T.);
#3188=EDGE_CURVE('',#3837,#3832,#4127,.T.);
#3189=EDGE_CURVE('',#3663,#3660,#4128,.T.);
#3190=EDGE_CURVE('',#3838,#3662,#241,.T.);
#3191=EDGE_CURVE('',#3839,#3838,#4129,.T.);
#3192=EDGE_CURVE('',#3840,#3839,#242,.T.);
#3193=EDGE_CURVE('',#3841,#3840,#4130,.T.);
#3194=EDGE_CURVE('',#3842,#3841,#511,.T.);
#3195=EDGE_CURVE('',#3843,#3842,#4131,.T.);
#3196=EDGE_CURVE('',#3661,#3843,#243,.T.);
#3197=EDGE_CURVE('',#3843,#3838,#512,.T.);
#3198=EDGE_CURVE('',#3674,#3664,#4132,.T.);
#3199=EDGE_CURVE('',#3831,#3673,#244,.T.);
#3200=EDGE_CURVE('',#3665,#3830,#245,.T.);
#3201=EDGE_CURVE('',#3666,#3829,#4133,.T.);
#3202=EDGE_CURVE('',#3784,#3768,#513,.T.);
#3203=EDGE_CURVE('',#3680,#3844,#4134,.T.);
#3204=EDGE_CURVE('',#3844,#3695,#514,.T.);
#3205=EDGE_CURVE('',#3845,#3845,#4135,.T.);
#3206=EDGE_CURVE('',#3844,#3846,#515,.T.);
#3207=EDGE_CURVE('',#3696,#3846,#516,.T.);
#3208=EDGE_CURVE('',#3846,#3847,#4136,.T.);
#3209=EDGE_CURVE('',#3847,#3701,#517,.T.);
#3210=EDGE_CURVE('',#3698,#3697,#4137,.T.);
#3211=EDGE_CURVE('',#3689,#3690,#4138,.T.);
#3212=EDGE_CURVE('',#3694,#3848,#518,.T.);
#3213=EDGE_CURVE('',#3848,#3691,#4139,.T.);
#3214=EDGE_CURVE('',#3848,#3849,#519,.T.);
#3215=EDGE_CURVE('',#3692,#3849,#520,.T.);
#3216=EDGE_CURVE('',#3849,#3693,#521,.T.);
#3217=EDGE_CURVE('',#3760,#3850,#522,.T.);
#3218=EDGE_CURVE('',#3706,#3850,#523,.T.);
#3219=EDGE_CURVE('',#3739,#3850,#4140,.T.);
#3220=EDGE_CURVE('',#3763,#3847,#524,.T.);
#3221=EDGE_CURVE('',#3851,#3851,#4141,.T.);
#3222=EDGE_CURVE('',#3852,#3852,#4142,.T.);
#3223=EDGE_CURVE('',#3800,#3853,#525,.T.);
#3224=EDGE_CURVE('',#3853,#3822,#526,.T.);
#3225=EDGE_CURVE('',#3822,#3836,#527,.T.);
#3226=EDGE_CURVE('',#3854,#3835,#528,.T.);
#3227=EDGE_CURVE('',#3801,#3854,#529,.T.);
#3228=EDGE_CURVE('',#3854,#3837,#530,.T.);
#3229=EDGE_CURVE('',#3808,#3817,#531,.T.);
#3230=EDGE_CURVE('',#3818,#3810,#532,.T.);
#3231=EDGE_CURVE('',#3855,#3739,#4143,.T.);
#3232=EDGE_CURVE('',#3855,#3742,#533,.T.);
#3233=EDGE_CURVE('',#3856,#3758,#534,.T.);
#3234=EDGE_CURVE('',#3748,#3856,#4144,.T.);
#3235=EDGE_CURVE('',#3759,#3855,#535,.T.);
#3236=EDGE_CURVE('',#3856,#3857,#4145,.T.);
#3237=EDGE_CURVE('',#3857,#3749,#4146,.T.);
#3238=EDGE_CURVE('',#3857,#3858,#536,.T.);
#3239=EDGE_CURVE('',#3858,#3750,#4147,.T.);
#3240=EDGE_CURVE('',#3858,#3859,#537,.T.);
#3241=EDGE_CURVE('',#3859,#3753,#538,.T.);
#3242=EDGE_CURVE('',#3860,#3754,#539,.T.);
#3243=EDGE_CURVE('',#3859,#3861,#540,.T.);
#3244=EDGE_CURVE('',#3860,#3861,#4148,.T.);
#3245=EDGE_CURVE('',#3860,#3757,#541,.T.);
#3246=EDGE_CURVE('',#3861,#3857,#542,.T.);
#3247=EDGE_CURVE('',#3850,#3855,#4149,.T.);
#3248=EDGE_CURVE('',#3783,#3769,#543,.T.);
#3249=EDGE_CURVE('',#3825,#3826,#4150,.T.);
#3250=EDGE_CURVE('',#3853,#3823,#4151,.T.);
#3251=EDGE_CURVE('',#3862,#3799,#544,.T.);
#3252=EDGE_CURVE('',#3826,#3862,#4152,.T.);
#3253=EDGE_CURVE('',#3863,#3584,#4153,.T.);
#3254=EDGE_CURVE('',#3864,#3863,#545,.T.);
#3255=EDGE_CURVE('',#3862,#3864,#546,.T.);
#3256=EDGE_CURVE('',#3865,#3866,#547,.T.);
#3257=EDGE_CURVE('',#3864,#3866,#548,.T.);
#3258=EDGE_CURVE('',#3865,#3863,#549,.T.);
#3259=EDGE_CURVE('',#3795,#3867,#4154,.T.);
#3260=EDGE_CURVE('',#3867,#3868,#550,.T.);
#3261=EDGE_CURVE('',#3868,#3796,#4155,.T.);
#3262=EDGE_CURVE('',#3869,#3869,#4156,.T.);
#3263=EDGE_CURVE('',#3842,#3870,#551,.T.);
#3264=EDGE_CURVE('',#3870,#3839,#552,.T.);
#3265=EDGE_CURVE('',#3841,#3871,#553,.T.);
#3266=EDGE_CURVE('',#3872,#3840,#554,.T.);
#3267=EDGE_CURVE('',#3872,#3871,#4157,.T.);
#3268=EDGE_CURVE('',#3871,#3873,#555,.T.);
#3269=EDGE_CURVE('',#3870,#3873,#4158,.T.);
#3270=EDGE_CURVE('',#3873,#3872,#246,.T.);
#3271=EDGE_CURVE('',#3588,#3865,#247,.T.);
#3272=EDGE_CURVE('',#3579,#3586,#248,.F.);
#3273=EDGE_CURVE('',#3619,#3607,#556,.T.);
#3274=EDGE_CURVE('',#3640,#3590,#557,.T.);
#3275=EDGE_CURVE('',#3720,#3735,#558,.T.);
#3276=EDGE_CURVE('',#3874,#3719,#559,.T.);
#3277=EDGE_CURVE('',#3874,#3700,#560,.T.);
#3278=EDGE_CURVE('',#3606,#3874,#561,.T.);
#3279=EDGE_CURVE('',#3791,#3875,#562,.T.);
#3280=EDGE_CURVE('',#3803,#3875,#563,.T.);
#3281=EDGE_CURVE('',#3788,#3785,#564,.T.);
#3282=EDGE_CURVE('',#3793,#3787,#565,.T.);
#3283=EDGE_CURVE('',#3876,#3798,#566,.T.);
#3284=EDGE_CURVE('',#3877,#3797,#567,.T.);
#3285=EDGE_CURVE('',#3877,#3876,#568,.T.);
#3286=EDGE_CURVE('',#3878,#3879,#569,.T.);
#3287=EDGE_CURVE('',#3880,#3878,#570,.T.);
#3288=EDGE_CURVE('',#3880,#3876,#571,.T.);
#3289=EDGE_CURVE('',#3879,#3877,#572,.T.);
#3290=EDGE_CURVE('',#3881,#3866,#4159,.T.);
#3291=EDGE_CURVE('',#3882,#3881,#573,.T.);
#3292=EDGE_CURVE('',#3789,#3882,#574,.T.);
#3293=EDGE_CURVE('',#3792,#3880,#575,.T.);
#3294=EDGE_CURVE('',#3883,#3884,#576,.T.);
#3295=EDGE_CURVE('',#3790,#3883,#577,.T.);
#3296=EDGE_CURVE('',#3885,#3882,#578,.T.);
#3297=EDGE_CURVE('',#3879,#3885,#579,.T.);
#3298=EDGE_CURVE('',#3868,#3884,#580,.T.);
#3299=EDGE_CURVE('',#3642,#3656,#581,.T.);
#3300=EDGE_CURVE('',#3657,#3641,#582,.T.);
#3301=EDGE_CURVE('',#3886,#3887,#583,.T.);
#3302=EDGE_CURVE('',#3887,#3885,#584,.T.);
#3303=EDGE_CURVE('',#3886,#3881,#585,.T.);
#3304=EDGE_CURVE('',#3587,#3886,#4160,.T.);
#3305=EDGE_CURVE('',#3888,#3889,#586,.T.);
#3306=EDGE_CURVE('',#3889,#3884,#587,.T.);
#3307=EDGE_CURVE('',#3888,#3867,#588,.T.);
#3308=EDGE_CURVE('',#3794,#3890,#589,.T.);
#3309=EDGE_CURVE('',#3890,#3888,#590,.T.);
#3310=EDGE_CURVE('',#3890,#3891,#591,.T.);
#3311=EDGE_CURVE('',#3889,#3891,#592,.T.);
#3312=EDGE_CURVE('',#3891,#3883,#593,.T.);
#3313=EDGE_CURVE('',#3875,#3577,#594,.T.);
#3314=EDGE_CURVE('',#3887,#3878,#595,.T.);
#3315=EDGE_CURVE('',#3892,#3893,#596,.T.);
#3316=EDGE_CURVE('',#3892,#3894,#597,.T.);
#3317=EDGE_CURVE('',#3894,#3895,#598,.T.);
#3318=EDGE_CURVE('',#3893,#3895,#599,.T.);
#3319=EDGE_CURVE('',#3894,#3896,#600,.T.);
#3320=EDGE_CURVE('',#3897,#3896,#601,.T.);
#3321=EDGE_CURVE('',#3895,#3897,#602,.T.);
#3322=EDGE_CURVE('',#3898,#3899,#603,.T.);
#3323=EDGE_CURVE('',#3899,#3900,#604,.T.);
#3324=EDGE_CURVE('',#3900,#3901,#605,.T.);
#3325=EDGE_CURVE('',#3901,#3898,#606,.T.);
#3326=EDGE_CURVE('',#3902,#3902,#4161,.T.);
#3327=EDGE_CURVE('',#3903,#3903,#4162,.T.);
#3328=EDGE_CURVE('',#3904,#3904,#4163,.T.);
#3329=EDGE_CURVE('',#3905,#3905,#4164,.T.);
#3330=EDGE_CURVE('',#3906,#3907,#4165,.T.);
#3331=EDGE_CURVE('',#3908,#3906,#607,.T.);
#3332=EDGE_CURVE('',#3909,#3908,#4166,.T.);
#3333=EDGE_CURVE('',#3910,#3909,#608,.T.);
#3334=EDGE_CURVE('',#3907,#3910,#609,.T.);
#3335=EDGE_CURVE('',#3911,#3906,#610,.T.);
#3336=EDGE_CURVE('',#3911,#3912,#611,.T.);
#3337=EDGE_CURVE('',#3912,#3908,#612,.T.);
#3338=EDGE_CURVE('',#3913,#3913,#4167,.T.);
#3339=EDGE_CURVE('',#3914,#3914,#4168,.T.);
#3340=EDGE_CURVE('',#3915,#3916,#4169,.T.);
#3341=EDGE_CURVE('',#3916,#3917,#613,.T.);
#3342=EDGE_CURVE('',#3918,#3917,#4170,.T.);
#3343=EDGE_CURVE('',#3918,#3915,#614,.T.);
#3344=EDGE_CURVE('',#3919,#3916,#4171,.T.);
#3345=EDGE_CURVE('',#3920,#3919,#615,.T.);
#3346=EDGE_CURVE('',#3917,#3920,#4172,.T.);
#3347=EDGE_CURVE('',#3911,#3921,#4173,.T.);
#3348=EDGE_CURVE('',#3921,#3918,#616,.T.);
#3349=EDGE_CURVE('',#3920,#3922,#4174,.T.);
#3350=EDGE_CURVE('',#3923,#3922,#617,.T.);
#3351=EDGE_CURVE('',#3912,#3923,#4175,.T.);
#3352=EDGE_CURVE('',#3924,#3923,#618,.T.);
#3353=EDGE_CURVE('',#3925,#3924,#4176,.T.);
#3354=EDGE_CURVE('',#3909,#3925,#619,.T.);
#3355=EDGE_CURVE('',#3926,#3925,#620,.T.);
#3356=EDGE_CURVE('',#3910,#3926,#621,.T.);
#3357=EDGE_CURVE('',#3907,#3927,#622,.T.);
#3358=EDGE_CURVE('',#3927,#3926,#623,.T.);
#3359=EDGE_CURVE('',#3927,#3928,#4177,.T.);
#3360=EDGE_CURVE('',#3928,#3921,#624,.T.);
#3361=EDGE_CURVE('',#3929,#3929,#4178,.T.);
#3362=EDGE_CURVE('',#3930,#3930,#4179,.T.);
#3363=EDGE_CURVE('',#3931,#3932,#625,.T.);
#3364=EDGE_CURVE('',#3933,#3931,#626,.T.);
#3365=EDGE_CURVE('',#3933,#3934,#627,.T.);
#3366=EDGE_CURVE('',#3934,#3935,#4180,.T.);
#3367=EDGE_CURVE('',#3936,#3935,#4181,.T.);
#3368=EDGE_CURVE('',#3936,#3932,#4182,.T.);
#3369=EDGE_CURVE('',#3931,#3937,#628,.T.);
#3370=EDGE_CURVE('',#3937,#3938,#629,.T.);
#3371=EDGE_CURVE('',#3933,#3938,#630,.T.);
#3372=EDGE_CURVE('',#3939,#3940,#631,.T.);
#3373=EDGE_CURVE('',#3941,#3939,#632,.T.);
#3374=EDGE_CURVE('',#3942,#3941,#633,.T.);
#3375=EDGE_CURVE('',#3940,#3942,#634,.T.);
#3376=EDGE_CURVE('',#3943,#3944,#36,.T.);
#3377=EDGE_CURVE('',#3945,#3944,#635,.T.);
#3378=EDGE_CURVE('',#3946,#3945,#636,.T.);
#3379=EDGE_CURVE('',#3947,#3946,#637,.T.);
#3380=EDGE_CURVE('',#3947,#3948,#37,.T.);
#3381=EDGE_CURVE('',#3943,#3948,#638,.T.);
#3382=EDGE_CURVE('',#3949,#3950,#639,.T.);
#3383=EDGE_CURVE('',#3950,#3951,#640,.T.);
#3384=EDGE_CURVE('',#3951,#3952,#641,.T.);
#3385=EDGE_CURVE('',#3952,#3949,#642,.T.);
#3386=EDGE_CURVE('',#3953,#3954,#4183,.T.);
#3387=EDGE_CURVE('',#3955,#3954,#643,.T.);
#3388=EDGE_CURVE('',#3950,#3955,#644,.T.);
#3389=EDGE_CURVE('',#3956,#3949,#645,.T.);
#3390=EDGE_CURVE('',#3953,#3956,#646,.T.);
#3391=EDGE_CURVE('',#3957,#3958,#647,.T.);
#3392=EDGE_CURVE('',#3958,#3957,#4184,.T.);
#3393=EDGE_CURVE('',#3959,#3960,#648,.T.);
#3394=EDGE_CURVE('',#3960,#3959,#4185,.T.);
#3395=EDGE_CURVE('',#3961,#3962,#649,.T.);
#3396=EDGE_CURVE('',#3962,#3963,#4186,.T.);
#3397=EDGE_CURVE('',#3963,#3964,#650,.T.);
#3398=EDGE_CURVE('',#3964,#3965,#651,.T.);
#3399=EDGE_CURVE('',#3965,#3966,#652,.T.);
#3400=EDGE_CURVE('',#3966,#3967,#653,.T.);
#3401=EDGE_CURVE('',#3967,#3968,#654,.T.);
#3402=EDGE_CURVE('',#3969,#3968,#655,.T.);
#3403=EDGE_CURVE('',#3946,#3969,#656,.T.);
#3404=EDGE_CURVE('',#3946,#3970,#657,.T.);
#3405=EDGE_CURVE('',#3970,#3961,#4187,.T.);
#3406=EDGE_CURVE('',#3971,#3972,#658,.T.);
#3407=EDGE_CURVE('',#3972,#3973,#659,.T.);
#3408=EDGE_CURVE('',#3973,#3974,#660,.T.);
#3409=EDGE_CURVE('',#3971,#3974,#661,.T.);
#3410=EDGE_CURVE('',#3975,#3973,#662,.T.);
#3411=EDGE_CURVE('',#3976,#3975,#663,.T.);
#3412=EDGE_CURVE('',#3974,#3976,#664,.T.);
#3413=EDGE_CURVE('',#3977,#3978,#665,.T.);
#3414=EDGE_CURVE('',#3978,#3940,#666,.T.);
#3415=EDGE_CURVE('',#3977,#3942,#667,.T.);
#3416=EDGE_CURVE('',#3979,#3928,#668,.T.);
#3417=EDGE_CURVE('',#3980,#3979,#669,.T.);
#3418=EDGE_CURVE('',#3915,#3980,#670,.T.);
#3419=EDGE_CURVE('',#3980,#3981,#671,.T.);
#3420=EDGE_CURVE('',#3919,#3981,#4188,.T.);
#3421=EDGE_CURVE('',#3981,#3982,#672,.T.);
#3422=EDGE_CURVE('',#3983,#3982,#4189,.T.);
#3423=EDGE_CURVE('',#3983,#3922,#673,.T.);
#3424=EDGE_CURVE('',#3984,#3983,#674,.T.);
#3425=EDGE_CURVE('',#3984,#3985,#675,.T.);
#3426=EDGE_CURVE('',#3924,#3985,#676,.T.);
#3427=EDGE_CURVE('',#3985,#3893,#677,.T.);
#3428=EDGE_CURVE('',#3897,#3986,#678,.T.);
#3429=EDGE_CURVE('',#3986,#3938,#679,.T.);
#3430=EDGE_CURVE('',#3987,#3937,#680,.T.);
#3431=EDGE_CURVE('',#3979,#3987,#681,.T.);
#3432=EDGE_CURVE('',#3988,#3989,#682,.T.);
#3433=EDGE_CURVE('',#3990,#3988,#683,.T.);
#3434=EDGE_CURVE('',#3991,#3990,#684,.T.);
#3435=EDGE_CURVE('',#3984,#3991,#685,.T.);
#3436=EDGE_CURVE('',#3992,#3982,#686,.T.);
#3437=EDGE_CURVE('',#3976,#3992,#687,.T.);
#3438=EDGE_CURVE('',#3993,#3975,#688,.T.);
#3439=EDGE_CURVE('',#3994,#3993,#689,.T.);
#3440=EDGE_CURVE('',#3995,#3994,#690,.T.);
#3441=EDGE_CURVE('',#3989,#3995,#691,.T.);
#3442=EDGE_CURVE('',#3988,#3996,#692,.T.);
#3443=EDGE_CURVE('',#3997,#3996,#693,.T.);
#3444=EDGE_CURVE('',#3997,#3990,#694,.T.);
#3445=EDGE_CURVE('',#3998,#3999,#695,.T.);
#3446=EDGE_CURVE('',#4000,#3999,#696,.T.);
#3447=EDGE_CURVE('',#4001,#4000,#697,.T.);
#3448=EDGE_CURVE('',#3998,#4001,#698,.T.);
#3449=EDGE_CURVE('',#4002,#4003,#699,.T.);
#3450=EDGE_CURVE('',#4003,#4004,#700,.T.);
#3451=EDGE_CURVE('',#4005,#4004,#701,.T.);
#3452=EDGE_CURVE('',#3899,#4005,#702,.T.);
#3453=EDGE_CURVE('',#3999,#3898,#703,.T.);
#3454=EDGE_CURVE('',#4006,#3998,#704,.T.);
#3455=EDGE_CURVE('',#4007,#4006,#705,.T.);
#3456=EDGE_CURVE('',#4002,#4007,#706,.T.);
#3457=EDGE_CURVE('',#4008,#3901,#707,.T.);
#3458=EDGE_CURVE('',#4009,#3900,#708,.T.);
#3459=EDGE_CURVE('',#4008,#4009,#709,.T.);
#3460=EDGE_CURVE('',#4010,#4011,#710,.T.);
#3461=EDGE_CURVE('',#4010,#4009,#4190,.T.);
#3462=EDGE_CURVE('',#4005,#4011,#711,.T.);
#3463=EDGE_CURVE('',#4012,#4013,#712,.T.);
#3464=EDGE_CURVE('',#4012,#3991,#713,.T.);
#3465=EDGE_CURVE('',#4013,#3997,#38,.T.);
#3466=EDGE_CURVE('',#4014,#4015,#714,.T.);
#3467=EDGE_CURVE('',#3934,#4014,#715,.T.);
#3468=EDGE_CURVE('',#3986,#4015,#716,.T.);
#3469=EDGE_CURVE('',#4016,#4014,#4191,.T.);
#3470=EDGE_CURVE('',#4016,#3935,#717,.T.);
#3471=EDGE_CURVE('',#4017,#4016,#4192,.T.);
#3472=EDGE_CURVE('',#3936,#4017,#718,.T.);
#3473=EDGE_CURVE('',#4018,#4017,#4193,.T.);
#3474=EDGE_CURVE('',#4018,#3932,#719,.T.);
#3475=EDGE_CURVE('',#4019,#4018,#720,.T.);
#3476=EDGE_CURVE('',#3987,#4019,#721,.T.);
#3477=EDGE_CURVE('',#4020,#4021,#722,.T.);
#3478=EDGE_CURVE('',#4020,#4022,#723,.T.);
#3479=EDGE_CURVE('',#4022,#3939,#724,.T.);
#3480=EDGE_CURVE('',#3978,#4021,#725,.T.);
#3481=EDGE_CURVE('',#4023,#4024,#726,.T.);
#3482=EDGE_CURVE('',#4023,#3977,#727,.T.);
#3483=EDGE_CURVE('',#3941,#4025,#728,.T.);
#3484=EDGE_CURVE('',#4025,#4024,#729,.T.);
#3485=EDGE_CURVE('',#4026,#4027,#730,.T.);
#3486=EDGE_CURVE('',#4026,#3971,#39,.T.);
#3487=EDGE_CURVE('',#3992,#4027,#731,.T.);
#3488=EDGE_CURVE('',#4028,#4029,#732,.T.);
#3489=EDGE_CURVE('',#3964,#4028,#733,.T.);
#3490=EDGE_CURVE('',#3963,#4029,#734,.T.);
#3491=EDGE_CURVE('',#4030,#4028,#735,.T.);
#3492=EDGE_CURVE('',#3965,#4030,#736,.T.);
#3493=EDGE_CURVE('',#4031,#4030,#737,.T.);
#3494=EDGE_CURVE('',#3966,#4031,#738,.T.);
#3495=EDGE_CURVE('',#4032,#4031,#739,.T.);
#3496=EDGE_CURVE('',#3967,#4032,#740,.T.);
#3497=EDGE_CURVE('',#4033,#4032,#741,.T.);
#3498=EDGE_CURVE('',#3968,#4033,#742,.T.);
#3499=EDGE_CURVE('',#4034,#4033,#743,.T.);
#3500=EDGE_CURVE('',#4034,#3969,#744,.T.);
#3501=EDGE_CURVE('',#4035,#4034,#745,.T.);
#3502=EDGE_CURVE('',#3947,#4035,#746,.T.);
#3503=EDGE_CURVE('',#4036,#4035,#40,.T.);
#3504=EDGE_CURVE('',#4036,#3948,#747,.T.);
#3505=EDGE_CURVE('',#4037,#4036,#748,.T.);
#3506=EDGE_CURVE('',#3943,#4037,#749,.T.);
#3507=EDGE_CURVE('',#4038,#4037,#41,.T.);
#3508=EDGE_CURVE('',#4038,#3944,#750,.T.);
#3509=EDGE_CURVE('',#4039,#4038,#751,.T.);
#3510=EDGE_CURVE('',#3945,#4039,#752,.T.);
#3511=EDGE_CURVE('',#4040,#4039,#753,.T.);
#3512=EDGE_CURVE('',#4040,#3955,#754,.T.);
#3513=EDGE_CURVE('',#3954,#3970,#755,.T.);
#3514=EDGE_CURVE('',#4041,#4040,#756,.T.);
#3515=EDGE_CURVE('',#4041,#3951,#4194,.T.);
#3516=EDGE_CURVE('',#4042,#4041,#757,.T.);
#3517=EDGE_CURVE('',#4042,#3952,#4195,.T.);
#3518=EDGE_CURVE('',#4043,#4042,#758,.T.);
#3519=EDGE_CURVE('',#3956,#4043,#759,.T.);
#3520=EDGE_CURVE('',#4044,#4043,#760,.T.);
#3521=EDGE_CURVE('',#4044,#3953,#761,.T.);
#3522=EDGE_CURVE('',#4045,#4044,#4196,.T.);
#3523=EDGE_CURVE('',#3958,#4045,#762,.T.);
#3524=EDGE_CURVE('',#3961,#3957,#763,.T.);
#3525=EDGE_CURVE('',#3959,#3962,#764,.T.);
#3526=EDGE_CURVE('',#4046,#4045,#765,.T.);
#3527=EDGE_CURVE('',#3960,#4046,#766,.T.);
#3528=EDGE_CURVE('',#4047,#4046,#4197,.T.);
#3529=EDGE_CURVE('',#3972,#4047,#42,.T.);
#3530=EDGE_CURVE('',#4029,#4026,#4198,.T.);
#3531=EDGE_CURVE('',#4048,#4047,#767,.T.);
#3532=EDGE_CURVE('',#4048,#3993,#768,.T.);
#3533=EDGE_CURVE('',#4021,#4019,#769,.T.);
#3534=EDGE_CURVE('',#4027,#4023,#770,.T.);
#3535=EDGE_CURVE('',#4049,#4050,#771,.T.);
#3536=EDGE_CURVE('',#3995,#4049,#772,.T.);
#3537=EDGE_CURVE('',#3994,#4050,#773,.T.);
#3538=EDGE_CURVE('',#3989,#4051,#774,.T.);
#3539=EDGE_CURVE('',#4051,#4049,#775,.T.);
#3540=EDGE_CURVE('',#4052,#4051,#776,.T.);
#3541=EDGE_CURVE('',#3996,#4052,#43,.T.);
#3542=EDGE_CURVE('',#4053,#4052,#777,.T.);
#3543=EDGE_CURVE('',#4053,#4008,#4199,.T.);
#3544=EDGE_CURVE('',#4013,#4010,#778,.T.);
#3545=EDGE_CURVE('',#4054,#4053,#779,.T.);
#3546=EDGE_CURVE('',#4000,#4054,#4200,.T.);
#3547=EDGE_CURVE('',#4055,#4054,#780,.T.);
#3548=EDGE_CURVE('',#4055,#4001,#4201,.T.);
#3549=EDGE_CURVE('',#4056,#4055,#781,.T.);
#3550=EDGE_CURVE('',#4056,#4006,#782,.T.);
#3551=EDGE_CURVE('',#4057,#4056,#783,.T.);
#3552=EDGE_CURVE('',#4057,#4007,#784,.T.);
#3553=EDGE_CURVE('',#4058,#4057,#785,.T.);
#3554=EDGE_CURVE('',#4058,#4002,#786,.T.);
#3555=EDGE_CURVE('',#4059,#4058,#787,.T.);
#3556=EDGE_CURVE('',#4059,#4003,#788,.T.);
#3557=EDGE_CURVE('',#4050,#4048,#789,.T.);
#3558=EDGE_CURVE('',#4060,#4061,#790,.T.);
#3559=EDGE_CURVE('',#4062,#4061,#791,.T.);
#3560=EDGE_CURVE('',#4062,#4063,#792,.T.);
#3561=EDGE_CURVE('',#4063,#3892,#793,.T.);
#3562=EDGE_CURVE('',#4060,#4012,#794,.T.);
#3563=EDGE_CURVE('',#4063,#3896,#795,.T.);
#3564=EDGE_CURVE('',#4062,#4064,#796,.T.);
#3565=EDGE_CURVE('',#4064,#4065,#797,.T.);
#3566=EDGE_CURVE('',#4015,#4065,#798,.T.);
#3567=EDGE_CURVE('',#4061,#4066,#799,.T.);
#3568=EDGE_CURVE('',#4067,#4060,#800,.T.);
#3569=EDGE_CURVE('',#4067,#4066,#801,.T.);
#3570=EDGE_CURVE('',#4066,#4064,#802,.T.);
#3571=EDGE_CURVE('',#4065,#4067,#803,.T.);
#3572=EDGE_CURVE('',#4022,#4025,#804,.T.);
#3573=EDGE_CURVE('',#4024,#4020,#805,.T.);
#3574=EDGE_CURVE('',#4059,#4068,#806,.T.);
#3575=EDGE_CURVE('',#4011,#4068,#807,.T.);
#3576=EDGE_CURVE('',#4004,#4068,#808,.T.);
#3577=VERTEX_POINT('',#7753);
#3578=VERTEX_POINT('',#7754);
#3579=VERTEX_POINT('',#7756);
#3580=VERTEX_POINT('',#7758);
#3581=VERTEX_POINT('',#7762);
#3582=VERTEX_POINT('',#7763);
#3583=VERTEX_POINT('',#7765);
#3584=VERTEX_POINT('',#7770);
#3585=VERTEX_POINT('',#7774);
#3586=VERTEX_POINT('',#7777);
#3587=VERTEX_POINT('',#7779);
#3588=VERTEX_POINT('',#7781);
#3589=VERTEX_POINT('',#7785);
#3590=VERTEX_POINT('',#7786);
#3591=VERTEX_POINT('',#7788);
#3592=VERTEX_POINT('',#7790);
#3593=VERTEX_POINT('',#7792);
#3594=VERTEX_POINT('',#7794);
#3595=VERTEX_POINT('',#7796);
#3596=VERTEX_POINT('',#7798);
#3597=VERTEX_POINT('',#7800);
#3598=VERTEX_POINT('',#7802);
#3599=VERTEX_POINT('',#7804);
#3600=VERTEX_POINT('',#7806);
#3601=VERTEX_POINT('',#7808);
#3602=VERTEX_POINT('',#7812);
#3603=VERTEX_POINT('',#7814);
#3604=VERTEX_POINT('',#7816);
#3605=VERTEX_POINT('',#7818);
#3606=VERTEX_POINT('',#7820);
#3607=VERTEX_POINT('',#7822);
#3608=VERTEX_POINT('',#7826);
#3609=VERTEX_POINT('',#7827);
#3610=VERTEX_POINT('',#7829);
#3611=VERTEX_POINT('',#7831);
#3612=VERTEX_POINT('',#7833);
#3613=VERTEX_POINT('',#7835);
#3614=VERTEX_POINT('',#7837);
#3615=VERTEX_POINT('',#7839);
#3616=VERTEX_POINT('',#7841);
#3617=VERTEX_POINT('',#7843);
#3618=VERTEX_POINT('',#7845);
#3619=VERTEX_POINT('',#7847);
#3620=VERTEX_POINT('',#7849);
#3621=VERTEX_POINT('',#7851);
#3622=VERTEX_POINT('',#7853);
#3623=VERTEX_POINT('',#7857);
#3624=VERTEX_POINT('',#7858);
#3625=VERTEX_POINT('',#7860);
#3626=VERTEX_POINT('',#7865);
#3627=VERTEX_POINT('',#7866);
#3628=VERTEX_POINT('',#7869);
#3629=VERTEX_POINT('',#7877);
#3630=VERTEX_POINT('',#7879);
#3631=VERTEX_POINT('',#7883);
#3632=VERTEX_POINT('',#7884);
#3633=VERTEX_POINT('',#7886);
#3634=VERTEX_POINT('',#7888);
#3635=VERTEX_POINT('',#7891);
#3636=VERTEX_POINT('',#7893);
#3637=VERTEX_POINT('',#7897);
#3638=VERTEX_POINT('',#7899);
#3639=VERTEX_POINT('',#7907);
#3640=VERTEX_POINT('',#7909);
#3641=VERTEX_POINT('',#7914);
#3642=VERTEX_POINT('',#7916);
#3643=VERTEX_POINT('',#7918);
#3644=VERTEX_POINT('',#7922);
#3645=VERTEX_POINT('',#7923);
#3646=VERTEX_POINT('',#7925);
#3647=VERTEX_POINT('',#7927);
#3648=VERTEX_POINT('',#7929);
#3649=VERTEX_POINT('',#7934);
#3650=VERTEX_POINT('',#7936);
#3651=VERTEX_POINT('',#7939);
#3652=VERTEX_POINT('',#7941);
#3653=VERTEX_POINT('',#7945);
#3654=VERTEX_POINT('',#7946);
#3655=VERTEX_POINT('',#7949);
#3656=VERTEX_POINT('',#7951);
#3657=VERTEX_POINT('',#7953);
#3658=VERTEX_POINT('',#7957);
#3659=VERTEX_POINT('',#7959);
#3660=VERTEX_POINT('',#7963);
#3661=VERTEX_POINT('',#7964);
#3662=VERTEX_POINT('',#7966);
#3663=VERTEX_POINT('',#7968);
#3664=VERTEX_POINT('',#7970);
#3665=VERTEX_POINT('',#7972);
#3666=VERTEX_POINT('',#7974);
#3667=VERTEX_POINT('',#7976);
#3668=VERTEX_POINT('',#7978);
#3669=VERTEX_POINT('',#7980);
#3670=VERTEX_POINT('',#7982);
#3671=VERTEX_POINT('',#7984);
#3672=VERTEX_POINT('',#7987);
#3673=VERTEX_POINT('',#7989);
#3674=VERTEX_POINT('',#7991);
#3675=VERTEX_POINT('',#7995);
#3676=VERTEX_POINT('',#7997);
#3677=VERTEX_POINT('',#7999);
#3678=VERTEX_POINT('',#8003);
#3679=VERTEX_POINT('',#8004);
#3680=VERTEX_POINT('',#8006);
#3681=VERTEX_POINT('',#8008);
#3682=VERTEX_POINT('',#8019);
#3683=VERTEX_POINT('',#8022);
#3684=VERTEX_POINT('',#8029);
#3685=VERTEX_POINT('',#8036);
#3686=VERTEX_POINT('',#8037);
#3687=VERTEX_POINT('',#8039);
#3688=VERTEX_POINT('',#8041);
#3689=VERTEX_POINT('',#8044);
#3690=VERTEX_POINT('',#8045);
#3691=VERTEX_POINT('',#8057);
#3692=VERTEX_POINT('',#8059);
#3693=VERTEX_POINT('',#8061);
#3694=VERTEX_POINT('',#8063);
#3695=VERTEX_POINT('',#8070);
#3696=VERTEX_POINT('',#8072);
#3697=VERTEX_POINT('',#8074);
#3698=VERTEX_POINT('',#8082);
#3699=VERTEX_POINT('',#8084);
#3700=VERTEX_POINT('',#8088);
#3701=VERTEX_POINT('',#8090);
#3702=VERTEX_POINT('',#8092);
#3703=VERTEX_POINT('',#8094);
#3704=VERTEX_POINT('',#8096);
#3705=VERTEX_POINT('',#8098);
#3706=VERTEX_POINT('',#8100);
#3707=VERTEX_POINT('',#8102);
#3708=VERTEX_POINT('',#8104);
#3709=VERTEX_POINT('',#8106);
#3710=VERTEX_POINT('',#8108);
#3711=VERTEX_POINT('',#8110);
#3712=VERTEX_POINT('',#8114);
#3713=VERTEX_POINT('',#8115);
#3714=VERTEX_POINT('',#8117);
#3715=VERTEX_POINT('',#8119);
#3716=VERTEX_POINT('',#8123);
#3717=VERTEX_POINT('',#8124);
#3718=VERTEX_POINT('',#8128);
#3719=VERTEX_POINT('',#8134);
#3720=VERTEX_POINT('',#8135);
#3721=VERTEX_POINT('',#8137);
#3722=VERTEX_POINT('',#8139);
#3723=VERTEX_POINT('',#8142);
#3724=VERTEX_POINT('',#8146);
#3725=VERTEX_POINT('',#8148);
#3726=VERTEX_POINT('',#8156);
#3727=VERTEX_POINT('',#8157);
#3728=VERTEX_POINT('',#8159);
#3729=VERTEX_POINT('',#8161);
#3730=VERTEX_POINT('',#8166);
#3731=VERTEX_POINT('',#8170);
#3732=VERTEX_POINT('',#8176);
#3733=VERTEX_POINT('',#8178);
#3734=VERTEX_POINT('',#8191);
#3735=VERTEX_POINT('',#8192);
#3736=VERTEX_POINT('',#8197);
#3737=VERTEX_POINT('',#8201);
#3738=VERTEX_POINT('',#8205);
#3739=VERTEX_POINT('',#8207);
#3740=VERTEX_POINT('',#8209);
#3741=VERTEX_POINT('',#8213);
#3742=VERTEX_POINT('',#8215);
#3743=VERTEX_POINT('',#8219);
#3744=VERTEX_POINT('',#8221);
#3745=VERTEX_POINT('',#8225);
#3746=VERTEX_POINT('',#8227);
#3747=VERTEX_POINT('',#8231);
#3748=VERTEX_POINT('',#8233);
#3749=VERTEX_POINT('',#8239);
#3750=VERTEX_POINT('',#8241);
#3751=VERTEX_POINT('',#8243);
#3752=VERTEX_POINT('',#8247);
#3753=VERTEX_POINT('',#8249);
#3754=VERTEX_POINT('',#8251);
#3755=VERTEX_POINT('',#8253);
#3756=VERTEX_POINT('',#8257);
#3757=VERTEX_POINT('',#8259);
#3758=VERTEX_POINT('',#8261);
#3759=VERTEX_POINT('',#8263);
#3760=VERTEX_POINT('',#8265);
#3761=VERTEX_POINT('',#8270);
#3762=VERTEX_POINT('',#8274);
#3763=VERTEX_POINT('',#8276);
#3764=VERTEX_POINT('',#8279);
#3765=VERTEX_POINT('',#8281);
#3766=VERTEX_POINT('',#8288);
#3767=VERTEX_POINT('',#8293);
#3768=VERTEX_POINT('',#8298);
#3769=VERTEX_POINT('',#8300);
#3770=VERTEX_POINT('',#8302);
#3771=VERTEX_POINT('',#8304);
#3772=VERTEX_POINT('',#8306);
#3773=VERTEX_POINT('',#8308);
#3774=VERTEX_POINT('',#8310);
#3775=VERTEX_POINT('',#8312);
#3776=VERTEX_POINT('',#8316);
#3777=VERTEX_POINT('',#8320);
#3778=VERTEX_POINT('',#8326);
#3779=VERTEX_POINT('',#8328);
#3780=VERTEX_POINT('',#8332);
#3781=VERTEX_POINT('',#8334);
#3782=VERTEX_POINT('',#8336);
#3783=VERTEX_POINT('',#8339);
#3784=VERTEX_POINT('',#8341);
#3785=VERTEX_POINT('',#8345);
#3786=VERTEX_POINT('',#8346);
#3787=VERTEX_POINT('',#8351);
#3788=VERTEX_POINT('',#8352);
#3789=VERTEX_POINT('',#8354);
#3790=VERTEX_POINT('',#8356);
#3791=VERTEX_POINT('',#8360);
#3792=VERTEX_POINT('',#8361);
#3793=VERTEX_POINT('',#8363);
#3794=VERTEX_POINT('',#8365);
#3795=VERTEX_POINT('',#8367);
#3796=VERTEX_POINT('',#8369);
#3797=VERTEX_POINT('',#8371);
#3798=VERTEX_POINT('',#8373);
#3799=VERTEX_POINT('',#8377);
#3800=VERTEX_POINT('',#8379);
#3801=VERTEX_POINT('',#8381);
#3802=VERTEX_POINT('',#8384);
#3803=VERTEX_POINT('',#8387);
#3804=VERTEX_POINT('',#8391);
#3805=VERTEX_POINT('',#8393);
#3806=VERTEX_POINT('',#8397);
#3807=VERTEX_POINT('',#8399);
#3808=VERTEX_POINT('',#8400);
#3809=VERTEX_POINT('',#8402);
#3810=VERTEX_POINT('',#8405);
#3811=VERTEX_POINT('',#8409);
#3812=VERTEX_POINT('',#8411);
#3813=VERTEX_POINT('',#8415);
#3814=VERTEX_POINT('',#8417);
#3815=VERTEX_POINT('',#8421);
#3816=VERTEX_POINT('',#8423);
#3817=VERTEX_POINT('',#8427);
#3818=VERTEX_POINT('',#8429);
#3819=VERTEX_POINT('',#8434);
#3820=VERTEX_POINT('',#8438);
#3821=VERTEX_POINT('',#8440);
#3822=VERTEX_POINT('',#8451);
#3823=VERTEX_POINT('',#8456);
#3824=VERTEX_POINT('',#8458);
#3825=VERTEX_POINT('',#8460);
#3826=VERTEX_POINT('',#8471);
#3827=VERTEX_POINT('',#8475);
#3828=VERTEX_POINT('',#8477);
#3829=VERTEX_POINT('',#8480);
#3830=VERTEX_POINT('',#8482);
#3831=VERTEX_POINT('',#8484);
#3832=VERTEX_POINT('',#8499);
#3833=VERTEX_POINT('',#8501);
#3834=VERTEX_POINT('',#8505);
#3835=VERTEX_POINT('',#8507);
#3836=VERTEX_POINT('',#8509);
#3837=VERTEX_POINT('',#8513);
#3838=VERTEX_POINT('',#8520);
#3839=VERTEX_POINT('',#8522);
#3840=VERTEX_POINT('',#8528);
#3841=VERTEX_POINT('',#8530);
#3842=VERTEX_POINT('',#8532);
#3843=VERTEX_POINT('',#8534);
#3844=VERTEX_POINT('',#8561);
#3845=VERTEX_POINT('',#8565);
#3846=VERTEX_POINT('',#8569);
#3847=VERTEX_POINT('',#8573);
#3848=VERTEX_POINT('',#8581);
#3849=VERTEX_POINT('',#8585);
#3850=VERTEX_POINT('',#8592);
#3851=VERTEX_POINT('',#8600);
#3852=VERTEX_POINT('',#8602);
#3853=VERTEX_POINT('',#8606);
#3854=VERTEX_POINT('',#8610);
#3855=VERTEX_POINT('',#8619);
#3856=VERTEX_POINT('',#8623);
#3857=VERTEX_POINT('',#8628);
#3858=VERTEX_POINT('',#8632);
#3859=VERTEX_POINT('',#8636);
#3860=VERTEX_POINT('',#8640);
#3861=VERTEX_POINT('',#8642);
#3862=VERTEX_POINT('',#8658);
#3863=VERTEX_POINT('',#8662);
#3864=VERTEX_POINT('',#8664);
#3865=VERTEX_POINT('',#8668);
#3866=VERTEX_POINT('',#8669);
#3867=VERTEX_POINT('',#8674);
#3868=VERTEX_POINT('',#8676);
#3869=VERTEX_POINT('',#8680);
#3870=VERTEX_POINT('',#8688);
#3871=VERTEX_POINT('',#8692);
#3872=VERTEX_POINT('',#8694);
#3873=VERTEX_POINT('',#8698);
#3874=VERTEX_POINT('',#8731);
#3875=VERTEX_POINT('',#8738);
#3876=VERTEX_POINT('',#8744);
#3877=VERTEX_POINT('',#8746);
#3878=VERTEX_POINT('',#8750);
#3879=VERTEX_POINT('',#8751);
#3880=VERTEX_POINT('',#8753);
#3881=VERTEX_POINT('',#8758);
#3882=VERTEX_POINT('',#8760);
#3883=VERTEX_POINT('',#8766);
#3884=VERTEX_POINT('',#8767);
#3885=VERTEX_POINT('',#8770);
#3886=VERTEX_POINT('',#8780);
#3887=VERTEX_POINT('',#8781);
#3888=VERTEX_POINT('',#8788);
#3889=VERTEX_POINT('',#8789);
#3890=VERTEX_POINT('',#8794);
#3891=VERTEX_POINT('',#8798);
#3892=VERTEX_POINT('',#8812);
#3893=VERTEX_POINT('',#8813);
#3894=VERTEX_POINT('',#8815);
#3895=VERTEX_POINT('',#8817);
#3896=VERTEX_POINT('',#8821);
#3897=VERTEX_POINT('',#8823);
#3898=VERTEX_POINT('',#8827);
#3899=VERTEX_POINT('',#8828);
#3900=VERTEX_POINT('',#8830);
#3901=VERTEX_POINT('',#8832);
#3902=VERTEX_POINT('',#8836);
#3903=VERTEX_POINT('',#8838);
#3904=VERTEX_POINT('',#8841);
#3905=VERTEX_POINT('',#8844);
#3906=VERTEX_POINT('',#8847);
#3907=VERTEX_POINT('',#8848);
#3908=VERTEX_POINT('',#8850);
#3909=VERTEX_POINT('',#8852);
#3910=VERTEX_POINT('',#8854);
#3911=VERTEX_POINT('',#8858);
#3912=VERTEX_POINT('',#8860);
#3913=VERTEX_POINT('',#8864);
#3914=VERTEX_POINT('',#8866);
#3915=VERTEX_POINT('',#8869);
#3916=VERTEX_POINT('',#8870);
#3917=VERTEX_POINT('',#8872);
#3918=VERTEX_POINT('',#8874);
#3919=VERTEX_POINT('',#8878);
#3920=VERTEX_POINT('',#8880);
#3921=VERTEX_POINT('',#8884);
#3922=VERTEX_POINT('',#8887);
#3923=VERTEX_POINT('',#8889);
#3924=VERTEX_POINT('',#8893);
#3925=VERTEX_POINT('',#8895);
#3926=VERTEX_POINT('',#8899);
#3927=VERTEX_POINT('',#8903);
#3928=VERTEX_POINT('',#8907);
#3929=VERTEX_POINT('',#8911);
#3930=VERTEX_POINT('',#8913);
#3931=VERTEX_POINT('',#8916);
#3932=VERTEX_POINT('',#8917);
#3933=VERTEX_POINT('',#8919);
#3934=VERTEX_POINT('',#8921);
#3935=VERTEX_POINT('',#8923);
#3936=VERTEX_POINT('',#8925);
#3937=VERTEX_POINT('',#8929);
#3938=VERTEX_POINT('',#8931);
#3939=VERTEX_POINT('',#8935);
#3940=VERTEX_POINT('',#8936);
#3941=VERTEX_POINT('',#8938);
#3942=VERTEX_POINT('',#8940);
#3943=VERTEX_POINT('',#8944);
#3944=VERTEX_POINT('',#8945);
#3945=VERTEX_POINT('',#8947);
#3946=VERTEX_POINT('',#8949);
#3947=VERTEX_POINT('',#8951);
#3948=VERTEX_POINT('',#8953);
#3949=VERTEX_POINT('',#8957);
#3950=VERTEX_POINT('',#8958);
#3951=VERTEX_POINT('',#8960);
#3952=VERTEX_POINT('',#8962);
#3953=VERTEX_POINT('',#8966);
#3954=VERTEX_POINT('',#8967);
#3955=VERTEX_POINT('',#8969);
#3956=VERTEX_POINT('',#8972);
#3957=VERTEX_POINT('',#8976);
#3958=VERTEX_POINT('',#8977);
#3959=VERTEX_POINT('',#8981);
#3960=VERTEX_POINT('',#8982);
#3961=VERTEX_POINT('',#8986);
#3962=VERTEX_POINT('',#8987);
#3963=VERTEX_POINT('',#8989);
#3964=VERTEX_POINT('',#8991);
#3965=VERTEX_POINT('',#8993);
#3966=VERTEX_POINT('',#8995);
#3967=VERTEX_POINT('',#8997);
#3968=VERTEX_POINT('',#8999);
#3969=VERTEX_POINT('',#9001);
#3970=VERTEX_POINT('',#9004);
#3971=VERTEX_POINT('',#9008);
#3972=VERTEX_POINT('',#9009);
#3973=VERTEX_POINT('',#9011);
#3974=VERTEX_POINT('',#9013);
#3975=VERTEX_POINT('',#9017);
#3976=VERTEX_POINT('',#9019);
#3977=VERTEX_POINT('',#9023);
#3978=VERTEX_POINT('',#9024);
#3979=VERTEX_POINT('',#9029);
#3980=VERTEX_POINT('',#9031);
#3981=VERTEX_POINT('',#9035);
#3982=VERTEX_POINT('',#9039);
#3983=VERTEX_POINT('',#9041);
#3984=VERTEX_POINT('',#9045);
#3985=VERTEX_POINT('',#9047);
#3986=VERTEX_POINT('',#9052);
#3987=VERTEX_POINT('',#9055);
#3988=VERTEX_POINT('',#9059);
#3989=VERTEX_POINT('',#9060);
#3990=VERTEX_POINT('',#9062);
#3991=VERTEX_POINT('',#9064);
#3992=VERTEX_POINT('',#9067);
#3993=VERTEX_POINT('',#9070);
#3994=VERTEX_POINT('',#9072);
#3995=VERTEX_POINT('',#9074);
#3996=VERTEX_POINT('',#9078);
#3997=VERTEX_POINT('',#9080);
#3998=VERTEX_POINT('',#9084);
#3999=VERTEX_POINT('',#9085);
#4000=VERTEX_POINT('',#9087);
#4001=VERTEX_POINT('',#9089);
#4002=VERTEX_POINT('',#9093);
#4003=VERTEX_POINT('',#9094);
#4004=VERTEX_POINT('',#9096);
#4005=VERTEX_POINT('',#9098);
#4006=VERTEX_POINT('',#9102);
#4007=VERTEX_POINT('',#9104);
#4008=VERTEX_POINT('',#9108);
#4009=VERTEX_POINT('',#9110);
#4010=VERTEX_POINT('',#9114);
#4011=VERTEX_POINT('',#9115);
#4012=VERTEX_POINT('',#9120);
#4013=VERTEX_POINT('',#9121);
#4014=VERTEX_POINT('',#9126);
#4015=VERTEX_POINT('',#9127);
#4016=VERTEX_POINT('',#9132);
#4017=VERTEX_POINT('',#9136);
#4018=VERTEX_POINT('',#9140);
#4019=VERTEX_POINT('',#9144);
#4020=VERTEX_POINT('',#9148);
#4021=VERTEX_POINT('',#9149);
#4022=VERTEX_POINT('',#9151);
#4023=VERTEX_POINT('',#9156);
#4024=VERTEX_POINT('',#9157);
#4025=VERTEX_POINT('',#9160);
#4026=VERTEX_POINT('',#9164);
#4027=VERTEX_POINT('',#9165);
#4028=VERTEX_POINT('',#9170);
#4029=VERTEX_POINT('',#9171);
#4030=VERTEX_POINT('',#9176);
#4031=VERTEX_POINT('',#9180);
#4032=VERTEX_POINT('',#9184);
#4033=VERTEX_POINT('',#9188);
#4034=VERTEX_POINT('',#9192);
#4035=VERTEX_POINT('',#9196);
#4036=VERTEX_POINT('',#9200);
#4037=VERTEX_POINT('',#9204);
#4038=VERTEX_POINT('',#9208);
#4039=VERTEX_POINT('',#9212);
#4040=VERTEX_POINT('',#9216);
#4041=VERTEX_POINT('',#9221);
#4042=VERTEX_POINT('',#9225);
#4043=VERTEX_POINT('',#9229);
#4044=VERTEX_POINT('',#9233);
#4045=VERTEX_POINT('',#9237);
#4046=VERTEX_POINT('',#9243);
#4047=VERTEX_POINT('',#9247);
#4048=VERTEX_POINT('',#9252);
#4049=VERTEX_POINT('',#9259);
#4050=VERTEX_POINT('',#9260);
#4051=VERTEX_POINT('',#9265);
#4052=VERTEX_POINT('',#9269);
#4053=VERTEX_POINT('',#9273);
#4054=VERTEX_POINT('',#9278);
#4055=VERTEX_POINT('',#9282);
#4056=VERTEX_POINT('',#9286);
#4057=VERTEX_POINT('',#9290);
#4058=VERTEX_POINT('',#9294);
#4059=VERTEX_POINT('',#9298);
#4060=VERTEX_POINT('',#9304);
#4061=VERTEX_POINT('',#9305);
#4062=VERTEX_POINT('',#9307);
#4063=VERTEX_POINT('',#9309);
#4064=VERTEX_POINT('',#9315);
#4065=VERTEX_POINT('',#9317);
#4066=VERTEX_POINT('',#9321);
#4067=VERTEX_POINT('',#9323);
#4068=VERTEX_POINT('',#9334);
#4069=CIRCLE('',#5965,0.0006);
#4070=CIRCLE('',#5966,0.0006);
#4071=CIRCLE('',#5968,0.0007);
#4072=CIRCLE('',#5970,0.000752786404500045);
#4073=CIRCLE('',#5980,0.002);
#4074=CIRCLE('',#5981,0.002);
#4075=CIRCLE('',#5983,0.002);
#4076=CIRCLE('',#5984,0.004);
#4077=CIRCLE('',#5986,0.004);
#4078=CIRCLE('',#5988,0.002);
#4079=CIRCLE('',#5989,0.002);
#4080=CIRCLE('',#5991,0.002);
#4081=CIRCLE('',#5994,0.0036);
#4082=CIRCLE('',#5997,0.002);
#4083=CIRCLE('',#6003,0.0036);
#4084=CIRCLE('',#6004,0.0036);
#4085=CIRCLE('',#6005,0.0036);
#4086=CIRCLE('',#6007,0.0035);
#4087=CIRCLE('',#6008,0.005);
#4088=CIRCLE('',#6011,0.0035);
#4089=CIRCLE('',#6012,0.0035);
#4090=CIRCLE('',#6013,0.0035);
#4091=CIRCLE('',#6014,0.0035);
#4092=CIRCLE('',#6015,0.0035);
#4093=CIRCLE('',#6017,0.0007);
#4094=CIRCLE('',#6020,0.00195);
#4095=CIRCLE('',#6021,0.00195);
#4096=CIRCLE('',#6022,0.00195);
#4097=CIRCLE('',#6025,0.002);
#4098=CIRCLE('',#6035,0.002);
#4099=CIRCLE('',#6036,0.002);
#4100=CIRCLE('',#6056,0.0007);
#4101=CIRCLE('',#6057,0.0007);
#4102=CIRCLE('',#6058,0.005);
#4103=CIRCLE('',#6060,0.005);
#4104=CIRCLE('',#6062,0.002);
#4105=CIRCLE('',#6066,0.005);
#4106=CIRCLE('',#6067,0.005);
#4107=CIRCLE('',#6075,0.002);
#4108=CIRCLE('',#6077,0.002);
#4109=CIRCLE('',#6078,0.0036);
#4110=CIRCLE('',#6081,0.005);
#4111=CIRCLE('',#6082,0.005);
#4112=CIRCLE('',#6085,0.002);
#4113=CIRCLE('',#6086,0.002);
#4114=CIRCLE('',#6089,0.0016);
#4115=CIRCLE('',#6093,0.002);
#4116=CIRCLE('',#6094,0.002);
#4117=CIRCLE('',#6096,0.00375);
#4118=CIRCLE('',#6097,0.00375);
#4119=CIRCLE('',#6098,0.00375);
#4120=CIRCLE('',#6100,0.001);
#4121=CIRCLE('',#6101,0.001);
#4122=CIRCLE('',#6104,0.0036);
#4123=CIRCLE('',#6105,0.0036);
#4124=CIRCLE('',#6106,0.0036);
#4125=CIRCLE('',#6108,0.0023);
#4126=CIRCLE('',#6111,0.00195);
#4127=CIRCLE('',#6113,0.00195);
#4128=CIRCLE('',#6114,0.00195);
#4129=CIRCLE('',#6115,0.00195);
#4130=CIRCLE('',#6116,0.00195);
#4131=CIRCLE('',#6117,0.00195);
#4132=CIRCLE('',#6120,0.0023);
#4133=CIRCLE('',#6123,0.002);
#4134=CIRCLE('',#6129,0.002);
#4135=CIRCLE('',#6131,0.002);
#4136=CIRCLE('',#6135,0.002);
#4137=CIRCLE('',#6136,0.0013);
#4138=CIRCLE('',#6139,0.002);
#4139=CIRCLE('',#6141,0.002);
#4140=CIRCLE('',#6147,0.0007);
#4141=CIRCLE('',#6150,0.0016);
#4142=CIRCLE('',#6151,0.0016);
#4143=CIRCLE('',#6157,0.0007);
#4144=CIRCLE('',#6159,0.0014);
#4145=CIRCLE('',#6161,0.0007);
#4146=CIRCLE('',#6162,0.0007);
#4147=CIRCLE('',#6164,0.0007);
#4148=CIRCLE('',#6167,0.0007);
#4149=CIRCLE('',#6171,0.0007);
#4150=CIRCLE('',#6176,0.002);
#4151=CIRCLE('',#6177,0.002);
#4152=CIRCLE('',#6178,0.002);
#4153=CIRCLE('',#6180,0.0006);
#4154=CIRCLE('',#6183,0.0006);
#4155=CIRCLE('',#6184,0.0006);
#4156=CIRCLE('',#6186,0.0016);
#4157=CIRCLE('',#6194,0.0023);
#4158=CIRCLE('',#6196,0.002);
#4159=CIRCLE('',#6212,0.0007);
#4160=CIRCLE('',#6220,0.0007);
#4161=CIRCLE('',#6235,0.00075);
#4162=CIRCLE('',#6236,0.0012);
#4163=CIRCLE('',#6238,0.00075);
#4164=CIRCLE('',#6240,0.0012);
#4165=CIRCLE('',#6242,0.002);
#4166=CIRCLE('',#6243,0.0021);
#4167=CIRCLE('',#6246,0.0016);
#4168=CIRCLE('',#6247,0.0016);
#4169=CIRCLE('',#6249,0.002);
#4170=CIRCLE('',#6250,0.002);
#4171=CIRCLE('',#6252,0.0022);
#4172=CIRCLE('',#6253,0.0022);
#4173=CIRCLE('',#6255,0.002);
#4174=CIRCLE('',#6256,0.002);
#4175=CIRCLE('',#6257,0.0021);
#4176=CIRCLE('',#6259,0.0021);
#4177=CIRCLE('',#6263,0.002);
#4178=CIRCLE('',#6265,0.0016);
#4179=CIRCLE('',#6266,0.0016);
#4180=CIRCLE('',#6268,0.002);
#4181=CIRCLE('',#6269,0.00375);
#4182=CIRCLE('',#6270,0.002);
#4183=CIRCLE('',#6278,0.0035);
#4184=CIRCLE('',#6280,0.0035);
#4185=CIRCLE('',#6282,0.005);
#4186=CIRCLE('',#6284,0.005);
#4187=CIRCLE('',#6285,0.0035);
#4188=CIRCLE('',#6291,0.002);
#4189=CIRCLE('',#6293,0.002);
#4190=CIRCLE('',#6302,0.002);
#4191=CIRCLE('',#6307,0.002);
#4192=CIRCLE('',#6309,0.00375);
#4193=CIRCLE('',#6311,0.002);
#4194=CIRCLE('',#6332,0.005);
#4195=CIRCLE('',#6334,0.005);
#4196=CIRCLE('',#6338,0.0035);
#4197=CIRCLE('',#6341,0.005);
#4198=CIRCLE('',#6343,0.005);
#4199=CIRCLE('',#6351,0.002);
#4200=CIRCLE('',#6353,0.005);
#4201=CIRCLE('',#6355,0.005);
#4202=EDGE_LOOP('',(#1369,#1370,#1371,#1372));
#4203=EDGE_LOOP('',(#1373,#1374,#1375,#1376));
#4204=EDGE_LOOP('',(#1377,#1378,#1379,#1380,#1381,#1382,#1383,#1384));
#4205=EDGE_LOOP('',(#1385,#1386,#1387,#1388,#1389,#1390,#1391,#1392,#1393,
#1394,#1395,#1396,#1397));
#4206=EDGE_LOOP('',(#1398,#1399,#1400,#1401,#1402,#1403,#1404,#1405));
#4207=EDGE_LOOP('',(#1406,#1407,#1408,#1409,#1410,#1411,#1412,#1413,#1414,
#1415,#1416,#1417,#1418,#1419,#1420));
#4208=EDGE_LOOP('',(#1421,#1422,#1423,#1424,#1425));
#4209=EDGE_LOOP('',(#1426,#1427,#1428,#1429,#1430));
#4210=EDGE_LOOP('',(#1431,#1432,#1433,#1434));
#4211=EDGE_LOOP('',(#1435,#1436,#1437,#1438,#1439,#1440,#1441,#1442));
#4212=EDGE_LOOP('',(#1443,#1444,#1445,#1446));
#4213=EDGE_LOOP('',(#1447,#1448,#1449,#1450));
#4214=EDGE_LOOP('',(#1451,#1452,#1453,#1454,#1455,#1456,#1457,#1458));
#4215=EDGE_LOOP('',(#1459,#1460,#1461,#1462,#1463,#1464,#1465,#1466,#1467,
#1468,#1469,#1470));
#4216=EDGE_LOOP('',(#1471,#1472,#1473,#1474,#1475,#1476,#1477,#1478));
#4217=EDGE_LOOP('',(#1479,#1480,#1481,#1482));
#4218=EDGE_LOOP('',(#1483,#1484,#1485,#1486,#1487,#1488,#1489,#1490,#1491,
#1492,#1493,#1494,#1495,#1496,#1497,#1498,#1499,#1500));
#4219=EDGE_LOOP('',(#1501,#1502,#1503,#1504,#1505,#1506));
#4220=EDGE_LOOP('',(#1507,#1508,#1509,#1510,#1511,#1512,#1513,#1514,#1515));
#4221=EDGE_LOOP('',(#1516));
#4222=EDGE_LOOP('',(#1517,#1518,#1519,#1520,#1521));
#4223=EDGE_LOOP('',(#1522,#1523,#1524));
#4224=EDGE_LOOP('',(#1525,#1526,#1527,#1528));
#4225=EDGE_LOOP('',(#1529,#1530,#1531,#1532,#1533,#1534));
#4226=EDGE_LOOP('',(#1535,#1536,#1537,#1538,#1539,#1540,#1541,#1542,#1543));
#4227=EDGE_LOOP('',(#1544,#1545,#1546,#1547,#1548,#1549,#1550,#1551,#1552,
#1553,#1554,#1555,#1556,#1557,#1558));
#4228=EDGE_LOOP('',(#1559,#1560,#1561,#1562));
#4229=EDGE_LOOP('',(#1563,#1564,#1565,#1566));
#4230=EDGE_LOOP('',(#1567));
#4231=EDGE_LOOP('',(#1568,#1569,#1570,#1571));
#4232=EDGE_LOOP('',(#1572,#1573,#1574,#1575,#1576,#1577,#1578));
#4233=EDGE_LOOP('',(#1579,#1580,#1581,#1582,#1583));
#4234=EDGE_LOOP('',(#1584,#1585,#1586,#1587,#1588,#1589));
#4235=EDGE_LOOP('',(#1590,#1591,#1592,#1593,#1594,#1595,#1596,#1597,#1598));
#4236=EDGE_LOOP('',(#1599,#1600,#1601));
#4237=EDGE_LOOP('',(#1602,#1603,#1604,#1605));
#4238=EDGE_LOOP('',(#1606,#1607,#1608));
#4239=EDGE_LOOP('',(#1609,#1610,#1611,#1612));
#4240=EDGE_LOOP('',(#1613,#1614,#1615,#1616,#1617));
#4241=EDGE_LOOP('',(#1618,#1619,#1620,#1621));
#4242=EDGE_LOOP('',(#1622,#1623,#1624,#1625));
#4243=EDGE_LOOP('',(#1626,#1627,#1628,#1629));
#4244=EDGE_LOOP('',(#1630,#1631,#1632,#1633));
#4245=EDGE_LOOP('',(#1634,#1635,#1636,#1637));
#4246=EDGE_LOOP('',(#1638,#1639,#1640,#1641));
#4247=EDGE_LOOP('',(#1642,#1643,#1644,#1645));
#4248=EDGE_LOOP('',(#1646,#1647,#1648,#1649,#1650,#1651));
#4249=EDGE_LOOP('',(#1652,#1653,#1654,#1655));
#4250=EDGE_LOOP('',(#1656,#1657,#1658,#1659));
#4251=EDGE_LOOP('',(#1660,#1661,#1662,#1663));
#4252=EDGE_LOOP('',(#1664,#1665,#1666,#1667,#1668,#1669,#1670));
#4253=EDGE_LOOP('',(#1671,#1672,#1673,#1674,#1675,#1676));
#4254=EDGE_LOOP('',(#1677,#1678,#1679,#1680,#1681,#1682,#1683,#1684,#1685));
#4255=EDGE_LOOP('',(#1686,#1687,#1688,#1689));
#4256=EDGE_LOOP('',(#1690,#1691,#1692,#1693,#1694,#1695,#1696,#1697,#1698));
#4257=EDGE_LOOP('',(#1699,#1700,#1701,#1702));
#4258=EDGE_LOOP('',(#1703,#1704,#1705,#1706,#1707,#1708));
#4259=EDGE_LOOP('',(#1709,#1710,#1711,#1712,#1713,#1714));
#4260=EDGE_LOOP('',(#1715,#1716,#1717,#1718,#1719,#1720,#1721,#1722,#1723,
#1724,#1725,#1726));
#4261=EDGE_LOOP('',(#1727,#1728,#1729));
#4262=EDGE_LOOP('',(#1730,#1731,#1732,#1733));
#4263=EDGE_LOOP('',(#1734,#1735,#1736));
#4264=EDGE_LOOP('',(#1737,#1738,#1739,#1740));
#4265=EDGE_LOOP('',(#1741));
#4266=EDGE_LOOP('',(#1742,#1743,#1744,#1745,#1746,#1747,#1748,#1749));
#4267=EDGE_LOOP('',(#1750,#1751,#1752,#1753));
#4268=EDGE_LOOP('',(#1754,#1755,#1756,#1757));
#4269=EDGE_LOOP('',(#1758,#1759,#1760,#1761,#1762,#1763,#1764,#1765));
#4270=EDGE_LOOP('',(#1766,#1767,#1768,#1769,#1770,#1771,#1772,#1773,#1774,
#1775,#1776,#1777,#1778));
#4271=EDGE_LOOP('',(#1779,#1780,#1781,#1782));
#4272=EDGE_LOOP('',(#1783));
#4273=EDGE_LOOP('',(#1784,#1785,#1786,#1787,#1788,#1789));
#4274=EDGE_LOOP('',(#1790,#1791,#1792,#1793));
#4275=EDGE_LOOP('',(#1794,#1795,#1796,#1797));
#4276=EDGE_LOOP('',(#1798,#1799,#1800,#1801));
#4277=EDGE_LOOP('',(#1802,#1803,#1804,#1805,#1806,#1807));
#4278=EDGE_LOOP('',(#1808));
#4279=EDGE_LOOP('',(#1809,#1810));
#4280=EDGE_LOOP('',(#1811,#1812,#1813,#1814));
#4281=EDGE_LOOP('',(#1815,#1816,#1817,#1818,#1819,#1820,#1821));
#4282=EDGE_LOOP('',(#1822,#1823,#1824,#1825,#1826,#1827,#1828));
#4283=EDGE_LOOP('',(#1829,#1830,#1831,#1832,#1833,#1834,#1835,#1836,#1837,
#1838,#1839));
#4284=EDGE_LOOP('',(#1840,#1841,#1842,#1843));
#4285=EDGE_LOOP('',(#1844,#1845,#1846,#1847));
#4286=EDGE_LOOP('',(#1848,#1849,#1850,#1851,#1852,#1853,#1854));
#4287=EDGE_LOOP('',(#1855,#1856,#1857,#1858));
#4288=EDGE_LOOP('',(#1859,#1860,#1861,#1862,#1863,#1864,#1865,#1866,#1867,
#1868));
#4289=EDGE_LOOP('',(#1869,#1870,#1871,#1872));
#4290=EDGE_LOOP('',(#1873,#1874,#1875,#1876));
#4291=EDGE_LOOP('',(#1877,#1878,#1879,#1880,#1881,#1882));
#4292=EDGE_LOOP('',(#1883,#1884,#1885,#1886));
#4293=EDGE_LOOP('',(#1887,#1888,#1889,#1890));
#4294=EDGE_LOOP('',(#1891,#1892,#1893,#1894));
#4295=EDGE_LOOP('',(#1895,#1896,#1897,#1898));
#4296=EDGE_LOOP('',(#1899,#1900,#1901));
#4297=EDGE_LOOP('',(#1902,#1903,#1904,#1905));
#4298=EDGE_LOOP('',(#1906));
#4299=EDGE_LOOP('',(#1907));
#4300=EDGE_LOOP('',(#1908,#1909,#1910,#1911));
#4301=EDGE_LOOP('',(#1912,#1913,#1914,#1915));
#4302=EDGE_LOOP('',(#1916,#1917,#1918,#1919,#1920,#1921,#1922));
#4303=EDGE_LOOP('',(#1923,#1924));
#4304=EDGE_LOOP('',(#1925,#1926));
#4305=EDGE_LOOP('',(#1927,#1928,#1929,#1930,#1931));
#4306=EDGE_LOOP('',(#1932));
#4307=EDGE_LOOP('',(#1933,#1934,#1935,#1936));
#4308=EDGE_LOOP('',(#1937,#1938,#1939));
#4309=EDGE_LOOP('',(#1940,#1941,#1942,#1943));
#4310=EDGE_LOOP('',(#1944,#1945,#1946,#1947));
#4311=EDGE_LOOP('',(#1948,#1949,#1950,#1951));
#4312=EDGE_LOOP('',(#1952,#1953,#1954,#1955));
#4313=EDGE_LOOP('',(#1956));
#4314=EDGE_LOOP('',(#1957));
#4315=EDGE_LOOP('',(#1958));
#4316=EDGE_LOOP('',(#1959));
#4317=EDGE_LOOP('',(#1960,#1961,#1962,#1963,#1964,#1965,#1966));
#4318=EDGE_LOOP('',(#1967,#1968,#1969,#1970));
#4319=EDGE_LOOP('',(#1971,#1972,#1973,#1974));
#4320=EDGE_LOOP('',(#1975,#1976,#1977,#1978));
#4321=EDGE_LOOP('',(#1979,#1980,#1981,#1982,#1983,#1984,#1985,#1986));
#4322=EDGE_LOOP('',(#1987,#1988,#1989,#1990));
#4323=EDGE_LOOP('',(#1991,#1992,#1993,#1994));
#4324=EDGE_LOOP('',(#1995,#1996,#1997,#1998,#1999));
#4325=EDGE_LOOP('',(#2000,#2001,#2002,#2003,#2004));
#4326=EDGE_LOOP('',(#2005,#2006,#2007,#2008));
#4327=EDGE_LOOP('',(#2009,#2010,#2011,#2012,#2013,#2014));
#4328=EDGE_LOOP('',(#2015,#2016,#2017,#2018));
#4329=EDGE_LOOP('',(#2019,#2020,#2021,#2022,#2023));
#4330=EDGE_LOOP('',(#2024,#2025,#2026,#2027));
#4331=EDGE_LOOP('',(#2028,#2029,#2030,#2031));
#4332=EDGE_LOOP('',(#2032,#2033,#2034,#2035,#2036,#2037,#2038,#2039));
#4333=EDGE_LOOP('',(#2040,#2041,#2042,#2043,#2044,#2045));
#4334=EDGE_LOOP('',(#2046,#2047,#2048,#2049));
#4335=EDGE_LOOP('',(#2050,#2051,#2052,#2053));
#4336=EDGE_LOOP('',(#2054));
#4337=EDGE_LOOP('',(#2055));
#4338=EDGE_LOOP('',(#2056,#2057,#2058,#2059,#2060,#2061));
#4339=EDGE_LOOP('',(#2062,#2063,#2064,#2065));
#4340=EDGE_LOOP('',(#2066,#2067,#2068));
#4341=EDGE_LOOP('',(#2069,#2070,#2071));
#4342=EDGE_LOOP('',(#2072,#2073));
#4343=EDGE_LOOP('',(#2074,#2075,#2076,#2077,#2078));
#4344=EDGE_LOOP('',(#2079,#2080,#2081,#2082));
#4345=EDGE_LOOP('',(#2083,#2084,#2085,#2086,#2087));
#4346=EDGE_LOOP('',(#2088,#2089,#2090));
#4347=EDGE_LOOP('',(#2091));
#4348=EDGE_LOOP('',(#2092,#2093,#2094,#2095));
#4349=EDGE_LOOP('',(#2096,#2097,#2098));
#4350=EDGE_LOOP('',(#2099,#2100,#2101,#2102,#2103));
#4351=EDGE_LOOP('',(#2104,#2105,#2106));
#4352=EDGE_LOOP('',(#2107));
#4353=EDGE_LOOP('',(#2108,#2109,#2110,#2111,#2112,#2113,#2114,#2115,#2116,
#2117,#2118));
#4354=EDGE_LOOP('',(#2119,#2120,#2121,#2122,#2123,#2124));
#4355=EDGE_LOOP('',(#2125));
#4356=EDGE_LOOP('',(#2126,#2127,#2128,#2129));
#4357=EDGE_LOOP('',(#2130,#2131,#2132,#2133,#2134,#2135,#2136,#2137,#2138,
#2139,#2140));
#4358=EDGE_LOOP('',(#2141,#2142,#2143,#2144,#2145,#2146,#2147,#2148,#2149,
#2150,#2151,#2152,#2153,#2154,#2155,#2156,#2157,#2158,#2159,#2160,#2161,
#2162,#2163,#2164,#2165,#2166,#2167,#2168,#2169,#2170,#2171,#2172,#2173,
#2174,#2175,#2176,#2177,#2178,#2179,#2180,#2181,#2182,#2183,#2184,#2185,
#2186,#2187,#2188,#2189,#2190,#2191,#2192,#2193,#2194,#2195,#2196,#2197,
#2198,#2199));
#4359=EDGE_LOOP('',(#2200,#2201,#2202,#2203));
#4360=EDGE_LOOP('',(#2204,#2205,#2206,#2207,#2208));
#4361=EDGE_LOOP('',(#2209,#2210,#2211,#2212,#2213,#2214,#2215,#2216,#2217,
#2218));
#4362=EDGE_LOOP('',(#2219,#2220,#2221,#2222));
#4363=EDGE_LOOP('',(#2223,#2224,#2225,#2226,#2227,#2228,#2229,#2230,#2231,
#2232,#2233));
#4364=EDGE_LOOP('',(#2234,#2235,#2236,#2237,#2238,#2239,#2240,#2241));
#4365=EDGE_LOOP('',(#2242,#2243,#2244,#2245,#2246,#2247,#2248,#2249,#2250));
#4366=EDGE_LOOP('',(#2251,#2252,#2253,#2254));
#4367=EDGE_LOOP('',(#2255,#2256,#2257,#2258,#2259));
#4368=EDGE_LOOP('',(#2260,#2261,#2262,#2263,#2264,#2265));
#4369=EDGE_LOOP('',(#2266,#2267,#2268,#2269,#2270));
#4370=EDGE_LOOP('',(#2271,#2272,#2273,#2274,#2275));
#4371=EDGE_LOOP('',(#2276,#2277,#2278,#2279));
#4372=EDGE_LOOP('',(#2280,#2281,#2282,#2283));
#4373=EDGE_LOOP('',(#2284,#2285,#2286,#2287,#2288,#2289,#2290,#2291,#2292,
#2293,#2294));
#4374=EDGE_LOOP('',(#2295,#2296,#2297,#2298));
#4375=EDGE_LOOP('',(#2299,#2300,#2301,#2302,#2303,#2304,#2305));
#4376=EDGE_LOOP('',(#2306,#2307,#2308,#2309,#2310));
#4377=EDGE_LOOP('',(#2311));
#4378=EDGE_LOOP('',(#2312,#2313,#2314,#2315,#2316));
#4379=EDGE_LOOP('',(#2317,#2318,#2319,#2320));
#4380=EDGE_LOOP('',(#2321,#2322,#2323,#2324));
#4381=EDGE_LOOP('',(#2325,#2326,#2327,#2328));
#4382=EDGE_LOOP('',(#2329));
#4383=EDGE_LOOP('',(#2330));
#4384=EDGE_LOOP('',(#2331));
#4385=EDGE_LOOP('',(#2332));
#4386=EDGE_LOOP('',(#2333));
#4387=EDGE_LOOP('',(#2334));
#4388=EDGE_LOOP('',(#2335));
#4389=EDGE_LOOP('',(#2336,#2337,#2338,#2339,#2340));
#4390=EDGE_LOOP('',(#2341,#2342,#2343,#2344));
#4391=EDGE_LOOP('',(#2345));
#4392=EDGE_LOOP('',(#2346));
#4393=EDGE_LOOP('',(#2347,#2348,#2349,#2350));
#4394=EDGE_LOOP('',(#2351,#2352,#2353,#2354));
#4395=EDGE_LOOP('',(#2355));
#4396=EDGE_LOOP('',(#2356,#2357,#2358,#2359,#2360,#2361,#2362,#2363));
#4397=EDGE_LOOP('',(#2364,#2365,#2366,#2367,#2368,#2369));
#4398=EDGE_LOOP('',(#2370,#2371,#2372,#2373));
#4399=EDGE_LOOP('',(#2374,#2375,#2376,#2377));
#4400=EDGE_LOOP('',(#2378,#2379,#2380,#2381,#2382,#2383));
#4401=EDGE_LOOP('',(#2384));
#4402=EDGE_LOOP('',(#2385));
#4403=EDGE_LOOP('',(#2386));
#4404=EDGE_LOOP('',(#2387,#2388,#2389,#2390,#2391,#2392));
#4405=EDGE_LOOP('',(#2393,#2394,#2395,#2396));
#4406=EDGE_LOOP('',(#2397,#2398,#2399,#2400));
#4407=EDGE_LOOP('',(#2401,#2402,#2403,#2404,#2405,#2406));
#4408=EDGE_LOOP('',(#2407,#2408,#2409,#2410));
#4409=EDGE_LOOP('',(#2411,#2412,#2413,#2414,#2415,#2416));
#4410=EDGE_LOOP('',(#2417));
#4411=EDGE_LOOP('',(#2418,#2419));
#4412=EDGE_LOOP('',(#2420));
#4413=EDGE_LOOP('',(#2421,#2422));
#4414=EDGE_LOOP('',(#2423,#2424,#2425,#2426,#2427,#2428,#2429,#2430,#2431,
#2432,#2433));
#4415=EDGE_LOOP('',(#2434,#2435,#2436,#2437));
#4416=EDGE_LOOP('',(#2438,#2439,#2440,#2441));
#4417=EDGE_LOOP('',(#2442,#2443,#2444,#2445));
#4418=EDGE_LOOP('',(#2446,#2447,#2448,#2449,#2450,#2451));
#4419=EDGE_LOOP('',(#2452,#2453,#2454,#2455,#2456));
#4420=EDGE_LOOP('',(#2457,#2458,#2459,#2460,#2461,#2462));
#4421=EDGE_LOOP('',(#2463,#2464,#2465,#2466,#2467,#2468));
#4422=EDGE_LOOP('',(#2469));
#4423=EDGE_LOOP('',(#2470,#2471,#2472,#2473,#2474,#2475,#2476,#2477,#2478,
#2479,#2480,#2481,#2482,#2483));
#4424=EDGE_LOOP('',(#2484,#2485,#2486,#2487,#2488,#2489,#2490,#2491,#2492,
#2493,#2494,#2495,#2496));
#4425=EDGE_LOOP('',(#2497,#2498,#2499,#2500));
#4426=EDGE_LOOP('',(#2501,#2502,#2503,#2504));
#4427=EDGE_LOOP('',(#2505,#2506,#2507,#2508,#2509,#2510,#2511,#2512,#2513,
#2514));
#4428=EDGE_LOOP('',(#2515,#2516,#2517,#2518));
#4429=EDGE_LOOP('',(#2519,#2520,#2521,#2522,#2523,#2524));
#4430=EDGE_LOOP('',(#2525,#2526,#2527,#2528,#2529));
#4431=EDGE_LOOP('',(#2530,#2531,#2532,#2533,#2534,#2535));
#4432=EDGE_LOOP('',(#2536,#2537,#2538,#2539));
#4433=EDGE_LOOP('',(#2540,#2541,#2542,#2543));
#4434=EDGE_LOOP('',(#2544,#2545,#2546,#2547));
#4435=EDGE_LOOP('',(#2548,#2549,#2550,#2551,#2552,#2553));
#4436=EDGE_LOOP('',(#2554,#2555,#2556,#2557,#2558,#2559));
#4437=EDGE_LOOP('',(#2560,#2561,#2562,#2563,#2564,#2565));
#4438=EDGE_LOOP('',(#2566,#2567,#2568,#2569,#2570,#2571));
#4439=EDGE_LOOP('',(#2572,#2573,#2574,#2575));
#4440=EDGE_LOOP('',(#2576,#2577,#2578,#2579));
#4441=EDGE_LOOP('',(#2580,#2581,#2582,#2583));
#4442=EDGE_LOOP('',(#2584,#2585,#2586,#2587));
#4443=EDGE_LOOP('',(#2588,#2589,#2590,#2591));
#4444=EDGE_LOOP('',(#2592,#2593,#2594,#2595));
#4445=EDGE_LOOP('',(#2596,#2597,#2598,#2599,#2600));
#4446=EDGE_LOOP('',(#2601,#2602,#2603,#2604));
#4447=EDGE_LOOP('',(#2605,#2606,#2607,#2608));
#4448=EDGE_LOOP('',(#2609,#2610,#2611,#2612));
#4449=EDGE_LOOP('',(#2613,#2614,#2615,#2616));
#4450=EDGE_LOOP('',(#2617,#2618,#2619,#2620,#2621,#2622,#2623));
#4451=EDGE_LOOP('',(#2624,#2625,#2626,#2627,#2628));
#4452=EDGE_LOOP('',(#2629,#2630,#2631,#2632));
#4453=EDGE_LOOP('',(#2633,#2634,#2635,#2636,#2637));
#4454=EDGE_LOOP('',(#2638,#2639,#2640,#2641));
#4455=EDGE_LOOP('',(#2642,#2643,#2644,#2645,#2646,#2647,#2648,#2649));
#4456=EDGE_LOOP('',(#2650,#2651,#2652,#2653,#2654,#2655,#2656,#2657));
#4457=EDGE_LOOP('',(#2658,#2659,#2660,#2661,#2662,#2663,#2664,#2665,#2666,
#2667));
#4458=EDGE_LOOP('',(#2668,#2669,#2670,#2671,#2672,#2673));
#4459=EDGE_LOOP('',(#2674,#2675,#2676,#2677,#2678,#2679,#2680,#2681,#2682,
#2683,#2684,#2685));
#4460=EDGE_LOOP('',(#2686,#2687,#2688,#2689));
#4461=EDGE_LOOP('',(#2690,#2691,#2692,#2693));
#4462=EDGE_LOOP('',(#2694,#2695,#2696,#2697,#2698));
#4463=EDGE_LOOP('',(#2699,#2700,#2701,#2702,#2703,#2704,#2705,#2706));
#4464=EDGE_LOOP('',(#2707,#2708,#2709,#2710,#2711,#2712,#2713));
#4465=EDGE_LOOP('',(#2714,#2715,#2716,#2717));
#4466=EDGE_LOOP('',(#2718,#2719,#2720,#2721,#2722));
#4467=EDGE_LOOP('',(#2723,#2724,#2725,#2726));
#4468=EDGE_LOOP('',(#2727,#2728,#2729,#2730));
#4469=EDGE_LOOP('',(#2731,#2732,#2733,#2734));
#4470=EDGE_LOOP('',(#2735,#2736,#2737,#2738));
#4471=EDGE_LOOP('',(#2739,#2740,#2741,#2742,#2743,#2744,#2745,#2746,#2747,
#2748));
#4472=EDGE_LOOP('',(#2749,#2750,#2751,#2752,#2753,#2754,#2755,#2756));
#4473=EDGE_LOOP('',(#2757,#2758,#2759,#2760));
#4474=EDGE_LOOP('',(#2761,#2762,#2763,#2764));
#4475=EDGE_LOOP('',(#2765,#2766,#2767,#2768));
#4476=EDGE_LOOP('',(#2769,#2770,#2771,#2772));
#4477=EDGE_LOOP('',(#2773,#2774,#2775,#2776,#2777,#2778,#2779,#2780,#2781,
#2782,#2783,#2784,#2785,#2786,#2787,#2788,#2789,#2790,#2791,#2792,#2793,
#2794,#2795,#2796,#2797,#2798,#2799,#2800,#2801,#2802,#2803,#2804,#2805,
#2806,#2807,#2808,#2809,#2810,#2811,#2812,#2813,#2814,#2815,#2816,#2817,
#2818,#2819,#2820,#2821,#2822,#2823,#2824));
#4478=EDGE_LOOP('',(#2825,#2826,#2827,#2828));
#4479=EDGE_LOOP('',(#2829,#2830,#2831,#2832));
#4480=EDGE_LOOP('',(#2833,#2834,#2835,#2836));
#4481=EDGE_LOOP('',(#2837,#2838,#2839,#2840));
#4482=FACE_BOUND('',#4202,.T.);
#4483=FACE_BOUND('',#4203,.T.);
#4484=FACE_BOUND('',#4204,.T.);
#4485=FACE_BOUND('',#4205,.T.);
#4486=FACE_BOUND('',#4206,.T.);
#4487=FACE_BOUND('',#4207,.T.);
#4488=FACE_BOUND('',#4208,.T.);
#4489=FACE_BOUND('',#4209,.T.);
#4490=FACE_BOUND('',#4210,.T.);
#4491=FACE_BOUND('',#4211,.T.);
#4492=FACE_BOUND('',#4212,.T.);
#4493=FACE_BOUND('',#4213,.T.);
#4494=FACE_BOUND('',#4214,.T.);
#4495=FACE_BOUND('',#4215,.T.);
#4496=FACE_BOUND('',#4216,.T.);
#4497=FACE_BOUND('',#4217,.T.);
#4498=FACE_BOUND('',#4218,.T.);
#4499=FACE_BOUND('',#4219,.T.);
#4500=FACE_BOUND('',#4220,.T.);
#4501=FACE_BOUND('',#4221,.T.);
#4502=FACE_BOUND('',#4222,.T.);
#4503=FACE_BOUND('',#4223,.T.);
#4504=FACE_BOUND('',#4224,.T.);
#4505=FACE_BOUND('',#4225,.T.);
#4506=FACE_BOUND('',#4226,.T.);
#4507=FACE_BOUND('',#4227,.T.);
#4508=FACE_BOUND('',#4228,.T.);
#4509=FACE_BOUND('',#4229,.T.);
#4510=FACE_BOUND('',#4230,.T.);
#4511=FACE_BOUND('',#4231,.T.);
#4512=FACE_BOUND('',#4232,.T.);
#4513=FACE_BOUND('',#4233,.T.);
#4514=FACE_BOUND('',#4234,.T.);
#4515=FACE_BOUND('',#4235,.T.);
#4516=FACE_BOUND('',#4236,.T.);
#4517=FACE_BOUND('',#4237,.T.);
#4518=FACE_BOUND('',#4238,.T.);
#4519=FACE_BOUND('',#4239,.T.);
#4520=FACE_BOUND('',#4240,.T.);
#4521=FACE_BOUND('',#4241,.T.);
#4522=FACE_BOUND('',#4242,.T.);
#4523=FACE_BOUND('',#4243,.T.);
#4524=FACE_BOUND('',#4244,.T.);
#4525=FACE_BOUND('',#4245,.T.);
#4526=FACE_BOUND('',#4246,.T.);
#4527=FACE_BOUND('',#4247,.T.);
#4528=FACE_BOUND('',#4248,.T.);
#4529=FACE_BOUND('',#4249,.T.);
#4530=FACE_BOUND('',#4250,.T.);
#4531=FACE_BOUND('',#4251,.T.);
#4532=FACE_BOUND('',#4252,.T.);
#4533=FACE_BOUND('',#4253,.T.);
#4534=FACE_BOUND('',#4254,.T.);
#4535=FACE_BOUND('',#4255,.T.);
#4536=FACE_BOUND('',#4256,.T.);
#4537=FACE_BOUND('',#4257,.T.);
#4538=FACE_BOUND('',#4258,.T.);
#4539=FACE_BOUND('',#4259,.T.);
#4540=FACE_BOUND('',#4260,.T.);
#4541=FACE_BOUND('',#4261,.T.);
#4542=FACE_BOUND('',#4262,.T.);
#4543=FACE_BOUND('',#4263,.T.);
#4544=FACE_BOUND('',#4264,.T.);
#4545=FACE_BOUND('',#4265,.T.);
#4546=FACE_BOUND('',#4266,.T.);
#4547=FACE_BOUND('',#4267,.T.);
#4548=FACE_BOUND('',#4268,.T.);
#4549=FACE_BOUND('',#4269,.T.);
#4550=FACE_BOUND('',#4270,.T.);
#4551=FACE_BOUND('',#4271,.T.);
#4552=FACE_BOUND('',#4272,.T.);
#4553=FACE_BOUND('',#4273,.T.);
#4554=FACE_BOUND('',#4274,.T.);
#4555=FACE_BOUND('',#4275,.T.);
#4556=FACE_BOUND('',#4276,.T.);
#4557=FACE_BOUND('',#4277,.T.);
#4558=FACE_BOUND('',#4278,.T.);
#4559=FACE_BOUND('',#4279,.T.);
#4560=FACE_BOUND('',#4280,.T.);
#4561=FACE_BOUND('',#4281,.T.);
#4562=FACE_BOUND('',#4282,.T.);
#4563=FACE_BOUND('',#4283,.T.);
#4564=FACE_BOUND('',#4284,.T.);
#4565=FACE_BOUND('',#4285,.T.);
#4566=FACE_BOUND('',#4286,.T.);
#4567=FACE_BOUND('',#4287,.T.);
#4568=FACE_BOUND('',#4288,.T.);
#4569=FACE_BOUND('',#4289,.T.);
#4570=FACE_BOUND('',#4290,.T.);
#4571=FACE_BOUND('',#4291,.T.);
#4572=FACE_BOUND('',#4292,.T.);
#4573=FACE_BOUND('',#4293,.T.);
#4574=FACE_BOUND('',#4294,.T.);
#4575=FACE_BOUND('',#4295,.T.);
#4576=FACE_BOUND('',#4296,.T.);
#4577=FACE_BOUND('',#4297,.T.);
#4578=FACE_BOUND('',#4298,.T.);
#4579=FACE_BOUND('',#4299,.T.);
#4580=FACE_BOUND('',#4300,.T.);
#4581=FACE_BOUND('',#4301,.T.);
#4582=FACE_BOUND('',#4302,.T.);
#4583=FACE_BOUND('',#4303,.T.);
#4584=FACE_BOUND('',#4304,.T.);
#4585=FACE_BOUND('',#4305,.T.);
#4586=FACE_BOUND('',#4306,.T.);
#4587=FACE_BOUND('',#4307,.T.);
#4588=FACE_BOUND('',#4308,.T.);
#4589=FACE_BOUND('',#4309,.T.);
#4590=FACE_BOUND('',#4310,.T.);
#4591=FACE_BOUND('',#4311,.T.);
#4592=FACE_BOUND('',#4312,.T.);
#4593=FACE_BOUND('',#4313,.T.);
#4594=FACE_BOUND('',#4314,.T.);
#4595=FACE_BOUND('',#4315,.T.);
#4596=FACE_BOUND('',#4316,.T.);
#4597=FACE_BOUND('',#4317,.T.);
#4598=FACE_BOUND('',#4318,.T.);
#4599=FACE_BOUND('',#4319,.T.);
#4600=FACE_BOUND('',#4320,.T.);
#4601=FACE_BOUND('',#4321,.T.);
#4602=FACE_BOUND('',#4322,.T.);
#4603=FACE_BOUND('',#4323,.T.);
#4604=FACE_BOUND('',#4324,.T.);
#4605=FACE_BOUND('',#4325,.T.);
#4606=FACE_BOUND('',#4326,.T.);
#4607=FACE_BOUND('',#4327,.T.);
#4608=FACE_BOUND('',#4328,.T.);
#4609=FACE_BOUND('',#4329,.T.);
#4610=FACE_BOUND('',#4330,.T.);
#4611=FACE_BOUND('',#4331,.T.);
#4612=FACE_BOUND('',#4332,.T.);
#4613=FACE_BOUND('',#4333,.T.);
#4614=FACE_BOUND('',#4334,.T.);
#4615=FACE_BOUND('',#4335,.T.);
#4616=FACE_BOUND('',#4336,.T.);
#4617=FACE_BOUND('',#4337,.T.);
#4618=FACE_BOUND('',#4338,.T.);
#4619=FACE_BOUND('',#4339,.T.);
#4620=FACE_BOUND('',#4340,.T.);
#4621=FACE_BOUND('',#4341,.T.);
#4622=FACE_BOUND('',#4342,.T.);
#4623=FACE_BOUND('',#4343,.T.);
#4624=FACE_BOUND('',#4344,.T.);
#4625=FACE_BOUND('',#4345,.T.);
#4626=FACE_BOUND('',#4346,.T.);
#4627=FACE_BOUND('',#4347,.T.);
#4628=FACE_BOUND('',#4348,.T.);
#4629=FACE_BOUND('',#4349,.T.);
#4630=FACE_BOUND('',#4350,.T.);
#4631=FACE_BOUND('',#4351,.T.);
#4632=FACE_BOUND('',#4352,.T.);
#4633=FACE_BOUND('',#4353,.T.);
#4634=FACE_BOUND('',#4354,.T.);
#4635=FACE_BOUND('',#4355,.T.);
#4636=FACE_BOUND('',#4356,.T.);
#4637=FACE_BOUND('',#4357,.T.);
#4638=FACE_BOUND('',#4358,.T.);
#4639=FACE_BOUND('',#4359,.T.);
#4640=FACE_BOUND('',#4360,.T.);
#4641=FACE_BOUND('',#4361,.T.);
#4642=FACE_BOUND('',#4362,.T.);
#4643=FACE_BOUND('',#4363,.T.);
#4644=FACE_BOUND('',#4364,.T.);
#4645=FACE_BOUND('',#4365,.T.);
#4646=FACE_BOUND('',#4366,.T.);
#4647=FACE_BOUND('',#4367,.T.);
#4648=FACE_BOUND('',#4368,.T.);
#4649=FACE_BOUND('',#4369,.T.);
#4650=FACE_BOUND('',#4370,.T.);
#4651=FACE_BOUND('',#4371,.T.);
#4652=FACE_BOUND('',#4372,.T.);
#4653=FACE_BOUND('',#4373,.T.);
#4654=FACE_BOUND('',#4374,.T.);
#4655=FACE_BOUND('',#4375,.T.);
#4656=FACE_BOUND('',#4376,.T.);
#4657=FACE_BOUND('',#4377,.T.);
#4658=FACE_BOUND('',#4378,.T.);
#4659=FACE_BOUND('',#4379,.T.);
#4660=FACE_BOUND('',#4380,.T.);
#4661=FACE_BOUND('',#4381,.T.);
#4662=FACE_BOUND('',#4382,.T.);
#4663=FACE_BOUND('',#4383,.T.);
#4664=FACE_BOUND('',#4384,.T.);
#4665=FACE_BOUND('',#4385,.T.);
#4666=FACE_BOUND('',#4386,.T.);
#4667=FACE_BOUND('',#4387,.T.);
#4668=FACE_BOUND('',#4388,.T.);
#4669=FACE_BOUND('',#4389,.T.);
#4670=FACE_BOUND('',#4390,.T.);
#4671=FACE_BOUND('',#4391,.T.);
#4672=FACE_BOUND('',#4392,.T.);
#4673=FACE_BOUND('',#4393,.T.);
#4674=FACE_BOUND('',#4394,.T.);
#4675=FACE_BOUND('',#4395,.T.);
#4676=FACE_BOUND('',#4396,.T.);
#4677=FACE_BOUND('',#4397,.T.);
#4678=FACE_BOUND('',#4398,.T.);
#4679=FACE_BOUND('',#4399,.T.);
#4680=FACE_BOUND('',#4400,.T.);
#4681=FACE_BOUND('',#4401,.T.);
#4682=FACE_BOUND('',#4402,.T.);
#4683=FACE_BOUND('',#4403,.T.);
#4684=FACE_BOUND('',#4404,.T.);
#4685=FACE_BOUND('',#4405,.T.);
#4686=FACE_BOUND('',#4406,.T.);
#4687=FACE_BOUND('',#4407,.T.);
#4688=FACE_BOUND('',#4408,.T.);
#4689=FACE_BOUND('',#4409,.T.);
#4690=FACE_BOUND('',#4410,.T.);
#4691=FACE_BOUND('',#4411,.T.);
#4692=FACE_BOUND('',#4412,.T.);
#4693=FACE_BOUND('',#4413,.T.);
#4694=FACE_BOUND('',#4414,.T.);
#4695=FACE_BOUND('',#4415,.T.);
#4696=FACE_BOUND('',#4416,.T.);
#4697=FACE_BOUND('',#4417,.T.);
#4698=FACE_BOUND('',#4418,.T.);
#4699=FACE_BOUND('',#4419,.T.);
#4700=FACE_BOUND('',#4420,.T.);
#4701=FACE_BOUND('',#4421,.T.);
#4702=FACE_BOUND('',#4422,.T.);
#4703=FACE_BOUND('',#4423,.T.);
#4704=FACE_BOUND('',#4424,.T.);
#4705=FACE_BOUND('',#4425,.T.);
#4706=FACE_BOUND('',#4426,.T.);
#4707=FACE_BOUND('',#4427,.T.);
#4708=FACE_BOUND('',#4428,.T.);
#4709=FACE_BOUND('',#4429,.T.);
#4710=FACE_BOUND('',#4430,.T.);
#4711=FACE_BOUND('',#4431,.T.);
#4712=FACE_BOUND('',#4432,.T.);
#4713=FACE_BOUND('',#4433,.T.);
#4714=FACE_BOUND('',#4434,.T.);
#4715=FACE_BOUND('',#4435,.T.);
#4716=FACE_BOUND('',#4436,.T.);
#4717=FACE_BOUND('',#4437,.T.);
#4718=FACE_BOUND('',#4438,.T.);
#4719=FACE_BOUND('',#4439,.T.);
#4720=FACE_BOUND('',#4440,.T.);
#4721=FACE_BOUND('',#4441,.T.);
#4722=FACE_BOUND('',#4442,.T.);
#4723=FACE_BOUND('',#4443,.T.);
#4724=FACE_BOUND('',#4444,.T.);
#4725=FACE_BOUND('',#4445,.T.);
#4726=FACE_BOUND('',#4446,.T.);
#4727=FACE_BOUND('',#4447,.T.);
#4728=FACE_BOUND('',#4448,.T.);
#4729=FACE_BOUND('',#4449,.T.);
#4730=FACE_BOUND('',#4450,.T.);
#4731=FACE_BOUND('',#4451,.T.);
#4732=FACE_BOUND('',#4452,.T.);
#4733=FACE_BOUND('',#4453,.T.);
#4734=FACE_BOUND('',#4454,.T.);
#4735=FACE_BOUND('',#4455,.T.);
#4736=FACE_BOUND('',#4456,.T.);
#4737=FACE_BOUND('',#4457,.T.);
#4738=FACE_BOUND('',#4458,.T.);
#4739=FACE_BOUND('',#4459,.T.);
#4740=FACE_BOUND('',#4460,.T.);
#4741=FACE_BOUND('',#4461,.T.);
#4742=FACE_BOUND('',#4462,.T.);
#4743=FACE_BOUND('',#4463,.T.);
#4744=FACE_BOUND('',#4464,.T.);
#4745=FACE_BOUND('',#4465,.T.);
#4746=FACE_BOUND('',#4466,.T.);
#4747=FACE_BOUND('',#4467,.T.);
#4748=FACE_BOUND('',#4468,.T.);
#4749=FACE_BOUND('',#4469,.T.);
#4750=FACE_BOUND('',#4470,.T.);
#4751=FACE_BOUND('',#4471,.T.);
#4752=FACE_BOUND('',#4472,.T.);
#4753=FACE_BOUND('',#4473,.T.);
#4754=FACE_BOUND('',#4474,.T.);
#4755=FACE_BOUND('',#4475,.T.);
#4756=FACE_BOUND('',#4476,.T.);
#4757=FACE_BOUND('',#4477,.T.);
#4758=FACE_BOUND('',#4478,.T.);
#4759=FACE_BOUND('',#4479,.T.);
#4760=FACE_BOUND('',#4480,.T.);
#4761=FACE_BOUND('',#4481,.T.);
#4762=CYLINDRICAL_SURFACE('',#5964,0.0006);
#4763=CYLINDRICAL_SURFACE('',#5967,0.0007);
#4764=CYLINDRICAL_SURFACE('',#5979,0.002);
#4765=CYLINDRICAL_SURFACE('',#5990,0.002);
#4766=CYLINDRICAL_SURFACE('',#5996,0.002);
#4767=CYLINDRICAL_SURFACE('',#6002,0.0036);
#4768=CYLINDRICAL_SURFACE('',#6009,0.005);
#4769=CYLINDRICAL_SURFACE('',#6010,0.0035);
#4770=CYLINDRICAL_SURFACE('',#6019,0.00195);
#4771=CYLINDRICAL_SURFACE('',#6034,0.002);
#4772=CYLINDRICAL_SURFACE('',#6039,0.002);
#4773=CYLINDRICAL_SURFACE('',#6040,0.002);
#4774=CYLINDRICAL_SURFACE('',#6046,0.0007);
#4775=CYLINDRICAL_SURFACE('',#6050,0.0007);
#4776=CYLINDRICAL_SURFACE('',#6059,0.005);
#4777=CYLINDRICAL_SURFACE('',#6065,0.005);
#4778=CYLINDRICAL_SURFACE('',#6074,0.002);
#4779=CYLINDRICAL_SURFACE('',#6080,0.005);
#4780=CYLINDRICAL_SURFACE('',#6092,0.002);
#4781=CYLINDRICAL_SURFACE('',#6095,0.00375);
#4782=CYLINDRICAL_SURFACE('',#6099,0.001);
#4783=CYLINDRICAL_SURFACE('',#6103,0.0036);
#4784=CYLINDRICAL_SURFACE('',#6112,0.00195);
#4785=CYLINDRICAL_SURFACE('',#6118,0.002);
#4786=CYLINDRICAL_SURFACE('',#6121,0.0023);
#4787=CYLINDRICAL_SURFACE('',#6122,0.002);
#4788=CYLINDRICAL_SURFACE('',#6126,0.002);
#4789=CYLINDRICAL_SURFACE('',#6137,0.0013);
#4790=CYLINDRICAL_SURFACE('',#6140,0.002);
#4791=CYLINDRICAL_SURFACE('',#6146,0.0007);
#4792=CYLINDRICAL_SURFACE('',#6149,0.0016);
#4793=CYLINDRICAL_SURFACE('',#6156,0.0007);
#4794=CYLINDRICAL_SURFACE('',#6163,0.0007);
#4795=CYLINDRICAL_SURFACE('',#6169,0.0007);
#4796=CYLINDRICAL_SURFACE('',#6170,0.0007);
#4797=CYLINDRICAL_SURFACE('',#6172,0.002);
#4798=CYLINDRICAL_SURFACE('',#6175,0.002);
#4799=CYLINDRICAL_SURFACE('',#6182,0.0006);
#4800=CYLINDRICAL_SURFACE('',#6185,0.0016);
#4801=CYLINDRICAL_SURFACE('',#6200,0.0023);
#4802=CYLINDRICAL_SURFACE('',#6201,0.0006);
#4803=CYLINDRICAL_SURFACE('',#6219,0.0007);
#4804=CYLINDRICAL_SURFACE('',#6228,0.002);
#4805=CYLINDRICAL_SURFACE('',#6237,0.00075);
#4806=CYLINDRICAL_SURFACE('',#6239,0.0012);
#4807=CYLINDRICAL_SURFACE('',#6245,0.0016);
#4808=CYLINDRICAL_SURFACE('',#6248,0.002);
#4809=CYLINDRICAL_SURFACE('',#6251,0.0022);
#4810=CYLINDRICAL_SURFACE('',#6258,0.0021);
#4811=CYLINDRICAL_SURFACE('',#6262,0.002);
#4812=CYLINDRICAL_SURFACE('',#6264,0.0016);
#4813=CYLINDRICAL_SURFACE('',#6292,0.002);
#4814=CYLINDRICAL_SURFACE('',#6306,0.002);
#4815=CYLINDRICAL_SURFACE('',#6308,0.00375);
#4816=CYLINDRICAL_SURFACE('',#6310,0.002);
#4817=CYLINDRICAL_SURFACE('',#6324,0.0007);
#4818=CYLINDRICAL_SURFACE('',#6327,0.0007);
#4819=CYLINDRICAL_SURFACE('',#6333,0.005);
#4820=CYLINDRICAL_SURFACE('',#6337,0.0035);
#4821=CYLINDRICAL_SURFACE('',#6340,0.005);
#4822=CYLINDRICAL_SURFACE('',#6350,0.002);
#4823=CYLINDRICAL_SURFACE('',#6354,0.005);
#4824=OVER_RIDING_STYLED_ITEM('',(#5206),#4947,#5203);
#4825=OVER_RIDING_STYLED_ITEM('',(#5207),#4951,#5203);
#4826=OVER_RIDING_STYLED_ITEM('',(#5208),#4952,#5203);
#4827=OVER_RIDING_STYLED_ITEM('',(#5209),#4960,#5203);
#4828=OVER_RIDING_STYLED_ITEM('',(#5210),#4962,#5203);
#4829=OVER_RIDING_STYLED_ITEM('',(#5211),#4963,#5203);
#4830=OVER_RIDING_STYLED_ITEM('',(#5212),#4965,#5203);
#4831=OVER_RIDING_STYLED_ITEM('',(#5213),#4969,#5203);
#4832=OVER_RIDING_STYLED_ITEM('',(#5214),#4973,#5203);
#4833=OVER_RIDING_STYLED_ITEM('',(#5215),#4974,#5203);
#4834=OVER_RIDING_STYLED_ITEM('',(#5216),#4975,#5203);
#4835=OVER_RIDING_STYLED_ITEM('',(#5217),#4986,#5203);
#4836=OVER_RIDING_STYLED_ITEM('',(#5218),#4987,#5203);
#4837=OVER_RIDING_STYLED_ITEM('',(#5219),#4988,#5203);
#4838=OVER_RIDING_STYLED_ITEM('',(#5220),#4989,#5203);
#4839=OVER_RIDING_STYLED_ITEM('',(#5221),#4990,#5203);
#4840=OVER_RIDING_STYLED_ITEM('',(#5222),#4991,#5203);
#4841=OVER_RIDING_STYLED_ITEM('',(#5223),#4992,#5203);
#4842=OVER_RIDING_STYLED_ITEM('',(#5224),#4993,#5203);
#4843=OVER_RIDING_STYLED_ITEM('',(#5225),#4994,#5203);
#4844=OVER_RIDING_STYLED_ITEM('',(#5226),#4995,#5203);
#4845=OVER_RIDING_STYLED_ITEM('',(#5227),#4996,#5203);
#4846=OVER_RIDING_STYLED_ITEM('',(#5228),#4997,#5203);
#4847=OVER_RIDING_STYLED_ITEM('',(#5229),#4998,#5203);
#4848=OVER_RIDING_STYLED_ITEM('',(#5230),#5005,#5203);
#4849=OVER_RIDING_STYLED_ITEM('',(#5231),#5006,#5203);
#4850=OVER_RIDING_STYLED_ITEM('',(#5232),#5008,#5203);
#4851=OVER_RIDING_STYLED_ITEM('',(#5233),#5009,#5203);
#4852=OVER_RIDING_STYLED_ITEM('',(#5234),#5010,#5203);
#4853=OVER_RIDING_STYLED_ITEM('',(#5235),#5017,#5203);
#4854=OVER_RIDING_STYLED_ITEM('',(#5236),#5018,#5203);
#4855=OVER_RIDING_STYLED_ITEM('',(#5237),#5019,#5203);
#4856=OVER_RIDING_STYLED_ITEM('',(#5238),#5020,#5203);
#4857=OVER_RIDING_STYLED_ITEM('',(#5239),#5021,#5203);
#4858=OVER_RIDING_STYLED_ITEM('',(#5240),#5022,#5203);
#4859=OVER_RIDING_STYLED_ITEM('',(#5241),#5026,#5203);
#4860=OVER_RIDING_STYLED_ITEM('',(#5242),#5029,#5203);
#4861=OVER_RIDING_STYLED_ITEM('',(#5243),#5030,#5203);
#4862=OVER_RIDING_STYLED_ITEM('',(#5244),#5032,#5203);
#4863=OVER_RIDING_STYLED_ITEM('',(#5245),#5034,#5203);
#4864=OVER_RIDING_STYLED_ITEM('',(#5246),#5035,#5203);
#4865=OVER_RIDING_STYLED_ITEM('',(#5247),#5036,#5203);
#4866=OVER_RIDING_STYLED_ITEM('',(#5248),#5037,#5203);
#4867=OVER_RIDING_STYLED_ITEM('',(#5249),#5038,#5203);
#4868=OVER_RIDING_STYLED_ITEM('',(#5250),#5039,#5203);
#4869=OVER_RIDING_STYLED_ITEM('',(#5251),#5040,#5203);
#4870=OVER_RIDING_STYLED_ITEM('',(#5252),#5041,#5203);
#4871=OVER_RIDING_STYLED_ITEM('',(#5253),#5045,#5203);
#4872=OVER_RIDING_STYLED_ITEM('',(#5254),#5046,#5203);
#4873=OVER_RIDING_STYLED_ITEM('',(#5255),#5047,#5203);
#4874=OVER_RIDING_STYLED_ITEM('',(#5256),#5049,#5203);
#4875=OVER_RIDING_STYLED_ITEM('',(#5257),#5050,#5203);
#4876=OVER_RIDING_STYLED_ITEM('',(#5258),#5053,#5203);
#4877=OVER_RIDING_STYLED_ITEM('',(#5259),#5054,#5203);
#4878=OVER_RIDING_STYLED_ITEM('',(#5260),#5055,#5203);
#4879=OVER_RIDING_STYLED_ITEM('',(#5261),#5056,#5203);
#4880=OVER_RIDING_STYLED_ITEM('',(#5262),#5057,#5203);
#4881=OVER_RIDING_STYLED_ITEM('',(#5263),#5058,#5203);
#4882=OVER_RIDING_STYLED_ITEM('',(#5264),#5059,#5203);
#4883=OVER_RIDING_STYLED_ITEM('',(#5265),#5060,#5203);
#4884=OVER_RIDING_STYLED_ITEM('',(#5266),#5061,#5203);
#4885=OVER_RIDING_STYLED_ITEM('',(#5267),#5062,#5203);
#4886=OVER_RIDING_STYLED_ITEM('',(#5268),#5065,#5203);
#4887=OVER_RIDING_STYLED_ITEM('',(#5269),#5066,#5203);
#4888=OVER_RIDING_STYLED_ITEM('',(#5270),#5067,#5203);
#4889=OVER_RIDING_STYLED_ITEM('',(#5271),#5068,#5203);
#4890=OVER_RIDING_STYLED_ITEM('',(#5272),#5071,#5203);
#4891=OVER_RIDING_STYLED_ITEM('',(#5273),#5072,#5203);
#4892=OVER_RIDING_STYLED_ITEM('',(#5274),#5073,#5203);
#4893=OVER_RIDING_STYLED_ITEM('',(#5275),#5074,#5203);
#4894=OVER_RIDING_STYLED_ITEM('',(#5276),#5075,#5203);
#4895=OVER_RIDING_STYLED_ITEM('',(#5277),#5077,#5203);
#4896=OVER_RIDING_STYLED_ITEM('',(#5278),#5078,#5203);
#4897=OVER_RIDING_STYLED_ITEM('',(#5279),#5080,#5203);
#4898=OVER_RIDING_STYLED_ITEM('',(#5280),#5082,#5203);
#4899=OVER_RIDING_STYLED_ITEM('',(#5281),#5083,#5203);
#4900=OVER_RIDING_STYLED_ITEM('',(#5282),#5085,#5203);
#4901=OVER_RIDING_STYLED_ITEM('',(#5283),#5086,#5203);
#4902=OVER_RIDING_STYLED_ITEM('',(#5284),#5088,#5203);
#4903=OVER_RIDING_STYLED_ITEM('',(#5285),#5089,#5203);
#4904=OVER_RIDING_STYLED_ITEM('',(#5286),#5090,#5203);
#4905=OVER_RIDING_STYLED_ITEM('',(#5287),#5091,#5203);
#4906=OVER_RIDING_STYLED_ITEM('',(#5288),#5092,#5203);
#4907=OVER_RIDING_STYLED_ITEM('',(#5289),#5094,#5203);
#4908=OVER_RIDING_STYLED_ITEM('',(#5290),#5095,#5203);
#4909=OVER_RIDING_STYLED_ITEM('',(#5291),#5100,#5203);
#4910=OVER_RIDING_STYLED_ITEM('',(#5292),#5101,#5203);
#4911=OVER_RIDING_STYLED_ITEM('',(#5293),#5104,#5203);
#4912=OVER_RIDING_STYLED_ITEM('',(#5294),#5106,#5203);
#4913=OVER_RIDING_STYLED_ITEM('',(#5295),#5107,#5203);
#4914=OVER_RIDING_STYLED_ITEM('',(#5297),#5111,#5204);
#4915=OVER_RIDING_STYLED_ITEM('',(#5298),#5129,#5204);
#4916=OVER_RIDING_STYLED_ITEM('',(#5299),#5130,#5204);
#4917=OVER_RIDING_STYLED_ITEM('',(#5300),#5131,#5204);
#4918=OVER_RIDING_STYLED_ITEM('',(#5301),#5134,#5204);
#4919=OVER_RIDING_STYLED_ITEM('',(#5302),#5145,#5204);
#4920=OVER_RIDING_STYLED_ITEM('',(#5303),#5146,#5204);
#4921=OVER_RIDING_STYLED_ITEM('',(#5304),#5147,#5204);
#4922=OVER_RIDING_STYLED_ITEM('',(#5305),#5148,#5204);
#4923=OVER_RIDING_STYLED_ITEM('',(#5306),#5154,#5204);
#4924=OVER_RIDING_STYLED_ITEM('',(#5307),#5158,#5204);
#4925=OVER_RIDING_STYLED_ITEM('',(#5308),#5159,#5204);
#4926=OVER_RIDING_STYLED_ITEM('',(#5309),#5160,#5204);
#4927=OVER_RIDING_STYLED_ITEM('',(#5310),#5161,#5204);
#4928=OVER_RIDING_STYLED_ITEM('',(#5311),#5162,#5204);
#4929=OVER_RIDING_STYLED_ITEM('',(#5312),#5163,#5204);
#4930=OVER_RIDING_STYLED_ITEM('',(#5313),#5164,#5204);
#4931=OVER_RIDING_STYLED_ITEM('',(#5314),#5165,#5204);
#4932=OVER_RIDING_STYLED_ITEM('',(#5315),#5166,#5204);
#4933=OVER_RIDING_STYLED_ITEM('',(#5316),#5167,#5204);
#4934=OVER_RIDING_STYLED_ITEM('',(#5317),#5168,#5204);
#4935=OVER_RIDING_STYLED_ITEM('',(#5318),#5169,#5204);
#4936=OVER_RIDING_STYLED_ITEM('',(#5319),#5170,#5204);
#4937=OVER_RIDING_STYLED_ITEM('',(#5320),#5171,#5204);
#4938=OVER_RIDING_STYLED_ITEM('',(#5321),#5172,#5204);
#4939=OVER_RIDING_STYLED_ITEM('',(#5322),#5173,#5204);
#4940=OVER_RIDING_STYLED_ITEM('',(#5323),#5182,#5204);
#4941=OVER_RIDING_STYLED_ITEM('',(#5324),#5183,#5204);
#4942=OVER_RIDING_STYLED_ITEM('',(#5325),#5184,#5204);
#4943=OVER_RIDING_STYLED_ITEM('',(#5326),#5185,#5204);
#4944=OVER_RIDING_STYLED_ITEM('',(#5327),#5186,#5204);
#4945=OVER_RIDING_STYLED_ITEM('',(#5328),#5187,#5204);
#4946=OVER_RIDING_STYLED_ITEM('',(#5329),#5188,#5204);
#4947=ADVANCED_FACE('',(#4482),#4762,.F.);
#4948=ADVANCED_FACE('',(#4483),#4763,.F.);
#4949=ADVANCED_FACE('',(#4484),#44,.F.);
#4950=ADVANCED_FACE('',(#4485),#45,.T.);
#4951=ADVANCED_FACE('',(#4486),#46,.F.);
#4952=ADVANCED_FACE('',(#4487),#47,.T.);
#4953=ADVANCED_FACE('',(#4488),#48,.T.);
#4954=ADVANCED_FACE('',(#4489),#4764,.T.);
#4955=ADVANCED_FACE('',(#4490),#18,.F.);
#4956=ADVANCED_FACE('',(#4491),#49,.F.);
#4957=ADVANCED_FACE('',(#4492),#19,.F.);
#4958=ADVANCED_FACE('',(#4493),#4765,.T.);
#4959=ADVANCED_FACE('',(#4494),#50,.T.);
#4960=ADVANCED_FACE('',(#4495),#51,.T.);
#4961=ADVANCED_FACE('',(#4496),#52,.T.);
#4962=ADVANCED_FACE('',(#4497),#4766,.T.);
#4963=ADVANCED_FACE('',(#4498),#53,.T.);
#4964=ADVANCED_FACE('',(#4499),#54,.T.);
#4965=ADVANCED_FACE('',(#4500,#4501),#4767,.T.);
#4966=ADVANCED_FACE('',(#4502),#55,.F.);
#4967=ADVANCED_FACE('',(#4503),#4768,.T.);
#4968=ADVANCED_FACE('',(#4504,#4505,#4506),#4769,.F.);
#4969=ADVANCED_FACE('',(#4507),#56,.F.);
#4970=ADVANCED_FACE('',(#4508),#57,.T.);
#4971=ADVANCED_FACE('',(#4509,#4510),#4770,.F.);
#4972=ADVANCED_FACE('',(#4511),#58,.T.);
#4973=ADVANCED_FACE('',(#4512),#59,.T.);
#4974=ADVANCED_FACE('',(#4513),#60,.T.);
#4975=ADVANCED_FACE('',(#4514),#61,.T.);
#4976=ADVANCED_FACE('',(#4515),#62,.F.);
#4977=ADVANCED_FACE('',(#4516),#63,.T.);
#4978=ADVANCED_FACE('',(#4517),#64,.T.);
#4979=ADVANCED_FACE('',(#4518),#65,.T.);
#4980=ADVANCED_FACE('',(#4519),#4771,.T.);
#4981=ADVANCED_FACE('',(#4520),#66,.T.);
#4982=ADVANCED_FACE('',(#4521),#67,.F.);
#4983=ADVANCED_FACE('',(#4522),#4772,.F.);
#4984=ADVANCED_FACE('',(#4523),#4773,.F.);
#4985=ADVANCED_FACE('',(#4524),#68,.F.);
#4986=ADVANCED_FACE('',(#4525),#69,.T.);
#4987=ADVANCED_FACE('',(#4526),#70,.T.);
#4988=ADVANCED_FACE('',(#4527),#71,.T.);
#4989=ADVANCED_FACE('',(#4528),#72,.F.);
#4990=ADVANCED_FACE('',(#4529),#4774,.F.);
#4991=ADVANCED_FACE('',(#4530),#73,.T.);
#4992=ADVANCED_FACE('',(#4531),#4775,.F.);
#4993=ADVANCED_FACE('',(#4532),#74,.F.);
#4994=ADVANCED_FACE('',(#4533),#75,.F.);
#4995=ADVANCED_FACE('',(#4534),#76,.T.);
#4996=ADVANCED_FACE('',(#4535),#4776,.T.);
#4997=ADVANCED_FACE('',(#4536),#77,.T.);
#4998=ADVANCED_FACE('',(#4537),#78,.F.);
#4999=ADVANCED_FACE('',(#4538),#79,.T.);
#5000=ADVANCED_FACE('',(#4539),#4777,.T.);
#5001=ADVANCED_FACE('',(#4540),#80,.T.);
#5002=ADVANCED_FACE('',(#4541),#81,.T.);
#5003=ADVANCED_FACE('',(#4542),#82,.T.);
#5004=ADVANCED_FACE('',(#4543),#83,.T.);
#5005=ADVANCED_FACE('',(#4544),#4778,.T.);
#5006=ADVANCED_FACE('',(#4545,#4546),#84,.T.);
#5007=ADVANCED_FACE('',(#4547),#85,.T.);
#5008=ADVANCED_FACE('',(#4548),#4779,.T.);
#5009=ADVANCED_FACE('',(#4549),#86,.T.);
#5010=ADVANCED_FACE('',(#4550),#87,.T.);
#5011=ADVANCED_FACE('',(#4551),#88,.T.);
#5012=ADVANCED_FACE('',(#4552,#4553),#89,.F.);
#5013=ADVANCED_FACE('',(#4554),#90,.F.);
#5014=ADVANCED_FACE('',(#4555),#91,.T.);
#5015=ADVANCED_FACE('',(#4556),#4780,.T.);
#5016=ADVANCED_FACE('',(#4557),#4781,.F.);
#5017=ADVANCED_FACE('',(#4558,#4559),#4782,.F.);
#5018=ADVANCED_FACE('',(#4560),#92,.T.);
#5019=ADVANCED_FACE('',(#4561),#16,.T.);
#5020=ADVANCED_FACE('',(#4562),#4783,.T.);
#5021=ADVANCED_FACE('',(#4563),#93,.T.);
#5022=ADVANCED_FACE('',(#4564),#17,.T.);
#5023=ADVANCED_FACE('',(#4565),#94,.T.);
#5024=ADVANCED_FACE('',(#4566),#95,.T.);
#5025=ADVANCED_FACE('',(#4567,#4568),#4784,.F.);
#5026=ADVANCED_FACE('',(#4569),#4785,.T.);
#5027=ADVANCED_FACE('',(#4570),#96,.F.);
#5028=ADVANCED_FACE('',(#4571),#4786,.T.);
#5029=ADVANCED_FACE('',(#4572),#4787,.T.);
#5030=ADVANCED_FACE('',(#4573),#97,.F.);
#5031=ADVANCED_FACE('',(#4574),#98,.T.);
#5032=ADVANCED_FACE('',(#4575),#4788,.T.);
#5033=ADVANCED_FACE('',(#4576),#99,.F.);
#5034=ADVANCED_FACE('',(#4577),#100,.F.);
#5035=ADVANCED_FACE('',(#4578,#4579),#101,.T.);
#5036=ADVANCED_FACE('',(#4580),#102,.T.);
#5037=ADVANCED_FACE('',(#4581),#103,.T.);
#5038=ADVANCED_FACE('',(#4582),#104,.F.);
#5039=ADVANCED_FACE('',(#4583),#4789,.F.);
#5040=ADVANCED_FACE('',(#4584),#105,.T.);
#5041=ADVANCED_FACE('',(#4585,#4586),#4790,.F.);
#5042=ADVANCED_FACE('',(#4587),#106,.T.);
#5043=ADVANCED_FACE('',(#4588),#107,.F.);
#5044=ADVANCED_FACE('',(#4589),#108,.T.);
#5045=ADVANCED_FACE('',(#4590),#109,.F.);
#5046=ADVANCED_FACE('',(#4591),#4791,.F.);
#5047=ADVANCED_FACE('',(#4592),#110,.T.);
#5048=ADVANCED_FACE('',(#4593,#4594),#4792,.F.);
#5049=ADVANCED_FACE('',(#4595,#4596),#111,.F.);
#5050=ADVANCED_FACE('',(#4597),#112,.T.);
#5051=ADVANCED_FACE('',(#4598),#113,.T.);
#5052=ADVANCED_FACE('',(#4599),#114,.F.);
#5053=ADVANCED_FACE('',(#4600),#4793,.F.);
#5054=ADVANCED_FACE('',(#4601),#115,.F.);
#5055=ADVANCED_FACE('',(#4602),#20,.F.);
#5056=ADVANCED_FACE('',(#4603),#4794,.T.);
#5057=ADVANCED_FACE('',(#4604),#116,.F.);
#5058=ADVANCED_FACE('',(#4605),#117,.F.);
#5059=ADVANCED_FACE('',(#4606),#118,.T.);
#5060=ADVANCED_FACE('',(#4607),#4795,.F.);
#5061=ADVANCED_FACE('',(#4608),#4796,.F.);
#5062=ADVANCED_FACE('',(#4609),#4797,.T.);
#5063=ADVANCED_FACE('',(#4610),#119,.T.);
#5064=ADVANCED_FACE('',(#4611),#120,.T.);
#5065=ADVANCED_FACE('',(#4612),#4798,.T.);
#5066=ADVANCED_FACE('',(#4613),#121,.F.);
#5067=ADVANCED_FACE('',(#4614),#122,.F.);
#5068=ADVANCED_FACE('',(#4615),#4799,.T.);
#5069=ADVANCED_FACE('',(#4616,#4617),#4800,.F.);
#5070=ADVANCED_FACE('',(#4618),#123,.F.);
#5071=ADVANCED_FACE('',(#4619),#124,.T.);
#5072=ADVANCED_FACE('',(#4620),#125,.F.);
#5073=ADVANCED_FACE('',(#4621),#126,.F.);
#5074=ADVANCED_FACE('',(#4622),#127,.F.);
#5075=ADVANCED_FACE('',(#4623),#128,.F.);
#5076=ADVANCED_FACE('',(#4624),#129,.F.);
#5077=ADVANCED_FACE('',(#4625),#130,.T.);
#5078=ADVANCED_FACE('',(#4626),#15,.F.);
#5079=ADVANCED_FACE('',(#4627),#131,.T.);
#5080=ADVANCED_FACE('',(#4628),#132,.F.);
#5081=ADVANCED_FACE('',(#4629),#4801,.T.);
#5082=ADVANCED_FACE('',(#4630),#4802,.F.);
#5083=ADVANCED_FACE('',(#4631),#21,.F.);
#5084=ADVANCED_FACE('',(#4632),#133,.T.);
#5085=ADVANCED_FACE('',(#4633),#134,.T.);
#5086=ADVANCED_FACE('',(#4634),#135,.T.);
#5087=ADVANCED_FACE('',(#4635,#4636),#136,.T.);
#5088=ADVANCED_FACE('',(#4637),#137,.T.);
#5089=ADVANCED_FACE('',(#4638),#138,.F.);
#5090=ADVANCED_FACE('',(#4639),#139,.F.);
#5091=ADVANCED_FACE('',(#4640),#140,.F.);
#5092=ADVANCED_FACE('',(#4641),#141,.T.);
#5093=ADVANCED_FACE('',(#4642),#142,.T.);
#5094=ADVANCED_FACE('',(#4643),#143,.F.);
#5095=ADVANCED_FACE('',(#4644),#144,.T.);
#5096=ADVANCED_FACE('',(#4645),#145,.T.);
#5097=ADVANCED_FACE('',(#4646),#146,.F.);
#5098=ADVANCED_FACE('',(#4647),#147,.T.);
#5099=ADVANCED_FACE('',(#4648),#4803,.F.);
#5100=ADVANCED_FACE('',(#4649),#148,.F.);
#5101=ADVANCED_FACE('',(#4650),#149,.T.);
#5102=ADVANCED_FACE('',(#4651),#150,.F.);
#5103=ADVANCED_FACE('',(#4652),#151,.T.);
#5104=ADVANCED_FACE('',(#4653),#152,.F.);
#5105=ADVANCED_FACE('',(#4654),#153,.T.);
#5106=ADVANCED_FACE('',(#4655),#154,.T.);
#5107=ADVANCED_FACE('',(#4656,#4657),#4804,.F.);
#5108=ADVANCED_FACE('',(#4658),#155,.T.);
#5109=ADVANCED_FACE('',(#4659),#156,.T.);
#5110=ADVANCED_FACE('',(#4660),#157,.T.);
#5111=ADVANCED_FACE('',(#4661),#158,.T.);
#5112=ADVANCED_FACE('',(#4662,#4663),#10,.F.);
#5113=ADVANCED_FACE('',(#4664,#4665),#4805,.F.);
#5114=ADVANCED_FACE('',(#4666,#4667),#4806,.F.);
#5115=ADVANCED_FACE('',(#4668,#4669),#159,.T.);
#5116=ADVANCED_FACE('',(#4670),#160,.T.);
#5117=ADVANCED_FACE('',(#4671,#4672),#4807,.F.);
#5118=ADVANCED_FACE('',(#4673),#4808,.T.);
#5119=ADVANCED_FACE('',(#4674),#4809,.F.);
#5120=ADVANCED_FACE('',(#4675,#4676),#161,.T.);
#5121=ADVANCED_FACE('',(#4677),#4810,.T.);
#5122=ADVANCED_FACE('',(#4678),#162,.T.);
#5123=ADVANCED_FACE('',(#4679),#163,.T.);
#5124=ADVANCED_FACE('',(#4680),#4811,.T.);
#5125=ADVANCED_FACE('',(#4681,#4682),#4812,.F.);
#5126=ADVANCED_FACE('',(#4683,#4684),#164,.T.);
#5127=ADVANCED_FACE('',(#4685),#165,.T.);
#5128=ADVANCED_FACE('',(#4686),#166,.F.);
#5129=ADVANCED_FACE('',(#4687),#167,.T.);
#5130=ADVANCED_FACE('',(#4688),#168,.F.);
#5131=ADVANCED_FACE('',(#4689),#169,.F.);
#5132=ADVANCED_FACE('',(#4690,#4691),#170,.T.);
#5133=ADVANCED_FACE('',(#4692,#4693),#171,.T.);
#5134=ADVANCED_FACE('',(#4694),#172,.F.);
#5135=ADVANCED_FACE('',(#4695),#173,.T.);
#5136=ADVANCED_FACE('',(#4696),#174,.F.);
#5137=ADVANCED_FACE('',(#4697),#175,.T.);
#5138=ADVANCED_FACE('',(#4698),#176,.T.);
#5139=ADVANCED_FACE('',(#4699),#177,.F.);
#5140=ADVANCED_FACE('',(#4700),#4813,.T.);
#5141=ADVANCED_FACE('',(#4701),#178,.T.);
#5142=ADVANCED_FACE('',(#4702,#4703),#179,.T.);
#5143=ADVANCED_FACE('',(#4704),#180,.F.);
#5144=ADVANCED_FACE('',(#4705),#181,.T.);
#5145=ADVANCED_FACE('',(#4706),#182,.T.);
#5146=ADVANCED_FACE('',(#4707),#183,.F.);
#5147=ADVANCED_FACE('',(#4708),#184,.T.);
#5148=ADVANCED_FACE('',(#4709),#185,.T.);
#5149=ADVANCED_FACE('',(#4710),#186,.T.);
#5150=ADVANCED_FACE('',(#4711),#187,.T.);
#5151=ADVANCED_FACE('',(#4712),#4814,.T.);
#5152=ADVANCED_FACE('',(#4713),#4815,.F.);
#5153=ADVANCED_FACE('',(#4714),#4816,.T.);
#5154=ADVANCED_FACE('',(#4715),#188,.T.);
#5155=ADVANCED_FACE('',(#4716),#189,.T.);
#5156=ADVANCED_FACE('',(#4717),#190,.T.);
#5157=ADVANCED_FACE('',(#4718),#191,.T.);
#5158=ADVANCED_FACE('',(#4719),#192,.F.);
#5159=ADVANCED_FACE('',(#4720),#193,.T.);
#5160=ADVANCED_FACE('',(#4721),#194,.T.);
#5161=ADVANCED_FACE('',(#4722),#195,.T.);
#5162=ADVANCED_FACE('',(#4723),#196,.T.);
#5163=ADVANCED_FACE('',(#4724),#197,.T.);
#5164=ADVANCED_FACE('',(#4725),#198,.F.);
#5165=ADVANCED_FACE('',(#4726),#4817,.F.);
#5166=ADVANCED_FACE('',(#4727),#199,.T.);
#5167=ADVANCED_FACE('',(#4728),#4818,.F.);
#5168=ADVANCED_FACE('',(#4729),#200,.F.);
#5169=ADVANCED_FACE('',(#4730),#201,.F.);
#5170=ADVANCED_FACE('',(#4731),#202,.T.);
#5171=ADVANCED_FACE('',(#4732),#4819,.T.);
#5172=ADVANCED_FACE('',(#4733),#203,.T.);
#5173=ADVANCED_FACE('',(#4734),#204,.F.);
#5174=ADVANCED_FACE('',(#4735),#4820,.F.);
#5175=ADVANCED_FACE('',(#4736),#205,.T.);
#5176=ADVANCED_FACE('',(#4737),#4821,.T.);
#5177=ADVANCED_FACE('',(#4738),#206,.T.);
#5178=ADVANCED_FACE('',(#4739),#207,.T.);
#5179=ADVANCED_FACE('',(#4740),#208,.T.);
#5180=ADVANCED_FACE('',(#4741),#209,.T.);
#5181=ADVANCED_FACE('',(#4742),#210,.T.);
#5182=ADVANCED_FACE('',(#4743),#4822,.T.);
#5183=ADVANCED_FACE('',(#4744),#211,.T.);
#5184=ADVANCED_FACE('',(#4745),#4823,.T.);
#5185=ADVANCED_FACE('',(#4746),#212,.T.);
#5186=ADVANCED_FACE('',(#4747),#213,.T.);
#5187=ADVANCED_FACE('',(#4748),#214,.F.);
#5188=ADVANCED_FACE('',(#4749),#215,.F.);
#5189=ADVANCED_FACE('',(#4750),#216,.T.);
#5190=ADVANCED_FACE('',(#4751),#217,.T.);
#5191=ADVANCED_FACE('',(#4752),#218,.F.);
#5192=ADVANCED_FACE('',(#4753),#219,.T.);
#5193=ADVANCED_FACE('',(#4754),#220,.T.);
#5194=ADVANCED_FACE('',(#4755),#221,.F.);
#5195=ADVANCED_FACE('',(#4756),#222,.F.);
#5196=ADVANCED_FACE('',(#4757),#223,.T.);
#5197=ADVANCED_FACE('',(#4758),#224,.F.);
#5198=ADVANCED_FACE('',(#4759),#225,.T.);
#5199=ADVANCED_FACE('',(#4760),#226,.F.);
#5200=ADVANCED_FACE('',(#4761),#227,.T.);
#5201=CLOSED_SHELL('',(#4947,#4948,#4949,#4950,#4951,#4952,#4953,#4954,
#4955,#4956,#4957,#4958,#4959,#4960,#4961,#4962,#4963,#4964,#4965,#4966,
#4967,#4968,#4969,#4970,#4971,#4972,#4973,#4974,#4975,#4976,#4977,#4978,
#4979,#4980,#4981,#4982,#4983,#4984,#4985,#4986,#4987,#4988,#4989,#4990,
#4991,#4992,#4993,#4994,#4995,#4996,#4997,#4998,#4999,#5000,#5001,#5002,
#5003,#5004,#5005,#5006,#5007,#5008,#5009,#5010,#5011,#5012,#5013,#5014,
#5015,#5016,#5017,#5018,#5019,#5020,#5021,#5022,#5023,#5024,#5025,#5026,
#5027,#5028,#5029,#5030,#5031,#5032,#5033,#5034,#5035,#5036,#5037,#5038,
#5039,#5040,#5041,#5042,#5043,#5044,#5045,#5046,#5047,#5048,#5049,#5050,
#5051,#5052,#5053,#5054,#5055,#5056,#5057,#5058,#5059,#5060,#5061,#5062,
#5063,#5064,#5065,#5066,#5067,#5068,#5069,#5070,#5071,#5072,#5073,#5074,
#5075,#5076,#5077,#5078,#5079,#5080,#5081,#5082,#5083,#5084,#5085,#5086,
#5087,#5088,#5089,#5090,#5091,#5092,#5093,#5094,#5095,#5096,#5097,#5098,
#5099,#5100,#5101,#5102,#5103,#5104,#5105,#5106,#5107,#5108));
#5202=CLOSED_SHELL('',(#5109,#5110,#5111,#5112,#5113,#5114,#5115,#5116,
#5117,#5118,#5119,#5120,#5121,#5122,#5123,#5124,#5125,#5126,#5127,#5128,
#5129,#5130,#5131,#5132,#5133,#5134,#5135,#5136,#5137,#5138,#5139,#5140,
#5141,#5142,#5143,#5144,#5145,#5146,#5147,#5148,#5149,#5150,#5151,#5152,
#5153,#5154,#5155,#5156,#5157,#5158,#5159,#5160,#5161,#5162,#5163,#5164,
#5165,#5166,#5167,#5168,#5169,#5170,#5171,#5172,#5173,#5174,#5175,#5176,
#5177,#5178,#5179,#5180,#5181,#5182,#5183,#5184,#5185,#5186,#5187,#5188,
#5189,#5190,#5191,#5192,#5193,#5194,#5195,#5196,#5197,#5198,#5199,#5200));
#5203=STYLED_ITEM('',(#5205),#5957);
#5204=STYLED_ITEM('',(#5296),#5958);
#5205=PRESENTATION_STYLE_ASSIGNMENT((#5330));
#5206=PRESENTATION_STYLE_ASSIGNMENT((#5331));
#5207=PRESENTATION_STYLE_ASSIGNMENT((#5332));
#5208=PRESENTATION_STYLE_ASSIGNMENT((#5333));
#5209=PRESENTATION_STYLE_ASSIGNMENT((#5334));
#5210=PRESENTATION_STYLE_ASSIGNMENT((#5335));
#5211=PRESENTATION_STYLE_ASSIGNMENT((#5336));
#5212=PRESENTATION_STYLE_ASSIGNMENT((#5337));
#5213=PRESENTATION_STYLE_ASSIGNMENT((#5338));
#5214=PRESENTATION_STYLE_ASSIGNMENT((#5339));
#5215=PRESENTATION_STYLE_ASSIGNMENT((#5340));
#5216=PRESENTATION_STYLE_ASSIGNMENT((#5341));
#5217=PRESENTATION_STYLE_ASSIGNMENT((#5342));
#5218=PRESENTATION_STYLE_ASSIGNMENT((#5343));
#5219=PRESENTATION_STYLE_ASSIGNMENT((#5344));
#5220=PRESENTATION_STYLE_ASSIGNMENT((#5345));
#5221=PRESENTATION_STYLE_ASSIGNMENT((#5346));
#5222=PRESENTATION_STYLE_ASSIGNMENT((#5347));
#5223=PRESENTATION_STYLE_ASSIGNMENT((#5348));
#5224=PRESENTATION_STYLE_ASSIGNMENT((#5349));
#5225=PRESENTATION_STYLE_ASSIGNMENT((#5350));
#5226=PRESENTATION_STYLE_ASSIGNMENT((#5351));
#5227=PRESENTATION_STYLE_ASSIGNMENT((#5352));
#5228=PRESENTATION_STYLE_ASSIGNMENT((#5353));
#5229=PRESENTATION_STYLE_ASSIGNMENT((#5354));
#5230=PRESENTATION_STYLE_ASSIGNMENT((#5355));
#5231=PRESENTATION_STYLE_ASSIGNMENT((#5356));
#5232=PRESENTATION_STYLE_ASSIGNMENT((#5357));
#5233=PRESENTATION_STYLE_ASSIGNMENT((#5358));
#5234=PRESENTATION_STYLE_ASSIGNMENT((#5359));
#5235=PRESENTATION_STYLE_ASSIGNMENT((#5360));
#5236=PRESENTATION_STYLE_ASSIGNMENT((#5361));
#5237=PRESENTATION_STYLE_ASSIGNMENT((#5362));
#5238=PRESENTATION_STYLE_ASSIGNMENT((#5363));
#5239=PRESENTATION_STYLE_ASSIGNMENT((#5364));
#5240=PRESENTATION_STYLE_ASSIGNMENT((#5365));
#5241=PRESENTATION_STYLE_ASSIGNMENT((#5366));
#5242=PRESENTATION_STYLE_ASSIGNMENT((#5367));
#5243=PRESENTATION_STYLE_ASSIGNMENT((#5368));
#5244=PRESENTATION_STYLE_ASSIGNMENT((#5369));
#5245=PRESENTATION_STYLE_ASSIGNMENT((#5370));
#5246=PRESENTATION_STYLE_ASSIGNMENT((#5371));
#5247=PRESENTATION_STYLE_ASSIGNMENT((#5372));
#5248=PRESENTATION_STYLE_ASSIGNMENT((#5373));
#5249=PRESENTATION_STYLE_ASSIGNMENT((#5374));
#5250=PRESENTATION_STYLE_ASSIGNMENT((#5375));
#5251=PRESENTATION_STYLE_ASSIGNMENT((#5376));
#5252=PRESENTATION_STYLE_ASSIGNMENT((#5377));
#5253=PRESENTATION_STYLE_ASSIGNMENT((#5378));
#5254=PRESENTATION_STYLE_ASSIGNMENT((#5379));
#5255=PRESENTATION_STYLE_ASSIGNMENT((#5380));
#5256=PRESENTATION_STYLE_ASSIGNMENT((#5381));
#5257=PRESENTATION_STYLE_ASSIGNMENT((#5382));
#5258=PRESENTATION_STYLE_ASSIGNMENT((#5383));
#5259=PRESENTATION_STYLE_ASSIGNMENT((#5384));
#5260=PRESENTATION_STYLE_ASSIGNMENT((#5385));
#5261=PRESENTATION_STYLE_ASSIGNMENT((#5386));
#5262=PRESENTATION_STYLE_ASSIGNMENT((#5387));
#5263=PRESENTATION_STYLE_ASSIGNMENT((#5388));
#5264=PRESENTATION_STYLE_ASSIGNMENT((#5389));
#5265=PRESENTATION_STYLE_ASSIGNMENT((#5390));
#5266=PRESENTATION_STYLE_ASSIGNMENT((#5391));
#5267=PRESENTATION_STYLE_ASSIGNMENT((#5392));
#5268=PRESENTATION_STYLE_ASSIGNMENT((#5393));
#5269=PRESENTATION_STYLE_ASSIGNMENT((#5394));
#5270=PRESENTATION_STYLE_ASSIGNMENT((#5395));
#5271=PRESENTATION_STYLE_ASSIGNMENT((#5396));
#5272=PRESENTATION_STYLE_ASSIGNMENT((#5397));
#5273=PRESENTATION_STYLE_ASSIGNMENT((#5398));
#5274=PRESENTATION_STYLE_ASSIGNMENT((#5399));
#5275=PRESENTATION_STYLE_ASSIGNMENT((#5400));
#5276=PRESENTATION_STYLE_ASSIGNMENT((#5401));
#5277=PRESENTATION_STYLE_ASSIGNMENT((#5402));
#5278=PRESENTATION_STYLE_ASSIGNMENT((#5403));
#5279=PRESENTATION_STYLE_ASSIGNMENT((#5404));
#5280=PRESENTATION_STYLE_ASSIGNMENT((#5405));
#5281=PRESENTATION_STYLE_ASSIGNMENT((#5406));
#5282=PRESENTATION_STYLE_ASSIGNMENT((#5407));
#5283=PRESENTATION_STYLE_ASSIGNMENT((#5408));
#5284=PRESENTATION_STYLE_ASSIGNMENT((#5409));
#5285=PRESENTATION_STYLE_ASSIGNMENT((#5410));
#5286=PRESENTATION_STYLE_ASSIGNMENT((#5411));
#5287=PRESENTATION_STYLE_ASSIGNMENT((#5412));
#5288=PRESENTATION_STYLE_ASSIGNMENT((#5413));
#5289=PRESENTATION_STYLE_ASSIGNMENT((#5414));
#5290=PRESENTATION_STYLE_ASSIGNMENT((#5415));
#5291=PRESENTATION_STYLE_ASSIGNMENT((#5416));
#5292=PRESENTATION_STYLE_ASSIGNMENT((#5417));
#5293=PRESENTATION_STYLE_ASSIGNMENT((#5418));
#5294=PRESENTATION_STYLE_ASSIGNMENT((#5419));
#5295=PRESENTATION_STYLE_ASSIGNMENT((#5420));
#5296=PRESENTATION_STYLE_ASSIGNMENT((#5421));
#5297=PRESENTATION_STYLE_ASSIGNMENT((#5422));
#5298=PRESENTATION_STYLE_ASSIGNMENT((#5423));
#5299=PRESENTATION_STYLE_ASSIGNMENT((#5424));
#5300=PRESENTATION_STYLE_ASSIGNMENT((#5425));
#5301=PRESENTATION_STYLE_ASSIGNMENT((#5426));
#5302=PRESENTATION_STYLE_ASSIGNMENT((#5427));
#5303=PRESENTATION_STYLE_ASSIGNMENT((#5428));
#5304=PRESENTATION_STYLE_ASSIGNMENT((#5429));
#5305=PRESENTATION_STYLE_ASSIGNMENT((#5430));
#5306=PRESENTATION_STYLE_ASSIGNMENT((#5431));
#5307=PRESENTATION_STYLE_ASSIGNMENT((#5432));
#5308=PRESENTATION_STYLE_ASSIGNMENT((#5433));
#5309=PRESENTATION_STYLE_ASSIGNMENT((#5434));
#5310=PRESENTATION_STYLE_ASSIGNMENT((#5435));
#5311=PRESENTATION_STYLE_ASSIGNMENT((#5436));
#5312=PRESENTATION_STYLE_ASSIGNMENT((#5437));
#5313=PRESENTATION_STYLE_ASSIGNMENT((#5438));
#5314=PRESENTATION_STYLE_ASSIGNMENT((#5439));
#5315=PRESENTATION_STYLE_ASSIGNMENT((#5440));
#5316=PRESENTATION_STYLE_ASSIGNMENT((#5441));
#5317=PRESENTATION_STYLE_ASSIGNMENT((#5442));
#5318=PRESENTATION_STYLE_ASSIGNMENT((#5443));
#5319=PRESENTATION_STYLE_ASSIGNMENT((#5444));
#5320=PRESENTATION_STYLE_ASSIGNMENT((#5445));
#5321=PRESENTATION_STYLE_ASSIGNMENT((#5446));
#5322=PRESENTATION_STYLE_ASSIGNMENT((#5447));
#5323=PRESENTATION_STYLE_ASSIGNMENT((#5448));
#5324=PRESENTATION_STYLE_ASSIGNMENT((#5449));
#5325=PRESENTATION_STYLE_ASSIGNMENT((#5450));
#5326=PRESENTATION_STYLE_ASSIGNMENT((#5451));
#5327=PRESENTATION_STYLE_ASSIGNMENT((#5452));
#5328=PRESENTATION_STYLE_ASSIGNMENT((#5453));
#5329=PRESENTATION_STYLE_ASSIGNMENT((#5454));
#5330=SURFACE_STYLE_USAGE(.BOTH.,#5455);
#5331=SURFACE_STYLE_USAGE(.BOTH.,#5456);
#5332=SURFACE_STYLE_USAGE(.BOTH.,#5457);
#5333=SURFACE_STYLE_USAGE(.BOTH.,#5458);
#5334=SURFACE_STYLE_USAGE(.BOTH.,#5459);
#5335=SURFACE_STYLE_USAGE(.BOTH.,#5460);
#5336=SURFACE_STYLE_USAGE(.BOTH.,#5461);
#5337=SURFACE_STYLE_USAGE(.BOTH.,#5462);
#5338=SURFACE_STYLE_USAGE(.BOTH.,#5463);
#5339=SURFACE_STYLE_USAGE(.BOTH.,#5464);
#5340=SURFACE_STYLE_USAGE(.BOTH.,#5465);
#5341=SURFACE_STYLE_USAGE(.BOTH.,#5466);
#5342=SURFACE_STYLE_USAGE(.BOTH.,#5467);
#5343=SURFACE_STYLE_USAGE(.BOTH.,#5468);
#5344=SURFACE_STYLE_USAGE(.BOTH.,#5469);
#5345=SURFACE_STYLE_USAGE(.BOTH.,#5470);
#5346=SURFACE_STYLE_USAGE(.BOTH.,#5471);
#5347=SURFACE_STYLE_USAGE(.BOTH.,#5472);
#5348=SURFACE_STYLE_USAGE(.BOTH.,#5473);
#5349=SURFACE_STYLE_USAGE(.BOTH.,#5474);
#5350=SURFACE_STYLE_USAGE(.BOTH.,#5475);
#5351=SURFACE_STYLE_USAGE(.BOTH.,#5476);
#5352=SURFACE_STYLE_USAGE(.BOTH.,#5477);
#5353=SURFACE_STYLE_USAGE(.BOTH.,#5478);
#5354=SURFACE_STYLE_USAGE(.BOTH.,#5479);
#5355=SURFACE_STYLE_USAGE(.BOTH.,#5480);
#5356=SURFACE_STYLE_USAGE(.BOTH.,#5481);
#5357=SURFACE_STYLE_USAGE(.BOTH.,#5482);
#5358=SURFACE_STYLE_USAGE(.BOTH.,#5483);
#5359=SURFACE_STYLE_USAGE(.BOTH.,#5484);
#5360=SURFACE_STYLE_USAGE(.BOTH.,#5485);
#5361=SURFACE_STYLE_USAGE(.BOTH.,#5486);
#5362=SURFACE_STYLE_USAGE(.BOTH.,#5487);
#5363=SURFACE_STYLE_USAGE(.BOTH.,#5488);
#5364=SURFACE_STYLE_USAGE(.BOTH.,#5489);
#5365=SURFACE_STYLE_USAGE(.BOTH.,#5490);
#5366=SURFACE_STYLE_USAGE(.BOTH.,#5491);
#5367=SURFACE_STYLE_USAGE(.BOTH.,#5492);
#5368=SURFACE_STYLE_USAGE(.BOTH.,#5493);
#5369=SURFACE_STYLE_USAGE(.BOTH.,#5494);
#5370=SURFACE_STYLE_USAGE(.BOTH.,#5495);
#5371=SURFACE_STYLE_USAGE(.BOTH.,#5496);
#5372=SURFACE_STYLE_USAGE(.BOTH.,#5497);
#5373=SURFACE_STYLE_USAGE(.BOTH.,#5498);
#5374=SURFACE_STYLE_USAGE(.BOTH.,#5499);
#5375=SURFACE_STYLE_USAGE(.BOTH.,#5500);
#5376=SURFACE_STYLE_USAGE(.BOTH.,#5501);
#5377=SURFACE_STYLE_USAGE(.BOTH.,#5502);
#5378=SURFACE_STYLE_USAGE(.BOTH.,#5503);
#5379=SURFACE_STYLE_USAGE(.BOTH.,#5504);
#5380=SURFACE_STYLE_USAGE(.BOTH.,#5505);
#5381=SURFACE_STYLE_USAGE(.BOTH.,#5506);
#5382=SURFACE_STYLE_USAGE(.BOTH.,#5507);
#5383=SURFACE_STYLE_USAGE(.BOTH.,#5508);
#5384=SURFACE_STYLE_USAGE(.BOTH.,#5509);
#5385=SURFACE_STYLE_USAGE(.BOTH.,#5510);
#5386=SURFACE_STYLE_USAGE(.BOTH.,#5511);
#5387=SURFACE_STYLE_USAGE(.BOTH.,#5512);
#5388=SURFACE_STYLE_USAGE(.BOTH.,#5513);
#5389=SURFACE_STYLE_USAGE(.BOTH.,#5514);
#5390=SURFACE_STYLE_USAGE(.BOTH.,#5515);
#5391=SURFACE_STYLE_USAGE(.BOTH.,#5516);
#5392=SURFACE_STYLE_USAGE(.BOTH.,#5517);
#5393=SURFACE_STYLE_USAGE(.BOTH.,#5518);
#5394=SURFACE_STYLE_USAGE(.BOTH.,#5519);
#5395=SURFACE_STYLE_USAGE(.BOTH.,#5520);
#5396=SURFACE_STYLE_USAGE(.BOTH.,#5521);
#5397=SURFACE_STYLE_USAGE(.BOTH.,#5522);
#5398=SURFACE_STYLE_USAGE(.BOTH.,#5523);
#5399=SURFACE_STYLE_USAGE(.BOTH.,#5524);
#5400=SURFACE_STYLE_USAGE(.BOTH.,#5525);
#5401=SURFACE_STYLE_USAGE(.BOTH.,#5526);
#5402=SURFACE_STYLE_USAGE(.BOTH.,#5527);
#5403=SURFACE_STYLE_USAGE(.BOTH.,#5528);
#5404=SURFACE_STYLE_USAGE(.BOTH.,#5529);
#5405=SURFACE_STYLE_USAGE(.BOTH.,#5530);
#5406=SURFACE_STYLE_USAGE(.BOTH.,#5531);
#5407=SURFACE_STYLE_USAGE(.BOTH.,#5532);
#5408=SURFACE_STYLE_USAGE(.BOTH.,#5533);
#5409=SURFACE_STYLE_USAGE(.BOTH.,#5534);
#5410=SURFACE_STYLE_USAGE(.BOTH.,#5535);
#5411=SURFACE_STYLE_USAGE(.BOTH.,#5536);
#5412=SURFACE_STYLE_USAGE(.BOTH.,#5537);
#5413=SURFACE_STYLE_USAGE(.BOTH.,#5538);
#5414=SURFACE_STYLE_USAGE(.BOTH.,#5539);
#5415=SURFACE_STYLE_USAGE(.BOTH.,#5540);
#5416=SURFACE_STYLE_USAGE(.BOTH.,#5541);
#5417=SURFACE_STYLE_USAGE(.BOTH.,#5542);
#5418=SURFACE_STYLE_USAGE(.BOTH.,#5543);
#5419=SURFACE_STYLE_USAGE(.BOTH.,#5544);
#5420=SURFACE_STYLE_USAGE(.BOTH.,#5545);
#5421=SURFACE_STYLE_USAGE(.BOTH.,#5546);
#5422=SURFACE_STYLE_USAGE(.BOTH.,#5547);
#5423=SURFACE_STYLE_USAGE(.BOTH.,#5548);
#5424=SURFACE_STYLE_USAGE(.BOTH.,#5549);
#5425=SURFACE_STYLE_USAGE(.BOTH.,#5550);
#5426=SURFACE_STYLE_USAGE(.BOTH.,#5551);
#5427=SURFACE_STYLE_USAGE(.BOTH.,#5552);
#5428=SURFACE_STYLE_USAGE(.BOTH.,#5553);
#5429=SURFACE_STYLE_USAGE(.BOTH.,#5554);
#5430=SURFACE_STYLE_USAGE(.BOTH.,#5555);
#5431=SURFACE_STYLE_USAGE(.BOTH.,#5556);
#5432=SURFACE_STYLE_USAGE(.BOTH.,#5557);
#5433=SURFACE_STYLE_USAGE(.BOTH.,#5558);
#5434=SURFACE_STYLE_USAGE(.BOTH.,#5559);
#5435=SURFACE_STYLE_USAGE(.BOTH.,#5560);
#5436=SURFACE_STYLE_USAGE(.BOTH.,#5561);
#5437=SURFACE_STYLE_USAGE(.BOTH.,#5562);
#5438=SURFACE_STYLE_USAGE(.BOTH.,#5563);
#5439=SURFACE_STYLE_USAGE(.BOTH.,#5564);
#5440=SURFACE_STYLE_USAGE(.BOTH.,#5565);
#5441=SURFACE_STYLE_USAGE(.BOTH.,#5566);
#5442=SURFACE_STYLE_USAGE(.BOTH.,#5567);
#5443=SURFACE_STYLE_USAGE(.BOTH.,#5568);
#5444=SURFACE_STYLE_USAGE(.BOTH.,#5569);
#5445=SURFACE_STYLE_USAGE(.BOTH.,#5570);
#5446=SURFACE_STYLE_USAGE(.BOTH.,#5571);
#5447=SURFACE_STYLE_USAGE(.BOTH.,#5572);
#5448=SURFACE_STYLE_USAGE(.BOTH.,#5573);
#5449=SURFACE_STYLE_USAGE(.BOTH.,#5574);
#5450=SURFACE_STYLE_USAGE(.BOTH.,#5575);
#5451=SURFACE_STYLE_USAGE(.BOTH.,#5576);
#5452=SURFACE_STYLE_USAGE(.BOTH.,#5577);
#5453=SURFACE_STYLE_USAGE(.BOTH.,#5578);
#5454=SURFACE_STYLE_USAGE(.BOTH.,#5579);
#5455=SURFACE_SIDE_STYLE('',(#5580));
#5456=SURFACE_SIDE_STYLE('',(#5581));
#5457=SURFACE_SIDE_STYLE('',(#5582));
#5458=SURFACE_SIDE_STYLE('',(#5583));
#5459=SURFACE_SIDE_STYLE('',(#5584));
#5460=SURFACE_SIDE_STYLE('',(#5585));
#5461=SURFACE_SIDE_STYLE('',(#5586));
#5462=SURFACE_SIDE_STYLE('',(#5587));
#5463=SURFACE_SIDE_STYLE('',(#5588));
#5464=SURFACE_SIDE_STYLE('',(#5589));
#5465=SURFACE_SIDE_STYLE('',(#5590));
#5466=SURFACE_SIDE_STYLE('',(#5591));
#5467=SURFACE_SIDE_STYLE('',(#5592));
#5468=SURFACE_SIDE_STYLE('',(#5593));
#5469=SURFACE_SIDE_STYLE('',(#5594));
#5470=SURFACE_SIDE_STYLE('',(#5595));
#5471=SURFACE_SIDE_STYLE('',(#5596));
#5472=SURFACE_SIDE_STYLE('',(#5597));
#5473=SURFACE_SIDE_STYLE('',(#5598));
#5474=SURFACE_SIDE_STYLE('',(#5599));
#5475=SURFACE_SIDE_STYLE('',(#5600));
#5476=SURFACE_SIDE_STYLE('',(#5601));
#5477=SURFACE_SIDE_STYLE('',(#5602));
#5478=SURFACE_SIDE_STYLE('',(#5603));
#5479=SURFACE_SIDE_STYLE('',(#5604));
#5480=SURFACE_SIDE_STYLE('',(#5605));
#5481=SURFACE_SIDE_STYLE('',(#5606));
#5482=SURFACE_SIDE_STYLE('',(#5607));
#5483=SURFACE_SIDE_STYLE('',(#5608));
#5484=SURFACE_SIDE_STYLE('',(#5609));
#5485=SURFACE_SIDE_STYLE('',(#5610));
#5486=SURFACE_SIDE_STYLE('',(#5611));
#5487=SURFACE_SIDE_STYLE('',(#5612));
#5488=SURFACE_SIDE_STYLE('',(#5613));
#5489=SURFACE_SIDE_STYLE('',(#5614));
#5490=SURFACE_SIDE_STYLE('',(#5615));
#5491=SURFACE_SIDE_STYLE('',(#5616));
#5492=SURFACE_SIDE_STYLE('',(#5617));
#5493=SURFACE_SIDE_STYLE('',(#5618));
#5494=SURFACE_SIDE_STYLE('',(#5619));
#5495=SURFACE_SIDE_STYLE('',(#5620));
#5496=SURFACE_SIDE_STYLE('',(#5621));
#5497=SURFACE_SIDE_STYLE('',(#5622));
#5498=SURFACE_SIDE_STYLE('',(#5623));
#5499=SURFACE_SIDE_STYLE('',(#5624));
#5500=SURFACE_SIDE_STYLE('',(#5625));
#5501=SURFACE_SIDE_STYLE('',(#5626));
#5502=SURFACE_SIDE_STYLE('',(#5627));
#5503=SURFACE_SIDE_STYLE('',(#5628));
#5504=SURFACE_SIDE_STYLE('',(#5629));
#5505=SURFACE_SIDE_STYLE('',(#5630));
#5506=SURFACE_SIDE_STYLE('',(#5631));
#5507=SURFACE_SIDE_STYLE('',(#5632));
#5508=SURFACE_SIDE_STYLE('',(#5633));
#5509=SURFACE_SIDE_STYLE('',(#5634));
#5510=SURFACE_SIDE_STYLE('',(#5635));
#5511=SURFACE_SIDE_STYLE('',(#5636));
#5512=SURFACE_SIDE_STYLE('',(#5637));
#5513=SURFACE_SIDE_STYLE('',(#5638));
#5514=SURFACE_SIDE_STYLE('',(#5639));
#5515=SURFACE_SIDE_STYLE('',(#5640));
#5516=SURFACE_SIDE_STYLE('',(#5641));
#5517=SURFACE_SIDE_STYLE('',(#5642));
#5518=SURFACE_SIDE_STYLE('',(#5643));
#5519=SURFACE_SIDE_STYLE('',(#5644));
#5520=SURFACE_SIDE_STYLE('',(#5645));
#5521=SURFACE_SIDE_STYLE('',(#5646));
#5522=SURFACE_SIDE_STYLE('',(#5647));
#5523=SURFACE_SIDE_STYLE('',(#5648));
#5524=SURFACE_SIDE_STYLE('',(#5649));
#5525=SURFACE_SIDE_STYLE('',(#5650));
#5526=SURFACE_SIDE_STYLE('',(#5651));
#5527=SURFACE_SIDE_STYLE('',(#5652));
#5528=SURFACE_SIDE_STYLE('',(#5653));
#5529=SURFACE_SIDE_STYLE('',(#5654));
#5530=SURFACE_SIDE_STYLE('',(#5655));
#5531=SURFACE_SIDE_STYLE('',(#5656));
#5532=SURFACE_SIDE_STYLE('',(#5657));
#5533=SURFACE_SIDE_STYLE('',(#5658));
#5534=SURFACE_SIDE_STYLE('',(#5659));
#5535=SURFACE_SIDE_STYLE('',(#5660));
#5536=SURFACE_SIDE_STYLE('',(#5661));
#5537=SURFACE_SIDE_STYLE('',(#5662));
#5538=SURFACE_SIDE_STYLE('',(#5663));
#5539=SURFACE_SIDE_STYLE('',(#5664));
#5540=SURFACE_SIDE_STYLE('',(#5665));
#5541=SURFACE_SIDE_STYLE('',(#5666));
#5542=SURFACE_SIDE_STYLE('',(#5667));
#5543=SURFACE_SIDE_STYLE('',(#5668));
#5544=SURFACE_SIDE_STYLE('',(#5669));
#5545=SURFACE_SIDE_STYLE('',(#5670));
#5546=SURFACE_SIDE_STYLE('',(#5671));
#5547=SURFACE_SIDE_STYLE('',(#5672));
#5548=SURFACE_SIDE_STYLE('',(#5673));
#5549=SURFACE_SIDE_STYLE('',(#5674));
#5550=SURFACE_SIDE_STYLE('',(#5675));
#5551=SURFACE_SIDE_STYLE('',(#5676));
#5552=SURFACE_SIDE_STYLE('',(#5677));
#5553=SURFACE_SIDE_STYLE('',(#5678));
#5554=SURFACE_SIDE_STYLE('',(#5679));
#5555=SURFACE_SIDE_STYLE('',(#5680));
#5556=SURFACE_SIDE_STYLE('',(#5681));
#5557=SURFACE_SIDE_STYLE('',(#5682));
#5558=SURFACE_SIDE_STYLE('',(#5683));
#5559=SURFACE_SIDE_STYLE('',(#5684));
#5560=SURFACE_SIDE_STYLE('',(#5685));
#5561=SURFACE_SIDE_STYLE('',(#5686));
#5562=SURFACE_SIDE_STYLE('',(#5687));
#5563=SURFACE_SIDE_STYLE('',(#5688));
#5564=SURFACE_SIDE_STYLE('',(#5689));
#5565=SURFACE_SIDE_STYLE('',(#5690));
#5566=SURFACE_SIDE_STYLE('',(#5691));
#5567=SURFACE_SIDE_STYLE('',(#5692));
#5568=SURFACE_SIDE_STYLE('',(#5693));
#5569=SURFACE_SIDE_STYLE('',(#5694));
#5570=SURFACE_SIDE_STYLE('',(#5695));
#5571=SURFACE_SIDE_STYLE('',(#5696));
#5572=SURFACE_SIDE_STYLE('',(#5697));
#5573=SURFACE_SIDE_STYLE('',(#5698));
#5574=SURFACE_SIDE_STYLE('',(#5699));
#5575=SURFACE_SIDE_STYLE('',(#5700));
#5576=SURFACE_SIDE_STYLE('',(#5701));
#5577=SURFACE_SIDE_STYLE('',(#5702));
#5578=SURFACE_SIDE_STYLE('',(#5703));
#5579=SURFACE_SIDE_STYLE('',(#5704));
#5580=SURFACE_STYLE_FILL_AREA(#5705);
#5581=SURFACE_STYLE_FILL_AREA(#5706);
#5582=SURFACE_STYLE_FILL_AREA(#5707);
#5583=SURFACE_STYLE_FILL_AREA(#5708);
#5584=SURFACE_STYLE_FILL_AREA(#5709);
#5585=SURFACE_STYLE_FILL_AREA(#5710);
#5586=SURFACE_STYLE_FILL_AREA(#5711);
#5587=SURFACE_STYLE_FILL_AREA(#5712);
#5588=SURFACE_STYLE_FILL_AREA(#5713);
#5589=SURFACE_STYLE_FILL_AREA(#5714);
#5590=SURFACE_STYLE_FILL_AREA(#5715);
#5591=SURFACE_STYLE_FILL_AREA(#5716);
#5592=SURFACE_STYLE_FILL_AREA(#5717);
#5593=SURFACE_STYLE_FILL_AREA(#5718);
#5594=SURFACE_STYLE_FILL_AREA(#5719);
#5595=SURFACE_STYLE_FILL_AREA(#5720);
#5596=SURFACE_STYLE_FILL_AREA(#5721);
#5597=SURFACE_STYLE_FILL_AREA(#5722);
#5598=SURFACE_STYLE_FILL_AREA(#5723);
#5599=SURFACE_STYLE_FILL_AREA(#5724);
#5600=SURFACE_STYLE_FILL_AREA(#5725);
#5601=SURFACE_STYLE_FILL_AREA(#5726);
#5602=SURFACE_STYLE_FILL_AREA(#5727);
#5603=SURFACE_STYLE_FILL_AREA(#5728);
#5604=SURFACE_STYLE_FILL_AREA(#5729);
#5605=SURFACE_STYLE_FILL_AREA(#5730);
#5606=SURFACE_STYLE_FILL_AREA(#5731);
#5607=SURFACE_STYLE_FILL_AREA(#5732);
#5608=SURFACE_STYLE_FILL_AREA(#5733);
#5609=SURFACE_STYLE_FILL_AREA(#5734);
#5610=SURFACE_STYLE_FILL_AREA(#5735);
#5611=SURFACE_STYLE_FILL_AREA(#5736);
#5612=SURFACE_STYLE_FILL_AREA(#5737);
#5613=SURFACE_STYLE_FILL_AREA(#5738);
#5614=SURFACE_STYLE_FILL_AREA(#5739);
#5615=SURFACE_STYLE_FILL_AREA(#5740);
#5616=SURFACE_STYLE_FILL_AREA(#5741);
#5617=SURFACE_STYLE_FILL_AREA(#5742);
#5618=SURFACE_STYLE_FILL_AREA(#5743);
#5619=SURFACE_STYLE_FILL_AREA(#5744);
#5620=SURFACE_STYLE_FILL_AREA(#5745);
#5621=SURFACE_STYLE_FILL_AREA(#5746);
#5622=SURFACE_STYLE_FILL_AREA(#5747);
#5623=SURFACE_STYLE_FILL_AREA(#5748);
#5624=SURFACE_STYLE_FILL_AREA(#5749);
#5625=SURFACE_STYLE_FILL_AREA(#5750);
#5626=SURFACE_STYLE_FILL_AREA(#5751);
#5627=SURFACE_STYLE_FILL_AREA(#5752);
#5628=SURFACE_STYLE_FILL_AREA(#5753);
#5629=SURFACE_STYLE_FILL_AREA(#5754);
#5630=SURFACE_STYLE_FILL_AREA(#5755);
#5631=SURFACE_STYLE_FILL_AREA(#5756);
#5632=SURFACE_STYLE_FILL_AREA(#5757);
#5633=SURFACE_STYLE_FILL_AREA(#5758);
#5634=SURFACE_STYLE_FILL_AREA(#5759);
#5635=SURFACE_STYLE_FILL_AREA(#5760);
#5636=SURFACE_STYLE_FILL_AREA(#5761);
#5637=SURFACE_STYLE_FILL_AREA(#5762);
#5638=SURFACE_STYLE_FILL_AREA(#5763);
#5639=SURFACE_STYLE_FILL_AREA(#5764);
#5640=SURFACE_STYLE_FILL_AREA(#5765);
#5641=SURFACE_STYLE_FILL_AREA(#5766);
#5642=SURFACE_STYLE_FILL_AREA(#5767);
#5643=SURFACE_STYLE_FILL_AREA(#5768);
#5644=SURFACE_STYLE_FILL_AREA(#5769);
#5645=SURFACE_STYLE_FILL_AREA(#5770);
#5646=SURFACE_STYLE_FILL_AREA(#5771);
#5647=SURFACE_STYLE_FILL_AREA(#5772);
#5648=SURFACE_STYLE_FILL_AREA(#5773);
#5649=SURFACE_STYLE_FILL_AREA(#5774);
#5650=SURFACE_STYLE_FILL_AREA(#5775);
#5651=SURFACE_STYLE_FILL_AREA(#5776);
#5652=SURFACE_STYLE_FILL_AREA(#5777);
#5653=SURFACE_STYLE_FILL_AREA(#5778);
#5654=SURFACE_STYLE_FILL_AREA(#5779);
#5655=SURFACE_STYLE_FILL_AREA(#5780);
#5656=SURFACE_STYLE_FILL_AREA(#5781);
#5657=SURFACE_STYLE_FILL_AREA(#5782);
#5658=SURFACE_STYLE_FILL_AREA(#5783);
#5659=SURFACE_STYLE_FILL_AREA(#5784);
#5660=SURFACE_STYLE_FILL_AREA(#5785);
#5661=SURFACE_STYLE_FILL_AREA(#5786);
#5662=SURFACE_STYLE_FILL_AREA(#5787);
#5663=SURFACE_STYLE_FILL_AREA(#5788);
#5664=SURFACE_STYLE_FILL_AREA(#5789);
#5665=SURFACE_STYLE_FILL_AREA(#5790);
#5666=SURFACE_STYLE_FILL_AREA(#5791);
#5667=SURFACE_STYLE_FILL_AREA(#5792);
#5668=SURFACE_STYLE_FILL_AREA(#5793);
#5669=SURFACE_STYLE_FILL_AREA(#5794);
#5670=SURFACE_STYLE_FILL_AREA(#5795);
#5671=SURFACE_STYLE_FILL_AREA(#5796);
#5672=SURFACE_STYLE_FILL_AREA(#5797);
#5673=SURFACE_STYLE_FILL_AREA(#5798);
#5674=SURFACE_STYLE_FILL_AREA(#5799);
#5675=SURFACE_STYLE_FILL_AREA(#5800);
#5676=SURFACE_STYLE_FILL_AREA(#5801);
#5677=SURFACE_STYLE_FILL_AREA(#5802);
#5678=SURFACE_STYLE_FILL_AREA(#5803);
#5679=SURFACE_STYLE_FILL_AREA(#5804);
#5680=SURFACE_STYLE_FILL_AREA(#5805);
#5681=SURFACE_STYLE_FILL_AREA(#5806);
#5682=SURFACE_STYLE_FILL_AREA(#5807);
#5683=SURFACE_STYLE_FILL_AREA(#5808);
#5684=SURFACE_STYLE_FILL_AREA(#5809);
#5685=SURFACE_STYLE_FILL_AREA(#5810);
#5686=SURFACE_STYLE_FILL_AREA(#5811);
#5687=SURFACE_STYLE_FILL_AREA(#5812);
#5688=SURFACE_STYLE_FILL_AREA(#5813);
#5689=SURFACE_STYLE_FILL_AREA(#5814);
#5690=SURFACE_STYLE_FILL_AREA(#5815);
#5691=SURFACE_STYLE_FILL_AREA(#5816);
#5692=SURFACE_STYLE_FILL_AREA(#5817);
#5693=SURFACE_STYLE_FILL_AREA(#5818);
#5694=SURFACE_STYLE_FILL_AREA(#5819);
#5695=SURFACE_STYLE_FILL_AREA(#5820);
#5696=SURFACE_STYLE_FILL_AREA(#5821);
#5697=SURFACE_STYLE_FILL_AREA(#5822);
#5698=SURFACE_STYLE_FILL_AREA(#5823);
#5699=SURFACE_STYLE_FILL_AREA(#5824);
#5700=SURFACE_STYLE_FILL_AREA(#5825);
#5701=SURFACE_STYLE_FILL_AREA(#5826);
#5702=SURFACE_STYLE_FILL_AREA(#5827);
#5703=SURFACE_STYLE_FILL_AREA(#5828);
#5704=SURFACE_STYLE_FILL_AREA(#5829);
#5705=FILL_AREA_STYLE('',(#5830));
#5706=FILL_AREA_STYLE('',(#5831));
#5707=FILL_AREA_STYLE('',(#5832));
#5708=FILL_AREA_STYLE('',(#5833));
#5709=FILL_AREA_STYLE('',(#5834));
#5710=FILL_AREA_STYLE('',(#5835));
#5711=FILL_AREA_STYLE('',(#5836));
#5712=FILL_AREA_STYLE('',(#5837));
#5713=FILL_AREA_STYLE('',(#5838));
#5714=FILL_AREA_STYLE('',(#5839));
#5715=FILL_AREA_STYLE('',(#5840));
#5716=FILL_AREA_STYLE('',(#5841));
#5717=FILL_AREA_STYLE('',(#5842));
#5718=FILL_AREA_STYLE('',(#5843));
#5719=FILL_AREA_STYLE('',(#5844));
#5720=FILL_AREA_STYLE('',(#5845));
#5721=FILL_AREA_STYLE('',(#5846));
#5722=FILL_AREA_STYLE('',(#5847));
#5723=FILL_AREA_STYLE('',(#5848));
#5724=FILL_AREA_STYLE('',(#5849));
#5725=FILL_AREA_STYLE('',(#5850));
#5726=FILL_AREA_STYLE('',(#5851));
#5727=FILL_AREA_STYLE('',(#5852));
#5728=FILL_AREA_STYLE('',(#5853));
#5729=FILL_AREA_STYLE('',(#5854));
#5730=FILL_AREA_STYLE('',(#5855));
#5731=FILL_AREA_STYLE('',(#5856));
#5732=FILL_AREA_STYLE('',(#5857));
#5733=FILL_AREA_STYLE('',(#5858));
#5734=FILL_AREA_STYLE('',(#5859));
#5735=FILL_AREA_STYLE('',(#5860));
#5736=FILL_AREA_STYLE('',(#5861));
#5737=FILL_AREA_STYLE('',(#5862));
#5738=FILL_AREA_STYLE('',(#5863));
#5739=FILL_AREA_STYLE('',(#5864));
#5740=FILL_AREA_STYLE('',(#5865));
#5741=FILL_AREA_STYLE('',(#5866));
#5742=FILL_AREA_STYLE('',(#5867));
#5743=FILL_AREA_STYLE('',(#5868));
#5744=FILL_AREA_STYLE('',(#5869));
#5745=FILL_AREA_STYLE('',(#5870));
#5746=FILL_AREA_STYLE('',(#5871));
#5747=FILL_AREA_STYLE('',(#5872));
#5748=FILL_AREA_STYLE('',(#5873));
#5749=FILL_AREA_STYLE('',(#5874));
#5750=FILL_AREA_STYLE('',(#5875));
#5751=FILL_AREA_STYLE('',(#5876));
#5752=FILL_AREA_STYLE('',(#5877));
#5753=FILL_AREA_STYLE('',(#5878));
#5754=FILL_AREA_STYLE('',(#5879));
#5755=FILL_AREA_STYLE('',(#5880));
#5756=FILL_AREA_STYLE('',(#5881));
#5757=FILL_AREA_STYLE('',(#5882));
#5758=FILL_AREA_STYLE('',(#5883));
#5759=FILL_AREA_STYLE('',(#5884));
#5760=FILL_AREA_STYLE('',(#5885));
#5761=FILL_AREA_STYLE('',(#5886));
#5762=FILL_AREA_STYLE('',(#5887));
#5763=FILL_AREA_STYLE('',(#5888));
#5764=FILL_AREA_STYLE('',(#5889));
#5765=FILL_AREA_STYLE('',(#5890));
#5766=FILL_AREA_STYLE('',(#5891));
#5767=FILL_AREA_STYLE('',(#5892));
#5768=FILL_AREA_STYLE('',(#5893));
#5769=FILL_AREA_STYLE('',(#5894));
#5770=FILL_AREA_STYLE('',(#5895));
#5771=FILL_AREA_STYLE('',(#5896));
#5772=FILL_AREA_STYLE('',(#5897));
#5773=FILL_AREA_STYLE('',(#5898));
#5774=FILL_AREA_STYLE('',(#5899));
#5775=FILL_AREA_STYLE('',(#5900));
#5776=FILL_AREA_STYLE('',(#5901));
#5777=FILL_AREA_STYLE('',(#5902));
#5778=FILL_AREA_STYLE('',(#5903));
#5779=FILL_AREA_STYLE('',(#5904));
#5780=FILL_AREA_STYLE('',(#5905));
#5781=FILL_AREA_STYLE('',(#5906));
#5782=FILL_AREA_STYLE('',(#5907));
#5783=FILL_AREA_STYLE('',(#5908));
#5784=FILL_AREA_STYLE('',(#5909));
#5785=FILL_AREA_STYLE('',(#5910));
#5786=FILL_AREA_STYLE('',(#5911));
#5787=FILL_AREA_STYLE('',(#5912));
#5788=FILL_AREA_STYLE('',(#5913));
#5789=FILL_AREA_STYLE('',(#5914));
#5790=FILL_AREA_STYLE('',(#5915));
#5791=FILL_AREA_STYLE('',(#5916));
#5792=FILL_AREA_STYLE('',(#5917));
#5793=FILL_AREA_STYLE('',(#5918));
#5794=FILL_AREA_STYLE('',(#5919));
#5795=FILL_AREA_STYLE('',(#5920));
#5796=FILL_AREA_STYLE('',(#5921));
#5797=FILL_AREA_STYLE('',(#5922));
#5798=FILL_AREA_STYLE('',(#5923));
#5799=FILL_AREA_STYLE('',(#5924));
#5800=FILL_AREA_STYLE('',(#5925));
#5801=FILL_AREA_STYLE('',(#5926));
#5802=FILL_AREA_STYLE('',(#5927));
#5803=FILL_AREA_STYLE('',(#5928));
#5804=FILL_AREA_STYLE('',(#5929));
#5805=FILL_AREA_STYLE('',(#5930));
#5806=FILL_AREA_STYLE('',(#5931));
#5807=FILL_AREA_STYLE('',(#5932));
#5808=FILL_AREA_STYLE('',(#5933));
#5809=FILL_AREA_STYLE('',(#5934));
#5810=FILL_AREA_STYLE('',(#5935));
#5811=FILL_AREA_STYLE('',(#5936));
#5812=FILL_AREA_STYLE('',(#5937));
#5813=FILL_AREA_STYLE('',(#5938));
#5814=FILL_AREA_STYLE('',(#5939));
#5815=FILL_AREA_STYLE('',(#5940));
#5816=FILL_AREA_STYLE('',(#5941));
#5817=FILL_AREA_STYLE('',(#5942));
#5818=FILL_AREA_STYLE('',(#5943));
#5819=FILL_AREA_STYLE('',(#5944));
#5820=FILL_AREA_STYLE('',(#5945));
#5821=FILL_AREA_STYLE('',(#5946));
#5822=FILL_AREA_STYLE('',(#5947));
#5823=FILL_AREA_STYLE('',(#5948));
#5824=FILL_AREA_STYLE('',(#5949));
#5825=FILL_AREA_STYLE('',(#5950));
#5826=FILL_AREA_STYLE('',(#5951));
#5827=FILL_AREA_STYLE('',(#5952));
#5828=FILL_AREA_STYLE('',(#5953));
#5829=FILL_AREA_STYLE('',(#5954));
#5830=FILL_AREA_STYLE_COLOUR('',#5955);
#5831=FILL_AREA_STYLE_COLOUR('',#5956);
#5832=FILL_AREA_STYLE_COLOUR('',#5956);
#5833=FILL_AREA_STYLE_COLOUR('',#5956);
#5834=FILL_AREA_STYLE_COLOUR('',#5956);
#5835=FILL_AREA_STYLE_COLOUR('',#5956);
#5836=FILL_AREA_STYLE_COLOUR('',#5956);
#5837=FILL_AREA_STYLE_COLOUR('',#5956);
#5838=FILL_AREA_STYLE_COLOUR('',#5956);
#5839=FILL_AREA_STYLE_COLOUR('',#5956);
#5840=FILL_AREA_STYLE_COLOUR('',#5956);
#5841=FILL_AREA_STYLE_COLOUR('',#5956);
#5842=FILL_AREA_STYLE_COLOUR('',#5956);
#5843=FILL_AREA_STYLE_COLOUR('',#5956);
#5844=FILL_AREA_STYLE_COLOUR('',#5956);
#5845=FILL_AREA_STYLE_COLOUR('',#5956);
#5846=FILL_AREA_STYLE_COLOUR('',#5956);
#5847=FILL_AREA_STYLE_COLOUR('',#5956);
#5848=FILL_AREA_STYLE_COLOUR('',#5956);
#5849=FILL_AREA_STYLE_COLOUR('',#5956);
#5850=FILL_AREA_STYLE_COLOUR('',#5956);
#5851=FILL_AREA_STYLE_COLOUR('',#5956);
#5852=FILL_AREA_STYLE_COLOUR('',#5956);
#5853=FILL_AREA_STYLE_COLOUR('',#5956);
#5854=FILL_AREA_STYLE_COLOUR('',#5956);
#5855=FILL_AREA_STYLE_COLOUR('',#5956);
#5856=FILL_AREA_STYLE_COLOUR('',#5956);
#5857=FILL_AREA_STYLE_COLOUR('',#5956);
#5858=FILL_AREA_STYLE_COLOUR('',#5956);
#5859=FILL_AREA_STYLE_COLOUR('',#5956);
#5860=FILL_AREA_STYLE_COLOUR('',#5956);
#5861=FILL_AREA_STYLE_COLOUR('',#5956);
#5862=FILL_AREA_STYLE_COLOUR('',#5956);
#5863=FILL_AREA_STYLE_COLOUR('',#5956);
#5864=FILL_AREA_STYLE_COLOUR('',#5956);
#5865=FILL_AREA_STYLE_COLOUR('',#5956);
#5866=FILL_AREA_STYLE_COLOUR('',#5956);
#5867=FILL_AREA_STYLE_COLOUR('',#5956);
#5868=FILL_AREA_STYLE_COLOUR('',#5956);
#5869=FILL_AREA_STYLE_COLOUR('',#5956);
#5870=FILL_AREA_STYLE_COLOUR('',#5956);
#5871=FILL_AREA_STYLE_COLOUR('',#5956);
#5872=FILL_AREA_STYLE_COLOUR('',#5956);
#5873=FILL_AREA_STYLE_COLOUR('',#5956);
#5874=FILL_AREA_STYLE_COLOUR('',#5956);
#5875=FILL_AREA_STYLE_COLOUR('',#5956);
#5876=FILL_AREA_STYLE_COLOUR('',#5956);
#5877=FILL_AREA_STYLE_COLOUR('',#5956);
#5878=FILL_AREA_STYLE_COLOUR('',#5956);
#5879=FILL_AREA_STYLE_COLOUR('',#5956);
#5880=FILL_AREA_STYLE_COLOUR('',#5956);
#5881=FILL_AREA_STYLE_COLOUR('',#5956);
#5882=FILL_AREA_STYLE_COLOUR('',#5956);
#5883=FILL_AREA_STYLE_COLOUR('',#5956);
#5884=FILL_AREA_STYLE_COLOUR('',#5956);
#5885=FILL_AREA_STYLE_COLOUR('',#5956);
#5886=FILL_AREA_STYLE_COLOUR('',#5956);
#5887=FILL_AREA_STYLE_COLOUR('',#5956);
#5888=FILL_AREA_STYLE_COLOUR('',#5956);
#5889=FILL_AREA_STYLE_COLOUR('',#5956);
#5890=FILL_AREA_STYLE_COLOUR('',#5956);
#5891=FILL_AREA_STYLE_COLOUR('',#5956);
#5892=FILL_AREA_STYLE_COLOUR('',#5956);
#5893=FILL_AREA_STYLE_COLOUR('',#5956);
#5894=FILL_AREA_STYLE_COLOUR('',#5956);
#5895=FILL_AREA_STYLE_COLOUR('',#5956);
#5896=FILL_AREA_STYLE_COLOUR('',#5956);
#5897=FILL_AREA_STYLE_COLOUR('',#5956);
#5898=FILL_AREA_STYLE_COLOUR('',#5956);
#5899=FILL_AREA_STYLE_COLOUR('',#5956);
#5900=FILL_AREA_STYLE_COLOUR('',#5956);
#5901=FILL_AREA_STYLE_COLOUR('',#5956);
#5902=FILL_AREA_STYLE_COLOUR('',#5956);
#5903=FILL_AREA_STYLE_COLOUR('',#5956);
#5904=FILL_AREA_STYLE_COLOUR('',#5956);
#5905=FILL_AREA_STYLE_COLOUR('',#5956);
#5906=FILL_AREA_STYLE_COLOUR('',#5956);
#5907=FILL_AREA_STYLE_COLOUR('',#5956);
#5908=FILL_AREA_STYLE_COLOUR('',#5956);
#5909=FILL_AREA_STYLE_COLOUR('',#5956);
#5910=FILL_AREA_STYLE_COLOUR('',#5956);
#5911=FILL_AREA_STYLE_COLOUR('',#5956);
#5912=FILL_AREA_STYLE_COLOUR('',#5956);
#5913=FILL_AREA_STYLE_COLOUR('',#5956);
#5914=FILL_AREA_STYLE_COLOUR('',#5956);
#5915=FILL_AREA_STYLE_COLOUR('',#5956);
#5916=FILL_AREA_STYLE_COLOUR('',#5956);
#5917=FILL_AREA_STYLE_COLOUR('',#5956);
#5918=FILL_AREA_STYLE_COLOUR('',#5956);
#5919=FILL_AREA_STYLE_COLOUR('',#5956);
#5920=FILL_AREA_STYLE_COLOUR('',#5956);
#5921=FILL_AREA_STYLE_COLOUR('',#5955);
#5922=FILL_AREA_STYLE_COLOUR('',#5956);
#5923=FILL_AREA_STYLE_COLOUR('',#5956);
#5924=FILL_AREA_STYLE_COLOUR('',#5956);
#5925=FILL_AREA_STYLE_COLOUR('',#5956);
#5926=FILL_AREA_STYLE_COLOUR('',#5956);
#5927=FILL_AREA_STYLE_COLOUR('',#5956);
#5928=FILL_AREA_STYLE_COLOUR('',#5956);
#5929=FILL_AREA_STYLE_COLOUR('',#5956);
#5930=FILL_AREA_STYLE_COLOUR('',#5956);
#5931=FILL_AREA_STYLE_COLOUR('',#5956);
#5932=FILL_AREA_STYLE_COLOUR('',#5956);
#5933=FILL_AREA_STYLE_COLOUR('',#5956);
#5934=FILL_AREA_STYLE_COLOUR('',#5956);
#5935=FILL_AREA_STYLE_COLOUR('',#5956);
#5936=FILL_AREA_STYLE_COLOUR('',#5956);
#5937=FILL_AREA_STYLE_COLOUR('',#5956);
#5938=FILL_AREA_STYLE_COLOUR('',#5956);
#5939=FILL_AREA_STYLE_COLOUR('',#5956);
#5940=FILL_AREA_STYLE_COLOUR('',#5956);
#5941=FILL_AREA_STYLE_COLOUR('',#5956);
#5942=FILL_AREA_STYLE_COLOUR('',#5956);
#5943=FILL_AREA_STYLE_COLOUR('',#5956);
#5944=FILL_AREA_STYLE_COLOUR('',#5956);
#5945=FILL_AREA_STYLE_COLOUR('',#5956);
#5946=FILL_AREA_STYLE_COLOUR('',#5956);
#5947=FILL_AREA_STYLE_COLOUR('',#5956);
#5948=FILL_AREA_STYLE_COLOUR('',#5956);
#5949=FILL_AREA_STYLE_COLOUR('',#5956);
#5950=FILL_AREA_STYLE_COLOUR('',#5956);
#5951=FILL_AREA_STYLE_COLOUR('',#5956);
#5952=FILL_AREA_STYLE_COLOUR('',#5956);
#5953=FILL_AREA_STYLE_COLOUR('',#5956);
#5954=FILL_AREA_STYLE_COLOUR('',#5956);
#5955=COLOUR_RGB('',0.749019607843137,0.749019607843137,0.749019607843137);
#5956=COLOUR_RGB('',1.,0.501960784313726,0.501960784313726);
#5957=MANIFOLD_SOLID_BREP('electronics_frame_split_2',#5201);
#5958=MANIFOLD_SOLID_BREP('electronics_frame_split_2',#5202);
#5959=SHAPE_DEFINITION_REPRESENTATION(#9353,#5961);
#5960=SHAPE_DEFINITION_REPRESENTATION(#9354,#5962);
#5961=SHAPE_REPRESENTATION('electronics_frame_split_2',(#5963),#9343);
#5962=SHAPE_REPRESENTATION('electronics_frame_split_2',(#6230),#9344);
#5963=AXIS2_PLACEMENT_3D('',#7750,#6372,#6373);
#5964=AXIS2_PLACEMENT_3D('',#7751,#6374,#6375);
#5965=AXIS2_PLACEMENT_3D('',#7752,#6376,#6377);
#5966=AXIS2_PLACEMENT_3D('',#7757,#6379,#6380);
#5967=AXIS2_PLACEMENT_3D('',#7760,#6382,#6383);
#5968=AXIS2_PLACEMENT_3D('',#7761,#6384,#6385);
#5969=AXIS2_PLACEMENT_3D('',#7772,#6388,#6389);
#5970=AXIS2_PLACEMENT_3D('',#7776,#6392,#6393);
#5971=AXIS2_PLACEMENT_3D('',#7783,#6397,#6398);
#5972=AXIS2_PLACEMENT_3D('',#7797,#6405,#6406);
#5973=AXIS2_PLACEMENT_3D('',#7803,#6409,#6410);
#5974=AXIS2_PLACEMENT_3D('',#7807,#6412,#6413);
#5975=AXIS2_PLACEMENT_3D('',#7810,#6415,#6416);
#5976=AXIS2_PLACEMENT_3D('',#7824,#6424,#6425);
#5977=AXIS2_PLACEMENT_3D('',#7855,#6441,#6442);
#5978=AXIS2_PLACEMENT_3D('',#7859,#6444,#6445);
#5979=AXIS2_PLACEMENT_3D('',#7863,#6448,#6449);
#5980=AXIS2_PLACEMENT_3D('',#7864,#6450,#6451);
#5981=AXIS2_PLACEMENT_3D('',#7868,#6453,#6454);
#5982=AXIS2_PLACEMENT_3D('',#7871,#6456,#6457);
#5983=AXIS2_PLACEMENT_3D('',#7878,#6458,#6459);
#5984=AXIS2_PLACEMENT_3D('',#7880,#6460,#6461);
#5985=AXIS2_PLACEMENT_3D('',#7881,#6462,#6463);
#5986=AXIS2_PLACEMENT_3D('',#7887,#6466,#6467);
#5987=AXIS2_PLACEMENT_3D('',#7895,#6472,#6473);
#5988=AXIS2_PLACEMENT_3D('',#7896,#6474,#6475);
#5989=AXIS2_PLACEMENT_3D('',#7898,#6476,#6477);
#5990=AXIS2_PLACEMENT_3D('',#7905,#6478,#6479);
#5991=AXIS2_PLACEMENT_3D('',#7908,#6481,#6482);
#5992=AXIS2_PLACEMENT_3D('',#7911,#6484,#6485);
#5993=AXIS2_PLACEMENT_3D('',#7920,#6491,#6492);
#5994=AXIS2_PLACEMENT_3D('',#7926,#6495,#6496);
#5995=AXIS2_PLACEMENT_3D('',#7943,#6503,#6504);
#5996=AXIS2_PLACEMENT_3D('',#7955,#6511,#6512);
#5997=AXIS2_PLACEMENT_3D('',#7958,#6514,#6515);
#5998=AXIS2_PLACEMENT_3D('',#7961,#6517,#6518);
#5999=AXIS2_PLACEMENT_3D('',#7993,#6535,#6536);
#6000=AXIS2_PLACEMENT_3D('',#7996,#6538,#6539);
#6001=AXIS2_PLACEMENT_3D('',#8000,#6541,#6542);
#6002=AXIS2_PLACEMENT_3D('',#8001,#6543,#6544);
#6003=AXIS2_PLACEMENT_3D('',#8005,#6546,#6547);
#6004=AXIS2_PLACEMENT_3D('',#8007,#6548,#6549);
#6005=AXIS2_PLACEMENT_3D('',#8028,#6552,#6553);
#6006=AXIS2_PLACEMENT_3D('',#8030,#6554,#6555);
#6007=AXIS2_PLACEMENT_3D('',#8031,#6556,#6557);
#6008=AXIS2_PLACEMENT_3D('',#8032,#6558,#6559);
#6009=AXIS2_PLACEMENT_3D('',#8033,#6560,#6561);
#6010=AXIS2_PLACEMENT_3D('',#8034,#6562,#6563);
#6011=AXIS2_PLACEMENT_3D('',#8038,#6565,#6566);
#6012=AXIS2_PLACEMENT_3D('',#8042,#6568,#6569);
#6013=AXIS2_PLACEMENT_3D('',#8060,#6572,#6573);
#6014=AXIS2_PLACEMENT_3D('',#8071,#6576,#6577);
#6015=AXIS2_PLACEMENT_3D('',#8085,#6580,#6581);
#6016=AXIS2_PLACEMENT_3D('',#8086,#6582,#6583);
#6017=AXIS2_PLACEMENT_3D('',#8101,#6591,#6592);
#6018=AXIS2_PLACEMENT_3D('',#8112,#6598,#6599);
#6019=AXIS2_PLACEMENT_3D('',#8121,#6604,#6605);
#6020=AXIS2_PLACEMENT_3D('',#8125,#6607,#6608);
#6021=AXIS2_PLACEMENT_3D('',#8126,#6609,#6610);
#6022=AXIS2_PLACEMENT_3D('',#8127,#6611,#6612);
#6023=AXIS2_PLACEMENT_3D('',#8129,#6613,#6614);
#6024=AXIS2_PLACEMENT_3D('',#8132,#6617,#6618);
#6025=AXIS2_PLACEMENT_3D('',#8140,#6622,#6623);
#6026=AXIS2_PLACEMENT_3D('',#8144,#6626,#6627);
#6027=AXIS2_PLACEMENT_3D('',#8150,#6631,#6632);
#6028=AXIS2_PLACEMENT_3D('',#8154,#6636,#6637);
#6029=AXIS2_PLACEMENT_3D('',#8160,#6640,#6641);
#6030=AXIS2_PLACEMENT_3D('',#8163,#6643,#6644);
#6031=AXIS2_PLACEMENT_3D('',#8164,#6645,#6646);
#6032=AXIS2_PLACEMENT_3D('',#8168,#6649,#6650);
#6033=AXIS2_PLACEMENT_3D('',#8172,#6653,#6654);
#6034=AXIS2_PLACEMENT_3D('',#8174,#6656,#6657);
#6035=AXIS2_PLACEMENT_3D('',#8175,#6658,#6659);
#6036=AXIS2_PLACEMENT_3D('',#8179,#6661,#6662);
#6037=AXIS2_PLACEMENT_3D('',#8180,#6663,#6664);
#6038=AXIS2_PLACEMENT_3D('',#8181,#6665,#6666);
#6039=AXIS2_PLACEMENT_3D('',#8184,#6669,#6670);
#6040=AXIS2_PLACEMENT_3D('',#8185,#6671,#6672);
#6041=AXIS2_PLACEMENT_3D('',#8187,#6674,#6675);
#6042=AXIS2_PLACEMENT_3D('',#8189,#6677,#6678);
#6043=AXIS2_PLACEMENT_3D('',#8195,#6682,#6683);
#6044=AXIS2_PLACEMENT_3D('',#8199,#6686,#6687);
#6045=AXIS2_PLACEMENT_3D('',#8203,#6690,#6691);
#6046=AXIS2_PLACEMENT_3D('',#8211,#6696,#6697);
#6047=AXIS2_PLACEMENT_3D('',#8212,#6698,#6699);
#6048=AXIS2_PLACEMENT_3D('',#8214,#6700,#6701);
#6049=AXIS2_PLACEMENT_3D('',#8217,#6703,#6704);
#6050=AXIS2_PLACEMENT_3D('',#8223,#6708,#6709);
#6051=AXIS2_PLACEMENT_3D('',#8224,#6710,#6711);
#6052=AXIS2_PLACEMENT_3D('',#8226,#6712,#6713);
#6053=AXIS2_PLACEMENT_3D('',#8229,#6715,#6716);
#6054=AXIS2_PLACEMENT_3D('',#8245,#6722,#6723);
#6055=AXIS2_PLACEMENT_3D('',#8255,#6729,#6730);
#6056=AXIS2_PLACEMENT_3D('',#8260,#6733,#6734);
#6057=AXIS2_PLACEMENT_3D('',#8264,#6736,#6737);
#6058=AXIS2_PLACEMENT_3D('',#8267,#6739,#6740);
#6059=AXIS2_PLACEMENT_3D('',#8268,#6741,#6742);
#6060=AXIS2_PLACEMENT_3D('',#8269,#6743,#6744);
#6061=AXIS2_PLACEMENT_3D('',#8272,#6746,#6747);
#6062=AXIS2_PLACEMENT_3D('',#8277,#6750,#6751);
#6063=AXIS2_PLACEMENT_3D('',#8283,#6755,#6756);
#6064=AXIS2_PLACEMENT_3D('',#8286,#6759,#6760);
#6065=AXIS2_PLACEMENT_3D('',#8291,#6764,#6765);
#6066=AXIS2_PLACEMENT_3D('',#8292,#6766,#6767);
#6067=AXIS2_PLACEMENT_3D('',#8294,#6768,#6769);
#6068=AXIS2_PLACEMENT_3D('',#8295,#6770,#6771);
#6069=AXIS2_PLACEMENT_3D('',#8296,#6772,#6773);
#6070=AXIS2_PLACEMENT_3D('',#8303,#6777,#6778);
#6071=AXIS2_PLACEMENT_3D('',#8314,#6784,#6785);
#6072=AXIS2_PLACEMENT_3D('',#8318,#6788,#6789);
#6073=AXIS2_PLACEMENT_3D('',#8322,#6792,#6793);
#6074=AXIS2_PLACEMENT_3D('',#8324,#6795,#6796);
#6075=AXIS2_PLACEMENT_3D('',#8329,#6799,#6800);
#6076=AXIS2_PLACEMENT_3D('',#8330,#6801,#6802);
#6077=AXIS2_PLACEMENT_3D('',#8331,#6803,#6804);
#6078=AXIS2_PLACEMENT_3D('',#8333,#6805,#6806);
#6079=AXIS2_PLACEMENT_3D('',#8343,#6812,#6813);
#6080=AXIS2_PLACEMENT_3D('',#8349,#6817,#6818);
#6081=AXIS2_PLACEMENT_3D('',#8353,#6820,#6821);
#6082=AXIS2_PLACEMENT_3D('',#8357,#6823,#6824);
#6083=AXIS2_PLACEMENT_3D('',#8358,#6825,#6826);
#6084=AXIS2_PLACEMENT_3D('',#8375,#6835,#6836);
#6085=AXIS2_PLACEMENT_3D('',#8378,#6838,#6839);
#6086=AXIS2_PLACEMENT_3D('',#8385,#6843,#6844);
#6087=AXIS2_PLACEMENT_3D('',#8389,#6847,#6848);
#6088=AXIS2_PLACEMENT_3D('',#8395,#6852,#6853);
#6089=AXIS2_PLACEMENT_3D('',#8396,#6854,#6855);
#6090=AXIS2_PLACEMENT_3D('',#8407,#6861,#6862);
#6091=AXIS2_PLACEMENT_3D('',#8413,#6866,#6867);
#6092=AXIS2_PLACEMENT_3D('',#8419,#6871,#6872);
#6093=AXIS2_PLACEMENT_3D('',#8420,#6873,#6874);
#6094=AXIS2_PLACEMENT_3D('',#8422,#6875,#6876);
#6095=AXIS2_PLACEMENT_3D('',#8425,#6878,#6879);
#6096=AXIS2_PLACEMENT_3D('',#8426,#6880,#6881);
#6097=AXIS2_PLACEMENT_3D('',#8430,#6883,#6884);
#6098=AXIS2_PLACEMENT_3D('',#8431,#6885,#6886);
#6099=AXIS2_PLACEMENT_3D('',#8432,#6887,#6888);
#6100=AXIS2_PLACEMENT_3D('',#8433,#6889,#6890);
#6101=AXIS2_PLACEMENT_3D('',#8435,#6891,#6892);
#6102=AXIS2_PLACEMENT_3D('',#8436,#6893,#6894);
#6103=AXIS2_PLACEMENT_3D('',#8468,#6901,#6902);
#6104=AXIS2_PLACEMENT_3D('',#8469,#6903,#6904);
#6105=AXIS2_PLACEMENT_3D('',#8470,#6905,#6906);
#6106=AXIS2_PLACEMENT_3D('',#8472,#6907,#6908);
#6107=AXIS2_PLACEMENT_3D('',#8473,#6909,#6910);
#6108=AXIS2_PLACEMENT_3D('',#8483,#6916,#6917);
#6109=AXIS2_PLACEMENT_3D('',#8497,#6919,#6920);
#6110=AXIS2_PLACEMENT_3D('',#8503,#6924,#6925);
#6111=AXIS2_PLACEMENT_3D('',#8504,#6926,#6927);
#6112=AXIS2_PLACEMENT_3D('',#8511,#6931,#6932);
#6113=AXIS2_PLACEMENT_3D('',#8514,#6934,#6935);
#6114=AXIS2_PLACEMENT_3D('',#8515,#6936,#6937);
#6115=AXIS2_PLACEMENT_3D('',#8521,#6938,#6939);
#6116=AXIS2_PLACEMENT_3D('',#8529,#6940,#6941);
#6117=AXIS2_PLACEMENT_3D('',#8533,#6943,#6944);
#6118=AXIS2_PLACEMENT_3D('',#8539,#6945,#6946);
#6119=AXIS2_PLACEMENT_3D('',#8541,#6948,#6949);
#6120=AXIS2_PLACEMENT_3D('',#8542,#6950,#6951);
#6121=AXIS2_PLACEMENT_3D('',#8543,#6952,#6953);
#6122=AXIS2_PLACEMENT_3D('',#8552,#6954,#6955);
#6123=AXIS2_PLACEMENT_3D('',#8553,#6956,#6957);
#6124=AXIS2_PLACEMENT_3D('',#8554,#6958,#6959);
#6125=AXIS2_PLACEMENT_3D('',#8555,#6960,#6961);
#6126=AXIS2_PLACEMENT_3D('',#8557,#6963,#6964);
#6127=AXIS2_PLACEMENT_3D('',#8558,#6965,#6966);
#6128=AXIS2_PLACEMENT_3D('',#8559,#6967,#6968);
#6129=AXIS2_PLACEMENT_3D('',#8560,#6969,#6970);
#6130=AXIS2_PLACEMENT_3D('',#8563,#6972,#6973);
#6131=AXIS2_PLACEMENT_3D('',#8564,#6974,#6975);
#6132=AXIS2_PLACEMENT_3D('',#8566,#6976,#6977);
#6133=AXIS2_PLACEMENT_3D('',#8567,#6978,#6979);
#6134=AXIS2_PLACEMENT_3D('',#8571,#6982,#6983);
#6135=AXIS2_PLACEMENT_3D('',#8572,#6984,#6985);
#6136=AXIS2_PLACEMENT_3D('',#8575,#6987,#6988);
#6137=AXIS2_PLACEMENT_3D('',#8576,#6989,#6990);
#6138=AXIS2_PLACEMENT_3D('',#8577,#6991,#6992);
#6139=AXIS2_PLACEMENT_3D('',#8578,#6993,#6994);
#6140=AXIS2_PLACEMENT_3D('',#8579,#6995,#6996);
#6141=AXIS2_PLACEMENT_3D('',#8582,#6998,#6999);
#6142=AXIS2_PLACEMENT_3D('',#8583,#7000,#7001);
#6143=AXIS2_PLACEMENT_3D('',#8587,#7004,#7005);
#6144=AXIS2_PLACEMENT_3D('',#8589,#7007,#7008);
#6145=AXIS2_PLACEMENT_3D('',#8590,#7009,#7010);
#6146=AXIS2_PLACEMENT_3D('',#8594,#7013,#7014);
#6147=AXIS2_PLACEMENT_3D('',#8595,#7015,#7016);
#6148=AXIS2_PLACEMENT_3D('',#8596,#7017,#7018);
#6149=AXIS2_PLACEMENT_3D('',#8598,#7020,#7021);
#6150=AXIS2_PLACEMENT_3D('',#8599,#7022,#7023);
#6151=AXIS2_PLACEMENT_3D('',#8601,#7024,#7025);
#6152=AXIS2_PLACEMENT_3D('',#8603,#7026,#7027);
#6153=AXIS2_PLACEMENT_3D('',#8604,#7028,#7029);
#6154=AXIS2_PLACEMENT_3D('',#8612,#7035,#7036);
#6155=AXIS2_PLACEMENT_3D('',#8614,#7038,#7039);
#6156=AXIS2_PLACEMENT_3D('',#8617,#7042,#7043);
#6157=AXIS2_PLACEMENT_3D('',#8618,#7044,#7045);
#6158=AXIS2_PLACEMENT_3D('',#8621,#7047,#7048);
#6159=AXIS2_PLACEMENT_3D('',#8624,#7050,#7051);
#6160=AXIS2_PLACEMENT_3D('',#8626,#7053,#7054);
#6161=AXIS2_PLACEMENT_3D('',#8627,#7055,#7056);
#6162=AXIS2_PLACEMENT_3D('',#8629,#7057,#7058);
#6163=AXIS2_PLACEMENT_3D('',#8630,#7059,#7060);
#6164=AXIS2_PLACEMENT_3D('',#8633,#7062,#7063);
#6165=AXIS2_PLACEMENT_3D('',#8634,#7064,#7065);
#6166=AXIS2_PLACEMENT_3D('',#8638,#7068,#7069);
#6167=AXIS2_PLACEMENT_3D('',#8643,#7072,#7073);
#6168=AXIS2_PLACEMENT_3D('',#8644,#7074,#7075);
#6169=AXIS2_PLACEMENT_3D('',#8646,#7077,#7078);
#6170=AXIS2_PLACEMENT_3D('',#8648,#7080,#7081);
#6171=AXIS2_PLACEMENT_3D('',#8649,#7082,#7083);
#6172=AXIS2_PLACEMENT_3D('',#8650,#7084,#7085);
#6173=AXIS2_PLACEMENT_3D('',#8651,#7086,#7087);
#6174=AXIS2_PLACEMENT_3D('',#8653,#7089,#7090);
#6175=AXIS2_PLACEMENT_3D('',#8654,#7091,#7092);
#6176=AXIS2_PLACEMENT_3D('',#8655,#7093,#7094);
#6177=AXIS2_PLACEMENT_3D('',#8656,#7095,#7096);
#6178=AXIS2_PLACEMENT_3D('',#8659,#7098,#7099);
#6179=AXIS2_PLACEMENT_3D('',#8660,#7100,#7101);
#6180=AXIS2_PLACEMENT_3D('',#8661,#7102,#7103);
#6181=AXIS2_PLACEMENT_3D('',#8666,#7106,#7107);
#6182=AXIS2_PLACEMENT_3D('',#8672,#7111,#7112);
#6183=AXIS2_PLACEMENT_3D('',#8673,#7113,#7114);
#6184=AXIS2_PLACEMENT_3D('',#8677,#7116,#7117);
#6185=AXIS2_PLACEMENT_3D('',#8678,#7118,#7119);
#6186=AXIS2_PLACEMENT_3D('',#8679,#7120,#7121);
#6187=AXIS2_PLACEMENT_3D('',#8681,#7122,#7123);
#6188=AXIS2_PLACEMENT_3D('',#8682,#7124,#7125);
#6189=AXIS2_PLACEMENT_3D('',#8683,#7126,#7127);
#6190=AXIS2_PLACEMENT_3D('',#8684,#7128,#7129);
#6191=AXIS2_PLACEMENT_3D('',#8685,#7130,#7131);
#6192=AXIS2_PLACEMENT_3D('',#8686,#7132,#7133);
#6193=AXIS2_PLACEMENT_3D('',#8690,#7136,#7137);
#6194=AXIS2_PLACEMENT_3D('',#8695,#7140,#7141);
#6195=AXIS2_PLACEMENT_3D('',#8696,#7142,#7143);
#6196=AXIS2_PLACEMENT_3D('',#8699,#7145,#7146);
#6197=AXIS2_PLACEMENT_3D('',#8700,#7147,#7148);
#6198=AXIS2_PLACEMENT_3D('',#8701,#7149,#7150);
#6199=AXIS2_PLACEMENT_3D('',#8702,#7151,#7152);
#6200=AXIS2_PLACEMENT_3D('',#8703,#7153,#7154);
#6201=AXIS2_PLACEMENT_3D('',#8714,#7155,#7156);
#6202=AXIS2_PLACEMENT_3D('',#8719,#7157,#7158);
#6203=AXIS2_PLACEMENT_3D('',#8724,#7159,#7160);
#6204=AXIS2_PLACEMENT_3D('',#8725,#7161,#7162);
#6205=AXIS2_PLACEMENT_3D('',#8728,#7165,#7166);
#6206=AXIS2_PLACEMENT_3D('',#8733,#7170,#7171);
#6207=AXIS2_PLACEMENT_3D('',#8735,#7173,#7174);
#6208=AXIS2_PLACEMENT_3D('',#8736,#7175,#7176);
#6209=AXIS2_PLACEMENT_3D('',#8742,#7181,#7182);
#6210=AXIS2_PLACEMENT_3D('',#8748,#7186,#7187);
#6211=AXIS2_PLACEMENT_3D('',#8756,#7192,#7193);
#6212=AXIS2_PLACEMENT_3D('',#8757,#7194,#7195);
#6213=AXIS2_PLACEMENT_3D('',#8762,#7198,#7199);
#6214=AXIS2_PLACEMENT_3D('',#8764,#7201,#7202);
#6215=AXIS2_PLACEMENT_3D('',#8773,#7208,#7209);
#6216=AXIS2_PLACEMENT_3D('',#8775,#7211,#7212);
#6217=AXIS2_PLACEMENT_3D('',#8777,#7214,#7215);
#6218=AXIS2_PLACEMENT_3D('',#8778,#7216,#7217);
#6219=AXIS2_PLACEMENT_3D('',#8784,#7221,#7222);
#6220=AXIS2_PLACEMENT_3D('',#8785,#7223,#7224);
#6221=AXIS2_PLACEMENT_3D('',#8786,#7225,#7226);
#6222=AXIS2_PLACEMENT_3D('',#8792,#7230,#7231);
#6223=AXIS2_PLACEMENT_3D('',#8796,#7234,#7235);
#6224=AXIS2_PLACEMENT_3D('',#8800,#7238,#7239);
#6225=AXIS2_PLACEMENT_3D('',#8802,#7241,#7242);
#6226=AXIS2_PLACEMENT_3D('',#8805,#7245,#7246);
#6227=AXIS2_PLACEMENT_3D('',#8806,#7247,#7248);
#6228=AXIS2_PLACEMENT_3D('',#8807,#7249,#7250);
#6229=AXIS2_PLACEMENT_3D('',#8808,#7251,#7252);
#6230=AXIS2_PLACEMENT_3D('',#8809,#7253,#7254);
#6231=AXIS2_PLACEMENT_3D('',#8810,#7255,#7256);
#6232=AXIS2_PLACEMENT_3D('',#8819,#7261,#7262);
#6233=AXIS2_PLACEMENT_3D('',#8825,#7266,#7267);
#6234=AXIS2_PLACEMENT_3D('',#8834,#7272,#7273);
#6235=AXIS2_PLACEMENT_3D('',#8835,#7274,#7275);
#6236=AXIS2_PLACEMENT_3D('',#8837,#7276,#7277);
#6237=AXIS2_PLACEMENT_3D('',#8839,#7278,#7279);
#6238=AXIS2_PLACEMENT_3D('',#8840,#7280,#7281);
#6239=AXIS2_PLACEMENT_3D('',#8842,#7282,#7283);
#6240=AXIS2_PLACEMENT_3D('',#8843,#7284,#7285);
#6241=AXIS2_PLACEMENT_3D('',#8845,#7286,#7287);
#6242=AXIS2_PLACEMENT_3D('',#8846,#7288,#7289);
#6243=AXIS2_PLACEMENT_3D('',#8851,#7291,#7292);
#6244=AXIS2_PLACEMENT_3D('',#8856,#7295,#7296);
#6245=AXIS2_PLACEMENT_3D('',#8862,#7300,#7301);
#6246=AXIS2_PLACEMENT_3D('',#8863,#7302,#7303);
#6247=AXIS2_PLACEMENT_3D('',#8865,#7304,#7305);
#6248=AXIS2_PLACEMENT_3D('',#8867,#7306,#7307);
#6249=AXIS2_PLACEMENT_3D('',#8868,#7308,#7309);
#6250=AXIS2_PLACEMENT_3D('',#8873,#7311,#7312);
#6251=AXIS2_PLACEMENT_3D('',#8876,#7314,#7315);
#6252=AXIS2_PLACEMENT_3D('',#8877,#7316,#7317);
#6253=AXIS2_PLACEMENT_3D('',#8881,#7319,#7320);
#6254=AXIS2_PLACEMENT_3D('',#8882,#7321,#7322);
#6255=AXIS2_PLACEMENT_3D('',#8883,#7323,#7324);
#6256=AXIS2_PLACEMENT_3D('',#8886,#7326,#7327);
#6257=AXIS2_PLACEMENT_3D('',#8890,#7329,#7330);
#6258=AXIS2_PLACEMENT_3D('',#8891,#7331,#7332);
#6259=AXIS2_PLACEMENT_3D('',#8894,#7334,#7335);
#6260=AXIS2_PLACEMENT_3D('',#8897,#7337,#7338);
#6261=AXIS2_PLACEMENT_3D('',#8901,#7341,#7342);
#6262=AXIS2_PLACEMENT_3D('',#8905,#7345,#7346);
#6263=AXIS2_PLACEMENT_3D('',#8906,#7347,#7348);
#6264=AXIS2_PLACEMENT_3D('',#8909,#7350,#7351);
#6265=AXIS2_PLACEMENT_3D('',#8910,#7352,#7353);
#6266=AXIS2_PLACEMENT_3D('',#8912,#7354,#7355);
#6267=AXIS2_PLACEMENT_3D('',#8914,#7356,#7357);
#6268=AXIS2_PLACEMENT_3D('',#8922,#7361,#7362);
#6269=AXIS2_PLACEMENT_3D('',#8924,#7363,#7364);
#6270=AXIS2_PLACEMENT_3D('',#8926,#7365,#7366);
#6271=AXIS2_PLACEMENT_3D('',#8927,#7367,#7368);
#6272=AXIS2_PLACEMENT_3D('',#8933,#7372,#7373);
#6273=AXIS2_PLACEMENT_3D('',#8942,#7378,#7379);
#6274=AXIS2_PLACEMENT_3D('',#8943,#7380,#7381);
#6275=AXIS2_PLACEMENT_3D('',#8952,#7385,#7386);
#6276=AXIS2_PLACEMENT_3D('',#8955,#7388,#7389);
#6277=AXIS2_PLACEMENT_3D('',#8964,#7394,#7395);
#6278=AXIS2_PLACEMENT_3D('',#8965,#7396,#7397);
#6279=AXIS2_PLACEMENT_3D('',#8974,#7402,#7403);
#6280=AXIS2_PLACEMENT_3D('',#8978,#7405,#7406);
#6281=AXIS2_PLACEMENT_3D('',#8979,#7407,#7408);
#6282=AXIS2_PLACEMENT_3D('',#8983,#7410,#7411);
#6283=AXIS2_PLACEMENT_3D('',#8984,#7412,#7413);
#6284=AXIS2_PLACEMENT_3D('',#8988,#7415,#7416);
#6285=AXIS2_PLACEMENT_3D('',#9005,#7425,#7426);
#6286=AXIS2_PLACEMENT_3D('',#9006,#7427,#7428);
#6287=AXIS2_PLACEMENT_3D('',#9015,#7433,#7434);
#6288=AXIS2_PLACEMENT_3D('',#9021,#7438,#7439);
#6289=AXIS2_PLACEMENT_3D('',#9027,#7443,#7444);
#6290=AXIS2_PLACEMENT_3D('',#9033,#7448,#7449);
#6291=AXIS2_PLACEMENT_3D('',#9036,#7451,#7452);
#6292=AXIS2_PLACEMENT_3D('',#9037,#7453,#7454);
#6293=AXIS2_PLACEMENT_3D('',#9040,#7456,#7457);
#6294=AXIS2_PLACEMENT_3D('',#9043,#7459,#7460);
#6295=AXIS2_PLACEMENT_3D('',#9049,#7464,#7465);
#6296=AXIS2_PLACEMENT_3D('',#9057,#7471,#7472);
#6297=AXIS2_PLACEMENT_3D('',#9076,#7483,#7484);
#6298=AXIS2_PLACEMENT_3D('',#9082,#7488,#7489);
#6299=AXIS2_PLACEMENT_3D('',#9091,#7494,#7495);
#6300=AXIS2_PLACEMENT_3D('',#9106,#7504,#7505);
#6301=AXIS2_PLACEMENT_3D('',#9112,#7509,#7510);
#6302=AXIS2_PLACEMENT_3D('',#9116,#7512,#7513);
#6303=AXIS2_PLACEMENT_3D('',#9118,#7515,#7516);
#6304=AXIS2_PLACEMENT_3D('',#9123,#7519,#7520);
#6305=AXIS2_PLACEMENT_3D('',#9124,#7521,#7522);
#6306=AXIS2_PLACEMENT_3D('',#9130,#7526,#7527);
#6307=AXIS2_PLACEMENT_3D('',#9131,#7528,#7529);
#6308=AXIS2_PLACEMENT_3D('',#9134,#7531,#7532);
#6309=AXIS2_PLACEMENT_3D('',#9135,#7533,#7534);
#6310=AXIS2_PLACEMENT_3D('',#9138,#7536,#7537);
#6311=AXIS2_PLACEMENT_3D('',#9139,#7538,#7539);
#6312=AXIS2_PLACEMENT_3D('',#9142,#7541,#7542);
#6313=AXIS2_PLACEMENT_3D('',#9146,#7545,#7546);
#6314=AXIS2_PLACEMENT_3D('',#9154,#7551,#7552);
#6315=AXIS2_PLACEMENT_3D('',#9162,#7557,#7558);
#6316=AXIS2_PLACEMENT_3D('',#9166,#7560,#7561);
#6317=AXIS2_PLACEMENT_3D('',#9168,#7563,#7564);
#6318=AXIS2_PLACEMENT_3D('',#9174,#7568,#7569);
#6319=AXIS2_PLACEMENT_3D('',#9178,#7572,#7573);
#6320=AXIS2_PLACEMENT_3D('',#9182,#7576,#7577);
#6321=AXIS2_PLACEMENT_3D('',#9186,#7580,#7581);
#6322=AXIS2_PLACEMENT_3D('',#9190,#7584,#7585);
#6323=AXIS2_PLACEMENT_3D('',#9194,#7588,#7589);
#6324=AXIS2_PLACEMENT_3D('',#9198,#7592,#7593);
#6325=AXIS2_PLACEMENT_3D('',#9199,#7594,#7595);
#6326=AXIS2_PLACEMENT_3D('',#9202,#7597,#7598);
#6327=AXIS2_PLACEMENT_3D('',#9206,#7601,#7602);
#6328=AXIS2_PLACEMENT_3D('',#9207,#7603,#7604);
#6329=AXIS2_PLACEMENT_3D('',#9210,#7606,#7607);
#6330=AXIS2_PLACEMENT_3D('',#9214,#7610,#7611);
#6331=AXIS2_PLACEMENT_3D('',#9219,#7615,#7616);
#6332=AXIS2_PLACEMENT_3D('',#9222,#7618,#7619);
#6333=AXIS2_PLACEMENT_3D('',#9223,#7620,#7621);
#6334=AXIS2_PLACEMENT_3D('',#9226,#7623,#7624);
#6335=AXIS2_PLACEMENT_3D('',#9227,#7625,#7626);
#6336=AXIS2_PLACEMENT_3D('',#9231,#7629,#7630);
#6337=AXIS2_PLACEMENT_3D('',#9235,#7633,#7634);
#6338=AXIS2_PLACEMENT_3D('',#9236,#7635,#7636);
#6339=AXIS2_PLACEMENT_3D('',#9240,#7639,#7640);
#6340=AXIS2_PLACEMENT_3D('',#9245,#7644,#7645);
#6341=AXIS2_PLACEMENT_3D('',#9246,#7646,#7647);
#6342=AXIS2_PLACEMENT_3D('',#9248,#7648,#7649);
#6343=AXIS2_PLACEMENT_3D('',#9249,#7650,#7651);
#6344=AXIS2_PLACEMENT_3D('',#9250,#7652,#7653);
#6345=AXIS2_PLACEMENT_3D('',#9254,#7656,#7657);
#6346=AXIS2_PLACEMENT_3D('',#9257,#7660,#7661);
#6347=AXIS2_PLACEMENT_3D('',#9263,#7665,#7666);
#6348=AXIS2_PLACEMENT_3D('',#9267,#7669,#7670);
#6349=AXIS2_PLACEMENT_3D('',#9270,#7672,#7673);
#6350=AXIS2_PLACEMENT_3D('',#9271,#7674,#7675);
#6351=AXIS2_PLACEMENT_3D('',#9274,#7677,#7678);
#6352=AXIS2_PLACEMENT_3D('',#9276,#7680,#7681);
#6353=AXIS2_PLACEMENT_3D('',#9279,#7683,#7684);
#6354=AXIS2_PLACEMENT_3D('',#9280,#7685,#7686);
#6355=AXIS2_PLACEMENT_3D('',#9283,#7688,#7689);
#6356=AXIS2_PLACEMENT_3D('',#9284,#7690,#7691);
#6357=AXIS2_PLACEMENT_3D('',#9288,#7694,#7695);
#6358=AXIS2_PLACEMENT_3D('',#9292,#7698,#7699);
#6359=AXIS2_PLACEMENT_3D('',#9296,#7702,#7703);
#6360=AXIS2_PLACEMENT_3D('',#9300,#7706,#7707);
#6361=AXIS2_PLACEMENT_3D('',#9302,#7709,#7710);
#6362=AXIS2_PLACEMENT_3D('',#9312,#7716,#7717);
#6363=AXIS2_PLACEMENT_3D('',#9319,#7722,#7723);
#6364=AXIS2_PLACEMENT_3D('',#9325,#7727,#7728);
#6365=AXIS2_PLACEMENT_3D('',#9328,#7731,#7732);
#6366=AXIS2_PLACEMENT_3D('',#9330,#7734,#7735);
#6367=AXIS2_PLACEMENT_3D('',#9332,#7737,#7738);
#6368=AXIS2_PLACEMENT_3D('',#9336,#7741,#7742);
#6369=AXIS2_PLACEMENT_3D('',#9338,#7744,#7745);
#6370=AXIS2_PLACEMENT_3D('',#9339,#7746,#7747);
#6371=AXIS2_PLACEMENT_3D('',#9340,#7748,#7749);
#6372=DIRECTION('',(0.,0.,1.));
#6373=DIRECTION('',(1.,0.,0.));
#6374=DIRECTION('',(-1.,0.,0.));
#6375=DIRECTION('',(0.,-0.707106781186548,-0.707106781186548));
#6376=DIRECTION('',(-1.,0.,0.));
#6377=DIRECTION('',(0.,0.,1.));
#6378=DIRECTION('',(1.,0.,0.));
#6379=DIRECTION('',(1.,0.,0.));
#6380=DIRECTION('',(0.,-1.,0.));
#6381=DIRECTION('',(-1.,0.,0.));
#6382=DIRECTION('',(0.,1.,0.));
#6383=DIRECTION('',(0.934049773615858,0.,0.357142857142858));
#6384=DIRECTION('',(9.11308066046483E-16,-1.,0.));
#6385=DIRECTION('',(1.,9.11308066046483E-16,0.));
#6386=DIRECTION('',(0.,1.,0.));
#6387=DIRECTION('',(0.,1.,0.));
#6388=DIRECTION('',(0.,0.,-1.));
#6389=DIRECTION('',(-1.,0.,0.));
#6390=DIRECTION('',(-1.,-9.11308066046483E-16,0.));
#6391=DIRECTION('',(0.,1.,0.));
#6392=DIRECTION('',(0.,0.,1.));
#6393=DIRECTION('',(1.,0.,0.));
#6394=DIRECTION('',(1.,0.,0.));
#6395=DIRECTION('',(0.,1.,0.));
#6396=DIRECTION('',(1.,0.,0.));
#6397=DIRECTION('',(0.,-0.739349132629545,0.673322255743815));
#6398=DIRECTION('',(0.,-0.673322255743815,-0.739349132629545));
#6399=DIRECTION('',(7.47537871319332E-16,-0.673322255743815,-0.739349132629545));
#6400=DIRECTION('',(1.,0.,0.));
#6401=DIRECTION('',(-2.15506413353321E-16,0.673322255743815,0.739349132629545));
#6402=DIRECTION('',(1.,0.,0.));
#6403=DIRECTION('',(1.0775320667666E-16,-0.673322255743815,-0.739349132629545));
#6404=DIRECTION('',(1.,0.,0.));
#6405=DIRECTION('',(0.,-0.739349132629545,0.673322255743815));
#6406=DIRECTION('',(0.,-0.673322255743815,-0.739349132629545));
#6407=DIRECTION('',(0.,-0.673322255743815,-0.739349132629545));
#6408=DIRECTION('',(-1.,0.,0.));
#6409=DIRECTION('',(0.,-0.739349132629545,0.673322255743815));
#6410=DIRECTION('',(0.,-0.673322255743815,-0.739349132629545));
#6411=DIRECTION('',(1.,-1.30461368341667E-16,-1.43254583822601E-16));
#6412=DIRECTION('',(0.,0.739349132629545,-0.673322255743815));
#6413=DIRECTION('',(3.73768935659666E-17,0.673322255743815,0.739349132629545));
#6414=DIRECTION('',(-1.,0.,0.));
#6415=DIRECTION('',(0.,-1.,0.));
#6416=DIRECTION('',(0.,0.,-1.));
#6417=DIRECTION('',(0.,0.,1.));
#6418=DIRECTION('',(-1.,0.,1.43254583822601E-16));
#6419=DIRECTION('',(0.,0.,1.));
#6420=DIRECTION('',(1.,0.,0.));
#6421=DIRECTION('',(0.,0.,-1.));
#6422=DIRECTION('',(-1.,-2.12857891678045E-15,0.));
#6423=DIRECTION('',(0.,0.,1.));
#6424=DIRECTION('',(0.,-1.,0.));
#6425=DIRECTION('',(0.,0.,-1.));
#6426=DIRECTION('',(0.488455131727925,0.,-0.872589012243826));
#6427=DIRECTION('',(1.,0.,0.));
#6428=DIRECTION('',(0.,0.,1.));
#6429=DIRECTION('',(-1.,0.,1.34473729481422E-16));
#6430=DIRECTION('',(0.,0.,1.));
#6431=DIRECTION('',(1.,0.,0.));
#6432=DIRECTION('',(0.,0.,-1.));
#6433=DIRECTION('',(1.,1.34387178096525E-15,0.));
#6434=DIRECTION('',(0.,0.,1.));
#6435=DIRECTION('',(1.,0.,-1.34473729481422E-16));
#6436=DIRECTION('',(0.,0.,-1.));
#6437=DIRECTION('',(1.,3.51123218698653E-15,0.));
#6438=DIRECTION('',(0.,0.,1.));
#6439=DIRECTION('',(1.,-5.07530525542928E-15,0.));
#6440=DIRECTION('',(0.,0.,-1.));
#6441=DIRECTION('',(9.05441548727144E-17,0.739349132629545,0.673322255743815));
#6442=DIRECTION('',(8.24581945291339E-17,0.673322255743815,-0.739349132629545));
#6443=DIRECTION('',(-1.,1.22464679914735E-16,0.));
#6444=DIRECTION('',(-9.05441548727144E-17,-0.739349132629545,-0.673322255743815));
#6445=DIRECTION('',(9.34422339149164E-17,0.673322255743815,-0.739349132629545));
#6446=DIRECTION('',(5.70413179178434E-16,-0.673322255743815,0.739349132629545));
#6447=DIRECTION('',(-2.15506413353321E-16,0.673322255743815,-0.739349132629545));
#6448=DIRECTION('',(0.,0.,1.));
#6449=DIRECTION('',(0.707106781186546,0.707106781186549,0.));
#6450=DIRECTION('',(0.,0.,1.));
#6451=DIRECTION('',(0.707106781186547,0.707106781186548,0.));
#6452=DIRECTION('',(0.,0.,-1.));
#6453=DIRECTION('',(0.,0.,1.));
#6454=DIRECTION('',(0.707106781186546,0.707106781186549,0.));
#6455=DIRECTION('',(0.,0.,1.));
#6456=DIRECTION('',(0.,0.,-1.));
#6457=DIRECTION('',(-1.,0.,0.));
#6458=DIRECTION('',(1.,0.,0.));
#6459=DIRECTION('',(0.,0.,1.));
#6460=DIRECTION('',(0.,0.,-1.));
#6461=DIRECTION('',(0.707106781186547,0.707106781186548,0.));
#6462=DIRECTION('',(0.,0.,1.));
#6463=DIRECTION('',(1.,0.,0.));
#6464=DIRECTION('',(5.63188825734293E-16,-1.,0.));
#6465=DIRECTION('',(-1.,4.44089209850062E-16,0.));
#6466=DIRECTION('',(0.,0.,-1.));
#6467=DIRECTION('',(0.707106781186549,-0.707106781186546,0.));
#6468=DIRECTION('',(-1.11022302462516E-15,1.,0.));
#6469=DIRECTION('',(1.,-4.44089209850062E-16,0.));
#6470=DIRECTION('',(0.,-1.,0.));
#6471=DIRECTION('',(-1.,-5.70971841235796E-16,0.));
#6472=DIRECTION('',(0.,0.,-1.));
#6473=DIRECTION('',(-1.,0.,0.));
#6474=DIRECTION('',(-1.,0.,0.));
#6475=DIRECTION('',(0.,0.,1.));
#6476=DIRECTION('',(0.,0.,1.));
#6477=DIRECTION('',(0.707106781186549,-0.707106781186546,0.));
#6478=DIRECTION('',(0.,0.,-1.));
#6479=DIRECTION('',(0.707106781186548,-0.707106781186547,0.));
#6480=DIRECTION('',(0.,0.,-1.));
#6481=DIRECTION('',(0.,0.,1.));
#6482=DIRECTION('',(0.707106781186548,-0.707106781186547,0.));
#6483=DIRECTION('',(0.,0.,1.));
#6484=DIRECTION('',(-1.,0.,0.));
#6485=DIRECTION('',(0.,-1.,0.));
#6486=DIRECTION('',(3.20064295387433E-16,-1.,0.));
#6487=DIRECTION('',(3.20064295387432E-16,-1.,0.));
#6488=DIRECTION('',(0.,0.,1.));
#6489=DIRECTION('',(-3.20064295387433E-16,1.,0.));
#6490=DIRECTION('',(0.,0.,1.));
#6491=DIRECTION('',(0.,1.,0.));
#6492=DIRECTION('',(1.,0.,-3.2627210314017E-32));
#6493=DIRECTION('',(0.,0.,1.));
#6494=DIRECTION('',(-0.188395655683846,0.,0.982093211930239));
#6495=DIRECTION('',(1.07321559047099E-15,-1.,0.));
#6496=DIRECTION('',(1.,0.,0.));
#6497=DIRECTION('',(1.,1.07321559047099E-15,-3.2627210314017E-32));
#6498=DIRECTION('',(1.,1.07321559047099E-15,-3.2627210314017E-32));
#6499=DIRECTION('',(0.,0.,1.));
#6500=DIRECTION('',(-1.,-7.07917912816469E-16,0.));
#6501=DIRECTION('',(0.,0.,1.));
#6502=DIRECTION('',(-1.,-6.73800842909479E-16,0.));
#6503=DIRECTION('',(1.,0.,0.));
#6504=DIRECTION('',(0.,1.,0.));
#6505=DIRECTION('',(0.,0.,-1.));
#6506=DIRECTION('',(-1.60032147693716E-16,1.,0.));
#6507=DIRECTION('',(-1.60032147693716E-16,1.,-2.26847935262084E-17));
#6508=DIRECTION('',(0.,0.,-1.));
#6509=DIRECTION('',(0.,0.,1.));
#6510=DIRECTION('',(-1.27442487473972E-16,1.,0.));
#6511=DIRECTION('',(0.,-1.,0.));
#6512=DIRECTION('',(0.,0.,-1.));
#6513=DIRECTION('',(0.,-1.,0.));
#6514=DIRECTION('',(9.11308066046483E-16,-1.,0.));
#6515=DIRECTION('',(-1.,-9.11308066046483E-16,0.));
#6516=DIRECTION('',(0.,-1.,0.));
#6517=DIRECTION('',(-1.,0.,0.));
#6518=DIRECTION('',(0.,0.,-1.));
#6519=DIRECTION('',(0.,0.,1.));
#6520=DIRECTION('',(0.,-1.,0.));
#6521=DIRECTION('',(0.,0.,-1.));
#6522=DIRECTION('',(0.,1.,0.));
#6523=DIRECTION('',(0.,0.,1.));
#6524=DIRECTION('',(0.,-1.,0.));
#6525=DIRECTION('',(0.,0.,1.));
#6526=DIRECTION('',(0.,-1.,0.));
#6527=DIRECTION('',(0.,0.,1.));
#6528=DIRECTION('',(0.,-1.,0.));
#6529=DIRECTION('',(0.,-0.673322255743815,-0.739349132629545));
#6530=DIRECTION('',(0.,0.739349132629547,-0.673322255743813));
#6531=DIRECTION('',(0.,0.,-1.));
#6532=DIRECTION('',(0.,-1.,0.));
#6533=DIRECTION('',(0.,0.,-1.));
#6534=DIRECTION('',(0.,1.,0.));
#6535=DIRECTION('',(0.,0.673322255743813,0.739349132629547));
#6536=DIRECTION('',(0.,-0.739349132629547,0.673322255743813));
#6537=DIRECTION('',(1.,0.,0.));
#6538=DIRECTION('',(0.,-0.673322255743813,-0.739349132629547));
#6539=DIRECTION('',(-1.23126364542294E-16,0.739349132629547,-0.673322255743813));
#6540=DIRECTION('',(-1.,-1.57302319046982E-16,1.43254583822601E-16));
#6541=DIRECTION('',(0.,0.673322255743813,0.739349132629547));
#6542=DIRECTION('',(0.,0.739349132629547,-0.673322255743813));
#6543=DIRECTION('',(0.,1.,0.));
#6544=DIRECTION('',(1.,0.,0.));
#6545=DIRECTION('',(0.,-1.,0.));
#6546=DIRECTION('',(-3.70074341541719E-17,1.,0.));
#6547=DIRECTION('',(1.,3.70074341541719E-17,0.));
#6548=DIRECTION('',(-3.70074341541719E-17,1.,0.));
#6549=DIRECTION('',(1.,3.70074341541719E-17,0.));
#6550=DIRECTION('',(0.,1.,0.));
#6551=DIRECTION('',(0.,1.,0.));
#6552=DIRECTION('',(-3.70074341541719E-17,1.,0.));
#6553=DIRECTION('',(1.,3.70074341541719E-17,0.));
#6554=DIRECTION('',(0.,0.,-1.));
#6555=DIRECTION('',(-1.,0.,0.));
#6556=DIRECTION('',(-1.43254583822601E-16,0.,-1.));
#6557=DIRECTION('',(1.,8.40139546819836E-16,0.));
#6558=DIRECTION('',(1.43254583822601E-16,0.,1.));
#6559=DIRECTION('',(-0.55,0.835164654424503,7.87900211024306E-17));
#6560=DIRECTION('',(0.,0.,1.));
#6561=DIRECTION('',(-0.55,0.835164654424503,0.));
#6562=DIRECTION('',(0.,0.,-1.));
#6563=DIRECTION('',(1.,8.40139546819836E-16,0.));
#6564=DIRECTION('',(0.,0.,1.));
#6565=DIRECTION('',(0.,0.,-1.));
#6566=DIRECTION('',(1.,8.40139546819836E-16,0.));
#6567=DIRECTION('',(0.,0.,-1.));
#6568=DIRECTION('',(9.86864910777915E-16,0.,1.));
#6569=DIRECTION('',(1.,8.40139546819836E-16,0.));
#6570=DIRECTION('',(0.,0.,-1.));
#6571=DIRECTION('',(0.,0.,-1.));
#6572=DIRECTION('',(-1.43254583822601E-16,0.,-1.));
#6573=DIRECTION('',(1.,8.40139546819836E-16,0.));
#6574=DIRECTION('',(0.,0.,1.));
#6575=DIRECTION('',(0.,0.,1.));
#6576=DIRECTION('',(0.,0.,-1.));
#6577=DIRECTION('',(1.,8.40139546819836E-16,0.));
#6578=DIRECTION('',(0.,0.,1.));
#6579=DIRECTION('',(0.,0.,1.));
#6580=DIRECTION('',(0.,0.,-1.));
#6581=DIRECTION('',(1.,8.40139546819836E-16,0.));
#6582=DIRECTION('',(0.,0.,-1.));
#6583=DIRECTION('',(-1.,0.,0.));
#6584=DIRECTION('',(5.63188825734293E-16,-1.,0.));
#6585=DIRECTION('',(-1.,0.,0.));
#6586=DIRECTION('',(0.,1.,0.));
#6587=DIRECTION('',(-1.,0.,0.));
#6588=DIRECTION('',(0.,1.,0.));
#6589=DIRECTION('',(1.,2.47600100651006E-16,0.));
#6590=DIRECTION('',(0.,1.,0.));
#6591=DIRECTION('',(0.,0.,1.));
#6592=DIRECTION('',(-0.707106781186545,0.70710678118655,0.));
#6593=DIRECTION('',(1.,0.,0.));
#6594=DIRECTION('',(0.,1.,0.));
#6595=DIRECTION('',(-1.,-2.77555756156289E-16,0.));
#6596=DIRECTION('',(0.,1.,0.));
#6597=DIRECTION('',(-1.,0.,0.));
#6598=DIRECTION('',(0.,1.,0.));
#6599=DIRECTION('',(-1.,0.,0.));
#6600=DIRECTION('',(1.,-5.07530525542928E-15,0.));
#6601=DIRECTION('',(0.,0.,1.));
#6602=DIRECTION('',(-1.,5.07530525542928E-15,0.));
#6603=DIRECTION('',(0.,0.,1.));
#6604=DIRECTION('',(0.,0.,-1.));
#6605=DIRECTION('',(-1.,5.07530525542928E-15,0.));
#6606=DIRECTION('',(0.,0.,1.));
#6607=DIRECTION('',(0.,0.,-1.));
#6608=DIRECTION('',(-1.,5.07530525542928E-15,0.));
#6609=DIRECTION('',(0.,0.,-1.));
#6610=DIRECTION('',(-1.,5.07530525542928E-15,0.));
#6611=DIRECTION('',(0.,0.,1.));
#6612=DIRECTION('',(-1.,5.07530525542928E-15,0.));
#6613=DIRECTION('',(1.,0.,0.));
#6614=DIRECTION('',(0.,1.,0.));
#6615=DIRECTION('',(-5.07530525542928E-15,-1.,0.));
#6616=DIRECTION('',(5.07530525542928E-15,1.,0.));
#6617=DIRECTION('',(-1.,0.,0.));
#6618=DIRECTION('',(0.,0.,1.));
#6619=DIRECTION('',(0.,0.,-1.));
#6620=DIRECTION('',(-5.63188825734293E-16,1.,0.));
#6621=DIRECTION('',(0.,0.,-1.));
#6622=DIRECTION('',(-1.,-5.63188825734293E-16,0.));
#6623=DIRECTION('',(0.,0.707106781186548,0.707106781186547));
#6624=DIRECTION('',(0.,0.,-1.));
#6625=DIRECTION('',(6.72353716755331E-16,-1.,0.));
#6626=DIRECTION('',(0.,1.,0.));
#6627=DIRECTION('',(1.,0.,-2.12339145627879E-32));
#6628=DIRECTION('',(0.488455131727924,2.78894125923766E-16,-0.872589012243826));
#6629=DIRECTION('',(0.,0.,-1.));
#6630=DIRECTION('',(-1.,-1.30177472455144E-16,0.));
#6631=DIRECTION('',(-1.,0.,0.));
#6632=DIRECTION('',(0.,1.,-2.26847935262084E-17));
#6633=DIRECTION('',(8.88178419700126E-16,-1.,-1.58666513995006E-15));
#6634=DIRECTION('',(2.8715542892561E-15,-1.,0.));
#6635=DIRECTION('',(7.62150578780326E-16,-1.,0.));
#6636=DIRECTION('',(0.872589012243826,0.,0.488455131727925));
#6637=DIRECTION('',(0.488455131727925,0.,-0.872589012243826));
#6638=DIRECTION('',(0.488455131727925,-2.16917653496262E-16,-0.872589012243826));
#6639=DIRECTION('',(-1.22464679914735E-16,-1.,0.));
#6640=DIRECTION('',(-0.872589012243826,0.,-0.488455131727925));
#6641=DIRECTION('',(-0.488455131727925,-4.33835306992525E-16,0.872589012243826));
#6642=DIRECTION('',(-1.22464679914735E-16,-1.,0.));
#6643=DIRECTION('',(-0.872589012243826,0.,-0.488455131727925));
#6644=DIRECTION('',(-0.488455131727925,5.4493223199076E-16,0.872589012243826));
#6645=DIRECTION('',(1.,0.,0.));
#6646=DIRECTION('',(0.,0.,-1.));
#6647=DIRECTION('',(-8.47162223307623E-16,1.,0.));
#6648=DIRECTION('',(-5.70413179178434E-16,0.673322255743815,-0.739349132629545));
#6649=DIRECTION('',(-9.05441548727144E-17,-0.739349132629545,-0.673322255743815));
#6650=DIRECTION('',(-8.24581945291338E-17,-0.673322255743815,0.739349132629545));
#6651=DIRECTION('',(1.,-1.22464679914735E-16,0.));
#6652=DIRECTION('',(2.15506413353321E-16,-0.673322255743815,0.739349132629545));
#6653=DIRECTION('',(-1.,0.,0.));
#6654=DIRECTION('',(0.,-1.,0.));
#6655=DIRECTION('',(3.20064295387433E-16,-1.,0.));
#6656=DIRECTION('',(0.,0.,1.));
#6657=DIRECTION('',(0.766130877682874,-0.642684586917151,0.));
#6658=DIRECTION('',(0.,0.,1.));
#6659=DIRECTION('',(0.766130877682874,-0.642684586917151,0.));
#6660=DIRECTION('',(0.,0.,1.));
#6661=DIRECTION('',(0.,0.,1.));
#6662=DIRECTION('',(3.20064295387432E-16,-1.,0.));
#6663=DIRECTION('',(0.,0.,1.));
#6664=DIRECTION('',(1.,0.,0.));
#6665=DIRECTION('',(0.,-1.,0.));
#6666=DIRECTION('',(1.,0.,0.));
#6667=DIRECTION('',(-1.,4.44089209850062E-16,0.));
#6668=DIRECTION('',(1.,-4.44089209850062E-16,0.));
#6669=DIRECTION('',(1.,0.,0.));
#6670=DIRECTION('',(0.,-0.707106781186548,0.707106781186547));
#6671=DIRECTION('',(-1.,0.,0.));
#6672=DIRECTION('',(0.,0.707106781186548,0.707106781186547));
#6673=DIRECTION('',(1.,-4.44089209850062E-16,0.));
#6674=DIRECTION('',(0.,1.,0.));
#6675=DIRECTION('',(1.,0.,-2.12339145627879E-32));
#6676=DIRECTION('',(-1.,-8.45884209238211E-16,2.74702448687237E-32));
#6677=DIRECTION('',(-1.,0.,0.));
#6678=DIRECTION('',(0.,-1.,0.));
#6679=DIRECTION('',(0.,-1.,0.));
#6680=DIRECTION('',(0.,0.,1.));
#6681=DIRECTION('',(0.,0.,1.));
#6682=DIRECTION('',(0.,-1.,0.));
#6683=DIRECTION('',(1.,0.,0.));
#6684=DIRECTION('',(1.,2.77555756156289E-16,0.));
#6685=DIRECTION('',(0.,0.,1.));
#6686=DIRECTION('',(-1.,0.,0.));
#6687=DIRECTION('',(0.,0.,1.));
#6688=DIRECTION('',(0.,-1.,0.));
#6689=DIRECTION('',(0.,0.,-1.));
#6690=DIRECTION('',(0.,1.,0.));
#6691=DIRECTION('',(1.,0.,0.));
#6692=DIRECTION('',(1.,0.,0.));
#6693=DIRECTION('',(0.,0.,1.));
#6694=DIRECTION('',(-1.,0.,0.));
#6695=DIRECTION('',(-0.707106781186549,0.,0.707106781186546));
#6696=DIRECTION('',(-0.707106781186548,0.,0.707106781186548));
#6697=DIRECTION('',(-0.5,0.707106781186544,-0.5));
#6698=DIRECTION('',(0.,0.,-1.));
#6699=DIRECTION('',(-1.,-1.40186826668194E-16,0.));
#6700=DIRECTION('',(-0.923879532511286,0.,0.382683432365091));
#6701=DIRECTION('',(-0.382683432365091,0.,-0.923879532511286));
#6702=DIRECTION('',(0.707106781186549,0.,-0.707106781186546));
#6703=DIRECTION('',(0.707106781186548,0.,0.707106781186548));
#6704=DIRECTION('',(0.707106781186548,0.,-0.707106781186548));
#6705=DIRECTION('',(-4.44089209850063E-16,1.,0.));
#6706=DIRECTION('',(4.44089209850063E-16,-1.,0.));
#6707=DIRECTION('',(-0.707106781186549,0.,0.707106781186546));
#6708=DIRECTION('',(0.707106781186548,0.,-0.707106781186548));
#6709=DIRECTION('',(-0.5,-0.707106781186548,-0.5));
#6710=DIRECTION('',(0.,0.,-1.));
#6711=DIRECTION('',(-1.,0.,0.));
#6712=DIRECTION('',(0.,0.,1.));
#6713=DIRECTION('',(-1.,0.,0.));
#6714=DIRECTION('',(0.707106781186549,0.,-0.707106781186546));
#6715=DIRECTION('',(0.,-1.,0.));
#6716=DIRECTION('',(-1.,0.,0.));
#6717=DIRECTION('',(-1.,0.,0.));
#6718=DIRECTION('',(1.,0.,0.));
#6719=DIRECTION('',(0.,0.,-1.));
#6720=DIRECTION('',(-1.,0.,0.));
#6721=DIRECTION('',(0.,0.,1.));
#6722=DIRECTION('',(-1.,0.,0.));
#6723=DIRECTION('',(0.,0.,1.));
#6724=DIRECTION('',(0.,1.,0.));
#6725=DIRECTION('',(0.,1.,0.));
#6726=DIRECTION('',(0.,0.,-1.));
#6727=DIRECTION('',(0.,-1.,0.));
#6728=DIRECTION('',(0.,0.,-1.));
#6729=DIRECTION('',(0.,-1.,0.));
#6730=DIRECTION('',(0.,0.,-1.));
#6731=DIRECTION('',(1.,0.,0.));
#6732=DIRECTION('',(1.,0.,0.));
#6733=DIRECTION('',(0.,-1.,0.));
#6734=DIRECTION('',(0.70710678118655,0.,-0.707106781186545));
#6735=DIRECTION('',(-1.,0.,0.));
#6736=DIRECTION('',(8.88178419700126E-16,-1.,0.));
#6737=DIRECTION('',(-0.707106781186548,0.,-0.707106781186548));
#6738=DIRECTION('',(0.,0.,-1.));
#6739=DIRECTION('',(0.,-1.,0.));
#6740=DIRECTION('',(-0.707106781186548,0.,0.707106781186548));
#6741=DIRECTION('',(0.,-1.,0.));
#6742=DIRECTION('',(-0.707106781186548,0.,0.707106781186548));
#6743=DIRECTION('',(0.,-1.,0.));
#6744=DIRECTION('',(-0.707106781186548,0.,0.707106781186548));
#6745=DIRECTION('',(0.,-1.,0.));
#6746=DIRECTION('',(0.,1.,0.));
#6747=DIRECTION('',(1.,0.,-3.2627210314017E-32));
#6748=DIRECTION('',(-1.,-3.70074341541719E-17,0.));
#6749=DIRECTION('',(2.22044604925032E-15,0.,1.));
#6750=DIRECTION('',(0.,1.,0.));
#6751=DIRECTION('',(-1.,0.,0.));
#6752=DIRECTION('',(0.,0.,-1.));
#6753=DIRECTION('',(-1.,0.,9.86864910777915E-16));
#6754=DIRECTION('',(0.,0.,1.));
#6755=DIRECTION('',(-1.,0.,0.));
#6756=DIRECTION('',(0.,0.,1.));
#6757=DIRECTION('',(0.,1.,0.));
#6758=DIRECTION('',(0.,-1.,0.));
#6759=DIRECTION('',(-1.,0.,0.));
#6760=DIRECTION('',(0.,1.,0.));
#6761=DIRECTION('',(0.,-1.,0.));
#6762=DIRECTION('',(0.,-1.,0.));
#6763=DIRECTION('',(0.,0.,1.));
#6764=DIRECTION('',(0.,0.,1.));
#6765=DIRECTION('',(-0.55,0.835164654424503,0.));
#6766=DIRECTION('',(0.,0.,1.));
#6767=DIRECTION('',(-0.55,0.835164654424503,0.));
#6768=DIRECTION('',(1.43254583822601E-16,0.,1.));
#6769=DIRECTION('',(-0.55,0.835164654424503,7.87900211024306E-17));
#6770=DIRECTION('',(0.,-0.739349132629545,0.673322255743815));
#6771=DIRECTION('',(0.,0.673322255743815,0.739349132629545));
#6772=DIRECTION('',(0.,0.739349132629545,-0.673322255743815));
#6773=DIRECTION('',(0.,0.673322255743815,0.739349132629545));
#6774=DIRECTION('',(1.,4.04430241859165E-15,4.4408920985006E-15));
#6775=DIRECTION('',(0.,0.673322255743815,0.739349132629545));
#6776=DIRECTION('',(1.,1.07321559047099E-15,1.17845654019363E-15));
#6777=DIRECTION('',(0.,0.739349132629545,-0.673322255743815));
#6778=DIRECTION('',(0.,-0.673322255743815,-0.739349132629545));
#6779=DIRECTION('',(-1.,0.,0.));
#6780=DIRECTION('',(-1.0775320667666E-16,0.673322255743815,0.739349132629545));
#6781=DIRECTION('',(-1.,0.,0.));
#6782=DIRECTION('',(2.15506413353321E-16,-0.673322255743815,-0.739349132629545));
#6783=DIRECTION('',(-1.,0.,0.));
#6784=DIRECTION('',(-1.,0.,0.));
#6785=DIRECTION('',(0.,-1.,0.));
#6786=DIRECTION('',(3.20064295387433E-16,-1.,0.));
#6787=DIRECTION('',(0.,0.,1.));
#6788=DIRECTION('',(0.,1.,0.));
#6789=DIRECTION('',(1.,0.,-3.2627210314017E-32));
#6790=DIRECTION('',(-1.,0.,0.));
#6791=DIRECTION('',(0.,0.,1.));
#6792=DIRECTION('',(1.,0.,0.));
#6793=DIRECTION('',(0.,1.,0.));
#6794=DIRECTION('',(-1.60032147693716E-16,1.,0.));
#6795=DIRECTION('',(0.,-1.,0.));
#6796=DIRECTION('',(0.,0.,-1.));
#6797=DIRECTION('',(0.,-1.,0.));
#6798=DIRECTION('',(0.,-1.,0.));
#6799=DIRECTION('',(-3.70074341541719E-17,1.,-3.08148791101958E-33));
#6800=DIRECTION('',(-0.631961232988224,-2.3387263717801E-17,-0.775));
#6801=DIRECTION('',(-3.70074341541719E-17,1.,0.));
#6802=DIRECTION('',(0.,0.,1.));
#6803=DIRECTION('',(3.70074341541719E-17,-1.,0.));
#6804=DIRECTION('',(-1.,-3.70074341541719E-17,0.));
#6805=DIRECTION('',(-3.70074341541719E-17,1.,0.));
#6806=DIRECTION('',(1.,3.70074341541719E-17,0.));
#6807=DIRECTION('',(1.77635683940025E-16,6.57384087684177E-33,-1.));
#6808=DIRECTION('',(-1.,-3.70074341541719E-17,0.));
#6809=DIRECTION('',(1.,3.70074341541719E-17,8.40331896416252E-15));
#6810=DIRECTION('',(0.,0.,1.));
#6811=DIRECTION('',(-1.,-3.70074341541719E-17,-4.4408920985006E-15));
#6812=DIRECTION('',(1.,0.,0.));
#6813=DIRECTION('',(0.,-6.57384087684177E-33,1.));
#6814=DIRECTION('',(-1.77635683940025E-16,-1.90641385428411E-31,1.));
#6815=DIRECTION('',(0.,-1.,0.));
#6816=DIRECTION('',(0.,1.,0.));
#6817=DIRECTION('',(0.,1.,0.));
#6818=DIRECTION('',(0.707106781186548,0.,0.707106781186548));
#6819=DIRECTION('',(0.,1.,0.));
#6820=DIRECTION('',(0.,-1.,0.));
#6821=DIRECTION('',(0.707106781186548,0.,0.707106781186548));
#6822=DIRECTION('',(0.,1.,0.));
#6823=DIRECTION('',(0.,1.,0.));
#6824=DIRECTION('',(0.707106781186548,0.,0.707106781186548));
#6825=DIRECTION('',(-1.,0.,0.));
#6826=DIRECTION('',(0.,0.,1.));
#6827=DIRECTION('',(0.,0.,1.));
#6828=DIRECTION('',(0.,-1.,0.));
#6829=DIRECTION('',(-3.62777101004276E-16,0.,-1.));
#6830=DIRECTION('',(0.,-1.,0.));
#6831=DIRECTION('',(0.,0.,-1.));
#6832=DIRECTION('',(0.,1.,0.));
#6833=DIRECTION('',(0.,0.,-1.));
#6834=DIRECTION('',(0.,1.,0.));
#6835=DIRECTION('',(0.,-1.,0.));
#6836=DIRECTION('',(-1.,0.,2.89543715521076E-32));
#6837=DIRECTION('',(-8.45884209238214E-16,-7.70861102820136E-31,1.));
#6838=DIRECTION('',(9.11308066046483E-16,-1.,0.));
#6839=DIRECTION('',(1.,9.11308066046483E-16,0.));
#6840=DIRECTION('',(0.,0.,-1.));
#6841=DIRECTION('',(1.,1.38843023369699E-15,0.));
#6842=DIRECTION('',(-1.,-9.11308066046483E-16,2.89543715521076E-32));
#6843=DIRECTION('',(9.11308066046483E-16,-1.,0.));
#6844=DIRECTION('',(0.,0.,1.));
#6845=DIRECTION('',(1.,9.11308066046483E-16,0.));
#6846=DIRECTION('',(0.,0.,1.));
#6847=DIRECTION('',(0.,1.,0.));
#6848=DIRECTION('',(1.,0.,0.));
#6849=DIRECTION('',(1.,3.20064295387432E-16,0.));
#6850=DIRECTION('',(-1.,-1.43028732001259E-15,0.));
#6851=DIRECTION('',(0.,0.,1.));
#6852=DIRECTION('',(-1.,0.,0.));
#6853=DIRECTION('',(0.,1.,0.));
#6854=DIRECTION('',(-1.,-3.20064295387432E-16,0.));
#6855=DIRECTION('',(0.,0.,-1.));
#6856=DIRECTION('',(3.20064295387432E-16,-1.,3.23478475416482E-31));
#6857=DIRECTION('',(0.,0.,1.));
#6858=DIRECTION('',(-2.35047216925146E-16,-1.,0.));
#6859=DIRECTION('',(-6.37270873851763E-16,1.,0.));
#6860=DIRECTION('',(0.,0.,-1.));
#6861=DIRECTION('',(0.,-1.,0.));
#6862=DIRECTION('',(-1.,0.,0.));
#6863=DIRECTION('',(1.,1.11022302462516E-15,1.01066716931021E-15));
#6864=DIRECTION('',(0.,0.,1.));
#6865=DIRECTION('',(-1.,-1.11022302462516E-15,0.));
#6866=DIRECTION('',(0.660022871862678,0.751245504890474,0.));
#6867=DIRECTION('',(-0.751245504890474,0.660022871862678,1.07619362151685E-16));
#6868=DIRECTION('',(-0.751245504890474,0.660022871862678,0.));
#6869=DIRECTION('',(-0.751245504890472,0.66002287186268,-7.59259167884671E-16));
#6870=DIRECTION('',(0.,0.,1.));
#6871=DIRECTION('',(0.,0.,-1.));
#6872=DIRECTION('',(0.996037248993136,-0.0889370486253391,0.));
#6873=DIRECTION('',(0.,0.,1.));
#6874=DIRECTION('',(0.996037248993136,-0.0889370486253391,0.));
#6875=DIRECTION('',(-1.01066716931021E-15,0.,1.));
#6876=DIRECTION('',(-0.66002287186268,-0.751245504890472,-5.86218071296933E-16));
#6877=DIRECTION('',(-8.88178419700125E-16,0.,1.));
#6878=DIRECTION('',(0.,0.,-1.));
#6879=DIRECTION('',(-0.91036654394393,0.413802798042237,0.));
#6880=DIRECTION('',(1.01066716931021E-15,0.,-1.));
#6881=DIRECTION('',(1.,1.48029736616687E-15,0.));
#6882=DIRECTION('',(0.,0.,1.));
#6883=DIRECTION('',(0.,0.,-1.));
#6884=DIRECTION('',(0.859377914992402,-0.511340981364991,0.));
#6885=DIRECTION('',(0.,0.,-1.));
#6886=DIRECTION('',(1.,1.48029736616687E-15,0.));
#6887=DIRECTION('',(0.,0.,-1.));
#6888=DIRECTION('',(8.88178419700126E-16,-1.,0.));
#6889=DIRECTION('',(0.,0.,1.));
#6890=DIRECTION('',(8.88178419700126E-16,-1.,0.));
#6891=DIRECTION('',(0.,0.,-1.));
#6892=DIRECTION('',(8.88178419700126E-16,-1.,0.));
#6893=DIRECTION('',(1.,0.,0.));
#6894=DIRECTION('',(0.,1.,0.));
#6895=DIRECTION('',(-1.00613961606655E-13,1.,0.));
#6896=DIRECTION('',(5.07530525542928E-15,1.,0.));
#6897=DIRECTION('',(0.,0.,-1.));
#6898=DIRECTION('',(-0.188395655683519,0.,0.982093211930302));
#6899=DIRECTION('',(0.,1.,0.));
#6900=DIRECTION('',(0.,-1.,0.));
#6901=DIRECTION('',(0.,1.,0.));
#6902=DIRECTION('',(-0.28867513459481,0.,0.957427107756339));
#6903=DIRECTION('',(-3.70074341541719E-17,1.,0.));
#6904=DIRECTION('',(1.,3.70074341541719E-17,0.));
#6905=DIRECTION('',(-3.70074341541719E-17,1.,0.));
#6906=DIRECTION('',(1.,3.70074341541719E-17,0.));
#6907=DIRECTION('',(1.07321559047099E-15,-1.,0.));
#6908=DIRECTION('',(1.,0.,0.));
#6909=DIRECTION('',(-8.28153623507479E-33,-2.26847935262084E-17,-1.));
#6910=DIRECTION('',(-1.,0.,8.28153623507479E-33));
#6911=DIRECTION('',(0.,-1.,0.));
#6912=DIRECTION('',(1.,0.,-8.28153623507479E-33));
#6913=DIRECTION('',(0.,1.,0.));
#6914=DIRECTION('',(1.,1.07321559047099E-15,-3.2627210314017E-32));
#6915=DIRECTION('',(0.,1.,0.));
#6916=DIRECTION('',(8.28153623507479E-33,2.26847935262084E-17,1.));
#6917=DIRECTION('',(1.,6.3441315692866E-16,0.));
#6918=DIRECTION('',(9.9348816521267E-16,-1.,0.));
#6919=DIRECTION('',(-1.,0.,0.));
#6920=DIRECTION('',(0.,-1.,0.));
#6921=DIRECTION('',(5.07530525542928E-15,1.,0.));
#6922=DIRECTION('',(0.,0.,1.));
#6923=DIRECTION('',(-5.07530525542928E-15,-1.,0.));
#6924=DIRECTION('',(0.,0.,1.));
#6925=DIRECTION('',(1.,0.,0.));
#6926=DIRECTION('',(0.,0.,-1.));
#6927=DIRECTION('',(-1.,5.07530525542928E-15,0.));
#6928=DIRECTION('',(1.,-5.07530525542928E-15,0.));
#6929=DIRECTION('',(-4.75809867696508E-16,1.,0.));
#6930=DIRECTION('',(-1.,5.07530525542928E-15,0.));
#6931=DIRECTION('',(0.,0.,-1.));
#6932=DIRECTION('',(-1.,5.07530525542928E-15,0.));
#6933=DIRECTION('',(0.,0.,1.));
#6934=DIRECTION('',(0.,0.,-1.));
#6935=DIRECTION('',(-1.,5.07530525542928E-15,0.));
#6936=DIRECTION('',(0.,0.,1.));
#6937=DIRECTION('',(-1.,5.07530525542928E-15,0.));
#6938=DIRECTION('',(0.,0.,1.));
#6939=DIRECTION('',(-1.,5.07530525542928E-15,0.));
#6940=DIRECTION('',(0.,0.,1.));
#6941=DIRECTION('',(-1.,5.07530525542928E-15,0.));
#6942=DIRECTION('',(0.,0.,-1.));
#6943=DIRECTION('',(0.,0.,1.));
#6944=DIRECTION('',(-1.,5.07530525542928E-15,0.));
#6945=DIRECTION('',(0.,-1.,0.));
#6946=DIRECTION('',(-1.,0.,0.));
#6947=DIRECTION('',(-9.9348816521267E-16,1.,0.));
#6948=DIRECTION('',(0.,0.,1.));
#6949=DIRECTION('',(1.,0.,0.));
#6950=DIRECTION('',(0.,0.,-1.));
#6951=DIRECTION('',(1.,-5.07530525542928E-15,0.));
#6952=DIRECTION('',(0.,0.,-1.));
#6953=DIRECTION('',(1.,-5.07530525542928E-15,0.));
#6954=DIRECTION('',(0.,-1.,0.));
#6955=DIRECTION('',(-1.,0.,0.));
#6956=DIRECTION('',(0.,1.,0.));
#6957=DIRECTION('',(-1.,0.,0.));
#6958=DIRECTION('',(0.,1.,0.));
#6959=DIRECTION('',(1.,0.,-3.2627210314017E-32));
#6960=DIRECTION('',(0.,0.,-1.));
#6961=DIRECTION('',(1.,3.70074341541719E-17,0.));
#6962=DIRECTION('',(0.,-1.,0.));
#6963=DIRECTION('',(0.,-1.,0.));
#6964=DIRECTION('',(-1.,0.,0.));
#6965=DIRECTION('',(0.,0.,-1.));
#6966=DIRECTION('',(-1.,0.,0.));
#6967=DIRECTION('',(0.,1.,0.));
#6968=DIRECTION('',(1.,0.,-3.2627210314017E-32));
#6969=DIRECTION('',(0.,1.,0.));
#6970=DIRECTION('',(-1.,0.,0.));
#6971=DIRECTION('',(1.,0.,0.));
#6972=DIRECTION('',(-3.70074341541719E-17,1.,0.));
#6973=DIRECTION('',(0.,0.,1.));
#6974=DIRECTION('',(3.70074341541719E-17,-1.,0.));
#6975=DIRECTION('',(-1.,-3.70074341541719E-17,0.));
#6976=DIRECTION('',(0.,0.,-1.));
#6977=DIRECTION('',(1.,0.,0.));
#6978=DIRECTION('',(0.,0.,1.));
#6979=DIRECTION('',(-1.,0.,0.));
#6980=DIRECTION('',(0.,-1.,0.));
#6981=DIRECTION('',(-1.,0.,0.));
#6982=DIRECTION('',(0.,1.,0.));
#6983=DIRECTION('',(0.,0.,1.));
#6984=DIRECTION('',(0.,-1.,0.));
#6985=DIRECTION('',(-1.,0.,0.));
#6986=DIRECTION('',(-2.22044604925032E-15,0.,-1.));
#6987=DIRECTION('',(0.,1.,0.));
#6988=DIRECTION('',(1.,0.,0.));
#6989=DIRECTION('',(0.,-1.,0.));
#6990=DIRECTION('',(-1.,0.,-1.01064309961486E-15));
#6991=DIRECTION('',(-3.70074341541719E-17,1.,0.));
#6992=DIRECTION('',(0.,0.,1.));
#6993=DIRECTION('',(3.70074341541719E-17,-1.,0.));
#6994=DIRECTION('',(1.,3.70074341541719E-17,0.));
#6995=DIRECTION('',(0.,-1.,0.));
#6996=DIRECTION('',(1.,0.,0.));
#6997=DIRECTION('',(0.,1.,0.));
#6998=DIRECTION('',(0.,-1.,0.));
#6999=DIRECTION('',(1.,0.,0.));
#7000=DIRECTION('',(0.,1.,0.));
#7001=DIRECTION('',(1.,0.,-3.2627210314017E-32));
#7002=DIRECTION('',(0.,0.,1.));
#7003=DIRECTION('',(-1.,0.,1.43254583822601E-16));
#7004=DIRECTION('',(0.,0.,-1.));
#7005=DIRECTION('',(-1.,0.,0.));
#7006=DIRECTION('',(0.,-1.,0.));
#7007=DIRECTION('',(-1.,0.,0.));
#7008=DIRECTION('',(0.,1.,0.));
#7009=DIRECTION('',(-1.,0.,0.));
#7010=DIRECTION('',(0.,0.,1.));
#7011=DIRECTION('',(0.,1.,0.));
#7012=DIRECTION('',(0.,0.,-1.));
#7013=DIRECTION('',(0.,0.,-1.));
#7014=DIRECTION('',(-0.707106781186545,0.70710678118655,0.));
#7015=DIRECTION('',(0.,0.,1.));
#7016=DIRECTION('',(-1.,0.,0.));
#7017=DIRECTION('',(-1.,0.,0.));
#7018=DIRECTION('',(0.,0.,-1.));
#7019=DIRECTION('',(0.,-1.,0.));
#7020=DIRECTION('',(1.,0.,0.));
#7021=DIRECTION('',(0.,0.,1.));
#7022=DIRECTION('',(1.,-2.71346396203373E-16,0.));
#7023=DIRECTION('',(0.,0.,1.));
#7024=DIRECTION('',(1.,-2.71346396203373E-16,0.));
#7025=DIRECTION('',(0.,0.,1.));
#7026=DIRECTION('',(-8.28153623507479E-33,-2.26847935262084E-17,-1.));
#7027=DIRECTION('',(-1.,0.,8.28153623507479E-33));
#7028=DIRECTION('',(1.,0.,0.));
#7029=DIRECTION('',(0.,-1.,2.26847935262084E-17));
#7030=DIRECTION('',(-9.9348816521267E-16,1.,0.));
#7031=DIRECTION('',(0.,0.,1.));
#7032=DIRECTION('',(0.,0.,1.));
#7033=DIRECTION('',(0.,0.,1.));
#7034=DIRECTION('',(-1.0183558921553E-15,1.,0.));
#7035=DIRECTION('',(0.,-1.,0.));
#7036=DIRECTION('',(1.,0.,0.));
#7037=DIRECTION('',(-1.,5.07530525542928E-15,0.));
#7038=DIRECTION('',(0.,-1.,0.));
#7039=DIRECTION('',(-1.,0.,0.));
#7040=DIRECTION('',(1.,3.20064295387432E-16,1.01066716931021E-15));
#7041=DIRECTION('',(-1.,-2.81869148078581E-15,0.));
#7042=DIRECTION('',(1.,0.,0.));
#7043=DIRECTION('',(0.,0.707106781186548,-0.707106781186548));
#7044=DIRECTION('',(1.,0.,6.3441315692866E-15));
#7045=DIRECTION('',(0.,1.,0.));
#7046=DIRECTION('',(1.,0.,0.));
#7047=DIRECTION('',(0.,0.,-1.));
#7048=DIRECTION('',(-1.,0.,0.));
#7049=DIRECTION('',(0.,-1.,0.));
#7050=DIRECTION('',(0.,0.,1.));
#7051=DIRECTION('',(-0.707106781186548,0.707106781186548,0.));
#7052=DIRECTION('',(0.,1.,0.));
#7053=DIRECTION('',(0.,0.,1.));
#7054=DIRECTION('',(1.,0.,0.));
#7055=DIRECTION('',(0.,-1.,0.));
#7056=DIRECTION('',(0.,0.,-1.));
#7057=DIRECTION('',(0.,0.,-1.));
#7058=DIRECTION('',(-0.707106781186548,0.707106781186548,0.));
#7059=DIRECTION('',(0.,0.,1.));
#7060=DIRECTION('',(-0.707106781186543,0.707106781186552,0.));
#7061=DIRECTION('',(0.,0.,1.));
#7062=DIRECTION('',(0.,0.,-1.));
#7063=DIRECTION('',(-0.707106781186543,0.707106781186552,0.));
#7064=DIRECTION('',(0.,0.,-1.));
#7065=DIRECTION('',(-1.,0.,0.));
#7066=DIRECTION('',(0.,-1.,0.));
#7067=DIRECTION('',(1.,3.53568180045081E-16,0.));
#7068=DIRECTION('',(0.,1.,0.));
#7069=DIRECTION('',(1.,0.,0.));
#7070=DIRECTION('',(1.,3.53568180045081E-16,0.));
#7071=DIRECTION('',(0.,0.,-1.));
#7072=DIRECTION('',(3.53568180045081E-16,-1.,0.));
#7073=DIRECTION('',(0.70710678118655,0.,-0.707106781186545));
#7074=DIRECTION('',(0.,0.,1.));
#7075=DIRECTION('',(1.,0.,0.));
#7076=DIRECTION('',(0.,-1.,0.));
#7077=DIRECTION('',(0.,-1.,0.));
#7078=DIRECTION('',(0.70710678118655,0.,-0.707106781186545));
#7079=DIRECTION('',(0.,1.,0.));
#7080=DIRECTION('',(0.,1.,0.));
#7081=DIRECTION('',(-0.707106781186548,0.,-0.707106781186548));
#7082=DIRECTION('',(3.17206578464329E-15,-1.,0.));
#7083=DIRECTION('',(0.,0.,-1.));
#7084=DIRECTION('',(0.,-1.,0.));
#7085=DIRECTION('',(-1.,0.,0.));
#7086=DIRECTION('',(-1.,0.,0.));
#7087=DIRECTION('',(0.,0.,-1.));
#7088=DIRECTION('',(0.,-1.,0.));
#7089=DIRECTION('',(0.,0.,1.));
#7090=DIRECTION('',(-1.,-3.70074341541719E-17,0.));
#7091=DIRECTION('',(0.,-1.,0.));
#7092=DIRECTION('',(0.,0.,1.));
#7093=DIRECTION('',(0.,1.,0.));
#7094=DIRECTION('',(0.,0.,1.));
#7095=DIRECTION('',(0.,1.,0.));
#7096=DIRECTION('',(1.,9.9348816521267E-16,0.));
#7097=DIRECTION('',(0.,-1.,0.));
#7098=DIRECTION('',(0.,1.,0.));
#7099=DIRECTION('',(0.,0.,1.));
#7100=DIRECTION('',(-1.,0.,0.));
#7101=DIRECTION('',(0.,0.,-1.));
#7102=DIRECTION('',(-1.,-9.9348816521267E-16,-8.45884209238214E-16));
#7103=DIRECTION('',(0.,0.707106781186545,-0.70710678118655));
#7104=DIRECTION('',(0.,-1.,0.));
#7105=DIRECTION('',(7.16272919113004E-16,0.,-1.));
#7106=DIRECTION('',(0.,0.,-1.));
#7107=DIRECTION('',(1.,0.,0.));
#7108=DIRECTION('',(0.,1.,0.));
#7109=DIRECTION('',(1.,0.,0.));
#7110=DIRECTION('',(-1.,0.,0.));
#7111=DIRECTION('',(0.,0.,1.));
#7112=DIRECTION('',(-0.70710678118655,-0.707106781186545,0.));
#7113=DIRECTION('',(0.,0.,1.));
#7114=DIRECTION('',(-0.70710678118655,-0.707106781186545,0.));
#7115=DIRECTION('',(0.,0.,1.));
#7116=DIRECTION('',(0.,0.,-1.));
#7117=DIRECTION('',(-0.70710678118655,-0.707106781186545,0.));
#7118=DIRECTION('',(-1.,0.,0.));
#7119=DIRECTION('',(0.,0.,-1.));
#7120=DIRECTION('',(-1.,-3.20064295387432E-16,0.));
#7121=DIRECTION('',(0.,0.,-1.));
#7122=DIRECTION('',(0.,0.,-1.));
#7123=DIRECTION('',(-1.,0.,0.));
#7124=DIRECTION('',(0.,1.,0.));
#7125=DIRECTION('',(0.,0.,1.));
#7126=DIRECTION('',(0.,1.,0.));
#7127=DIRECTION('',(0.,0.,1.));
#7128=DIRECTION('',(0.,1.,0.));
#7129=DIRECTION('',(1.,0.,-3.2627210314017E-32));
#7130=DIRECTION('',(0.,1.,0.));
#7131=DIRECTION('',(0.,0.,1.));
#7132=DIRECTION('',(-8.28153623507479E-33,-2.26847935262084E-17,-1.));
#7133=DIRECTION('',(-1.,0.,8.28153623507479E-33));
#7134=DIRECTION('',(-1.,-3.70074341541719E-17,0.));
#7135=DIRECTION('',(0.,1.,0.));
#7136=DIRECTION('',(0.,0.,1.));
#7137=DIRECTION('',(1.,0.,0.));
#7138=DIRECTION('',(1.,3.70074341541719E-17,0.));
#7139=DIRECTION('',(0.,-1.,0.));
#7140=DIRECTION('',(0.,0.,-1.));
#7141=DIRECTION('',(1.,-5.07530525542928E-15,0.));
#7142=DIRECTION('',(-3.70074341541719E-17,1.,0.));
#7143=DIRECTION('',(0.,0.,1.));
#7144=DIRECTION('',(0.,0.,1.));
#7145=DIRECTION('',(3.70074341541719E-17,-1.,0.));
#7146=DIRECTION('',(1.,3.70074341541719E-17,0.));
#7147=DIRECTION('',(-0.40824829046386,-0.816496580927725,-0.408248290463868));
#7148=DIRECTION('',(-0.577350269189622,0.577350269189628,-0.577350269189628));
#7149=DIRECTION('',(-1.,0.,0.));
#7150=DIRECTION('',(0.,0.,1.));
#7151=DIRECTION('',(1.,0.,0.));
#7152=DIRECTION('',(0.,-1.,0.));
#7153=DIRECTION('',(0.,0.,-1.));
#7154=DIRECTION('',(1.,-5.07530525542928E-15,0.));
#7155=DIRECTION('',(-1.,0.,0.));
#7156=DIRECTION('',(0.,0.707106781186545,-0.70710678118655));
#7157=DIRECTION('',(0.,0.,1.));
#7158=DIRECTION('',(1.,0.,0.));
#7159=DIRECTION('',(1.,0.,0.));
#7160=DIRECTION('',(0.,0.,-1.));
#7161=DIRECTION('',(1.,0.,0.));
#7162=DIRECTION('',(0.,0.,-1.));
#7163=DIRECTION('',(-8.50057618498702E-16,1.,0.));
#7164=DIRECTION('',(-5.63188825734293E-16,1.,0.));
#7165=DIRECTION('',(0.,-1.,0.));
#7166=DIRECTION('',(1.,0.,0.));
#7167=DIRECTION('',(-1.,0.,0.));
#7168=DIRECTION('',(1.,0.,0.));
#7169=DIRECTION('',(0.,0.,-1.));
#7170=DIRECTION('',(-1.,0.,0.));
#7171=DIRECTION('',(0.,1.,0.));
#7172=DIRECTION('',(-2.71346396203373E-16,-1.,0.));
#7173=DIRECTION('',(0.,0.,1.));
#7174=DIRECTION('',(1.,0.,0.));
#7175=DIRECTION('',(0.,0.,1.));
#7176=DIRECTION('',(1.,0.,0.));
#7177=DIRECTION('',(1.,0.,0.));
#7178=DIRECTION('',(0.,-1.,0.));
#7179=DIRECTION('',(-1.,-1.07321559047099E-15,0.));
#7180=DIRECTION('',(1.,0.,0.));
#7181=DIRECTION('',(0.,-1.,0.));
#7182=DIRECTION('',(-1.,0.,0.));
#7183=DIRECTION('',(-1.,-7.40148683083437E-16,0.));
#7184=DIRECTION('',(-1.,-7.40148683083437E-16,0.));
#7185=DIRECTION('',(0.,0.,-1.));
#7186=DIRECTION('',(1.,0.,0.));
#7187=DIRECTION('',(0.,-1.,0.));
#7188=DIRECTION('',(0.,-0.707106781186548,0.707106781186547));
#7189=DIRECTION('',(0.,0.,1.));
#7190=DIRECTION('',(0.,-1.,0.));
#7191=DIRECTION('',(0.,-1.,0.));
#7192=DIRECTION('',(0.,1.,0.));
#7193=DIRECTION('',(1.,0.,-3.2627210314017E-32));
#7194=DIRECTION('',(-1.07321559047099E-15,1.,0.));
#7195=DIRECTION('',(1.26882631385732E-14,0.,1.));
#7196=DIRECTION('',(2.69144975666705E-15,2.88850583982441E-30,-1.));
#7197=DIRECTION('',(-1.,-1.07321559047099E-15,-1.48029736616687E-15));
#7198=DIRECTION('',(0.,0.,1.));
#7199=DIRECTION('',(1.,0.,0.));
#7200=DIRECTION('',(1.,0.,0.));
#7201=DIRECTION('',(0.,0.,-1.));
#7202=DIRECTION('',(-1.,0.,0.));
#7203=DIRECTION('',(0.,1.,0.));
#7204=DIRECTION('',(-1.,0.,0.));
#7205=DIRECTION('',(0.,1.,0.));
#7206=DIRECTION('',(1.,0.,1.48029736616687E-15));
#7207=DIRECTION('',(1.,0.,0.));
#7208=DIRECTION('',(0.,0.,1.));
#7209=DIRECTION('',(1.,0.,0.));
#7210=DIRECTION('',(1.,3.20064295387432E-16,0.));
#7211=DIRECTION('',(0.,0.,1.));
#7212=DIRECTION('',(1.,0.,0.));
#7213=DIRECTION('',(-1.,-3.20064295387432E-16,0.));
#7214=DIRECTION('',(0.,-1.,0.));
#7215=DIRECTION('',(-1.,0.,2.89543715521076E-32));
#7216=DIRECTION('',(-1.,0.,0.));
#7217=DIRECTION('',(0.,0.,1.));
#7218=DIRECTION('',(-2.69144975666705E-15,0.,1.));
#7219=DIRECTION('',(-1.90314237416215E-15,-0.707106781186548,0.707106781186547));
#7220=DIRECTION('',(0.,1.,0.));
#7221=DIRECTION('',(0.,1.,0.));
#7222=DIRECTION('',(1.26882631385732E-14,0.,1.));
#7223=DIRECTION('',(0.,-1.,0.));
#7224=DIRECTION('',(1.26882631385732E-14,0.,1.));
#7225=DIRECTION('',(0.,1.,0.));
#7226=DIRECTION('',(1.,0.,0.));
#7227=DIRECTION('',(-1.48029736616685E-15,0.,1.));
#7228=DIRECTION('',(0.707106781186546,0.,0.707106781186549));
#7229=DIRECTION('',(-1.,0.,0.));
#7230=DIRECTION('',(0.,0.,1.));
#7231=DIRECTION('',(1.,0.,0.));
#7232=DIRECTION('',(1.,0.,0.));
#7233=DIRECTION('',(0.,1.,0.));
#7234=DIRECTION('',(1.,0.,0.));
#7235=DIRECTION('',(0.,-1.,0.));
#7236=DIRECTION('',(-1.48029736616685E-15,0.,1.));
#7237=DIRECTION('',(0.,-1.,0.));
#7238=DIRECTION('',(-0.707106781186548,0.,0.707106781186548));
#7239=DIRECTION('',(0.707106781186548,0.,0.707106781186548));
#7240=DIRECTION('',(0.707106781186546,0.,0.707106781186549));
#7241=DIRECTION('',(0.,-1.,0.));
#7242=DIRECTION('',(-1.,0.,0.));
#7243=DIRECTION('',(0.,0.,1.));
#7244=DIRECTION('',(-1.,0.,-1.48029736616687E-15));
#7245=DIRECTION('',(0.,0.707106781186548,0.707106781186548));
#7246=DIRECTION('',(1.,-7.40148683083435E-16,7.40148683083435E-16));
#7247=DIRECTION('',(0.,-1.,0.));
#7248=DIRECTION('',(0.,0.,-1.));
#7249=DIRECTION('',(0.,-1.,0.));
#7250=DIRECTION('',(1.,0.,0.));
#7251=DIRECTION('',(-1.,0.,0.));
#7252=DIRECTION('',(0.,0.,1.));
#7253=DIRECTION('',(0.,0.,1.));
#7254=DIRECTION('',(1.,0.,0.));
#7255=DIRECTION('',(0.,1.,0.));
#7256=DIRECTION('',(1.,0.,0.));
#7257=DIRECTION('',(0.,0.,-1.));
#7258=DIRECTION('',(1.,0.,0.));
#7259=DIRECTION('',(0.,0.,-1.));
#7260=DIRECTION('',(1.,0.,0.));
#7261=DIRECTION('',(1.,0.,0.));
#7262=DIRECTION('',(0.,-1.,0.));
#7263=DIRECTION('',(0.,-1.,-2.16840434497101E-16));
#7264=DIRECTION('',(0.,0.,1.));
#7265=DIRECTION('',(0.,-1.,0.));
#7266=DIRECTION('',(-1.,0.,0.));
#7267=DIRECTION('',(0.,0.,1.));
#7268=DIRECTION('',(0.,-1.,0.));
#7269=DIRECTION('',(0.,0.,1.));
#7270=DIRECTION('',(0.,1.,0.));
#7271=DIRECTION('',(0.,0.,-1.));
#7272=DIRECTION('',(0.,0.,1.));
#7273=DIRECTION('',(1.,1.14850657719844E-15,0.));
#7274=DIRECTION('',(0.,0.,1.));
#7275=DIRECTION('',(-1.,0.,0.));
#7276=DIRECTION('',(1.43254583822601E-16,1.66174120051423E-32,1.));
#7277=DIRECTION('',(1.,1.14850657719844E-15,-1.43254583822601E-16));
#7278=DIRECTION('',(0.,0.,-1.));
#7279=DIRECTION('',(-1.,0.,0.));
#7280=DIRECTION('',(-1.43254583822601E-16,0.,-1.));
#7281=DIRECTION('',(-1.,0.,0.));
#7282=DIRECTION('',(0.,0.,1.));
#7283=DIRECTION('',(1.,1.14850657719844E-15,0.));
#7284=DIRECTION('',(1.43254583822601E-16,1.66174120051423E-32,1.));
#7285=DIRECTION('',(1.,1.14850657719844E-15,-1.43254583822601E-16));
#7286=DIRECTION('',(0.,0.,-1.));
#7287=DIRECTION('',(-1.,0.,0.));
#7288=DIRECTION('',(1.43254583822601E-16,0.,1.));
#7289=DIRECTION('',(-0.926036024843555,-0.377435134416429,0.));
#7290=DIRECTION('',(3.82835525732813E-16,-1.,-5.48429439113607E-32));
#7291=DIRECTION('',(1.43254583822601E-16,0.,1.));
#7292=DIRECTION('',(1.,0.,0.));
#7293=DIRECTION('',(7.65671051465625E-16,1.,-1.09685887822721E-31));
#7294=DIRECTION('',(1.,0.,-1.43254583822601E-16));
#7295=DIRECTION('',(-1.,0.,0.));
#7296=DIRECTION('',(0.,1.,0.));
#7297=DIRECTION('',(0.,0.,-1.));
#7298=DIRECTION('',(-3.82835525732813E-16,1.,3.82255319062184E-32));
#7299=DIRECTION('',(0.,0.,-1.));
#7300=DIRECTION('',(0.,0.,-1.));
#7301=DIRECTION('',(-1.,0.,0.));
#7302=DIRECTION('',(0.,0.,-1.));
#7303=DIRECTION('',(-1.,0.,1.34633684962881E-16));
#7304=DIRECTION('',(-1.43254583822601E-16,0.,-1.));
#7305=DIRECTION('',(-1.,0.,0.));
#7306=DIRECTION('',(0.,0.,-1.));
#7307=DIRECTION('',(0.715085438616104,0.699037063022565,0.));
#7308=DIRECTION('',(-1.43254583822601E-16,0.,-1.));
#7309=DIRECTION('',(0.715085438616104,0.699037063022565,0.));
#7310=DIRECTION('',(-1.04157002554575E-16,1.06548221541542E-16,-1.));
#7311=DIRECTION('',(-1.43254583822601E-16,-1.66174120051423E-32,-1.));
#7312=DIRECTION('',(0.715085438616104,0.699037063022565,0.));
#7313=DIRECTION('',(1.04157002554575E-16,-1.06548221541542E-16,1.));
#7314=DIRECTION('',(0.,0.,1.));
#7315=DIRECTION('',(1.,1.14850657719844E-15,0.));
#7316=DIRECTION('',(-1.43254583822601E-16,0.,-1.));
#7317=DIRECTION('',(1.,1.14850657719844E-15,-1.43254583822601E-16));
#7318=DIRECTION('',(1.43254583822601E-16,1.66174120051423E-32,1.));
#7319=DIRECTION('',(1.43254583822601E-16,1.66174120051423E-32,1.));
#7320=DIRECTION('',(1.,1.14850657719844E-15,-1.43254583822601E-16));
#7321=DIRECTION('',(0.,0.,1.));
#7322=DIRECTION('',(1.,1.14850657719844E-15,0.));
#7323=DIRECTION('',(1.43254583822601E-16,1.66174120051423E-32,1.));
#7324=DIRECTION('',(-0.926036024843555,-0.377435134416429,0.));
#7325=DIRECTION('',(0.699037063022565,-0.715085438616104,-1.00140263539871E-16));
#7326=DIRECTION('',(-1.43254583822601E-16,-1.66174120051423E-32,-1.));
#7327=DIRECTION('',(-0.0763803822885144,0.997078751755076,0.));
#7328=DIRECTION('',(0.751245504890474,-0.660022871862678,-1.07619362151684E-16));
#7329=DIRECTION('',(-1.43254583822601E-16,-1.66174120051423E-32,-1.));
#7330=DIRECTION('',(1.,0.,0.));
#7331=DIRECTION('',(0.,0.,-1.));
#7332=DIRECTION('',(1.,0.,0.));
#7333=DIRECTION('',(0.,0.,1.));
#7334=DIRECTION('',(1.43254583822601E-16,-1.09476442525376E-47,1.));
#7335=DIRECTION('',(1.,6.3441315692866E-16,-1.43254583822601E-16));
#7336=DIRECTION('',(0.,0.,1.));
#7337=DIRECTION('',(1.,0.,0.));
#7338=DIRECTION('',(0.,-1.,0.));
#7339=DIRECTION('',(7.14626314701251E-16,1.,-1.02373495301207E-31));
#7340=DIRECTION('',(0.,0.,1.));
#7341=DIRECTION('',(0.,-1.,0.));
#7342=DIRECTION('',(-1.,0.,0.));
#7343=DIRECTION('',(0.,0.,1.));
#7344=DIRECTION('',(1.,1.05735526154776E-16,-1.43254583822601E-16));
#7345=DIRECTION('',(0.,0.,1.));
#7346=DIRECTION('',(-0.926036024843555,-0.377435134416429,0.));
#7347=DIRECTION('',(1.43254583822601E-16,0.,1.));
#7348=DIRECTION('',(-0.926036024843555,-0.377435134416429,0.));
#7349=DIRECTION('',(0.,0.,1.));
#7350=DIRECTION('',(0.,0.,-1.));
#7351=DIRECTION('',(-1.,0.,0.));
#7352=DIRECTION('',(0.,0.,1.));
#7353=DIRECTION('',(-1.,0.,0.));
#7354=DIRECTION('',(-1.43254583822601E-16,0.,-1.));
#7355=DIRECTION('',(-1.,0.,0.));
#7356=DIRECTION('',(0.,0.,1.));
#7357=DIRECTION('',(1.,0.,0.));
#7358=DIRECTION('',(-1.,0.,0.));
#7359=DIRECTION('',(0.,-1.,0.));
#7360=DIRECTION('',(-0.751245504890474,0.660022871862678,0.));
#7361=DIRECTION('',(0.,0.,-1.));
#7362=DIRECTION('',(0.996037248993136,-0.0889370486253391,0.));
#7363=DIRECTION('',(0.,0.,-1.));
#7364=DIRECTION('',(1.,1.48029736616687E-15,0.));
#7365=DIRECTION('',(0.,0.,-1.));
#7366=DIRECTION('',(0.766130877682874,-0.642684586917151,0.));
#7367=DIRECTION('',(1.,0.,0.));
#7368=DIRECTION('',(0.,-1.,0.));
#7369=DIRECTION('',(0.,0.,-1.));
#7370=DIRECTION('',(0.,1.,0.));
#7371=DIRECTION('',(0.,0.,-1.));
#7372=DIRECTION('',(1.,0.,0.));
#7373=DIRECTION('',(0.,0.,1.));
#7374=DIRECTION('',(8.24581945291338E-17,0.673322255743815,-0.739349132629545));
#7375=DIRECTION('',(-1.22464679914735E-16,-1.,0.));
#7376=DIRECTION('',(-8.24581945291339E-17,-0.673322255743815,0.739349132629545));
#7377=DIRECTION('',(0.,0.,1.));
#7378=DIRECTION('',(0.,0.,1.));
#7379=DIRECTION('',(1.,0.,0.));
#7380=DIRECTION('',(0.,0.,1.));
#7381=DIRECTION('',(-1.,0.,0.));
#7382=DIRECTION('',(-1.,0.,0.));
#7383=DIRECTION('',(0.,-1.,0.));
#7384=DIRECTION('',(1.,0.,0.));
#7385=DIRECTION('',(0.,0.,1.));
#7386=DIRECTION('',(-1.,-7.0093413334097E-17,0.));
#7387=DIRECTION('',(-4.44089209850063E-16,1.,0.));
#7388=DIRECTION('',(1.,0.,0.));
#7389=DIRECTION('',(0.,0.,-1.));
#7390=DIRECTION('',(0.,-1.,0.));
#7391=DIRECTION('',(0.,0.,1.));
#7392=DIRECTION('',(0.,1.,0.));
#7393=DIRECTION('',(0.,0.,-1.));
#7394=DIRECTION('',(0.,0.,1.));
#7395=DIRECTION('',(1.,0.,0.));
#7396=DIRECTION('',(0.,0.,1.));
#7397=DIRECTION('',(1.,8.40139546819836E-16,0.));
#7398=DIRECTION('',(0.,1.,0.));
#7399=DIRECTION('',(1.,0.,0.));
#7400=DIRECTION('',(-1.,0.,7.4014868308344E-16));
#7401=DIRECTION('',(0.,1.,0.));
#7402=DIRECTION('',(0.,0.,1.));
#7403=DIRECTION('',(1.,0.,0.));
#7404=DIRECTION('',(0.,1.,0.));
#7405=DIRECTION('',(0.,0.,-1.));
#7406=DIRECTION('',(1.,8.40139546819836E-16,0.));
#7407=DIRECTION('',(0.,0.,-1.));
#7408=DIRECTION('',(-1.,0.,0.));
#7409=DIRECTION('',(0.,1.,0.));
#7410=DIRECTION('',(-1.43254583822601E-16,0.,-1.));
#7411=DIRECTION('',(-0.55,0.835164654424503,7.87900211024306E-17));
#7412=DIRECTION('',(0.,0.,1.));
#7413=DIRECTION('',(1.,0.,0.));
#7414=DIRECTION('',(0.,-1.,0.));
#7415=DIRECTION('',(0.,0.,1.));
#7416=DIRECTION('',(-0.55,0.835164654424503,0.));
#7417=DIRECTION('',(1.,0.,0.));
#7418=DIRECTION('',(0.,-1.,0.));
#7419=DIRECTION('',(-1.,0.,0.));
#7420=DIRECTION('',(0.,1.,0.));
#7421=DIRECTION('',(-1.,-2.77555756156289E-16,0.));
#7422=DIRECTION('',(0.,-1.,0.));
#7423=DIRECTION('',(1.,0.,0.));
#7424=DIRECTION('',(0.,1.,0.));
#7425=DIRECTION('',(0.,0.,1.));
#7426=DIRECTION('',(1.,8.40139546819836E-16,0.));
#7427=DIRECTION('',(0.,-1.,0.));
#7428=DIRECTION('',(-1.,0.,0.));
#7429=DIRECTION('',(0.,0.,-1.));
#7430=DIRECTION('',(1.,0.,0.));
#7431=DIRECTION('',(0.,0.,1.));
#7432=DIRECTION('',(1.,0.,0.));
#7433=DIRECTION('',(-1.,0.,0.));
#7434=DIRECTION('',(0.,0.,1.));
#7435=DIRECTION('',(0.,-0.673322255743815,-0.739349132629545));
#7436=DIRECTION('',(0.,1.,0.));
#7437=DIRECTION('',(0.,0.673322255743815,0.739349132629545));
#7438=DIRECTION('',(0.,1.,0.));
#7439=DIRECTION('',(1.,0.,0.));
#7440=DIRECTION('',(0.,0.,-1.));
#7441=DIRECTION('',(-1.,1.22464679914735E-16,0.));
#7442=DIRECTION('',(-1.,1.22464679914735E-16,0.));
#7443=DIRECTION('',(-0.715085438616105,-0.699037063022565,0.));
#7444=DIRECTION('',(0.699037063022565,-0.715085438616104,-1.00140263539871E-16));
#7445=DIRECTION('',(-0.699037063022565,0.715085438616104,1.00140263539871E-16));
#7446=DIRECTION('',(0.,0.,-1.));
#7447=DIRECTION('',(0.699037063022565,-0.715085438616104,-1.00140263539871E-16));
#7448=DIRECTION('',(0.,0.,-1.));
#7449=DIRECTION('',(-1.,0.,0.));
#7450=DIRECTION('',(-3.20064295387433E-16,1.,4.58506774322006E-32));
#7451=DIRECTION('',(-1.43254583822601E-16,0.,-1.));
#7452=DIRECTION('',(-0.0763803822885144,0.997078751755076,0.));
#7453=DIRECTION('',(0.,0.,1.));
#7454=DIRECTION('',(-0.0763803822885144,0.997078751755076,0.));
#7455=DIRECTION('',(1.43254583822601E-16,1.66174120051423E-32,1.));
#7456=DIRECTION('',(1.43254583822601E-16,0.,1.));
#7457=DIRECTION('',(-0.0763803822885144,0.997078751755076,0.));
#7458=DIRECTION('',(-8.0848562055633E-17,7.10312404753844E-17,-1.));
#7459=DIRECTION('',(0.660022871862678,0.751245504890474,0.));
#7460=DIRECTION('',(-0.751245504890474,0.660022871862678,1.07619362151685E-16));
#7461=DIRECTION('',(-0.751245504890474,0.660022871862678,1.07619362151685E-16));
#7462=DIRECTION('',(0.,0.,-1.));
#7463=DIRECTION('',(0.751245504890474,-0.660022871862678,-1.07619362151685E-16));
#7464=DIRECTION('',(0.,0.,-1.));
#7465=DIRECTION('',(-1.,0.,0.));
#7466=DIRECTION('',(1.11022302462516E-15,-1.,-1.59044537342946E-31));
#7467=DIRECTION('',(1.,1.11022302462516E-15,-1.43254583822601E-16));
#7468=DIRECTION('',(0.751245504890474,-0.660022871862678,-1.07619362151685E-16));
#7469=DIRECTION('',(1.,0.,-1.43254583822601E-16));
#7470=DIRECTION('',(3.20064295387433E-16,-1.,-4.58506774322006E-32));
#7471=DIRECTION('',(0.,0.,1.));
#7472=DIRECTION('',(1.,0.,0.));
#7473=DIRECTION('',(-1.,0.,0.));
#7474=DIRECTION('',(0.,1.,0.));
#7475=DIRECTION('',(1.,0.,0.));
#7476=DIRECTION('',(-1.60032147693716E-16,1.,2.29253387161003E-32));
#7477=DIRECTION('',(3.20064295387433E-16,-1.,-4.58506774322006E-32));
#7478=DIRECTION('',(1.,0.,0.));
#7479=DIRECTION('',(-1.,0.,0.));
#7480=DIRECTION('',(3.20064295387433E-16,-1.,-4.58506774322006E-32));
#7481=DIRECTION('',(-1.,0.,1.43254583822601E-16));
#7482=DIRECTION('',(-1.60032147693716E-16,1.,2.29253387161003E-32));
#7483=DIRECTION('',(1.,0.,0.));
#7484=DIRECTION('',(0.,0.,-1.));
#7485=DIRECTION('',(0.,0.673322255743815,0.739349132629545));
#7486=DIRECTION('',(0.,1.,0.));
#7487=DIRECTION('',(0.,-0.673322255743815,-0.739349132629545));
#7488=DIRECTION('',(1.,0.,0.));
#7489=DIRECTION('',(0.,0.,-1.));
#7490=DIRECTION('',(0.,1.,0.));
#7491=DIRECTION('',(0.,0.,-1.));
#7492=DIRECTION('',(0.,1.,0.));
#7493=DIRECTION('',(0.,0.,1.));
#7494=DIRECTION('',(0.,0.,1.));
#7495=DIRECTION('',(1.,0.,0.));
#7496=DIRECTION('',(0.,1.,0.));
#7497=DIRECTION('',(1.,0.,0.));
#7498=DIRECTION('',(0.,-1.,0.));
#7499=DIRECTION('',(1.,9.11308066046483E-16,0.));
#7500=DIRECTION('',(-1.,-1.07321559047099E-15,0.));
#7501=DIRECTION('',(1.,0.,-7.4014868308344E-16));
#7502=DIRECTION('',(0.,-1.,0.));
#7503=DIRECTION('',(-1.,-7.40148683083437E-16,7.4014868308344E-16));
#7504=DIRECTION('',(0.,0.,-1.));
#7505=DIRECTION('',(1.,0.,0.));
#7506=DIRECTION('',(1.,0.,0.));
#7507=DIRECTION('',(1.,9.11308066046483E-16,0.));
#7508=DIRECTION('',(0.,-1.,0.));
#7509=DIRECTION('',(0.,-1.,0.));
#7510=DIRECTION('',(-1.,0.,2.89543715521076E-32));
#7511=DIRECTION('',(1.,9.11308066046483E-16,0.));
#7512=DIRECTION('',(9.11308066046483E-16,-1.,0.));
#7513=DIRECTION('',(-1.,-9.11308066046483E-16,0.));
#7514=DIRECTION('',(0.,0.,1.));
#7515=DIRECTION('',(0.,-0.739349132629545,0.673322255743815));
#7516=DIRECTION('',(0.,-0.673322255743815,-0.739349132629545));
#7517=DIRECTION('',(1.,0.,0.));
#7518=DIRECTION('',(1.0775320667666E-16,-0.673322255743815,-0.739349132629545));
#7519=DIRECTION('',(0.,-0.739349132629545,0.673322255743815));
#7520=DIRECTION('',(0.,-0.673322255743815,-0.739349132629545));
#7521=DIRECTION('',(0.660022871862678,0.751245504890474,0.));
#7522=DIRECTION('',(-0.751245504890474,0.660022871862678,1.07619362151685E-16));
#7523=DIRECTION('',(-0.751245504890474,0.660022871862678,0.));
#7524=DIRECTION('',(0.,0.,1.));
#7525=DIRECTION('',(0.,0.,1.));
#7526=DIRECTION('',(0.,0.,-1.));
#7527=DIRECTION('',(0.996037248993136,-0.0889370486253391,0.));
#7528=DIRECTION('',(0.,0.,1.));
#7529=DIRECTION('',(0.996037248993136,-0.0889370486253391,0.));
#7530=DIRECTION('',(0.,0.,-1.));
#7531=DIRECTION('',(0.,0.,-1.));
#7532=DIRECTION('',(-0.910366543943931,0.413802798042236,0.));
#7533=DIRECTION('',(0.,0.,-1.));
#7534=DIRECTION('',(1.,1.48029736616687E-15,0.));
#7535=DIRECTION('',(0.,0.,1.));
#7536=DIRECTION('',(0.,0.,1.));
#7537=DIRECTION('',(0.766130877682874,-0.642684586917151,0.));
#7538=DIRECTION('',(0.,0.,1.));
#7539=DIRECTION('',(0.766130877682874,-0.642684586917151,0.));
#7540=DIRECTION('',(0.,0.,-1.));
#7541=DIRECTION('',(0.,-1.,0.));
#7542=DIRECTION('',(0.,0.,-1.));
#7543=DIRECTION('',(1.,0.,0.));
#7544=DIRECTION('',(0.,0.,1.));
#7545=DIRECTION('',(-9.05441548727144E-17,-0.739349132629545,-0.673322255743815));
#7546=DIRECTION('',(-8.24581945291338E-17,-0.673322255743815,0.739349132629545));
#7547=DIRECTION('',(1.,-1.22464679914735E-16,0.));
#7548=DIRECTION('',(-5.70413179178434E-16,0.673322255743815,-0.739349132629545));
#7549=DIRECTION('',(1.,-1.22464679914735E-16,0.));
#7550=DIRECTION('',(2.15506413353321E-16,-0.673322255743815,0.739349132629545));
#7551=DIRECTION('',(9.05441548727144E-17,0.739349132629545,0.673322255743815));
#7552=DIRECTION('',(8.24581945291339E-17,0.673322255743815,-0.739349132629545));
#7553=DIRECTION('',(-1.,1.22464679914735E-16,0.));
#7554=DIRECTION('',(-2.15506413353321E-16,0.673322255743815,-0.739349132629545));
#7555=DIRECTION('',(-1.,1.22464679914735E-16,0.));
#7556=DIRECTION('',(5.70413179178434E-16,-0.673322255743815,0.739349132629545));
#7557=DIRECTION('',(0.,-0.739349132629545,0.673322255743815));
#7558=DIRECTION('',(0.,-0.673322255743815,-0.739349132629545));
#7559=DIRECTION('',(1.,0.,0.));
#7560=DIRECTION('',(0.,0.739349132629545,-0.673322255743815));
#7561=DIRECTION('',(3.73768935659666E-17,0.673322255743815,0.739349132629545));
#7562=DIRECTION('',(-2.15506413353321E-16,0.673322255743815,0.739349132629545));
#7563=DIRECTION('',(0.,-1.,0.));
#7564=DIRECTION('',(0.,0.,-1.));
#7565=DIRECTION('',(-1.,0.,0.));
#7566=DIRECTION('',(0.,0.,1.));
#7567=DIRECTION('',(0.,0.,1.));
#7568=DIRECTION('',(1.,0.,0.));
#7569=DIRECTION('',(0.,1.,0.));
#7570=DIRECTION('',(0.,1.,0.));
#7571=DIRECTION('',(0.,0.,1.));
#7572=DIRECTION('',(0.,-1.,0.));
#7573=DIRECTION('',(1.,0.,0.));
#7574=DIRECTION('',(1.,0.,0.));
#7575=DIRECTION('',(0.,0.,1.));
#7576=DIRECTION('',(-1.,0.,0.));
#7577=DIRECTION('',(0.,-1.,0.));
#7578=DIRECTION('',(0.,-1.,0.));
#7579=DIRECTION('',(0.,0.,1.));
#7580=DIRECTION('',(0.,-1.,0.));
#7581=DIRECTION('',(1.,0.,0.));
#7582=DIRECTION('',(1.,2.77555756156289E-16,0.));
#7583=DIRECTION('',(0.,0.,1.));
#7584=DIRECTION('',(-1.,0.,0.));
#7585=DIRECTION('',(0.,-1.,0.));
#7586=DIRECTION('',(0.,-1.,0.));
#7587=DIRECTION('',(0.,0.,-1.));
#7588=DIRECTION('',(0.,1.,0.));
#7589=DIRECTION('',(1.,0.,0.));
#7590=DIRECTION('',(1.,0.,0.));
#7591=DIRECTION('',(-0.707106781186549,0.,0.707106781186546));
#7592=DIRECTION('',(-0.707106781186548,0.,0.707106781186548));
#7593=DIRECTION('',(-0.5,0.707106781186544,-0.5));
#7594=DIRECTION('',(0.,0.,-1.));
#7595=DIRECTION('',(-1.,-1.40186826668194E-16,0.));
#7596=DIRECTION('',(0.707106781186549,0.,-0.707106781186546));
#7597=DIRECTION('',(0.707106781186548,0.,0.707106781186548));
#7598=DIRECTION('',(0.707106781186548,0.,-0.707106781186548));
#7599=DIRECTION('',(-4.44089209850063E-16,1.,0.));
#7600=DIRECTION('',(-0.707106781186549,0.,0.707106781186546));
#7601=DIRECTION('',(0.707106781186548,0.,-0.707106781186548));
#7602=DIRECTION('',(-0.5,-0.707106781186548,-0.5));
#7603=DIRECTION('',(0.,0.,-1.));
#7604=DIRECTION('',(-1.,0.,0.));
#7605=DIRECTION('',(0.707106781186549,0.,-0.707106781186546));
#7606=DIRECTION('',(0.,-1.,0.));
#7607=DIRECTION('',(-1.,0.,0.));
#7608=DIRECTION('',(-1.,0.,0.));
#7609=DIRECTION('',(0.,0.,1.));
#7610=DIRECTION('',(-1.,0.,0.));
#7611=DIRECTION('',(0.,0.,1.));
#7612=DIRECTION('',(0.,1.,0.));
#7613=DIRECTION('',(0.,0.,-1.));
#7614=DIRECTION('',(0.,0.,1.));
#7615=DIRECTION('',(0.,-1.,0.));
#7616=DIRECTION('',(0.,0.,-1.));
#7617=DIRECTION('',(1.,0.,0.));
#7618=DIRECTION('',(0.,-1.,0.));
#7619=DIRECTION('',(-0.707106781186548,0.,0.707106781186548));
#7620=DIRECTION('',(0.,-1.,0.));
#7621=DIRECTION('',(-0.707106781186548,0.,0.707106781186548));
#7622=DIRECTION('',(0.,-1.,0.));
#7623=DIRECTION('',(0.,-1.,0.));
#7624=DIRECTION('',(-0.707106781186548,0.,0.707106781186548));
#7625=DIRECTION('',(0.,1.,0.));
#7626=DIRECTION('',(1.,0.,-3.2627210314017E-32));
#7627=DIRECTION('',(-1.,-3.70074341541719E-17,0.));
#7628=DIRECTION('',(0.,0.,1.));
#7629=DIRECTION('',(-1.,0.,0.));
#7630=DIRECTION('',(0.,0.,1.));
#7631=DIRECTION('',(0.,1.,0.));
#7632=DIRECTION('',(0.,0.,-1.));
#7633=DIRECTION('',(0.,0.,-1.));
#7634=DIRECTION('',(0.86602540378444,-0.5,0.));
#7635=DIRECTION('',(0.,0.,-1.));
#7636=DIRECTION('',(1.,8.40139546819836E-16,0.));
#7637=DIRECTION('',(0.,0.,1.));
#7638=DIRECTION('',(0.,0.,-1.));
#7639=DIRECTION('',(-1.,0.,0.));
#7640=DIRECTION('',(0.,1.,0.));
#7641=DIRECTION('',(0.,0.,1.));
#7642=DIRECTION('',(0.,-1.,0.));
#7643=DIRECTION('',(0.,0.,1.));
#7644=DIRECTION('',(0.,0.,1.));
#7645=DIRECTION('',(1.,0.,0.));
#7646=DIRECTION('',(0.,0.,1.));
#7647=DIRECTION('',(-0.55,0.835164654424503,0.));
#7648=DIRECTION('',(0.,-0.739349132629545,0.673322255743815));
#7649=DIRECTION('',(0.,0.673322255743815,0.739349132629545));
#7650=DIRECTION('',(0.,0.,1.));
#7651=DIRECTION('',(-0.55,0.835164654424503,0.));
#7652=DIRECTION('',(0.,0.739349132629545,-0.673322255743815));
#7653=DIRECTION('',(0.,0.673322255743815,0.739349132629545));
#7654=DIRECTION('',(-1.,0.,0.));
#7655=DIRECTION('',(2.15506413353321E-16,-0.673322255743815,-0.739349132629545));
#7656=DIRECTION('',(-1.,0.,0.));
#7657=DIRECTION('',(0.,-1.,0.));
#7658=DIRECTION('',(3.20064295387433E-16,-1.,0.));
#7659=DIRECTION('',(3.20064295387433E-16,-1.,0.));
#7660=DIRECTION('',(0.,1.,0.));
#7661=DIRECTION('',(1.,0.,-3.2627210314017E-32));
#7662=DIRECTION('',(-1.,0.,0.));
#7663=DIRECTION('',(0.,0.,1.));
#7664=DIRECTION('',(0.,0.,1.));
#7665=DIRECTION('',(1.,0.,0.));
#7666=DIRECTION('',(0.,1.,0.));
#7667=DIRECTION('',(-1.0775320667666E-16,0.673322255743815,0.739349132629545));
#7668=DIRECTION('',(-1.60032147693716E-16,1.,0.));
#7669=DIRECTION('',(0.,0.739349132629545,-0.673322255743815));
#7670=DIRECTION('',(0.,0.673322255743815,0.739349132629545));
#7671=DIRECTION('',(-1.,0.,0.));
#7672=DIRECTION('',(0.,0.739349132629545,-0.673322255743815));
#7673=DIRECTION('',(0.,-0.673322255743815,-0.739349132629545));
#7674=DIRECTION('',(0.,-1.,0.));
#7675=DIRECTION('',(0.,0.,-1.));
#7676=DIRECTION('',(0.,-1.,0.));
#7677=DIRECTION('',(0.,-1.,0.));
#7678=DIRECTION('',(0.,0.,-1.));
#7679=DIRECTION('',(0.,-1.,0.));
#7680=DIRECTION('',(0.,1.,0.));
#7681=DIRECTION('',(1.,0.,-3.2627210314017E-32));
#7682=DIRECTION('',(-1.,-1.07321559047099E-15,0.));
#7683=DIRECTION('',(0.,-1.,0.));
#7684=DIRECTION('',(0.707106781186548,0.,0.707106781186548));
#7685=DIRECTION('',(0.,1.,0.));
#7686=DIRECTION('',(0.707106781186548,0.,0.707106781186548));
#7687=DIRECTION('',(0.,1.,0.));
#7688=DIRECTION('',(0.,1.,0.));
#7689=DIRECTION('',(0.707106781186548,0.,0.707106781186548));
#7690=DIRECTION('',(0.,-1.,0.));
#7691=DIRECTION('',(0.,0.,-1.));
#7692=DIRECTION('',(1.,0.,0.));
#7693=DIRECTION('',(0.,0.,-1.));
#7694=DIRECTION('',(-1.,0.,0.));
#7695=DIRECTION('',(0.,0.,1.));
#7696=DIRECTION('',(0.,-1.,0.));
#7697=DIRECTION('',(0.,0.,-1.));
#7698=DIRECTION('',(0.,-1.,0.));
#7699=DIRECTION('',(-1.,0.,0.));
#7700=DIRECTION('',(-1.,-7.40148683083437E-16,0.));
#7701=DIRECTION('',(0.,0.,-1.));
#7702=DIRECTION('',(1.,0.,0.));
#7703=DIRECTION('',(0.,-1.,0.));
#7704=DIRECTION('',(0.,-1.,0.));
#7705=DIRECTION('',(0.,0.,-1.));
#7706=DIRECTION('',(-1.,0.,0.));
#7707=DIRECTION('',(0.,-1.,0.));
#7708=DIRECTION('',(3.20064295387433E-16,-1.,0.));
#7709=DIRECTION('',(1.,0.,0.));
#7710=DIRECTION('',(0.,1.,0.));
#7711=DIRECTION('',(0.,0.,-1.));
#7712=DIRECTION('',(0.,1.,0.));
#7713=DIRECTION('',(0.,0.,-1.));
#7714=DIRECTION('',(0.,1.,2.16840434497101E-16));
#7715=DIRECTION('',(-1.60032147693716E-16,1.,0.));
#7716=DIRECTION('',(0.,-1.,0.));
#7717=DIRECTION('',(-1.,0.,0.));
#7718=DIRECTION('',(1.,0.,0.));
#7719=DIRECTION('',(1.,0.,0.));
#7720=DIRECTION('',(0.,0.,1.));
#7721=DIRECTION('',(-1.,-1.11022302462516E-15,0.));
#7722=DIRECTION('',(0.,1.,0.));
#7723=DIRECTION('',(1.,0.,0.));
#7724=DIRECTION('',(1.,0.,0.));
#7725=DIRECTION('',(-1.,0.,0.));
#7726=DIRECTION('',(0.,0.,-1.));
#7727=DIRECTION('',(1.,0.,0.));
#7728=DIRECTION('',(0.,-1.,0.));
#7729=DIRECTION('',(0.,-1.,0.));
#7730=DIRECTION('',(0.,1.,0.));
#7731=DIRECTION('',(0.,0.,1.));
#7732=DIRECTION('',(1.,0.,0.));
#7733=DIRECTION('',(-8.58127087720683E-16,1.,0.));
#7734=DIRECTION('',(1.,0.,0.));
#7735=DIRECTION('',(0.,1.,0.));
#7736=DIRECTION('',(-7.10542735760098E-15,-1.,0.));
#7737=DIRECTION('',(0.,0.,1.));
#7738=DIRECTION('',(1.,0.,0.));
#7739=DIRECTION('',(1.,0.,0.));
#7740=DIRECTION('',(0.,-1.,0.));
#7741=DIRECTION('',(0.,-1.,0.));
#7742=DIRECTION('',(0.,0.,-1.));
#7743=DIRECTION('',(0.,0.,1.));
#7744=DIRECTION('',(-1.,0.,0.));
#7745=DIRECTION('',(0.,0.,1.));
#7746=DIRECTION('',(0.,0.,1.));
#7747=DIRECTION('',(1.,0.,0.));
#7748=DIRECTION('',(0.,-2.16840434497101E-16,1.));
#7749=DIRECTION('',(0.,-1.,-2.16840434497101E-16));
#7750=CARTESIAN_POINT('',(0.,0.,0.));
#7751=CARTESIAN_POINT('',(0.0335,0.0121,0.0114));
#7752=CARTESIAN_POINT('',(0.0284979064017534,0.0121,0.0114));
#7753=CARTESIAN_POINT('',(0.0284979064017534,0.0115,0.0114));
#7754=CARTESIAN_POINT('',(0.0284979064017534,0.0116527864045,0.011));
#7755=CARTESIAN_POINT('',(0.0335,0.0115,0.0114));
#7756=CARTESIAN_POINT('',(0.02965,0.0115,0.0114));
#7757=CARTESIAN_POINT('',(0.02965,0.0121,0.0114));
#7758=CARTESIAN_POINT('',(0.02965,0.0116527864045,0.011));
#7759=CARTESIAN_POINT('',(0.0335,0.0116527864045,0.011));
#7760=CARTESIAN_POINT('',(0.02845,-0.018,0.0117));
#7761=CARTESIAN_POINT('',(0.02845,0.0185,0.0117));
#7762=CARTESIAN_POINT('',(0.02845,0.0185,0.011));
#7763=CARTESIAN_POINT('',(0.028,0.0185,0.0111638097352618));
#7764=CARTESIAN_POINT('',(0.02845,-0.018,0.011));
#7765=CARTESIAN_POINT('',(0.02845,0.0248472135955,0.011));
#7766=CARTESIAN_POINT('',(0.028,0.0249515561248349,0.0111638097352618));
#7767=CARTESIAN_POINT('',(0.0281243782725565,0.0249068558296221,0.0110594247317822));
#7768=CARTESIAN_POINT('',(0.0282810917771577,0.0248472135955,0.011));
#7769=CARTESIAN_POINT('',(0.02845,0.0248472135955,0.011));
#7770=CARTESIAN_POINT('',(0.028,0.0249515561248349,0.0111638097352618));
#7771=CARTESIAN_POINT('',(0.028,-0.018,0.0111638097352618));
#7772=CARTESIAN_POINT('',(-0.0315,0.00325,0.011));
#7773=CARTESIAN_POINT('',(-0.0315,0.0185,0.011));
#7774=CARTESIAN_POINT('',(0.0284979064017534,0.0185,0.011));
#7775=CARTESIAN_POINT('',(0.0284979064017534,0.00325,0.011));
#7776=CARTESIAN_POINT('',(0.02965,0.0109,0.011));
#7777=CARTESIAN_POINT('',(0.0301046288275067,0.0115,0.011));
#7778=CARTESIAN_POINT('',(0.027975,0.0115,0.011));
#7779=CARTESIAN_POINT('',(0.03455,0.0115,0.011));
#7780=CARTESIAN_POINT('',(0.03455,-0.018,0.011));
#7781=CARTESIAN_POINT('',(0.03455,0.0248472135955,0.011));
#7782=CARTESIAN_POINT('',(0.03075,0.0248472135955,0.011));
#7783=CARTESIAN_POINT('',(0.,0.0289585190375902,0.0145015433563454));
#7784=CARTESIAN_POINT('',(-0.012,0.0273091533939912,0.0126904387217054));
#7785=CARTESIAN_POINT('',(-0.012,0.0281089817645253,0.0135686993271767));
#7786=CARTESIAN_POINT('',(-0.012,0.025086655750342,0.01025));
#7787=CARTESIAN_POINT('',(0.,0.025086655750342,0.01025));
#7788=CARTESIAN_POINT('',(0.012,0.025086655750342,0.01025));
#7789=CARTESIAN_POINT('',(0.012,0.025018319062615,0.0101749621256883));
#7790=CARTESIAN_POINT('',(0.012,0.0275,0.0129));
#7791=CARTESIAN_POINT('',(0.008,0.0275,0.0129));
#7792=CARTESIAN_POINT('',(0.015,0.0275,0.0129));
#7793=CARTESIAN_POINT('',(0.015,0.0124374996953967,-0.00363954913927263));
#7794=CARTESIAN_POINT('',(0.015,0.025086655750342,0.01025));
#7795=CARTESIAN_POINT('',(0.,0.025086655750342,0.01025));
#7796=CARTESIAN_POINT('',(0.0217360775340236,0.025086655750342,0.01025));
#7797=CARTESIAN_POINT('',(0.023,0.0264982344624061,0.0118));
#7798=CARTESIAN_POINT('',(0.021,0.0264982344624061,0.0118));
#7799=CARTESIAN_POINT('',(0.021,0.0301429158159695,0.0158020836597646));
#7800=CARTESIAN_POINT('',(0.021,0.0289585190375902,0.0145015433563454));
#7801=CARTESIAN_POINT('',(0.,0.0289585190375902,0.0145015433563454));
#7802=CARTESIAN_POINT('',(-0.0210056434675488,0.0289585190375902,0.0145015433563454));
#7803=CARTESIAN_POINT('',(-0.024,0.0307785053957618,0.0165));
#7804=CARTESIAN_POINT('',(-0.0212728219713411,0.0286383699290839,0.01415));
#7805=CARTESIAN_POINT('',(-0.0104375,0.0286383699290839,0.01415));
#7806=CARTESIAN_POINT('',(-0.0185703842403065,0.0286383699290839,0.01415));
#7807=CARTESIAN_POINT('',(-0.022,0.025,0.0101548466714026));
#7808=CARTESIAN_POINT('',(-0.0180841051612882,0.0281089817645253,0.0135686993271767));
#7809=CARTESIAN_POINT('',(-0.012625,0.0281089817645253,0.0135686993271767));
#7810=CARTESIAN_POINT('',(-0.02525,0.0281089817645253,0.015));
#7811=CARTESIAN_POINT('',(-0.0180841051612882,0.0281089817645253,0.00215));
#7812=CARTESIAN_POINT('',(-0.0180841051612882,0.0281089817645253,0.01415));
#7813=CARTESIAN_POINT('',(-0.0230625,0.0281089817645253,0.01415));
#7814=CARTESIAN_POINT('',(-0.0203924452146663,0.0281089817645253,0.01415));
#7815=CARTESIAN_POINT('',(-0.0203924452146663,0.0281089817645253,0.02014));
#7816=CARTESIAN_POINT('',(-0.0203924452146663,0.0281089817645253,0.015));
#7817=CARTESIAN_POINT('',(-0.02525,0.0281089817645253,0.015));
#7818=CARTESIAN_POINT('',(-0.017,0.0281089817645253,0.015));
#7819=CARTESIAN_POINT('',(-0.017,0.0281089817645253,0.02014));
#7820=CARTESIAN_POINT('',(-0.017,0.0281089817645253,0.02014));
#7821=CARTESIAN_POINT('',(-0.012,0.0281089817645253,0.02014));
#7822=CARTESIAN_POINT('',(-0.012,0.0281089817645253,0.02014));
#7823=CARTESIAN_POINT('',(-0.012,0.0281089817645253,0.0143489261332602));
#7824=CARTESIAN_POINT('',(0.0388934339872219,-0.028,0.012155410228861));
#7825=CARTESIAN_POINT('',(-0.0171418285562006,-0.028,0.00157123557293829));
#7826=CARTESIAN_POINT('',(-0.026,-0.028,0.0173957045330409));
#7827=CARTESIAN_POINT('',(-0.022,-0.028,0.01025));
#7828=CARTESIAN_POINT('',(0.0194467169936109,-0.028,0.01025));
#7829=CARTESIAN_POINT('',(-0.012,-0.028,0.01025));
#7830=CARTESIAN_POINT('',(-0.012,-0.028,0.00967551274026341));
#7831=CARTESIAN_POINT('',(-0.012,-0.028,0.0114623429514509));
#7832=CARTESIAN_POINT('',(0.0123382548073871,-0.028,0.0114623429514509));
#7833=CARTESIAN_POINT('',(0.012,-0.028,0.0114623429514509));
#7834=CARTESIAN_POINT('',(0.012,-0.028,0.));
#7835=CARTESIAN_POINT('',(0.012,-0.028,0.01025));
#7836=CARTESIAN_POINT('',(0.0194467169936109,-0.028,0.01025));
#7837=CARTESIAN_POINT('',(0.0163376241735469,-0.028,0.01025));
#7838=CARTESIAN_POINT('',(0.0163376241735469,-0.028,0.02014));
#7839=CARTESIAN_POINT('',(0.0163376241735469,-0.028,0.0215));
#7840=CARTESIAN_POINT('',(0.012,-0.028,0.0215));
#7841=CARTESIAN_POINT('',(0.012,-0.028,0.0215));
#7842=CARTESIAN_POINT('',(0.012,-0.028,0.02014));
#7843=CARTESIAN_POINT('',(0.012,-0.028,0.0134490306657195));
#7844=CARTESIAN_POINT('',(0.0123382548073871,-0.028,0.0134490306657195));
#7845=CARTESIAN_POINT('',(-0.012,-0.028,0.0134490306657196));
#7846=CARTESIAN_POINT('',(-0.012,-0.028,0.01944));
#7847=CARTESIAN_POINT('',(-0.012,-0.028,0.02014));
#7848=CARTESIAN_POINT('',(-0.026,-0.028,0.02014));
#7849=CARTESIAN_POINT('',(-0.02005,-0.028,0.02014));
#7850=CARTESIAN_POINT('',(-0.02005,-0.028,0.02014));
#7851=CARTESIAN_POINT('',(-0.02005,-0.028,0.02114));
#7852=CARTESIAN_POINT('',(-0.026,-0.028,0.02114));
#7853=CARTESIAN_POINT('',(-0.026,-0.028,0.02114));
#7854=CARTESIAN_POINT('',(-0.026,-0.028,0.0118088765901559));
#7855=CARTESIAN_POINT('',(-3.54639576474326E-18,-0.0289585190375902,0.0145015433563454));
#7856=CARTESIAN_POINT('',(-3.07222926659679E-18,-0.025086655750342,0.01025));
#7857=CARTESIAN_POINT('',(0.012,-0.025086655750342,0.01025));
#7858=CARTESIAN_POINT('',(-0.0120431794841441,-0.025086655750342,0.01025));
#7859=CARTESIAN_POINT('',(-0.014,-0.0255,0.0107038773371221));
#7860=CARTESIAN_POINT('',(-0.012,-0.0255,0.0107038773371222));
#7861=CARTESIAN_POINT('',(-0.012,-0.0275399927460069,0.0129439144879283));
#7862=CARTESIAN_POINT('',(0.012,-0.0125508404104167,-0.00351509408283153));
#7863=CARTESIAN_POINT('',(-0.014,-0.0255,0.0109239261332602));
#7864=CARTESIAN_POINT('',(-0.014,-0.0255,0.01515));
#7865=CARTESIAN_POINT('',(-0.012,-0.0255,0.01515));
#7866=CARTESIAN_POINT('',(-0.014,-0.0235,0.01515));
#7867=CARTESIAN_POINT('',(-0.012,-0.0255,0.0109239261332602));
#7868=CARTESIAN_POINT('',(-0.014,-0.0255,0.01025));
#7869=CARTESIAN_POINT('',(-0.014,-0.0235,0.01025));
#7870=CARTESIAN_POINT('',(-0.014,-0.0235,0.0109239261332602));
#7871=CARTESIAN_POINT('',(-0.014,-0.0255,0.01515));
#7872=CARTESIAN_POINT('',(-0.012,-0.0220358983848623,0.01715));
#7873=CARTESIAN_POINT('',(-0.012,-0.0227292057180418,0.01715));
#7874=CARTESIAN_POINT('',(-0.012,-0.0240356687884103,0.0166156937413235));
#7875=CARTESIAN_POINT('',(-0.012,-0.0250174033467633,0.0156325954472532));
#7876=CARTESIAN_POINT('',(-0.012,-0.0255,0.01515));
#7877=CARTESIAN_POINT('',(-0.012,-0.0220358983848623,0.01715));
#7878=CARTESIAN_POINT('',(-0.014,-0.0215,0.01515));
#7879=CARTESIAN_POINT('',(-0.014,-0.0215,0.01715));
#7880=CARTESIAN_POINT('',(-0.014,-0.0255,0.01715));
#7881=CARTESIAN_POINT('',(-0.019,-0.021,0.01715));
#7882=CARTESIAN_POINT('',(-0.015,-0.01975,0.01715));
#7883=CARTESIAN_POINT('',(-0.015,-0.0185,0.01715));
#7884=CARTESIAN_POINT('',(-0.015,-0.0205,0.01715));
#7885=CARTESIAN_POINT('',(-0.0155,-0.0205,0.01715));
#7886=CARTESIAN_POINT('',(-0.014,-0.0205,0.01715));
#7887=CARTESIAN_POINT('',(-0.014,-0.0165,0.01715));
#7888=CARTESIAN_POINT('',(-0.012,-0.0199641016151378,0.01715));
#7889=CARTESIAN_POINT('',(-0.012,0.000782440962787409,0.01715));
#7890=CARTESIAN_POINT('',(-0.0225,-0.0215,0.01715));
#7891=CARTESIAN_POINT('',(-0.0258624602895881,-0.0215,0.01715));
#7892=CARTESIAN_POINT('',(-0.0258624602895881,-0.0245,0.01715));
#7893=CARTESIAN_POINT('',(-0.0258624602895881,-0.0185,0.01715));
#7894=CARTESIAN_POINT('',(-0.0225,-0.0185,0.01715));
#7895=CARTESIAN_POINT('',(-0.014,-0.0165,0.01515));
#7896=CARTESIAN_POINT('',(-0.014,-0.0205,0.01515));
#7897=CARTESIAN_POINT('',(-0.014,-0.0185,0.01515));
#7898=CARTESIAN_POINT('',(-0.014,-0.0165,0.01515));
#7899=CARTESIAN_POINT('',(-0.012,-0.0165,0.01515));
#7900=CARTESIAN_POINT('',(-0.012,-0.0199641016151378,0.01715));
#7901=CARTESIAN_POINT('',(-0.012,-0.0192707942819582,0.01715));
#7902=CARTESIAN_POINT('',(-0.012,-0.0179643312115812,0.0166156937413322));
#7903=CARTESIAN_POINT('',(-0.012,-0.016982596653254,0.015632595447236));
#7904=CARTESIAN_POINT('',(-0.012,-0.0165,0.01515));
#7905=CARTESIAN_POINT('',(-0.014,-0.0165,0.0109239261332602));
#7906=CARTESIAN_POINT('',(-0.014,-0.0185,0.0109239261332602));
#7907=CARTESIAN_POINT('',(-0.014,-0.0185,0.01025));
#7908=CARTESIAN_POINT('',(-0.014,-0.0165,0.01025));
#7909=CARTESIAN_POINT('',(-0.012,-0.0165,0.01025));
#7910=CARTESIAN_POINT('',(-0.012,-0.0165,0.0109239261332602));
#7911=CARTESIAN_POINT('',(0.012,0.0275,0.));
#7912=CARTESIAN_POINT('',(0.012,0.01375,0.01025));
#7913=CARTESIAN_POINT('',(0.012,0.0275,0.0215));
#7914=CARTESIAN_POINT('',(0.012,0.0185,0.0215));
#7915=CARTESIAN_POINT('',(0.012,0.0185,0.02014));
#7916=CARTESIAN_POINT('',(0.012,0.0185,0.02014));
#7917=CARTESIAN_POINT('',(0.012,0.013625,0.02014));
#7918=CARTESIAN_POINT('',(0.012,0.0275,0.02014));
#7919=CARTESIAN_POINT('',(0.012,0.0275,0.));
#7920=CARTESIAN_POINT('',(0.014,0.0275,0.01944));
#7921=CARTESIAN_POINT('',(0.0259040846360635,0.0275,0.01994));
#7922=CARTESIAN_POINT('',(0.0259040846674627,0.0274999998333334,0.0199399998363179));
#7923=CARTESIAN_POINT('',(0.0259040846360635,0.0275,0.02114));
#7924=CARTESIAN_POINT('',(0.0259461792377496,0.0275,0.0197205638223198));
#7925=CARTESIAN_POINT('',(0.0259882738394358,0.0275,0.0195011276446389));
#7926=CARTESIAN_POINT('',(0.024,0.0275,0.0165));
#7927=CARTESIAN_POINT('',(0.0205248884909977,0.0275,0.01744));
#7928=CARTESIAN_POINT('',(0.014,0.0275,0.01744));
#7929=CARTESIAN_POINT('',(0.0196490339577824,0.0275,0.0174400000000028));
#7930=CARTESIAN_POINT('',(0.0196490339577824,0.0275,0.0174400000000042));
#7931=CARTESIAN_POINT('',(0.0190678780002647,0.0275,0.0172654283993195));
#7932=CARTESIAN_POINT('',(0.0183693900655682,0.0275,0.0172654283993181));
#7933=CARTESIAN_POINT('',(0.0175535701536928,0.0275,0.01744));
#7934=CARTESIAN_POINT('',(0.0175535701536928,0.0275,0.01744));
#7935=CARTESIAN_POINT('',(0.014,0.0275,0.01744));
#7936=CARTESIAN_POINT('',(0.015,0.0275,0.01744));
#7937=CARTESIAN_POINT('',(0.015,0.0275,0.));
#7938=CARTESIAN_POINT('',(0.0259040846360635,0.0275,0.02014));
#7939=CARTESIAN_POINT('',(0.02005,0.0275,0.02014));
#7940=CARTESIAN_POINT('',(0.02005,0.0275,0.02014));
#7941=CARTESIAN_POINT('',(0.02005,0.0275,0.02114));
#7942=CARTESIAN_POINT('',(0.0259040846360636,0.0275,0.02114));
#7943=CARTESIAN_POINT('',(0.015,-0.028,0.));
#7944=CARTESIAN_POINT('',(0.015,-0.0160824713198813,0.01007));
#7945=CARTESIAN_POINT('',(0.015,-0.0160824713198813,0.0215));
#7946=CARTESIAN_POINT('',(0.015,-0.0160824713198813,0.01025));
#7947=CARTESIAN_POINT('',(0.015,-0.014,0.01025));
#7948=CARTESIAN_POINT('',(0.015,-0.00225,0.01744));
#7949=CARTESIAN_POINT('',(0.015,0.0185,0.01744));
#7950=CARTESIAN_POINT('',(0.015,0.0185,0.00972));
#7951=CARTESIAN_POINT('',(0.015,0.0185,0.02014));
#7952=CARTESIAN_POINT('',(0.015,0.0185,0.02014));
#7953=CARTESIAN_POINT('',(0.015,0.0185,0.0215));
#7954=CARTESIAN_POINT('',(0.015,-0.0160824713198813,0.0215));
#7955=CARTESIAN_POINT('',(0.023,0.03144,0.0118));
#7956=CARTESIAN_POINT('',(0.0217360775340236,0.03144,0.01025));
#7957=CARTESIAN_POINT('',(0.0217360775340236,0.0185,0.01025));
#7958=CARTESIAN_POINT('',(0.023,0.0185,0.0118));
#7959=CARTESIAN_POINT('',(0.021,0.0185,0.0118));
#7960=CARTESIAN_POINT('',(0.021,0.03144,0.0118));
#7961=CARTESIAN_POINT('',(0.021,0.03144,0.017));
#7962=CARTESIAN_POINT('',(0.021,0.0233259330957217,0.02014));
#7963=CARTESIAN_POINT('',(0.021,0.0233259330957217,0.01514));
#7964=CARTESIAN_POINT('',(0.021,0.0233259330957217,0.017));
#7965=CARTESIAN_POINT('',(0.021,0.03144,0.017));
#7966=CARTESIAN_POINT('',(0.021,0.0266740669042783,0.017));
#7967=CARTESIAN_POINT('',(0.021,0.0266740669042784,0.02014));
#7968=CARTESIAN_POINT('',(0.021,0.0266740669042784,0.01514));
#7969=CARTESIAN_POINT('',(0.021,0.02822,0.01514));
#7970=CARTESIAN_POINT('',(0.021,0.0270712315177208,0.01514));
#7971=CARTESIAN_POINT('',(0.021,0.0270712315177208,0.02014));
#7972=CARTESIAN_POINT('',(0.021,0.0270712315177208,0.017));
#7973=CARTESIAN_POINT('',(0.021,0.03144,0.017));
#7974=CARTESIAN_POINT('',(0.021,0.0275,0.017));
#7975=CARTESIAN_POINT('',(0.021,0.0275,0.0118));
#7976=CARTESIAN_POINT('',(0.021,0.0275,0.0145100251257868));
#7977=CARTESIAN_POINT('',(0.021,0.0275,0.0145100251257868));
#7978=CARTESIAN_POINT('',(0.021,0.0318,0.0145100251257868));
#7979=CARTESIAN_POINT('',(0.021,0.0318,0.0129));
#7980=CARTESIAN_POINT('',(0.021,0.0318,0.0129));
#7981=CARTESIAN_POINT('',(0.021,0.0318,0.0129));
#7982=CARTESIAN_POINT('',(0.021,0.0293092684419231,0.0129));
#7983=CARTESIAN_POINT('',(0.021,0.0266199883481948,0.00994700551966839));
#7984=CARTESIAN_POINT('',(0.021,0.0299475323640307,0.0136008529321189));
#7985=CARTESIAN_POINT('',(0.021,0.0302275440158359,0.0133458474567524));
#7986=CARTESIAN_POINT('',(0.021,0.0185,0.017));
#7987=CARTESIAN_POINT('',(0.021,0.0185,0.017));
#7988=CARTESIAN_POINT('',(0.021,0.03144,0.017));
#7989=CARTESIAN_POINT('',(0.021,0.0229287684822792,0.017));
#7990=CARTESIAN_POINT('',(0.021,0.0229287684822792,0.02014));
#7991=CARTESIAN_POINT('',(0.021,0.0229287684822792,0.01514));
#7992=CARTESIAN_POINT('',(0.021,0.02822,0.01514));
#7993=CARTESIAN_POINT('',(0.,0.0299475323640307,0.0136008529321189));
#7994=CARTESIAN_POINT('',(0.,0.0299475323640307,0.0136008529321189));
#7995=CARTESIAN_POINT('',(-0.021277557263952,0.0299475323640307,0.0136008529321189));
#7996=CARTESIAN_POINT('',(-0.022,0.025,0.0181065505852246));
#7997=CARTESIAN_POINT('',(-0.0195251234646152,0.0293445352035174,0.01415));
#7998=CARTESIAN_POINT('',(-0.0104375,0.0293445352035174,0.01415));
#7999=CARTESIAN_POINT('',(-0.0212728219713411,0.0293445352035174,0.01415));
#8000=CARTESIAN_POINT('',(-0.024,0.0267640910746358,0.0165));
#8001=CARTESIAN_POINT('',(-0.024,0.0275,0.0165));
#8002=CARTESIAN_POINT('',(-0.02475,0.0275,0.0129789916217084));
#8003=CARTESIAN_POINT('',(-0.02475,0.0291758232721225,0.0129789916217084));
#8004=CARTESIAN_POINT('',(-0.02475,0.0275,0.0129789916217084));
#8005=CARTESIAN_POINT('',(-0.024,0.0275,0.0165));
#8006=CARTESIAN_POINT('',(-0.0267100738620934,0.0275,0.0188697045516262));
#8007=CARTESIAN_POINT('',(-0.024,0.0275,0.0165));
#8008=CARTESIAN_POINT('',(-0.0244494897427832,0.0275,0.0200718285192787));
#8009=CARTESIAN_POINT('',(-0.0244494897427832,0.0275,0.0200718285192787));
#8010=CARTESIAN_POINT('',(-0.024181278911131,0.0277627918724142,0.0201055809844601));
#8011=CARTESIAN_POINT('',(-0.0235601895140254,0.0282007826058897,0.0201221303691064));
#8012=CARTESIAN_POINT('',(-0.0224945761167463,0.0285173132954933,0.0198354547802726));
#8013=CARTESIAN_POINT('',(-0.0215382928167775,0.0285033458097719,0.0192067461291216));
#8014=CARTESIAN_POINT('',(-0.0208358947032462,0.0283179950995289,0.0183324146552049));
#8015=CARTESIAN_POINT('',(-0.020428863888468,0.0281307969880774,0.0172927869618379));
#8016=CARTESIAN_POINT('',(-0.0203336803372431,0.028075023074891,0.0157786270334163));
#8017=CARTESIAN_POINT('',(-0.0207853910817061,0.0283200952657694,0.0147156641756322));
#8018=CARTESIAN_POINT('',(-0.0212728219713118,0.0284236255803742,0.014150000000034));
#8019=CARTESIAN_POINT('',(-0.0212728219713411,0.0284236255803805,0.01415));
#8020=CARTESIAN_POINT('',(-0.0212728219713411,0.0275,0.01415));
#8021=CARTESIAN_POINT('',(-0.0212728219713411,0.0275,0.01415));
#8022=CARTESIAN_POINT('',(-0.0212728219713411,0.0299468385979973,0.01415));
#8023=CARTESIAN_POINT('',(-0.0212728219713411,0.0299468385979973,0.01415));
#8024=CARTESIAN_POINT('',(-0.0217106444384717,0.0300111978594212,0.0136419064626333));
#8025=CARTESIAN_POINT('',(-0.0228830974645307,0.03005396637394,0.0128813588866979));
#8026=CARTESIAN_POINT('',(-0.0241958477011126,0.0295407618058277,0.0128609532135273));
#8027=CARTESIAN_POINT('',(-0.02475,0.0291758232721225,0.0129789916217083));
#8028=CARTESIAN_POINT('',(-0.024,0.0318,0.0165));
#8029=CARTESIAN_POINT('',(-0.0204,0.0318,0.0165));
#8030=CARTESIAN_POINT('',(-0.020875,0.025,0.01415));
#8031=CARTESIAN_POINT('',(-0.022,0.025,0.01415));
#8032=CARTESIAN_POINT('',(-0.022,0.025,0.01415));
#8033=CARTESIAN_POINT('',(-0.022,0.025,0.00215));
#8034=CARTESIAN_POINT('',(-0.022,0.025,0.02014));
#8035=CARTESIAN_POINT('',(-0.02475,0.0271650635094611,0.02014));
#8036=CARTESIAN_POINT('',(-0.02475,0.0271650635094611,0.01025));
#8037=CARTESIAN_POINT('',(-0.02475,0.0271650635094611,0.012));
#8038=CARTESIAN_POINT('',(-0.022,0.025,0.01025));
#8039=CARTESIAN_POINT('',(-0.02525,0.0262990381056766,0.01025));
#8040=CARTESIAN_POINT('',(-0.02525,0.0262990381056766,0.02014));
#8041=CARTESIAN_POINT('',(-0.02525,0.0262990381056767,0.012));
#8042=CARTESIAN_POINT('',(-0.022,0.025,0.012));
#8043=CARTESIAN_POINT('',(-0.0254641016151378,0.0245,0.02014));
#8044=CARTESIAN_POINT('',(-0.0254641016151378,0.0245,0.0178625000772664));
#8045=CARTESIAN_POINT('',(-0.0254641016151378,0.0245,0.0151374999227336));
#8046=CARTESIAN_POINT('',(-0.0244494897427832,0.0275,0.0145511647142119));
#8047=CARTESIAN_POINT('',(-0.0241222058731377,0.02782067139267,0.0144756782205832));
#8048=CARTESIAN_POINT('',(-0.0233016413750457,0.0283462826594233,0.0144673298549924));
#8049=CARTESIAN_POINT('',(-0.0221390936896929,0.0285232511851619,0.0153809421781635));
#8050=CARTESIAN_POINT('',(-0.0218582376236012,0.0284904635071939,0.0168246825473055));
#8051=CARTESIAN_POINT('',(-0.0225645844255734,0.0285144503200024,0.018125990739378));
#8052=CARTESIAN_POINT('',(-0.0238889399417076,0.0280661924562216,0.0186205563514075));
#8053=CARTESIAN_POINT('',(-0.024909545271976,0.027090909636497,0.0183525064731569));
#8054=CARTESIAN_POINT('',(-0.0254704111443666,0.0259023991284106,0.0178792606590524));
#8055=CARTESIAN_POINT('',(-0.0255297754662591,0.0249550017874832,0.0177919289315444));
#8056=CARTESIAN_POINT('',(-0.0254641016151377,0.0245,0.0178625000772665));
#8057=CARTESIAN_POINT('',(-0.0244494897427832,0.0275,0.0145511647142119));
#8058=CARTESIAN_POINT('',(-0.0244494897427832,0.0275,0.02014));
#8059=CARTESIAN_POINT('',(-0.0244494897427832,0.0275,0.015));
#8060=CARTESIAN_POINT('',(-0.022,0.025,0.015));
#8061=CARTESIAN_POINT('',(-0.02475,0.0271650635094611,0.015));
#8062=CARTESIAN_POINT('',(-0.02475,0.0271650635094611,0.02014));
#8063=CARTESIAN_POINT('',(-0.02475,0.0271650635094611,0.0146459503782261));
#8064=CARTESIAN_POINT('',(-0.0254641016151377,0.0245,0.0151374999227336));
#8065=CARTESIAN_POINT('',(-0.0255334119061682,0.0249801957822084,0.0152119786774408));
#8066=CARTESIAN_POINT('',(-0.025460118329471,0.0259731853670951,0.0151055431020869));
#8067=CARTESIAN_POINT('',(-0.0250433431149888,0.026792467711373,0.014764613510893));
#8068=CARTESIAN_POINT('',(-0.0247500000000003,0.0271650635094609,0.0146459503782251));
#8069=CARTESIAN_POINT('',(-0.0244494897427832,0.0275,0.02014));
#8070=CARTESIAN_POINT('',(-0.0244494897427832,0.0275,0.019));
#8071=CARTESIAN_POINT('',(-0.022,0.025,0.019));
#8072=CARTESIAN_POINT('',(-0.0251331134674633,0.02344,0.019));
#8073=CARTESIAN_POINT('',(-0.0251331134674633,0.02344,0.02014));
#8074=CARTESIAN_POINT('',(-0.0251331134674633,0.02344,0.0171372235634793));
#8075=CARTESIAN_POINT('',(-0.0251331134674633,0.02344,0.0158627764365207));
#8076=CARTESIAN_POINT('',(-0.0251794076461151,0.0235329775093585,0.0159450969285771));
#8077=CARTESIAN_POINT('',(-0.0252581372501674,0.023713133732592,0.0161190160952728));
#8078=CARTESIAN_POINT('',(-0.0253210702149838,0.0238944991228412,0.0165013055076017));
#8079=CARTESIAN_POINT('',(-0.0252575791992878,0.0237117198885442,0.0168822405703131));
#8080=CARTESIAN_POINT('',(-0.0251793044890115,0.0235327703280054,0.0170550865057937));
#8081=CARTESIAN_POINT('',(-0.0251331134674633,0.02344,0.0171372235634793));
#8082=CARTESIAN_POINT('',(-0.0251331134674633,0.02344,0.0158627764365207));
#8083=CARTESIAN_POINT('',(-0.0251331134674633,0.02344,0.02014));
#8084=CARTESIAN_POINT('',(-0.0251331134674633,0.02344,0.015));
#8085=CARTESIAN_POINT('',(-0.022,0.025,0.015));
#8086=CARTESIAN_POINT('',(-0.02525,0.,0.015));
#8087=CARTESIAN_POINT('',(-0.017,-0.00925,0.015));
#8088=CARTESIAN_POINT('',(-0.017,0.01635,0.015));
#8089=CARTESIAN_POINT('',(-0.024875,0.02344,0.015));
#8090=CARTESIAN_POINT('',(-0.028,0.02344,0.015));
#8091=CARTESIAN_POINT('',(-0.028,0.01572,0.015));
#8092=CARTESIAN_POINT('',(-0.028,0.0275,0.015));
#8093=CARTESIAN_POINT('',(-0.02525,0.0275,0.015));
#8094=CARTESIAN_POINT('',(-0.03675,0.0275,0.015));
#8095=CARTESIAN_POINT('',(-0.03675,-0.028,0.015));
#8096=CARTESIAN_POINT('',(-0.03675,-0.018,0.015));
#8097=CARTESIAN_POINT('',(-0.0302292108470551,-0.018,0.015));
#8098=CARTESIAN_POINT('',(-0.03525,-0.018,0.015));
#8099=CARTESIAN_POINT('',(-0.03525,0.,0.015));
#8100=CARTESIAN_POINT('',(-0.03525,0.0168,0.015));
#8101=CARTESIAN_POINT('',(-0.03455,0.0168,0.015));
#8102=CARTESIAN_POINT('',(-0.03455,0.0175,0.015));
#8103=CARTESIAN_POINT('',(-0.02775,0.0175,0.015));
#8104=CARTESIAN_POINT('',(-0.02525,0.0175,0.015));
#8105=CARTESIAN_POINT('',(-0.02525,0.018,0.015));
#8106=CARTESIAN_POINT('',(-0.02525,0.01735,0.015));
#8107=CARTESIAN_POINT('',(-0.02295,0.01735,0.015));
#8108=CARTESIAN_POINT('',(-0.01725,0.01735,0.015));
#8109=CARTESIAN_POINT('',(-0.01725,0.0174,0.015));
#8110=CARTESIAN_POINT('',(-0.01725,0.01635,0.015));
#8111=CARTESIAN_POINT('',(-0.01895,0.01635,0.015));
#8112=CARTESIAN_POINT('',(-0.022,-0.02305,0.02014));
#8113=CARTESIAN_POINT('',(-0.0205,-0.02305,0.02014));
#8114=CARTESIAN_POINT('',(-0.026,-0.02305,0.02014));
#8115=CARTESIAN_POINT('',(-0.022,-0.02305,0.02014));
#8116=CARTESIAN_POINT('',(-0.026,-0.02305,0.02014));
#8117=CARTESIAN_POINT('',(-0.026,-0.02305,0.02114));
#8118=CARTESIAN_POINT('',(-0.022,-0.02305,0.02114));
#8119=CARTESIAN_POINT('',(-0.022,-0.02305,0.02114));
#8120=CARTESIAN_POINT('',(-0.022,-0.02305,0.02014));
#8121=CARTESIAN_POINT('',(-0.022,-0.025,0.02014));
#8122=CARTESIAN_POINT('',(-0.02005,-0.025,0.02014));
#8123=CARTESIAN_POINT('',(-0.02005,-0.025,0.02014));
#8124=CARTESIAN_POINT('',(-0.02005,-0.025,0.02114));
#8125=CARTESIAN_POINT('',(-0.022,-0.025,0.02014));
#8126=CARTESIAN_POINT('',(-0.022,-0.025,0.02114));
#8127=CARTESIAN_POINT('',(-0.022,-0.025,0.01744));
#8128=CARTESIAN_POINT('',(-0.02395,-0.025,0.01744));
#8129=CARTESIAN_POINT('',(-0.02005,-0.028,0.02014));
#8130=CARTESIAN_POINT('',(-0.02005,-0.0147852545588687,0.02014));
#8131=CARTESIAN_POINT('',(-0.02005,-0.028,0.02114));
#8132=CARTESIAN_POINT('',(-0.015,-0.0185,0.01744));
#8133=CARTESIAN_POINT('',(-0.015,0.01635,0.01879));
#8134=CARTESIAN_POINT('',(-0.015,0.01635,0.02014));
#8135=CARTESIAN_POINT('',(-0.015,0.01635,0.01025));
#8136=CARTESIAN_POINT('',(-0.015,-0.0185,0.01025));
#8137=CARTESIAN_POINT('',(-0.015,-0.0185,0.01025));
#8138=CARTESIAN_POINT('',(-0.015,-0.0185,0.01844));
#8139=CARTESIAN_POINT('',(-0.015,-0.0185,0.01515));
#8140=CARTESIAN_POINT('',(-0.015,-0.0205,0.01515));
#8141=CARTESIAN_POINT('',(-0.015,-0.0185,0.01844));
#8142=CARTESIAN_POINT('',(-0.015,-0.0185,0.02014));
#8143=CARTESIAN_POINT('',(-0.015,0.0248589817645253,0.02014));
#8144=CARTESIAN_POINT('',(-0.026,-0.0185,0.01944));
#8145=CARTESIAN_POINT('',(-0.023,-0.0185,0.0120364261332602));
#8146=CARTESIAN_POINT('',(-0.026,-0.0185,0.0173957045330408));
#8147=CARTESIAN_POINT('',(-0.026,-0.0185,0.01944));
#8148=CARTESIAN_POINT('',(-0.026,-0.0185,0.02014));
#8149=CARTESIAN_POINT('',(-0.016,-0.0185,0.02014));
#8150=CARTESIAN_POINT('',(-0.026,-0.0285,0.01944));
#8151=CARTESIAN_POINT('',(-0.026,-0.02825,0.0173957045330409));
#8152=CARTESIAN_POINT('',(-0.026,-0.0185,0.02114));
#8153=CARTESIAN_POINT('',(-0.026,-0.0185,0.02014));
#8154=CARTESIAN_POINT('',(-0.026,-0.028,0.0173957045330409));
#8155=CARTESIAN_POINT('',(-0.0240296452214568,-0.0235,0.0138758112648572));
#8156=CARTESIAN_POINT('',(-0.0247429065824611,-0.0235,0.01515));
#8157=CARTESIAN_POINT('',(-0.022,-0.0235,0.01025));
#8158=CARTESIAN_POINT('',(-0.022,-0.0129868830910077,0.01025));
#8159=CARTESIAN_POINT('',(-0.022,-0.024,0.01025));
#8160=CARTESIAN_POINT('',(-0.022,-0.025,0.01025));
#8161=CARTESIAN_POINT('',(-0.022,-0.026,0.01025));
#8162=CARTESIAN_POINT('',(-0.022,-0.0129868830910077,0.01025));
#8163=CARTESIAN_POINT('',(-0.0247429065824611,-0.0215,0.01515));
#8164=CARTESIAN_POINT('',(-0.012,0.0225648819255749,0.0136978522665204));
#8165=CARTESIAN_POINT('',(-0.012,-0.014,0.01025));
#8166=CARTESIAN_POINT('',(-0.012,-0.0268959241922652,0.01025));
#8167=CARTESIAN_POINT('',(-0.012,-0.0245552398904321,0.00767978507905083));
#8168=CARTESIAN_POINT('',(-2.69422295812418E-18,-0.022,0.00487397496281702));
#8169=CARTESIAN_POINT('',(-3.29380074721674E-18,-0.0268959241922652,0.01025));
#8170=CARTESIAN_POINT('',(0.012,-0.0268959241922652,0.01025));
#8171=CARTESIAN_POINT('',(0.012,-0.0095660875548418,-0.00877922349170898));
#8172=CARTESIAN_POINT('',(0.012,0.0275,0.));
#8173=CARTESIAN_POINT('',(0.012,0.01375,0.01025));
#8174=CARTESIAN_POINT('',(0.0163376241735469,-0.026,0.02014));
#8175=CARTESIAN_POINT('',(0.0163376241735469,-0.026,0.01025));
#8176=CARTESIAN_POINT('',(0.0183071462001393,-0.0256521739130435,0.01025));
#8177=CARTESIAN_POINT('',(0.0183071462001393,-0.0256521739130435,0.02014));
#8178=CARTESIAN_POINT('',(0.0183071462001393,-0.0256521739130435,0.0215));
#8179=CARTESIAN_POINT('',(0.0163376241735469,-0.026,0.0215));
#8180=CARTESIAN_POINT('',(-0.023025,-0.025525,0.02114));
#8181=CARTESIAN_POINT('',(-0.026,-0.0235,0.00815));
#8182=CARTESIAN_POINT('',(-0.0225,-0.0235,0.01515));
#8183=CARTESIAN_POINT('',(-0.013,-0.0235,0.01025));
#8184=CARTESIAN_POINT('',(-0.0225,-0.0215,0.01515));
#8185=CARTESIAN_POINT('',(-0.0155,-0.0205,0.01515));
#8186=CARTESIAN_POINT('',(-0.0155,-0.0185,0.01515));
#8187=CARTESIAN_POINT('',(-0.026,-0.0185,0.01944));
#8188=CARTESIAN_POINT('',(-0.0225,-0.0185,0.01025));
#8189=CARTESIAN_POINT('',(-0.01725,0.01735,0.));
#8190=CARTESIAN_POINT('',(-0.01725,0.008675,0.01025));
#8191=CARTESIAN_POINT('',(-0.01725,0.01735,0.01025));
#8192=CARTESIAN_POINT('',(-0.01725,0.01635,0.01025));
#8193=CARTESIAN_POINT('',(-0.01725,0.01635,0.));
#8194=CARTESIAN_POINT('',(-0.01725,0.01735,0.));
#8195=CARTESIAN_POINT('',(-0.02525,0.01735,0.));
#8196=CARTESIAN_POINT('',(-0.012625,0.01735,0.01025));
#8197=CARTESIAN_POINT('',(-0.02525,0.01735,0.01025));
#8198=CARTESIAN_POINT('',(-0.02525,0.01735,0.));
#8199=CARTESIAN_POINT('',(-0.02525,0.,-0.015));
#8200=CARTESIAN_POINT('',(-0.02525,0.009275,0.01025));
#8201=CARTESIAN_POINT('',(-0.02525,0.0175,0.01025));
#8202=CARTESIAN_POINT('',(-0.02525,0.0175,-1.11022302462516E-18));
#8203=CARTESIAN_POINT('',(-0.03025,0.0175,0.015));
#8204=CARTESIAN_POINT('',(-0.015125,0.0175,0.01025));
#8205=CARTESIAN_POINT('',(-0.0295100505063388,0.0175,0.01025));
#8206=CARTESIAN_POINT('',(-0.03455,0.0175,-1.11022302462516E-18));
#8207=CARTESIAN_POINT('',(-0.03455,0.0175,0.0117));
#8208=CARTESIAN_POINT('',(-0.030875,0.0175,0.0117));
#8209=CARTESIAN_POINT('',(-0.0309600505063388,0.0175,0.0117));
#8210=CARTESIAN_POINT('',(-0.0312550252531694,0.0175,0.0119949747468306));
#8211=CARTESIAN_POINT('',(-0.0312550252531694,0.0168,0.0119949747468306));
#8212=CARTESIAN_POINT('',(-0.0295100505063388,0.0168,0.01025));
#8213=CARTESIAN_POINT('',(-0.0305,0.0168,0.01025));
#8214=CARTESIAN_POINT('',(-0.0309600505063388,0.0168,0.0117));
#8215=CARTESIAN_POINT('',(-0.03125,0.0168,0.011));
#8216=CARTESIAN_POINT('',(-0.03175,0.0168,0.0115));
#8217=CARTESIAN_POINT('',(-0.03075,0.007875,0.0105));
#8218=CARTESIAN_POINT('',(-0.0305,0.0039375,0.01025));
#8219=CARTESIAN_POINT('',(-0.0305,0.0132,0.01025));
#8220=CARTESIAN_POINT('',(-0.03125,0.007875,0.011));
#8221=CARTESIAN_POINT('',(-0.03125,0.0132,0.011));
#8222=CARTESIAN_POINT('',(-0.0299203161288951,0.0132,0.00967031612889506));
#8223=CARTESIAN_POINT('',(-0.0294253413820645,0.0132,0.0101652908757256));
#8224=CARTESIAN_POINT('',(-0.0295100505063388,0.0132,0.01025));
#8225=CARTESIAN_POINT('',(-0.0295100505063388,0.0125,0.01025));
#8226=CARTESIAN_POINT('',(-0.0302600505063388,0.0132,0.011));
#8227=CARTESIAN_POINT('',(-0.0302600505063388,0.0125,0.011));
#8228=CARTESIAN_POINT('',(-0.0294253413820645,0.0125,0.0101652908757256));
#8229=CARTESIAN_POINT('',(-0.0229312645155803,0.0125,0.015));
#8230=CARTESIAN_POINT('',(-0.0114656322577901,0.0125,0.01025));
#8231=CARTESIAN_POINT('',(-0.02525,0.0125,0.01025));
#8232=CARTESIAN_POINT('',(-0.0272156322577901,0.0125,0.011));
#8233=CARTESIAN_POINT('',(-0.0282624355652982,0.0125,0.011));
#8234=CARTESIAN_POINT('',(-0.0282624355652982,0.0125,0.011));
#8235=CARTESIAN_POINT('',(-0.0280197774850079,0.0125,0.011));
#8236=CARTESIAN_POINT('',(-0.0275625132761329,0.0125,0.0111870088560678));
#8237=CARTESIAN_POINT('',(-0.027218909578395,0.0125,0.0115310916281061));
#8238=CARTESIAN_POINT('',(-0.02705,0.0125,0.0117));
#8239=CARTESIAN_POINT('',(-0.02705,0.0125,0.0117));
#8240=CARTESIAN_POINT('',(-0.02705,0.0125,0.015));
#8241=CARTESIAN_POINT('',(-0.02705,0.0125,0.015));
#8242=CARTESIAN_POINT('',(-0.0240906322577901,0.0125,0.015));
#8243=CARTESIAN_POINT('',(-0.02525,0.0125,0.015));
#8244=CARTESIAN_POINT('',(-0.02525,0.0125,-1.11022302462516E-18));
#8245=CARTESIAN_POINT('',(-0.02525,0.,-0.015));
#8246=CARTESIAN_POINT('',(-0.02525,0.,0.01025));
#8247=CARTESIAN_POINT('',(-0.02525,-0.018,0.01025));
#8248=CARTESIAN_POINT('',(-0.02525,0.,0.015));
#8249=CARTESIAN_POINT('',(-0.02525,-0.011,0.015));
#8250=CARTESIAN_POINT('',(-0.02525,-0.011,-1.11022302462516E-18));
#8251=CARTESIAN_POINT('',(-0.02525,-0.011,0.01145));
#8252=CARTESIAN_POINT('',(-0.02525,-0.01,0.01145));
#8253=CARTESIAN_POINT('',(-0.02525,-0.018,0.01145));
#8254=CARTESIAN_POINT('',(-0.02525,-0.018,-0.015));
#8255=CARTESIAN_POINT('',(0.0335,-0.018,0.));
#8256=CARTESIAN_POINT('',(0.01675,-0.018,0.01025));
#8257=CARTESIAN_POINT('',(-0.0417437460888595,-0.018,0.01025));
#8258=CARTESIAN_POINT('',(-0.029375,-0.018,0.01145));
#8259=CARTESIAN_POINT('',(-0.0277961651584689,-0.018,0.01145));
#8260=CARTESIAN_POINT('',(-0.02845,-0.018,0.0117));
#8261=CARTESIAN_POINT('',(-0.02845,-0.018,0.011));
#8262=CARTESIAN_POINT('',(-0.0325,-0.018,0.011));
#8263=CARTESIAN_POINT('',(-0.03455,-0.018,0.011));
#8264=CARTESIAN_POINT('',(-0.03455,-0.018,0.0117));
#8265=CARTESIAN_POINT('',(-0.03525,-0.018,0.0117));
#8266=CARTESIAN_POINT('',(-0.03525,-0.018,-0.00176882852427457));
#8267=CARTESIAN_POINT('',(-0.03675,-0.018,0.01));
#8268=CARTESIAN_POINT('',(-0.03675,0.,0.01));
#8269=CARTESIAN_POINT('',(-0.03675,0.0275,0.01));
#8270=CARTESIAN_POINT('',(-0.0417437460888595,0.0275,0.01025));
#8271=CARTESIAN_POINT('',(-0.0417437460888595,0.,0.01025));
#8272=CARTESIAN_POINT('',(0.014,0.0275,0.01944));
#8273=CARTESIAN_POINT('',(-0.007,0.0275,0.01025));
#8274=CARTESIAN_POINT('',(-0.02525,0.0275,0.01025));
#8275=CARTESIAN_POINT('',(-0.028,0.0275,0.015));
#8276=CARTESIAN_POINT('',(-0.028,0.0275,0.017));
#8277=CARTESIAN_POINT('',(-0.026,0.0275,0.017));
#8278=CARTESIAN_POINT('',(-0.02475,0.0275,-0.008645));
#8279=CARTESIAN_POINT('',(-0.02475,0.0275,0.012));
#8280=CARTESIAN_POINT('',(-0.023,0.0275,0.012));
#8281=CARTESIAN_POINT('',(-0.02525,0.0275,0.012));
#8282=CARTESIAN_POINT('',(-0.02525,0.0275,-0.015));
#8283=CARTESIAN_POINT('',(-0.02525,0.,-0.015));
#8284=CARTESIAN_POINT('',(-0.02525,0.,0.01025));
#8285=CARTESIAN_POINT('',(-0.02525,0.01572,0.012));
#8286=CARTESIAN_POINT('',(-0.02475,0.022,0.));
#8287=CARTESIAN_POINT('',(-0.02475,0.011,0.01025));
#8288=CARTESIAN_POINT('',(-0.02475,0.0291758232721225,0.01025));
#8289=CARTESIAN_POINT('',(-0.02475,0.02672,0.012));
#8290=CARTESIAN_POINT('',(-0.02475,0.0291758232721225,0.00215));
#8291=CARTESIAN_POINT('',(-0.022,0.025,0.00215));
#8292=CARTESIAN_POINT('',(-0.022,0.025,0.01025));
#8293=CARTESIAN_POINT('',(-0.0173733952560021,0.0268959241922652,0.01025));
#8294=CARTESIAN_POINT('',(-0.022,0.025,0.01415));
#8295=CARTESIAN_POINT('',(-0.022,0.025,0.00816815895713393));
#8296=CARTESIAN_POINT('',(0.,0.022,0.00487397496281702));
#8297=CARTESIAN_POINT('',(0.0105,0.0293092684419231,0.0129));
#8298=CARTESIAN_POINT('',(0.022,0.0293092684419232,0.0129));
#8299=CARTESIAN_POINT('',(0.022,0.022,0.00487397496281702));
#8300=CARTESIAN_POINT('',(0.022,0.0275,0.0109133122857314));
#8301=CARTESIAN_POINT('',(0.007,0.0275,0.0109133122857313));
#8302=CARTESIAN_POINT('',(0.0212072967626054,0.0275,0.0109133122857314));
#8303=CARTESIAN_POINT('',(0.023,0.0283075029043293,0.0118));
#8304=CARTESIAN_POINT('',(0.0217360775340236,0.0268959241922652,0.01025));
#8305=CARTESIAN_POINT('',(0.,0.0268959241922652,0.01025));
#8306=CARTESIAN_POINT('',(0.015,0.0268959241922652,0.01025));
#8307=CARTESIAN_POINT('',(0.015,0.00945274683982181,-0.00890367854815008));
#8308=CARTESIAN_POINT('',(0.015,0.0275,0.0109133122857314));
#8309=CARTESIAN_POINT('',(0.008,0.0275,0.0109133122857314));
#8310=CARTESIAN_POINT('',(0.012,0.0275,0.0109133122857314));
#8311=CARTESIAN_POINT('',(0.012,0.0220335662070401,0.00491083271681086));
#8312=CARTESIAN_POINT('',(0.012,0.0268959241922652,0.01025));
#8313=CARTESIAN_POINT('',(0.,0.0268959241922652,0.01025));
#8314=CARTESIAN_POINT('',(0.012,0.0275,0.));
#8315=CARTESIAN_POINT('',(0.012,0.01375,0.01025));
#8316=CARTESIAN_POINT('',(0.012,0.0275,0.01025));
#8317=CARTESIAN_POINT('',(0.012,0.0275,0.));
#8318=CARTESIAN_POINT('',(0.014,0.0275,0.01944));
#8319=CARTESIAN_POINT('',(0.008,0.0275,0.01025));
#8320=CARTESIAN_POINT('',(0.015,0.0275,0.01025));
#8321=CARTESIAN_POINT('',(0.015,0.0275,0.));
#8322=CARTESIAN_POINT('',(0.015,-0.028,0.));
#8323=CARTESIAN_POINT('',(0.015,-0.014,0.01025));
#8324=CARTESIAN_POINT('',(0.023,0.03144,0.0118));
#8325=CARTESIAN_POINT('',(0.0217360775340236,0.03144,0.01025));
#8326=CARTESIAN_POINT('',(0.0217360775340236,0.0318,0.01025));
#8327=CARTESIAN_POINT('',(0.0212072967626054,0.0318,0.0109133122857314));
#8328=CARTESIAN_POINT('',(0.0212072967626054,0.0318,0.0109133122857314));
#8329=CARTESIAN_POINT('',(0.023,0.0318,0.0118));
#8330=CARTESIAN_POINT('',(0.024,0.0318,0.0165));
#8331=CARTESIAN_POINT('',(0.024,0.0318,0.0165));
#8332=CARTESIAN_POINT('',(0.022,0.0318,0.0165));
#8333=CARTESIAN_POINT('',(0.024,0.0318,0.0165));
#8334=CARTESIAN_POINT('',(0.0276,0.0318,0.0165));
#8335=CARTESIAN_POINT('',(0.0276,0.0318,0.0165));
#8336=CARTESIAN_POINT('',(0.0276,0.0318,0.01025));
#8337=CARTESIAN_POINT('',(0.0417437460888595,0.0318,0.01025));
#8338=CARTESIAN_POINT('',(0.0212072967626054,0.0318,0.0109133122857314));
#8339=CARTESIAN_POINT('',(0.022,0.0318,0.0109133122857314));
#8340=CARTESIAN_POINT('',(0.022,0.0318,0.0109133122857314));
#8341=CARTESIAN_POINT('',(0.022,0.0318,0.0129));
#8342=CARTESIAN_POINT('',(0.022,0.0318,0.0129));
#8343=CARTESIAN_POINT('',(0.0276,0.0318,0.01025));
#8344=CARTESIAN_POINT('',(0.0276,0.0275,0.014845));
#8345=CARTESIAN_POINT('',(0.0276,0.0275,0.01025));
#8346=CARTESIAN_POINT('',(0.0276,0.0275,0.0165));
#8347=CARTESIAN_POINT('',(0.0276,0.0318,0.01025));
#8348=CARTESIAN_POINT('',(0.0276,0.0275,0.0165));
#8349=CARTESIAN_POINT('',(0.03675,0.,0.01));
#8350=CARTESIAN_POINT('',(0.0417437460888595,0.,0.01025));
#8351=CARTESIAN_POINT('',(0.0417437460888595,-0.018,0.01025));
#8352=CARTESIAN_POINT('',(0.0417437460888595,0.0275,0.01025));
#8353=CARTESIAN_POINT('',(0.03675,0.0275,0.01));
#8354=CARTESIAN_POINT('',(0.03675,0.0275,0.015));
#8355=CARTESIAN_POINT('',(0.03675,-0.018,0.015));
#8356=CARTESIAN_POINT('',(0.03675,-0.018,0.015));
#8357=CARTESIAN_POINT('',(0.03675,-0.018,0.01));
#8358=CARTESIAN_POINT('',(0.02525,0.,-0.015));
#8359=CARTESIAN_POINT('',(0.02525,0.0115,-0.0941424218620221));
#8360=CARTESIAN_POINT('',(0.02525,0.0115,0.01025));
#8361=CARTESIAN_POINT('',(0.02525,0.0115,0.01145));
#8362=CARTESIAN_POINT('',(0.02525,0.,0.01025));
#8363=CARTESIAN_POINT('',(0.02525,-0.018,0.01025));
#8364=CARTESIAN_POINT('',(0.02525,-0.018,0.015));
#8365=CARTESIAN_POINT('',(0.02525,-0.018,0.01145));
#8366=CARTESIAN_POINT('',(0.02525,-0.01,0.01145));
#8367=CARTESIAN_POINT('',(0.02525,-0.0119,0.01145));
#8368=CARTESIAN_POINT('',(0.02525,-0.0119,-1.11022302462516E-18));
#8369=CARTESIAN_POINT('',(0.02525,-0.0119,0.015));
#8370=CARTESIAN_POINT('',(0.02525,0.,0.015));
#8371=CARTESIAN_POINT('',(0.02525,0.0025,0.015));
#8372=CARTESIAN_POINT('',(0.02525,0.0025,-1.11022302462516E-18));
#8373=CARTESIAN_POINT('',(0.02525,0.0025,0.01145));
#8374=CARTESIAN_POINT('',(0.02525,-0.018,0.01145));
#8375=CARTESIAN_POINT('',(0.026,0.0185,0.01944));
#8376=CARTESIAN_POINT('',(0.028,0.0185,0.00975));
#8377=CARTESIAN_POINT('',(0.028,0.0185,0.017));
#8378=CARTESIAN_POINT('',(0.026,0.0185,0.017));
#8379=CARTESIAN_POINT('',(0.026,0.0185,0.019));
#8380=CARTESIAN_POINT('',(0.026,0.0185,0.01944));
#8381=CARTESIAN_POINT('',(0.026,0.0185,0.02014));
#8382=CARTESIAN_POINT('',(0.014,0.0185,0.02014));
#8383=CARTESIAN_POINT('',(0.026,0.0185,0.01744));
#8384=CARTESIAN_POINT('',(0.0210490002562789,0.0185,0.01744));
#8385=CARTESIAN_POINT('',(0.023,0.0185,0.017));
#8386=CARTESIAN_POINT('',(0.013,0.0185,0.01025));
#8387=CARTESIAN_POINT('',(0.0284979064017534,0.0185,0.01025));
#8388=CARTESIAN_POINT('',(0.0284979064017534,0.0185,-0.0941424218620221));
#8389=CARTESIAN_POINT('',(0.015,-0.0160824713198813,0.02014));
#8390=CARTESIAN_POINT('',(0.0155,-0.0160824713198813,0.01025));
#8391=CARTESIAN_POINT('',(0.017,-0.0160824713198813,0.01025));
#8392=CARTESIAN_POINT('',(0.017,-0.0160824713198813,0.0215));
#8393=CARTESIAN_POINT('',(0.017,-0.0160824713198813,0.0215));
#8394=CARTESIAN_POINT('',(0.017,-0.0160824713198813,0.02014));
#8395=CARTESIAN_POINT('',(0.017,-0.0230824713198813,0.02014));
#8396=CARTESIAN_POINT('',(0.017,-0.0198,0.01814));
#8397=CARTESIAN_POINT('',(0.017,-0.0198,0.01654));
#8398=CARTESIAN_POINT('',(0.017,-0.0218324713198813,0.0129442627860762));
#8399=CARTESIAN_POINT('',(0.017,-0.0180824713198813,0.0129442627860762));
#8400=CARTESIAN_POINT('',(0.017,-0.0230824713198813,0.0129442627860762));
#8401=CARTESIAN_POINT('',(0.017,-0.0180824713198813,0.02014));
#8402=CARTESIAN_POINT('',(0.017,-0.0180824713198813,0.01025));
#8403=CARTESIAN_POINT('',(0.017,-0.0165824713198813,0.01025));
#8404=CARTESIAN_POINT('',(0.017,-0.0230824713198813,0.0215));
#8405=CARTESIAN_POINT('',(0.017,-0.0230824713198813,0.0215));
#8406=CARTESIAN_POINT('',(0.017,-0.0230824713198813,0.02014));
#8407=CARTESIAN_POINT('',(0.0197910245058432,-0.0180824713198813,0.02014));
#8408=CARTESIAN_POINT('',(0.0194030665160669,-0.0180824713198813,0.0129442627860762));
#8409=CARTESIAN_POINT('',(0.0197910245058431,-0.0180824713198813,0.0129442627860762));
#8410=CARTESIAN_POINT('',(0.0197910245058432,-0.0180824713198813,0.010145));
#8411=CARTESIAN_POINT('',(0.0197910245058431,-0.0180824713198813,0.01025));
#8412=CARTESIAN_POINT('',(0.0098955122529216,-0.0180824713198813,0.01025));
#8413=CARTESIAN_POINT('',(0.02425,-0.022,0.000149999999999992));
#8414=CARTESIAN_POINT('',(0.0119527846987759,-0.0111960174055073,0.01025));
#8415=CARTESIAN_POINT('',(0.0203502627963065,-0.018573802130015,0.01025));
#8416=CARTESIAN_POINT('',(0.0251563827739507,-0.0227963220512808,0.0129442627860762));
#8417=CARTESIAN_POINT('',(0.0203502627963065,-0.018573802130015,0.0129442627860762));
#8418=CARTESIAN_POINT('',(0.0203502627963065,-0.018573802130015,0.02014));
#8419=CARTESIAN_POINT('',(0.0190302170525811,-0.020076293139796,0.02014));
#8420=CARTESIAN_POINT('',(0.0190302170525811,-0.020076293139796,0.01025));
#8421=CARTESIAN_POINT('',(0.020063185034292,-0.0217888868303017,0.01025));
#8422=CARTESIAN_POINT('',(0.0190302170525811,-0.020076293139796,0.0129442627860762));
#8423=CARTESIAN_POINT('',(0.020063185034292,-0.0217888868303017,0.0129442627860762));
#8424=CARTESIAN_POINT('',(0.020063185034292,-0.0217888868303017,0.0114442627860762));
#8425=CARTESIAN_POINT('',(0.022,-0.025,0.02014));
#8426=CARTESIAN_POINT('',(0.022,-0.025,0.0129442627860762));
#8427=CARTESIAN_POINT('',(0.0187773328187785,-0.0230824713198813,0.0129442627860762));
#8428=CARTESIAN_POINT('',(0.0187773328187785,-0.0230824713198813,0.02014));
#8429=CARTESIAN_POINT('',(0.0187773328187785,-0.0230824713198813,0.0215));
#8430=CARTESIAN_POINT('',(0.022,-0.025,0.0215));
#8431=CARTESIAN_POINT('',(0.022,-0.025,0.01025));
#8432=CARTESIAN_POINT('',(-0.022,-0.025,0.01944));
#8433=CARTESIAN_POINT('',(-0.022,-0.025,0.01744));
#8434=CARTESIAN_POINT('',(-0.022,-0.026,0.01744));
#8435=CARTESIAN_POINT('',(-0.022,-0.025,0.01025));
#8436=CARTESIAN_POINT('',(0.0259040846360636,0.0265,0.01994));
#8437=CARTESIAN_POINT('',(0.0259040846360635,0.027,0.01994));
#8438=CARTESIAN_POINT('',(0.0259040846360635,0.0265,0.01994));
#8439=CARTESIAN_POINT('',(0.0259040846360635,0.0265,0.02114));
#8440=CARTESIAN_POINT('',(0.0259040846360635,0.0265,0.02114));
#8441=CARTESIAN_POINT('',(0.0259040846360635,0.0265,0.01994));
#8442=CARTESIAN_POINT('',(0.0259040846360635,0.0265,0.01994));
#8443=CARTESIAN_POINT('',(0.0259040846360635,0.0274999999166667,0.01994));
#8444=CARTESIAN_POINT('',(0.0259686329706442,0.0265,0.0196035141027908));
#8445=CARTESIAN_POINT('',(0.0259686329706442,0.0274999999166667,0.0196035141027908));
#8446=CARTESIAN_POINT('',(0.0260319847857139,0.0265,0.0192455617479757));
#8447=CARTESIAN_POINT('',(0.0260319847857139,0.0274999999166667,0.0192455617479757));
#8448=CARTESIAN_POINT('',(0.0261014576122408,0.0265,0.0189974249304372));
#8449=CARTESIAN_POINT('',(0.0261014576122408,0.0274999999166667,0.0189974249304372));
#8450=CARTESIAN_POINT('',(0.0259520423180318,0.0265,0.01969));
#8451=CARTESIAN_POINT('',(0.026,0.0265,0.01944));
#8452=CARTESIAN_POINT('',(0.026,0.0265,0.01944));
#8453=CARTESIAN_POINT('',(0.0260325765465977,0.0265,0.0192701807694788));
#8454=CARTESIAN_POINT('',(0.0260663957506736,0.0265,0.019122655746307));
#8455=CARTESIAN_POINT('',(0.0261014576122276,0.0265,0.0189974249304845));
#8456=CARTESIAN_POINT('',(0.0261014576122276,0.0265,0.0189974249304845));
#8457=CARTESIAN_POINT('',(0.0261014576122276,0.02697,0.0189974249304845));
#8458=CARTESIAN_POINT('',(0.0261014576122276,0.02744,0.0189974249304845));
#8459=CARTESIAN_POINT('',(0.0261014576122276,0.02747,0.0189974249304845));
#8460=CARTESIAN_POINT('',(0.0261014576122267,0.0275,0.0189974249304875));
#8461=CARTESIAN_POINT('',(0.0261014576122251,0.0275,0.0189974249304935));
#8462=CARTESIAN_POINT('',(0.026066395750672,0.0275,0.019122655746314));
#8463=CARTESIAN_POINT('',(0.0260325765465969,0.0275,0.0192701807694828));
#8464=CARTESIAN_POINT('',(0.026,0.0275,0.01944));
#8465=CARTESIAN_POINT('',(0.0259960912798119,0.0275,0.0194603758815463));
#8466=CARTESIAN_POINT('',(0.0259921825596238,0.0275,0.0194807517630927));
#8467=CARTESIAN_POINT('',(0.0259882738394358,0.0275,0.019501127644639));
#8468=CARTESIAN_POINT('',(0.024,0.0275,0.0165));
#8469=CARTESIAN_POINT('',(0.024,0.0275,0.0165));
#8470=CARTESIAN_POINT('',(0.024,0.0275,0.0165));
#8471=CARTESIAN_POINT('',(0.0267100738620934,0.0275,0.0188697045516262));
#8472=CARTESIAN_POINT('',(0.024,0.0275,0.0165));
#8473=CARTESIAN_POINT('',(0.02,0.0235,0.01744));
#8474=CARTESIAN_POINT('',(0.0175535701536928,0.0285,0.01744));
#8475=CARTESIAN_POINT('',(0.0175535701536928,0.0265,0.01744));
#8476=CARTESIAN_POINT('',(0.0193006510278688,0.0265,0.01744));
#8477=CARTESIAN_POINT('',(0.0196490339577824,0.0265,0.0174400000000028));
#8478=CARTESIAN_POINT('',(0.0196490339577824,0.0285,0.0174400000000042));
#8479=CARTESIAN_POINT('',(0.014,0.0275,0.01744));
#8480=CARTESIAN_POINT('',(0.0210490002562789,0.0275,0.01744));
#8481=CARTESIAN_POINT('',(0.0210490002562789,0.03144,0.01744));
#8482=CARTESIAN_POINT('',(0.0210490002562789,0.0270941822956568,0.01744));
#8483=CARTESIAN_POINT('',(0.022,0.025,0.01744));
#8484=CARTESIAN_POINT('',(0.0210490002562789,0.0229058177043432,0.01744));
#8485=CARTESIAN_POINT('',(0.0210490002562789,0.0185,0.01744));
#8486=CARTESIAN_POINT('',(0.0175535701570251,0.0275,0.0174399999992869));
#8487=CARTESIAN_POINT('',(0.0175535701570251,0.0265,0.0174399999992869));
#8488=CARTESIAN_POINT('',(0.018369390068698,0.0275,0.0172654283990554));
#8489=CARTESIAN_POINT('',(0.018369390068698,0.0265,0.0172654283990554));
#8490=CARTESIAN_POINT('',(0.0190678780031583,0.0275,0.0172654283995571));
#8491=CARTESIAN_POINT('',(0.0190678780031583,0.0265,0.0172654283995571));
#8492=CARTESIAN_POINT('',(0.0196490339604062,0.0275,0.0174400000007924));
#8493=CARTESIAN_POINT('',(0.0196490339604062,0.0265,0.0174400000007924));
#8494=CARTESIAN_POINT('',(0.0175535701536928,0.0265,0.01744));
#8495=CARTESIAN_POINT('',(0.0187773000215059,0.0265,0.0171781425989771));
#8496=CARTESIAN_POINT('',(0.0196490339577824,0.0265,0.0174400000000042));
#8497=CARTESIAN_POINT('',(0.02005,0.0275,0.02014));
#8498=CARTESIAN_POINT('',(0.02005,0.0255,0.02014));
#8499=CARTESIAN_POINT('',(0.02005,0.025,0.02014));
#8500=CARTESIAN_POINT('',(0.02005,0.025,0.02014));
#8501=CARTESIAN_POINT('',(0.02005,0.025,0.02114));
#8502=CARTESIAN_POINT('',(0.02005,0.0275,0.02114));
#8503=CARTESIAN_POINT('',(-0.023025,-0.025525,0.02114));
#8504=CARTESIAN_POINT('',(0.022,0.025,0.02114));
#8505=CARTESIAN_POINT('',(0.022,0.02305,0.02114));
#8506=CARTESIAN_POINT('',(0.022,0.02305,0.02114));
#8507=CARTESIAN_POINT('',(0.026,0.02305,0.02114));
#8508=CARTESIAN_POINT('',(0.026,0.0185,0.02114));
#8509=CARTESIAN_POINT('',(0.026,0.0265,0.02114));
#8510=CARTESIAN_POINT('',(0.026,0.0265,0.02114));
#8511=CARTESIAN_POINT('',(0.022,0.025,0.02014));
#8512=CARTESIAN_POINT('',(0.022,0.02305,0.02014));
#8513=CARTESIAN_POINT('',(0.022,0.02305,0.02014));
#8514=CARTESIAN_POINT('',(0.022,0.025,0.02014));
#8515=CARTESIAN_POINT('',(0.022,0.025,0.01514));
#8516=CARTESIAN_POINT('',(0.0210490002562789,0.0267023805354392,0.01744));
#8517=CARTESIAN_POINT('',(0.0210164571726136,0.0266842010135395,0.0172957010275208));
#8518=CARTESIAN_POINT('',(0.021,0.0266740669042783,0.0171490929445643));
#8519=CARTESIAN_POINT('',(0.021,0.0266740669042783,0.017));
#8520=CARTESIAN_POINT('',(0.0210490002562789,0.0267023805354392,0.01744));
#8521=CARTESIAN_POINT('',(0.022,0.025,0.01744));
#8522=CARTESIAN_POINT('',(0.0222346671701914,0.0269358283289678,0.01744));
#8523=CARTESIAN_POINT('',(0.0225335757776141,0.0268755790811223,0.01514));
#8524=CARTESIAN_POINT('',(0.0222552462025541,0.0269547599170254,0.015440109728437));
#8525=CARTESIAN_POINT('',(0.0218870898743253,0.0269427160259738,0.016219954376997));
#8526=CARTESIAN_POINT('',(0.0220393542365101,0.0269595047742202,0.0170731996447726));
#8527=CARTESIAN_POINT('',(0.0222346671701914,0.0269358283289679,0.01744));
#8528=CARTESIAN_POINT('',(0.0225335757776141,0.0268755790811223,0.01514));
#8529=CARTESIAN_POINT('',(0.022,0.025,0.01514));
#8530=CARTESIAN_POINT('',(0.0238848076824971,0.0245,0.01514));
#8531=CARTESIAN_POINT('',(0.0238848076824971,0.0245,0.02014));
#8532=CARTESIAN_POINT('',(0.0238848076824971,0.0245,0.01744));
#8533=CARTESIAN_POINT('',(0.022,0.025,0.01744));
#8534=CARTESIAN_POINT('',(0.0210490002562789,0.0232976194645608,0.01744));
#8535=CARTESIAN_POINT('',(0.021,0.0233259330957217,0.017));
#8536=CARTESIAN_POINT('',(0.021,0.0233259330957217,0.0171490929445643));
#8537=CARTESIAN_POINT('',(0.0210164571726136,0.0233157989864605,0.0172957010275208));
#8538=CARTESIAN_POINT('',(0.0210490002562789,0.0232976194645608,0.01744));
#8539=CARTESIAN_POINT('',(0.023,0.03144,0.017));
#8540=CARTESIAN_POINT('',(0.0210490002562789,0.0185,0.01744));
#8541=CARTESIAN_POINT('',(0.022,0.025,0.01514));
#8542=CARTESIAN_POINT('',(0.022,0.025,0.01514));
#8543=CARTESIAN_POINT('',(0.022,0.025,0.02014));
#8544=CARTESIAN_POINT('',(0.0210490002562789,0.0229058177043432,0.01744));
#8545=CARTESIAN_POINT('',(0.0210164154333633,0.0229206149635437,0.0172955159519149));
#8546=CARTESIAN_POINT('',(0.021,0.0229287684822792,0.0171488846691843));
#8547=CARTESIAN_POINT('',(0.021,0.0229287684822792,0.017));
#8548=CARTESIAN_POINT('',(0.021,0.0270712315177208,0.017));
#8549=CARTESIAN_POINT('',(0.021,0.0270712315177208,0.0171488846691843));
#8550=CARTESIAN_POINT('',(0.0210164154333633,0.0270793850364563,0.0172955159519149));
#8551=CARTESIAN_POINT('',(0.0210490002562789,0.0270941822956568,0.01744));
#8552=CARTESIAN_POINT('',(0.023,0.03144,0.017));
#8553=CARTESIAN_POINT('',(0.023,0.0275,0.017));
#8554=CARTESIAN_POINT('',(0.014,0.0275,0.01944));
#8555=CARTESIAN_POINT('',(0.021,0.0318,0.0129));
#8556=CARTESIAN_POINT('',(0.022,0.0318,0.0129));
#8557=CARTESIAN_POINT('',(0.023,0.03144,0.017));
#8558=CARTESIAN_POINT('',(-0.020875,0.025,0.01415));
#8559=CARTESIAN_POINT('',(0.014,0.0275,0.01944));
#8560=CARTESIAN_POINT('',(-0.026,0.0275,0.017));
#8561=CARTESIAN_POINT('',(-0.026,0.0275,0.019));
#8562=CARTESIAN_POINT('',(-0.026,0.0275,0.019));
#8563=CARTESIAN_POINT('',(0.024,0.0318,0.0165));
#8564=CARTESIAN_POINT('',(-0.024,0.0318,0.0165));
#8565=CARTESIAN_POINT('',(-0.026,0.0318,0.0165));
#8566=CARTESIAN_POINT('',(-0.02525,0.03144,0.012));
#8567=CARTESIAN_POINT('',(-0.023,0.03144,0.019));
#8568=CARTESIAN_POINT('',(-0.026,0.03144,0.019));
#8569=CARTESIAN_POINT('',(-0.026,0.02344,0.019));
#8570=CARTESIAN_POINT('',(-0.026,0.02344,0.019));
#8571=CARTESIAN_POINT('',(-0.0245,0.02344,0.0155));
#8572=CARTESIAN_POINT('',(-0.026,0.02344,0.017));
#8573=CARTESIAN_POINT('',(-0.028,0.02344,0.017));
#8574=CARTESIAN_POINT('',(-0.028,0.02344,0.015));
#8575=CARTESIAN_POINT('',(-0.024,0.02344,0.0165));
#8576=CARTESIAN_POINT('',(-0.024,0.136871801593504,0.0165));
#8577=CARTESIAN_POINT('',(0.024,0.0245,0.0165));
#8578=CARTESIAN_POINT('',(-0.024,0.0245,0.0165));
#8579=CARTESIAN_POINT('',(-0.024,0.0285,0.0165));
#8580=CARTESIAN_POINT('',(-0.02475,0.0285,0.0146459503782261));
#8581=CARTESIAN_POINT('',(-0.02475,0.0275,0.0146459503782261));
#8582=CARTESIAN_POINT('',(-0.024,0.0275,0.0165));
#8583=CARTESIAN_POINT('',(0.014,0.0275,0.01944));
#8584=CARTESIAN_POINT('',(-0.02475,0.0275,0.));
#8585=CARTESIAN_POINT('',(-0.02475,0.0275,0.015));
#8586=CARTESIAN_POINT('',(-0.0125,0.0275,0.015));
#8587=CARTESIAN_POINT('',(-0.02525,0.,0.015));
#8588=CARTESIAN_POINT('',(-0.02475,0.010875,0.015));
#8589=CARTESIAN_POINT('',(-0.02475,0.022,0.));
#8590=CARTESIAN_POINT('',(-0.03525,0.,-0.015));
#8591=CARTESIAN_POINT('',(-0.03525,-0.028,0.0117));
#8592=CARTESIAN_POINT('',(-0.03525,0.0168,0.0117));
#8593=CARTESIAN_POINT('',(-0.03525,0.0168,-1.11022302462516E-18));
#8594=CARTESIAN_POINT('',(-0.03455,0.0168,-1.11022302462516E-18));
#8595=CARTESIAN_POINT('',(-0.03455,0.0168,0.0117));
#8596=CARTESIAN_POINT('',(-0.028,0.03144,0.017));
#8597=CARTESIAN_POINT('',(-0.028,0.03144,0.017));
#8598=CARTESIAN_POINT('',(-0.017,0.0195589817645253,0.01814));
#8599=CARTESIAN_POINT('',(-0.013,0.0195589817645253,0.01814));
#8600=CARTESIAN_POINT('',(-0.013,0.0195589817645253,0.01974));
#8601=CARTESIAN_POINT('',(-0.017,0.0195589817645253,0.01814));
#8602=CARTESIAN_POINT('',(-0.017,0.0195589817645253,0.01974));
#8603=CARTESIAN_POINT('',(0.02,0.0235,0.01744));
#8604=CARTESIAN_POINT('',(0.026,0.0285,0.01944));
#8605=CARTESIAN_POINT('',(0.026,0.0185,0.019));
#8606=CARTESIAN_POINT('',(0.026,0.0265,0.019));
#8607=CARTESIAN_POINT('',(0.026,0.0265,0.0178925));
#8608=CARTESIAN_POINT('',(0.026,0.0265,0.0178925));
#8609=CARTESIAN_POINT('',(0.026,0.02305,0.02014));
#8610=CARTESIAN_POINT('',(0.026,0.02305,0.02014));
#8611=CARTESIAN_POINT('',(0.026,0.0185,0.02014));
#8612=CARTESIAN_POINT('',(0.022,0.02305,0.02014));
#8613=CARTESIAN_POINT('',(0.021,0.02305,0.02014));
#8614=CARTESIAN_POINT('',(0.0187773328187785,-0.0230824713198813,0.02014));
#8615=CARTESIAN_POINT('',(0.0188962206725345,-0.0230824713198813,0.0129442627860762));
#8616=CARTESIAN_POINT('',(0.0187773328187785,-0.0230824713198813,0.0215));
#8617=CARTESIAN_POINT('',(-0.030875,0.0168,0.0117));
#8618=CARTESIAN_POINT('',(-0.03455,0.0168,0.0117));
#8619=CARTESIAN_POINT('',(-0.03455,0.0168,0.011));
#8620=CARTESIAN_POINT('',(-0.030875,0.0168,0.011));
#8621=CARTESIAN_POINT('',(-0.0315,0.00325,0.011));
#8622=CARTESIAN_POINT('',(-0.02845,0.010375,0.011));
#8623=CARTESIAN_POINT('',(-0.02845,0.0118,0.011));
#8624=CARTESIAN_POINT('',(-0.02705,0.0118,0.011));
#8625=CARTESIAN_POINT('',(-0.03455,0.001625,0.011));
#8626=CARTESIAN_POINT('',(-0.02705,0.0118,0.0117));
#8627=CARTESIAN_POINT('',(-0.02845,0.0118,0.0117));
#8628=CARTESIAN_POINT('',(-0.02775,0.0118,0.0117));
#8629=CARTESIAN_POINT('',(-0.02705,0.0118,0.0117));
#8630=CARTESIAN_POINT('',(-0.02705,0.0118,0.015));
#8631=CARTESIAN_POINT('',(-0.02775,0.0118,0.015));
#8632=CARTESIAN_POINT('',(-0.02775,0.0118,0.015));
#8633=CARTESIAN_POINT('',(-0.02705,0.0118,0.015));
#8634=CARTESIAN_POINT('',(-0.02525,0.,0.015));
#8635=CARTESIAN_POINT('',(-0.02775,0.00875,0.015));
#8636=CARTESIAN_POINT('',(-0.02775,-0.011,0.015));
#8637=CARTESIAN_POINT('',(-0.03025,-0.011,0.015));
#8638=CARTESIAN_POINT('',(-0.03525,-0.011,0.015));
#8639=CARTESIAN_POINT('',(-0.03025,-0.011,0.01145));
#8640=CARTESIAN_POINT('',(-0.0277961651584689,-0.011,0.01145));
#8641=CARTESIAN_POINT('',(-0.02775,-0.011,0.015));
#8642=CARTESIAN_POINT('',(-0.02775,-0.011,0.0117));
#8643=CARTESIAN_POINT('',(-0.02845,-0.011,0.0117));
#8644=CARTESIAN_POINT('',(0.02525,-0.018,0.01145));
#8645=CARTESIAN_POINT('',(-0.0277961651584689,0.010375,0.01145));
#8646=CARTESIAN_POINT('',(-0.02845,0.010375,0.0117));
#8647=CARTESIAN_POINT('',(-0.02775,0.010375,0.0117));
#8648=CARTESIAN_POINT('',(-0.03455,0.001625,0.0117));
#8649=CARTESIAN_POINT('',(-0.03455,0.0168,0.0117));
#8650=CARTESIAN_POINT('',(-0.026,0.03144,0.017));
#8651=CARTESIAN_POINT('',(0.022,0.0318,0.0129));
#8652=CARTESIAN_POINT('',(0.022,0.0318,0.0109133122857314));
#8653=CARTESIAN_POINT('',(0.022,0.0318,0.0109133122857314));
#8654=CARTESIAN_POINT('',(0.026,0.03144,0.017));
#8655=CARTESIAN_POINT('',(0.026,0.0275,0.017));
#8656=CARTESIAN_POINT('',(0.026,0.0265,0.017));
#8657=CARTESIAN_POINT('',(0.028,0.03144,0.017));
#8658=CARTESIAN_POINT('',(0.028,0.0275,0.017));
#8659=CARTESIAN_POINT('',(0.026,0.0275,0.017));
#8660=CARTESIAN_POINT('',(0.028,0.025,0.015));
#8661=CARTESIAN_POINT('',(0.028,0.0244,0.0114));
#8662=CARTESIAN_POINT('',(0.028,0.025,0.0114));
#8663=CARTESIAN_POINT('',(0.028,0.025,0.0114));
#8664=CARTESIAN_POINT('',(0.028,0.0275,0.0114));
#8665=CARTESIAN_POINT('',(0.028,0.0275,0.017));
#8666=CARTESIAN_POINT('',(0.0284201831532805,0.025,0.0114));
#8667=CARTESIAN_POINT('',(0.0351824555320337,-0.018,0.0114));
#8668=CARTESIAN_POINT('',(0.0351824555320337,0.025,0.0114));
#8669=CARTESIAN_POINT('',(0.0351824555320337,0.0275,0.0114));
#8670=CARTESIAN_POINT('',(0.0309600915766403,0.0275,0.0114));
#8671=CARTESIAN_POINT('',(0.03075,0.025,0.0114));
#8672=CARTESIAN_POINT('',(0.02585,-0.0119,-1.11022302462516E-18));
#8673=CARTESIAN_POINT('',(0.02585,-0.0119,0.01145));
#8674=CARTESIAN_POINT('',(0.02585,-0.0125,0.01145));
#8675=CARTESIAN_POINT('',(0.02585,-0.0125,-1.11022302462516E-18));
#8676=CARTESIAN_POINT('',(0.02585,-0.0125,0.015));
#8677=CARTESIAN_POINT('',(0.02585,-0.0119,0.015));
#8678=CARTESIAN_POINT('',(0.017,-0.0198,0.01814));
#8679=CARTESIAN_POINT('',(0.013,-0.0198,0.01814));
#8680=CARTESIAN_POINT('',(0.013,-0.0198,0.01654));
#8681=CARTESIAN_POINT('',(0.0328934339872219,-0.025,0.0129442627860762));
#8682=CARTESIAN_POINT('',(0.024,0.0265,0.016345));
#8683=CARTESIAN_POINT('',(0.024,0.0265,0.016345));
#8684=CARTESIAN_POINT('',(0.014,0.0275,0.01944));
#8685=CARTESIAN_POINT('',(0.024,0.0265,0.016345));
#8686=CARTESIAN_POINT('',(0.02,0.0235,0.01744));
#8687=CARTESIAN_POINT('',(0.023,0.0245,0.01744));
#8688=CARTESIAN_POINT('',(0.0222346671701914,0.0245,0.01744));
#8689=CARTESIAN_POINT('',(0.0222346671701914,0.0285,0.01744));
#8690=CARTESIAN_POINT('',(0.022,0.025,0.01514));
#8691=CARTESIAN_POINT('',(0.023,0.0245,0.01514));
#8692=CARTESIAN_POINT('',(0.0242449944320644,0.0245,0.01514));
#8693=CARTESIAN_POINT('',(0.0225335757776141,0.0285,0.01514));
#8694=CARTESIAN_POINT('',(0.0225335757776141,0.0272372520844874,0.01514));
#8695=CARTESIAN_POINT('',(0.022,0.025,0.01514));
#8696=CARTESIAN_POINT('',(0.024,0.0245,0.0165));
#8697=CARTESIAN_POINT('',(0.0242449944320644,0.0245,0.02014));
#8698=CARTESIAN_POINT('',(0.0242449944320644,0.0245,0.0184849377139491));
#8699=CARTESIAN_POINT('',(0.024,0.0245,0.0165));
#8700=CARTESIAN_POINT('',(-0.03455,0.0168,0.0117));
#8701=CARTESIAN_POINT('',(-0.013,0.0195589817645253,0.01814));
#8702=CARTESIAN_POINT('',(-0.02775,0.0175,0.015));
#8703=CARTESIAN_POINT('',(0.022,0.025,0.02014));
#8704=CARTESIAN_POINT('',(0.0242449944320644,0.0245,0.0184849377139491));
#8705=CARTESIAN_POINT('',(0.0243064775914658,0.0247760587010438,0.0184773490467515));
#8706=CARTESIAN_POINT('',(0.0243261685473271,0.0253426198222447,0.0184733983545343));
#8707=CARTESIAN_POINT('',(0.0240507271547391,0.0261521786209271,0.0185128209315055));
#8708=CARTESIAN_POINT('',(0.0235004433736776,0.0268111087125611,0.0184752816084606));
#8709=CARTESIAN_POINT('',(0.0227872439815128,0.0272005047625452,0.0181624417954598));
#8710=CARTESIAN_POINT('',(0.0222077139887285,0.0273038477430862,0.0175175367105467));
#8711=CARTESIAN_POINT('',(0.0218609897382227,0.0272920361724233,0.016419758494703));
#8712=CARTESIAN_POINT('',(0.0221525772522327,0.0273281187265882,0.015550812842877));
#8713=CARTESIAN_POINT('',(0.0225335757776141,0.0272372520844874,0.01514));
#8714=CARTESIAN_POINT('',(0.03075,0.0244,0.0114));
#8715=CARTESIAN_POINT('',(0.03455,0.0248472135955,0.011));
#8716=CARTESIAN_POINT('',(0.0348219918410523,0.0248472135955,0.011));
#8717=CARTESIAN_POINT('',(0.0350658833280826,0.025,0.0111542442157659));
#8718=CARTESIAN_POINT('',(0.0351824555320337,0.025,0.0114));
#8719=CARTESIAN_POINT('',(0.02965,0.0109,0.0114));
#8720=CARTESIAN_POINT('',(0.0301046288275067,0.0115,0.011));
#8721=CARTESIAN_POINT('',(0.0299359787604133,0.0115,0.011113874564261));
#8722=CARTESIAN_POINT('',(0.0297927317954004,0.0115,0.0112572693822812));
#8723=CARTESIAN_POINT('',(0.02965,0.0115,0.0114));
#8724=CARTESIAN_POINT('',(0.013,-0.0198,0.01814));
#8725=CARTESIAN_POINT('',(-0.012,0.0225648819255749,0.0136978522665204));
#8726=CARTESIAN_POINT('',(-0.012,-0.028,0.02014));
#8727=CARTESIAN_POINT('',(-0.012,-0.0185,0.01025));
#8728=CARTESIAN_POINT('',(-0.01725,0.01635,0.));
#8729=CARTESIAN_POINT('',(-0.0155,0.01635,0.01025));
#8730=CARTESIAN_POINT('',(-0.017,0.01635,0.02014));
#8731=CARTESIAN_POINT('',(-0.017,0.01635,0.02014));
#8732=CARTESIAN_POINT('',(-0.017,0.01635,0.02014));
#8733=CARTESIAN_POINT('',(-0.017,0.01735,0.02014));
#8734=CARTESIAN_POINT('',(-0.017,0.0248589817645253,0.02014));
#8735=CARTESIAN_POINT('',(-0.019,-0.00157050911773741,0.02014));
#8736=CARTESIAN_POINT('',(0.,0.,0.01025));
#8737=CARTESIAN_POINT('',(0.,0.0115,0.01025));
#8738=CARTESIAN_POINT('',(0.0284979064017534,0.0115,0.01025));
#8739=CARTESIAN_POINT('',(0.0284979064017534,0.,0.01025));
#8740=CARTESIAN_POINT('',(0.007,0.0275,0.01025));
#8741=CARTESIAN_POINT('',(0.01675,-0.018,0.01025));
#8742=CARTESIAN_POINT('',(0.0275,0.0025,0.015));
#8743=CARTESIAN_POINT('',(0.026375,0.0025,0.01145));
#8744=CARTESIAN_POINT('',(0.0275,0.0025,0.01145));
#8745=CARTESIAN_POINT('',(0.026375,0.0025,0.015));
#8746=CARTESIAN_POINT('',(0.0275,0.0025,0.015));
#8747=CARTESIAN_POINT('',(0.0275,0.0025,0.015));
#8748=CARTESIAN_POINT('',(0.0275,0.0115,0.015));
#8749=CARTESIAN_POINT('',(0.0275,0.01,0.0135));
#8750=CARTESIAN_POINT('',(0.0275,0.0115,0.012));
#8751=CARTESIAN_POINT('',(0.0275,0.0085,0.015));
#8752=CARTESIAN_POINT('',(0.0275,0.0115,0.015));
#8753=CARTESIAN_POINT('',(0.0275,0.0115,0.01145));
#8754=CARTESIAN_POINT('',(0.0275,-0.00325,0.01145));
#8755=CARTESIAN_POINT('',(0.0275,0.00575,0.015));
#8756=CARTESIAN_POINT('',(0.014,0.0275,0.01944));
#8757=CARTESIAN_POINT('',(0.03455,0.0275,0.0117));
#8758=CARTESIAN_POINT('',(0.03525,0.0275,0.0117));
#8759=CARTESIAN_POINT('',(0.03525,0.0275,0.0121625));
#8760=CARTESIAN_POINT('',(0.03525,0.0275,0.015));
#8761=CARTESIAN_POINT('',(0.0343734365222149,0.0275,0.015));
#8762=CARTESIAN_POINT('',(0.02525,-0.018,0.01145));
#8763=CARTESIAN_POINT('',(0.0268739532008767,0.0115,0.01145));
#8764=CARTESIAN_POINT('',(-0.02525,0.,0.015));
#8765=CARTESIAN_POINT('',(0.0305,-0.017,0.015));
#8766=CARTESIAN_POINT('',(0.0305,-0.018,0.015));
#8767=CARTESIAN_POINT('',(0.0305,-0.0125,0.015));
#8768=CARTESIAN_POINT('',(0.03525,-0.018,0.015));
#8769=CARTESIAN_POINT('',(0.03525,-0.018,0.015));
#8770=CARTESIAN_POINT('',(0.03525,0.0085,0.015));
#8771=CARTESIAN_POINT('',(0.03575,0.0085,0.015));
#8772=CARTESIAN_POINT('',(0.02525,-0.0125,0.015));
#8773=CARTESIAN_POINT('',(-0.019,-0.00157050911773741,0.02014));
#8774=CARTESIAN_POINT('',(0.0175,0.0185,0.02014));
#8775=CARTESIAN_POINT('',(0.0153886664093892,-0.00475,0.0215));
#8776=CARTESIAN_POINT('',(0.015,0.0185,0.0215));
#8777=CARTESIAN_POINT('',(0.026,0.0185,0.01944));
#8778=CARTESIAN_POINT('',(0.03525,-0.018,0.0117));
#8779=CARTESIAN_POINT('',(0.03525,0.0115,0.01335));
#8780=CARTESIAN_POINT('',(0.03525,0.0115,0.0117));
#8781=CARTESIAN_POINT('',(0.03525,0.0115,0.012));
#8782=CARTESIAN_POINT('',(0.03525,0.00345,0.02005));
#8783=CARTESIAN_POINT('',(0.03525,-0.018,0.0117));
#8784=CARTESIAN_POINT('',(0.03455,-0.018,0.0117));
#8785=CARTESIAN_POINT('',(0.03455,0.0115,0.0117));
#8786=CARTESIAN_POINT('',(0.02525,-0.0125,0.015));
#8787=CARTESIAN_POINT('',(0.0275,-0.0125,0.015));
#8788=CARTESIAN_POINT('',(0.0275,-0.0125,0.01145));
#8789=CARTESIAN_POINT('',(0.0275,-0.0125,0.012));
#8790=CARTESIAN_POINT('',(0.0284375,-0.0125,0.0129375));
#8791=CARTESIAN_POINT('',(0.02525,-0.0125,0.01145));
#8792=CARTESIAN_POINT('',(0.02525,-0.018,0.01145));
#8793=CARTESIAN_POINT('',(0.029375,-0.018,0.01145));
#8794=CARTESIAN_POINT('',(0.0275,-0.018,0.01145));
#8795=CARTESIAN_POINT('',(0.0275,-0.013,0.01145));
#8796=CARTESIAN_POINT('',(0.0275,0.0115,0.015));
#8797=CARTESIAN_POINT('',(0.0275,-0.018,0.0075));
#8798=CARTESIAN_POINT('',(0.0275,-0.018,0.012));
#8799=CARTESIAN_POINT('',(0.0275,-0.017,0.012));
#8800=CARTESIAN_POINT('',(0.029,-0.017,0.0135));
#8801=CARTESIAN_POINT('',(0.02675,-0.018,0.01125));
#8802=CARTESIAN_POINT('',(0.03625,0.0115,0.015));
#8803=CARTESIAN_POINT('',(0.0284979064017534,0.0115,-0.0941424218620221));
#8804=CARTESIAN_POINT('',(0.03575,0.0115,0.012));
#8805=CARTESIAN_POINT('',(0.03575,0.01,0.0135));
#8806=CARTESIAN_POINT('',(0.0335,-0.018,0.));
#8807=CARTESIAN_POINT('',(0.024,0.0285,0.0165));
#8808=CARTESIAN_POINT('',(0.0284979064017534,0.015,-0.0941424218620221));
#8809=CARTESIAN_POINT('',(0.,0.,0.));
#8810=CARTESIAN_POINT('',(0.015,-0.0160824713198813,0.01025));
#8811=CARTESIAN_POINT('',(0.015,-0.0160824713198813,0.005125));
#8812=CARTESIAN_POINT('',(0.015,-0.0160824713198813,0.00115));
#8813=CARTESIAN_POINT('',(0.015,-0.0160824713198813,-0.00085));
#8814=CARTESIAN_POINT('',(0.014998,-0.0160824713198813,0.00115));
#8815=CARTESIAN_POINT('',(0.017,-0.0160824713198813,0.00115));
#8816=CARTESIAN_POINT('',(0.017,-0.0160824713198813,0.01025));
#8817=CARTESIAN_POINT('',(0.017,-0.0160824713198813,-0.00085));
#8818=CARTESIAN_POINT('',(0.0155,-0.0160824713198813,-0.00085));
#8819=CARTESIAN_POINT('',(0.017,-0.0160824713198813,0.01025));
#8820=CARTESIAN_POINT('',(0.017,-0.0170824713198813,0.00115));
#8821=CARTESIAN_POINT('',(0.017,-0.0180824713198813,0.00115));
#8822=CARTESIAN_POINT('',(0.017,-0.0180824713198813,0.015195));
#8823=CARTESIAN_POINT('',(0.017,-0.0180824713198813,-0.00085));
#8824=CARTESIAN_POINT('',(0.017,-0.0165824713198813,-0.00085));
#8825=CARTESIAN_POINT('',(0.02525,0.,-0.015));
#8826=CARTESIAN_POINT('',(0.02525,0.01572,0.00975));
#8827=CARTESIAN_POINT('',(0.02525,0.0275,0.00975));
#8828=CARTESIAN_POINT('',(0.02525,0.0185,0.00975));
#8829=CARTESIAN_POINT('',(0.02525,0.0185,-0.0941424218620221));
#8830=CARTESIAN_POINT('',(0.02525,0.0185,0.0098));
#8831=CARTESIAN_POINT('',(0.02525,0.01572,0.0098));
#8832=CARTESIAN_POINT('',(0.02525,0.0275,0.0098));
#8833=CARTESIAN_POINT('',(0.02525,0.0275,-0.00414699618305212));
#8834=CARTESIAN_POINT('',(0.0098,-0.0121,-0.00221051637141654));
#8835=CARTESIAN_POINT('',(0.0098,-0.0121,-0.00212038727856241));
#8836=CARTESIAN_POINT('',(0.00905,-0.0121,-0.00212038727856241));
#8837=CARTESIAN_POINT('',(0.0098,-0.0121,-0.00185));
#8838=CARTESIAN_POINT('',(0.011,-0.0121,-0.00185));
#8839=CARTESIAN_POINT('',(0.0098,-0.0121,0.0001));
#8840=CARTESIAN_POINT('',(0.0098,-0.0121,-0.00295));
#8841=CARTESIAN_POINT('',(0.00905,-0.0121,-0.00295));
#8842=CARTESIAN_POINT('',(0.0098,-0.0121,0.00065));
#8843=CARTESIAN_POINT('',(0.0098,-0.0121,0.00085));
#8844=CARTESIAN_POINT('',(0.011,-0.0121,0.00085));
#8845=CARTESIAN_POINT('',(-0.00025,-0.00025,-0.00295));
#8846=CARTESIAN_POINT('',(0.0097,-0.0141848370381051,-0.00295));
#8847=CARTESIAN_POINT('',(0.0077,-0.0141848370381051,-0.00295));
#8848=CARTESIAN_POINT('',(0.00787366231338377,-0.015,-0.00295));
#8849=CARTESIAN_POINT('',(0.0077,-0.007625,-0.00295));
#8850=CARTESIAN_POINT('',(0.0077,-0.0121,-0.00295));
#8851=CARTESIAN_POINT('',(0.0098,-0.0121,-0.00295));
#8852=CARTESIAN_POINT('',(0.0119,-0.0121,-0.00295));
#8853=CARTESIAN_POINT('',(0.0119,-0.006175,-0.00295));
#8854=CARTESIAN_POINT('',(0.0119,-0.015,-0.00295));
#8855=CARTESIAN_POINT('',(0.005825,-0.015,-0.00295));
#8856=CARTESIAN_POINT('',(0.0077,-0.015,0.));
#8857=CARTESIAN_POINT('',(0.0077,-0.0141848370381051,7.49999999999973E-5));
#8858=CARTESIAN_POINT('',(0.0077,-0.0141848370381051,0.00085));
#8859=CARTESIAN_POINT('',(0.0077,-0.01355,0.00085));
#8860=CARTESIAN_POINT('',(0.0077,-0.0121,0.00085));
#8861=CARTESIAN_POINT('',(0.0077,-0.0121,0.));
#8862=CARTESIAN_POINT('',(-0.022,0.025,0.));
#8863=CARTESIAN_POINT('',(-0.022,0.025,0.00564));
#8864=CARTESIAN_POINT('',(-0.0236,0.025,0.00564));
#8865=CARTESIAN_POINT('',(-0.022,0.025,-0.00085));
#8866=CARTESIAN_POINT('',(-0.0236,0.025,-0.00085));
#8867=CARTESIAN_POINT('',(0.0114412375126016,-0.0159660495893391,0.002));
#8868=CARTESIAN_POINT('',(0.0114412375126016,-0.0159660495893391,0.00315));
#8869=CARTESIAN_POINT('',(0.0100110666353694,-0.0173641237153842,0.00315));
#8870=CARTESIAN_POINT('',(0.0106596958399342,-0.0141250735944157,0.00315));
#8871=CARTESIAN_POINT('',(0.0106596958399342,-0.0141250735944157,0.002));
#8872=CARTESIAN_POINT('',(0.0106596958399342,-0.0141250735944157,0.00085));
#8873=CARTESIAN_POINT('',(0.0114412375126016,-0.0159660495893391,0.00085));
#8874=CARTESIAN_POINT('',(0.0100110666353694,-0.0173641237153842,0.00085));
#8875=CARTESIAN_POINT('',(0.0100110666353694,-0.0173641237153842,0.002));
#8876=CARTESIAN_POINT('',(0.0098,-0.0121,0.002));
#8877=CARTESIAN_POINT('',(0.0098,-0.0121,0.00315));
#8878=CARTESIAN_POINT('',(0.0114868442072191,-0.0135122877258446,0.00315));
#8879=CARTESIAN_POINT('',(0.0114868442072191,-0.0135122877258446,0.002));
#8880=CARTESIAN_POINT('',(0.0114868442072191,-0.0135122877258446,0.00085));
#8881=CARTESIAN_POINT('',(0.0098,-0.0121,0.00085));
#8882=CARTESIAN_POINT('',(0.0098,-0.0121,0.00085));
#8883=CARTESIAN_POINT('',(0.0097,-0.0141848370381051,0.00085));
#8884=CARTESIAN_POINT('',(0.00826982912276779,-0.0155829111641502,0.00085));
#8885=CARTESIAN_POINT('',(0.00748827218026359,-0.0147834113685063,0.00085));
#8886=CARTESIAN_POINT('',(0.0130203389410547,-0.0147961856584306,0.00085));
#8887=CARTESIAN_POINT('',(0.0143403846847801,-0.0132936946486496,0.00085));
#8888=CARTESIAN_POINT('',(0.0177180240154558,-0.016261192219865,0.00085));
#8889=CARTESIAN_POINT('',(0.0111860480309116,-0.01052238443973,0.00085));
#8890=CARTESIAN_POINT('',(0.0098,-0.0121,0.00085));
#8891=CARTESIAN_POINT('',(0.0098,-0.0121,0.));
#8892=CARTESIAN_POINT('',(0.0111860480309116,-0.01052238443973,0.000149999999999994));
#8893=CARTESIAN_POINT('',(0.0111860480309116,-0.01052238443973,-0.00085));
#8894=CARTESIAN_POINT('',(0.0098,-0.0121,-0.00085));
#8895=CARTESIAN_POINT('',(0.0119,-0.0121,-0.00085));
#8896=CARTESIAN_POINT('',(0.0119,-0.0121,0.));
#8897=CARTESIAN_POINT('',(0.0119,-0.0121,0.));
#8898=CARTESIAN_POINT('',(0.0119,-0.015,-0.00085));
#8899=CARTESIAN_POINT('',(0.0119,-0.015,-0.00085));
#8900=CARTESIAN_POINT('',(0.0119,-0.015,0.));
#8901=CARTESIAN_POINT('',(0.0119,-0.015,0.));
#8902=CARTESIAN_POINT('',(0.00787366231338377,-0.015,7.49999999999973E-5));
#8903=CARTESIAN_POINT('',(0.00787366231338377,-0.015,-0.00085));
#8904=CARTESIAN_POINT('',(0.0077,-0.015,-0.00085));
#8905=CARTESIAN_POINT('',(0.0097,-0.0141848370381051,7.49999999999973E-5));
#8906=CARTESIAN_POINT('',(0.0097,-0.0141848370381051,-0.00085));
#8907=CARTESIAN_POINT('',(0.0082698291227678,-0.0155829111641502,-0.00085));
#8908=CARTESIAN_POINT('',(0.00826982912276779,-0.0155829111641502,7.49999999999973E-5));
#8909=CARTESIAN_POINT('',(0.022,-0.025,0.));
#8910=CARTESIAN_POINT('',(0.022,-0.025,0.00564));
#8911=CARTESIAN_POINT('',(0.0204,-0.025,0.00564));
#8912=CARTESIAN_POINT('',(0.022,-0.025,-0.00085));
#8913=CARTESIAN_POINT('',(0.0204,-0.025,-0.00085));
#8914=CARTESIAN_POINT('',(0.022,-0.025,0.00564));
#8915=CARTESIAN_POINT('',(0.0304467169936109,-0.028,0.00564));
#8916=CARTESIAN_POINT('',(0.02425,-0.028,0.00564));
#8917=CARTESIAN_POINT('',(0.0163376241735469,-0.028,0.00564));
#8918=CARTESIAN_POINT('',(0.02425,-0.0235,0.00564));
#8919=CARTESIAN_POINT('',(0.02425,-0.022,0.00564));
#8920=CARTESIAN_POINT('',(0.0243588427887222,-0.0220956261695096,0.00564));
#8921=CARTESIAN_POINT('',(0.0203502627963065,-0.018573802130015,0.00564));
#8922=CARTESIAN_POINT('',(0.0190302170525811,-0.020076293139796,0.00564));
#8923=CARTESIAN_POINT('',(0.020063185034292,-0.0217888868303017,0.00564));
#8924=CARTESIAN_POINT('',(0.022,-0.025,0.00564));
#8925=CARTESIAN_POINT('',(0.0183071462001393,-0.0256521739130435,0.00564));
#8926=CARTESIAN_POINT('',(0.0163376241735469,-0.026,0.00564));
#8927=CARTESIAN_POINT('',(0.02425,-0.022,0.));
#8928=CARTESIAN_POINT('',(0.02425,-0.028,0.02014));
#8929=CARTESIAN_POINT('',(0.02425,-0.028,-0.00085));
#8930=CARTESIAN_POINT('',(0.02425,-0.011125,-0.00085));
#8931=CARTESIAN_POINT('',(0.02425,-0.022,-0.00085));
#8932=CARTESIAN_POINT('',(0.02425,-0.022,0.02014));
#8933=CARTESIAN_POINT('',(-0.000124999999999997,1.53080849893416E-20,0.00393858622077869));
#8934=CARTESIAN_POINT('',(-0.000125,-0.0167801808217512,-0.00085770663392155));
#8935=CARTESIAN_POINT('',(-0.000125,-0.0249834627114042,0.00815));
#8936=CARTESIAN_POINT('',(-0.000125,-0.022,0.00487397496281701));
#8937=CARTESIAN_POINT('',(-0.000124999999999997,1.53080849893416E-20,0.00815));
#8938=CARTESIAN_POINT('',(-0.000125,-0.0231741942694811,0.00815));
#8939=CARTESIAN_POINT('',(-0.000125,-0.0197649336773261,0.0044064227749559));
#8940=CARTESIAN_POINT('',(-0.000125,-0.022,0.00686066267708563));
#8941=CARTESIAN_POINT('',(-0.000125,-0.022,0.00196929311038935));
#8942=CARTESIAN_POINT('',(-0.02065,0.01745,0.01));
#8943=CARTESIAN_POINT('',(-0.0292600505063388,0.0132,0.01));
#8944=CARTESIAN_POINT('',(-0.03025,0.0132,0.01));
#8945=CARTESIAN_POINT('',(-0.0292600505063388,0.0125,0.01));
#8946=CARTESIAN_POINT('',(-0.03025,0.0125,0.01));
#8947=CARTESIAN_POINT('',(-0.02525,0.0125,0.01));
#8948=CARTESIAN_POINT('',(-0.02525,0.0075,0.01));
#8949=CARTESIAN_POINT('',(-0.02525,0.0175,0.01));
#8950=CARTESIAN_POINT('',(-0.0229312645155803,0.0175,0.01));
#8951=CARTESIAN_POINT('',(-0.0292600505063388,0.0175,0.01));
#8952=CARTESIAN_POINT('',(-0.0292600505063388,0.0168,0.01));
#8953=CARTESIAN_POINT('',(-0.03025,0.0168,0.01));
#8954=CARTESIAN_POINT('',(-0.03025,0.0175,0.01));
#8955=CARTESIAN_POINT('',(-0.04175,0.,0.015));
#8956=CARTESIAN_POINT('',(-0.04175,0.,0.00975));
#8957=CARTESIAN_POINT('',(-0.04175,0.0275,0.00975));
#8958=CARTESIAN_POINT('',(-0.04175,-0.018,0.00975));
#8959=CARTESIAN_POINT('',(-0.04175,-0.018,0.015));
#8960=CARTESIAN_POINT('',(-0.04175,-0.018,0.01));
#8961=CARTESIAN_POINT('',(-0.04175,0.,0.01));
#8962=CARTESIAN_POINT('',(-0.04175,0.0275,0.01));
#8963=CARTESIAN_POINT('',(-0.04175,0.0275,0.015));
#8964=CARTESIAN_POINT('',(0.,0.,0.00975));
#8965=CARTESIAN_POINT('',(-0.022,0.025,0.00975));
#8966=CARTESIAN_POINT('',(-0.02525,0.0262990381056766,0.00975));
#8967=CARTESIAN_POINT('',(-0.02525,0.0237009618943234,0.00975));
#8968=CARTESIAN_POINT('',(-0.02525,0.01572,0.00975));
#8969=CARTESIAN_POINT('',(-0.02525,-0.018,0.00975));
#8970=CARTESIAN_POINT('',(0.01675,-0.018,0.00975));
#8971=CARTESIAN_POINT('',(-0.029375,0.0275,0.00975));
#8972=CARTESIAN_POINT('',(-0.02525,0.0275,0.00975));
#8973=CARTESIAN_POINT('',(-0.02525,0.01572,0.00975));
#8974=CARTESIAN_POINT('',(0.022,-0.025,0.00564));
#8975=CARTESIAN_POINT('',(-0.02475,0.0235,0.00564));
#8976=CARTESIAN_POINT('',(-0.02475,0.0228349364905389,0.00564));
#8977=CARTESIAN_POINT('',(-0.02475,0.0271650635094611,0.00564));
#8978=CARTESIAN_POINT('',(-0.022,0.025,0.00564));
#8979=CARTESIAN_POINT('',(0.014,-0.000250000000000015,-0.00085));
#8980=CARTESIAN_POINT('',(-0.02475,0.0208241767278775,-0.00085));
#8981=CARTESIAN_POINT('',(-0.02475,0.0208241767278775,-0.00085));
#8982=CARTESIAN_POINT('',(-0.02475,0.0291758232721225,-0.00085));
#8983=CARTESIAN_POINT('',(-0.022,0.025,-0.00085));
#8984=CARTESIAN_POINT('',(-0.02065,0.01745,0.01));
#8985=CARTESIAN_POINT('',(-0.02475,0.019725,0.01));
#8986=CARTESIAN_POINT('',(-0.02475,0.0228349364905389,0.01));
#8987=CARTESIAN_POINT('',(-0.02475,0.0208241767278775,0.01));
#8988=CARTESIAN_POINT('',(-0.022,0.025,0.01));
#8989=CARTESIAN_POINT('',(-0.0170022811711188,0.0248489817645253,0.01));
#8990=CARTESIAN_POINT('',(-0.02065,0.0248489817645253,0.01));
#8991=CARTESIAN_POINT('',(-0.01605,0.0248489817645253,0.01));
#8992=CARTESIAN_POINT('',(-0.01605,0.0169,0.01));
#8993=CARTESIAN_POINT('',(-0.01605,0.01635,0.01));
#8994=CARTESIAN_POINT('',(-0.01895,0.01635,0.01));
#8995=CARTESIAN_POINT('',(-0.01725,0.01635,0.01));
#8996=CARTESIAN_POINT('',(-0.01725,0.0174,0.01));
#8997=CARTESIAN_POINT('',(-0.01725,0.01735,0.01));
#8998=CARTESIAN_POINT('',(-0.02295,0.01735,0.01));
#8999=CARTESIAN_POINT('',(-0.02524,0.01735,0.01));
#9000=CARTESIAN_POINT('',(-0.02524,0.01745,0.01));
#9001=CARTESIAN_POINT('',(-0.02524,0.0175,0.01));
#9002=CARTESIAN_POINT('',(-0.03025,0.0175,0.01));
#9003=CARTESIAN_POINT('',(-0.02525,0.008725,0.01));
#9004=CARTESIAN_POINT('',(-0.02525,0.0237009618943234,0.01));
#9005=CARTESIAN_POINT('',(-0.022,0.025,0.01));
#9006=CARTESIAN_POINT('',(-0.02125,0.022,0.));
#9007=CARTESIAN_POINT('',(-0.018,0.022,0.00215));
#9008=CARTESIAN_POINT('',(-0.018,0.022,0.00686066267708565));
#9009=CARTESIAN_POINT('',(-0.018,0.022,0.00487397496281702));
#9010=CARTESIAN_POINT('',(0.,0.022,0.00487397496281702));
#9011=CARTESIAN_POINT('',(0.000124999999999997,0.022,0.00487397496281702));
#9012=CARTESIAN_POINT('',(0.000124999999999997,0.022,0.00196929311038935));
#9013=CARTESIAN_POINT('',(0.000124999999999997,0.022,0.00686066267708565));
#9014=CARTESIAN_POINT('',(0.,0.022,0.00686066267708565));
#9015=CARTESIAN_POINT('',(0.000124999999999997,0.,0.00393858622077869));
#9016=CARTESIAN_POINT('',(0.000124999999999997,0.0167801808217512,-0.00085770663392155));
#9017=CARTESIAN_POINT('',(0.000124999999999997,0.0249834627114042,0.00815));
#9018=CARTESIAN_POINT('',(0.000124999999999997,0.,0.00815));
#9019=CARTESIAN_POINT('',(0.000124999999999997,0.023174194269481,0.00815));
#9020=CARTESIAN_POINT('',(0.000124999999999997,0.0197649336773261,0.0044064227749559));
#9021=CARTESIAN_POINT('',(0.02125,-0.022,0.));
#9022=CARTESIAN_POINT('',(0.012,-0.022,0.));
#9023=CARTESIAN_POINT('',(0.012,-0.022,0.00686066267708564));
#9024=CARTESIAN_POINT('',(0.012,-0.022,0.00487397496281702));
#9025=CARTESIAN_POINT('',(-2.69422295812418E-18,-0.022,0.00487397496281702));
#9026=CARTESIAN_POINT('',(-2.69422295812418E-18,-0.022,0.00686066267708565));
#9027=CARTESIAN_POINT('',(0.0077,-0.015,0.000149999999999995));
#9028=CARTESIAN_POINT('',(0.0198198291227678,-0.0273980741260451,-0.00085));
#9029=CARTESIAN_POINT('',(0.012,-0.0193987186784543,-0.00085));
#9030=CARTESIAN_POINT('',(0.012,-0.0193987186784544,7.49999999999973E-5));
#9031=CARTESIAN_POINT('',(0.012,-0.0193987186784543,0.00315));
#9032=CARTESIAN_POINT('',(0.0198198291227678,-0.0273980741260451,0.00315));
#9033=CARTESIAN_POINT('',(0.015975,-0.0189602292828876,0.00315));
#9034=CARTESIAN_POINT('',(0.012,0.00426988535855621,0.00315));
#9035=CARTESIAN_POINT('',(0.012,-0.0130760378608947,0.00315));
#9036=CARTESIAN_POINT('',(0.0130203389410547,-0.0147961856584306,0.00315));
#9037=CARTESIAN_POINT('',(0.0130203389410547,-0.0147961856584306,0.002));
#9038=CARTESIAN_POINT('',(0.012,-0.0130760378608947,0.002));
#9039=CARTESIAN_POINT('',(0.012,-0.0130760378608947,0.00815));
#9040=CARTESIAN_POINT('',(0.0130203389410547,-0.0147961856584306,0.00815));
#9041=CARTESIAN_POINT('',(0.0143403846847801,-0.0132936946486496,0.00815));
#9042=CARTESIAN_POINT('',(0.0143403846847801,-0.0132936946486496,0.002));
#9043=CARTESIAN_POINT('',(0.02425,-0.022,0.000149999999999992));
#9044=CARTESIAN_POINT('',(0.0111860480309116,-0.01052238443973,0.00815));
#9045=CARTESIAN_POINT('',(0.015,-0.0138732138495526,0.00815));
#9046=CARTESIAN_POINT('',(0.015,-0.0138732138495526,0.010145));
#9047=CARTESIAN_POINT('',(0.015,-0.0138732138495526,-0.00085));
#9048=CARTESIAN_POINT('',(0.0111860480309116,-0.01052238443973,-0.00085));
#9049=CARTESIAN_POINT('',(0.014,-0.000250000000000015,-0.00085));
#9050=CARTESIAN_POINT('',(0.015,-0.00916623565994066,-0.00085));
#9051=CARTESIAN_POINT('',(0.0168955122529216,-0.0180824713198813,-0.00085));
#9052=CARTESIAN_POINT('',(0.0197910245058431,-0.0180824713198813,-0.00085));
#9053=CARTESIAN_POINT('',(0.0111860480309116,-0.01052238443973,-0.00085));
#9054=CARTESIAN_POINT('',(0.013,-0.028,-0.00085));
#9055=CARTESIAN_POINT('',(0.012,-0.028,-0.00085));
#9056=CARTESIAN_POINT('',(0.012,0.013625,-0.00085));
#9057=CARTESIAN_POINT('',(0.000124999999999997,0.,0.00815));
#9058=CARTESIAN_POINT('',(6.24999999999987E-5,0.0249834627114042,0.00815));
#9059=CARTESIAN_POINT('',(0.022,0.0249834627114042,0.00815));
#9060=CARTESIAN_POINT('',(0.015,0.0249834627114042,0.00815));
#9061=CARTESIAN_POINT('',(0.022,0.0129868830910077,0.00815));
#9062=CARTESIAN_POINT('',(0.022,0.023174194269481,0.00815));
#9063=CARTESIAN_POINT('',(6.24999999999987E-5,0.023174194269481,0.00815));
#9064=CARTESIAN_POINT('',(0.015,0.023174194269481,0.00815));
#9065=CARTESIAN_POINT('',(0.015,-0.014125,0.00815));
#9066=CARTESIAN_POINT('',(0.012,0.013625,0.00815));
#9067=CARTESIAN_POINT('',(0.012,0.023174194269481,0.00815));
#9068=CARTESIAN_POINT('',(6.24999999999987E-5,0.023174194269481,0.00815));
#9069=CARTESIAN_POINT('',(6.24999999999987E-5,0.0249834627114042,0.00815));
#9070=CARTESIAN_POINT('',(0.012,0.0249834627114041,0.00815));
#9071=CARTESIAN_POINT('',(0.012,0.013625,0.00815));
#9072=CARTESIAN_POINT('',(0.012,0.0275,0.00815));
#9073=CARTESIAN_POINT('',(0.015,0.0275,0.00815));
#9074=CARTESIAN_POINT('',(0.015,0.0275,0.00815));
#9075=CARTESIAN_POINT('',(0.015,-0.014125,0.00815));
#9076=CARTESIAN_POINT('',(0.022,0.0259737661820154,0.00968775915958122));
#9077=CARTESIAN_POINT('',(0.022,0.022,0.00487397496281702));
#9078=CARTESIAN_POINT('',(0.022,0.0267301312603437,0.0100679491924311));
#9079=CARTESIAN_POINT('',(0.022,0.03144,0.0100679491924311));
#9080=CARTESIAN_POINT('',(0.022,0.0249208628184206,0.0100679491924311));
#9081=CARTESIAN_POINT('',(0.022,0.0289585190375902,0.0145015433563454));
#9082=CARTESIAN_POINT('',(0.04175,0.,0.015));
#9083=CARTESIAN_POINT('',(0.04175,0.,0.00975));
#9084=CARTESIAN_POINT('',(0.04175,-0.018,0.00975));
#9085=CARTESIAN_POINT('',(0.04175,0.0275,0.00975));
#9086=CARTESIAN_POINT('',(0.04175,0.0275,0.015));
#9087=CARTESIAN_POINT('',(0.04175,0.0275,0.01));
#9088=CARTESIAN_POINT('',(0.04175,0.,0.01));
#9089=CARTESIAN_POINT('',(0.04175,-0.018,0.01));
#9090=CARTESIAN_POINT('',(0.04175,-0.018,0.015));
#9091=CARTESIAN_POINT('',(0.,0.,0.00975));
#9092=CARTESIAN_POINT('',(0.0275,0.00575,0.00975));
#9093=CARTESIAN_POINT('',(0.0275,0.0025,0.00975));
#9094=CARTESIAN_POINT('',(0.0275,0.0115,0.00975));
#9095=CARTESIAN_POINT('',(0.,0.0115,0.00975));
#9096=CARTESIAN_POINT('',(0.0284979064017534,0.0115,0.00975));
#9097=CARTESIAN_POINT('',(0.0284979064017534,0.,0.00975));
#9098=CARTESIAN_POINT('',(0.0284979064017534,0.0185,0.00975));
#9099=CARTESIAN_POINT('',(-1.68591992218599E-17,0.0185,0.00975));
#9100=CARTESIAN_POINT('',(0.007,0.0275,0.00975));
#9101=CARTESIAN_POINT('',(0.029625,-0.018,0.00975));
#9102=CARTESIAN_POINT('',(0.02525,-0.018,0.00975));
#9103=CARTESIAN_POINT('',(0.02525,0.01572,0.00975));
#9104=CARTESIAN_POINT('',(0.02525,0.0025,0.00975));
#9105=CARTESIAN_POINT('',(0.026625,0.0025,0.00975));
#9106=CARTESIAN_POINT('',(0.023,0.03144,0.0098));
#9107=CARTESIAN_POINT('',(0.0231475827303899,0.0275,0.0098));
#9108=CARTESIAN_POINT('',(0.023,0.0275,0.0098));
#9109=CARTESIAN_POINT('',(0.023,0.0185,0.0098));
#9110=CARTESIAN_POINT('',(0.023,0.0185,0.0098));
#9111=CARTESIAN_POINT('',(0.023,0.03144,0.0098));
#9112=CARTESIAN_POINT('',(0.026,0.0185,0.01944));
#9113=CARTESIAN_POINT('',(0.013,0.0185,0.01025));
#9114=CARTESIAN_POINT('',(0.0217360775340236,0.0185,0.01025));
#9115=CARTESIAN_POINT('',(0.0284979064017534,0.0185,0.01025));
#9116=CARTESIAN_POINT('',(0.023,0.0185,0.0118));
#9117=CARTESIAN_POINT('',(0.0284979064017534,0.0185,-0.0941424218620221));
#9118=CARTESIAN_POINT('',(0.,0.0289585190375902,0.0145015433563454));
#9119=CARTESIAN_POINT('',(0.,0.025086655750342,0.01025));
#9120=CARTESIAN_POINT('',(0.015,0.025086655750342,0.01025));
#9121=CARTESIAN_POINT('',(0.0217360775340236,0.025086655750342,0.01025));
#9122=CARTESIAN_POINT('',(0.015,0.0124374996953967,-0.00363954913927263));
#9123=CARTESIAN_POINT('',(0.023,0.0264982344624061,0.0118));
#9124=CARTESIAN_POINT('',(0.02425,-0.022,0.000149999999999992));
#9125=CARTESIAN_POINT('',(0.0119527846987759,-0.0111960174055073,0.01025));
#9126=CARTESIAN_POINT('',(0.0203502627963065,-0.018573802130015,0.01025));
#9127=CARTESIAN_POINT('',(0.0197910245058431,-0.0180824713198813,0.01025));
#9128=CARTESIAN_POINT('',(0.0203502627963065,-0.018573802130015,0.02014));
#9129=CARTESIAN_POINT('',(0.0197910245058432,-0.0180824713198813,0.010145));
#9130=CARTESIAN_POINT('',(0.0190302170525811,-0.020076293139796,0.02014));
#9131=CARTESIAN_POINT('',(0.0190302170525811,-0.020076293139796,0.01025));
#9132=CARTESIAN_POINT('',(0.020063185034292,-0.0217888868303017,0.01025));
#9133=CARTESIAN_POINT('',(0.020063185034292,-0.0217888868303017,0.02014));
#9134=CARTESIAN_POINT('',(0.022,-0.025,0.02014));
#9135=CARTESIAN_POINT('',(0.022,-0.025,0.01025));
#9136=CARTESIAN_POINT('',(0.0183071462001393,-0.0256521739130435,0.01025));
#9137=CARTESIAN_POINT('',(0.0183071462001393,-0.0256521739130435,0.02014));
#9138=CARTESIAN_POINT('',(0.0163376241735469,-0.026,0.02014));
#9139=CARTESIAN_POINT('',(0.0163376241735469,-0.026,0.01025));
#9140=CARTESIAN_POINT('',(0.0163376241735469,-0.028,0.01025));
#9141=CARTESIAN_POINT('',(0.0163376241735469,-0.028,0.02014));
#9142=CARTESIAN_POINT('',(0.0388934339872219,-0.028,0.012155410228861));
#9143=CARTESIAN_POINT('',(0.0194467169936109,-0.028,0.01025));
#9144=CARTESIAN_POINT('',(0.012,-0.028,0.01025));
#9145=CARTESIAN_POINT('',(0.012,-0.028,0.));
#9146=CARTESIAN_POINT('',(-2.69422295812418E-18,-0.022,0.00487397496281702));
#9147=CARTESIAN_POINT('',(-3.29380074721674E-18,-0.0268959241922652,0.01025));
#9148=CARTESIAN_POINT('',(-0.012,-0.0268959241922652,0.01025));
#9149=CARTESIAN_POINT('',(0.012,-0.0268959241922652,0.01025));
#9150=CARTESIAN_POINT('',(-0.012,-0.0245552398904321,0.00767978507905083));
#9151=CARTESIAN_POINT('',(-0.012,-0.0249834627114042,0.00815));
#9152=CARTESIAN_POINT('',(-6.25000000000017E-5,-0.0249834627114042,0.00815));
#9153=CARTESIAN_POINT('',(0.012,-0.0095660875548418,-0.00877922349170898));
#9154=CARTESIAN_POINT('',(-3.54639576474326E-18,-0.0289585190375902,0.0145015433563454));
#9155=CARTESIAN_POINT('',(-3.07222926659679E-18,-0.025086655750342,0.01025));
#9156=CARTESIAN_POINT('',(0.012,-0.025086655750342,0.01025));
#9157=CARTESIAN_POINT('',(-0.012,-0.025086655750342,0.01025));
#9158=CARTESIAN_POINT('',(0.012,-0.0125508404104167,-0.00351509408283153));
#9159=CARTESIAN_POINT('',(-6.25000000000015E-5,-0.023174194269481,0.00815));
#9160=CARTESIAN_POINT('',(-0.012,-0.023174194269481,0.00815));
#9161=CARTESIAN_POINT('',(-0.012,-0.0275399927460069,0.0129439144879283));
#9162=CARTESIAN_POINT('',(0.,0.0289585190375902,0.0145015433563454));
#9163=CARTESIAN_POINT('',(0.,0.025086655750342,0.01025));
#9164=CARTESIAN_POINT('',(-0.0170007509783036,0.025086655750342,0.01025));
#9165=CARTESIAN_POINT('',(0.012,0.025086655750342,0.01025));
#9166=CARTESIAN_POINT('',(-0.022,0.025,0.0101548466714026));
#9167=CARTESIAN_POINT('',(0.012,0.025018319062615,0.0101749621256883));
#9168=CARTESIAN_POINT('',(-0.02525,0.0248489817645253,0.015));
#9169=CARTESIAN_POINT('',(-0.02525,0.0248489817645253,0.01025));
#9170=CARTESIAN_POINT('',(-0.01605,0.0248489817645253,0.01025));
#9171=CARTESIAN_POINT('',(-0.0170022811711188,0.0248489817645253,0.01025));
#9172=CARTESIAN_POINT('',(-0.01605,0.0248489817645253,0.015));
#9173=CARTESIAN_POINT('',(-0.0170022811711188,0.0248489817645253,0.00215));
#9174=CARTESIAN_POINT('',(-0.01605,0.01635,0.));
#9175=CARTESIAN_POINT('',(-0.01605,0.008175,0.01025));
#9176=CARTESIAN_POINT('',(-0.01605,0.01635,0.01025));
#9177=CARTESIAN_POINT('',(-0.01605,0.01635,0.));
#9178=CARTESIAN_POINT('',(-0.01725,0.01635,0.));
#9179=CARTESIAN_POINT('',(-0.008625,0.01635,0.01025));
#9180=CARTESIAN_POINT('',(-0.01725,0.01635,0.01025));
#9181=CARTESIAN_POINT('',(-0.01725,0.01635,0.));
#9182=CARTESIAN_POINT('',(-0.01725,0.01735,0.));
#9183=CARTESIAN_POINT('',(-0.01725,0.008675,0.01025));
#9184=CARTESIAN_POINT('',(-0.01725,0.01735,0.01025));
#9185=CARTESIAN_POINT('',(-0.01725,0.01735,0.));
#9186=CARTESIAN_POINT('',(-0.02525,0.01735,0.));
#9187=CARTESIAN_POINT('',(-0.012625,0.01735,0.01025));
#9188=CARTESIAN_POINT('',(-0.02524,0.01735,0.01025));
#9189=CARTESIAN_POINT('',(-0.02524,0.01735,0.));
#9190=CARTESIAN_POINT('',(-0.02524,0.01855,0.));
#9191=CARTESIAN_POINT('',(-0.02524,0.,0.01025));
#9192=CARTESIAN_POINT('',(-0.02524,0.0175,0.01025));
#9193=CARTESIAN_POINT('',(-0.02524,0.0175,0.));
#9194=CARTESIAN_POINT('',(-0.03025,0.0175,0.015));
#9195=CARTESIAN_POINT('',(-0.015125,0.0175,0.01025));
#9196=CARTESIAN_POINT('',(-0.0295100505063388,0.0175,0.01025));
#9197=CARTESIAN_POINT('',(-0.0312550252531694,0.0175,0.0119949747468306));
#9198=CARTESIAN_POINT('',(-0.0312550252531694,0.0168,0.0119949747468306));
#9199=CARTESIAN_POINT('',(-0.0295100505063388,0.0168,0.01025));
#9200=CARTESIAN_POINT('',(-0.0305,0.0168,0.01025));
#9201=CARTESIAN_POINT('',(-0.03175,0.0168,0.0115));
#9202=CARTESIAN_POINT('',(-0.03075,0.007875,0.0105));
#9203=CARTESIAN_POINT('',(-0.0305,0.0039375,0.01025));
#9204=CARTESIAN_POINT('',(-0.0305,0.0132,0.01025));
#9205=CARTESIAN_POINT('',(-0.0299203161288951,0.0132,0.00967031612889506));
#9206=CARTESIAN_POINT('',(-0.0294253413820645,0.0132,0.0101652908757256));
#9207=CARTESIAN_POINT('',(-0.0295100505063388,0.0132,0.01025));
#9208=CARTESIAN_POINT('',(-0.0295100505063388,0.0125,0.01025));
#9209=CARTESIAN_POINT('',(-0.0294253413820645,0.0125,0.0101652908757256));
#9210=CARTESIAN_POINT('',(-0.0229312645155803,0.0125,0.015));
#9211=CARTESIAN_POINT('',(-0.0114656322577901,0.0125,0.01025));
#9212=CARTESIAN_POINT('',(-0.02525,0.0125,0.01025));
#9213=CARTESIAN_POINT('',(-0.02525,0.0125,-1.11022302462516E-18));
#9214=CARTESIAN_POINT('',(-0.02525,0.,-0.015));
#9215=CARTESIAN_POINT('',(-0.02525,0.,0.01025));
#9216=CARTESIAN_POINT('',(-0.02525,-0.018,0.01025));
#9217=CARTESIAN_POINT('',(-0.02525,-0.018,-0.015));
#9218=CARTESIAN_POINT('',(-0.02525,0.0237009618943234,0.02014));
#9219=CARTESIAN_POINT('',(0.0335,-0.018,0.));
#9220=CARTESIAN_POINT('',(0.01675,-0.018,0.01025));
#9221=CARTESIAN_POINT('',(-0.0417437460888595,-0.018,0.01025));
#9222=CARTESIAN_POINT('',(-0.03675,-0.018,0.01));
#9223=CARTESIAN_POINT('',(-0.03675,0.,0.01));
#9224=CARTESIAN_POINT('',(-0.0417437460888595,0.,0.01025));
#9225=CARTESIAN_POINT('',(-0.0417437460888595,0.0275,0.01025));
#9226=CARTESIAN_POINT('',(-0.03675,0.0275,0.01));
#9227=CARTESIAN_POINT('',(0.014,0.0275,0.01944));
#9228=CARTESIAN_POINT('',(-0.007,0.0275,0.01025));
#9229=CARTESIAN_POINT('',(-0.02525,0.0275,0.01025));
#9230=CARTESIAN_POINT('',(-0.02525,0.0275,-0.015));
#9231=CARTESIAN_POINT('',(-0.02525,0.,-0.015));
#9232=CARTESIAN_POINT('',(-0.02525,0.,0.01025));
#9233=CARTESIAN_POINT('',(-0.02525,0.0262990381056766,0.01025));
#9234=CARTESIAN_POINT('',(-0.02525,0.0262990381056766,0.02014));
#9235=CARTESIAN_POINT('',(-0.022,0.025,0.02014));
#9236=CARTESIAN_POINT('',(-0.022,0.025,0.01025));
#9237=CARTESIAN_POINT('',(-0.02475,0.0271650635094611,0.01025));
#9238=CARTESIAN_POINT('',(-0.02475,0.0271650635094611,0.02014));
#9239=CARTESIAN_POINT('',(-0.02475,0.0228349364905389,0.02014));
#9240=CARTESIAN_POINT('',(-0.02475,0.022,0.));
#9241=CARTESIAN_POINT('',(-0.02475,0.0208241767278775,0.00215));
#9242=CARTESIAN_POINT('',(-0.02475,0.011,0.01025));
#9243=CARTESIAN_POINT('',(-0.02475,0.0291758232721225,0.01025));
#9244=CARTESIAN_POINT('',(-0.02475,0.0291758232721225,0.00215));
#9245=CARTESIAN_POINT('',(-0.022,0.025,0.00215));
#9246=CARTESIAN_POINT('',(-0.022,0.025,0.01025));
#9247=CARTESIAN_POINT('',(-0.0173733952560021,0.0268959241922652,0.01025));
#9248=CARTESIAN_POINT('',(-0.022,0.025,0.00816815895713393));
#9249=CARTESIAN_POINT('',(-0.022,0.025,0.01025));
#9250=CARTESIAN_POINT('',(0.,0.022,0.00487397496281702));
#9251=CARTESIAN_POINT('',(0.,0.0268959241922652,0.01025));
#9252=CARTESIAN_POINT('',(0.012,0.0268959241922652,0.01025));
#9253=CARTESIAN_POINT('',(0.012,0.0220335662070401,0.00491083271681086));
#9254=CARTESIAN_POINT('',(0.012,0.0275,0.));
#9255=CARTESIAN_POINT('',(0.012,0.01375,0.01025));
#9256=CARTESIAN_POINT('',(0.012,0.01375,0.01025));
#9257=CARTESIAN_POINT('',(0.014,0.0275,0.01944));
#9258=CARTESIAN_POINT('',(0.008,0.0275,0.01025));
#9259=CARTESIAN_POINT('',(0.015,0.0275,0.01025));
#9260=CARTESIAN_POINT('',(0.012,0.0275,0.01025));
#9261=CARTESIAN_POINT('',(0.015,0.0275,0.));
#9262=CARTESIAN_POINT('',(0.012,0.0275,0.));
#9263=CARTESIAN_POINT('',(0.015,-0.028,0.));
#9264=CARTESIAN_POINT('',(0.015,0.00945274683982181,-0.00890367854815008));
#9265=CARTESIAN_POINT('',(0.015,0.0268959241922652,0.01025));
#9266=CARTESIAN_POINT('',(0.015,-0.014,0.01025));
#9267=CARTESIAN_POINT('',(0.,0.022,0.00487397496281702));
#9268=CARTESIAN_POINT('',(0.,0.0268959241922652,0.01025));
#9269=CARTESIAN_POINT('',(0.0217360775340236,0.0268959241922652,0.01025));
#9270=CARTESIAN_POINT('',(0.023,0.0283075029043293,0.0118));
#9271=CARTESIAN_POINT('',(0.023,0.03144,0.0118));
#9272=CARTESIAN_POINT('',(0.0217360775340236,0.03144,0.01025));
#9273=CARTESIAN_POINT('',(0.0217360775340236,0.0275,0.01025));
#9274=CARTESIAN_POINT('',(0.023,0.0275,0.0118));
#9275=CARTESIAN_POINT('',(0.0217360775340236,0.03144,0.01025));
#9276=CARTESIAN_POINT('',(0.014,0.0275,0.01944));
#9277=CARTESIAN_POINT('',(0.007,0.0275,0.01025));
#9278=CARTESIAN_POINT('',(0.0417437460888595,0.0275,0.01025));
#9279=CARTESIAN_POINT('',(0.03675,0.0275,0.01));
#9280=CARTESIAN_POINT('',(0.03675,0.,0.01));
#9281=CARTESIAN_POINT('',(0.0417437460888595,0.,0.01025));
#9282=CARTESIAN_POINT('',(0.0417437460888595,-0.018,0.01025));
#9283=CARTESIAN_POINT('',(0.03675,-0.018,0.01));
#9284=CARTESIAN_POINT('',(0.0335,-0.018,0.));
#9285=CARTESIAN_POINT('',(0.01675,-0.018,0.01025));
#9286=CARTESIAN_POINT('',(0.02525,-0.018,0.01025));
#9287=CARTESIAN_POINT('',(0.02525,-0.018,-0.015));
#9288=CARTESIAN_POINT('',(0.02525,0.,-0.015));
#9289=CARTESIAN_POINT('',(0.02525,0.,0.01025));
#9290=CARTESIAN_POINT('',(0.02525,0.0025,0.01025));
#9291=CARTESIAN_POINT('',(0.02525,0.0025,-1.11022302462516E-18));
#9292=CARTESIAN_POINT('',(0.0275,0.0025,0.015));
#9293=CARTESIAN_POINT('',(0.01375,0.0025,0.01025));
#9294=CARTESIAN_POINT('',(0.0275,0.0025,0.01025));
#9295=CARTESIAN_POINT('',(0.0275,0.0025,0.015));
#9296=CARTESIAN_POINT('',(0.0275,0.0115,0.015));
#9297=CARTESIAN_POINT('',(0.0275,0.00575,0.01025));
#9298=CARTESIAN_POINT('',(0.0275,0.0115,0.01025));
#9299=CARTESIAN_POINT('',(0.0275,0.0115,0.015));
#9300=CARTESIAN_POINT('',(0.012,0.0275,0.));
#9301=CARTESIAN_POINT('',(0.012,0.01375,0.01025));
#9302=CARTESIAN_POINT('',(0.015,-0.028,0.));
#9303=CARTESIAN_POINT('',(0.015,-0.0160824713198813,0.005125));
#9304=CARTESIAN_POINT('',(0.015,-0.0160824713198813,0.01025));
#9305=CARTESIAN_POINT('',(0.015,-0.0160824713198813,0.00664));
#9306=CARTESIAN_POINT('',(0.015,-0.0170824713198813,0.00664));
#9307=CARTESIAN_POINT('',(0.015,-0.0180824713198813,0.00664));
#9308=CARTESIAN_POINT('',(0.015,-0.0180824713198813,0.015195));
#9309=CARTESIAN_POINT('',(0.015,-0.0180824713198813,0.00115));
#9310=CARTESIAN_POINT('',(0.015,-0.0170824713198813,0.00115));
#9311=CARTESIAN_POINT('',(0.015,-0.014,0.01025));
#9312=CARTESIAN_POINT('',(0.0197910245058432,-0.0180824713198813,0.02014));
#9313=CARTESIAN_POINT('',(0.014998,-0.0180824713198813,0.00115));
#9314=CARTESIAN_POINT('',(0.014998,-0.0180824713198813,0.00664));
#9315=CARTESIAN_POINT('',(0.017,-0.0180824713198813,0.00664));
#9316=CARTESIAN_POINT('',(0.017,-0.0180824713198813,0.015195));
#9317=CARTESIAN_POINT('',(0.017,-0.0180824713198813,0.01025));
#9318=CARTESIAN_POINT('',(0.0098955122529216,-0.0180824713198813,0.01025));
#9319=CARTESIAN_POINT('',(0.015,-0.0160824713198813,0.01025));
#9320=CARTESIAN_POINT('',(0.014998,-0.0160824713198813,0.00664));
#9321=CARTESIAN_POINT('',(0.017,-0.0160824713198813,0.00664));
#9322=CARTESIAN_POINT('',(0.017,-0.0160824713198813,0.01025));
#9323=CARTESIAN_POINT('',(0.017,-0.0160824713198813,0.01025));
#9324=CARTESIAN_POINT('',(0.017,-0.0160824713198813,0.01025));
#9325=CARTESIAN_POINT('',(0.017,-0.0160824713198813,0.01025));
#9326=CARTESIAN_POINT('',(0.017,-0.0170824713198813,0.00664));
#9327=CARTESIAN_POINT('',(0.017,-0.0180824713198813,0.01025));
#9328=CARTESIAN_POINT('',(0.000124999999999997,0.,0.00815));
#9329=CARTESIAN_POINT('',(-0.012,-0.01175,0.00815));
#9330=CARTESIAN_POINT('',(-0.012,-0.0235,0.00815));
#9331=CARTESIAN_POINT('',(-0.012,-0.014,0.01025));
#9332=CARTESIAN_POINT('',(0.,0.,0.01025));
#9333=CARTESIAN_POINT('',(0.,0.0115,0.01025));
#9334=CARTESIAN_POINT('',(0.0284979064017534,0.0115,0.01025));
#9335=CARTESIAN_POINT('',(0.0284979064017534,0.,0.01025));
#9336=CARTESIAN_POINT('',(0.0268739532008767,0.0115,-0.0941424218620221));
#9337=CARTESIAN_POINT('',(0.0284979064017534,0.0115,-0.0941424218620221));
#9338=CARTESIAN_POINT('',(0.0284979064017534,0.015,-0.0941424218620221));
#9339=CARTESIAN_POINT('',(0.014998,-0.0170824713198813,0.00664));
#9340=CARTESIAN_POINT('',(0.014998,-0.0170824713198813,0.00115));
#9341=MECHANICAL_DESIGN_GEOMETRIC_PRESENTATION_REPRESENTATION('',(#5203,
#4824,#4825,#4826,#4827,#4828,#4829,#4830,#4831,#4832,#4833,#4834,#4835,
#4836,#4837,#4838,#4839,#4840,#4841,#4842,#4843,#4844,#4845,#4846,#4847,
#4848,#4849,#4850,#4851,#4852,#4853,#4854,#4855,#4856,#4857,#4858,#4859,
#4860,#4861,#4862,#4863,#4864,#4865,#4866,#4867,#4868,#4869,#4870,#4871,
#4872,#4873,#4874,#4875,#4876,#4877,#4878,#4879,#4880,#4881,#4882,#4883,
#4884,#4885,#4886,#4887,#4888,#4889,#4890,#4891,#4892,#4893,#4894,#4895,
#4896,#4897,#4898,#4899,#4900,#4901,#4902,#4903,#4904,#4905,#4906,#4907,
#4908,#4909,#4910,#4911,#4912,#4913),#9343);
#9342=MECHANICAL_DESIGN_GEOMETRIC_PRESENTATION_REPRESENTATION('',(#5204,
#4914,#4915,#4916,#4917,#4918,#4919,#4920,#4921,#4922,#4923,#4924,#4925,
#4926,#4927,#4928,#4929,#4930,#4931,#4932,#4933,#4934,#4935,#4936,#4937,
#4938,#4939,#4940,#4941,#4942,#4943,#4944,#4945,#4946),#9344);
#9343=(
GEOMETRIC_REPRESENTATION_CONTEXT(3)
GLOBAL_UNCERTAINTY_ASSIGNED_CONTEXT((#9345))
GLOBAL_UNIT_ASSIGNED_CONTEXT((#9351,#9349,#9347))
REPRESENTATION_CONTEXT('electronics_frame_split_2',
'TOP_LEVEL_ASSEMBLY_PART')
);
#9344=(
GEOMETRIC_REPRESENTATION_CONTEXT(3)
GLOBAL_UNCERTAINTY_ASSIGNED_CONTEXT((#9346))
GLOBAL_UNIT_ASSIGNED_CONTEXT((#9352,#9350,#9348))
REPRESENTATION_CONTEXT('electronics_frame_split_2',
'TOP_LEVEL_ASSEMBLY_PART')
);
#9345=UNCERTAINTY_MEASURE_WITH_UNIT(LENGTH_MEASURE(2.E-5),#9351,
'DISTANCE_ACCURACY_VALUE','Maximum Tolerance applied to model');
#9346=UNCERTAINTY_MEASURE_WITH_UNIT(LENGTH_MEASURE(1.E-6),#9352,
'DISTANCE_ACCURACY_VALUE','Maximum Tolerance applied to model');
#9347=(
NAMED_UNIT(*)
SI_UNIT($,.STERADIAN.)
SOLID_ANGLE_UNIT()
);
#9348=(
NAMED_UNIT(*)
SI_UNIT($,.STERADIAN.)
SOLID_ANGLE_UNIT()
);
#9349=(
NAMED_UNIT(*)
PLANE_ANGLE_UNIT()
SI_UNIT($,.RADIAN.)
);
#9350=(
NAMED_UNIT(*)
PLANE_ANGLE_UNIT()
SI_UNIT($,.RADIAN.)
);
#9351=(
LENGTH_UNIT()
NAMED_UNIT(*)
SI_UNIT($,.METRE.)
);
#9352=(
LENGTH_UNIT()
NAMED_UNIT(*)
SI_UNIT($,.METRE.)
);
#9353=PRODUCT_DEFINITION_SHAPE('','',#9355);
#9354=PRODUCT_DEFINITION_SHAPE('','',#9356);
#9355=PRODUCT_DEFINITION('','',#9359,#9357);
#9356=PRODUCT_DEFINITION('','',#9360,#9358);
#9357=PRODUCT_DEFINITION_CONTEXT('',#9371,'design');
#9358=PRODUCT_DEFINITION_CONTEXT('',#9372,'design');
#9359=PRODUCT_DEFINITION_FORMATION_WITH_SPECIFIED_SOURCE('','',#9363,
 .NOT_KNOWN.);
#9360=PRODUCT_DEFINITION_FORMATION_WITH_SPECIFIED_SOURCE('','',#9364,
 .NOT_KNOWN.);
#9361=PRODUCT_RELATED_PRODUCT_CATEGORY('','',(#9363));
#9362=PRODUCT_RELATED_PRODUCT_CATEGORY('','',(#9364));
#9363=PRODUCT('electronics_frame_split_2','electronics_frame_split_2',
'electronics_frame_split_2',(#9367));
#9364=PRODUCT('electronics_frame_split_2','electronics_frame_split_2',
'electronics_frame_split_2',(#9368));
#9365=PRODUCT_CATEGORY('','');
#9366=PRODUCT_CATEGORY('','');
#9367=PRODUCT_CONTEXT('',#9371,'mechanical');
#9368=PRODUCT_CONTEXT('',#9372,'mechanical');
#9369=APPLICATION_PROTOCOL_DEFINITION('international standard',
'ap242_managed_model_based_3d_engineering',2020,#9371);
#9370=APPLICATION_PROTOCOL_DEFINITION('international standard',
'ap242_managed_model_based_3d_engineering',2020,#9372);
#9371=APPLICATION_CONTEXT('managed model based 3d engineering');
#9372=APPLICATION_CONTEXT('managed model based 3d engineering');
ENDSEC;
END-ISO-10303-21;
