ISO-10303-21;
HEADER;
/* Generated by software containing ST-Developer
 * from STEP Tools, Inc. (www.steptools.com) 
 */
/* OPTION: using custom renumber hook */

FILE_DESCRIPTION(
/* description */ ('STEP AP242 Edition 2',
'CAx-IF Rec.Pracs.---Representation and Presentation of Product Manufa
cturing Information (PMI)---4.0---2014-10-13',
'CAx-IF Rec.Pracs.---3D Tessellated Geometry---0.4---2014-09-14','2;1',
'CAx-IF Rec.Pracs.---User Defined Attributes---1.5---2016-08-15'),
/* implementation_level */ '2;1');

FILE_NAME(
/* name */ 'electronics_frame_split_1 - electronics_frame_split_1',
/* time_stamp */ '2026-09-30T17:31:54Z',
/* author */ (''),
/* organization */ (''),
/* preprocessor_version */ 'ST-DEVELOPER v20',
/* originating_system */ 'ONSHAPE BY PTC INC, 1.221',
/* authorisation */ '  ');

FILE_SCHEMA (('AP242_MANAGED_MODEL_BASED_3D_ENGINEERING_MIM_LF { 1 0 10303 442 3 1 4 }'));
ENDSEC;

DATA;
#10=SHAPE_REPRESENTATION_RELATIONSHIP('','',#2172,#11);
#11=ADVANCED_BREP_SHAPE_REPRESENTATION('',(#2170),#3272);
#12=TOROIDAL_SURFACE('',#2309,0.002,0.001);
#13=TOROIDAL_SURFACE('',#2313,0.002,0.001);
#14=B_SPLINE_CURVE_WITH_KNOTS('',3,(#2993,#2994,#2995,#2996,#2997,#2998,
#2999,#3000,#3001,#3002,#3003,#3004,#3005,#3006,#3007,#3008,#3009,#3010,
#3011),.UNSPECIFIED.,.T.,.F.,(1,1,1,1,1,1,1,1,1,1,1,1,1,1,1,1,1,1,1,1,1,
1,1),(-0.00269980263100174,-0.00179986842066782,-0.000899934210333912,0.,
0.000899934210333912,0.00179986842066782,0.00269980263100174,0.00359973684133565,
0.00449967105166956,0.00539960526200347,0.00629953947233739,0.0071994736826713,
0.00809940789300521,0.00899934210333912,0.00989927631367303,0.0107992105240069,
0.0116991447343409,0.0125990789446748,0.0134990131550087,0.0143989473653426,
0.0152988815756765,0.0161988157860104,0.0170987499963443),.UNSPECIFIED.);
#15=CYLINDRICAL_SURFACE('',#2185,0.005);
#16=CYLINDRICAL_SURFACE('',#2193,0.002);
#17=CYLINDRICAL_SURFACE('',#2196,0.001);
#18=CYLINDRICAL_SURFACE('',#2200,0.001);
#19=CYLINDRICAL_SURFACE('',#2210,0.0016);
#20=CYLINDRICAL_SURFACE('',#2212,0.0016);
#21=CYLINDRICAL_SURFACE('',#2222,0.033);
#22=CYLINDRICAL_SURFACE('',#2224,0.033);
#23=CYLINDRICAL_SURFACE('',#2246,0.005);
#24=CYLINDRICAL_SURFACE('',#2249,0.003);
#25=CYLINDRICAL_SURFACE('',#2257,0.002);
#26=CYLINDRICAL_SURFACE('',#2261,0.002);
#27=CYLINDRICAL_SURFACE('',#2265,0.0013);
#28=CYLINDRICAL_SURFACE('',#2268,0.0036);
#29=CYLINDRICAL_SURFACE('',#2272,0.002);
#30=CYLINDRICAL_SURFACE('',#2276,0.002);
#31=CYLINDRICAL_SURFACE('',#2280,0.00125);
#32=CYLINDRICAL_SURFACE('',#2283,0.001);
#33=CYLINDRICAL_SURFACE('',#2285,0.002);
#34=CYLINDRICAL_SURFACE('',#2287,0.002);
#35=CYLINDRICAL_SURFACE('',#2292,0.003);
#36=CYLINDRICAL_SURFACE('',#2293,0.0036);
#37=CYLINDRICAL_SURFACE('',#2307,0.001);
#38=CYLINDRICAL_SURFACE('',#2311,0.001);
#39=CYLINDRICAL_SURFACE('',#2315,0.001);
#40=LINE('',#2789,#205);
#41=LINE('',#2792,#206);
#42=LINE('',#2794,#207);
#43=LINE('',#2796,#208);
#44=LINE('',#2798,#209);
#45=LINE('',#2800,#210);
#46=LINE('',#2802,#211);
#47=LINE('',#2804,#212);
#48=LINE('',#2806,#213);
#49=LINE('',#2808,#214);
#50=LINE('',#2810,#215);
#51=LINE('',#2812,#216);
#52=LINE('',#2814,#217);
#53=LINE('',#2816,#218);
#54=LINE('',#2818,#219);
#55=LINE('',#2820,#220);
#56=LINE('',#2822,#221);
#57=LINE('',#2824,#222);
#58=LINE('',#2826,#223);
#59=LINE('',#2829,#224);
#60=LINE('',#2832,#225);
#61=LINE('',#2834,#226);
#62=LINE('',#2838,#227);
#63=LINE('',#2842,#228);
#64=LINE('',#2844,#229);
#65=LINE('',#2846,#230);
#66=LINE('',#2848,#231);
#67=LINE('',#2850,#232);
#68=LINE('',#2852,#233);
#69=LINE('',#2856,#234);
#70=LINE('',#2858,#235);
#71=LINE('',#2860,#236);
#72=LINE('',#2863,#237);
#73=LINE('',#2865,#238);
#74=LINE('',#2869,#239);
#75=LINE('',#2871,#240);
#76=LINE('',#2873,#241);
#77=LINE('',#2875,#242);
#78=LINE('',#2877,#243);
#79=LINE('',#2878,#244);
#80=LINE('',#2883,#245);
#81=LINE('',#2885,#246);
#82=LINE('',#2886,#247);
#83=LINE('',#2888,#248);
#84=LINE('',#2889,#249);
#85=LINE('',#2891,#250);
#86=LINE('',#2895,#251);
#87=LINE('',#2899,#252);
#88=LINE('',#2900,#253);
#89=LINE('',#2902,#254);
#90=LINE('',#2904,#255);
#91=LINE('',#2906,#256);
#92=LINE('',#2908,#257);
#93=LINE('',#2910,#258);
#94=LINE('',#2912,#259);
#95=LINE('',#2914,#260);
#96=LINE('',#2916,#261);
#97=LINE('',#2918,#262);
#98=LINE('',#2920,#263);
#99=LINE('',#2924,#264);
#100=LINE('',#2926,#265);
#101=LINE('',#2928,#266);
#102=LINE('',#2930,#267);
#103=LINE('',#2932,#268);
#104=LINE('',#2934,#269);
#105=LINE('',#2938,#270);
#106=LINE('',#2940,#271);
#107=LINE('',#2942,#272);
#108=LINE('',#2948,#273);
#109=LINE('',#2950,#274);
#110=LINE('',#2952,#275);
#111=LINE('',#2954,#276);
#112=LINE('',#2960,#277);
#113=LINE('',#2962,#278);
#114=LINE('',#2964,#279);
#115=LINE('',#2966,#280);
#116=LINE('',#2967,#281);
#117=LINE('',#2969,#282);
#118=LINE('',#2973,#283);
#119=LINE('',#2975,#284);
#120=LINE('',#2978,#285);
#121=LINE('',#2979,#286);
#122=LINE('',#2981,#287);
#123=LINE('',#2983,#288);
#124=LINE('',#2985,#289);
#125=LINE('',#2991,#290);
#126=LINE('',#3019,#291);
#127=LINE('',#3021,#292);
#128=LINE('',#3025,#293);
#129=LINE('',#3029,#294);
#130=LINE('',#3032,#295);
#131=LINE('',#3034,#296);
#132=LINE('',#3035,#297);
#133=LINE('',#3037,#298);
#134=LINE('',#3039,#299);
#135=LINE('',#3041,#300);
#136=LINE('',#3045,#301);
#137=LINE('',#3047,#302);
#138=LINE('',#3048,#303);
#139=LINE('',#3052,#304);
#140=LINE('',#3058,#305);
#141=LINE('',#3060,#306);
#142=LINE('',#3064,#307);
#143=LINE('',#3066,#308);
#144=LINE('',#3068,#309);
#145=LINE('',#3070,#310);
#146=LINE('',#3074,#311);
#147=LINE('',#3078,#312);
#148=LINE('',#3082,#313);
#149=LINE('',#3084,#314);
#150=LINE('',#3086,#315);
#151=LINE('',#3088,#316);
#152=LINE('',#3090,#317);
#153=LINE('',#3092,#318);
#154=LINE('',#3094,#319);
#155=LINE('',#3096,#320);
#156=LINE('',#3098,#321);
#157=LINE('',#3102,#322);
#158=LINE('',#3104,#323);
#159=LINE('',#3110,#324);
#160=LINE('',#3112,#325);
#161=LINE('',#3114,#326);
#162=LINE('',#3120,#327);
#163=LINE('',#3122,#328);
#164=LINE('',#3126,#329);
#165=LINE('',#3129,#330);
#166=LINE('',#3134,#331);
#167=LINE('',#3136,#332);
#168=LINE('',#3138,#333);
#169=LINE('',#3141,#334);
#170=LINE('',#3143,#335);
#171=LINE('',#3145,#336);
#172=LINE('',#3147,#337);
#173=LINE('',#3149,#338);
#174=LINE('',#3155,#339);
#175=LINE('',#3157,#340);
#176=LINE('',#3159,#341);
#177=LINE('',#3161,#342);
#178=LINE('',#3163,#343);
#179=LINE('',#3168,#344);
#180=LINE('',#3179,#345);
#181=LINE('',#3184,#346);
#182=LINE('',#3197,#347);
#183=LINE('',#3198,#348);
#184=LINE('',#3200,#349);
#185=LINE('',#3208,#350);
#186=LINE('',#3211,#351);
#187=LINE('',#3213,#352);
#188=LINE('',#3217,#353);
#189=LINE('',#3221,#354);
#190=LINE('',#3225,#355);
#191=LINE('',#3227,#356);
#192=LINE('',#3229,#357);
#193=LINE('',#3231,#358);
#194=LINE('',#3233,#359);
#195=LINE('',#3238,#360);
#196=LINE('',#3241,#361);
#197=LINE('',#3242,#362);
#198=LINE('',#3246,#363);
#199=LINE('',#3250,#364);
#200=LINE('',#3251,#365);
#201=LINE('',#3262,#366);
#202=LINE('',#3264,#367);
#203=LINE('',#3267,#368);
#204=LINE('',#3269,#369);
#205=VECTOR('',#2328,1.);
#206=VECTOR('',#2329,1.);
#207=VECTOR('',#2330,1.);
#208=VECTOR('',#2331,1.);
#209=VECTOR('',#2332,1.);
#210=VECTOR('',#2333,1.);
#211=VECTOR('',#2334,1.);
#212=VECTOR('',#2335,1.);
#213=VECTOR('',#2336,1.);
#214=VECTOR('',#2337,1.);
#215=VECTOR('',#2338,1.);
#216=VECTOR('',#2339,1.);
#217=VECTOR('',#2340,1.);
#218=VECTOR('',#2341,1.);
#219=VECTOR('',#2342,1.);
#220=VECTOR('',#2343,1.);
#221=VECTOR('',#2344,1.);
#222=VECTOR('',#2345,1.);
#223=VECTOR('',#2348,1.);
#224=VECTOR('',#2349,1.);
#225=VECTOR('',#2352,1.);
#226=VECTOR('',#2353,1.);
#227=VECTOR('',#2356,1.);
#228=VECTOR('',#2359,1.);
#229=VECTOR('',#2360,1.);
#230=VECTOR('',#2361,1.);
#231=VECTOR('',#2362,1.);
#232=VECTOR('',#2363,1.);
#233=VECTOR('',#2364,1.);
#234=VECTOR('',#2367,1.);
#235=VECTOR('',#2368,1.);
#236=VECTOR('',#2371,1.);
#237=VECTOR('',#2372,1.);
#238=VECTOR('',#2373,1.);
#239=VECTOR('',#2376,1.);
#240=VECTOR('',#2377,1.);
#241=VECTOR('',#2378,1.);
#242=VECTOR('',#2379,1.);
#243=VECTOR('',#2380,1.);
#244=VECTOR('',#2381,1.);
#245=VECTOR('',#2386,1.);
#246=VECTOR('',#2387,1.);
#247=VECTOR('',#2388,1.);
#248=VECTOR('',#2389,1.);
#249=VECTOR('',#2390,1.);
#250=VECTOR('',#2391,1.);
#251=VECTOR('',#2396,1.);
#252=VECTOR('',#2401,1.);
#253=VECTOR('',#2402,1.);
#254=VECTOR('',#2403,1.);
#255=VECTOR('',#2404,1.);
#256=VECTOR('',#2405,1.);
#257=VECTOR('',#2406,1.);
#258=VECTOR('',#2407,1.);
#259=VECTOR('',#2408,1.);
#260=VECTOR('',#2409,1.);
#261=VECTOR('',#2410,1.);
#262=VECTOR('',#2411,1.);
#263=VECTOR('',#2412,1.);
#264=VECTOR('',#2417,1.);
#265=VECTOR('',#2418,1.);
#266=VECTOR('',#2419,1.);
#267=VECTOR('',#2422,1.);
#268=VECTOR('',#2425,1.);
#269=VECTOR('',#2428,1.);
#270=VECTOR('',#2433,1.);
#271=VECTOR('',#2434,1.);
#272=VECTOR('',#2435,1.);
#273=VECTOR('',#2442,1.);
#274=VECTOR('',#2445,1.);
#275=VECTOR('',#2446,1.);
#276=VECTOR('',#2447,1.);
#277=VECTOR('',#2454,1.);
#278=VECTOR('',#2457,1.);
#279=VECTOR('',#2458,1.);
#280=VECTOR('',#2459,1.);
#281=VECTOR('',#2460,1.);
#282=VECTOR('',#2463,1.);
#283=VECTOR('',#2466,1.);
#284=VECTOR('',#2469,1.);
#285=VECTOR('',#2470,1.);
#286=VECTOR('',#2471,1.);
#287=VECTOR('',#2472,1.);
#288=VECTOR('',#2473,1.);
#289=VECTOR('',#2476,1.);
#290=VECTOR('',#2481,1.);
#291=VECTOR('',#2492,1.);
#292=VECTOR('',#2493,1.);
#293=VECTOR('',#2498,1.);
#294=VECTOR('',#2503,1.);
#295=VECTOR('',#2504,1.);
#296=VECTOR('',#2505,1.);
#297=VECTOR('',#2506,1.);
#298=VECTOR('',#2509,1.);
#299=VECTOR('',#2510,1.);
#300=VECTOR('',#2513,1.);
#301=VECTOR('',#2518,1.);
#302=VECTOR('',#2519,1.);
#303=VECTOR('',#2520,1.);
#304=VECTOR('',#2525,1.);
#305=VECTOR('',#2532,1.);
#306=VECTOR('',#2533,1.);
#307=VECTOR('',#2536,1.);
#308=VECTOR('',#2537,1.);
#309=VECTOR('',#2540,1.);
#310=VECTOR('',#2541,1.);
#311=VECTOR('',#2546,1.);
#312=VECTOR('',#2549,1.);
#313=VECTOR('',#2552,1.);
#314=VECTOR('',#2553,1.);
#315=VECTOR('',#2556,1.);
#316=VECTOR('',#2557,1.);
#317=VECTOR('',#2560,1.);
#318=VECTOR('',#2561,1.);
#319=VECTOR('',#2562,1.);
#320=VECTOR('',#2563,1.);
#321=VECTOR('',#2564,1.);
#322=VECTOR('',#2569,1.);
#323=VECTOR('',#2570,1.);
#324=VECTOR('',#2577,1.);
#325=VECTOR('',#2580,1.);
#326=VECTOR('',#2581,1.);
#327=VECTOR('',#2588,1.);
#328=VECTOR('',#2589,1.);
#329=VECTOR('',#2594,1.);
#330=VECTOR('',#2599,1.);
#331=VECTOR('',#2606,1.);
#332=VECTOR('',#2607,1.);
#333=VECTOR('',#2610,1.);
#334=VECTOR('',#2615,1.);
#335=VECTOR('',#2618,1.);
#336=VECTOR('',#2621,1.);
#337=VECTOR('',#2622,1.);
#338=VECTOR('',#2623,1.);
#339=VECTOR('',#2630,1.);
#340=VECTOR('',#2633,1.);
#341=VECTOR('',#2634,1.);
#342=VECTOR('',#2635,1.);
#343=VECTOR('',#2638,1.);
#344=VECTOR('',#2645,1.);
#345=VECTOR('',#2662,1.);
#346=VECTOR('',#2665,1.);
#347=VECTOR('',#2684,1.);
#348=VECTOR('',#2685,1.);
#349=VECTOR('',#2688,1.);
#350=VECTOR('',#2699,1.);
#351=VECTOR('',#2702,1.);
#352=VECTOR('',#2705,1.);
#353=VECTOR('',#2710,1.);
#354=VECTOR('',#2717,1.);
#355=VECTOR('',#2724,1.);
#356=VECTOR('',#2725,1.);
#357=VECTOR('',#2728,1.);
#358=VECTOR('',#2729,1.);
#359=VECTOR('',#2732,1.);
#360=VECTOR('',#2741,1.);
#361=VECTOR('',#2742,1.);
#362=VECTOR('',#2743,1.);
#363=VECTOR('',#2746,1.);
#364=VECTOR('',#2749,1.);
#365=VECTOR('',#2750,1.);
#366=VECTOR('',#2771,1.);
#367=VECTOR('',#2774,1.);
#368=VECTOR('',#2779,1.);
#369=VECTOR('',#2782,1.);
#370=ORIENTED_EDGE('',*,*,#824,.F.);
#371=ORIENTED_EDGE('',*,*,#825,.T.);
#372=ORIENTED_EDGE('',*,*,#826,.T.);
#373=ORIENTED_EDGE('',*,*,#827,.F.);
#374=ORIENTED_EDGE('',*,*,#828,.T.);
#375=ORIENTED_EDGE('',*,*,#829,.T.);
#376=ORIENTED_EDGE('',*,*,#830,.T.);
#377=ORIENTED_EDGE('',*,*,#831,.F.);
#378=ORIENTED_EDGE('',*,*,#832,.F.);
#379=ORIENTED_EDGE('',*,*,#833,.F.);
#380=ORIENTED_EDGE('',*,*,#834,.F.);
#381=ORIENTED_EDGE('',*,*,#835,.F.);
#382=ORIENTED_EDGE('',*,*,#836,.T.);
#383=ORIENTED_EDGE('',*,*,#837,.T.);
#384=ORIENTED_EDGE('',*,*,#838,.F.);
#385=ORIENTED_EDGE('',*,*,#839,.F.);
#386=ORIENTED_EDGE('',*,*,#840,.F.);
#387=ORIENTED_EDGE('',*,*,#841,.F.);
#388=ORIENTED_EDGE('',*,*,#842,.F.);
#389=ORIENTED_EDGE('',*,*,#843,.T.);
#390=ORIENTED_EDGE('',*,*,#844,.T.);
#391=ORIENTED_EDGE('',*,*,#825,.F.);
#392=ORIENTED_EDGE('',*,*,#845,.F.);
#393=ORIENTED_EDGE('',*,*,#846,.F.);
#394=ORIENTED_EDGE('',*,*,#847,.F.);
#395=ORIENTED_EDGE('',*,*,#848,.F.);
#396=ORIENTED_EDGE('',*,*,#849,.F.);
#397=ORIENTED_EDGE('',*,*,#850,.F.);
#398=ORIENTED_EDGE('',*,*,#851,.F.);
#399=ORIENTED_EDGE('',*,*,#852,.F.);
#400=ORIENTED_EDGE('',*,*,#853,.T.);
#401=ORIENTED_EDGE('',*,*,#854,.F.);
#402=ORIENTED_EDGE('',*,*,#855,.F.);
#403=ORIENTED_EDGE('',*,*,#856,.F.);
#404=ORIENTED_EDGE('',*,*,#857,.T.);
#405=ORIENTED_EDGE('',*,*,#858,.F.);
#406=ORIENTED_EDGE('',*,*,#859,.F.);
#407=ORIENTED_EDGE('',*,*,#860,.T.);
#408=ORIENTED_EDGE('',*,*,#861,.T.);
#409=ORIENTED_EDGE('',*,*,#862,.T.);
#410=ORIENTED_EDGE('',*,*,#863,.T.);
#411=ORIENTED_EDGE('',*,*,#864,.T.);
#412=ORIENTED_EDGE('',*,*,#865,.T.);
#413=ORIENTED_EDGE('',*,*,#866,.F.);
#414=ORIENTED_EDGE('',*,*,#867,.F.);
#415=ORIENTED_EDGE('',*,*,#868,.F.);
#416=ORIENTED_EDGE('',*,*,#827,.T.);
#417=ORIENTED_EDGE('',*,*,#869,.F.);
#418=ORIENTED_EDGE('',*,*,#870,.T.);
#419=ORIENTED_EDGE('',*,*,#871,.T.);
#420=ORIENTED_EDGE('',*,*,#872,.T.);
#421=ORIENTED_EDGE('',*,*,#830,.F.);
#422=ORIENTED_EDGE('',*,*,#873,.F.);
#423=ORIENTED_EDGE('',*,*,#874,.F.);
#424=ORIENTED_EDGE('',*,*,#851,.T.);
#425=ORIENTED_EDGE('',*,*,#875,.F.);
#426=ORIENTED_EDGE('',*,*,#876,.F.);
#427=ORIENTED_EDGE('',*,*,#832,.T.);
#428=ORIENTED_EDGE('',*,*,#877,.F.);
#429=ORIENTED_EDGE('',*,*,#878,.F.);
#430=ORIENTED_EDGE('',*,*,#879,.T.);
#431=ORIENTED_EDGE('',*,*,#880,.F.);
#432=ORIENTED_EDGE('',*,*,#858,.T.);
#433=ORIENTED_EDGE('',*,*,#881,.F.);
#434=ORIENTED_EDGE('',*,*,#882,.F.);
#435=ORIENTED_EDGE('',*,*,#883,.F.);
#436=ORIENTED_EDGE('',*,*,#884,.F.);
#437=ORIENTED_EDGE('',*,*,#885,.T.);
#438=ORIENTED_EDGE('',*,*,#886,.F.);
#439=ORIENTED_EDGE('',*,*,#887,.F.);
#440=ORIENTED_EDGE('',*,*,#888,.F.);
#441=ORIENTED_EDGE('',*,*,#889,.T.);
#442=ORIENTED_EDGE('',*,*,#890,.F.);
#443=ORIENTED_EDGE('',*,*,#891,.F.);
#444=ORIENTED_EDGE('',*,*,#862,.F.);
#445=ORIENTED_EDGE('',*,*,#892,.F.);
#446=ORIENTED_EDGE('',*,*,#829,.F.);
#447=ORIENTED_EDGE('',*,*,#893,.F.);
#448=ORIENTED_EDGE('',*,*,#894,.F.);
#449=ORIENTED_EDGE('',*,*,#895,.F.);
#450=ORIENTED_EDGE('',*,*,#873,.T.);
#451=ORIENTED_EDGE('',*,*,#896,.T.);
#452=ORIENTED_EDGE('',*,*,#852,.T.);
#453=ORIENTED_EDGE('',*,*,#874,.T.);
#454=ORIENTED_EDGE('',*,*,#895,.T.);
#455=ORIENTED_EDGE('',*,*,#897,.T.);
#456=ORIENTED_EDGE('',*,*,#894,.T.);
#457=ORIENTED_EDGE('',*,*,#898,.T.);
#458=ORIENTED_EDGE('',*,*,#875,.T.);
#459=ORIENTED_EDGE('',*,*,#850,.T.);
#460=ORIENTED_EDGE('',*,*,#899,.F.);
#461=ORIENTED_EDGE('',*,*,#900,.T.);
#462=ORIENTED_EDGE('',*,*,#901,.F.);
#463=ORIENTED_EDGE('',*,*,#876,.T.);
#464=ORIENTED_EDGE('',*,*,#900,.F.);
#465=ORIENTED_EDGE('',*,*,#902,.F.);
#466=ORIENTED_EDGE('',*,*,#903,.F.);
#467=ORIENTED_EDGE('',*,*,#904,.F.);
#468=ORIENTED_EDGE('',*,*,#903,.T.);
#469=ORIENTED_EDGE('',*,*,#905,.T.);
#470=ORIENTED_EDGE('',*,*,#906,.T.);
#471=ORIENTED_EDGE('',*,*,#907,.F.);
#472=ORIENTED_EDGE('',*,*,#906,.F.);
#473=ORIENTED_EDGE('',*,*,#908,.F.);
#474=ORIENTED_EDGE('',*,*,#909,.F.);
#475=ORIENTED_EDGE('',*,*,#910,.F.);
#476=ORIENTED_EDGE('',*,*,#909,.T.);
#477=ORIENTED_EDGE('',*,*,#911,.T.);
#478=ORIENTED_EDGE('',*,*,#912,.T.);
#479=ORIENTED_EDGE('',*,*,#913,.F.);
#480=ORIENTED_EDGE('',*,*,#912,.F.);
#481=ORIENTED_EDGE('',*,*,#914,.T.);
#482=ORIENTED_EDGE('',*,*,#915,.T.);
#483=ORIENTED_EDGE('',*,*,#839,.T.);
#484=ORIENTED_EDGE('',*,*,#916,.F.);
#485=ORIENTED_EDGE('',*,*,#917,.T.);
#486=ORIENTED_EDGE('',*,*,#918,.F.);
#487=ORIENTED_EDGE('',*,*,#916,.T.);
#488=ORIENTED_EDGE('',*,*,#838,.T.);
#489=ORIENTED_EDGE('',*,*,#919,.T.);
#490=ORIENTED_EDGE('',*,*,#920,.F.);
#491=ORIENTED_EDGE('',*,*,#921,.F.);
#492=ORIENTED_EDGE('',*,*,#878,.T.);
#493=ORIENTED_EDGE('',*,*,#922,.F.);
#494=ORIENTED_EDGE('',*,*,#923,.T.);
#495=ORIENTED_EDGE('',*,*,#924,.T.);
#496=ORIENTED_EDGE('',*,*,#925,.T.);
#497=ORIENTED_EDGE('',*,*,#926,.T.);
#498=ORIENTED_EDGE('',*,*,#927,.T.);
#499=ORIENTED_EDGE('',*,*,#928,.T.);
#500=ORIENTED_EDGE('',*,*,#833,.T.);
#501=ORIENTED_EDGE('',*,*,#879,.F.);
#502=ORIENTED_EDGE('',*,*,#921,.T.);
#503=ORIENTED_EDGE('',*,*,#892,.T.);
#504=ORIENTED_EDGE('',*,*,#929,.T.);
#505=ORIENTED_EDGE('',*,*,#930,.F.);
#506=ORIENTED_EDGE('',*,*,#824,.T.);
#507=ORIENTED_EDGE('',*,*,#931,.F.);
#508=ORIENTED_EDGE('',*,*,#928,.F.);
#509=ORIENTED_EDGE('',*,*,#932,.T.);
#510=ORIENTED_EDGE('',*,*,#933,.F.);
#511=ORIENTED_EDGE('',*,*,#834,.T.);
#512=ORIENTED_EDGE('',*,*,#934,.T.);
#513=ORIENTED_EDGE('',*,*,#935,.T.);
#514=ORIENTED_EDGE('',*,*,#835,.T.);
#515=ORIENTED_EDGE('',*,*,#933,.T.);
#516=ORIENTED_EDGE('',*,*,#936,.T.);
#517=ORIENTED_EDGE('',*,*,#937,.F.);
#518=ORIENTED_EDGE('',*,*,#938,.T.);
#519=ORIENTED_EDGE('',*,*,#939,.F.);
#520=ORIENTED_EDGE('',*,*,#836,.F.);
#521=ORIENTED_EDGE('',*,*,#935,.F.);
#522=ORIENTED_EDGE('',*,*,#940,.F.);
#523=ORIENTED_EDGE('',*,*,#840,.T.);
#524=ORIENTED_EDGE('',*,*,#915,.F.);
#525=ORIENTED_EDGE('',*,*,#941,.T.);
#526=ORIENTED_EDGE('',*,*,#942,.F.);
#527=ORIENTED_EDGE('',*,*,#841,.T.);
#528=ORIENTED_EDGE('',*,*,#942,.T.);
#529=ORIENTED_EDGE('',*,*,#943,.F.);
#530=ORIENTED_EDGE('',*,*,#944,.T.);
#531=ORIENTED_EDGE('',*,*,#945,.T.);
#532=ORIENTED_EDGE('',*,*,#845,.T.);
#533=ORIENTED_EDGE('',*,*,#842,.T.);
#534=ORIENTED_EDGE('',*,*,#944,.F.);
#535=ORIENTED_EDGE('',*,*,#946,.F.);
#536=ORIENTED_EDGE('',*,*,#848,.T.);
#537=ORIENTED_EDGE('',*,*,#947,.F.);
#538=ORIENTED_EDGE('',*,*,#948,.F.);
#539=ORIENTED_EDGE('',*,*,#881,.T.);
#540=ORIENTED_EDGE('',*,*,#857,.F.);
#541=ORIENTED_EDGE('',*,*,#949,.F.);
#542=ORIENTED_EDGE('',*,*,#950,.T.);
#543=ORIENTED_EDGE('',*,*,#951,.T.);
#544=ORIENTED_EDGE('',*,*,#882,.T.);
#545=ORIENTED_EDGE('',*,*,#950,.F.);
#546=ORIENTED_EDGE('',*,*,#952,.F.);
#547=ORIENTED_EDGE('',*,*,#953,.T.);
#548=ORIENTED_EDGE('',*,*,#954,.F.);
#549=ORIENTED_EDGE('',*,*,#955,.F.);
#550=ORIENTED_EDGE('',*,*,#956,.T.);
#551=ORIENTED_EDGE('',*,*,#883,.T.);
#552=ORIENTED_EDGE('',*,*,#956,.F.);
#553=ORIENTED_EDGE('',*,*,#957,.T.);
#554=ORIENTED_EDGE('',*,*,#958,.F.);
#555=ORIENTED_EDGE('',*,*,#959,.T.);
#556=ORIENTED_EDGE('',*,*,#960,.T.);
#557=ORIENTED_EDGE('',*,*,#961,.F.);
#558=ORIENTED_EDGE('',*,*,#962,.F.);
#559=ORIENTED_EDGE('',*,*,#963,.T.);
#560=ORIENTED_EDGE('',*,*,#964,.F.);
#561=ORIENTED_EDGE('',*,*,#965,.T.);
#562=ORIENTED_EDGE('',*,*,#884,.T.);
#563=ORIENTED_EDGE('',*,*,#958,.T.);
#564=ORIENTED_EDGE('',*,*,#965,.F.);
#565=ORIENTED_EDGE('',*,*,#966,.F.);
#566=ORIENTED_EDGE('',*,*,#967,.T.);
#567=ORIENTED_EDGE('',*,*,#885,.F.);
#568=ORIENTED_EDGE('',*,*,#968,.T.);
#569=ORIENTED_EDGE('',*,*,#886,.T.);
#570=ORIENTED_EDGE('',*,*,#967,.F.);
#571=ORIENTED_EDGE('',*,*,#969,.F.);
#572=ORIENTED_EDGE('',*,*,#970,.T.);
#573=ORIENTED_EDGE('',*,*,#971,.F.);
#574=ORIENTED_EDGE('',*,*,#972,.F.);
#575=ORIENTED_EDGE('',*,*,#973,.T.);
#576=ORIENTED_EDGE('',*,*,#968,.F.);
#577=ORIENTED_EDGE('',*,*,#974,.T.);
#578=ORIENTED_EDGE('',*,*,#975,.F.);
#579=ORIENTED_EDGE('',*,*,#887,.T.);
#580=ORIENTED_EDGE('',*,*,#976,.T.);
#581=ORIENTED_EDGE('',*,*,#977,.T.);
#582=ORIENTED_EDGE('',*,*,#978,.T.);
#583=ORIENTED_EDGE('',*,*,#888,.T.);
#584=ORIENTED_EDGE('',*,*,#975,.T.);
#585=ORIENTED_EDGE('',*,*,#979,.F.);
#586=ORIENTED_EDGE('',*,*,#889,.F.);
#587=ORIENTED_EDGE('',*,*,#978,.F.);
#588=ORIENTED_EDGE('',*,*,#980,.F.);
#589=ORIENTED_EDGE('',*,*,#979,.T.);
#590=ORIENTED_EDGE('',*,*,#981,.T.);
#591=ORIENTED_EDGE('',*,*,#982,.F.);
#592=ORIENTED_EDGE('',*,*,#983,.T.);
#593=ORIENTED_EDGE('',*,*,#984,.F.);
#594=ORIENTED_EDGE('',*,*,#985,.T.);
#595=ORIENTED_EDGE('',*,*,#890,.T.);
#596=ORIENTED_EDGE('',*,*,#891,.T.);
#597=ORIENTED_EDGE('',*,*,#985,.F.);
#598=ORIENTED_EDGE('',*,*,#986,.F.);
#599=ORIENTED_EDGE('',*,*,#863,.F.);
#600=ORIENTED_EDGE('',*,*,#868,.T.);
#601=ORIENTED_EDGE('',*,*,#898,.F.);
#602=ORIENTED_EDGE('',*,*,#893,.T.);
#603=ORIENTED_EDGE('',*,*,#828,.F.);
#604=ORIENTED_EDGE('',*,*,#896,.F.);
#605=ORIENTED_EDGE('',*,*,#867,.T.);
#606=ORIENTED_EDGE('',*,*,#987,.F.);
#607=ORIENTED_EDGE('',*,*,#853,.F.);
#608=ORIENTED_EDGE('',*,*,#897,.F.);
#609=ORIENTED_EDGE('',*,*,#988,.F.);
#610=ORIENTED_EDGE('',*,*,#989,.F.);
#611=ORIENTED_EDGE('',*,*,#990,.F.);
#612=ORIENTED_EDGE('',*,*,#846,.T.);
#613=ORIENTED_EDGE('',*,*,#945,.F.);
#614=ORIENTED_EDGE('',*,*,#991,.F.);
#615=ORIENTED_EDGE('',*,*,#947,.T.);
#616=ORIENTED_EDGE('',*,*,#847,.T.);
#617=ORIENTED_EDGE('',*,*,#990,.T.);
#618=ORIENTED_EDGE('',*,*,#911,.F.);
#619=ORIENTED_EDGE('',*,*,#908,.T.);
#620=ORIENTED_EDGE('',*,*,#905,.F.);
#621=ORIENTED_EDGE('',*,*,#902,.T.);
#622=ORIENTED_EDGE('',*,*,#899,.T.);
#623=ORIENTED_EDGE('',*,*,#849,.T.);
#624=ORIENTED_EDGE('',*,*,#946,.T.);
#625=ORIENTED_EDGE('',*,*,#943,.T.);
#626=ORIENTED_EDGE('',*,*,#941,.F.);
#627=ORIENTED_EDGE('',*,*,#914,.F.);
#628=ORIENTED_EDGE('',*,*,#866,.T.);
#629=ORIENTED_EDGE('',*,*,#992,.T.);
#630=ORIENTED_EDGE('',*,*,#854,.T.);
#631=ORIENTED_EDGE('',*,*,#987,.T.);
#632=ORIENTED_EDGE('',*,*,#993,.T.);
#633=ORIENTED_EDGE('',*,*,#855,.T.);
#634=ORIENTED_EDGE('',*,*,#992,.F.);
#635=ORIENTED_EDGE('',*,*,#865,.F.);
#636=ORIENTED_EDGE('',*,*,#864,.F.);
#637=ORIENTED_EDGE('',*,*,#986,.T.);
#638=ORIENTED_EDGE('',*,*,#984,.T.);
#639=ORIENTED_EDGE('',*,*,#994,.F.);
#640=ORIENTED_EDGE('',*,*,#995,.T.);
#641=ORIENTED_EDGE('',*,*,#996,.F.);
#642=ORIENTED_EDGE('',*,*,#952,.T.);
#643=ORIENTED_EDGE('',*,*,#949,.T.);
#644=ORIENTED_EDGE('',*,*,#856,.T.);
#645=ORIENTED_EDGE('',*,*,#993,.F.);
#646=ORIENTED_EDGE('',*,*,#997,.F.);
#647=ORIENTED_EDGE('',*,*,#938,.F.);
#648=ORIENTED_EDGE('',*,*,#998,.F.);
#649=ORIENTED_EDGE('',*,*,#999,.T.);
#650=ORIENTED_EDGE('',*,*,#1000,.F.);
#651=ORIENTED_EDGE('',*,*,#1001,.T.);
#652=ORIENTED_EDGE('',*,*,#1002,.F.);
#653=ORIENTED_EDGE('',*,*,#999,.F.);
#654=ORIENTED_EDGE('',*,*,#926,.F.);
#655=ORIENTED_EDGE('',*,*,#1003,.T.);
#656=ORIENTED_EDGE('',*,*,#1004,.F.);
#657=ORIENTED_EDGE('',*,*,#1001,.F.);
#658=ORIENTED_EDGE('',*,*,#1005,.F.);
#659=ORIENTED_EDGE('',*,*,#920,.T.);
#660=ORIENTED_EDGE('',*,*,#1006,.F.);
#661=ORIENTED_EDGE('',*,*,#1003,.F.);
#662=ORIENTED_EDGE('',*,*,#925,.F.);
#663=ORIENTED_EDGE('',*,*,#1007,.T.);
#664=ORIENTED_EDGE('',*,*,#1008,.F.);
#665=ORIENTED_EDGE('',*,*,#1009,.T.);
#666=ORIENTED_EDGE('',*,*,#940,.T.);
#667=ORIENTED_EDGE('',*,*,#936,.F.);
#668=ORIENTED_EDGE('',*,*,#932,.F.);
#669=ORIENTED_EDGE('',*,*,#927,.F.);
#670=ORIENTED_EDGE('',*,*,#930,.T.);
#671=ORIENTED_EDGE('',*,*,#1010,.T.);
#672=ORIENTED_EDGE('',*,*,#971,.T.);
#673=ORIENTED_EDGE('',*,*,#1011,.F.);
#674=ORIENTED_EDGE('',*,*,#1012,.F.);
#675=ORIENTED_EDGE('',*,*,#1013,.F.);
#676=ORIENTED_EDGE('',*,*,#1014,.F.);
#677=ORIENTED_EDGE('',*,*,#929,.F.);
#678=ORIENTED_EDGE('',*,*,#976,.F.);
#679=ORIENTED_EDGE('',*,*,#931,.T.);
#680=ORIENTED_EDGE('',*,*,#988,.T.);
#681=ORIENTED_EDGE('',*,*,#1015,.T.);
#682=ORIENTED_EDGE('',*,*,#934,.F.);
#683=ORIENTED_EDGE('',*,*,#937,.T.);
#684=ORIENTED_EDGE('',*,*,#1009,.F.);
#685=ORIENTED_EDGE('',*,*,#1005,.T.);
#686=ORIENTED_EDGE('',*,*,#1000,.T.);
#687=ORIENTED_EDGE('',*,*,#998,.T.);
#688=ORIENTED_EDGE('',*,*,#989,.T.);
#689=ORIENTED_EDGE('',*,*,#948,.T.);
#690=ORIENTED_EDGE('',*,*,#991,.T.);
#691=ORIENTED_EDGE('',*,*,#951,.F.);
#692=ORIENTED_EDGE('',*,*,#1016,.T.);
#693=ORIENTED_EDGE('',*,*,#1017,.F.);
#694=ORIENTED_EDGE('',*,*,#953,.F.);
#695=ORIENTED_EDGE('',*,*,#996,.T.);
#696=ORIENTED_EDGE('',*,*,#1018,.T.);
#697=ORIENTED_EDGE('',*,*,#962,.T.);
#698=ORIENTED_EDGE('',*,*,#961,.T.);
#699=ORIENTED_EDGE('',*,*,#1019,.T.);
#700=ORIENTED_EDGE('',*,*,#954,.T.);
#701=ORIENTED_EDGE('',*,*,#1017,.T.);
#702=ORIENTED_EDGE('',*,*,#1019,.F.);
#703=ORIENTED_EDGE('',*,*,#960,.F.);
#704=ORIENTED_EDGE('',*,*,#957,.F.);
#705=ORIENTED_EDGE('',*,*,#955,.T.);
#706=ORIENTED_EDGE('',*,*,#1020,.T.);
#707=ORIENTED_EDGE('',*,*,#959,.F.);
#708=ORIENTED_EDGE('',*,*,#982,.T.);
#709=ORIENTED_EDGE('',*,*,#1021,.T.);
#710=ORIENTED_EDGE('',*,*,#1022,.F.);
#711=ORIENTED_EDGE('',*,*,#963,.F.);
#712=ORIENTED_EDGE('',*,*,#1023,.T.);
#713=ORIENTED_EDGE('',*,*,#1024,.T.);
#714=ORIENTED_EDGE('',*,*,#969,.T.);
#715=ORIENTED_EDGE('',*,*,#966,.T.);
#716=ORIENTED_EDGE('',*,*,#964,.T.);
#717=ORIENTED_EDGE('',*,*,#1022,.T.);
#718=ORIENTED_EDGE('',*,*,#1025,.T.);
#719=ORIENTED_EDGE('',*,*,#1026,.T.);
#720=ORIENTED_EDGE('',*,*,#1026,.F.);
#721=ORIENTED_EDGE('',*,*,#1027,.T.);
#722=ORIENTED_EDGE('',*,*,#972,.T.);
#723=ORIENTED_EDGE('',*,*,#1010,.F.);
#724=ORIENTED_EDGE('',*,*,#970,.F.);
#725=ORIENTED_EDGE('',*,*,#980,.T.);
#726=ORIENTED_EDGE('',*,*,#977,.F.);
#727=ORIENTED_EDGE('',*,*,#974,.F.);
#728=ORIENTED_EDGE('',*,*,#973,.F.);
#729=ORIENTED_EDGE('',*,*,#1028,.T.);
#730=ORIENTED_EDGE('',*,*,#981,.F.);
#731=ORIENTED_EDGE('',*,*,#1024,.F.);
#732=ORIENTED_EDGE('',*,*,#1029,.T.);
#733=ORIENTED_EDGE('',*,*,#994,.T.);
#734=ORIENTED_EDGE('',*,*,#983,.F.);
#735=ORIENTED_EDGE('',*,*,#995,.F.);
#736=ORIENTED_EDGE('',*,*,#1029,.F.);
#737=ORIENTED_EDGE('',*,*,#1023,.F.);
#738=ORIENTED_EDGE('',*,*,#1018,.F.);
#739=ORIENTED_EDGE('',*,*,#1007,.F.);
#740=ORIENTED_EDGE('',*,*,#1015,.F.);
#741=ORIENTED_EDGE('',*,*,#1030,.F.);
#742=ORIENTED_EDGE('',*,*,#1031,.F.);
#743=ORIENTED_EDGE('',*,*,#1012,.T.);
#744=ORIENTED_EDGE('',*,*,#1032,.T.);
#745=ORIENTED_EDGE('',*,*,#1033,.T.);
#746=ORIENTED_EDGE('',*,*,#1013,.T.);
#747=ORIENTED_EDGE('',*,*,#1031,.T.);
#748=ORIENTED_EDGE('',*,*,#1034,.T.);
#749=ORIENTED_EDGE('',*,*,#1014,.T.);
#750=ORIENTED_EDGE('',*,*,#1033,.F.);
#751=ORIENTED_EDGE('',*,*,#1011,.T.);
#752=ORIENTED_EDGE('',*,*,#1034,.F.);
#753=ORIENTED_EDGE('',*,*,#1032,.F.);
#754=ORIENTED_EDGE('',*,*,#1030,.T.);
#755=ORIENTED_EDGE('',*,*,#1016,.F.);
#756=ORIENTED_EDGE('',*,*,#1020,.F.);
#757=ORIENTED_EDGE('',*,*,#1021,.F.);
#758=ORIENTED_EDGE('',*,*,#1028,.F.);
#759=ORIENTED_EDGE('',*,*,#1027,.F.);
#760=ORIENTED_EDGE('',*,*,#1025,.F.);
#761=ORIENTED_EDGE('',*,*,#1035,.T.);
#762=ORIENTED_EDGE('',*,*,#1036,.F.);
#763=ORIENTED_EDGE('',*,*,#871,.F.);
#764=ORIENTED_EDGE('',*,*,#1037,.F.);
#765=ORIENTED_EDGE('',*,*,#1038,.F.);
#766=ORIENTED_EDGE('',*,*,#1039,.F.);
#767=ORIENTED_EDGE('',*,*,#1040,.F.);
#768=ORIENTED_EDGE('',*,*,#1041,.F.);
#769=ORIENTED_EDGE('',*,*,#917,.F.);
#770=ORIENTED_EDGE('',*,*,#1042,.T.);
#771=ORIENTED_EDGE('',*,*,#870,.F.);
#772=ORIENTED_EDGE('',*,*,#901,.T.);
#773=ORIENTED_EDGE('',*,*,#1043,.F.);
#774=ORIENTED_EDGE('',*,*,#1037,.T.);
#775=ORIENTED_EDGE('',*,*,#1043,.T.);
#776=ORIENTED_EDGE('',*,*,#904,.T.);
#777=ORIENTED_EDGE('',*,*,#1044,.F.);
#778=ORIENTED_EDGE('',*,*,#1038,.T.);
#779=ORIENTED_EDGE('',*,*,#1044,.T.);
#780=ORIENTED_EDGE('',*,*,#907,.T.);
#781=ORIENTED_EDGE('',*,*,#1045,.F.);
#782=ORIENTED_EDGE('',*,*,#1039,.T.);
#783=ORIENTED_EDGE('',*,*,#1045,.T.);
#784=ORIENTED_EDGE('',*,*,#910,.T.);
#785=ORIENTED_EDGE('',*,*,#1046,.F.);
#786=ORIENTED_EDGE('',*,*,#1040,.T.);
#787=ORIENTED_EDGE('',*,*,#1046,.T.);
#788=ORIENTED_EDGE('',*,*,#913,.T.);
#789=ORIENTED_EDGE('',*,*,#918,.T.);
#790=ORIENTED_EDGE('',*,*,#1041,.T.);
#791=ORIENTED_EDGE('',*,*,#877,.T.);
#792=ORIENTED_EDGE('',*,*,#831,.T.);
#793=ORIENTED_EDGE('',*,*,#872,.F.);
#794=ORIENTED_EDGE('',*,*,#1036,.T.);
#795=ORIENTED_EDGE('',*,*,#1047,.T.);
#796=ORIENTED_EDGE('',*,*,#922,.T.);
#797=ORIENTED_EDGE('',*,*,#1008,.T.);
#798=ORIENTED_EDGE('',*,*,#1048,.T.);
#799=ORIENTED_EDGE('',*,*,#1042,.F.);
#800=ORIENTED_EDGE('',*,*,#919,.F.);
#801=ORIENTED_EDGE('',*,*,#837,.F.);
#802=ORIENTED_EDGE('',*,*,#939,.T.);
#803=ORIENTED_EDGE('',*,*,#997,.T.);
#804=ORIENTED_EDGE('',*,*,#1002,.T.);
#805=ORIENTED_EDGE('',*,*,#1004,.T.);
#806=ORIENTED_EDGE('',*,*,#1006,.T.);
#807=ORIENTED_EDGE('',*,*,#924,.F.);
#808=ORIENTED_EDGE('',*,*,#1048,.F.);
#809=ORIENTED_EDGE('',*,*,#923,.F.);
#810=ORIENTED_EDGE('',*,*,#1047,.F.);
#811=ORIENTED_EDGE('',*,*,#1035,.F.);
#812=ORIENTED_EDGE('',*,*,#880,.T.);
#813=ORIENTED_EDGE('',*,*,#861,.F.);
#814=ORIENTED_EDGE('',*,*,#1049,.F.);
#815=ORIENTED_EDGE('',*,*,#859,.T.);
#816=ORIENTED_EDGE('',*,*,#844,.F.);
#817=ORIENTED_EDGE('',*,*,#1050,.T.);
#818=ORIENTED_EDGE('',*,*,#869,.T.);
#819=ORIENTED_EDGE('',*,*,#826,.F.);
#820=ORIENTED_EDGE('',*,*,#843,.F.);
#821=ORIENTED_EDGE('',*,*,#1049,.T.);
#822=ORIENTED_EDGE('',*,*,#860,.F.);
#823=ORIENTED_EDGE('',*,*,#1050,.F.);
#824=EDGE_CURVE('',#1051,#1051,#1204,.T.);
#825=EDGE_CURVE('',#1052,#1053,#40,.T.);
#826=EDGE_CURVE('',#1053,#1054,#41,.T.);
#827=EDGE_CURVE('',#1055,#1054,#42,.T.);
#828=EDGE_CURVE('',#1055,#1056,#43,.T.);
#829=EDGE_CURVE('',#1056,#1057,#44,.T.);
#830=EDGE_CURVE('',#1057,#1058,#45,.T.);
#831=EDGE_CURVE('',#1059,#1058,#46,.T.);
#832=EDGE_CURVE('',#1060,#1059,#47,.T.);
#833=EDGE_CURVE('',#1061,#1060,#48,.T.);
#834=EDGE_CURVE('',#1062,#1061,#49,.T.);
#835=EDGE_CURVE('',#1063,#1062,#50,.T.);
#836=EDGE_CURVE('',#1063,#1064,#51,.T.);
#837=EDGE_CURVE('',#1064,#1065,#52,.T.);
#838=EDGE_CURVE('',#1066,#1065,#53,.T.);
#839=EDGE_CURVE('',#1067,#1066,#54,.T.);
#840=EDGE_CURVE('',#1068,#1067,#55,.T.);
#841=EDGE_CURVE('',#1069,#1068,#56,.T.);
#842=EDGE_CURVE('',#1052,#1069,#57,.T.);
#843=EDGE_CURVE('',#1070,#1071,#58,.T.);
#844=EDGE_CURVE('',#1071,#1053,#59,.T.);
#845=EDGE_CURVE('',#1072,#1052,#1205,.T.);
#846=EDGE_CURVE('',#1073,#1072,#60,.T.);
#847=EDGE_CURVE('',#1074,#1073,#61,.T.);
#848=EDGE_CURVE('',#1075,#1074,#1206,.T.);
#849=EDGE_CURVE('',#1076,#1075,#62,.T.);
#850=EDGE_CURVE('',#1077,#1076,#1207,.T.);
#851=EDGE_CURVE('',#1078,#1077,#63,.T.);
#852=EDGE_CURVE('',#1079,#1078,#64,.T.);
#853=EDGE_CURVE('',#1079,#1080,#65,.T.);
#854=EDGE_CURVE('',#1081,#1080,#66,.T.);
#855=EDGE_CURVE('',#1082,#1081,#67,.T.);
#856=EDGE_CURVE('',#1083,#1082,#68,.T.);
#857=EDGE_CURVE('',#1083,#1084,#1208,.T.);
#858=EDGE_CURVE('',#1085,#1084,#69,.T.);
#859=EDGE_CURVE('',#1070,#1085,#70,.T.);
#860=EDGE_CURVE('',#1086,#1087,#71,.T.);
#861=EDGE_CURVE('',#1087,#1088,#72,.T.);
#862=EDGE_CURVE('',#1088,#1089,#73,.T.);
#863=EDGE_CURVE('',#1089,#1090,#1209,.T.);
#864=EDGE_CURVE('',#1090,#1091,#74,.T.);
#865=EDGE_CURVE('',#1091,#1092,#75,.T.);
#866=EDGE_CURVE('',#1093,#1092,#76,.T.);
#867=EDGE_CURVE('',#1094,#1093,#77,.T.);
#868=EDGE_CURVE('',#1055,#1094,#78,.T.);
#869=EDGE_CURVE('',#1086,#1054,#79,.T.);
#870=EDGE_CURVE('',#1095,#1096,#1210,.T.);
#871=EDGE_CURVE('',#1096,#1097,#80,.T.);
#872=EDGE_CURVE('',#1097,#1058,#81,.T.);
#873=EDGE_CURVE('',#1098,#1057,#82,.T.);
#874=EDGE_CURVE('',#1078,#1098,#83,.T.);
#875=EDGE_CURVE('',#1099,#1077,#84,.T.);
#876=EDGE_CURVE('',#1095,#1099,#85,.T.);
#877=EDGE_CURVE('',#1100,#1059,#1211,.T.);
#878=EDGE_CURVE('',#1101,#1100,#86,.T.);
#879=EDGE_CURVE('',#1101,#1060,#1212,.T.);
#880=EDGE_CURVE('',#1085,#1088,#87,.T.);
#881=EDGE_CURVE('',#1102,#1084,#88,.T.);
#882=EDGE_CURVE('',#1103,#1102,#89,.T.);
#883=EDGE_CURVE('',#1104,#1103,#90,.T.);
#884=EDGE_CURVE('',#1105,#1104,#91,.T.);
#885=EDGE_CURVE('',#1105,#1106,#92,.T.);
#886=EDGE_CURVE('',#1107,#1106,#93,.T.);
#887=EDGE_CURVE('',#1108,#1107,#94,.T.);
#888=EDGE_CURVE('',#1109,#1108,#95,.T.);
#889=EDGE_CURVE('',#1109,#1110,#96,.T.);
#890=EDGE_CURVE('',#1111,#1110,#97,.T.);
#891=EDGE_CURVE('',#1089,#1111,#98,.T.);
#892=EDGE_CURVE('',#1112,#1112,#1213,.T.);
#893=EDGE_CURVE('',#1113,#1056,#99,.T.);
#894=EDGE_CURVE('',#1114,#1113,#100,.T.);
#895=EDGE_CURVE('',#1098,#1114,#101,.T.);
#896=EDGE_CURVE('',#1094,#1079,#102,.T.);
#897=EDGE_CURVE('',#1114,#1114,#1214,.T.);
#898=EDGE_CURVE('',#1113,#1094,#103,.T.);
#899=EDGE_CURVE('',#1115,#1076,#104,.T.);
#900=EDGE_CURVE('',#1115,#1099,#1215,.T.);
#901=EDGE_CURVE('',#1095,#1116,#105,.T.);
#902=EDGE_CURVE('',#1117,#1115,#106,.T.);
#903=EDGE_CURVE('',#1116,#1117,#107,.T.);
#904=EDGE_CURVE('',#1116,#1118,#1216,.T.);
#905=EDGE_CURVE('',#1117,#1119,#1217,.T.);
#906=EDGE_CURVE('',#1119,#1118,#108,.T.);
#907=EDGE_CURVE('',#1118,#1120,#109,.T.);
#908=EDGE_CURVE('',#1121,#1119,#110,.T.);
#909=EDGE_CURVE('',#1120,#1121,#111,.T.);
#910=EDGE_CURVE('',#1120,#1122,#1218,.T.);
#911=EDGE_CURVE('',#1121,#1123,#1219,.T.);
#912=EDGE_CURVE('',#1123,#1122,#112,.T.);
#913=EDGE_CURVE('',#1122,#1124,#113,.T.);
#914=EDGE_CURVE('',#1123,#1125,#114,.T.);
#915=EDGE_CURVE('',#1125,#1067,#115,.T.);
#916=EDGE_CURVE('',#1124,#1066,#116,.T.);
#917=EDGE_CURVE('',#1126,#1127,#117,.T.);
#918=EDGE_CURVE('',#1124,#1127,#1220,.T.);
#919=EDGE_CURVE('',#1065,#1126,#118,.T.);
#920=EDGE_CURVE('',#1128,#1129,#119,.T.);
#921=EDGE_CURVE('',#1101,#1128,#120,.T.);
#922=EDGE_CURVE('',#1130,#1100,#121,.T.);
#923=EDGE_CURVE('',#1130,#1131,#122,.T.);
#924=EDGE_CURVE('',#1131,#1129,#123,.T.);
#925=EDGE_CURVE('',#1128,#1132,#124,.T.);
#926=EDGE_CURVE('',#1132,#1133,#1221,.T.);
#927=EDGE_CURVE('',#1133,#1134,#1222,.T.);
#928=EDGE_CURVE('',#1134,#1061,#125,.T.);
#929=EDGE_CURVE('',#1135,#1135,#14,.T.);
#930=EDGE_CURVE('',#1136,#1136,#1223,.T.);
#931=EDGE_CURVE('',#1137,#1137,#1224,.T.);
#932=EDGE_CURVE('',#1134,#1138,#126,.T.);
#933=EDGE_CURVE('',#1062,#1138,#127,.T.);
#934=EDGE_CURVE('',#1139,#1139,#1225,.T.);
#935=EDGE_CURVE('',#1140,#1063,#128,.T.);
#936=EDGE_CURVE('',#1138,#1140,#1226,.T.);
#937=EDGE_CURVE('',#1141,#1142,#129,.T.);
#938=EDGE_CURVE('',#1141,#1143,#130,.T.);
#939=EDGE_CURVE('',#1064,#1143,#131,.T.);
#940=EDGE_CURVE('',#1142,#1140,#132,.T.);
#941=EDGE_CURVE('',#1125,#1144,#133,.T.);
#942=EDGE_CURVE('',#1068,#1144,#134,.T.);
#943=EDGE_CURVE('',#1145,#1144,#135,.T.);
#944=EDGE_CURVE('',#1145,#1069,#1227,.T.);
#945=EDGE_CURVE('',#1146,#1072,#136,.T.);
#946=EDGE_CURVE('',#1075,#1145,#137,.T.);
#947=EDGE_CURVE('',#1147,#1074,#138,.T.);
#948=EDGE_CURVE('',#1146,#1147,#1228,.T.);
#949=EDGE_CURVE('',#1148,#1083,#139,.T.);
#950=EDGE_CURVE('',#1148,#1102,#1229,.T.);
#951=EDGE_CURVE('',#1149,#1149,#1230,.T.);
#952=EDGE_CURVE('',#1150,#1148,#140,.T.);
#953=EDGE_CURVE('',#1150,#1151,#141,.T.);
#954=EDGE_CURVE('',#1152,#1151,#1231,.T.);
#955=EDGE_CURVE('',#1153,#1152,#142,.T.);
#956=EDGE_CURVE('',#1153,#1103,#143,.T.);
#957=EDGE_CURVE('',#1153,#1154,#144,.T.);
#958=EDGE_CURVE('',#1104,#1154,#145,.T.);
#959=EDGE_CURVE('',#1155,#1155,#1232,.T.);
#960=EDGE_CURVE('',#1154,#1156,#146,.T.);
#961=EDGE_CURVE('',#1157,#1156,#1233,.T.);
#962=EDGE_CURVE('',#1158,#1157,#147,.T.);
#963=EDGE_CURVE('',#1158,#1159,#1234,.T.);
#964=EDGE_CURVE('',#1160,#1159,#148,.T.);
#965=EDGE_CURVE('',#1160,#1105,#149,.T.);
#966=EDGE_CURVE('',#1161,#1160,#150,.T.);
#967=EDGE_CURVE('',#1161,#1106,#151,.T.);
#968=EDGE_CURVE('',#1162,#1107,#152,.T.);
#969=EDGE_CURVE('',#1163,#1161,#153,.T.);
#970=EDGE_CURVE('',#1163,#1164,#154,.T.);
#971=EDGE_CURVE('',#1165,#1164,#155,.T.);
#972=EDGE_CURVE('',#1166,#1165,#156,.T.);
#973=EDGE_CURVE('',#1166,#1162,#1235,.T.);
#974=EDGE_CURVE('',#1162,#1167,#157,.T.);
#975=EDGE_CURVE('',#1108,#1167,#158,.T.);
#976=EDGE_CURVE('',#1168,#1168,#1236,.T.);
#977=EDGE_CURVE('',#1167,#1169,#1237,.T.);
#978=EDGE_CURVE('',#1169,#1109,#159,.T.);
#979=EDGE_CURVE('',#1110,#1170,#160,.T.);
#980=EDGE_CURVE('',#1170,#1169,#161,.T.);
#981=EDGE_CURVE('',#1170,#1171,#1238,.T.);
#982=EDGE_CURVE('',#1172,#1171,#1239,.T.);
#983=EDGE_CURVE('',#1172,#1173,#162,.T.);
#984=EDGE_CURVE('',#1174,#1173,#163,.T.);
#985=EDGE_CURVE('',#1174,#1111,#1240,.T.);
#986=EDGE_CURVE('',#1090,#1174,#164,.T.);
#987=EDGE_CURVE('',#1080,#1093,#165,.T.);
#988=EDGE_CURVE('',#1175,#1175,#1241,.T.);
#989=EDGE_CURVE('',#1176,#1146,#166,.T.);
#990=EDGE_CURVE('',#1073,#1176,#167,.T.);
#991=EDGE_CURVE('',#1147,#1176,#168,.T.);
#992=EDGE_CURVE('',#1092,#1081,#169,.T.);
#993=EDGE_CURVE('',#1091,#1082,#170,.T.);
#994=EDGE_CURVE('',#1177,#1173,#171,.T.);
#995=EDGE_CURVE('',#1177,#1178,#172,.T.);
#996=EDGE_CURVE('',#1150,#1178,#173,.T.);
#997=EDGE_CURVE('',#1143,#1179,#1242,.T.);
#998=EDGE_CURVE('',#1180,#1141,#1243,.T.);
#999=EDGE_CURVE('',#1180,#1179,#174,.T.);
#1000=EDGE_CURVE('',#1181,#1180,#175,.T.);
#1001=EDGE_CURVE('',#1181,#1182,#176,.T.);
#1002=EDGE_CURVE('',#1179,#1182,#177,.T.);
#1003=EDGE_CURVE('',#1132,#1183,#178,.T.);
#1004=EDGE_CURVE('',#1182,#1183,#1244,.T.);
#1005=EDGE_CURVE('',#1133,#1181,#1245,.T.);
#1006=EDGE_CURVE('',#1183,#1129,#179,.T.);
#1007=EDGE_CURVE('',#1184,#1184,#1246,.T.);
#1008=EDGE_CURVE('',#1185,#1185,#1247,.T.);
#1009=EDGE_CURVE('',#1133,#1142,#1248,.T.);
#1010=EDGE_CURVE('',#1164,#1165,#1249,.T.);
#1011=EDGE_CURVE('',#1186,#1187,#180,.T.);
#1012=EDGE_CURVE('',#1188,#1186,#1250,.T.);
#1013=EDGE_CURVE('',#1189,#1188,#181,.T.);
#1014=EDGE_CURVE('',#1187,#1189,#1251,.T.);
#1015=EDGE_CURVE('',#1190,#1190,#1252,.T.);
#1016=EDGE_CURVE('',#1191,#1191,#1253,.T.);
#1017=EDGE_CURVE('',#1151,#1157,#182,.T.);
#1018=EDGE_CURVE('',#1178,#1158,#183,.T.);
#1019=EDGE_CURVE('',#1156,#1152,#184,.T.);
#1020=EDGE_CURVE('',#1192,#1192,#1254,.T.);
#1021=EDGE_CURVE('',#1171,#1193,#1255,.T.);
#1022=EDGE_CURVE('',#1159,#1193,#185,.T.);
#1023=EDGE_CURVE('',#1158,#1194,#1256,.T.);
#1024=EDGE_CURVE('',#1194,#1172,#186,.T.);
#1025=EDGE_CURVE('',#1193,#1195,#187,.T.);
#1026=EDGE_CURVE('',#1195,#1163,#1257,.T.);
#1027=EDGE_CURVE('',#1195,#1166,#188,.T.);
#1028=EDGE_CURVE('',#1166,#1171,#1258,.T.);
#1029=EDGE_CURVE('',#1194,#1177,#189,.T.);
#1030=EDGE_CURVE('',#1196,#1186,#190,.T.);
#1031=EDGE_CURVE('',#1188,#1196,#191,.T.);
#1032=EDGE_CURVE('',#1196,#1197,#192,.T.);
#1033=EDGE_CURVE('',#1197,#1189,#193,.T.);
#1034=EDGE_CURVE('',#1197,#1187,#194,.T.);
#1035=EDGE_CURVE('',#1198,#1199,#195,.T.);
#1036=EDGE_CURVE('',#1097,#1199,#196,.T.);
#1037=EDGE_CURVE('',#1200,#1096,#197,.T.);
#1038=EDGE_CURVE('',#1201,#1200,#1259,.T.);
#1039=EDGE_CURVE('',#1202,#1201,#198,.T.);
#1040=EDGE_CURVE('',#1203,#1202,#1260,.T.);
#1041=EDGE_CURVE('',#1127,#1203,#199,.T.);
#1042=EDGE_CURVE('',#1126,#1198,#200,.T.);
#1043=EDGE_CURVE('',#1200,#1116,#1261,.T.);
#1044=EDGE_CURVE('',#1201,#1118,#1262,.T.);
#1045=EDGE_CURVE('',#1202,#1120,#1263,.T.);
#1046=EDGE_CURVE('',#1203,#1122,#1264,.T.);
#1047=EDGE_CURVE('',#1199,#1130,#201,.T.);
#1048=EDGE_CURVE('',#1131,#1198,#202,.T.);
#1049=EDGE_CURVE('',#1070,#1087,#203,.T.);
#1050=EDGE_CURVE('',#1071,#1086,#204,.T.);
#1051=VERTEX_POINT('',#2788);
#1052=VERTEX_POINT('',#2790);
#1053=VERTEX_POINT('',#2791);
#1054=VERTEX_POINT('',#2793);
#1055=VERTEX_POINT('',#2795);
#1056=VERTEX_POINT('',#2797);
#1057=VERTEX_POINT('',#2799);
#1058=VERTEX_POINT('',#2801);
#1059=VERTEX_POINT('',#2803);
#1060=VERTEX_POINT('',#2805);
#1061=VERTEX_POINT('',#2807);
#1062=VERTEX_POINT('',#2809);
#1063=VERTEX_POINT('',#2811);
#1064=VERTEX_POINT('',#2813);
#1065=VERTEX_POINT('',#2815);
#1066=VERTEX_POINT('',#2817);
#1067=VERTEX_POINT('',#2819);
#1068=VERTEX_POINT('',#2821);
#1069=VERTEX_POINT('',#2823);
#1070=VERTEX_POINT('',#2827);
#1071=VERTEX_POINT('',#2828);
#1072=VERTEX_POINT('',#2831);
#1073=VERTEX_POINT('',#2833);
#1074=VERTEX_POINT('',#2835);
#1075=VERTEX_POINT('',#2837);
#1076=VERTEX_POINT('',#2839);
#1077=VERTEX_POINT('',#2841);
#1078=VERTEX_POINT('',#2843);
#1079=VERTEX_POINT('',#2845);
#1080=VERTEX_POINT('',#2847);
#1081=VERTEX_POINT('',#2849);
#1082=VERTEX_POINT('',#2851);
#1083=VERTEX_POINT('',#2853);
#1084=VERTEX_POINT('',#2855);
#1085=VERTEX_POINT('',#2857);
#1086=VERTEX_POINT('',#2861);
#1087=VERTEX_POINT('',#2862);
#1088=VERTEX_POINT('',#2864);
#1089=VERTEX_POINT('',#2866);
#1090=VERTEX_POINT('',#2868);
#1091=VERTEX_POINT('',#2870);
#1092=VERTEX_POINT('',#2872);
#1093=VERTEX_POINT('',#2874);
#1094=VERTEX_POINT('',#2876);
#1095=VERTEX_POINT('',#2881);
#1096=VERTEX_POINT('',#2882);
#1097=VERTEX_POINT('',#2884);
#1098=VERTEX_POINT('',#2887);
#1099=VERTEX_POINT('',#2890);
#1100=VERTEX_POINT('',#2894);
#1101=VERTEX_POINT('',#2896);
#1102=VERTEX_POINT('',#2901);
#1103=VERTEX_POINT('',#2903);
#1104=VERTEX_POINT('',#2905);
#1105=VERTEX_POINT('',#2907);
#1106=VERTEX_POINT('',#2909);
#1107=VERTEX_POINT('',#2911);
#1108=VERTEX_POINT('',#2913);
#1109=VERTEX_POINT('',#2915);
#1110=VERTEX_POINT('',#2917);
#1111=VERTEX_POINT('',#2919);
#1112=VERTEX_POINT('',#2922);
#1113=VERTEX_POINT('',#2925);
#1114=VERTEX_POINT('',#2927);
#1115=VERTEX_POINT('',#2935);
#1116=VERTEX_POINT('',#2939);
#1117=VERTEX_POINT('',#2941);
#1118=VERTEX_POINT('',#2945);
#1119=VERTEX_POINT('',#2947);
#1120=VERTEX_POINT('',#2951);
#1121=VERTEX_POINT('',#2953);
#1122=VERTEX_POINT('',#2957);
#1123=VERTEX_POINT('',#2959);
#1124=VERTEX_POINT('',#2963);
#1125=VERTEX_POINT('',#2965);
#1126=VERTEX_POINT('',#2970);
#1127=VERTEX_POINT('',#2971);
#1128=VERTEX_POINT('',#2976);
#1129=VERTEX_POINT('',#2977);
#1130=VERTEX_POINT('',#2980);
#1131=VERTEX_POINT('',#2982);
#1132=VERTEX_POINT('',#2986);
#1133=VERTEX_POINT('',#2988);
#1134=VERTEX_POINT('',#2990);
#1135=VERTEX_POINT('',#3012);
#1136=VERTEX_POINT('',#3014);
#1137=VERTEX_POINT('',#3017);
#1138=VERTEX_POINT('',#3020);
#1139=VERTEX_POINT('',#3024);
#1140=VERTEX_POINT('',#3026);
#1141=VERTEX_POINT('',#3030);
#1142=VERTEX_POINT('',#3031);
#1143=VERTEX_POINT('',#3033);
#1144=VERTEX_POINT('',#3038);
#1145=VERTEX_POINT('',#3042);
#1146=VERTEX_POINT('',#3046);
#1147=VERTEX_POINT('',#3049);
#1148=VERTEX_POINT('',#3053);
#1149=VERTEX_POINT('',#3057);
#1150=VERTEX_POINT('',#3059);
#1151=VERTEX_POINT('',#3061);
#1152=VERTEX_POINT('',#3063);
#1153=VERTEX_POINT('',#3065);
#1154=VERTEX_POINT('',#3069);
#1155=VERTEX_POINT('',#3073);
#1156=VERTEX_POINT('',#3075);
#1157=VERTEX_POINT('',#3077);
#1158=VERTEX_POINT('',#3079);
#1159=VERTEX_POINT('',#3081);
#1160=VERTEX_POINT('',#3083);
#1161=VERTEX_POINT('',#3087);
#1162=VERTEX_POINT('',#3091);
#1163=VERTEX_POINT('',#3093);
#1164=VERTEX_POINT('',#3095);
#1165=VERTEX_POINT('',#3097);
#1166=VERTEX_POINT('',#3099);
#1167=VERTEX_POINT('',#3103);
#1168=VERTEX_POINT('',#3107);
#1169=VERTEX_POINT('',#3109);
#1170=VERTEX_POINT('',#3113);
#1171=VERTEX_POINT('',#3117);
#1172=VERTEX_POINT('',#3119);
#1173=VERTEX_POINT('',#3121);
#1174=VERTEX_POINT('',#3123);
#1175=VERTEX_POINT('',#3132);
#1176=VERTEX_POINT('',#3135);
#1177=VERTEX_POINT('',#3146);
#1178=VERTEX_POINT('',#3148);
#1179=VERTEX_POINT('',#3152);
#1180=VERTEX_POINT('',#3154);
#1181=VERTEX_POINT('',#3158);
#1182=VERTEX_POINT('',#3160);
#1183=VERTEX_POINT('',#3164);
#1184=VERTEX_POINT('',#3171);
#1185=VERTEX_POINT('',#3173);
#1186=VERTEX_POINT('',#3180);
#1187=VERTEX_POINT('',#3181);
#1188=VERTEX_POINT('',#3183);
#1189=VERTEX_POINT('',#3185);
#1190=VERTEX_POINT('',#3190);
#1191=VERTEX_POINT('',#3195);
#1192=VERTEX_POINT('',#3204);
#1193=VERTEX_POINT('',#3207);
#1194=VERTEX_POINT('',#3210);
#1195=VERTEX_POINT('',#3214);
#1196=VERTEX_POINT('',#3226);
#1197=VERTEX_POINT('',#3230);
#1198=VERTEX_POINT('',#3239);
#1199=VERTEX_POINT('',#3240);
#1200=VERTEX_POINT('',#3243);
#1201=VERTEX_POINT('',#3245);
#1202=VERTEX_POINT('',#3247);
#1203=VERTEX_POINT('',#3249);
#1204=CIRCLE('',#2175,0.0016);
#1205=CIRCLE('',#2177,0.033);
#1206=CIRCLE('',#2178,0.033);
#1207=CIRCLE('',#2179,0.002);
#1208=CIRCLE('',#2180,0.033);
#1209=CIRCLE('',#2182,0.005);
#1210=CIRCLE('',#2184,0.001);
#1211=CIRCLE('',#2186,0.005);
#1212=CIRCLE('',#2187,0.005);
#1213=CIRCLE('',#2189,0.0016);
#1214=CIRCLE('',#2192,0.003);
#1215=CIRCLE('',#2194,0.002);
#1216=CIRCLE('',#2197,0.001);
#1217=CIRCLE('',#2198,0.001);
#1218=CIRCLE('',#2201,0.001);
#1219=CIRCLE('',#2202,0.001);
#1220=CIRCLE('',#2205,0.001);
#1221=CIRCLE('',#2208,0.002);
#1222=CIRCLE('',#2209,0.0036);
#1223=CIRCLE('',#2211,0.0016);
#1224=CIRCLE('',#2213,0.0016);
#1225=CIRCLE('',#2216,0.002);
#1226=CIRCLE('',#2217,0.0036);
#1227=CIRCLE('',#2221,0.033);
#1228=CIRCLE('',#2223,0.033);
#1229=CIRCLE('',#2225,0.033);
#1230=CIRCLE('',#2227,0.00125);
#1231=CIRCLE('',#2228,0.001);
#1232=CIRCLE('',#2231,0.002);
#1233=CIRCLE('',#2232,0.001);
#1234=CIRCLE('',#2233,0.002);
#1235=CIRCLE('',#2236,0.0036);
#1236=CIRCLE('',#2239,0.002);
#1237=CIRCLE('',#2240,0.0036);
#1238=CIRCLE('',#2243,0.0036);
#1239=CIRCLE('',#2244,0.002);
#1240=CIRCLE('',#2245,0.005);
#1241=CIRCLE('',#2250,0.003);
#1242=CIRCLE('',#2258,0.002);
#1243=CIRCLE('',#2259,0.002);
#1244=CIRCLE('',#2262,0.002);
#1245=CIRCLE('',#2263,0.002);
#1246=CIRCLE('',#2266,0.0013);
#1247=CIRCLE('',#2267,0.0013);
#1248=CIRCLE('',#2269,0.0036);
#1249=CIRCLE('',#2271,0.003);
#1250=CIRCLE('',#2273,0.002);
#1251=CIRCLE('',#2274,0.002);
#1252=CIRCLE('',#2277,0.002);
#1253=CIRCLE('',#2281,0.00125);
#1254=CIRCLE('',#2286,0.002);
#1255=CIRCLE('',#2288,0.002);
#1256=CIRCLE('',#2289,0.002);
#1257=CIRCLE('',#2291,0.003);
#1258=CIRCLE('',#2294,0.0036);
#1259=CIRCLE('',#2305,0.002);
#1260=CIRCLE('',#2306,0.002);
#1261=CIRCLE('',#2308,0.001);
#1262=CIRCLE('',#2310,0.001);
#1263=CIRCLE('',#2312,0.001);
#1264=CIRCLE('',#2314,0.001);
#1265=EDGE_LOOP('',(#370));
#1266=EDGE_LOOP('',(#371,#372,#373,#374,#375,#376,#377,#378,#379,#380,#381,
#382,#383,#384,#385,#386,#387,#388));
#1267=EDGE_LOOP('',(#389,#390,#391,#392,#393,#394,#395,#396,#397,#398,#399,
#400,#401,#402,#403,#404,#405,#406));
#1268=EDGE_LOOP('',(#407,#408,#409,#410,#411,#412,#413,#414,#415,#416,#417));
#1269=EDGE_LOOP('',(#418,#419,#420,#421,#422,#423,#424,#425,#426));
#1270=EDGE_LOOP('',(#427,#428,#429,#430));
#1271=EDGE_LOOP('',(#431,#432,#433,#434,#435,#436,#437,#438,#439,#440,#441,
#442,#443,#444));
#1272=EDGE_LOOP('',(#445));
#1273=EDGE_LOOP('',(#446,#447,#448,#449,#450));
#1274=EDGE_LOOP('',(#451,#452,#453,#454,#455,#456,#457));
#1275=EDGE_LOOP('',(#458,#459,#460,#461));
#1276=EDGE_LOOP('',(#462,#463,#464,#465,#466));
#1277=EDGE_LOOP('',(#467,#468,#469,#470));
#1278=EDGE_LOOP('',(#471,#472,#473,#474));
#1279=EDGE_LOOP('',(#475,#476,#477,#478));
#1280=EDGE_LOOP('',(#479,#480,#481,#482,#483,#484));
#1281=EDGE_LOOP('',(#485,#486,#487,#488,#489));
#1282=EDGE_LOOP('',(#490,#491,#492,#493,#494,#495));
#1283=EDGE_LOOP('',(#496,#497,#498,#499,#500,#501,#502));
#1284=EDGE_LOOP('',(#503));
#1285=EDGE_LOOP('',(#504));
#1286=EDGE_LOOP('',(#505));
#1287=EDGE_LOOP('',(#506));
#1288=EDGE_LOOP('',(#507));
#1289=EDGE_LOOP('',(#508,#509,#510,#511));
#1290=EDGE_LOOP('',(#512));
#1291=EDGE_LOOP('',(#513,#514,#515,#516));
#1292=EDGE_LOOP('',(#517,#518,#519,#520,#521,#522));
#1293=EDGE_LOOP('',(#523,#524,#525,#526));
#1294=EDGE_LOOP('',(#527,#528,#529,#530));
#1295=EDGE_LOOP('',(#531,#532,#533,#534,#535,#536,#537,#538));
#1296=EDGE_LOOP('',(#539,#540,#541,#542));
#1297=EDGE_LOOP('',(#543));
#1298=EDGE_LOOP('',(#544,#545,#546,#547,#548,#549,#550));
#1299=EDGE_LOOP('',(#551,#552,#553,#554));
#1300=EDGE_LOOP('',(#555));
#1301=EDGE_LOOP('',(#556,#557,#558,#559,#560,#561,#562,#563));
#1302=EDGE_LOOP('',(#564,#565,#566,#567));
#1303=EDGE_LOOP('',(#568,#569,#570,#571,#572,#573,#574,#575));
#1304=EDGE_LOOP('',(#576,#577,#578,#579));
#1305=EDGE_LOOP('',(#580));
#1306=EDGE_LOOP('',(#581,#582,#583,#584));
#1307=EDGE_LOOP('',(#585,#586,#587,#588));
#1308=EDGE_LOOP('',(#589,#590,#591,#592,#593,#594,#595));
#1309=EDGE_LOOP('',(#596,#597,#598,#599));
#1310=EDGE_LOOP('',(#600,#601,#602,#603));
#1311=EDGE_LOOP('',(#604,#605,#606,#607));
#1312=EDGE_LOOP('',(#608));
#1313=EDGE_LOOP('',(#609));
#1314=EDGE_LOOP('',(#610,#611,#612,#613));
#1315=EDGE_LOOP('',(#614,#615,#616,#617));
#1316=EDGE_LOOP('',(#618,#619,#620,#621,#622,#623,#624,#625,#626,#627));
#1317=EDGE_LOOP('',(#628,#629,#630,#631));
#1318=EDGE_LOOP('',(#632,#633,#634,#635));
#1319=EDGE_LOOP('',(#636,#637,#638,#639,#640,#641,#642,#643,#644,#645));
#1320=EDGE_LOOP('',(#646,#647,#648,#649));
#1321=EDGE_LOOP('',(#650,#651,#652,#653));
#1322=EDGE_LOOP('',(#654,#655,#656,#657,#658));
#1323=EDGE_LOOP('',(#659,#660,#661,#662));
#1324=EDGE_LOOP('',(#663));
#1325=EDGE_LOOP('',(#664));
#1326=EDGE_LOOP('',(#665,#666,#667,#668,#669));
#1327=EDGE_LOOP('',(#670));
#1328=EDGE_LOOP('',(#671,#672));
#1329=EDGE_LOOP('',(#673,#674,#675,#676));
#1330=EDGE_LOOP('',(#677));
#1331=EDGE_LOOP('',(#678));
#1332=EDGE_LOOP('',(#679));
#1333=EDGE_LOOP('',(#680));
#1334=EDGE_LOOP('',(#681));
#1335=EDGE_LOOP('',(#682));
#1336=EDGE_LOOP('',(#683,#684,#685,#686,#687));
#1337=EDGE_LOOP('',(#688,#689,#690));
#1338=EDGE_LOOP('',(#691));
#1339=EDGE_LOOP('',(#692));
#1340=EDGE_LOOP('',(#693,#694,#695,#696,#697));
#1341=EDGE_LOOP('',(#698,#699,#700,#701));
#1342=EDGE_LOOP('',(#702,#703,#704,#705));
#1343=EDGE_LOOP('',(#706));
#1344=EDGE_LOOP('',(#707));
#1345=EDGE_LOOP('',(#708,#709,#710,#711,#712,#713));
#1346=EDGE_LOOP('',(#714,#715,#716,#717,#718,#719));
#1347=EDGE_LOOP('',(#720,#721,#722,#723,#724));
#1348=EDGE_LOOP('',(#725,#726,#727,#728,#729,#730));
#1349=EDGE_LOOP('',(#731,#732,#733,#734));
#1350=EDGE_LOOP('',(#735,#736,#737,#738));
#1351=EDGE_LOOP('',(#739));
#1352=EDGE_LOOP('',(#740));
#1353=EDGE_LOOP('',(#741,#742,#743));
#1354=EDGE_LOOP('',(#744,#745,#746,#747));
#1355=EDGE_LOOP('',(#748,#749,#750));
#1356=EDGE_LOOP('',(#751,#752,#753,#754));
#1357=EDGE_LOOP('',(#755));
#1358=EDGE_LOOP('',(#756));
#1359=EDGE_LOOP('',(#757,#758,#759,#760));
#1360=EDGE_LOOP('',(#761,#762,#763,#764,#765,#766,#767,#768,#769,#770));
#1361=EDGE_LOOP('',(#771,#772,#773,#774));
#1362=EDGE_LOOP('',(#775,#776,#777,#778));
#1363=EDGE_LOOP('',(#779,#780,#781,#782));
#1364=EDGE_LOOP('',(#783,#784,#785,#786));
#1365=EDGE_LOOP('',(#787,#788,#789,#790));
#1366=EDGE_LOOP('',(#791,#792,#793,#794,#795,#796));
#1367=EDGE_LOOP('',(#797));
#1368=EDGE_LOOP('',(#798,#799,#800,#801,#802,#803,#804,#805,#806,#807));
#1369=EDGE_LOOP('',(#808,#809,#810,#811));
#1370=EDGE_LOOP('',(#812,#813,#814,#815));
#1371=EDGE_LOOP('',(#816,#817,#818,#819));
#1372=EDGE_LOOP('',(#820,#821,#822,#823));
#1373=FACE_BOUND('',#1265,.T.);
#1374=FACE_BOUND('',#1266,.T.);
#1375=FACE_BOUND('',#1267,.T.);
#1376=FACE_BOUND('',#1268,.T.);
#1377=FACE_BOUND('',#1269,.T.);
#1378=FACE_BOUND('',#1270,.T.);
#1379=FACE_BOUND('',#1271,.T.);
#1380=FACE_BOUND('',#1272,.T.);
#1381=FACE_BOUND('',#1273,.T.);
#1382=FACE_BOUND('',#1274,.T.);
#1383=FACE_BOUND('',#1275,.T.);
#1384=FACE_BOUND('',#1276,.T.);
#1385=FACE_BOUND('',#1277,.T.);
#1386=FACE_BOUND('',#1278,.T.);
#1387=FACE_BOUND('',#1279,.T.);
#1388=FACE_BOUND('',#1280,.T.);
#1389=FACE_BOUND('',#1281,.T.);
#1390=FACE_BOUND('',#1282,.T.);
#1391=FACE_BOUND('',#1283,.T.);
#1392=FACE_BOUND('',#1284,.T.);
#1393=FACE_BOUND('',#1285,.T.);
#1394=FACE_BOUND('',#1286,.T.);
#1395=FACE_BOUND('',#1287,.T.);
#1396=FACE_BOUND('',#1288,.T.);
#1397=FACE_BOUND('',#1289,.T.);
#1398=FACE_BOUND('',#1290,.T.);
#1399=FACE_BOUND('',#1291,.T.);
#1400=FACE_BOUND('',#1292,.T.);
#1401=FACE_BOUND('',#1293,.T.);
#1402=FACE_BOUND('',#1294,.T.);
#1403=FACE_BOUND('',#1295,.T.);
#1404=FACE_BOUND('',#1296,.T.);
#1405=FACE_BOUND('',#1297,.T.);
#1406=FACE_BOUND('',#1298,.T.);
#1407=FACE_BOUND('',#1299,.T.);
#1408=FACE_BOUND('',#1300,.T.);
#1409=FACE_BOUND('',#1301,.T.);
#1410=FACE_BOUND('',#1302,.T.);
#1411=FACE_BOUND('',#1303,.T.);
#1412=FACE_BOUND('',#1304,.T.);
#1413=FACE_BOUND('',#1305,.T.);
#1414=FACE_BOUND('',#1306,.T.);
#1415=FACE_BOUND('',#1307,.T.);
#1416=FACE_BOUND('',#1308,.T.);
#1417=FACE_BOUND('',#1309,.T.);
#1418=FACE_BOUND('',#1310,.T.);
#1419=FACE_BOUND('',#1311,.T.);
#1420=FACE_BOUND('',#1312,.T.);
#1421=FACE_BOUND('',#1313,.T.);
#1422=FACE_BOUND('',#1314,.T.);
#1423=FACE_BOUND('',#1315,.T.);
#1424=FACE_BOUND('',#1316,.T.);
#1425=FACE_BOUND('',#1317,.T.);
#1426=FACE_BOUND('',#1318,.T.);
#1427=FACE_BOUND('',#1319,.T.);
#1428=FACE_BOUND('',#1320,.T.);
#1429=FACE_BOUND('',#1321,.T.);
#1430=FACE_BOUND('',#1322,.T.);
#1431=FACE_BOUND('',#1323,.T.);
#1432=FACE_BOUND('',#1324,.T.);
#1433=FACE_BOUND('',#1325,.T.);
#1434=FACE_BOUND('',#1326,.T.);
#1435=FACE_BOUND('',#1327,.T.);
#1436=FACE_BOUND('',#1328,.T.);
#1437=FACE_BOUND('',#1329,.T.);
#1438=FACE_BOUND('',#1330,.T.);
#1439=FACE_BOUND('',#1331,.T.);
#1440=FACE_BOUND('',#1332,.T.);
#1441=FACE_BOUND('',#1333,.T.);
#1442=FACE_BOUND('',#1334,.T.);
#1443=FACE_BOUND('',#1335,.T.);
#1444=FACE_BOUND('',#1336,.T.);
#1445=FACE_BOUND('',#1337,.T.);
#1446=FACE_BOUND('',#1338,.T.);
#1447=FACE_BOUND('',#1339,.T.);
#1448=FACE_BOUND('',#1340,.T.);
#1449=FACE_BOUND('',#1341,.T.);
#1450=FACE_BOUND('',#1342,.T.);
#1451=FACE_BOUND('',#1343,.T.);
#1452=FACE_BOUND('',#1344,.T.);
#1453=FACE_BOUND('',#1345,.T.);
#1454=FACE_BOUND('',#1346,.T.);
#1455=FACE_BOUND('',#1347,.T.);
#1456=FACE_BOUND('',#1348,.T.);
#1457=FACE_BOUND('',#1349,.T.);
#1458=FACE_BOUND('',#1350,.T.);
#1459=FACE_BOUND('',#1351,.T.);
#1460=FACE_BOUND('',#1352,.T.);
#1461=FACE_BOUND('',#1353,.T.);
#1462=FACE_BOUND('',#1354,.T.);
#1463=FACE_BOUND('',#1355,.T.);
#1464=FACE_BOUND('',#1356,.T.);
#1465=FACE_BOUND('',#1357,.T.);
#1466=FACE_BOUND('',#1358,.T.);
#1467=FACE_BOUND('',#1359,.T.);
#1468=FACE_BOUND('',#1360,.T.);
#1469=FACE_BOUND('',#1361,.T.);
#1470=FACE_BOUND('',#1362,.T.);
#1471=FACE_BOUND('',#1363,.T.);
#1472=FACE_BOUND('',#1364,.T.);
#1473=FACE_BOUND('',#1365,.T.);
#1474=FACE_BOUND('',#1366,.T.);
#1475=FACE_BOUND('',#1367,.T.);
#1476=FACE_BOUND('',#1368,.T.);
#1477=FACE_BOUND('',#1369,.T.);
#1478=FACE_BOUND('',#1370,.T.);
#1479=FACE_BOUND('',#1371,.T.);
#1480=FACE_BOUND('',#1372,.T.);
#1481=PLANE('',#2174);
#1482=PLANE('',#2176);
#1483=PLANE('',#2181);
#1484=PLANE('',#2183);
#1485=PLANE('',#2188);
#1486=PLANE('',#2190);
#1487=PLANE('',#2191);
#1488=PLANE('',#2195);
#1489=PLANE('',#2199);
#1490=PLANE('',#2203);
#1491=PLANE('',#2204);
#1492=PLANE('',#2206);
#1493=PLANE('',#2207);
#1494=PLANE('',#2214);
#1495=PLANE('',#2215);
#1496=PLANE('',#2218);
#1497=PLANE('',#2219);
#1498=PLANE('',#2220);
#1499=PLANE('',#2226);
#1500=PLANE('',#2229);
#1501=PLANE('',#2230);
#1502=PLANE('',#2234);
#1503=PLANE('',#2235);
#1504=PLANE('',#2237);
#1505=PLANE('',#2238);
#1506=PLANE('',#2241);
#1507=PLANE('',#2242);
#1508=PLANE('',#2247);
#1509=PLANE('',#2248);
#1510=PLANE('',#2251);
#1511=PLANE('',#2252);
#1512=PLANE('',#2253);
#1513=PLANE('',#2254);
#1514=PLANE('',#2255);
#1515=PLANE('',#2256);
#1516=PLANE('',#2260);
#1517=PLANE('',#2264);
#1518=PLANE('',#2270);
#1519=PLANE('',#2275);
#1520=PLANE('',#2278);
#1521=PLANE('',#2279);
#1522=PLANE('',#2282);
#1523=PLANE('',#2284);
#1524=PLANE('',#2290);
#1525=PLANE('',#2295);
#1526=PLANE('',#2296);
#1527=PLANE('',#2297);
#1528=PLANE('',#2298);
#1529=PLANE('',#2299);
#1530=PLANE('',#2300);
#1531=PLANE('',#2301);
#1532=PLANE('',#2302);
#1533=PLANE('',#2303);
#1534=PLANE('',#2304);
#1535=PLANE('',#2316);
#1536=PLANE('',#2317);
#1537=PLANE('',#2318);
#1538=PLANE('',#2319);
#1539=PLANE('',#2320);
#1540=PLANE('',#2321);
#1541=OVER_RIDING_STYLED_ITEM('',(#1707),#1617,#1705);
#1542=OVER_RIDING_STYLED_ITEM('',(#1708),#1618,#1705);
#1543=OVER_RIDING_STYLED_ITEM('',(#1709),#1619,#1705);
#1544=OVER_RIDING_STYLED_ITEM('',(#1710),#1620,#1705);
#1545=OVER_RIDING_STYLED_ITEM('',(#1711),#1621,#1705);
#1546=OVER_RIDING_STYLED_ITEM('',(#1712),#1622,#1705);
#1547=OVER_RIDING_STYLED_ITEM('',(#1713),#1623,#1705);
#1548=OVER_RIDING_STYLED_ITEM('',(#1714),#1624,#1705);
#1549=OVER_RIDING_STYLED_ITEM('',(#1715),#1625,#1705);
#1550=OVER_RIDING_STYLED_ITEM('',(#1716),#1626,#1705);
#1551=OVER_RIDING_STYLED_ITEM('',(#1717),#1627,#1705);
#1552=OVER_RIDING_STYLED_ITEM('',(#1718),#1628,#1705);
#1553=OVER_RIDING_STYLED_ITEM('',(#1719),#1629,#1705);
#1554=OVER_RIDING_STYLED_ITEM('',(#1720),#1630,#1705);
#1555=OVER_RIDING_STYLED_ITEM('',(#1721),#1631,#1705);
#1556=OVER_RIDING_STYLED_ITEM('',(#1722),#1633,#1705);
#1557=OVER_RIDING_STYLED_ITEM('',(#1723),#1634,#1705);
#1558=OVER_RIDING_STYLED_ITEM('',(#1724),#1635,#1705);
#1559=OVER_RIDING_STYLED_ITEM('',(#1725),#1637,#1705);
#1560=OVER_RIDING_STYLED_ITEM('',(#1726),#1638,#1705);
#1561=OVER_RIDING_STYLED_ITEM('',(#1727),#1639,#1705);
#1562=OVER_RIDING_STYLED_ITEM('',(#1728),#1640,#1705);
#1563=OVER_RIDING_STYLED_ITEM('',(#1729),#1641,#1705);
#1564=OVER_RIDING_STYLED_ITEM('',(#1730),#1642,#1705);
#1565=OVER_RIDING_STYLED_ITEM('',(#1731),#1643,#1705);
#1566=OVER_RIDING_STYLED_ITEM('',(#1732),#1644,#1705);
#1567=OVER_RIDING_STYLED_ITEM('',(#1733),#1645,#1705);
#1568=OVER_RIDING_STYLED_ITEM('',(#1734),#1646,#1705);
#1569=OVER_RIDING_STYLED_ITEM('',(#1735),#1647,#1705);
#1570=OVER_RIDING_STYLED_ITEM('',(#1736),#1649,#1705);
#1571=OVER_RIDING_STYLED_ITEM('',(#1737),#1651,#1705);
#1572=OVER_RIDING_STYLED_ITEM('',(#1738),#1652,#1705);
#1573=OVER_RIDING_STYLED_ITEM('',(#1739),#1653,#1705);
#1574=OVER_RIDING_STYLED_ITEM('',(#1740),#1654,#1705);
#1575=OVER_RIDING_STYLED_ITEM('',(#1741),#1655,#1705);
#1576=OVER_RIDING_STYLED_ITEM('',(#1742),#1656,#1705);
#1577=OVER_RIDING_STYLED_ITEM('',(#1743),#1657,#1705);
#1578=OVER_RIDING_STYLED_ITEM('',(#1744),#1658,#1705);
#1579=OVER_RIDING_STYLED_ITEM('',(#1745),#1659,#1705);
#1580=OVER_RIDING_STYLED_ITEM('',(#1746),#1660,#1705);
#1581=OVER_RIDING_STYLED_ITEM('',(#1747),#1661,#1705);
#1582=OVER_RIDING_STYLED_ITEM('',(#1748),#1662,#1705);
#1583=OVER_RIDING_STYLED_ITEM('',(#1749),#1663,#1705);
#1584=OVER_RIDING_STYLED_ITEM('',(#1750),#1664,#1705);
#1585=OVER_RIDING_STYLED_ITEM('',(#1751),#1665,#1705);
#1586=OVER_RIDING_STYLED_ITEM('',(#1752),#1666,#1705);
#1587=OVER_RIDING_STYLED_ITEM('',(#1753),#1667,#1705);
#1588=OVER_RIDING_STYLED_ITEM('',(#1754),#1668,#1705);
#1589=OVER_RIDING_STYLED_ITEM('',(#1755),#1669,#1705);
#1590=OVER_RIDING_STYLED_ITEM('',(#1756),#1670,#1705);
#1591=OVER_RIDING_STYLED_ITEM('',(#1757),#1671,#1705);
#1592=OVER_RIDING_STYLED_ITEM('',(#1758),#1672,#1705);
#1593=OVER_RIDING_STYLED_ITEM('',(#1759),#1673,#1705);
#1594=OVER_RIDING_STYLED_ITEM('',(#1760),#1674,#1705);
#1595=OVER_RIDING_STYLED_ITEM('',(#1761),#1675,#1705);
#1596=OVER_RIDING_STYLED_ITEM('',(#1762),#1676,#1705);
#1597=OVER_RIDING_STYLED_ITEM('',(#1763),#1677,#1705);
#1598=OVER_RIDING_STYLED_ITEM('',(#1764),#1679,#1705);
#1599=OVER_RIDING_STYLED_ITEM('',(#1765),#1680,#1705);
#1600=OVER_RIDING_STYLED_ITEM('',(#1766),#1681,#1705);
#1601=OVER_RIDING_STYLED_ITEM('',(#1767),#1682,#1705);
#1602=OVER_RIDING_STYLED_ITEM('',(#1768),#1683,#1705);
#1603=OVER_RIDING_STYLED_ITEM('',(#1769),#1684,#1705);
#1604=OVER_RIDING_STYLED_ITEM('',(#1770),#1685,#1705);
#1605=OVER_RIDING_STYLED_ITEM('',(#1771),#1686,#1705);
#1606=OVER_RIDING_STYLED_ITEM('',(#1772),#1687,#1705);
#1607=OVER_RIDING_STYLED_ITEM('',(#1773),#1688,#1705);
#1608=OVER_RIDING_STYLED_ITEM('',(#1774),#1691,#1705);
#1609=OVER_RIDING_STYLED_ITEM('',(#1775),#1692,#1705);
#1610=OVER_RIDING_STYLED_ITEM('',(#1776),#1693,#1705);
#1611=OVER_RIDING_STYLED_ITEM('',(#1777),#1694,#1705);
#1612=OVER_RIDING_STYLED_ITEM('',(#1778),#1695,#1705);
#1613=OVER_RIDING_STYLED_ITEM('',(#1779),#1696,#1705);
#1614=OVER_RIDING_STYLED_ITEM('',(#1780),#1697,#1705);
#1615=OVER_RIDING_STYLED_ITEM('',(#1781),#1698,#1705);
#1616=OVER_RIDING_STYLED_ITEM('',(#1782),#1699,#1705);
#1617=ADVANCED_FACE('',(#1373,#1374),#1481,.T.);
#1618=ADVANCED_FACE('',(#1375),#1482,.T.);
#1619=ADVANCED_FACE('',(#1376),#1483,.T.);
#1620=ADVANCED_FACE('',(#1377),#1484,.T.);
#1621=ADVANCED_FACE('',(#1378),#15,.T.);
#1622=ADVANCED_FACE('',(#1379,#1380),#1485,.T.);
#1623=ADVANCED_FACE('',(#1381),#1486,.T.);
#1624=ADVANCED_FACE('',(#1382),#1487,.T.);
#1625=ADVANCED_FACE('',(#1383),#16,.T.);
#1626=ADVANCED_FACE('',(#1384),#1488,.F.);
#1627=ADVANCED_FACE('',(#1385),#17,.T.);
#1628=ADVANCED_FACE('',(#1386),#1489,.F.);
#1629=ADVANCED_FACE('',(#1387),#18,.T.);
#1630=ADVANCED_FACE('',(#1388),#1490,.F.);
#1631=ADVANCED_FACE('',(#1389),#1491,.T.);
#1632=ADVANCED_FACE('',(#1390),#1492,.F.);
#1633=ADVANCED_FACE('',(#1391),#1493,.T.);
#1634=ADVANCED_FACE('',(#1392,#1393,#1394),#19,.F.);
#1635=ADVANCED_FACE('',(#1395,#1396),#20,.F.);
#1636=ADVANCED_FACE('',(#1397),#1494,.T.);
#1637=ADVANCED_FACE('',(#1398,#1399),#1495,.T.);
#1638=ADVANCED_FACE('',(#1400),#1496,.T.);
#1639=ADVANCED_FACE('',(#1401),#1497,.F.);
#1640=ADVANCED_FACE('',(#1402),#1498,.F.);
#1641=ADVANCED_FACE('',(#1403),#21,.F.);
#1642=ADVANCED_FACE('',(#1404),#22,.F.);
#1643=ADVANCED_FACE('',(#1405,#1406),#1499,.F.);
#1644=ADVANCED_FACE('',(#1407),#1500,.F.);
#1645=ADVANCED_FACE('',(#1408,#1409),#1501,.F.);
#1646=ADVANCED_FACE('',(#1410),#1502,.T.);
#1647=ADVANCED_FACE('',(#1411),#1503,.T.);
#1648=ADVANCED_FACE('',(#1412),#1504,.T.);
#1649=ADVANCED_FACE('',(#1413,#1414),#1505,.T.);
#1650=ADVANCED_FACE('',(#1415),#1506,.T.);
#1651=ADVANCED_FACE('',(#1416),#1507,.T.);
#1652=ADVANCED_FACE('',(#1417),#23,.T.);
#1653=ADVANCED_FACE('',(#1418),#1508,.T.);
#1654=ADVANCED_FACE('',(#1419),#1509,.F.);
#1655=ADVANCED_FACE('',(#1420,#1421),#24,.T.);
#1656=ADVANCED_FACE('',(#1422),#1510,.T.);
#1657=ADVANCED_FACE('',(#1423),#1511,.T.);
#1658=ADVANCED_FACE('',(#1424),#1512,.F.);
#1659=ADVANCED_FACE('',(#1425),#1513,.T.);
#1660=ADVANCED_FACE('',(#1426),#1514,.F.);
#1661=ADVANCED_FACE('',(#1427),#1515,.F.);
#1662=ADVANCED_FACE('',(#1428),#25,.T.);
#1663=ADVANCED_FACE('',(#1429),#1516,.T.);
#1664=ADVANCED_FACE('',(#1430),#26,.T.);
#1665=ADVANCED_FACE('',(#1431),#1517,.F.);
#1666=ADVANCED_FACE('',(#1432,#1433),#27,.F.);
#1667=ADVANCED_FACE('',(#1434),#28,.T.);
#1668=ADVANCED_FACE('',(#1435,#1436),#1518,.T.);
#1669=ADVANCED_FACE('',(#1437,#1438,#1439),#29,.F.);
#1670=ADVANCED_FACE('',(#1440,#1441),#1519,.T.);
#1671=ADVANCED_FACE('',(#1442,#1443),#30,.F.);
#1672=ADVANCED_FACE('',(#1444),#1520,.F.);
#1673=ADVANCED_FACE('',(#1445),#1521,.T.);
#1674=ADVANCED_FACE('',(#1446,#1447),#31,.F.);
#1675=ADVANCED_FACE('',(#1448),#1522,.F.);
#1676=ADVANCED_FACE('',(#1449),#32,.T.);
#1677=ADVANCED_FACE('',(#1450),#1523,.T.);
#1678=ADVANCED_FACE('',(#1451,#1452),#33,.F.);
#1679=ADVANCED_FACE('',(#1453),#34,.T.);
#1680=ADVANCED_FACE('',(#1454),#1524,.T.);
#1681=ADVANCED_FACE('',(#1455),#35,.T.);
#1682=ADVANCED_FACE('',(#1456),#36,.T.);
#1683=ADVANCED_FACE('',(#1457),#1525,.T.);
#1684=ADVANCED_FACE('',(#1458),#1526,.T.);
#1685=ADVANCED_FACE('',(#1459,#1460),#1527,.T.);
#1686=ADVANCED_FACE('',(#1461),#1528,.F.);
#1687=ADVANCED_FACE('',(#1462),#1529,.F.);
#1688=ADVANCED_FACE('',(#1463),#1530,.F.);
#1689=ADVANCED_FACE('',(#1464),#1531,.T.);
#1690=ADVANCED_FACE('',(#1465,#1466),#1532,.T.);
#1691=ADVANCED_FACE('',(#1467),#1533,.F.);
#1692=ADVANCED_FACE('',(#1468),#1534,.F.);
#1693=ADVANCED_FACE('',(#1469),#37,.F.);
#1694=ADVANCED_FACE('',(#1470),#12,.F.);
#1695=ADVANCED_FACE('',(#1471),#38,.F.);
#1696=ADVANCED_FACE('',(#1472),#13,.F.);
#1697=ADVANCED_FACE('',(#1473),#39,.F.);
#1698=ADVANCED_FACE('',(#1474),#1535,.T.);
#1699=ADVANCED_FACE('',(#1475,#1476),#1536,.T.);
#1700=ADVANCED_FACE('',(#1477),#1537,.T.);
#1701=ADVANCED_FACE('',(#1478),#1538,.F.);
#1702=ADVANCED_FACE('',(#1479),#1539,.T.);
#1703=ADVANCED_FACE('',(#1480),#1540,.T.);
#1704=CLOSED_SHELL('',(#1617,#1618,#1619,#1620,#1621,#1622,#1623,#1624,
#1625,#1626,#1627,#1628,#1629,#1630,#1631,#1632,#1633,#1634,#1635,#1636,
#1637,#1638,#1639,#1640,#1641,#1642,#1643,#1644,#1645,#1646,#1647,#1648,
#1649,#1650,#1651,#1652,#1653,#1654,#1655,#1656,#1657,#1658,#1659,#1660,
#1661,#1662,#1663,#1664,#1665,#1666,#1667,#1668,#1669,#1670,#1671,#1672,
#1673,#1674,#1675,#1676,#1677,#1678,#1679,#1680,#1681,#1682,#1683,#1684,
#1685,#1686,#1687,#1688,#1689,#1690,#1691,#1692,#1693,#1694,#1695,#1696,
#1697,#1698,#1699,#1700,#1701,#1702,#1703));
#1705=STYLED_ITEM('',(#1706),#2170);
#1706=PRESENTATION_STYLE_ASSIGNMENT((#1783));
#1707=PRESENTATION_STYLE_ASSIGNMENT((#1784));
#1708=PRESENTATION_STYLE_ASSIGNMENT((#1785));
#1709=PRESENTATION_STYLE_ASSIGNMENT((#1786));
#1710=PRESENTATION_STYLE_ASSIGNMENT((#1787));
#1711=PRESENTATION_STYLE_ASSIGNMENT((#1788));
#1712=PRESENTATION_STYLE_ASSIGNMENT((#1789));
#1713=PRESENTATION_STYLE_ASSIGNMENT((#1790));
#1714=PRESENTATION_STYLE_ASSIGNMENT((#1791));
#1715=PRESENTATION_STYLE_ASSIGNMENT((#1792));
#1716=PRESENTATION_STYLE_ASSIGNMENT((#1793));
#1717=PRESENTATION_STYLE_ASSIGNMENT((#1794));
#1718=PRESENTATION_STYLE_ASSIGNMENT((#1795));
#1719=PRESENTATION_STYLE_ASSIGNMENT((#1796));
#1720=PRESENTATION_STYLE_ASSIGNMENT((#1797));
#1721=PRESENTATION_STYLE_ASSIGNMENT((#1798));
#1722=PRESENTATION_STYLE_ASSIGNMENT((#1799));
#1723=PRESENTATION_STYLE_ASSIGNMENT((#1800));
#1724=PRESENTATION_STYLE_ASSIGNMENT((#1801));
#1725=PRESENTATION_STYLE_ASSIGNMENT((#1802));
#1726=PRESENTATION_STYLE_ASSIGNMENT((#1803));
#1727=PRESENTATION_STYLE_ASSIGNMENT((#1804));
#1728=PRESENTATION_STYLE_ASSIGNMENT((#1805));
#1729=PRESENTATION_STYLE_ASSIGNMENT((#1806));
#1730=PRESENTATION_STYLE_ASSIGNMENT((#1807));
#1731=PRESENTATION_STYLE_ASSIGNMENT((#1808));
#1732=PRESENTATION_STYLE_ASSIGNMENT((#1809));
#1733=PRESENTATION_STYLE_ASSIGNMENT((#1810));
#1734=PRESENTATION_STYLE_ASSIGNMENT((#1811));
#1735=PRESENTATION_STYLE_ASSIGNMENT((#1812));
#1736=PRESENTATION_STYLE_ASSIGNMENT((#1813));
#1737=PRESENTATION_STYLE_ASSIGNMENT((#1814));
#1738=PRESENTATION_STYLE_ASSIGNMENT((#1815));
#1739=PRESENTATION_STYLE_ASSIGNMENT((#1816));
#1740=PRESENTATION_STYLE_ASSIGNMENT((#1817));
#1741=PRESENTATION_STYLE_ASSIGNMENT((#1818));
#1742=PRESENTATION_STYLE_ASSIGNMENT((#1819));
#1743=PRESENTATION_STYLE_ASSIGNMENT((#1820));
#1744=PRESENTATION_STYLE_ASSIGNMENT((#1821));
#1745=PRESENTATION_STYLE_ASSIGNMENT((#1822));
#1746=PRESENTATION_STYLE_ASSIGNMENT((#1823));
#1747=PRESENTATION_STYLE_ASSIGNMENT((#1824));
#1748=PRESENTATION_STYLE_ASSIGNMENT((#1825));
#1749=PRESENTATION_STYLE_ASSIGNMENT((#1826));
#1750=PRESENTATION_STYLE_ASSIGNMENT((#1827));
#1751=PRESENTATION_STYLE_ASSIGNMENT((#1828));
#1752=PRESENTATION_STYLE_ASSIGNMENT((#1829));
#1753=PRESENTATION_STYLE_ASSIGNMENT((#1830));
#1754=PRESENTATION_STYLE_ASSIGNMENT((#1831));
#1755=PRESENTATION_STYLE_ASSIGNMENT((#1832));
#1756=PRESENTATION_STYLE_ASSIGNMENT((#1833));
#1757=PRESENTATION_STYLE_ASSIGNMENT((#1834));
#1758=PRESENTATION_STYLE_ASSIGNMENT((#1835));
#1759=PRESENTATION_STYLE_ASSIGNMENT((#1836));
#1760=PRESENTATION_STYLE_ASSIGNMENT((#1837));
#1761=PRESENTATION_STYLE_ASSIGNMENT((#1838));
#1762=PRESENTATION_STYLE_ASSIGNMENT((#1839));
#1763=PRESENTATION_STYLE_ASSIGNMENT((#1840));
#1764=PRESENTATION_STYLE_ASSIGNMENT((#1841));
#1765=PRESENTATION_STYLE_ASSIGNMENT((#1842));
#1766=PRESENTATION_STYLE_ASSIGNMENT((#1843));
#1767=PRESENTATION_STYLE_ASSIGNMENT((#1844));
#1768=PRESENTATION_STYLE_ASSIGNMENT((#1845));
#1769=PRESENTATION_STYLE_ASSIGNMENT((#1846));
#1770=PRESENTATION_STYLE_ASSIGNMENT((#1847));
#1771=PRESENTATION_STYLE_ASSIGNMENT((#1848));
#1772=PRESENTATION_STYLE_ASSIGNMENT((#1849));
#1773=PRESENTATION_STYLE_ASSIGNMENT((#1850));
#1774=PRESENTATION_STYLE_ASSIGNMENT((#1851));
#1775=PRESENTATION_STYLE_ASSIGNMENT((#1852));
#1776=PRESENTATION_STYLE_ASSIGNMENT((#1853));
#1777=PRESENTATION_STYLE_ASSIGNMENT((#1854));
#1778=PRESENTATION_STYLE_ASSIGNMENT((#1855));
#1779=PRESENTATION_STYLE_ASSIGNMENT((#1856));
#1780=PRESENTATION_STYLE_ASSIGNMENT((#1857));
#1781=PRESENTATION_STYLE_ASSIGNMENT((#1858));
#1782=PRESENTATION_STYLE_ASSIGNMENT((#1859));
#1783=SURFACE_STYLE_USAGE(.BOTH.,#1860);
#1784=SURFACE_STYLE_USAGE(.BOTH.,#1861);
#1785=SURFACE_STYLE_USAGE(.BOTH.,#1862);
#1786=SURFACE_STYLE_USAGE(.BOTH.,#1863);
#1787=SURFACE_STYLE_USAGE(.BOTH.,#1864);
#1788=SURFACE_STYLE_USAGE(.BOTH.,#1865);
#1789=SURFACE_STYLE_USAGE(.BOTH.,#1866);
#1790=SURFACE_STYLE_USAGE(.BOTH.,#1867);
#1791=SURFACE_STYLE_USAGE(.BOTH.,#1868);
#1792=SURFACE_STYLE_USAGE(.BOTH.,#1869);
#1793=SURFACE_STYLE_USAGE(.BOTH.,#1870);
#1794=SURFACE_STYLE_USAGE(.BOTH.,#1871);
#1795=SURFACE_STYLE_USAGE(.BOTH.,#1872);
#1796=SURFACE_STYLE_USAGE(.BOTH.,#1873);
#1797=SURFACE_STYLE_USAGE(.BOTH.,#1874);
#1798=SURFACE_STYLE_USAGE(.BOTH.,#1875);
#1799=SURFACE_STYLE_USAGE(.BOTH.,#1876);
#1800=SURFACE_STYLE_USAGE(.BOTH.,#1877);
#1801=SURFACE_STYLE_USAGE(.BOTH.,#1878);
#1802=SURFACE_STYLE_USAGE(.BOTH.,#1879);
#1803=SURFACE_STYLE_USAGE(.BOTH.,#1880);
#1804=SURFACE_STYLE_USAGE(.BOTH.,#1881);
#1805=SURFACE_STYLE_USAGE(.BOTH.,#1882);
#1806=SURFACE_STYLE_USAGE(.BOTH.,#1883);
#1807=SURFACE_STYLE_USAGE(.BOTH.,#1884);
#1808=SURFACE_STYLE_USAGE(.BOTH.,#1885);
#1809=SURFACE_STYLE_USAGE(.BOTH.,#1886);
#1810=SURFACE_STYLE_USAGE(.BOTH.,#1887);
#1811=SURFACE_STYLE_USAGE(.BOTH.,#1888);
#1812=SURFACE_STYLE_USAGE(.BOTH.,#1889);
#1813=SURFACE_STYLE_USAGE(.BOTH.,#1890);
#1814=SURFACE_STYLE_USAGE(.BOTH.,#1891);
#1815=SURFACE_STYLE_USAGE(.BOTH.,#1892);
#1816=SURFACE_STYLE_USAGE(.BOTH.,#1893);
#1817=SURFACE_STYLE_USAGE(.BOTH.,#1894);
#1818=SURFACE_STYLE_USAGE(.BOTH.,#1895);
#1819=SURFACE_STYLE_USAGE(.BOTH.,#1896);
#1820=SURFACE_STYLE_USAGE(.BOTH.,#1897);
#1821=SURFACE_STYLE_USAGE(.BOTH.,#1898);
#1822=SURFACE_STYLE_USAGE(.BOTH.,#1899);
#1823=SURFACE_STYLE_USAGE(.BOTH.,#1900);
#1824=SURFACE_STYLE_USAGE(.BOTH.,#1901);
#1825=SURFACE_STYLE_USAGE(.BOTH.,#1902);
#1826=SURFACE_STYLE_USAGE(.BOTH.,#1903);
#1827=SURFACE_STYLE_USAGE(.BOTH.,#1904);
#1828=SURFACE_STYLE_USAGE(.BOTH.,#1905);
#1829=SURFACE_STYLE_USAGE(.BOTH.,#1906);
#1830=SURFACE_STYLE_USAGE(.BOTH.,#1907);
#1831=SURFACE_STYLE_USAGE(.BOTH.,#1908);
#1832=SURFACE_STYLE_USAGE(.BOTH.,#1909);
#1833=SURFACE_STYLE_USAGE(.BOTH.,#1910);
#1834=SURFACE_STYLE_USAGE(.BOTH.,#1911);
#1835=SURFACE_STYLE_USAGE(.BOTH.,#1912);
#1836=SURFACE_STYLE_USAGE(.BOTH.,#1913);
#1837=SURFACE_STYLE_USAGE(.BOTH.,#1914);
#1838=SURFACE_STYLE_USAGE(.BOTH.,#1915);
#1839=SURFACE_STYLE_USAGE(.BOTH.,#1916);
#1840=SURFACE_STYLE_USAGE(.BOTH.,#1917);
#1841=SURFACE_STYLE_USAGE(.BOTH.,#1918);
#1842=SURFACE_STYLE_USAGE(.BOTH.,#1919);
#1843=SURFACE_STYLE_USAGE(.BOTH.,#1920);
#1844=SURFACE_STYLE_USAGE(.BOTH.,#1921);
#1845=SURFACE_STYLE_USAGE(.BOTH.,#1922);
#1846=SURFACE_STYLE_USAGE(.BOTH.,#1923);
#1847=SURFACE_STYLE_USAGE(.BOTH.,#1924);
#1848=SURFACE_STYLE_USAGE(.BOTH.,#1925);
#1849=SURFACE_STYLE_USAGE(.BOTH.,#1926);
#1850=SURFACE_STYLE_USAGE(.BOTH.,#1927);
#1851=SURFACE_STYLE_USAGE(.BOTH.,#1928);
#1852=SURFACE_STYLE_USAGE(.BOTH.,#1929);
#1853=SURFACE_STYLE_USAGE(.BOTH.,#1930);
#1854=SURFACE_STYLE_USAGE(.BOTH.,#1931);
#1855=SURFACE_STYLE_USAGE(.BOTH.,#1932);
#1856=SURFACE_STYLE_USAGE(.BOTH.,#1933);
#1857=SURFACE_STYLE_USAGE(.BOTH.,#1934);
#1858=SURFACE_STYLE_USAGE(.BOTH.,#1935);
#1859=SURFACE_STYLE_USAGE(.BOTH.,#1936);
#1860=SURFACE_SIDE_STYLE('',(#1937));
#1861=SURFACE_SIDE_STYLE('',(#1938));
#1862=SURFACE_SIDE_STYLE('',(#1939));
#1863=SURFACE_SIDE_STYLE('',(#1940));
#1864=SURFACE_SIDE_STYLE('',(#1941));
#1865=SURFACE_SIDE_STYLE('',(#1942));
#1866=SURFACE_SIDE_STYLE('',(#1943));
#1867=SURFACE_SIDE_STYLE('',(#1944));
#1868=SURFACE_SIDE_STYLE('',(#1945));
#1869=SURFACE_SIDE_STYLE('',(#1946));
#1870=SURFACE_SIDE_STYLE('',(#1947));
#1871=SURFACE_SIDE_STYLE('',(#1948));
#1872=SURFACE_SIDE_STYLE('',(#1949));
#1873=SURFACE_SIDE_STYLE('',(#1950));
#1874=SURFACE_SIDE_STYLE('',(#1951));
#1875=SURFACE_SIDE_STYLE('',(#1952));
#1876=SURFACE_SIDE_STYLE('',(#1953));
#1877=SURFACE_SIDE_STYLE('',(#1954));
#1878=SURFACE_SIDE_STYLE('',(#1955));
#1879=SURFACE_SIDE_STYLE('',(#1956));
#1880=SURFACE_SIDE_STYLE('',(#1957));
#1881=SURFACE_SIDE_STYLE('',(#1958));
#1882=SURFACE_SIDE_STYLE('',(#1959));
#1883=SURFACE_SIDE_STYLE('',(#1960));
#1884=SURFACE_SIDE_STYLE('',(#1961));
#1885=SURFACE_SIDE_STYLE('',(#1962));
#1886=SURFACE_SIDE_STYLE('',(#1963));
#1887=SURFACE_SIDE_STYLE('',(#1964));
#1888=SURFACE_SIDE_STYLE('',(#1965));
#1889=SURFACE_SIDE_STYLE('',(#1966));
#1890=SURFACE_SIDE_STYLE('',(#1967));
#1891=SURFACE_SIDE_STYLE('',(#1968));
#1892=SURFACE_SIDE_STYLE('',(#1969));
#1893=SURFACE_SIDE_STYLE('',(#1970));
#1894=SURFACE_SIDE_STYLE('',(#1971));
#1895=SURFACE_SIDE_STYLE('',(#1972));
#1896=SURFACE_SIDE_STYLE('',(#1973));
#1897=SURFACE_SIDE_STYLE('',(#1974));
#1898=SURFACE_SIDE_STYLE('',(#1975));
#1899=SURFACE_SIDE_STYLE('',(#1976));
#1900=SURFACE_SIDE_STYLE('',(#1977));
#1901=SURFACE_SIDE_STYLE('',(#1978));
#1902=SURFACE_SIDE_STYLE('',(#1979));
#1903=SURFACE_SIDE_STYLE('',(#1980));
#1904=SURFACE_SIDE_STYLE('',(#1981));
#1905=SURFACE_SIDE_STYLE('',(#1982));
#1906=SURFACE_SIDE_STYLE('',(#1983));
#1907=SURFACE_SIDE_STYLE('',(#1984));
#1908=SURFACE_SIDE_STYLE('',(#1985));
#1909=SURFACE_SIDE_STYLE('',(#1986));
#1910=SURFACE_SIDE_STYLE('',(#1987));
#1911=SURFACE_SIDE_STYLE('',(#1988));
#1912=SURFACE_SIDE_STYLE('',(#1989));
#1913=SURFACE_SIDE_STYLE('',(#1990));
#1914=SURFACE_SIDE_STYLE('',(#1991));
#1915=SURFACE_SIDE_STYLE('',(#1992));
#1916=SURFACE_SIDE_STYLE('',(#1993));
#1917=SURFACE_SIDE_STYLE('',(#1994));
#1918=SURFACE_SIDE_STYLE('',(#1995));
#1919=SURFACE_SIDE_STYLE('',(#1996));
#1920=SURFACE_SIDE_STYLE('',(#1997));
#1921=SURFACE_SIDE_STYLE('',(#1998));
#1922=SURFACE_SIDE_STYLE('',(#1999));
#1923=SURFACE_SIDE_STYLE('',(#2000));
#1924=SURFACE_SIDE_STYLE('',(#2001));
#1925=SURFACE_SIDE_STYLE('',(#2002));
#1926=SURFACE_SIDE_STYLE('',(#2003));
#1927=SURFACE_SIDE_STYLE('',(#2004));
#1928=SURFACE_SIDE_STYLE('',(#2005));
#1929=SURFACE_SIDE_STYLE('',(#2006));
#1930=SURFACE_SIDE_STYLE('',(#2007));
#1931=SURFACE_SIDE_STYLE('',(#2008));
#1932=SURFACE_SIDE_STYLE('',(#2009));
#1933=SURFACE_SIDE_STYLE('',(#2010));
#1934=SURFACE_SIDE_STYLE('',(#2011));
#1935=SURFACE_SIDE_STYLE('',(#2012));
#1936=SURFACE_SIDE_STYLE('',(#2013));
#1937=SURFACE_STYLE_FILL_AREA(#2014);
#1938=SURFACE_STYLE_FILL_AREA(#2015);
#1939=SURFACE_STYLE_FILL_AREA(#2016);
#1940=SURFACE_STYLE_FILL_AREA(#2017);
#1941=SURFACE_STYLE_FILL_AREA(#2018);
#1942=SURFACE_STYLE_FILL_AREA(#2019);
#1943=SURFACE_STYLE_FILL_AREA(#2020);
#1944=SURFACE_STYLE_FILL_AREA(#2021);
#1945=SURFACE_STYLE_FILL_AREA(#2022);
#1946=SURFACE_STYLE_FILL_AREA(#2023);
#1947=SURFACE_STYLE_FILL_AREA(#2024);
#1948=SURFACE_STYLE_FILL_AREA(#2025);
#1949=SURFACE_STYLE_FILL_AREA(#2026);
#1950=SURFACE_STYLE_FILL_AREA(#2027);
#1951=SURFACE_STYLE_FILL_AREA(#2028);
#1952=SURFACE_STYLE_FILL_AREA(#2029);
#1953=SURFACE_STYLE_FILL_AREA(#2030);
#1954=SURFACE_STYLE_FILL_AREA(#2031);
#1955=SURFACE_STYLE_FILL_AREA(#2032);
#1956=SURFACE_STYLE_FILL_AREA(#2033);
#1957=SURFACE_STYLE_FILL_AREA(#2034);
#1958=SURFACE_STYLE_FILL_AREA(#2035);
#1959=SURFACE_STYLE_FILL_AREA(#2036);
#1960=SURFACE_STYLE_FILL_AREA(#2037);
#1961=SURFACE_STYLE_FILL_AREA(#2038);
#1962=SURFACE_STYLE_FILL_AREA(#2039);
#1963=SURFACE_STYLE_FILL_AREA(#2040);
#1964=SURFACE_STYLE_FILL_AREA(#2041);
#1965=SURFACE_STYLE_FILL_AREA(#2042);
#1966=SURFACE_STYLE_FILL_AREA(#2043);
#1967=SURFACE_STYLE_FILL_AREA(#2044);
#1968=SURFACE_STYLE_FILL_AREA(#2045);
#1969=SURFACE_STYLE_FILL_AREA(#2046);
#1970=SURFACE_STYLE_FILL_AREA(#2047);
#1971=SURFACE_STYLE_FILL_AREA(#2048);
#1972=SURFACE_STYLE_FILL_AREA(#2049);
#1973=SURFACE_STYLE_FILL_AREA(#2050);
#1974=SURFACE_STYLE_FILL_AREA(#2051);
#1975=SURFACE_STYLE_FILL_AREA(#2052);
#1976=SURFACE_STYLE_FILL_AREA(#2053);
#1977=SURFACE_STYLE_FILL_AREA(#2054);
#1978=SURFACE_STYLE_FILL_AREA(#2055);
#1979=SURFACE_STYLE_FILL_AREA(#2056);
#1980=SURFACE_STYLE_FILL_AREA(#2057);
#1981=SURFACE_STYLE_FILL_AREA(#2058);
#1982=SURFACE_STYLE_FILL_AREA(#2059);
#1983=SURFACE_STYLE_FILL_AREA(#2060);
#1984=SURFACE_STYLE_FILL_AREA(#2061);
#1985=SURFACE_STYLE_FILL_AREA(#2062);
#1986=SURFACE_STYLE_FILL_AREA(#2063);
#1987=SURFACE_STYLE_FILL_AREA(#2064);
#1988=SURFACE_STYLE_FILL_AREA(#2065);
#1989=SURFACE_STYLE_FILL_AREA(#2066);
#1990=SURFACE_STYLE_FILL_AREA(#2067);
#1991=SURFACE_STYLE_FILL_AREA(#2068);
#1992=SURFACE_STYLE_FILL_AREA(#2069);
#1993=SURFACE_STYLE_FILL_AREA(#2070);
#1994=SURFACE_STYLE_FILL_AREA(#2071);
#1995=SURFACE_STYLE_FILL_AREA(#2072);
#1996=SURFACE_STYLE_FILL_AREA(#2073);
#1997=SURFACE_STYLE_FILL_AREA(#2074);
#1998=SURFACE_STYLE_FILL_AREA(#2075);
#1999=SURFACE_STYLE_FILL_AREA(#2076);
#2000=SURFACE_STYLE_FILL_AREA(#2077);
#2001=SURFACE_STYLE_FILL_AREA(#2078);
#2002=SURFACE_STYLE_FILL_AREA(#2079);
#2003=SURFACE_STYLE_FILL_AREA(#2080);
#2004=SURFACE_STYLE_FILL_AREA(#2081);
#2005=SURFACE_STYLE_FILL_AREA(#2082);
#2006=SURFACE_STYLE_FILL_AREA(#2083);
#2007=SURFACE_STYLE_FILL_AREA(#2084);
#2008=SURFACE_STYLE_FILL_AREA(#2085);
#2009=SURFACE_STYLE_FILL_AREA(#2086);
#2010=SURFACE_STYLE_FILL_AREA(#2087);
#2011=SURFACE_STYLE_FILL_AREA(#2088);
#2012=SURFACE_STYLE_FILL_AREA(#2089);
#2013=SURFACE_STYLE_FILL_AREA(#2090);
#2014=FILL_AREA_STYLE('',(#2091));
#2015=FILL_AREA_STYLE('',(#2092));
#2016=FILL_AREA_STYLE('',(#2093));
#2017=FILL_AREA_STYLE('',(#2094));
#2018=FILL_AREA_STYLE('',(#2095));
#2019=FILL_AREA_STYLE('',(#2096));
#2020=FILL_AREA_STYLE('',(#2097));
#2021=FILL_AREA_STYLE('',(#2098));
#2022=FILL_AREA_STYLE('',(#2099));
#2023=FILL_AREA_STYLE('',(#2100));
#2024=FILL_AREA_STYLE('',(#2101));
#2025=FILL_AREA_STYLE('',(#2102));
#2026=FILL_AREA_STYLE('',(#2103));
#2027=FILL_AREA_STYLE('',(#2104));
#2028=FILL_AREA_STYLE('',(#2105));
#2029=FILL_AREA_STYLE('',(#2106));
#2030=FILL_AREA_STYLE('',(#2107));
#2031=FILL_AREA_STYLE('',(#2108));
#2032=FILL_AREA_STYLE('',(#2109));
#2033=FILL_AREA_STYLE('',(#2110));
#2034=FILL_AREA_STYLE('',(#2111));
#2035=FILL_AREA_STYLE('',(#2112));
#2036=FILL_AREA_STYLE('',(#2113));
#2037=FILL_AREA_STYLE('',(#2114));
#2038=FILL_AREA_STYLE('',(#2115));
#2039=FILL_AREA_STYLE('',(#2116));
#2040=FILL_AREA_STYLE('',(#2117));
#2041=FILL_AREA_STYLE('',(#2118));
#2042=FILL_AREA_STYLE('',(#2119));
#2043=FILL_AREA_STYLE('',(#2120));
#2044=FILL_AREA_STYLE('',(#2121));
#2045=FILL_AREA_STYLE('',(#2122));
#2046=FILL_AREA_STYLE('',(#2123));
#2047=FILL_AREA_STYLE('',(#2124));
#2048=FILL_AREA_STYLE('',(#2125));
#2049=FILL_AREA_STYLE('',(#2126));
#2050=FILL_AREA_STYLE('',(#2127));
#2051=FILL_AREA_STYLE('',(#2128));
#2052=FILL_AREA_STYLE('',(#2129));
#2053=FILL_AREA_STYLE('',(#2130));
#2054=FILL_AREA_STYLE('',(#2131));
#2055=FILL_AREA_STYLE('',(#2132));
#2056=FILL_AREA_STYLE('',(#2133));
#2057=FILL_AREA_STYLE('',(#2134));
#2058=FILL_AREA_STYLE('',(#2135));
#2059=FILL_AREA_STYLE('',(#2136));
#2060=FILL_AREA_STYLE('',(#2137));
#2061=FILL_AREA_STYLE('',(#2138));
#2062=FILL_AREA_STYLE('',(#2139));
#2063=FILL_AREA_STYLE('',(#2140));
#2064=FILL_AREA_STYLE('',(#2141));
#2065=FILL_AREA_STYLE('',(#2142));
#2066=FILL_AREA_STYLE('',(#2143));
#2067=FILL_AREA_STYLE('',(#2144));
#2068=FILL_AREA_STYLE('',(#2145));
#2069=FILL_AREA_STYLE('',(#2146));
#2070=FILL_AREA_STYLE('',(#2147));
#2071=FILL_AREA_STYLE('',(#2148));
#2072=FILL_AREA_STYLE('',(#2149));
#2073=FILL_AREA_STYLE('',(#2150));
#2074=FILL_AREA_STYLE('',(#2151));
#2075=FILL_AREA_STYLE('',(#2152));
#2076=FILL_AREA_STYLE('',(#2153));
#2077=FILL_AREA_STYLE('',(#2154));
#2078=FILL_AREA_STYLE('',(#2155));
#2079=FILL_AREA_STYLE('',(#2156));
#2080=FILL_AREA_STYLE('',(#2157));
#2081=FILL_AREA_STYLE('',(#2158));
#2082=FILL_AREA_STYLE('',(#2159));
#2083=FILL_AREA_STYLE('',(#2160));
#2084=FILL_AREA_STYLE('',(#2161));
#2085=FILL_AREA_STYLE('',(#2162));
#2086=FILL_AREA_STYLE('',(#2163));
#2087=FILL_AREA_STYLE('',(#2164));
#2088=FILL_AREA_STYLE('',(#2165));
#2089=FILL_AREA_STYLE('',(#2166));
#2090=FILL_AREA_STYLE('',(#2167));
#2091=FILL_AREA_STYLE_COLOUR('',#2168);
#2092=FILL_AREA_STYLE_COLOUR('',#2169);
#2093=FILL_AREA_STYLE_COLOUR('',#2169);
#2094=FILL_AREA_STYLE_COLOUR('',#2169);
#2095=FILL_AREA_STYLE_COLOUR('',#2169);
#2096=FILL_AREA_STYLE_COLOUR('',#2169);
#2097=FILL_AREA_STYLE_COLOUR('',#2169);
#2098=FILL_AREA_STYLE_COLOUR('',#2169);
#2099=FILL_AREA_STYLE_COLOUR('',#2169);
#2100=FILL_AREA_STYLE_COLOUR('',#2169);
#2101=FILL_AREA_STYLE_COLOUR('',#2169);
#2102=FILL_AREA_STYLE_COLOUR('',#2169);
#2103=FILL_AREA_STYLE_COLOUR('',#2169);
#2104=FILL_AREA_STYLE_COLOUR('',#2169);
#2105=FILL_AREA_STYLE_COLOUR('',#2169);
#2106=FILL_AREA_STYLE_COLOUR('',#2169);
#2107=FILL_AREA_STYLE_COLOUR('',#2169);
#2108=FILL_AREA_STYLE_COLOUR('',#2169);
#2109=FILL_AREA_STYLE_COLOUR('',#2169);
#2110=FILL_AREA_STYLE_COLOUR('',#2169);
#2111=FILL_AREA_STYLE_COLOUR('',#2169);
#2112=FILL_AREA_STYLE_COLOUR('',#2169);
#2113=FILL_AREA_STYLE_COLOUR('',#2169);
#2114=FILL_AREA_STYLE_COLOUR('',#2169);
#2115=FILL_AREA_STYLE_COLOUR('',#2169);
#2116=FILL_AREA_STYLE_COLOUR('',#2169);
#2117=FILL_AREA_STYLE_COLOUR('',#2169);
#2118=FILL_AREA_STYLE_COLOUR('',#2169);
#2119=FILL_AREA_STYLE_COLOUR('',#2169);
#2120=FILL_AREA_STYLE_COLOUR('',#2169);
#2121=FILL_AREA_STYLE_COLOUR('',#2169);
#2122=FILL_AREA_STYLE_COLOUR('',#2169);
#2123=FILL_AREA_STYLE_COLOUR('',#2169);
#2124=FILL_AREA_STYLE_COLOUR('',#2169);
#2125=FILL_AREA_STYLE_COLOUR('',#2169);
#2126=FILL_AREA_STYLE_COLOUR('',#2169);
#2127=FILL_AREA_STYLE_COLOUR('',#2169);
#2128=FILL_AREA_STYLE_COLOUR('',#2169);
#2129=FILL_AREA_STYLE_COLOUR('',#2169);
#2130=FILL_AREA_STYLE_COLOUR('',#2169);
#2131=FILL_AREA_STYLE_COLOUR('',#2169);
#2132=FILL_AREA_STYLE_COLOUR('',#2169);
#2133=FILL_AREA_STYLE_COLOUR('',#2169);
#2134=FILL_AREA_STYLE_COLOUR('',#2169);
#2135=FILL_AREA_STYLE_COLOUR('',#2169);
#2136=FILL_AREA_STYLE_COLOUR('',#2169);
#2137=FILL_AREA_STYLE_COLOUR('',#2169);
#2138=FILL_AREA_STYLE_COLOUR('',#2169);
#2139=FILL_AREA_STYLE_COLOUR('',#2169);
#2140=FILL_AREA_STYLE_COLOUR('',#2169);
#2141=FILL_AREA_STYLE_COLOUR('',#2169);
#2142=FILL_AREA_STYLE_COLOUR('',#2169);
#2143=FILL_AREA_STYLE_COLOUR('',#2169);
#2144=FILL_AREA_STYLE_COLOUR('',#2169);
#2145=FILL_AREA_STYLE_COLOUR('',#2169);
#2146=FILL_AREA_STYLE_COLOUR('',#2169);
#2147=FILL_AREA_STYLE_COLOUR('',#2169);
#2148=FILL_AREA_STYLE_COLOUR('',#2169);
#2149=FILL_AREA_STYLE_COLOUR('',#2169);
#2150=FILL_AREA_STYLE_COLOUR('',#2169);
#2151=FILL_AREA_STYLE_COLOUR('',#2169);
#2152=FILL_AREA_STYLE_COLOUR('',#2169);
#2153=FILL_AREA_STYLE_COLOUR('',#2169);
#2154=FILL_AREA_STYLE_COLOUR('',#2169);
#2155=FILL_AREA_STYLE_COLOUR('',#2169);
#2156=FILL_AREA_STYLE_COLOUR('',#2169);
#2157=FILL_AREA_STYLE_COLOUR('',#2169);
#2158=FILL_AREA_STYLE_COLOUR('',#2169);
#2159=FILL_AREA_STYLE_COLOUR('',#2169);
#2160=FILL_AREA_STYLE_COLOUR('',#2169);
#2161=FILL_AREA_STYLE_COLOUR('',#2169);
#2162=FILL_AREA_STYLE_COLOUR('',#2169);
#2163=FILL_AREA_STYLE_COLOUR('',#2169);
#2164=FILL_AREA_STYLE_COLOUR('',#2169);
#2165=FILL_AREA_STYLE_COLOUR('',#2169);
#2166=FILL_AREA_STYLE_COLOUR('',#2169);
#2167=FILL_AREA_STYLE_COLOUR('',#2169);
#2168=COLOUR_RGB('',0.749019607843137,0.749019607843137,0.749019607843137);
#2169=COLOUR_RGB('',1.,0.501960784313726,0.501960784313726);
#2170=MANIFOLD_SOLID_BREP('electronics_frame_split_1',#1704);
#2171=SHAPE_DEFINITION_REPRESENTATION(#3277,#2172);
#2172=SHAPE_REPRESENTATION('electronics_frame_split_1',(#2173),#3272);
#2173=AXIS2_PLACEMENT_3D('',#2785,#2322,#2323);
#2174=AXIS2_PLACEMENT_3D('',#2786,#2324,#2325);
#2175=AXIS2_PLACEMENT_3D('',#2787,#2326,#2327);
#2176=AXIS2_PLACEMENT_3D('',#2825,#2346,#2347);
#2177=AXIS2_PLACEMENT_3D('',#2830,#2350,#2351);
#2178=AXIS2_PLACEMENT_3D('',#2836,#2354,#2355);
#2179=AXIS2_PLACEMENT_3D('',#2840,#2357,#2358);
#2180=AXIS2_PLACEMENT_3D('',#2854,#2365,#2366);
#2181=AXIS2_PLACEMENT_3D('',#2859,#2369,#2370);
#2182=AXIS2_PLACEMENT_3D('',#2867,#2374,#2375);
#2183=AXIS2_PLACEMENT_3D('',#2879,#2382,#2383);
#2184=AXIS2_PLACEMENT_3D('',#2880,#2384,#2385);
#2185=AXIS2_PLACEMENT_3D('',#2892,#2392,#2393);
#2186=AXIS2_PLACEMENT_3D('',#2893,#2394,#2395);
#2187=AXIS2_PLACEMENT_3D('',#2897,#2397,#2398);
#2188=AXIS2_PLACEMENT_3D('',#2898,#2399,#2400);
#2189=AXIS2_PLACEMENT_3D('',#2921,#2413,#2414);
#2190=AXIS2_PLACEMENT_3D('',#2923,#2415,#2416);
#2191=AXIS2_PLACEMENT_3D('',#2929,#2420,#2421);
#2192=AXIS2_PLACEMENT_3D('',#2931,#2423,#2424);
#2193=AXIS2_PLACEMENT_3D('',#2933,#2426,#2427);
#2194=AXIS2_PLACEMENT_3D('',#2936,#2429,#2430);
#2195=AXIS2_PLACEMENT_3D('',#2937,#2431,#2432);
#2196=AXIS2_PLACEMENT_3D('',#2943,#2436,#2437);
#2197=AXIS2_PLACEMENT_3D('',#2944,#2438,#2439);
#2198=AXIS2_PLACEMENT_3D('',#2946,#2440,#2441);
#2199=AXIS2_PLACEMENT_3D('',#2949,#2443,#2444);
#2200=AXIS2_PLACEMENT_3D('',#2955,#2448,#2449);
#2201=AXIS2_PLACEMENT_3D('',#2956,#2450,#2451);
#2202=AXIS2_PLACEMENT_3D('',#2958,#2452,#2453);
#2203=AXIS2_PLACEMENT_3D('',#2961,#2455,#2456);
#2204=AXIS2_PLACEMENT_3D('',#2968,#2461,#2462);
#2205=AXIS2_PLACEMENT_3D('',#2972,#2464,#2465);
#2206=AXIS2_PLACEMENT_3D('',#2974,#2467,#2468);
#2207=AXIS2_PLACEMENT_3D('',#2984,#2474,#2475);
#2208=AXIS2_PLACEMENT_3D('',#2987,#2477,#2478);
#2209=AXIS2_PLACEMENT_3D('',#2989,#2479,#2480);
#2210=AXIS2_PLACEMENT_3D('',#2992,#2482,#2483);
#2211=AXIS2_PLACEMENT_3D('',#3013,#2484,#2485);
#2212=AXIS2_PLACEMENT_3D('',#3015,#2486,#2487);
#2213=AXIS2_PLACEMENT_3D('',#3016,#2488,#2489);
#2214=AXIS2_PLACEMENT_3D('',#3018,#2490,#2491);
#2215=AXIS2_PLACEMENT_3D('',#3022,#2494,#2495);
#2216=AXIS2_PLACEMENT_3D('',#3023,#2496,#2497);
#2217=AXIS2_PLACEMENT_3D('',#3027,#2499,#2500);
#2218=AXIS2_PLACEMENT_3D('',#3028,#2501,#2502);
#2219=AXIS2_PLACEMENT_3D('',#3036,#2507,#2508);
#2220=AXIS2_PLACEMENT_3D('',#3040,#2511,#2512);
#2221=AXIS2_PLACEMENT_3D('',#3043,#2514,#2515);
#2222=AXIS2_PLACEMENT_3D('',#3044,#2516,#2517);
#2223=AXIS2_PLACEMENT_3D('',#3050,#2521,#2522);
#2224=AXIS2_PLACEMENT_3D('',#3051,#2523,#2524);
#2225=AXIS2_PLACEMENT_3D('',#3054,#2526,#2527);
#2226=AXIS2_PLACEMENT_3D('',#3055,#2528,#2529);
#2227=AXIS2_PLACEMENT_3D('',#3056,#2530,#2531);
#2228=AXIS2_PLACEMENT_3D('',#3062,#2534,#2535);
#2229=AXIS2_PLACEMENT_3D('',#3067,#2538,#2539);
#2230=AXIS2_PLACEMENT_3D('',#3071,#2542,#2543);
#2231=AXIS2_PLACEMENT_3D('',#3072,#2544,#2545);
#2232=AXIS2_PLACEMENT_3D('',#3076,#2547,#2548);
#2233=AXIS2_PLACEMENT_3D('',#3080,#2550,#2551);
#2234=AXIS2_PLACEMENT_3D('',#3085,#2554,#2555);
#2235=AXIS2_PLACEMENT_3D('',#3089,#2558,#2559);
#2236=AXIS2_PLACEMENT_3D('',#3100,#2565,#2566);
#2237=AXIS2_PLACEMENT_3D('',#3101,#2567,#2568);
#2238=AXIS2_PLACEMENT_3D('',#3105,#2571,#2572);
#2239=AXIS2_PLACEMENT_3D('',#3106,#2573,#2574);
#2240=AXIS2_PLACEMENT_3D('',#3108,#2575,#2576);
#2241=AXIS2_PLACEMENT_3D('',#3111,#2578,#2579);
#2242=AXIS2_PLACEMENT_3D('',#3115,#2582,#2583);
#2243=AXIS2_PLACEMENT_3D('',#3116,#2584,#2585);
#2244=AXIS2_PLACEMENT_3D('',#3118,#2586,#2587);
#2245=AXIS2_PLACEMENT_3D('',#3124,#2590,#2591);
#2246=AXIS2_PLACEMENT_3D('',#3125,#2592,#2593);
#2247=AXIS2_PLACEMENT_3D('',#3127,#2595,#2596);
#2248=AXIS2_PLACEMENT_3D('',#3128,#2597,#2598);
#2249=AXIS2_PLACEMENT_3D('',#3130,#2600,#2601);
#2250=AXIS2_PLACEMENT_3D('',#3131,#2602,#2603);
#2251=AXIS2_PLACEMENT_3D('',#3133,#2604,#2605);
#2252=AXIS2_PLACEMENT_3D('',#3137,#2608,#2609);
#2253=AXIS2_PLACEMENT_3D('',#3139,#2611,#2612);
#2254=AXIS2_PLACEMENT_3D('',#3140,#2613,#2614);
#2255=AXIS2_PLACEMENT_3D('',#3142,#2616,#2617);
#2256=AXIS2_PLACEMENT_3D('',#3144,#2619,#2620);
#2257=AXIS2_PLACEMENT_3D('',#3150,#2624,#2625);
#2258=AXIS2_PLACEMENT_3D('',#3151,#2626,#2627);
#2259=AXIS2_PLACEMENT_3D('',#3153,#2628,#2629);
#2260=AXIS2_PLACEMENT_3D('',#3156,#2631,#2632);
#2261=AXIS2_PLACEMENT_3D('',#3162,#2636,#2637);
#2262=AXIS2_PLACEMENT_3D('',#3165,#2639,#2640);
#2263=AXIS2_PLACEMENT_3D('',#3166,#2641,#2642);
#2264=AXIS2_PLACEMENT_3D('',#3167,#2643,#2644);
#2265=AXIS2_PLACEMENT_3D('',#3169,#2646,#2647);
#2266=AXIS2_PLACEMENT_3D('',#3170,#2648,#2649);
#2267=AXIS2_PLACEMENT_3D('',#3172,#2650,#2651);
#2268=AXIS2_PLACEMENT_3D('',#3174,#2652,#2653);
#2269=AXIS2_PLACEMENT_3D('',#3175,#2654,#2655);
#2270=AXIS2_PLACEMENT_3D('',#3176,#2656,#2657);
#2271=AXIS2_PLACEMENT_3D('',#3177,#2658,#2659);
#2272=AXIS2_PLACEMENT_3D('',#3178,#2660,#2661);
#2273=AXIS2_PLACEMENT_3D('',#3182,#2663,#2664);
#2274=AXIS2_PLACEMENT_3D('',#3186,#2666,#2667);
#2275=AXIS2_PLACEMENT_3D('',#3187,#2668,#2669);
#2276=AXIS2_PLACEMENT_3D('',#3188,#2670,#2671);
#2277=AXIS2_PLACEMENT_3D('',#3189,#2672,#2673);
#2278=AXIS2_PLACEMENT_3D('',#3191,#2674,#2675);
#2279=AXIS2_PLACEMENT_3D('',#3192,#2676,#2677);
#2280=AXIS2_PLACEMENT_3D('',#3193,#2678,#2679);
#2281=AXIS2_PLACEMENT_3D('',#3194,#2680,#2681);
#2282=AXIS2_PLACEMENT_3D('',#3196,#2682,#2683);
#2283=AXIS2_PLACEMENT_3D('',#3199,#2686,#2687);
#2284=AXIS2_PLACEMENT_3D('',#3201,#2689,#2690);
#2285=AXIS2_PLACEMENT_3D('',#3202,#2691,#2692);
#2286=AXIS2_PLACEMENT_3D('',#3203,#2693,#2694);
#2287=AXIS2_PLACEMENT_3D('',#3205,#2695,#2696);
#2288=AXIS2_PLACEMENT_3D('',#3206,#2697,#2698);
#2289=AXIS2_PLACEMENT_3D('',#3209,#2700,#2701);
#2290=AXIS2_PLACEMENT_3D('',#3212,#2703,#2704);
#2291=AXIS2_PLACEMENT_3D('',#3215,#2706,#2707);
#2292=AXIS2_PLACEMENT_3D('',#3216,#2708,#2709);
#2293=AXIS2_PLACEMENT_3D('',#3218,#2711,#2712);
#2294=AXIS2_PLACEMENT_3D('',#3219,#2713,#2714);
#2295=AXIS2_PLACEMENT_3D('',#3220,#2715,#2716);
#2296=AXIS2_PLACEMENT_3D('',#3222,#2718,#2719);
#2297=AXIS2_PLACEMENT_3D('',#3223,#2720,#2721);
#2298=AXIS2_PLACEMENT_3D('',#3224,#2722,#2723);
#2299=AXIS2_PLACEMENT_3D('',#3228,#2726,#2727);
#2300=AXIS2_PLACEMENT_3D('',#3232,#2730,#2731);
#2301=AXIS2_PLACEMENT_3D('',#3234,#2733,#2734);
#2302=AXIS2_PLACEMENT_3D('',#3235,#2735,#2736);
#2303=AXIS2_PLACEMENT_3D('',#3236,#2737,#2738);
#2304=AXIS2_PLACEMENT_3D('',#3237,#2739,#2740);
#2305=AXIS2_PLACEMENT_3D('',#3244,#2744,#2745);
#2306=AXIS2_PLACEMENT_3D('',#3248,#2747,#2748);
#2307=AXIS2_PLACEMENT_3D('',#3252,#2751,#2752);
#2308=AXIS2_PLACEMENT_3D('',#3253,#2753,#2754);
#2309=AXIS2_PLACEMENT_3D('',#3254,#2755,#2756);
#2310=AXIS2_PLACEMENT_3D('',#3255,#2757,#2758);
#2311=AXIS2_PLACEMENT_3D('',#3256,#2759,#2760);
#2312=AXIS2_PLACEMENT_3D('',#3257,#2761,#2762);
#2313=AXIS2_PLACEMENT_3D('',#3258,#2763,#2764);
#2314=AXIS2_PLACEMENT_3D('',#3259,#2765,#2766);
#2315=AXIS2_PLACEMENT_3D('',#3260,#2767,#2768);
#2316=AXIS2_PLACEMENT_3D('',#3261,#2769,#2770);
#2317=AXIS2_PLACEMENT_3D('',#3263,#2772,#2773);
#2318=AXIS2_PLACEMENT_3D('',#3265,#2775,#2776);
#2319=AXIS2_PLACEMENT_3D('',#3266,#2777,#2778);
#2320=AXIS2_PLACEMENT_3D('',#3268,#2780,#2781);
#2321=AXIS2_PLACEMENT_3D('',#3270,#2783,#2784);
#2322=DIRECTION('',(0.,0.,1.));
#2323=DIRECTION('',(1.,0.,0.));
#2324=DIRECTION('',(0.,0.,1.));
#2325=DIRECTION('',(-1.,0.,0.));
#2326=DIRECTION('',(2.65915313315886E-16,2.36962218074613E-31,1.));
#2327=DIRECTION('',(-1.,0.,0.));
#2328=DIRECTION('',(-1.,0.,0.));
#2329=DIRECTION('',(0.,-1.,0.));
#2330=DIRECTION('',(-1.,0.,2.65915313315886E-16));
#2331=DIRECTION('',(-6.66133814775094E-16,-1.,-5.26004541629525E-16));
#2332=DIRECTION('',(1.,-8.88178419700122E-16,-3.55808091073868E-15));
#2333=DIRECTION('',(0.,1.,0.));
#2334=DIRECTION('',(-1.,0.,2.65915313315886E-16));
#2335=DIRECTION('',(0.,-1.,0.));
#2336=DIRECTION('',(1.,1.07321559047099E-15,-2.65915313315886E-16));
#2337=DIRECTION('',(0.,-1.,0.));
#2338=DIRECTION('',(1.,3.70074341541719E-17,-3.46166542531739E-16));
#2339=DIRECTION('',(0.,-1.,0.));
#2340=DIRECTION('',(1.,0.,0.));
#2341=DIRECTION('',(0.,1.,-2.36962218074613E-31));
#2342=DIRECTION('',(1.,0.,-2.65915313315886E-16));
#2343=DIRECTION('',(0.,1.,-2.36962218074613E-31));
#2344=DIRECTION('',(-1.,0.,2.65915313315886E-16));
#2345=DIRECTION('',(0.,1.,0.));
#2346=DIRECTION('',(0.,1.,0.));
#2347=DIRECTION('',(0.,0.,1.));
#2348=DIRECTION('',(1.,0.,-2.63815372188156E-16));
#2349=DIRECTION('',(0.,0.,1.));
#2350=DIRECTION('',(0.,-1.,0.));
#2351=DIRECTION('',(-1.,0.,0.));
#2352=DIRECTION('',(0.483872748798184,0.,0.875138367899894));
#2353=DIRECTION('',(-1.,0.,0.));
#2354=DIRECTION('',(0.,-1.,0.));
#2355=DIRECTION('',(-1.,0.,0.));
#2356=DIRECTION('',(1.,0.,0.));
#2357=DIRECTION('',(0.,-1.,0.));
#2358=DIRECTION('',(0.866025403784437,0.,-0.5));
#2359=DIRECTION('',(3.33066907387547E-15,0.,1.));
#2360=DIRECTION('',(1.,0.,2.08166817117217E-15));
#2361=DIRECTION('',(-3.96508223080413E-15,0.,-1.));
#2362=DIRECTION('',(1.,-4.98043973663619E-16,-3.55808091073868E-15));
#2363=DIRECTION('',(5.39691748081593E-16,0.,-1.));
#2364=DIRECTION('',(1.,0.,0.));
#2365=DIRECTION('',(0.,1.,0.));
#2366=DIRECTION('',(1.,0.,0.));
#2367=DIRECTION('',(-1.,0.,0.));
#2368=DIRECTION('',(0.,0.,1.));
#2369=DIRECTION('',(0.,-1.,0.));
#2370=DIRECTION('',(0.,0.,-1.));
#2371=DIRECTION('',(-1.,0.,0.));
#2372=DIRECTION('',(0.,0.,1.));
#2373=DIRECTION('',(-1.,0.,2.65915313315886E-16));
#2374=DIRECTION('',(0.,-1.,0.));
#2375=DIRECTION('',(-0.707106781186548,0.,-0.707106781186548));
#2376=DIRECTION('',(1.,0.,5.15460690004528E-17));
#2377=DIRECTION('',(-3.96508223080413E-15,0.,-1.));
#2378=DIRECTION('',(-1.,1.33761810195802E-15,3.55808091073868E-15));
#2379=DIRECTION('',(-3.96508223080413E-15,0.,-1.));
#2380=DIRECTION('',(-3.33066907387547E-15,-2.9582283945788E-30,-1.));
#2381=DIRECTION('',(0.,0.,1.));
#2382=DIRECTION('',(1.,0.,0.));
#2383=DIRECTION('',(0.,1.,5.26004541629521E-16));
#2384=DIRECTION('',(1.,-1.99840144432528E-15,-3.33066907387547E-15));
#2385=DIRECTION('',(0.,0.707106781186548,0.707106781186548));
#2386=DIRECTION('',(-1.99840144432528E-15,-1.,0.));
#2387=DIRECTION('',(3.33066907387547E-15,0.,1.));
#2388=DIRECTION('',(0.,0.,1.));
#2389=DIRECTION('',(-2.15315980533364E-15,-1.,-5.2600454162952E-16));
#2390=DIRECTION('',(0.,1.,0.));
#2391=DIRECTION('',(-3.33066907387547E-15,0.,-1.));
#2392=DIRECTION('',(0.,-1.,0.));
#2393=DIRECTION('',(0.707106781186548,0.,-0.707106781186548));
#2394=DIRECTION('',(0.,-1.,0.));
#2395=DIRECTION('',(0.,0.,-1.));
#2396=DIRECTION('',(0.,-1.,0.));
#2397=DIRECTION('',(0.,-1.,0.));
#2398=DIRECTION('',(0.707106781186548,0.,-0.707106781186548));
#2399=DIRECTION('',(0.,0.,1.));
#2400=DIRECTION('',(-1.,0.,0.));
#2401=DIRECTION('',(0.,-1.,0.));
#2402=DIRECTION('',(0.,-1.,0.));
#2403=DIRECTION('',(-1.,0.,2.65915313315886E-16));
#2404=DIRECTION('',(4.04739862265666E-47,-1.,2.36962218074613E-31));
#2405=DIRECTION('',(1.,0.,-2.65915313315886E-16));
#2406=DIRECTION('',(-1.2375035568174E-16,1.,0.));
#2407=DIRECTION('',(1.,3.70074341541719E-17,-2.65915313315886E-16));
#2408=DIRECTION('',(0.,-1.,0.));
#2409=DIRECTION('',(1.,3.70074341541719E-17,-3.75660321008813E-15));
#2410=DIRECTION('',(0.,-1.,0.));
#2411=DIRECTION('',(1.,3.70074341541719E-17,-2.65915313315886E-16));
#2412=DIRECTION('',(0.,1.,0.));
#2413=DIRECTION('',(2.65915313315886E-16,2.36962218074613E-31,1.));
#2414=DIRECTION('',(-1.,0.,0.));
#2415=DIRECTION('',(0.,-1.,0.));
#2416=DIRECTION('',(0.,0.,-1.));
#2417=DIRECTION('',(3.33066907387547E-15,0.,1.));
#2418=DIRECTION('',(-1.,-3.22973970800045E-15,3.55808091073868E-15));
#2419=DIRECTION('',(-1.,-3.22973970800045E-15,3.55808091073868E-15));
#2420=DIRECTION('',(0.,0.,-1.));
#2421=DIRECTION('',(-1.,0.,0.));
#2422=DIRECTION('',(0.,1.,5.26004541629528E-16));
#2423=DIRECTION('',(3.55808091073868E-15,-5.26004541629528E-16,1.));
#2424=DIRECTION('',(-1.,-3.70074341541719E-16,4.44089209850062E-15));
#2425=DIRECTION('',(2.04964250700029E-15,1.,5.2600454162952E-16));
#2426=DIRECTION('',(0.,1.,0.));
#2427=DIRECTION('',(0.866025403784437,0.,-0.5));
#2428=DIRECTION('',(0.,1.,0.));
#2429=DIRECTION('',(0.,1.,0.));
#2430=DIRECTION('',(0.866025403784437,0.,-0.5));
#2431=DIRECTION('',(0.,1.,0.));
#2432=DIRECTION('',(-1.,0.,0.));
#2433=DIRECTION('',(1.,0.,0.));
#2434=DIRECTION('',(-1.,0.,0.));
#2435=DIRECTION('',(0.,0.,-1.));
#2436=DIRECTION('',(0.,0.,1.));
#2437=DIRECTION('',(0.707106781186549,-0.707106781186546,0.));
#2438=DIRECTION('',(0.,0.,1.));
#2439=DIRECTION('',(0.707106781186549,-0.707106781186546,0.));
#2440=DIRECTION('',(0.,0.,1.));
#2441=DIRECTION('',(0.707106781186549,-0.707106781186546,0.));
#2442=DIRECTION('',(0.,0.,1.));
#2443=DIRECTION('',(-1.,0.,0.));
#2444=DIRECTION('',(0.,-1.,0.));
#2445=DIRECTION('',(4.86673106685E-16,1.,0.));
#2446=DIRECTION('',(-4.86673106685E-16,-1.,0.));
#2447=DIRECTION('',(0.,0.,-1.));
#2448=DIRECTION('',(0.,0.,-1.));
#2449=DIRECTION('',(0.707106781186546,0.707106781186549,0.));
#2450=DIRECTION('',(0.,0.,1.));
#2451=DIRECTION('',(0.707106781186548,0.707106781186548,0.));
#2452=DIRECTION('',(0.,0.,1.));
#2453=DIRECTION('',(0.707106781186546,0.707106781186549,0.));
#2454=DIRECTION('',(0.,0.,1.));
#2455=DIRECTION('',(0.,-1.,0.));
#2456=DIRECTION('',(1.,0.,0.));
#2457=DIRECTION('',(-1.,0.,0.));
#2458=DIRECTION('',(-1.,0.,1.67580833905684E-16));
#2459=DIRECTION('',(0.,0.,1.));
#2460=DIRECTION('',(0.,0.,1.));
#2461=DIRECTION('',(-1.,0.,0.));
#2462=DIRECTION('',(0.,0.,1.));
#2463=DIRECTION('',(0.,-1.,0.));
#2464=DIRECTION('',(-1.,0.,0.));
#2465=DIRECTION('',(0.,-0.707106781186548,0.707106781186548));
#2466=DIRECTION('',(0.,0.,-1.));
#2467=DIRECTION('',(0.,0.,1.));
#2468=DIRECTION('',(1.,0.,0.));
#2469=DIRECTION('',(0.,-1.,0.));
#2470=DIRECTION('',(-1.,-3.70074341541719E-17,0.));
#2471=DIRECTION('',(1.,0.,0.));
#2472=DIRECTION('',(0.,1.,0.));
#2473=DIRECTION('',(-1.,0.,0.));
#2474=DIRECTION('',(-3.70074341541719E-17,1.,0.));
#2475=DIRECTION('',(-1.,-3.70074341541719E-17,-1.46998609551795E-30));
#2476=DIRECTION('',(0.,0.,-1.));
#2477=DIRECTION('',(0.,1.,0.));
#2478=DIRECTION('',(1.,0.,0.));
#2479=DIRECTION('',(1.07321559047099E-15,-1.,0.));
#2480=DIRECTION('',(1.,0.,0.));
#2481=DIRECTION('',(3.96508223080414E-16,4.25538806759847E-31,1.));
#2482=DIRECTION('',(0.,0.,-1.));
#2483=DIRECTION('',(-1.,0.,0.));
#2484=DIRECTION('',(4.44089209850062E-15,0.,1.));
#2485=DIRECTION('',(1.,3.70074341541719E-16,-4.44089209850062E-15));
#2486=DIRECTION('',(0.,0.,-1.));
#2487=DIRECTION('',(-1.,0.,0.));
#2488=DIRECTION('',(4.44089209850062E-15,0.,1.));
#2489=DIRECTION('',(1.,3.70074341541719E-16,-4.44089209850062E-15));
#2490=DIRECTION('',(1.,0.,0.));
#2491=DIRECTION('',(0.,1.46737519572361E-32,1.));
#2492=DIRECTION('',(0.,1.,0.));
#2493=DIRECTION('',(-3.96508223080414E-16,-1.46737519572361E-32,-1.));
#2494=DIRECTION('',(-3.70074341541719E-17,1.,0.));
#2495=DIRECTION('',(0.,0.,1.));
#2496=DIRECTION('',(3.70074341541719E-17,-1.,0.));
#2497=DIRECTION('',(-1.,-3.70074341541719E-17,0.));
#2498=DIRECTION('',(8.70720259448067E-15,3.22231226682278E-31,1.));
#2499=DIRECTION('',(-3.70074341541719E-17,1.,0.));
#2500=DIRECTION('',(1.,3.70074341541719E-17,0.));
#2501=DIRECTION('',(-1.,0.,0.));
#2502=DIRECTION('',(0.,0.,-1.));
#2503=DIRECTION('',(3.01129516342047E-15,0.,1.));
#2504=DIRECTION('',(0.,-1.,0.));
#2505=DIRECTION('',(0.,0.,-1.));
#2506=DIRECTION('',(0.,1.,0.));
#2507=DIRECTION('',(1.,0.,0.));
#2508=DIRECTION('',(0.,0.,1.));
#2509=DIRECTION('',(0.,-1.,0.));
#2510=DIRECTION('',(0.,0.,-1.));
#2511=DIRECTION('',(0.,1.,0.));
#2512=DIRECTION('',(0.,0.,1.));
#2513=DIRECTION('',(-1.,0.,1.61486985400023E-16));
#2514=DIRECTION('',(0.,-1.,0.));
#2515=DIRECTION('',(-1.,0.,0.));
#2516=DIRECTION('',(0.,-1.,0.));
#2517=DIRECTION('',(-1.,0.,0.));
#2518=DIRECTION('',(0.,1.,0.));
#2519=DIRECTION('',(0.,1.,0.));
#2520=DIRECTION('',(0.,1.,0.));
#2521=DIRECTION('',(0.,1.,0.));
#2522=DIRECTION('',(-1.,0.,0.));
#2523=DIRECTION('',(0.,-1.,0.));
#2524=DIRECTION('',(-1.,0.,0.));
#2525=DIRECTION('',(0.,-1.,0.));
#2526=DIRECTION('',(0.,1.,0.));
#2527=DIRECTION('',(1.,0.,0.));
#2528=DIRECTION('',(0.,1.,0.));
#2529=DIRECTION('',(0.,0.,1.));
#2530=DIRECTION('',(0.,1.,0.));
#2531=DIRECTION('',(1.,0.,0.));
#2532=DIRECTION('',(-1.,0.,0.));
#2533=DIRECTION('',(-1.11022302462516E-15,0.,-1.));
#2534=DIRECTION('',(0.,1.,0.));
#2535=DIRECTION('',(-0.707106781186548,0.,-0.707106781186548));
#2536=DIRECTION('',(-1.,0.,1.61486985400023E-16));
#2537=DIRECTION('',(1.70803542250024E-16,0.,1.));
#2538=DIRECTION('',(-1.,0.,0.));
#2539=DIRECTION('',(0.,0.,-1.));
#2540=DIRECTION('',(0.,1.,0.));
#2541=DIRECTION('',(0.,0.,-1.));
#2542=DIRECTION('',(0.,-1.,0.));
#2543=DIRECTION('',(1.,0.,0.));
#2544=DIRECTION('',(0.,-1.,0.));
#2545=DIRECTION('',(1.,0.,0.));
#2546=DIRECTION('',(-1.,0.,1.61486985400023E-16));
#2547=DIRECTION('',(0.,-1.,0.));
#2548=DIRECTION('',(-0.707106781186548,0.,-0.707106781186548));
#2549=DIRECTION('',(-1.11022302462516E-15,0.,-1.));
#2550=DIRECTION('',(0.,-1.,0.));
#2551=DIRECTION('',(-1.,0.,0.));
#2552=DIRECTION('',(-1.,6.16790569236211E-17,4.44089209850062E-15));
#2553=DIRECTION('',(4.44089209850062E-15,0.,1.));
#2554=DIRECTION('',(1.,0.,0.));
#2555=DIRECTION('',(0.,1.,-9.12258256649267E-30));
#2556=DIRECTION('',(-1.12143739861127E-16,-1.,4.98018248245586E-31));
#2557=DIRECTION('',(0.,0.,1.));
#2558=DIRECTION('',(-3.70074341541719E-17,1.,0.));
#2559=DIRECTION('',(-1.,-3.70074341541719E-17,-1.46998609551795E-30));
#2560=DIRECTION('',(-2.11471052309557E-15,-7.82600104385938E-32,1.));
#2561=DIRECTION('',(1.,4.93432455388957E-16,-4.44089209850062E-15));
#2562=DIRECTION('',(-4.44089209850063E-15,0.,-1.));
#2563=DIRECTION('',(1.,3.70074341541719E-16,-4.44089209850062E-15));
#2564=DIRECTION('',(-4.44089209850063E-15,0.,-1.));
#2565=DIRECTION('',(3.70074341541719E-17,-1.,0.));
#2566=DIRECTION('',(1.,0.,0.));
#2567=DIRECTION('',(1.,0.,0.));
#2568=DIRECTION('',(0.,-7.82600104385938E-32,1.));
#2569=DIRECTION('',(0.,1.,0.));
#2570=DIRECTION('',(2.11471052309557E-15,7.82600104385938E-32,-1.));
#2571=DIRECTION('',(-3.70074341541719E-17,1.,0.));
#2572=DIRECTION('',(0.,0.,1.));
#2573=DIRECTION('',(3.70074341541719E-17,-1.,0.));
#2574=DIRECTION('',(-1.,-3.70074341541719E-17,0.));
#2575=DIRECTION('',(-3.70074341541719E-17,1.,0.));
#2576=DIRECTION('',(1.,3.70074341541719E-17,0.));
#2577=DIRECTION('',(4.22942104619111E-15,1.56520020877186E-31,1.));
#2578=DIRECTION('',(-1.,0.,0.));
#2579=DIRECTION('',(0.,-1.56520020877186E-31,-1.));
#2580=DIRECTION('',(-4.22942104619111E-15,-1.56520020877186E-31,-1.));
#2581=DIRECTION('',(0.,1.,0.));
#2582=DIRECTION('',(-3.70074341541719E-17,1.,0.));
#2583=DIRECTION('',(-1.,-3.70074341541719E-17,-1.46998609551795E-30));
#2584=DIRECTION('',(3.70074341541719E-17,-1.,0.));
#2585=DIRECTION('',(1.,0.,0.));
#2586=DIRECTION('',(0.,-1.,0.));
#2587=DIRECTION('',(-0.707106781186548,0.,-0.707106781186547));
#2588=DIRECTION('',(-2.22044604925032E-15,0.,1.));
#2589=DIRECTION('',(1.,0.,0.));
#2590=DIRECTION('',(0.,1.,0.));
#2591=DIRECTION('',(-0.707106781186548,0.,-0.707106781186548));
#2592=DIRECTION('',(0.,1.,0.));
#2593=DIRECTION('',(-0.707106781186548,0.,-0.707106781186548));
#2594=DIRECTION('',(0.,1.,0.));
#2595=DIRECTION('',(-1.,0.,0.));
#2596=DIRECTION('',(0.,-1.,-5.26004541629525E-16));
#2597=DIRECTION('',(-1.,0.,0.));
#2598=DIRECTION('',(0.,-1.,-5.26004541629525E-16));
#2599=DIRECTION('',(0.,-1.,-5.26004541629528E-16));
#2600=DIRECTION('',(0.,0.,-1.));
#2601=DIRECTION('',(-1.,-3.70074341541719E-16,0.));
#2602=DIRECTION('',(-4.44089209850062E-15,0.,-1.));
#2603=DIRECTION('',(-1.,-3.70074341541719E-16,4.44089209850062E-15));
#2604=DIRECTION('',(0.875138367899894,0.,-0.483872748798184));
#2605=DIRECTION('',(-0.483872748798184,0.,-0.875138367899894));
#2606=DIRECTION('',(0.483872748798184,0.,0.875138367899894));
#2607=DIRECTION('',(0.,-1.,0.));
#2608=DIRECTION('',(0.,0.,1.));
#2609=DIRECTION('',(-1.,0.,0.));
#2610=DIRECTION('',(-1.,0.,0.));
#2611=DIRECTION('',(0.,0.,1.));
#2612=DIRECTION('',(1.,0.,0.));
#2613=DIRECTION('',(0.,0.,-1.));
#2614=DIRECTION('',(-1.,0.,0.));
#2615=DIRECTION('',(0.,1.,5.26004541629528E-16));
#2616=DIRECTION('',(1.,0.,0.));
#2617=DIRECTION('',(0.,0.,-1.));
#2618=DIRECTION('',(0.,1.,0.));
#2619=DIRECTION('',(0.,0.,1.));
#2620=DIRECTION('',(1.,0.,0.));
#2621=DIRECTION('',(0.,1.,0.));
#2622=DIRECTION('',(1.,0.,0.));
#2623=DIRECTION('',(0.,1.,0.));
#2624=DIRECTION('',(0.,-1.,0.));
#2625=DIRECTION('',(0.,0.,-1.));
#2626=DIRECTION('',(0.,-1.,0.));
#2627=DIRECTION('',(0.,0.,-1.));
#2628=DIRECTION('',(0.,1.,0.));
#2629=DIRECTION('',(0.,0.,-1.));
#2630=DIRECTION('',(0.,-1.,0.));
#2631=DIRECTION('',(0.,0.,-1.));
#2632=DIRECTION('',(1.,0.,0.));
#2633=DIRECTION('',(-1.,0.,7.4014868308344E-16));
#2634=DIRECTION('',(0.,-1.,0.));
#2635=DIRECTION('',(1.,0.,-7.4014868308344E-16));
#2636=DIRECTION('',(0.,-1.,0.));
#2637=DIRECTION('',(1.,0.,0.));
#2638=DIRECTION('',(0.,-1.,0.));
#2639=DIRECTION('',(0.,-1.,0.));
#2640=DIRECTION('',(1.,0.,0.));
#2641=DIRECTION('',(0.,1.,0.));
#2642=DIRECTION('',(1.,0.,0.));
#2643=DIRECTION('',(-1.,0.,0.));
#2644=DIRECTION('',(0.,0.,-1.));
#2645=DIRECTION('',(0.,0.,1.));
#2646=DIRECTION('',(0.,-1.,0.));
#2647=DIRECTION('',(1.,0.,0.));
#2648=DIRECTION('',(-3.70074341541719E-17,1.,0.));
#2649=DIRECTION('',(1.,0.,0.));
#2650=DIRECTION('',(0.,1.,0.));
#2651=DIRECTION('',(1.,0.,0.));
#2652=DIRECTION('',(0.,1.,0.));
#2653=DIRECTION('',(-0.288675134594816,0.,-0.957427107756337));
#2654=DIRECTION('',(-3.70074341541719E-17,1.,0.));
#2655=DIRECTION('',(1.,3.70074341541719E-17,0.));
#2656=DIRECTION('',(0.,0.,-1.));
#2657=DIRECTION('',(-1.,0.,0.));
#2658=DIRECTION('',(-4.44089209850062E-15,0.,-1.));
#2659=DIRECTION('',(-1.,-3.70074341541719E-16,4.44089209850062E-15));
#2660=DIRECTION('',(0.,-1.,0.));
#2661=DIRECTION('',(1.,0.,0.));
#2662=DIRECTION('',(0.,1.,0.));
#2663=DIRECTION('',(0.,1.,0.));
#2664=DIRECTION('',(1.,0.,0.));
#2665=DIRECTION('',(0.,-1.,0.));
#2666=DIRECTION('',(0.,1.,0.));
#2667=DIRECTION('',(1.,0.,0.));
#2668=DIRECTION('',(0.,0.,-1.));
#2669=DIRECTION('',(-1.,0.,0.));
#2670=DIRECTION('',(0.,-1.,0.));
#2671=DIRECTION('',(1.,0.,0.));
#2672=DIRECTION('',(3.70074341541719E-17,-1.,0.));
#2673=DIRECTION('',(1.,3.70074341541719E-17,0.));
#2674=DIRECTION('',(-3.70074341541719E-17,1.,0.));
#2675=DIRECTION('',(-1.,-3.70074341541719E-17,-1.46998609551795E-30));
#2676=DIRECTION('',(0.,1.,0.));
#2677=DIRECTION('',(-1.,0.,0.));
#2678=DIRECTION('',(0.,-1.,0.));
#2679=DIRECTION('',(1.,0.,0.));
#2680=DIRECTION('',(0.,1.,0.));
#2681=DIRECTION('',(1.,0.,0.));
#2682=DIRECTION('',(1.,0.,0.));
#2683=DIRECTION('',(0.,0.,-1.));
#2684=DIRECTION('',(0.,1.,0.));
#2685=DIRECTION('',(-1.11022302462516E-15,0.,-1.));
#2686=DIRECTION('',(0.,1.,0.));
#2687=DIRECTION('',(-0.707106781186548,0.,-0.707106781186548));
#2688=DIRECTION('',(0.,-1.,0.));
#2689=DIRECTION('',(0.,0.,-1.));
#2690=DIRECTION('',(-1.,0.,0.));
#2691=DIRECTION('',(0.,-1.,0.));
#2692=DIRECTION('',(1.,0.,0.));
#2693=DIRECTION('',(0.,-1.,0.));
#2694=DIRECTION('',(1.,0.,0.));
#2695=DIRECTION('',(0.,1.,0.));
#2696=DIRECTION('',(-0.707106781186548,0.,-0.707106781186547));
#2697=DIRECTION('',(0.,-1.,0.));
#2698=DIRECTION('',(-0.707106781186548,0.,-0.707106781186547));
#2699=DIRECTION('',(0.,1.,0.));
#2700=DIRECTION('',(0.,1.,0.));
#2701=DIRECTION('',(-1.,0.,0.));
#2702=DIRECTION('',(0.,1.,0.));
#2703=DIRECTION('',(0.,0.,-1.));
#2704=DIRECTION('',(-1.,0.,0.));
#2705=DIRECTION('',(1.,4.93432455388957E-16,-4.44089209850062E-15));
#2706=DIRECTION('',(4.44089209850062E-15,0.,1.));
#2707=DIRECTION('',(-1.,-3.70074341541719E-16,4.44089209850063E-15));
#2708=DIRECTION('',(0.,0.,-1.));
#2709=DIRECTION('',(1.44194978111395E-15,-1.,0.));
#2710=DIRECTION('',(-4.44089209850063E-15,0.,-1.));
#2711=DIRECTION('',(0.,1.,0.));
#2712=DIRECTION('',(1.,0.,0.));
#2713=DIRECTION('',(-3.70074341541719E-17,1.,0.));
#2714=DIRECTION('',(1.,3.70074341541719E-17,0.));
#2715=DIRECTION('',(-1.,0.,0.));
#2716=DIRECTION('',(0.,0.,-1.));
#2717=DIRECTION('',(0.,0.,1.));
#2718=DIRECTION('',(0.,-1.,0.));
#2719=DIRECTION('',(1.,0.,0.));
#2720=DIRECTION('',(-3.70074341541719E-17,1.,0.));
#2721=DIRECTION('',(0.,0.,1.));
#2722=DIRECTION('',(0.,-1.,0.));
#2723=DIRECTION('',(0.,0.,-1.));
#2724=DIRECTION('',(0.,0.,-1.));
#2725=DIRECTION('',(-1.,7.64428064018384E-16,0.));
#2726=DIRECTION('',(0.,0.,1.));
#2727=DIRECTION('',(1.,0.,0.));
#2728=DIRECTION('',(-5.19123952648196E-17,1.,0.));
#2729=DIRECTION('',(1.,0.,0.));
#2730=DIRECTION('',(0.,1.,0.));
#2731=DIRECTION('',(0.,0.,1.));
#2732=DIRECTION('',(0.,0.,-1.));
#2733=DIRECTION('',(1.,5.19123952648196E-17,0.));
#2734=DIRECTION('',(5.19123952648196E-17,-1.,0.));
#2735=DIRECTION('',(0.,1.,0.));
#2736=DIRECTION('',(0.,0.,1.));
#2737=DIRECTION('',(-3.70074341541719E-17,1.,0.));
#2738=DIRECTION('',(-1.,-3.70074341541719E-17,-1.46998609551795E-30));
#2739=DIRECTION('',(0.,0.,1.));
#2740=DIRECTION('',(1.,0.,0.));
#2741=DIRECTION('',(0.,-1.,0.));
#2742=DIRECTION('',(1.,0.,0.));
#2743=DIRECTION('',(-1.,0.,0.));
#2744=DIRECTION('',(0.,0.,-1.));
#2745=DIRECTION('',(0.707106781186549,-0.707106781186546,0.));
#2746=DIRECTION('',(-4.86673106685E-16,-1.,0.));
#2747=DIRECTION('',(0.,0.,-1.));
#2748=DIRECTION('',(0.707106781186548,0.707106781186548,0.));
#2749=DIRECTION('',(1.,0.,0.));
#2750=DIRECTION('',(1.,0.,0.));
#2751=DIRECTION('',(-1.,0.,0.));
#2752=DIRECTION('',(0.,0.707106781186548,0.707106781186548));
#2753=DIRECTION('',(-1.,0.,0.));
#2754=DIRECTION('',(0.,0.,1.));
#2755=DIRECTION('',(0.,0.,-1.));
#2756=DIRECTION('',(-1.,0.,0.));
#2757=DIRECTION('',(0.,-1.,0.));
#2758=DIRECTION('',(0.,0.,1.));
#2759=DIRECTION('',(0.,-1.,0.));
#2760=DIRECTION('',(-0.707106781186546,0.,0.707106781186549));
#2761=DIRECTION('',(0.,-1.,0.));
#2762=DIRECTION('',(0.,0.,1.));
#2763=DIRECTION('',(0.,0.,-1.));
#2764=DIRECTION('',(-1.,0.,0.));
#2765=DIRECTION('',(1.,0.,0.));
#2766=DIRECTION('',(0.,0.,1.));
#2767=DIRECTION('',(1.,0.,0.));
#2768=DIRECTION('',(0.,-0.707106781186548,0.707106781186548));
#2769=DIRECTION('',(0.,-1.,0.));
#2770=DIRECTION('',(0.,0.,-1.));
#2771=DIRECTION('',(0.,0.,-1.));
#2772=DIRECTION('',(0.,-1.,0.));
#2773=DIRECTION('',(-1.,0.,0.));
#2774=DIRECTION('',(0.,0.,1.));
#2775=DIRECTION('',(-1.,0.,0.));
#2776=DIRECTION('',(0.,0.,1.));
#2777=DIRECTION('',(-1.,0.,0.));
#2778=DIRECTION('',(0.,0.,1.));
#2779=DIRECTION('',(0.,-1.,0.));
#2780=DIRECTION('',(-1.,0.,0.));
#2781=DIRECTION('',(0.,0.,1.));
#2782=DIRECTION('',(0.,-1.,0.));
#2783=DIRECTION('',(0.,0.,1.));
#2784=DIRECTION('',(1.,0.,0.));
#2785=CARTESIAN_POINT('',(0.,0.,0.));
#2786=CARTESIAN_POINT('',(0.04175,-0.01,-0.0123));
#2787=CARTESIAN_POINT('',(0.022,-0.025,-0.0123));
#2788=CARTESIAN_POINT('',(0.0204,-0.025,-0.0123));
#2789=CARTESIAN_POINT('',(-0.020875,-0.0115,-0.0123));
#2790=CARTESIAN_POINT('',(0.0260952102884802,-0.0115,-0.0123));
#2791=CARTESIAN_POINT('',(-0.00499456419050693,-0.0115,-0.0123));
#2792=CARTESIAN_POINT('',(-0.00499456419050694,-0.01,-0.0123));
#2793=CARTESIAN_POINT('',(-0.00499456419050693,-0.018,-0.0123));
#2794=CARTESIAN_POINT('',(0.01675,-0.018,-0.0123));
#2795=CARTESIAN_POINT('',(0.014,-0.018,-0.0123));
#2796=CARTESIAN_POINT('',(0.014,-0.0185,-0.0123));
#2797=CARTESIAN_POINT('',(0.014,-0.028,-0.0123));
#2798=CARTESIAN_POINT('',(0.014,-0.028,-0.0123));
#2799=CARTESIAN_POINT('',(0.026,-0.028,-0.0123));
#2800=CARTESIAN_POINT('',(0.026,-0.019,-0.0123));
#2801=CARTESIAN_POINT('',(0.026,-0.018,-0.0123));
#2802=CARTESIAN_POINT('',(0.01675,-0.018,-0.0123));
#2803=CARTESIAN_POINT('',(0.0411895945760846,-0.018,-0.0123));
#2804=CARTESIAN_POINT('',(0.0411895945760846,0.,-0.0123));
#2805=CARTESIAN_POINT('',(0.0411895945760846,0.0275,-0.0123));
#2806=CARTESIAN_POINT('',(0.007,0.0275,-0.0123));
#2807=CARTESIAN_POINT('',(0.0276,0.0275,-0.0123));
#2808=CARTESIAN_POINT('',(0.0276,0.0318,-0.0123));
#2809=CARTESIAN_POINT('',(0.0276,0.0318,-0.0123));
#2810=CARTESIAN_POINT('',(0.0219464346247147,0.0318,-0.0123));
#2811=CARTESIAN_POINT('',(0.021,0.0318,-0.0123));
#2812=CARTESIAN_POINT('',(0.021,0.0318,-0.0123));
#2813=CARTESIAN_POINT('',(0.021,0.02344,-0.0123));
#2814=CARTESIAN_POINT('',(0.021,0.02344,-0.0123));
#2815=CARTESIAN_POINT('',(0.02525,0.02344,-0.0123));
#2816=CARTESIAN_POINT('',(0.02525,-1.13741864675814E-33,-0.0123));
#2817=CARTESIAN_POINT('',(0.02525,0.0175,-0.0123));
#2818=CARTESIAN_POINT('',(0.012625,0.0175,-0.0123));
#2819=CARTESIAN_POINT('',(0.01645,0.0175,-0.0123));
#2820=CARTESIAN_POINT('',(0.01645,0.00625,-0.0123));
#2821=CARTESIAN_POINT('',(0.01645,0.0105,-0.0123));
#2822=CARTESIAN_POINT('',(0.006875,0.0105,-0.0123));
#2823=CARTESIAN_POINT('',(0.0260952102884802,0.0105,-0.0123));
#2824=CARTESIAN_POINT('',(0.0260952102884802,0.,-0.0123));
#2825=CARTESIAN_POINT('',(0.01375,-0.0115,-0.0155));
#2826=CARTESIAN_POINT('',(-3.04943994609041E-18,-0.0115,-0.01575));
#2827=CARTESIAN_POINT('',(-0.0189945641905069,-0.0115,-0.01575));
#2828=CARTESIAN_POINT('',(-0.00499456419050693,-0.0115,-0.01575));
#2829=CARTESIAN_POINT('',(-0.00499456419050693,-0.0115,-0.01575));
#2830=CARTESIAN_POINT('',(0.,-0.0115,-0.0325));
#2831=CARTESIAN_POINT('',(0.0262488094968134,-0.0115,-0.0125));
#2832=CARTESIAN_POINT('',(0.0263752997366721,-0.0115,-0.0122712281538066));
#2833=CARTESIAN_POINT('',(0.026,-0.0115,-0.01295));
#2834=CARTESIAN_POINT('',(0.020875,-0.0115,-0.01295));
#2835=CARTESIAN_POINT('',(0.026585663429751,-0.0115,-0.01295));
#2836=CARTESIAN_POINT('',(0.,-0.0115,-0.0325));
#2837=CARTESIAN_POINT('',(0.0279776696670756,-0.0115,-0.015));
#2838=CARTESIAN_POINT('',(0.020875,-0.0115,-0.015));
#2839=CARTESIAN_POINT('',(0.0275,-0.0115,-0.015));
#2840=CARTESIAN_POINT('',(0.0257679491924311,-0.0115,-0.014));
#2841=CARTESIAN_POINT('',(0.026,-0.0115,-0.0159864924924868));
#2842=CARTESIAN_POINT('',(0.026,-0.0115,-0.01944));
#2843=CARTESIAN_POINT('',(0.026,-0.0115,-0.01944));
#2844=CARTESIAN_POINT('',(-0.02675,-0.0115,-0.01944));
#2845=CARTESIAN_POINT('',(0.014,-0.0115,-0.01944));
#2846=CARTESIAN_POINT('',(0.014,-0.0115,-0.02044));
#2847=CARTESIAN_POINT('',(0.014,-0.0115,-0.021));
#2848=CARTESIAN_POINT('',(-0.0275,-0.0115,-0.021));
#2849=CARTESIAN_POINT('',(-0.0275,-0.0115,-0.021));
#2850=CARTESIAN_POINT('',(-0.0275,-0.0115,-0.02008));
#2851=CARTESIAN_POINT('',(-0.0275,-0.0115,-0.015));
#2852=CARTESIAN_POINT('',(-0.020875,-0.0115,-0.015));
#2853=CARTESIAN_POINT('',(-0.0279776696670756,-0.0115,-0.015));
#2854=CARTESIAN_POINT('',(0.,-0.0115,-0.0325));
#2855=CARTESIAN_POINT('',(-0.0260952102884802,-0.0115,-0.0123));
#2856=CARTESIAN_POINT('',(-0.020875,-0.0115,-0.0123));
#2857=CARTESIAN_POINT('',(-0.0189945641905069,-0.0115,-0.0123));
#2858=CARTESIAN_POINT('',(-0.0189945641905069,-0.0115,-0.01575));
#2859=CARTESIAN_POINT('',(0.0335,-0.018,0.));
#2860=CARTESIAN_POINT('',(0.01675,-0.018,-0.01575));
#2861=CARTESIAN_POINT('',(-0.00499456419050693,-0.018,-0.01575));
#2862=CARTESIAN_POINT('',(-0.0189945641905069,-0.018,-0.01575));
#2863=CARTESIAN_POINT('',(-0.0189945641905069,-0.018,-0.01575));
#2864=CARTESIAN_POINT('',(-0.0189945641905069,-0.018,-0.0123));
#2865=CARTESIAN_POINT('',(0.01675,-0.018,-0.0123));
#2866=CARTESIAN_POINT('',(-0.0411895945760846,-0.018,-0.0123));
#2867=CARTESIAN_POINT('',(-0.03675,-0.018,-0.01));
#2868=CARTESIAN_POINT('',(-0.03675,-0.018,-0.015));
#2869=CARTESIAN_POINT('',(-0.03675,-0.018,-0.015));
#2870=CARTESIAN_POINT('',(-0.0275,-0.018,-0.015));
#2871=CARTESIAN_POINT('',(-0.0275,-0.018,-0.02044));
#2872=CARTESIAN_POINT('',(-0.0275,-0.018,-0.021));
#2873=CARTESIAN_POINT('',(0.014,-0.018,-0.021));
#2874=CARTESIAN_POINT('',(0.014,-0.018,-0.021));
#2875=CARTESIAN_POINT('',(0.014,-0.018,-0.02044));
#2876=CARTESIAN_POINT('',(0.014,-0.018,-0.01944));
#2877=CARTESIAN_POINT('',(0.014,-0.018,-0.0176432353450102));
#2878=CARTESIAN_POINT('',(-0.00499456419050693,-0.018,-0.01575));
#2879=CARTESIAN_POINT('',(0.026,-0.0285,-0.01944));
#2880=CARTESIAN_POINT('',(0.026,-0.016,-0.0145));
#2881=CARTESIAN_POINT('',(0.026,-0.015,-0.0145));
#2882=CARTESIAN_POINT('',(0.026,-0.016,-0.0135));
#2883=CARTESIAN_POINT('',(0.026,-0.014173875898158,-0.0135));
#2884=CARTESIAN_POINT('',(0.026,-0.018,-0.0135));
#2885=CARTESIAN_POINT('',(0.026,-0.018,-0.00972));
#2886=CARTESIAN_POINT('',(0.026,-0.028,-0.0141125));
#2887=CARTESIAN_POINT('',(0.026,-0.028,-0.01944));
#2888=CARTESIAN_POINT('',(0.026,-0.0115,-0.01944));
#2889=CARTESIAN_POINT('',(0.026,-0.00575,-0.0159864924924868));
#2890=CARTESIAN_POINT('',(0.026,-0.015,-0.0159864924924868));
#2891=CARTESIAN_POINT('',(0.026,-0.015,-0.01722));
#2892=CARTESIAN_POINT('',(0.03675,0.,-0.01));
#2893=CARTESIAN_POINT('',(0.03675,-0.018,-0.01));
#2894=CARTESIAN_POINT('',(0.03675,-0.018,-0.015));
#2895=CARTESIAN_POINT('',(0.03675,0.0275,-0.015));
#2896=CARTESIAN_POINT('',(0.03675,0.0275,-0.015));
#2897=CARTESIAN_POINT('',(0.03675,0.0275,-0.01));
#2898=CARTESIAN_POINT('',(0.04175,-0.01,-0.0123));
#2899=CARTESIAN_POINT('',(-0.0189945641905069,-0.01,-0.0123));
#2900=CARTESIAN_POINT('',(-0.0260952102884801,0.,-0.0123));
#2901=CARTESIAN_POINT('',(-0.0260952102884801,0.0105,-0.0123));
#2902=CARTESIAN_POINT('',(0.006875,0.0105,-0.0123));
#2903=CARTESIAN_POINT('',(0.00605,0.0105,-0.0123));
#2904=CARTESIAN_POINT('',(0.00605,0.00625,-0.0123));
#2905=CARTESIAN_POINT('',(0.00605,0.0175,-0.0123));
#2906=CARTESIAN_POINT('',(0.012625,0.0175,-0.0123));
#2907=CARTESIAN_POINT('',(-0.014,0.0175,-0.0123));
#2908=CARTESIAN_POINT('',(-0.014,0.0175,-0.0123));
#2909=CARTESIAN_POINT('',(-0.014,0.0275,-0.0123));
#2910=CARTESIAN_POINT('',(-0.007,0.0275,-0.0123));
#2911=CARTESIAN_POINT('',(-0.0204,0.0275,-0.0123));
#2912=CARTESIAN_POINT('',(-0.0204,0.0318,-0.0123));
#2913=CARTESIAN_POINT('',(-0.0204,0.0318,-0.0123));
#2914=CARTESIAN_POINT('',(-0.0411895945760846,0.0318,-0.0123));
#2915=CARTESIAN_POINT('',(-0.0276,0.0318,-0.0123));
#2916=CARTESIAN_POINT('',(-0.0276,0.0318,-0.0123));
#2917=CARTESIAN_POINT('',(-0.0276,0.0275,-0.0123));
#2918=CARTESIAN_POINT('',(-0.007,0.0275,-0.0123));
#2919=CARTESIAN_POINT('',(-0.0411895945760846,0.0275,-0.0123));
#2920=CARTESIAN_POINT('',(-0.0411895945760846,0.,-0.0123));
#2921=CARTESIAN_POINT('',(-0.022,0.025,-0.0123));
#2922=CARTESIAN_POINT('',(-0.0236,0.025,-0.0123));
#2923=CARTESIAN_POINT('',(0.0335,-0.028,-0.013225));
#2924=CARTESIAN_POINT('',(0.014,-0.028,-0.01944));
#2925=CARTESIAN_POINT('',(0.014,-0.028,-0.01944));
#2926=CARTESIAN_POINT('',(0.026,-0.028,-0.01944));
#2927=CARTESIAN_POINT('',(0.022,-0.028,-0.01944));
#2928=CARTESIAN_POINT('',(0.026,-0.028,-0.01944));
#2929=CARTESIAN_POINT('',(-0.000249999999999957,-0.01975,-0.01944));
#2930=CARTESIAN_POINT('',(0.014,-0.015625,-0.01944));
#2931=CARTESIAN_POINT('',(0.022,-0.025,-0.01944));
#2932=CARTESIAN_POINT('',(0.014,-0.028,-0.01944));
#2933=CARTESIAN_POINT('',(0.0257679491924311,-0.00575,-0.014));
#2934=CARTESIAN_POINT('',(0.0275,-0.00575,-0.015));
#2935=CARTESIAN_POINT('',(0.0275,-0.015,-0.015));
#2936=CARTESIAN_POINT('',(0.0257679491924311,-0.015,-0.014));
#2937=CARTESIAN_POINT('',(0.02875,-0.015,-0.015));
#2938=CARTESIAN_POINT('',(0.03,-0.015,-0.0145));
#2939=CARTESIAN_POINT('',(0.02775,-0.015,-0.0145));
#2940=CARTESIAN_POINT('',(0.03525,-0.015,-0.015));
#2941=CARTESIAN_POINT('',(0.02775,-0.015,-0.015));
#2942=CARTESIAN_POINT('',(0.02775,-0.015,-0.015));
#2943=CARTESIAN_POINT('',(0.02775,-0.014,-0.015));
#2944=CARTESIAN_POINT('',(0.02775,-0.014,-0.0145));
#2945=CARTESIAN_POINT('',(0.02875,-0.014,-0.0145));
#2946=CARTESIAN_POINT('',(0.02775,-0.014,-0.015));
#2947=CARTESIAN_POINT('',(0.02875,-0.014,-0.015));
#2948=CARTESIAN_POINT('',(0.02875,-0.014,-0.015));
#2949=CARTESIAN_POINT('',(0.02875,0.0215,-0.015));
#2950=CARTESIAN_POINT('',(0.02875,0.010826124101842,-0.0145));
#2951=CARTESIAN_POINT('',(0.02875,0.0165,-0.0145));
#2952=CARTESIAN_POINT('',(0.02875,0.01075,-0.015));
#2953=CARTESIAN_POINT('',(0.02875,0.0165,-0.015));
#2954=CARTESIAN_POINT('',(0.02875,0.0165,-0.015));
#2955=CARTESIAN_POINT('',(0.02775,0.0165,-0.015));
#2956=CARTESIAN_POINT('',(0.02775,0.0165,-0.0145));
#2957=CARTESIAN_POINT('',(0.02775,0.0175,-0.0145));
#2958=CARTESIAN_POINT('',(0.02775,0.0165,-0.015));
#2959=CARTESIAN_POINT('',(0.02775,0.0175,-0.015));
#2960=CARTESIAN_POINT('',(0.02775,0.0175,-0.015));
#2961=CARTESIAN_POINT('',(0.02525,0.0175,-0.015));
#2962=CARTESIAN_POINT('',(0.02825,0.0175,-0.0145));
#2963=CARTESIAN_POINT('',(0.02525,0.0175,-0.0145));
#2964=CARTESIAN_POINT('',(0.0265,0.0175,-0.015));
#2965=CARTESIAN_POINT('',(0.01645,0.0175,-0.015));
#2966=CARTESIAN_POINT('',(0.01645,0.0175,-0.0185));
#2967=CARTESIAN_POINT('',(0.02525,0.0175,-0.016));
#2968=CARTESIAN_POINT('',(0.02525,0.,-0.015));
#2969=CARTESIAN_POINT('',(0.02525,7.61241018419945E-5,-0.0135));
#2970=CARTESIAN_POINT('',(0.02525,0.02344,-0.0135));
#2971=CARTESIAN_POINT('',(0.02525,0.0185,-0.0135));
#2972=CARTESIAN_POINT('',(0.02525,0.0185,-0.0145));
#2973=CARTESIAN_POINT('',(0.02525,0.02344,-0.0152373724356958));
#2974=CARTESIAN_POINT('',(-0.04175,0.,-0.015));
#2975=CARTESIAN_POINT('',(0.028,0.02675,-0.015));
#2976=CARTESIAN_POINT('',(0.028,0.0275,-0.015));
#2977=CARTESIAN_POINT('',(0.028,0.02344,-0.015));
#2978=CARTESIAN_POINT('',(0.03675,0.0275,-0.015));
#2979=CARTESIAN_POINT('',(0.028,-0.018,-0.015));
#2980=CARTESIAN_POINT('',(0.03425,-0.018,-0.015));
#2981=CARTESIAN_POINT('',(0.03425,-0.018,-0.015));
#2982=CARTESIAN_POINT('',(0.03425,0.02344,-0.015));
#2983=CARTESIAN_POINT('',(0.0309973986440212,0.02344,-0.015));
#2984=CARTESIAN_POINT('',(-0.014,0.0275,-0.01944));
#2985=CARTESIAN_POINT('',(0.028,0.0275,-0.00625));
#2986=CARTESIAN_POINT('',(0.028,0.0275,-0.0169494897427832));
#2987=CARTESIAN_POINT('',(0.026,0.0275,-0.0169494897427832));
#2988=CARTESIAN_POINT('',(0.0267751311586711,0.0275,-0.0187931740126237));
#2989=CARTESIAN_POINT('',(0.024,0.0275,-0.0165));
#2990=CARTESIAN_POINT('',(0.0276,0.0275,-0.0165));
#2991=CARTESIAN_POINT('',(0.0276,0.0275,0.00147));
#2992=CARTESIAN_POINT('',(-0.022,0.025,-0.0046));
#2993=CARTESIAN_POINT('',(-0.023423544337234,0.0240895961488113,-0.0145612130337741));
#2994=CARTESIAN_POINT('',(-0.0236878794693719,0.0250009764978919,-0.014530035960819));
#2995=CARTESIAN_POINT('',(-0.0234249377852786,0.0259064978596213,-0.0145610923575907));
#2996=CARTESIAN_POINT('',(-0.0227340261291061,0.0264914978302603,-0.0148696070447861));
#2997=CARTESIAN_POINT('',(-0.0221359211522319,0.0266090979169258,-0.0155954144561007));
#2998=CARTESIAN_POINT('',(-0.0219323780651275,0.0265955387234526,-0.0164972766320386));
#2999=CARTESIAN_POINT('',(-0.0221345757497375,0.0266087471892594,-0.017400650009669));
#3000=CARTESIAN_POINT('',(-0.022726002783683,0.026494594448835,-0.0181239495242081));
#3001=CARTESIAN_POINT('',(-0.0234209202943498,0.0259142158344751,-0.0184384845667277));
#3002=CARTESIAN_POINT('',(-0.0236881897788513,0.0250045523851024,-0.0184699494764179));
#3003=CARTESIAN_POINT('',(-0.0234262820697727,0.0240947700582303,-0.0184392604299358));
#3004=CARTESIAN_POINT('',(-0.0227354132830384,0.0235091443805635,-0.0181314100544415));
#3005=CARTESIAN_POINT('',(-0.022136010824349,0.0233907711870145,-0.0174057543359698));
#3006=CARTESIAN_POINT('',(-0.0219324920117888,0.0234045791474967,-0.0165008505984335));
#3007=CARTESIAN_POINT('',(-0.0221340244475879,0.0233909122229991,-0.0155997684148122));
#3008=CARTESIAN_POINT('',(-0.0227299432788303,0.0235068825410008,-0.0148724269020532));
#3009=CARTESIAN_POINT('',(-0.023423544337234,0.0240895961488113,-0.0145612130337741));
#3010=CARTESIAN_POINT('',(-0.0236878794693719,0.0250009764978919,-0.014530035960819));
#3011=CARTESIAN_POINT('',(-0.0234249377852786,0.0259064978596213,-0.0145610923575907));
#3012=CARTESIAN_POINT('',(-0.0236,0.025,-0.0145404082057735));
#3013=CARTESIAN_POINT('',(-0.022,0.025,-0.02044));
#3014=CARTESIAN_POINT('',(-0.0204,0.025,-0.02044));
#3015=CARTESIAN_POINT('',(0.022,-0.025,-0.0046));
#3016=CARTESIAN_POINT('',(0.022,-0.025,-0.02044));
#3017=CARTESIAN_POINT('',(0.0236,-0.025,-0.02044));
#3018=CARTESIAN_POINT('',(0.0276,0.0318,-0.0165));
#3019=CARTESIAN_POINT('',(0.0276,0.0275,-0.0165));
#3020=CARTESIAN_POINT('',(0.0276,0.0318,-0.0165));
#3021=CARTESIAN_POINT('',(0.0276,0.0318,-0.0123));
#3022=CARTESIAN_POINT('',(-0.024,0.0318,-0.0165));
#3023=CARTESIAN_POINT('',(0.024,0.0318,-0.0165));
#3024=CARTESIAN_POINT('',(0.022,0.0318,-0.0165));
#3025=CARTESIAN_POINT('',(0.021,0.0318,-0.0145100251257867));
#3026=CARTESIAN_POINT('',(0.021,0.0318,-0.0145100251257867));
#3027=CARTESIAN_POINT('',(0.024,0.0318,-0.0165));
#3028=CARTESIAN_POINT('',(0.021,0.03144,-0.014));
#3029=CARTESIAN_POINT('',(0.021,0.0275,-0.0169494897427832));
#3030=CARTESIAN_POINT('',(0.021,0.0275,-0.0169494897427832));
#3031=CARTESIAN_POINT('',(0.021,0.0275,-0.0145100251257867));
#3032=CARTESIAN_POINT('',(0.021,0.03144,-0.0169494897427832));
#3033=CARTESIAN_POINT('',(0.021,0.02344,-0.0169494897427832));
#3034=CARTESIAN_POINT('',(0.021,0.02344,-0.0123));
#3035=CARTESIAN_POINT('',(0.021,0.0275,-0.0145100251257867));
#3036=CARTESIAN_POINT('',(0.01645,0.0125,-0.0185));
#3037=CARTESIAN_POINT('',(0.01645,0.0115,-0.015));
#3038=CARTESIAN_POINT('',(0.01645,0.0105,-0.015));
#3039=CARTESIAN_POINT('',(0.01645,0.0105,-0.01775));
#3040=CARTESIAN_POINT('',(0.01375,0.0105,-0.017));
#3041=CARTESIAN_POINT('',(0.0275,0.0105,-0.015));
#3042=CARTESIAN_POINT('',(0.0279776696670756,0.0105,-0.015));
#3043=CARTESIAN_POINT('',(0.,0.0105,-0.0325));
#3044=CARTESIAN_POINT('',(0.,0.,-0.0325));
#3045=CARTESIAN_POINT('',(0.0262488094968134,0.,-0.0125));
#3046=CARTESIAN_POINT('',(0.0262488094968134,-0.015,-0.0125));
#3047=CARTESIAN_POINT('',(0.0279776696670756,0.,-0.015));
#3048=CARTESIAN_POINT('',(0.026585663429751,0.,-0.01295));
#3049=CARTESIAN_POINT('',(0.026585663429751,-0.015,-0.01295));
#3050=CARTESIAN_POINT('',(0.,-0.015,-0.0325));
#3051=CARTESIAN_POINT('',(0.,0.,-0.0325));
#3052=CARTESIAN_POINT('',(-0.0279776696670756,0.,-0.015));
#3053=CARTESIAN_POINT('',(-0.0279776696670756,0.0105,-0.015));
#3054=CARTESIAN_POINT('',(0.,0.0105,-0.0325));
#3055=CARTESIAN_POINT('',(0.01375,0.0105,-0.017));
#3056=CARTESIAN_POINT('',(0.00253189100000005,0.0105,-0.015293109));
#3057=CARTESIAN_POINT('',(0.00378189100000005,0.0105,-0.015293109));
#3058=CARTESIAN_POINT('',(-0.020875,0.0105,-0.015));
#3059=CARTESIAN_POINT('',(-0.0275,0.0105,-0.015));
#3060=CARTESIAN_POINT('',(-0.0275,0.0105,-0.015));
#3061=CARTESIAN_POINT('',(-0.0275,0.0105,-0.02));
#3062=CARTESIAN_POINT('',(-0.0265,0.0105,-0.02));
#3063=CARTESIAN_POINT('',(-0.0265,0.0105,-0.021));
#3064=CARTESIAN_POINT('',(0.020625,0.0105,-0.021));
#3065=CARTESIAN_POINT('',(0.00605,0.0105,-0.021));
#3066=CARTESIAN_POINT('',(0.00605,0.0105,-0.0145));
#3067=CARTESIAN_POINT('',(0.00605,0.0125,-0.012));
#3068=CARTESIAN_POINT('',(0.00605,0.0115,-0.021));
#3069=CARTESIAN_POINT('',(0.00605,0.0175,-0.021));
#3070=CARTESIAN_POINT('',(0.00605,0.0175,-0.013));
#3071=CARTESIAN_POINT('',(0.02525,0.0175,-0.015));
#3072=CARTESIAN_POINT('',(0.00253189100000005,0.0175,-0.015293109));
#3073=CARTESIAN_POINT('',(0.00453189100000005,0.0175,-0.015293109));
#3074=CARTESIAN_POINT('',(0.0275,0.0175,-0.021));
#3075=CARTESIAN_POINT('',(-0.0265,0.0175,-0.021));
#3076=CARTESIAN_POINT('',(-0.0265,0.0175,-0.02));
#3077=CARTESIAN_POINT('',(-0.0275,0.0175,-0.02));
#3078=CARTESIAN_POINT('',(-0.0275,0.0175,-0.015));
#3079=CARTESIAN_POINT('',(-0.0275,0.0175,-0.0187628756555323));
#3080=CARTESIAN_POINT('',(-0.026,0.0175,-0.01744));
#3081=CARTESIAN_POINT('',(-0.026,0.0175,-0.01944));
#3082=CARTESIAN_POINT('',(-0.014,0.0175,-0.01944));
#3083=CARTESIAN_POINT('',(-0.014,0.0175,-0.01944));
#3084=CARTESIAN_POINT('',(-0.014,0.0175,-0.01722));
#3085=CARTESIAN_POINT('',(-0.014,0.0185,-0.01944));
#3086=CARTESIAN_POINT('',(-0.014,0.0285,-0.01944));
#3087=CARTESIAN_POINT('',(-0.014,0.0275,-0.01944));
#3088=CARTESIAN_POINT('',(-0.014,0.0275,-0.01944));
#3089=CARTESIAN_POINT('',(-0.014,0.0275,-0.01944));
#3090=CARTESIAN_POINT('',(-0.0204,0.0275,-0.01797));
#3091=CARTESIAN_POINT('',(-0.0204,0.0275,-0.0165));
#3092=CARTESIAN_POINT('',(-0.023,0.0275,-0.01944));
#3093=CARTESIAN_POINT('',(-0.0203416876048224,0.0275,-0.01944));
#3094=CARTESIAN_POINT('',(-0.0203416876048224,0.0275,-0.01944));
#3095=CARTESIAN_POINT('',(-0.0203416876048224,0.0275,-0.02044));
#3096=CARTESIAN_POINT('',(-0.026,0.0275,-0.02044));
#3097=CARTESIAN_POINT('',(-0.0236583123951778,0.0275,-0.02044));
#3098=CARTESIAN_POINT('',(-0.0236583123951778,0.0275,-0.01944));
#3099=CARTESIAN_POINT('',(-0.0236583123951778,0.0275,-0.0200837479795196));
#3100=CARTESIAN_POINT('',(-0.024,0.0275,-0.0165));
#3101=CARTESIAN_POINT('',(-0.0204,0.0318,-0.0165));
#3102=CARTESIAN_POINT('',(-0.0204,0.0275,-0.0165));
#3103=CARTESIAN_POINT('',(-0.0204,0.0318,-0.0165));
#3104=CARTESIAN_POINT('',(-0.0204,0.0318,-0.0123));
#3105=CARTESIAN_POINT('',(-0.024,0.0318,-0.0165));
#3106=CARTESIAN_POINT('',(-0.024,0.0318,-0.0165));
#3107=CARTESIAN_POINT('',(-0.026,0.0318,-0.0165));
#3108=CARTESIAN_POINT('',(-0.024,0.0318,-0.0165));
#3109=CARTESIAN_POINT('',(-0.0276,0.0318,-0.0165));
#3110=CARTESIAN_POINT('',(-0.0276,0.0318,-0.0165));
#3111=CARTESIAN_POINT('',(-0.0276,0.0318,-0.0123));
#3112=CARTESIAN_POINT('',(-0.0276,0.0275,-0.01587));
#3113=CARTESIAN_POINT('',(-0.0276,0.0275,-0.0165));
#3114=CARTESIAN_POINT('',(-0.0276,0.0275,-0.0165));
#3115=CARTESIAN_POINT('',(-0.014,0.0275,-0.01944));
#3116=CARTESIAN_POINT('',(-0.024,0.0275,-0.0165));
#3117=CARTESIAN_POINT('',(-0.0260798494715073,0.0275,-0.0194384053797716));
#3118=CARTESIAN_POINT('',(-0.026,0.0275,-0.01744));
#3119=CARTESIAN_POINT('',(-0.028,0.0275,-0.01744));
#3120=CARTESIAN_POINT('',(-0.028,0.0275,-0.017));
#3121=CARTESIAN_POINT('',(-0.028,0.0275,-0.015));
#3122=CARTESIAN_POINT('',(-0.038375,0.0275,-0.015));
#3123=CARTESIAN_POINT('',(-0.03675,0.0275,-0.015));
#3124=CARTESIAN_POINT('',(-0.03675,0.0275,-0.01));
#3125=CARTESIAN_POINT('',(-0.03675,0.,-0.01));
#3126=CARTESIAN_POINT('',(-0.03675,0.,-0.015));
#3127=CARTESIAN_POINT('',(0.014,-0.0185,-0.01944));
#3128=CARTESIAN_POINT('',(0.014,-0.0185,-0.01944));
#3129=CARTESIAN_POINT('',(0.014,-0.0115,-0.021));
#3130=CARTESIAN_POINT('',(0.022,-0.025,-0.01944));
#3131=CARTESIAN_POINT('',(0.022,-0.025,-0.02044));
#3132=CARTESIAN_POINT('',(0.019,-0.025,-0.02044));
#3133=CARTESIAN_POINT('',(0.0262488094968134,-0.018,-0.0125));
#3134=CARTESIAN_POINT('',(0.0260122954014765,-0.015,-0.0129277623815199));
#3135=CARTESIAN_POINT('',(0.026,-0.015,-0.01295));
#3136=CARTESIAN_POINT('',(0.026,-0.014,-0.01295));
#3137=CARTESIAN_POINT('',(0.04175,-0.01,-0.01295));
#3138=CARTESIAN_POINT('',(0.03525,-0.015,-0.01295));
#3139=CARTESIAN_POINT('',(-0.04175,0.,-0.015));
#3140=CARTESIAN_POINT('',(-0.00675,-0.01475,-0.021));
#3141=CARTESIAN_POINT('',(-0.0275,-0.018,-0.021));
#3142=CARTESIAN_POINT('',(-0.0275,0.0105,-0.015));
#3143=CARTESIAN_POINT('',(-0.0275,-0.00575,-0.015));
#3144=CARTESIAN_POINT('',(-0.04175,0.,-0.015));
#3145=CARTESIAN_POINT('',(-0.028,-0.018,-0.015));
#3146=CARTESIAN_POINT('',(-0.028,0.0175,-0.015));
#3147=CARTESIAN_POINT('',(-0.035625,0.0175,-0.015));
#3148=CARTESIAN_POINT('',(-0.0275,0.0175,-0.015));
#3149=CARTESIAN_POINT('',(-0.0275,0.00525,-0.015));
#3150=CARTESIAN_POINT('',(0.023,0.03144,-0.0169494897427832));
#3151=CARTESIAN_POINT('',(0.023,0.02344,-0.0169494897427832));
#3152=CARTESIAN_POINT('',(0.023,0.02344,-0.0189494897427832));
#3153=CARTESIAN_POINT('',(0.023,0.0275,-0.0169494897427832));
#3154=CARTESIAN_POINT('',(0.023,0.0275,-0.0189494897427832));
#3155=CARTESIAN_POINT('',(0.023,0.03144,-0.0189494897427832));
#3156=CARTESIAN_POINT('',(0.023,0.03144,-0.0189494897427832));
#3157=CARTESIAN_POINT('',(0.026,0.0275,-0.0189494897427832));
#3158=CARTESIAN_POINT('',(0.026,0.0275,-0.0189494897427832));
#3159=CARTESIAN_POINT('',(0.026,0.03144,-0.0189494897427832));
#3160=CARTESIAN_POINT('',(0.026,0.02344,-0.0189494897427832));
#3161=CARTESIAN_POINT('',(0.026,0.02344,-0.0189494897427832));
#3162=CARTESIAN_POINT('',(0.026,0.03144,-0.0169494897427832));
#3163=CARTESIAN_POINT('',(0.028,0.03144,-0.0169494897427832));
#3164=CARTESIAN_POINT('',(0.028,0.02344,-0.0169494897427832));
#3165=CARTESIAN_POINT('',(0.026,0.02344,-0.0169494897427832));
#3166=CARTESIAN_POINT('',(0.026,0.0275,-0.0169494897427832));
#3167=CARTESIAN_POINT('',(0.028,0.026,-0.0125));
#3168=CARTESIAN_POINT('',(0.028,0.02344,-0.013));
#3169=CARTESIAN_POINT('',(0.024,0.136871801593504,-0.0165));
#3170=CARTESIAN_POINT('',(0.024,0.0245,-0.0165));
#3171=CARTESIAN_POINT('',(0.0253,0.0245,-0.0165));
#3172=CARTESIAN_POINT('',(0.024,0.02344,-0.0165));
#3173=CARTESIAN_POINT('',(0.0253,0.02344,-0.0165));
#3174=CARTESIAN_POINT('',(0.024,0.0275,-0.0165));
#3175=CARTESIAN_POINT('',(0.024,0.0275,-0.0165));
#3176=CARTESIAN_POINT('',(0.022,-0.025,-0.02044));
#3177=CARTESIAN_POINT('',(-0.022,0.025,-0.02044));
#3178=CARTESIAN_POINT('',(-0.024,0.0285,-0.0165));
#3179=CARTESIAN_POINT('',(-0.0256959952830123,0.0285,-0.01544));
#3180=CARTESIAN_POINT('',(-0.0256959952830123,0.022,-0.01544));
#3181=CARTESIAN_POINT('',(-0.0256959952830123,0.02744,-0.01544));
#3182=CARTESIAN_POINT('',(-0.024,0.022,-0.0165));
#3183=CARTESIAN_POINT('',(-0.0253228756555323,0.022,-0.015));
#3184=CARTESIAN_POINT('',(-0.0253228756555323,0.022,-0.015));
#3185=CARTESIAN_POINT('',(-0.0253228756555323,0.02744,-0.015));
#3186=CARTESIAN_POINT('',(-0.024,0.02744,-0.0165));
#3187=CARTESIAN_POINT('',(0.022,-0.025,-0.02044));
#3188=CARTESIAN_POINT('',(0.024,0.0285,-0.0165));
#3189=CARTESIAN_POINT('',(0.024,0.0245,-0.0165));
#3190=CARTESIAN_POINT('',(0.026,0.0245,-0.0165));
#3191=CARTESIAN_POINT('',(-0.014,0.0275,-0.01944));
#3192=CARTESIAN_POINT('',(0.02875,-0.015,-0.015));
#3193=CARTESIAN_POINT('',(0.00253189100000005,0.0175,-0.015293109));
#3194=CARTESIAN_POINT('',(0.00253189100000005,0.0125,-0.015293109));
#3195=CARTESIAN_POINT('',(0.00378189100000005,0.0125,-0.015293109));
#3196=CARTESIAN_POINT('',(-0.0275,0.0105,-0.015));
#3197=CARTESIAN_POINT('',(-0.0275,0.0105,-0.02));
#3198=CARTESIAN_POINT('',(-0.0275,0.0175,-0.015));
#3199=CARTESIAN_POINT('',(-0.0265,0.0105,-0.02));
#3200=CARTESIAN_POINT('',(-0.0265,0.0105,-0.021));
#3201=CARTESIAN_POINT('',(-0.00675,-0.01475,-0.021));
#3202=CARTESIAN_POINT('',(0.00253189100000005,0.0175,-0.015293109));
#3203=CARTESIAN_POINT('',(0.00253189100000005,0.0125,-0.015293109));
#3204=CARTESIAN_POINT('',(0.00453189100000005,0.0125,-0.015293109));
#3205=CARTESIAN_POINT('',(-0.026,0.02697,-0.01744));
#3206=CARTESIAN_POINT('',(-0.026,0.0275,-0.01744));
#3207=CARTESIAN_POINT('',(-0.026,0.0275,-0.01944));
#3208=CARTESIAN_POINT('',(-0.026,0.0275,-0.01944));
#3209=CARTESIAN_POINT('',(-0.026,0.0175,-0.01744));
#3210=CARTESIAN_POINT('',(-0.028,0.0175,-0.01744));
#3211=CARTESIAN_POINT('',(-0.028,0.02697,-0.01744));
#3212=CARTESIAN_POINT('',(-0.000249999999999957,-0.01975,-0.01944));
#3213=CARTESIAN_POINT('',(-0.023,0.0275,-0.01944));
#3214=CARTESIAN_POINT('',(-0.0236583123951778,0.0275,-0.01944));
#3215=CARTESIAN_POINT('',(-0.022,0.025,-0.01944));
#3216=CARTESIAN_POINT('',(-0.022,0.025,-0.01944));
#3217=CARTESIAN_POINT('',(-0.0236583123951778,0.0275,-0.01944));
#3218=CARTESIAN_POINT('',(-0.024,0.0275,-0.0165));
#3219=CARTESIAN_POINT('',(-0.024,0.0275,-0.0165));
#3220=CARTESIAN_POINT('',(-0.028,0.03144,-0.015));
#3221=CARTESIAN_POINT('',(-0.028,0.0175,-0.01397));
#3222=CARTESIAN_POINT('',(0.02525,0.0175,-0.015));
#3223=CARTESIAN_POINT('',(0.024,0.0245,-0.0165));
#3224=CARTESIAN_POINT('',(-0.024,0.022,-0.0165));
#3225=CARTESIAN_POINT('',(-0.0256959952830123,0.022,-0.0123));
#3226=CARTESIAN_POINT('',(-0.0256959952830123,0.022,-0.015));
#3227=CARTESIAN_POINT('',(-0.0337229976415061,0.022,-0.015));
#3228=CARTESIAN_POINT('',(-0.04175,0.,-0.015));
#3229=CARTESIAN_POINT('',(-0.0256959952830123,0.01372,-0.015));
#3230=CARTESIAN_POINT('',(-0.0256959952830123,0.02744,-0.015));
#3231=CARTESIAN_POINT('',(-0.033125,0.02744,-0.015));
#3232=CARTESIAN_POINT('',(-0.0245,0.02744,-0.0155));
#3233=CARTESIAN_POINT('',(-0.0256959952830123,0.02744,-0.0139));
#3234=CARTESIAN_POINT('',(-0.0256959952830123,0.02744,-0.0123));
#3235=CARTESIAN_POINT('',(0.00253189100000005,0.0125,-0.015293109));
#3236=CARTESIAN_POINT('',(-0.014,0.0275,-0.01944));
#3237=CARTESIAN_POINT('',(0.03125,0.000152248203683989,-0.0135));
#3238=CARTESIAN_POINT('',(0.03425,-0.00892387589815801,-0.0135));
#3239=CARTESIAN_POINT('',(0.03425,0.02344,-0.0135));
#3240=CARTESIAN_POINT('',(0.03425,-0.018,-0.0135));
#3241=CARTESIAN_POINT('',(0.032375,-0.018,-0.0135));
#3242=CARTESIAN_POINT('',(0.03,-0.016,-0.0135));
#3243=CARTESIAN_POINT('',(0.02775,-0.016,-0.0135));
#3244=CARTESIAN_POINT('',(0.02775,-0.014,-0.0135));
#3245=CARTESIAN_POINT('',(0.02975,-0.014,-0.0135));
#3246=CARTESIAN_POINT('',(0.02975,0.010826124101842,-0.0135));
#3247=CARTESIAN_POINT('',(0.02975,0.0165,-0.0135));
#3248=CARTESIAN_POINT('',(0.02775,0.0165,-0.0135));
#3249=CARTESIAN_POINT('',(0.02775,0.0185,-0.0135));
#3250=CARTESIAN_POINT('',(0.02825,0.0185,-0.0135));
#3251=CARTESIAN_POINT('',(0.0328223986440212,0.02344,-0.0135));
#3252=CARTESIAN_POINT('',(0.03,-0.016,-0.0145));
#3253=CARTESIAN_POINT('',(0.02775,-0.016,-0.0145));
#3254=CARTESIAN_POINT('',(0.02775,-0.014,-0.0145));
#3255=CARTESIAN_POINT('',(0.02975,-0.014,-0.0145));
#3256=CARTESIAN_POINT('',(0.02975,0.010826124101842,-0.0145));
#3257=CARTESIAN_POINT('',(0.02975,0.0165,-0.0145));
#3258=CARTESIAN_POINT('',(0.02775,0.0165,-0.0145));
#3259=CARTESIAN_POINT('',(0.02775,0.0185,-0.0145));
#3260=CARTESIAN_POINT('',(0.02825,0.0185,-0.0145));
#3261=CARTESIAN_POINT('',(0.0335,-0.018,0.));
#3262=CARTESIAN_POINT('',(0.03425,-0.018,-0.0135));
#3263=CARTESIAN_POINT('',(0.0219464346247147,0.02344,-0.0123));
#3264=CARTESIAN_POINT('',(0.03425,0.02344,-0.01365));
#3265=CARTESIAN_POINT('',(0.03425,-0.018,-0.015));
#3266=CARTESIAN_POINT('',(-0.0189945641905069,-0.01475,-0.01575));
#3267=CARTESIAN_POINT('',(-0.0189945641905069,-0.01475,-0.01575));
#3268=CARTESIAN_POINT('',(-0.00499456419050693,-0.01475,-0.01575));
#3269=CARTESIAN_POINT('',(-0.00499456419050693,-0.01475,-0.01575));
#3270=CARTESIAN_POINT('',(0.,0.0019,-0.01575));
#3271=MECHANICAL_DESIGN_GEOMETRIC_PRESENTATION_REPRESENTATION('',(#1705,
#1541,#1542,#1543,#1544,#1545,#1546,#1547,#1548,#1549,#1550,#1551,#1552,
#1553,#1554,#1555,#1556,#1557,#1558,#1559,#1560,#1561,#1562,#1563,#1564,
#1565,#1566,#1567,#1568,#1569,#1570,#1571,#1572,#1573,#1574,#1575,#1576,
#1577,#1578,#1579,#1580,#1581,#1582,#1583,#1584,#1585,#1586,#1587,#1588,
#1589,#1590,#1591,#1592,#1593,#1594,#1595,#1596,#1597,#1598,#1599,#1600,
#1601,#1602,#1603,#1604,#1605,#1606,#1607,#1608,#1609,#1610,#1611,#1612,
#1613,#1614,#1615,#1616),#3272);
#3272=(
GEOMETRIC_REPRESENTATION_CONTEXT(3)
GLOBAL_UNCERTAINTY_ASSIGNED_CONTEXT((#3273))
GLOBAL_UNIT_ASSIGNED_CONTEXT((#3276,#3275,#3274))
REPRESENTATION_CONTEXT('electronics_frame_split_1',
'TOP_LEVEL_ASSEMBLY_PART')
);
#3273=UNCERTAINTY_MEASURE_WITH_UNIT(LENGTH_MEASURE(2.E-5),#3276,
'DISTANCE_ACCURACY_VALUE','Maximum Tolerance applied to model');
#3274=(
NAMED_UNIT(*)
SI_UNIT($,.STERADIAN.)
SOLID_ANGLE_UNIT()
);
#3275=(
NAMED_UNIT(*)
PLANE_ANGLE_UNIT()
SI_UNIT($,.RADIAN.)
);
#3276=(
LENGTH_UNIT()
NAMED_UNIT(*)
SI_UNIT($,.METRE.)
);
#3277=PRODUCT_DEFINITION_SHAPE('','',#3278);
#3278=PRODUCT_DEFINITION('','',#3280,#3279);
#3279=PRODUCT_DEFINITION_CONTEXT('',#3286,'design');
#3280=PRODUCT_DEFINITION_FORMATION_WITH_SPECIFIED_SOURCE('','',#3282,
 .NOT_KNOWN.);
#3281=PRODUCT_RELATED_PRODUCT_CATEGORY('','',(#3282));
#3282=PRODUCT('electronics_frame_split_1','electronics_frame_split_1',
'electronics_frame_split_1',(#3284));
#3283=PRODUCT_CATEGORY('','');
#3284=PRODUCT_CONTEXT('',#3286,'mechanical');
#3285=APPLICATION_PROTOCOL_DEFINITION('international standard',
'ap242_managed_model_based_3d_engineering',2020,#3286);
#3286=APPLICATION_CONTEXT('managed model based 3d engineering');
ENDSEC;
END-ISO-10303-21;
