ISO-10303-21;
HEADER;
/* Generated by software containing ST-Developer
 * from STEP Tools, Inc. (www.steptools.com) 
 */
/* OPTION: using custom renumber hook */

FILE_DESCRIPTION(
/* description */ ('STEP AP242 Edition 2',
'CAx-IF Rec.Pracs.---Representation and Presentation of Product Manufa
cturing Information (PMI)---4.0---2014-10-13',
'CAx-IF Rec.Pracs.---3D Tessellated Geometry---0.4---2014-09-14','2;1',
'CAx-IF Rec.Pracs.---User Defined Attributes---1.5---2016-08-15'),
/* implementation_level */ '2;1');

FILE_NAME(
/* name */ 'electronics_frame_split_2 - electronics_frame_split_2',
/* time_stamp */ '2026-09-30T17:33:46Z',
/* author */ (''),
/* organization */ (''),
/* preprocessor_version */ 'ST-DEVELOPER v20',
/* originating_system */ 'ONSHAPE BY PTC INC, 1.221',
/* authorisation */ '  ');

FILE_SCHEMA (('AP242_MANAGED_MODEL_BASED_3D_ENGINEERING_MIM_LF { 1 0 10303 442 3 1 4 }'));
ENDSEC;

DATA;
#10=SHAPE_REPRESENTATION_RELATIONSHIP('','',#2083,#11);
#11=ADVANCED_BREP_SHAPE_REPRESENTATION('',(#2081),#3256);
#12=ELLIPSE('',#2128,0.000989949493661169,0.0007);
#13=ELLIPSE('',#2129,0.000989949493661169,0.0007);
#14=ELLIPSE('',#2158,0.00270508195889385,0.002);
#15=ELLIPSE('',#2170,0.00742586474358631,0.005);
#16=ELLIPSE('',#2179,0.000989949493661169,0.0007);
#17=ELLIPSE('',#2182,0.000989949493661169,0.0007);
#18=ELLIPSE('',#2196,0.00742586474358631,0.005);
#19=ELLIPSE('',#2203,0.00270508195889385,0.002);
#20=CYLINDRICAL_SURFACE('',#2091,0.00075);
#21=CYLINDRICAL_SURFACE('',#2093,0.0012);
#22=CYLINDRICAL_SURFACE('',#2099,0.0016);
#23=CYLINDRICAL_SURFACE('',#2102,0.002);
#24=CYLINDRICAL_SURFACE('',#2105,0.0022);
#25=CYLINDRICAL_SURFACE('',#2112,0.0021);
#26=CYLINDRICAL_SURFACE('',#2116,0.002);
#27=CYLINDRICAL_SURFACE('',#2118,0.0016);
#28=CYLINDRICAL_SURFACE('',#2146,0.002);
#29=CYLINDRICAL_SURFACE('',#2160,0.002);
#30=CYLINDRICAL_SURFACE('',#2162,0.00375);
#31=CYLINDRICAL_SURFACE('',#2164,0.002);
#32=CYLINDRICAL_SURFACE('',#2178,0.0007);
#33=CYLINDRICAL_SURFACE('',#2181,0.0007);
#34=CYLINDRICAL_SURFACE('',#2187,0.005);
#35=CYLINDRICAL_SURFACE('',#2191,0.0035);
#36=CYLINDRICAL_SURFACE('',#2194,0.005);
#37=CYLINDRICAL_SURFACE('',#2204,0.002);
#38=CYLINDRICAL_SURFACE('',#2208,0.005);
#39=CIRCLE('',#2089,0.00075);
#40=CIRCLE('',#2090,0.0012);
#41=CIRCLE('',#2092,0.00075);
#42=CIRCLE('',#2094,0.0012);
#43=CIRCLE('',#2096,0.002);
#44=CIRCLE('',#2097,0.0021);
#45=CIRCLE('',#2100,0.0016);
#46=CIRCLE('',#2101,0.0016);
#47=CIRCLE('',#2103,0.002);
#48=CIRCLE('',#2104,0.002);
#49=CIRCLE('',#2106,0.0022);
#50=CIRCLE('',#2107,0.0022);
#51=CIRCLE('',#2109,0.002);
#52=CIRCLE('',#2110,0.002);
#53=CIRCLE('',#2111,0.0021);
#54=CIRCLE('',#2113,0.0021);
#55=CIRCLE('',#2117,0.002);
#56=CIRCLE('',#2119,0.0016);
#57=CIRCLE('',#2120,0.0016);
#58=CIRCLE('',#2122,0.002);
#59=CIRCLE('',#2123,0.00375);
#60=CIRCLE('',#2124,0.002);
#61=CIRCLE('',#2132,0.0035);
#62=CIRCLE('',#2134,0.0035);
#63=CIRCLE('',#2136,0.005);
#64=CIRCLE('',#2138,0.005);
#65=CIRCLE('',#2139,0.0035);
#66=CIRCLE('',#2145,0.002);
#67=CIRCLE('',#2147,0.002);
#68=CIRCLE('',#2156,0.002);
#69=CIRCLE('',#2161,0.002);
#70=CIRCLE('',#2163,0.00375);
#71=CIRCLE('',#2165,0.002);
#72=CIRCLE('',#2186,0.005);
#73=CIRCLE('',#2188,0.005);
#74=CIRCLE('',#2192,0.0035);
#75=CIRCLE('',#2195,0.005);
#76=CIRCLE('',#2197,0.005);
#77=CIRCLE('',#2205,0.002);
#78=CIRCLE('',#2207,0.005);
#79=CIRCLE('',#2209,0.005);
#80=CONICAL_SURFACE('',#2088,0.0006,1.02974425867665);
#81=OVER_RIDING_STYLED_ITEM('',(#1876),#1783,#1874);
#82=OVER_RIDING_STYLED_ITEM('',(#1877),#1801,#1874);
#83=OVER_RIDING_STYLED_ITEM('',(#1878),#1802,#1874);
#84=OVER_RIDING_STYLED_ITEM('',(#1879),#1803,#1874);
#85=OVER_RIDING_STYLED_ITEM('',(#1880),#1806,#1874);
#86=OVER_RIDING_STYLED_ITEM('',(#1881),#1817,#1874);
#87=OVER_RIDING_STYLED_ITEM('',(#1882),#1818,#1874);
#88=OVER_RIDING_STYLED_ITEM('',(#1883),#1819,#1874);
#89=OVER_RIDING_STYLED_ITEM('',(#1884),#1820,#1874);
#90=OVER_RIDING_STYLED_ITEM('',(#1885),#1826,#1874);
#91=OVER_RIDING_STYLED_ITEM('',(#1886),#1830,#1874);
#92=OVER_RIDING_STYLED_ITEM('',(#1887),#1831,#1874);
#93=OVER_RIDING_STYLED_ITEM('',(#1888),#1832,#1874);
#94=OVER_RIDING_STYLED_ITEM('',(#1889),#1833,#1874);
#95=OVER_RIDING_STYLED_ITEM('',(#1890),#1834,#1874);
#96=OVER_RIDING_STYLED_ITEM('',(#1891),#1835,#1874);
#97=OVER_RIDING_STYLED_ITEM('',(#1892),#1836,#1874);
#98=OVER_RIDING_STYLED_ITEM('',(#1893),#1837,#1874);
#99=OVER_RIDING_STYLED_ITEM('',(#1894),#1838,#1874);
#100=OVER_RIDING_STYLED_ITEM('',(#1895),#1839,#1874);
#101=OVER_RIDING_STYLED_ITEM('',(#1896),#1840,#1874);
#102=OVER_RIDING_STYLED_ITEM('',(#1897),#1841,#1874);
#103=OVER_RIDING_STYLED_ITEM('',(#1898),#1842,#1874);
#104=OVER_RIDING_STYLED_ITEM('',(#1899),#1843,#1874);
#105=OVER_RIDING_STYLED_ITEM('',(#1900),#1844,#1874);
#106=OVER_RIDING_STYLED_ITEM('',(#1901),#1845,#1874);
#107=OVER_RIDING_STYLED_ITEM('',(#1902),#1854,#1874);
#108=OVER_RIDING_STYLED_ITEM('',(#1903),#1855,#1874);
#109=OVER_RIDING_STYLED_ITEM('',(#1904),#1856,#1874);
#110=OVER_RIDING_STYLED_ITEM('',(#1905),#1857,#1874);
#111=OVER_RIDING_STYLED_ITEM('',(#1906),#1858,#1874);
#112=OVER_RIDING_STYLED_ITEM('',(#1907),#1859,#1874);
#113=OVER_RIDING_STYLED_ITEM('',(#1908),#1860,#1874);
#114=ORIENTED_EDGE('',*,*,#638,.F.);
#115=ORIENTED_EDGE('',*,*,#639,.T.);
#116=ORIENTED_EDGE('',*,*,#640,.T.);
#117=ORIENTED_EDGE('',*,*,#641,.F.);
#118=ORIENTED_EDGE('',*,*,#640,.F.);
#119=ORIENTED_EDGE('',*,*,#642,.T.);
#120=ORIENTED_EDGE('',*,*,#643,.F.);
#121=ORIENTED_EDGE('',*,*,#644,.F.);
#122=ORIENTED_EDGE('',*,*,#645,.T.);
#123=ORIENTED_EDGE('',*,*,#646,.T.);
#124=ORIENTED_EDGE('',*,*,#647,.T.);
#125=ORIENTED_EDGE('',*,*,#648,.T.);
#126=ORIENTED_EDGE('',*,*,#649,.F.);
#127=ORIENTED_EDGE('',*,*,#650,.T.);
#128=ORIENTED_EDGE('',*,*,#649,.T.);
#129=ORIENTED_EDGE('',*,*,#651,.T.);
#130=ORIENTED_EDGE('',*,*,#650,.F.);
#131=ORIENTED_EDGE('',*,*,#652,.T.);
#132=ORIENTED_EDGE('',*,*,#651,.F.);
#133=ORIENTED_EDGE('',*,*,#653,.F.);
#134=ORIENTED_EDGE('',*,*,#654,.F.);
#135=ORIENTED_EDGE('',*,*,#655,.F.);
#136=ORIENTED_EDGE('',*,*,#656,.F.);
#137=ORIENTED_EDGE('',*,*,#657,.F.);
#138=ORIENTED_EDGE('',*,*,#658,.F.);
#139=ORIENTED_EDGE('',*,*,#659,.T.);
#140=ORIENTED_EDGE('',*,*,#660,.T.);
#141=ORIENTED_EDGE('',*,*,#654,.T.);
#142=ORIENTED_EDGE('',*,*,#661,.F.);
#143=ORIENTED_EDGE('',*,*,#662,.T.);
#144=ORIENTED_EDGE('',*,*,#663,.T.);
#145=ORIENTED_EDGE('',*,*,#664,.T.);
#146=ORIENTED_EDGE('',*,*,#665,.F.);
#147=ORIENTED_EDGE('',*,*,#666,.T.);
#148=ORIENTED_EDGE('',*,*,#664,.F.);
#149=ORIENTED_EDGE('',*,*,#667,.F.);
#150=ORIENTED_EDGE('',*,*,#668,.F.);
#151=ORIENTED_EDGE('',*,*,#669,.F.);
#152=ORIENTED_EDGE('',*,*,#652,.F.);
#153=ORIENTED_EDGE('',*,*,#670,.T.);
#154=ORIENTED_EDGE('',*,*,#671,.T.);
#155=ORIENTED_EDGE('',*,*,#665,.T.);
#156=ORIENTED_EDGE('',*,*,#669,.T.);
#157=ORIENTED_EDGE('',*,*,#672,.T.);
#158=ORIENTED_EDGE('',*,*,#673,.F.);
#159=ORIENTED_EDGE('',*,*,#674,.F.);
#160=ORIENTED_EDGE('',*,*,#659,.F.);
#161=ORIENTED_EDGE('',*,*,#674,.T.);
#162=ORIENTED_EDGE('',*,*,#675,.F.);
#163=ORIENTED_EDGE('',*,*,#676,.F.);
#164=ORIENTED_EDGE('',*,*,#677,.F.);
#165=ORIENTED_EDGE('',*,*,#655,.T.);
#166=ORIENTED_EDGE('',*,*,#660,.F.);
#167=ORIENTED_EDGE('',*,*,#678,.F.);
#168=ORIENTED_EDGE('',*,*,#679,.F.);
#169=ORIENTED_EDGE('',*,*,#656,.T.);
#170=ORIENTED_EDGE('',*,*,#677,.T.);
#171=ORIENTED_EDGE('',*,*,#680,.F.);
#172=ORIENTED_EDGE('',*,*,#657,.T.);
#173=ORIENTED_EDGE('',*,*,#679,.T.);
#174=ORIENTED_EDGE('',*,*,#681,.F.);
#175=ORIENTED_EDGE('',*,*,#670,.F.);
#176=ORIENTED_EDGE('',*,*,#658,.T.);
#177=ORIENTED_EDGE('',*,*,#653,.T.);
#178=ORIENTED_EDGE('',*,*,#680,.T.);
#179=ORIENTED_EDGE('',*,*,#682,.T.);
#180=ORIENTED_EDGE('',*,*,#683,.T.);
#181=ORIENTED_EDGE('',*,*,#684,.T.);
#182=ORIENTED_EDGE('',*,*,#685,.T.);
#183=ORIENTED_EDGE('',*,*,#684,.F.);
#184=ORIENTED_EDGE('',*,*,#686,.F.);
#185=ORIENTED_EDGE('',*,*,#687,.F.);
#186=ORIENTED_EDGE('',*,*,#688,.T.);
#187=ORIENTED_EDGE('',*,*,#689,.T.);
#188=ORIENTED_EDGE('',*,*,#690,.F.);
#189=ORIENTED_EDGE('',*,*,#691,.T.);
#190=ORIENTED_EDGE('',*,*,#687,.T.);
#191=ORIENTED_EDGE('',*,*,#692,.T.);
#192=ORIENTED_EDGE('',*,*,#693,.T.);
#193=ORIENTED_EDGE('',*,*,#694,.F.);
#194=ORIENTED_EDGE('',*,*,#695,.F.);
#195=ORIENTED_EDGE('',*,*,#696,.F.);
#196=ORIENTED_EDGE('',*,*,#697,.F.);
#197=ORIENTED_EDGE('',*,*,#698,.F.);
#198=ORIENTED_EDGE('',*,*,#699,.T.);
#199=ORIENTED_EDGE('',*,*,#700,.F.);
#200=ORIENTED_EDGE('',*,*,#701,.F.);
#201=ORIENTED_EDGE('',*,*,#702,.F.);
#202=ORIENTED_EDGE('',*,*,#703,.T.);
#203=ORIENTED_EDGE('',*,*,#704,.F.);
#204=ORIENTED_EDGE('',*,*,#705,.T.);
#205=ORIENTED_EDGE('',*,*,#706,.T.);
#206=ORIENTED_EDGE('',*,*,#707,.T.);
#207=ORIENTED_EDGE('',*,*,#708,.T.);
#208=ORIENTED_EDGE('',*,*,#709,.T.);
#209=ORIENTED_EDGE('',*,*,#710,.F.);
#210=ORIENTED_EDGE('',*,*,#711,.F.);
#211=ORIENTED_EDGE('',*,*,#705,.F.);
#212=ORIENTED_EDGE('',*,*,#712,.F.);
#213=ORIENTED_EDGE('',*,*,#713,.F.);
#214=ORIENTED_EDGE('',*,*,#661,.T.);
#215=ORIENTED_EDGE('',*,*,#714,.F.);
#216=ORIENTED_EDGE('',*,*,#715,.F.);
#217=ORIENTED_EDGE('',*,*,#662,.F.);
#218=ORIENTED_EDGE('',*,*,#716,.T.);
#219=ORIENTED_EDGE('',*,*,#717,.T.);
#220=ORIENTED_EDGE('',*,*,#718,.T.);
#221=ORIENTED_EDGE('',*,*,#719,.T.);
#222=ORIENTED_EDGE('',*,*,#720,.T.);
#223=ORIENTED_EDGE('',*,*,#721,.T.);
#224=ORIENTED_EDGE('',*,*,#722,.T.);
#225=ORIENTED_EDGE('',*,*,#723,.T.);
#226=ORIENTED_EDGE('',*,*,#724,.T.);
#227=ORIENTED_EDGE('',*,*,#725,.F.);
#228=ORIENTED_EDGE('',*,*,#726,.F.);
#229=ORIENTED_EDGE('',*,*,#727,.T.);
#230=ORIENTED_EDGE('',*,*,#728,.T.);
#231=ORIENTED_EDGE('',*,*,#729,.T.);
#232=ORIENTED_EDGE('',*,*,#730,.T.);
#233=ORIENTED_EDGE('',*,*,#731,.T.);
#234=ORIENTED_EDGE('',*,*,#732,.F.);
#235=ORIENTED_EDGE('',*,*,#733,.F.);
#236=ORIENTED_EDGE('',*,*,#734,.F.);
#237=ORIENTED_EDGE('',*,*,#735,.F.);
#238=ORIENTED_EDGE('',*,*,#731,.F.);
#239=ORIENTED_EDGE('',*,*,#736,.T.);
#240=ORIENTED_EDGE('',*,*,#737,.T.);
#241=ORIENTED_EDGE('',*,*,#698,.T.);
#242=ORIENTED_EDGE('',*,*,#738,.F.);
#243=ORIENTED_EDGE('',*,*,#671,.F.);
#244=ORIENTED_EDGE('',*,*,#683,.F.);
#245=ORIENTED_EDGE('',*,*,#739,.F.);
#246=ORIENTED_EDGE('',*,*,#740,.F.);
#247=ORIENTED_EDGE('',*,*,#741,.F.);
#248=ORIENTED_EDGE('',*,*,#666,.F.);
#249=ORIENTED_EDGE('',*,*,#663,.F.);
#250=ORIENTED_EDGE('',*,*,#741,.T.);
#251=ORIENTED_EDGE('',*,*,#742,.T.);
#252=ORIENTED_EDGE('',*,*,#743,.F.);
#253=ORIENTED_EDGE('',*,*,#667,.T.);
#254=ORIENTED_EDGE('',*,*,#744,.T.);
#255=ORIENTED_EDGE('',*,*,#745,.F.);
#256=ORIENTED_EDGE('',*,*,#746,.T.);
#257=ORIENTED_EDGE('',*,*,#672,.F.);
#258=ORIENTED_EDGE('',*,*,#668,.T.);
#259=ORIENTED_EDGE('',*,*,#743,.T.);
#260=ORIENTED_EDGE('',*,*,#746,.F.);
#261=ORIENTED_EDGE('',*,*,#747,.F.);
#262=ORIENTED_EDGE('',*,*,#748,.T.);
#263=ORIENTED_EDGE('',*,*,#749,.F.);
#264=ORIENTED_EDGE('',*,*,#675,.T.);
#265=ORIENTED_EDGE('',*,*,#673,.T.);
#266=ORIENTED_EDGE('',*,*,#685,.F.);
#267=ORIENTED_EDGE('',*,*,#682,.F.);
#268=ORIENTED_EDGE('',*,*,#681,.T.);
#269=ORIENTED_EDGE('',*,*,#678,.T.);
#270=ORIENTED_EDGE('',*,*,#676,.T.);
#271=ORIENTED_EDGE('',*,*,#749,.T.);
#272=ORIENTED_EDGE('',*,*,#750,.T.);
#273=ORIENTED_EDGE('',*,*,#641,.T.);
#274=ORIENTED_EDGE('',*,*,#644,.T.);
#275=ORIENTED_EDGE('',*,*,#751,.T.);
#276=ORIENTED_EDGE('',*,*,#752,.T.);
#277=ORIENTED_EDGE('',*,*,#693,.F.);
#278=ORIENTED_EDGE('',*,*,#753,.F.);
#279=ORIENTED_EDGE('',*,*,#754,.F.);
#280=ORIENTED_EDGE('',*,*,#739,.T.);
#281=ORIENTED_EDGE('',*,*,#755,.F.);
#282=ORIENTED_EDGE('',*,*,#756,.F.);
#283=ORIENTED_EDGE('',*,*,#757,.F.);
#284=ORIENTED_EDGE('',*,*,#758,.F.);
#285=ORIENTED_EDGE('',*,*,#747,.T.);
#286=ORIENTED_EDGE('',*,*,#745,.T.);
#287=ORIENTED_EDGE('',*,*,#759,.F.);
#288=ORIENTED_EDGE('',*,*,#760,.F.);
#289=ORIENTED_EDGE('',*,*,#734,.T.);
#290=ORIENTED_EDGE('',*,*,#761,.F.);
#291=ORIENTED_EDGE('',*,*,#762,.F.);
#292=ORIENTED_EDGE('',*,*,#763,.F.);
#293=ORIENTED_EDGE('',*,*,#764,.F.);
#294=ORIENTED_EDGE('',*,*,#756,.T.);
#295=ORIENTED_EDGE('',*,*,#765,.T.);
#296=ORIENTED_EDGE('',*,*,#766,.F.);
#297=ORIENTED_EDGE('',*,*,#767,.T.);
#298=ORIENTED_EDGE('',*,*,#768,.T.);
#299=ORIENTED_EDGE('',*,*,#769,.F.);
#300=ORIENTED_EDGE('',*,*,#770,.F.);
#301=ORIENTED_EDGE('',*,*,#771,.F.);
#302=ORIENTED_EDGE('',*,*,#772,.T.);
#303=ORIENTED_EDGE('',*,*,#773,.T.);
#304=ORIENTED_EDGE('',*,*,#774,.F.);
#305=ORIENTED_EDGE('',*,*,#775,.F.);
#306=ORIENTED_EDGE('',*,*,#645,.F.);
#307=ORIENTED_EDGE('',*,*,#776,.F.);
#308=ORIENTED_EDGE('',*,*,#768,.F.);
#309=ORIENTED_EDGE('',*,*,#777,.F.);
#310=ORIENTED_EDGE('',*,*,#778,.F.);
#311=ORIENTED_EDGE('',*,*,#779,.F.);
#312=ORIENTED_EDGE('',*,*,#780,.T.);
#313=ORIENTED_EDGE('',*,*,#647,.F.);
#314=ORIENTED_EDGE('',*,*,#781,.F.);
#315=ORIENTED_EDGE('',*,*,#782,.F.);
#316=ORIENTED_EDGE('',*,*,#783,.F.);
#317=ORIENTED_EDGE('',*,*,#784,.T.);
#318=ORIENTED_EDGE('',*,*,#781,.T.);
#319=ORIENTED_EDGE('',*,*,#646,.F.);
#320=ORIENTED_EDGE('',*,*,#775,.T.);
#321=ORIENTED_EDGE('',*,*,#785,.T.);
#322=ORIENTED_EDGE('',*,*,#786,.F.);
#323=ORIENTED_EDGE('',*,*,#787,.T.);
#324=ORIENTED_EDGE('',*,*,#757,.T.);
#325=ORIENTED_EDGE('',*,*,#767,.F.);
#326=ORIENTED_EDGE('',*,*,#788,.F.);
#327=ORIENTED_EDGE('',*,*,#789,.F.);
#328=ORIENTED_EDGE('',*,*,#790,.F.);
#329=ORIENTED_EDGE('',*,*,#688,.F.);
#330=ORIENTED_EDGE('',*,*,#694,.T.);
#331=ORIENTED_EDGE('',*,*,#752,.F.);
#332=ORIENTED_EDGE('',*,*,#791,.T.);
#333=ORIENTED_EDGE('',*,*,#792,.F.);
#334=ORIENTED_EDGE('',*,*,#793,.T.);
#335=ORIENTED_EDGE('',*,*,#689,.F.);
#336=ORIENTED_EDGE('',*,*,#790,.T.);
#337=ORIENTED_EDGE('',*,*,#794,.F.);
#338=ORIENTED_EDGE('',*,*,#795,.F.);
#339=ORIENTED_EDGE('',*,*,#690,.T.);
#340=ORIENTED_EDGE('',*,*,#793,.F.);
#341=ORIENTED_EDGE('',*,*,#796,.F.);
#342=ORIENTED_EDGE('',*,*,#797,.T.);
#343=ORIENTED_EDGE('',*,*,#691,.F.);
#344=ORIENTED_EDGE('',*,*,#795,.T.);
#345=ORIENTED_EDGE('',*,*,#798,.F.);
#346=ORIENTED_EDGE('',*,*,#799,.F.);
#347=ORIENTED_EDGE('',*,*,#753,.T.);
#348=ORIENTED_EDGE('',*,*,#692,.F.);
#349=ORIENTED_EDGE('',*,*,#686,.T.);
#350=ORIENTED_EDGE('',*,*,#797,.F.);
#351=ORIENTED_EDGE('',*,*,#800,.F.);
#352=ORIENTED_EDGE('',*,*,#801,.T.);
#353=ORIENTED_EDGE('',*,*,#802,.T.);
#354=ORIENTED_EDGE('',*,*,#695,.T.);
#355=ORIENTED_EDGE('',*,*,#737,.F.);
#356=ORIENTED_EDGE('',*,*,#803,.T.);
#357=ORIENTED_EDGE('',*,*,#804,.F.);
#358=ORIENTED_EDGE('',*,*,#805,.T.);
#359=ORIENTED_EDGE('',*,*,#738,.T.);
#360=ORIENTED_EDGE('',*,*,#697,.T.);
#361=ORIENTED_EDGE('',*,*,#806,.T.);
#362=ORIENTED_EDGE('',*,*,#807,.T.);
#363=ORIENTED_EDGE('',*,*,#808,.F.);
#364=ORIENTED_EDGE('',*,*,#809,.T.);
#365=ORIENTED_EDGE('',*,*,#732,.T.);
#366=ORIENTED_EDGE('',*,*,#735,.T.);
#367=ORIENTED_EDGE('',*,*,#760,.T.);
#368=ORIENTED_EDGE('',*,*,#810,.T.);
#369=ORIENTED_EDGE('',*,*,#811,.F.);
#370=ORIENTED_EDGE('',*,*,#812,.F.);
#371=ORIENTED_EDGE('',*,*,#720,.F.);
#372=ORIENTED_EDGE('',*,*,#813,.T.);
#373=ORIENTED_EDGE('',*,*,#814,.F.);
#374=ORIENTED_EDGE('',*,*,#815,.F.);
#375=ORIENTED_EDGE('',*,*,#721,.F.);
#376=ORIENTED_EDGE('',*,*,#812,.T.);
#377=ORIENTED_EDGE('',*,*,#816,.F.);
#378=ORIENTED_EDGE('',*,*,#817,.F.);
#379=ORIENTED_EDGE('',*,*,#722,.F.);
#380=ORIENTED_EDGE('',*,*,#815,.T.);
#381=ORIENTED_EDGE('',*,*,#818,.F.);
#382=ORIENTED_EDGE('',*,*,#819,.F.);
#383=ORIENTED_EDGE('',*,*,#723,.F.);
#384=ORIENTED_EDGE('',*,*,#817,.T.);
#385=ORIENTED_EDGE('',*,*,#820,.F.);
#386=ORIENTED_EDGE('',*,*,#821,.F.);
#387=ORIENTED_EDGE('',*,*,#724,.F.);
#388=ORIENTED_EDGE('',*,*,#819,.T.);
#389=ORIENTED_EDGE('',*,*,#822,.F.);
#390=ORIENTED_EDGE('',*,*,#823,.T.);
#391=ORIENTED_EDGE('',*,*,#725,.T.);
#392=ORIENTED_EDGE('',*,*,#821,.T.);
#393=ORIENTED_EDGE('',*,*,#824,.F.);
#394=ORIENTED_EDGE('',*,*,#825,.F.);
#395=ORIENTED_EDGE('',*,*,#702,.T.);
#396=ORIENTED_EDGE('',*,*,#726,.T.);
#397=ORIENTED_EDGE('',*,*,#823,.F.);
#398=ORIENTED_EDGE('',*,*,#826,.F.);
#399=ORIENTED_EDGE('',*,*,#827,.T.);
#400=ORIENTED_EDGE('',*,*,#703,.F.);
#401=ORIENTED_EDGE('',*,*,#825,.T.);
#402=ORIENTED_EDGE('',*,*,#828,.F.);
#403=ORIENTED_EDGE('',*,*,#829,.F.);
#404=ORIENTED_EDGE('',*,*,#704,.T.);
#405=ORIENTED_EDGE('',*,*,#827,.F.);
#406=ORIENTED_EDGE('',*,*,#830,.F.);
#407=ORIENTED_EDGE('',*,*,#831,.T.);
#408=ORIENTED_EDGE('',*,*,#699,.F.);
#409=ORIENTED_EDGE('',*,*,#829,.T.);
#410=ORIENTED_EDGE('',*,*,#832,.F.);
#411=ORIENTED_EDGE('',*,*,#833,.F.);
#412=ORIENTED_EDGE('',*,*,#700,.T.);
#413=ORIENTED_EDGE('',*,*,#831,.F.);
#414=ORIENTED_EDGE('',*,*,#834,.F.);
#415=ORIENTED_EDGE('',*,*,#835,.T.);
#416=ORIENTED_EDGE('',*,*,#710,.T.);
#417=ORIENTED_EDGE('',*,*,#836,.T.);
#418=ORIENTED_EDGE('',*,*,#727,.F.);
#419=ORIENTED_EDGE('',*,*,#701,.T.);
#420=ORIENTED_EDGE('',*,*,#833,.T.);
#421=ORIENTED_EDGE('',*,*,#837,.F.);
#422=ORIENTED_EDGE('',*,*,#838,.T.);
#423=ORIENTED_EDGE('',*,*,#706,.F.);
#424=ORIENTED_EDGE('',*,*,#711,.T.);
#425=ORIENTED_EDGE('',*,*,#835,.F.);
#426=ORIENTED_EDGE('',*,*,#839,.F.);
#427=ORIENTED_EDGE('',*,*,#840,.T.);
#428=ORIENTED_EDGE('',*,*,#707,.F.);
#429=ORIENTED_EDGE('',*,*,#838,.F.);
#430=ORIENTED_EDGE('',*,*,#841,.F.);
#431=ORIENTED_EDGE('',*,*,#842,.F.);
#432=ORIENTED_EDGE('',*,*,#712,.T.);
#433=ORIENTED_EDGE('',*,*,#708,.F.);
#434=ORIENTED_EDGE('',*,*,#840,.F.);
#435=ORIENTED_EDGE('',*,*,#843,.F.);
#436=ORIENTED_EDGE('',*,*,#844,.T.);
#437=ORIENTED_EDGE('',*,*,#713,.T.);
#438=ORIENTED_EDGE('',*,*,#842,.T.);
#439=ORIENTED_EDGE('',*,*,#845,.F.);
#440=ORIENTED_EDGE('',*,*,#846,.F.);
#441=ORIENTED_EDGE('',*,*,#715,.T.);
#442=ORIENTED_EDGE('',*,*,#847,.F.);
#443=ORIENTED_EDGE('',*,*,#728,.F.);
#444=ORIENTED_EDGE('',*,*,#836,.F.);
#445=ORIENTED_EDGE('',*,*,#709,.F.);
#446=ORIENTED_EDGE('',*,*,#844,.F.);
#447=ORIENTED_EDGE('',*,*,#716,.F.);
#448=ORIENTED_EDGE('',*,*,#848,.T.);
#449=ORIENTED_EDGE('',*,*,#718,.F.);
#450=ORIENTED_EDGE('',*,*,#847,.T.);
#451=ORIENTED_EDGE('',*,*,#714,.T.);
#452=ORIENTED_EDGE('',*,*,#846,.T.);
#453=ORIENTED_EDGE('',*,*,#849,.F.);
#454=ORIENTED_EDGE('',*,*,#850,.F.);
#455=ORIENTED_EDGE('',*,*,#851,.F.);
#456=ORIENTED_EDGE('',*,*,#852,.F.);
#457=ORIENTED_EDGE('',*,*,#729,.F.);
#458=ORIENTED_EDGE('',*,*,#809,.F.);
#459=ORIENTED_EDGE('',*,*,#853,.F.);
#460=ORIENTED_EDGE('',*,*,#813,.F.);
#461=ORIENTED_EDGE('',*,*,#719,.F.);
#462=ORIENTED_EDGE('',*,*,#848,.F.);
#463=ORIENTED_EDGE('',*,*,#717,.F.);
#464=ORIENTED_EDGE('',*,*,#850,.T.);
#465=ORIENTED_EDGE('',*,*,#854,.F.);
#466=ORIENTED_EDGE('',*,*,#855,.T.);
#467=ORIENTED_EDGE('',*,*,#761,.T.);
#468=ORIENTED_EDGE('',*,*,#733,.T.);
#469=ORIENTED_EDGE('',*,*,#730,.F.);
#470=ORIENTED_EDGE('',*,*,#852,.T.);
#471=ORIENTED_EDGE('',*,*,#810,.F.);
#472=ORIENTED_EDGE('',*,*,#759,.T.);
#473=ORIENTED_EDGE('',*,*,#744,.F.);
#474=ORIENTED_EDGE('',*,*,#742,.F.);
#475=ORIENTED_EDGE('',*,*,#740,.T.);
#476=ORIENTED_EDGE('',*,*,#754,.T.);
#477=ORIENTED_EDGE('',*,*,#799,.T.);
#478=ORIENTED_EDGE('',*,*,#856,.F.);
#479=ORIENTED_EDGE('',*,*,#803,.F.);
#480=ORIENTED_EDGE('',*,*,#736,.F.);
#481=ORIENTED_EDGE('',*,*,#805,.F.);
#482=ORIENTED_EDGE('',*,*,#857,.F.);
#483=ORIENTED_EDGE('',*,*,#858,.F.);
#484=ORIENTED_EDGE('',*,*,#859,.F.);
#485=ORIENTED_EDGE('',*,*,#763,.T.);
#486=ORIENTED_EDGE('',*,*,#860,.T.);
#487=ORIENTED_EDGE('',*,*,#861,.F.);
#488=ORIENTED_EDGE('',*,*,#764,.T.);
#489=ORIENTED_EDGE('',*,*,#859,.T.);
#490=ORIENTED_EDGE('',*,*,#862,.F.);
#491=ORIENTED_EDGE('',*,*,#863,.F.);
#492=ORIENTED_EDGE('',*,*,#864,.F.);
#493=ORIENTED_EDGE('',*,*,#765,.F.);
#494=ORIENTED_EDGE('',*,*,#755,.T.);
#495=ORIENTED_EDGE('',*,*,#861,.T.);
#496=ORIENTED_EDGE('',*,*,#865,.F.);
#497=ORIENTED_EDGE('',*,*,#866,.T.);
#498=ORIENTED_EDGE('',*,*,#782,.T.);
#499=ORIENTED_EDGE('',*,*,#784,.F.);
#500=ORIENTED_EDGE('',*,*,#867,.F.);
#501=ORIENTED_EDGE('',*,*,#788,.T.);
#502=ORIENTED_EDGE('',*,*,#766,.T.);
#503=ORIENTED_EDGE('',*,*,#864,.T.);
#504=ORIENTED_EDGE('',*,*,#868,.F.);
#505=ORIENTED_EDGE('',*,*,#869,.F.);
#506=ORIENTED_EDGE('',*,*,#769,.T.);
#507=ORIENTED_EDGE('',*,*,#776,.T.);
#508=ORIENTED_EDGE('',*,*,#648,.F.);
#509=ORIENTED_EDGE('',*,*,#780,.F.);
#510=ORIENTED_EDGE('',*,*,#866,.F.);
#511=ORIENTED_EDGE('',*,*,#870,.F.);
#512=ORIENTED_EDGE('',*,*,#871,.T.);
#513=ORIENTED_EDGE('',*,*,#770,.T.);
#514=ORIENTED_EDGE('',*,*,#869,.T.);
#515=ORIENTED_EDGE('',*,*,#872,.F.);
#516=ORIENTED_EDGE('',*,*,#873,.T.);
#517=ORIENTED_EDGE('',*,*,#777,.T.);
#518=ORIENTED_EDGE('',*,*,#771,.T.);
#519=ORIENTED_EDGE('',*,*,#871,.F.);
#520=ORIENTED_EDGE('',*,*,#874,.F.);
#521=ORIENTED_EDGE('',*,*,#875,.T.);
#522=ORIENTED_EDGE('',*,*,#778,.T.);
#523=ORIENTED_EDGE('',*,*,#873,.F.);
#524=ORIENTED_EDGE('',*,*,#876,.F.);
#525=ORIENTED_EDGE('',*,*,#877,.T.);
#526=ORIENTED_EDGE('',*,*,#779,.T.);
#527=ORIENTED_EDGE('',*,*,#875,.F.);
#528=ORIENTED_EDGE('',*,*,#878,.F.);
#529=ORIENTED_EDGE('',*,*,#879,.T.);
#530=ORIENTED_EDGE('',*,*,#772,.F.);
#531=ORIENTED_EDGE('',*,*,#877,.F.);
#532=ORIENTED_EDGE('',*,*,#762,.T.);
#533=ORIENTED_EDGE('',*,*,#855,.F.);
#534=ORIENTED_EDGE('',*,*,#880,.F.);
#535=ORIENTED_EDGE('',*,*,#860,.F.);
#536=ORIENTED_EDGE('',*,*,#881,.T.);
#537=ORIENTED_EDGE('',*,*,#882,.F.);
#538=ORIENTED_EDGE('',*,*,#883,.T.);
#539=ORIENTED_EDGE('',*,*,#884,.T.);
#540=ORIENTED_EDGE('',*,*,#638,.T.);
#541=ORIENTED_EDGE('',*,*,#750,.F.);
#542=ORIENTED_EDGE('',*,*,#748,.F.);
#543=ORIENTED_EDGE('',*,*,#758,.T.);
#544=ORIENTED_EDGE('',*,*,#787,.F.);
#545=ORIENTED_EDGE('',*,*,#885,.F.);
#546=ORIENTED_EDGE('',*,*,#643,.T.);
#547=ORIENTED_EDGE('',*,*,#886,.F.);
#548=ORIENTED_EDGE('',*,*,#883,.F.);
#549=ORIENTED_EDGE('',*,*,#887,.T.);
#550=ORIENTED_EDGE('',*,*,#888,.T.);
#551=ORIENTED_EDGE('',*,*,#889,.F.);
#552=ORIENTED_EDGE('',*,*,#791,.F.);
#553=ORIENTED_EDGE('',*,*,#751,.F.);
#554=ORIENTED_EDGE('',*,*,#890,.F.);
#555=ORIENTED_EDGE('',*,*,#881,.F.);
#556=ORIENTED_EDGE('',*,*,#891,.F.);
#557=ORIENTED_EDGE('',*,*,#892,.T.);
#558=ORIENTED_EDGE('',*,*,#893,.F.);
#559=ORIENTED_EDGE('',*,*,#892,.F.);
#560=ORIENTED_EDGE('',*,*,#894,.F.);
#561=ORIENTED_EDGE('',*,*,#888,.F.);
#562=ORIENTED_EDGE('',*,*,#895,.T.);
#563=ORIENTED_EDGE('',*,*,#806,.F.);
#564=ORIENTED_EDGE('',*,*,#696,.T.);
#565=ORIENTED_EDGE('',*,*,#802,.F.);
#566=ORIENTED_EDGE('',*,*,#807,.F.);
#567=ORIENTED_EDGE('',*,*,#895,.F.);
#568=ORIENTED_EDGE('',*,*,#801,.F.);
#569=ORIENTED_EDGE('',*,*,#896,.F.);
#570=ORIENTED_EDGE('',*,*,#897,.F.);
#571=ORIENTED_EDGE('',*,*,#878,.T.);
#572=ORIENTED_EDGE('',*,*,#876,.T.);
#573=ORIENTED_EDGE('',*,*,#874,.T.);
#574=ORIENTED_EDGE('',*,*,#872,.T.);
#575=ORIENTED_EDGE('',*,*,#870,.T.);
#576=ORIENTED_EDGE('',*,*,#868,.T.);
#577=ORIENTED_EDGE('',*,*,#865,.T.);
#578=ORIENTED_EDGE('',*,*,#863,.T.);
#579=ORIENTED_EDGE('',*,*,#862,.T.);
#580=ORIENTED_EDGE('',*,*,#858,.T.);
#581=ORIENTED_EDGE('',*,*,#880,.T.);
#582=ORIENTED_EDGE('',*,*,#854,.T.);
#583=ORIENTED_EDGE('',*,*,#851,.T.);
#584=ORIENTED_EDGE('',*,*,#849,.T.);
#585=ORIENTED_EDGE('',*,*,#845,.T.);
#586=ORIENTED_EDGE('',*,*,#843,.T.);
#587=ORIENTED_EDGE('',*,*,#841,.T.);
#588=ORIENTED_EDGE('',*,*,#839,.T.);
#589=ORIENTED_EDGE('',*,*,#837,.T.);
#590=ORIENTED_EDGE('',*,*,#834,.T.);
#591=ORIENTED_EDGE('',*,*,#832,.T.);
#592=ORIENTED_EDGE('',*,*,#830,.T.);
#593=ORIENTED_EDGE('',*,*,#828,.T.);
#594=ORIENTED_EDGE('',*,*,#826,.T.);
#595=ORIENTED_EDGE('',*,*,#824,.T.);
#596=ORIENTED_EDGE('',*,*,#822,.T.);
#597=ORIENTED_EDGE('',*,*,#820,.T.);
#598=ORIENTED_EDGE('',*,*,#818,.T.);
#599=ORIENTED_EDGE('',*,*,#816,.T.);
#600=ORIENTED_EDGE('',*,*,#814,.T.);
#601=ORIENTED_EDGE('',*,*,#811,.T.);
#602=ORIENTED_EDGE('',*,*,#853,.T.);
#603=ORIENTED_EDGE('',*,*,#808,.T.);
#604=ORIENTED_EDGE('',*,*,#857,.T.);
#605=ORIENTED_EDGE('',*,*,#804,.T.);
#606=ORIENTED_EDGE('',*,*,#896,.T.);
#607=ORIENTED_EDGE('',*,*,#800,.T.);
#608=ORIENTED_EDGE('',*,*,#856,.T.);
#609=ORIENTED_EDGE('',*,*,#798,.T.);
#610=ORIENTED_EDGE('',*,*,#796,.T.);
#611=ORIENTED_EDGE('',*,*,#794,.T.);
#612=ORIENTED_EDGE('',*,*,#792,.T.);
#613=ORIENTED_EDGE('',*,*,#789,.T.);
#614=ORIENTED_EDGE('',*,*,#889,.T.);
#615=ORIENTED_EDGE('',*,*,#894,.T.);
#616=ORIENTED_EDGE('',*,*,#891,.T.);
#617=ORIENTED_EDGE('',*,*,#885,.T.);
#618=ORIENTED_EDGE('',*,*,#786,.T.);
#619=ORIENTED_EDGE('',*,*,#867,.T.);
#620=ORIENTED_EDGE('',*,*,#783,.T.);
#621=ORIENTED_EDGE('',*,*,#898,.T.);
#622=ORIENTED_EDGE('',*,*,#879,.F.);
#623=ORIENTED_EDGE('',*,*,#897,.T.);
#624=ORIENTED_EDGE('',*,*,#899,.F.);
#625=ORIENTED_EDGE('',*,*,#773,.F.);
#626=ORIENTED_EDGE('',*,*,#774,.T.);
#627=ORIENTED_EDGE('',*,*,#899,.T.);
#628=ORIENTED_EDGE('',*,*,#898,.F.);
#629=ORIENTED_EDGE('',*,*,#785,.F.);
#630=ORIENTED_EDGE('',*,*,#882,.T.);
#631=ORIENTED_EDGE('',*,*,#890,.T.);
#632=ORIENTED_EDGE('',*,*,#893,.T.);
#633=ORIENTED_EDGE('',*,*,#887,.F.);
#634=ORIENTED_EDGE('',*,*,#886,.T.);
#635=ORIENTED_EDGE('',*,*,#642,.F.);
#636=ORIENTED_EDGE('',*,*,#639,.F.);
#637=ORIENTED_EDGE('',*,*,#884,.F.);
#638=EDGE_CURVE('',#900,#901,#1077,.T.);
#639=EDGE_CURVE('',#900,#902,#1078,.T.);
#640=EDGE_CURVE('',#902,#903,#1079,.T.);
#641=EDGE_CURVE('',#901,#903,#1080,.T.);
#642=EDGE_CURVE('',#902,#904,#1081,.T.);
#643=EDGE_CURVE('',#905,#904,#1082,.T.);
#644=EDGE_CURVE('',#903,#905,#1083,.T.);
#645=EDGE_CURVE('',#906,#907,#1084,.T.);
#646=EDGE_CURVE('',#907,#908,#1085,.T.);
#647=EDGE_CURVE('',#908,#909,#1086,.T.);
#648=EDGE_CURVE('',#909,#906,#1087,.T.);
#649=EDGE_CURVE('',#910,#910,#39,.T.);
#650=EDGE_CURVE('',#911,#911,#40,.T.);
#651=EDGE_CURVE('',#912,#912,#41,.T.);
#652=EDGE_CURVE('',#913,#913,#42,.T.);
#653=EDGE_CURVE('',#914,#915,#43,.T.);
#654=EDGE_CURVE('',#916,#914,#1088,.T.);
#655=EDGE_CURVE('',#917,#916,#44,.T.);
#656=EDGE_CURVE('',#918,#917,#1089,.T.);
#657=EDGE_CURVE('',#915,#918,#1090,.T.);
#658=EDGE_CURVE('',#919,#914,#1091,.T.);
#659=EDGE_CURVE('',#919,#920,#1092,.T.);
#660=EDGE_CURVE('',#920,#916,#1093,.T.);
#661=EDGE_CURVE('',#921,#921,#45,.T.);
#662=EDGE_CURVE('',#922,#922,#46,.T.);
#663=EDGE_CURVE('',#923,#924,#47,.T.);
#664=EDGE_CURVE('',#924,#925,#1094,.T.);
#665=EDGE_CURVE('',#926,#925,#48,.T.);
#666=EDGE_CURVE('',#926,#923,#1095,.T.);
#667=EDGE_CURVE('',#927,#924,#49,.T.);
#668=EDGE_CURVE('',#928,#927,#1096,.T.);
#669=EDGE_CURVE('',#925,#928,#50,.T.);
#670=EDGE_CURVE('',#919,#929,#51,.T.);
#671=EDGE_CURVE('',#929,#926,#1097,.T.);
#672=EDGE_CURVE('',#928,#930,#52,.T.);
#673=EDGE_CURVE('',#931,#930,#1098,.T.);
#674=EDGE_CURVE('',#920,#931,#53,.T.);
#675=EDGE_CURVE('',#932,#931,#1099,.T.);
#676=EDGE_CURVE('',#933,#932,#54,.T.);
#677=EDGE_CURVE('',#917,#933,#1100,.T.);
#678=EDGE_CURVE('',#934,#933,#1101,.T.);
#679=EDGE_CURVE('',#918,#934,#1102,.T.);
#680=EDGE_CURVE('',#915,#935,#1103,.T.);
#681=EDGE_CURVE('',#935,#934,#1104,.T.);
#682=EDGE_CURVE('',#935,#936,#55,.T.);
#683=EDGE_CURVE('',#936,#929,#1105,.T.);
#684=EDGE_CURVE('',#937,#937,#56,.T.);
#685=EDGE_CURVE('',#938,#938,#57,.T.);
#686=EDGE_CURVE('',#939,#940,#1106,.T.);
#687=EDGE_CURVE('',#941,#939,#1107,.T.);
#688=EDGE_CURVE('',#941,#942,#1108,.T.);
#689=EDGE_CURVE('',#942,#943,#58,.T.);
#690=EDGE_CURVE('',#944,#943,#59,.T.);
#691=EDGE_CURVE('',#944,#940,#60,.T.);
#692=EDGE_CURVE('',#939,#945,#1109,.T.);
#693=EDGE_CURVE('',#945,#946,#1110,.T.);
#694=EDGE_CURVE('',#941,#946,#1111,.T.);
#695=EDGE_CURVE('',#947,#948,#1112,.T.);
#696=EDGE_CURVE('',#949,#947,#1113,.T.);
#697=EDGE_CURVE('',#950,#949,#1114,.T.);
#698=EDGE_CURVE('',#948,#950,#1115,.T.);
#699=EDGE_CURVE('',#951,#952,#12,.T.);
#700=EDGE_CURVE('',#953,#952,#1116,.T.);
#701=EDGE_CURVE('',#954,#953,#1117,.T.);
#702=EDGE_CURVE('',#955,#954,#1118,.T.);
#703=EDGE_CURVE('',#955,#956,#13,.T.);
#704=EDGE_CURVE('',#951,#956,#1119,.T.);
#705=EDGE_CURVE('',#957,#958,#1120,.T.);
#706=EDGE_CURVE('',#958,#959,#1121,.T.);
#707=EDGE_CURVE('',#959,#960,#1122,.T.);
#708=EDGE_CURVE('',#960,#957,#1123,.T.);
#709=EDGE_CURVE('',#961,#962,#61,.T.);
#710=EDGE_CURVE('',#963,#962,#1124,.T.);
#711=EDGE_CURVE('',#958,#963,#1125,.T.);
#712=EDGE_CURVE('',#964,#957,#1126,.T.);
#713=EDGE_CURVE('',#961,#964,#1127,.T.);
#714=EDGE_CURVE('',#965,#966,#1128,.T.);
#715=EDGE_CURVE('',#966,#965,#62,.T.);
#716=EDGE_CURVE('',#967,#968,#1129,.T.);
#717=EDGE_CURVE('',#968,#967,#63,.T.);
#718=EDGE_CURVE('',#969,#970,#1130,.T.);
#719=EDGE_CURVE('',#970,#971,#64,.T.);
#720=EDGE_CURVE('',#971,#972,#1131,.T.);
#721=EDGE_CURVE('',#972,#973,#1132,.T.);
#722=EDGE_CURVE('',#973,#974,#1133,.T.);
#723=EDGE_CURVE('',#974,#975,#1134,.T.);
#724=EDGE_CURVE('',#975,#976,#1135,.T.);
#725=EDGE_CURVE('',#977,#976,#1136,.T.);
#726=EDGE_CURVE('',#954,#977,#1137,.T.);
#727=EDGE_CURVE('',#954,#978,#1138,.T.);
#728=EDGE_CURVE('',#978,#969,#65,.T.);
#729=EDGE_CURVE('',#979,#980,#1139,.T.);
#730=EDGE_CURVE('',#980,#981,#1140,.T.);
#731=EDGE_CURVE('',#981,#982,#1141,.T.);
#732=EDGE_CURVE('',#979,#982,#1142,.T.);
#733=EDGE_CURVE('',#983,#981,#1143,.T.);
#734=EDGE_CURVE('',#984,#983,#1144,.T.);
#735=EDGE_CURVE('',#982,#984,#1145,.T.);
#736=EDGE_CURVE('',#985,#986,#1146,.T.);
#737=EDGE_CURVE('',#986,#948,#1147,.T.);
#738=EDGE_CURVE('',#985,#950,#1148,.T.);
#739=EDGE_CURVE('',#987,#936,#1149,.T.);
#740=EDGE_CURVE('',#988,#987,#1150,.T.);
#741=EDGE_CURVE('',#923,#988,#1151,.T.);
#742=EDGE_CURVE('',#988,#989,#1152,.T.);
#743=EDGE_CURVE('',#927,#989,#66,.T.);
#744=EDGE_CURVE('',#989,#990,#1153,.T.);
#745=EDGE_CURVE('',#991,#990,#67,.T.);
#746=EDGE_CURVE('',#991,#930,#1154,.T.);
#747=EDGE_CURVE('',#992,#991,#1155,.T.);
#748=EDGE_CURVE('',#992,#993,#1156,.T.);
#749=EDGE_CURVE('',#932,#993,#1157,.T.);
#750=EDGE_CURVE('',#993,#901,#1158,.T.);
#751=EDGE_CURVE('',#905,#994,#1159,.T.);
#752=EDGE_CURVE('',#994,#946,#1160,.T.);
#753=EDGE_CURVE('',#995,#945,#1161,.T.);
#754=EDGE_CURVE('',#987,#995,#1162,.T.);
#755=EDGE_CURVE('',#996,#997,#1163,.T.);
#756=EDGE_CURVE('',#998,#996,#1164,.T.);
#757=EDGE_CURVE('',#999,#998,#1165,.T.);
#758=EDGE_CURVE('',#992,#999,#1166,.T.);
#759=EDGE_CURVE('',#1000,#990,#1167,.T.);
#760=EDGE_CURVE('',#984,#1000,#1168,.T.);
#761=EDGE_CURVE('',#1001,#983,#1169,.T.);
#762=EDGE_CURVE('',#1002,#1001,#1170,.T.);
#763=EDGE_CURVE('',#1003,#1002,#1171,.T.);
#764=EDGE_CURVE('',#997,#1003,#1172,.T.);
#765=EDGE_CURVE('',#996,#1004,#1173,.T.);
#766=EDGE_CURVE('',#1005,#1004,#1174,.T.);
#767=EDGE_CURVE('',#1005,#998,#1175,.T.);
#768=EDGE_CURVE('',#1006,#1007,#1176,.T.);
#769=EDGE_CURVE('',#1008,#1007,#1177,.T.);
#770=EDGE_CURVE('',#1009,#1008,#1178,.T.);
#771=EDGE_CURVE('',#1006,#1009,#1179,.T.);
#772=EDGE_CURVE('',#1010,#1011,#1180,.T.);
#773=EDGE_CURVE('',#1011,#1012,#1181,.T.);
#774=EDGE_CURVE('',#1013,#1012,#1182,.T.);
#775=EDGE_CURVE('',#907,#1013,#1183,.T.);
#776=EDGE_CURVE('',#1007,#906,#1184,.T.);
#777=EDGE_CURVE('',#1014,#1006,#1185,.T.);
#778=EDGE_CURVE('',#1015,#1014,#1186,.T.);
#779=EDGE_CURVE('',#1010,#1015,#1187,.T.);
#780=EDGE_CURVE('',#1016,#909,#1188,.T.);
#781=EDGE_CURVE('',#1017,#908,#1189,.T.);
#782=EDGE_CURVE('',#1016,#1017,#1190,.T.);
#783=EDGE_CURVE('',#1018,#1019,#1191,.T.);
#784=EDGE_CURVE('',#1018,#1017,#68,.T.);
#785=EDGE_CURVE('',#1013,#1019,#1192,.T.);
#786=EDGE_CURVE('',#1020,#1021,#1193,.T.);
#787=EDGE_CURVE('',#1020,#999,#1194,.T.);
#788=EDGE_CURVE('',#1021,#1005,#14,.T.);
#789=EDGE_CURVE('',#1022,#1023,#1195,.T.);
#790=EDGE_CURVE('',#942,#1022,#1196,.T.);
#791=EDGE_CURVE('',#994,#1023,#1197,.T.);
#792=EDGE_CURVE('',#1024,#1022,#69,.T.);
#793=EDGE_CURVE('',#1024,#943,#1198,.T.);
#794=EDGE_CURVE('',#1025,#1024,#70,.T.);
#795=EDGE_CURVE('',#944,#1025,#1199,.T.);
#796=EDGE_CURVE('',#1026,#1025,#71,.T.);
#797=EDGE_CURVE('',#1026,#940,#1200,.T.);
#798=EDGE_CURVE('',#1027,#1026,#1201,.T.);
#799=EDGE_CURVE('',#995,#1027,#1202,.T.);
#800=EDGE_CURVE('',#1028,#1029,#1203,.T.);
#801=EDGE_CURVE('',#1028,#1030,#1204,.T.);
#802=EDGE_CURVE('',#1030,#947,#1205,.T.);
#803=EDGE_CURVE('',#986,#1029,#1206,.T.);
#804=EDGE_CURVE('',#1031,#1032,#1207,.T.);
#805=EDGE_CURVE('',#1031,#985,#1208,.T.);
#806=EDGE_CURVE('',#949,#1033,#1209,.T.);
#807=EDGE_CURVE('',#1033,#1032,#1210,.T.);
#808=EDGE_CURVE('',#1034,#1035,#1211,.T.);
#809=EDGE_CURVE('',#1034,#979,#15,.T.);
#810=EDGE_CURVE('',#1000,#1035,#1212,.T.);
#811=EDGE_CURVE('',#1036,#1037,#1213,.T.);
#812=EDGE_CURVE('',#972,#1036,#1214,.T.);
#813=EDGE_CURVE('',#971,#1037,#1215,.T.);
#814=EDGE_CURVE('',#1038,#1036,#1216,.T.);
#815=EDGE_CURVE('',#973,#1038,#1217,.T.);
#816=EDGE_CURVE('',#1039,#1038,#1218,.T.);
#817=EDGE_CURVE('',#974,#1039,#1219,.T.);
#818=EDGE_CURVE('',#1040,#1039,#1220,.T.);
#819=EDGE_CURVE('',#975,#1040,#1221,.T.);
#820=EDGE_CURVE('',#1041,#1040,#1222,.T.);
#821=EDGE_CURVE('',#976,#1041,#1223,.T.);
#822=EDGE_CURVE('',#1042,#1041,#1224,.T.);
#823=EDGE_CURVE('',#1042,#977,#1225,.T.);
#824=EDGE_CURVE('',#1043,#1042,#1226,.T.);
#825=EDGE_CURVE('',#955,#1043,#1227,.T.);
#826=EDGE_CURVE('',#1044,#1043,#16,.T.);
#827=EDGE_CURVE('',#1044,#956,#1228,.T.);
#828=EDGE_CURVE('',#1045,#1044,#1229,.T.);
#829=EDGE_CURVE('',#951,#1045,#1230,.T.);
#830=EDGE_CURVE('',#1046,#1045,#17,.T.);
#831=EDGE_CURVE('',#1046,#952,#1231,.T.);
#832=EDGE_CURVE('',#1047,#1046,#1232,.T.);
#833=EDGE_CURVE('',#953,#1047,#1233,.T.);
#834=EDGE_CURVE('',#1048,#1047,#1234,.T.);
#835=EDGE_CURVE('',#1048,#963,#1235,.T.);
#836=EDGE_CURVE('',#962,#978,#1236,.T.);
#837=EDGE_CURVE('',#1049,#1048,#1237,.T.);
#838=EDGE_CURVE('',#1049,#959,#72,.T.);
#839=EDGE_CURVE('',#1050,#1049,#1238,.T.);
#840=EDGE_CURVE('',#1050,#960,#73,.T.);
#841=EDGE_CURVE('',#1051,#1050,#1239,.T.);
#842=EDGE_CURVE('',#964,#1051,#1240,.T.);
#843=EDGE_CURVE('',#1052,#1051,#1241,.T.);
#844=EDGE_CURVE('',#1052,#961,#1242,.T.);
#845=EDGE_CURVE('',#1053,#1052,#74,.T.);
#846=EDGE_CURVE('',#966,#1053,#1243,.T.);
#847=EDGE_CURVE('',#969,#965,#1244,.T.);
#848=EDGE_CURVE('',#967,#970,#1245,.T.);
#849=EDGE_CURVE('',#1054,#1053,#1246,.T.);
#850=EDGE_CURVE('',#968,#1054,#1247,.T.);
#851=EDGE_CURVE('',#1055,#1054,#75,.T.);
#852=EDGE_CURVE('',#980,#1055,#18,.T.);
#853=EDGE_CURVE('',#1037,#1034,#76,.T.);
#854=EDGE_CURVE('',#1056,#1055,#1248,.T.);
#855=EDGE_CURVE('',#1056,#1001,#1249,.T.);
#856=EDGE_CURVE('',#1029,#1027,#1250,.T.);
#857=EDGE_CURVE('',#1035,#1031,#1251,.T.);
#858=EDGE_CURVE('',#1057,#1058,#1252,.T.);
#859=EDGE_CURVE('',#1003,#1057,#1253,.T.);
#860=EDGE_CURVE('',#1002,#1058,#1254,.T.);
#861=EDGE_CURVE('',#997,#1059,#1255,.T.);
#862=EDGE_CURVE('',#1059,#1057,#1256,.T.);
#863=EDGE_CURVE('',#1060,#1059,#1257,.T.);
#864=EDGE_CURVE('',#1004,#1060,#19,.T.);
#865=EDGE_CURVE('',#1061,#1060,#1258,.T.);
#866=EDGE_CURVE('',#1061,#1016,#77,.T.);
#867=EDGE_CURVE('',#1021,#1018,#1259,.T.);
#868=EDGE_CURVE('',#1062,#1061,#1260,.T.);
#869=EDGE_CURVE('',#1008,#1062,#78,.T.);
#870=EDGE_CURVE('',#1063,#1062,#1261,.T.);
#871=EDGE_CURVE('',#1063,#1009,#79,.T.);
#872=EDGE_CURVE('',#1064,#1063,#1262,.T.);
#873=EDGE_CURVE('',#1064,#1014,#1263,.T.);
#874=EDGE_CURVE('',#1065,#1064,#1264,.T.);
#875=EDGE_CURVE('',#1065,#1015,#1265,.T.);
#876=EDGE_CURVE('',#1066,#1065,#1266,.T.);
#877=EDGE_CURVE('',#1066,#1010,#1267,.T.);
#878=EDGE_CURVE('',#1067,#1066,#1268,.T.);
#879=EDGE_CURVE('',#1067,#1011,#1269,.T.);
#880=EDGE_CURVE('',#1058,#1056,#1270,.T.);
#881=EDGE_CURVE('',#1068,#1069,#1271,.T.);
#882=EDGE_CURVE('',#1070,#1069,#1272,.T.);
#883=EDGE_CURVE('',#1070,#1071,#1273,.T.);
#884=EDGE_CURVE('',#1071,#900,#1274,.T.);
#885=EDGE_CURVE('',#1068,#1020,#1275,.T.);
#886=EDGE_CURVE('',#1071,#904,#1276,.T.);
#887=EDGE_CURVE('',#1070,#1072,#1277,.T.);
#888=EDGE_CURVE('',#1072,#1073,#1278,.T.);
#889=EDGE_CURVE('',#1023,#1073,#1279,.T.);
#890=EDGE_CURVE('',#1069,#1074,#1280,.T.);
#891=EDGE_CURVE('',#1075,#1068,#1281,.T.);
#892=EDGE_CURVE('',#1075,#1074,#1282,.T.);
#893=EDGE_CURVE('',#1074,#1072,#1283,.T.);
#894=EDGE_CURVE('',#1073,#1075,#1284,.T.);
#895=EDGE_CURVE('',#1030,#1033,#1285,.T.);
#896=EDGE_CURVE('',#1032,#1028,#1286,.T.);
#897=EDGE_CURVE('',#1067,#1076,#1287,.T.);
#898=EDGE_CURVE('',#1019,#1076,#1288,.T.);
#899=EDGE_CURVE('',#1012,#1076,#1289,.T.);
#900=VERTEX_POINT('',#2726);
#901=VERTEX_POINT('',#2727);
#902=VERTEX_POINT('',#2729);
#903=VERTEX_POINT('',#2731);
#904=VERTEX_POINT('',#2735);
#905=VERTEX_POINT('',#2737);
#906=VERTEX_POINT('',#2741);
#907=VERTEX_POINT('',#2742);
#908=VERTEX_POINT('',#2744);
#909=VERTEX_POINT('',#2746);
#910=VERTEX_POINT('',#2750);
#911=VERTEX_POINT('',#2752);
#912=VERTEX_POINT('',#2755);
#913=VERTEX_POINT('',#2758);
#914=VERTEX_POINT('',#2761);
#915=VERTEX_POINT('',#2762);
#916=VERTEX_POINT('',#2764);
#917=VERTEX_POINT('',#2766);
#918=VERTEX_POINT('',#2768);
#919=VERTEX_POINT('',#2772);
#920=VERTEX_POINT('',#2774);
#921=VERTEX_POINT('',#2778);
#922=VERTEX_POINT('',#2780);
#923=VERTEX_POINT('',#2783);
#924=VERTEX_POINT('',#2784);
#925=VERTEX_POINT('',#2786);
#926=VERTEX_POINT('',#2788);
#927=VERTEX_POINT('',#2792);
#928=VERTEX_POINT('',#2794);
#929=VERTEX_POINT('',#2798);
#930=VERTEX_POINT('',#2801);
#931=VERTEX_POINT('',#2803);
#932=VERTEX_POINT('',#2807);
#933=VERTEX_POINT('',#2809);
#934=VERTEX_POINT('',#2813);
#935=VERTEX_POINT('',#2817);
#936=VERTEX_POINT('',#2821);
#937=VERTEX_POINT('',#2825);
#938=VERTEX_POINT('',#2827);
#939=VERTEX_POINT('',#2830);
#940=VERTEX_POINT('',#2831);
#941=VERTEX_POINT('',#2833);
#942=VERTEX_POINT('',#2835);
#943=VERTEX_POINT('',#2837);
#944=VERTEX_POINT('',#2839);
#945=VERTEX_POINT('',#2843);
#946=VERTEX_POINT('',#2845);
#947=VERTEX_POINT('',#2849);
#948=VERTEX_POINT('',#2850);
#949=VERTEX_POINT('',#2852);
#950=VERTEX_POINT('',#2854);
#951=VERTEX_POINT('',#2858);
#952=VERTEX_POINT('',#2859);
#953=VERTEX_POINT('',#2861);
#954=VERTEX_POINT('',#2863);
#955=VERTEX_POINT('',#2865);
#956=VERTEX_POINT('',#2867);
#957=VERTEX_POINT('',#2871);
#958=VERTEX_POINT('',#2872);
#959=VERTEX_POINT('',#2874);
#960=VERTEX_POINT('',#2876);
#961=VERTEX_POINT('',#2880);
#962=VERTEX_POINT('',#2881);
#963=VERTEX_POINT('',#2883);
#964=VERTEX_POINT('',#2886);
#965=VERTEX_POINT('',#2890);
#966=VERTEX_POINT('',#2891);
#967=VERTEX_POINT('',#2895);
#968=VERTEX_POINT('',#2896);
#969=VERTEX_POINT('',#2900);
#970=VERTEX_POINT('',#2901);
#971=VERTEX_POINT('',#2903);
#972=VERTEX_POINT('',#2905);
#973=VERTEX_POINT('',#2907);
#974=VERTEX_POINT('',#2909);
#975=VERTEX_POINT('',#2911);
#976=VERTEX_POINT('',#2913);
#977=VERTEX_POINT('',#2915);
#978=VERTEX_POINT('',#2918);
#979=VERTEX_POINT('',#2922);
#980=VERTEX_POINT('',#2923);
#981=VERTEX_POINT('',#2925);
#982=VERTEX_POINT('',#2927);
#983=VERTEX_POINT('',#2931);
#984=VERTEX_POINT('',#2933);
#985=VERTEX_POINT('',#2937);
#986=VERTEX_POINT('',#2938);
#987=VERTEX_POINT('',#2943);
#988=VERTEX_POINT('',#2945);
#989=VERTEX_POINT('',#2949);
#990=VERTEX_POINT('',#2953);
#991=VERTEX_POINT('',#2955);
#992=VERTEX_POINT('',#2959);
#993=VERTEX_POINT('',#2961);
#994=VERTEX_POINT('',#2966);
#995=VERTEX_POINT('',#2969);
#996=VERTEX_POINT('',#2973);
#997=VERTEX_POINT('',#2974);
#998=VERTEX_POINT('',#2976);
#999=VERTEX_POINT('',#2978);
#1000=VERTEX_POINT('',#2981);
#1001=VERTEX_POINT('',#2984);
#1002=VERTEX_POINT('',#2986);
#1003=VERTEX_POINT('',#2988);
#1004=VERTEX_POINT('',#2992);
#1005=VERTEX_POINT('',#2994);
#1006=VERTEX_POINT('',#2998);
#1007=VERTEX_POINT('',#2999);
#1008=VERTEX_POINT('',#3001);
#1009=VERTEX_POINT('',#3003);
#1010=VERTEX_POINT('',#3007);
#1011=VERTEX_POINT('',#3008);
#1012=VERTEX_POINT('',#3010);
#1013=VERTEX_POINT('',#3012);
#1014=VERTEX_POINT('',#3016);
#1015=VERTEX_POINT('',#3018);
#1016=VERTEX_POINT('',#3022);
#1017=VERTEX_POINT('',#3024);
#1018=VERTEX_POINT('',#3028);
#1019=VERTEX_POINT('',#3029);
#1020=VERTEX_POINT('',#3034);
#1021=VERTEX_POINT('',#3035);
#1022=VERTEX_POINT('',#3040);
#1023=VERTEX_POINT('',#3041);
#1024=VERTEX_POINT('',#3046);
#1025=VERTEX_POINT('',#3050);
#1026=VERTEX_POINT('',#3054);
#1027=VERTEX_POINT('',#3058);
#1028=VERTEX_POINT('',#3062);
#1029=VERTEX_POINT('',#3063);
#1030=VERTEX_POINT('',#3065);
#1031=VERTEX_POINT('',#3070);
#1032=VERTEX_POINT('',#3071);
#1033=VERTEX_POINT('',#3074);
#1034=VERTEX_POINT('',#3078);
#1035=VERTEX_POINT('',#3079);
#1036=VERTEX_POINT('',#3084);
#1037=VERTEX_POINT('',#3085);
#1038=VERTEX_POINT('',#3090);
#1039=VERTEX_POINT('',#3094);
#1040=VERTEX_POINT('',#3098);
#1041=VERTEX_POINT('',#3102);
#1042=VERTEX_POINT('',#3106);
#1043=VERTEX_POINT('',#3110);
#1044=VERTEX_POINT('',#3114);
#1045=VERTEX_POINT('',#3118);
#1046=VERTEX_POINT('',#3122);
#1047=VERTEX_POINT('',#3126);
#1048=VERTEX_POINT('',#3130);
#1049=VERTEX_POINT('',#3135);
#1050=VERTEX_POINT('',#3139);
#1051=VERTEX_POINT('',#3143);
#1052=VERTEX_POINT('',#3147);
#1053=VERTEX_POINT('',#3151);
#1054=VERTEX_POINT('',#3157);
#1055=VERTEX_POINT('',#3161);
#1056=VERTEX_POINT('',#3166);
#1057=VERTEX_POINT('',#3173);
#1058=VERTEX_POINT('',#3174);
#1059=VERTEX_POINT('',#3179);
#1060=VERTEX_POINT('',#3183);
#1061=VERTEX_POINT('',#3187);
#1062=VERTEX_POINT('',#3192);
#1063=VERTEX_POINT('',#3196);
#1064=VERTEX_POINT('',#3200);
#1065=VERTEX_POINT('',#3204);
#1066=VERTEX_POINT('',#3208);
#1067=VERTEX_POINT('',#3212);
#1068=VERTEX_POINT('',#3218);
#1069=VERTEX_POINT('',#3219);
#1070=VERTEX_POINT('',#3221);
#1071=VERTEX_POINT('',#3223);
#1072=VERTEX_POINT('',#3229);
#1073=VERTEX_POINT('',#3231);
#1074=VERTEX_POINT('',#3235);
#1075=VERTEX_POINT('',#3237);
#1076=VERTEX_POINT('',#3248);
#1077=LINE('',#2725,#1290);
#1078=LINE('',#2728,#1291);
#1079=LINE('',#2730,#1292);
#1080=LINE('',#2732,#1293);
#1081=LINE('',#2734,#1294);
#1082=LINE('',#2736,#1295);
#1083=LINE('',#2738,#1296);
#1084=LINE('',#2740,#1297);
#1085=LINE('',#2743,#1298);
#1086=LINE('',#2745,#1299);
#1087=LINE('',#2747,#1300);
#1088=LINE('',#2763,#1301);
#1089=LINE('',#2767,#1302);
#1090=LINE('',#2769,#1303);
#1091=LINE('',#2771,#1304);
#1092=LINE('',#2773,#1305);
#1093=LINE('',#2775,#1306);
#1094=LINE('',#2785,#1307);
#1095=LINE('',#2789,#1308);
#1096=LINE('',#2793,#1309);
#1097=LINE('',#2799,#1310);
#1098=LINE('',#2802,#1311);
#1099=LINE('',#2806,#1312);
#1100=LINE('',#2810,#1313);
#1101=LINE('',#2812,#1314);
#1102=LINE('',#2814,#1315);
#1103=LINE('',#2816,#1316);
#1104=LINE('',#2818,#1317);
#1105=LINE('',#2822,#1318);
#1106=LINE('',#2829,#1319);
#1107=LINE('',#2832,#1320);
#1108=LINE('',#2834,#1321);
#1109=LINE('',#2842,#1322);
#1110=LINE('',#2844,#1323);
#1111=LINE('',#2846,#1324);
#1112=LINE('',#2848,#1325);
#1113=LINE('',#2851,#1326);
#1114=LINE('',#2853,#1327);
#1115=LINE('',#2855,#1328);
#1116=LINE('',#2860,#1329);
#1117=LINE('',#2862,#1330);
#1118=LINE('',#2864,#1331);
#1119=LINE('',#2868,#1332);
#1120=LINE('',#2870,#1333);
#1121=LINE('',#2873,#1334);
#1122=LINE('',#2875,#1335);
#1123=LINE('',#2877,#1336);
#1124=LINE('',#2882,#1337);
#1125=LINE('',#2884,#1338);
#1126=LINE('',#2885,#1339);
#1127=LINE('',#2887,#1340);
#1128=LINE('',#2889,#1341);
#1129=LINE('',#2894,#1342);
#1130=LINE('',#2899,#1343);
#1131=LINE('',#2904,#1344);
#1132=LINE('',#2906,#1345);
#1133=LINE('',#2908,#1346);
#1134=LINE('',#2910,#1347);
#1135=LINE('',#2912,#1348);
#1136=LINE('',#2914,#1349);
#1137=LINE('',#2916,#1350);
#1138=LINE('',#2917,#1351);
#1139=LINE('',#2921,#1352);
#1140=LINE('',#2924,#1353);
#1141=LINE('',#2926,#1354);
#1142=LINE('',#2928,#1355);
#1143=LINE('',#2930,#1356);
#1144=LINE('',#2932,#1357);
#1145=LINE('',#2934,#1358);
#1146=LINE('',#2936,#1359);
#1147=LINE('',#2939,#1360);
#1148=LINE('',#2940,#1361);
#1149=LINE('',#2942,#1362);
#1150=LINE('',#2944,#1363);
#1151=LINE('',#2946,#1364);
#1152=LINE('',#2948,#1365);
#1153=LINE('',#2952,#1366);
#1154=LINE('',#2956,#1367);
#1155=LINE('',#2958,#1368);
#1156=LINE('',#2960,#1369);
#1157=LINE('',#2962,#1370);
#1158=LINE('',#2964,#1371);
#1159=LINE('',#2965,#1372);
#1160=LINE('',#2967,#1373);
#1161=LINE('',#2968,#1374);
#1162=LINE('',#2970,#1375);
#1163=LINE('',#2972,#1376);
#1164=LINE('',#2975,#1377);
#1165=LINE('',#2977,#1378);
#1166=LINE('',#2979,#1379);
#1167=LINE('',#2980,#1380);
#1168=LINE('',#2982,#1381);
#1169=LINE('',#2983,#1382);
#1170=LINE('',#2985,#1383);
#1171=LINE('',#2987,#1384);
#1172=LINE('',#2989,#1385);
#1173=LINE('',#2991,#1386);
#1174=LINE('',#2993,#1387);
#1175=LINE('',#2995,#1388);
#1176=LINE('',#2997,#1389);
#1177=LINE('',#3000,#1390);
#1178=LINE('',#3002,#1391);
#1179=LINE('',#3004,#1392);
#1180=LINE('',#3006,#1393);
#1181=LINE('',#3009,#1394);
#1182=LINE('',#3011,#1395);
#1183=LINE('',#3013,#1396);
#1184=LINE('',#3014,#1397);
#1185=LINE('',#3015,#1398);
#1186=LINE('',#3017,#1399);
#1187=LINE('',#3019,#1400);
#1188=LINE('',#3021,#1401);
#1189=LINE('',#3023,#1402);
#1190=LINE('',#3025,#1403);
#1191=LINE('',#3027,#1404);
#1192=LINE('',#3031,#1405);
#1193=LINE('',#3033,#1406);
#1194=LINE('',#3036,#1407);
#1195=LINE('',#3039,#1408);
#1196=LINE('',#3042,#1409);
#1197=LINE('',#3043,#1410);
#1198=LINE('',#3047,#1411);
#1199=LINE('',#3051,#1412);
#1200=LINE('',#3055,#1413);
#1201=LINE('',#3057,#1414);
#1202=LINE('',#3059,#1415);
#1203=LINE('',#3061,#1416);
#1204=LINE('',#3064,#1417);
#1205=LINE('',#3066,#1418);
#1206=LINE('',#3067,#1419);
#1207=LINE('',#3069,#1420);
#1208=LINE('',#3072,#1421);
#1209=LINE('',#3073,#1422);
#1210=LINE('',#3075,#1423);
#1211=LINE('',#3077,#1424);
#1212=LINE('',#3081,#1425);
#1213=LINE('',#3083,#1426);
#1214=LINE('',#3086,#1427);
#1215=LINE('',#3087,#1428);
#1216=LINE('',#3089,#1429);
#1217=LINE('',#3091,#1430);
#1218=LINE('',#3093,#1431);
#1219=LINE('',#3095,#1432);
#1220=LINE('',#3097,#1433);
#1221=LINE('',#3099,#1434);
#1222=LINE('',#3101,#1435);
#1223=LINE('',#3103,#1436);
#1224=LINE('',#3105,#1437);
#1225=LINE('',#3107,#1438);
#1226=LINE('',#3109,#1439);
#1227=LINE('',#3111,#1440);
#1228=LINE('',#3115,#1441);
#1229=LINE('',#3117,#1442);
#1230=LINE('',#3119,#1443);
#1231=LINE('',#3123,#1444);
#1232=LINE('',#3125,#1445);
#1233=LINE('',#3127,#1446);
#1234=LINE('',#3129,#1447);
#1235=LINE('',#3131,#1448);
#1236=LINE('',#3132,#1449);
#1237=LINE('',#3134,#1450);
#1238=LINE('',#3138,#1451);
#1239=LINE('',#3142,#1452);
#1240=LINE('',#3144,#1453);
#1241=LINE('',#3146,#1454);
#1242=LINE('',#3148,#1455);
#1243=LINE('',#3152,#1456);
#1244=LINE('',#3153,#1457);
#1245=LINE('',#3155,#1458);
#1246=LINE('',#3156,#1459);
#1247=LINE('',#3158,#1460);
#1248=LINE('',#3165,#1461);
#1249=LINE('',#3167,#1462);
#1250=LINE('',#3169,#1463);
#1251=LINE('',#3170,#1464);
#1252=LINE('',#3172,#1465);
#1253=LINE('',#3175,#1466);
#1254=LINE('',#3176,#1467);
#1255=LINE('',#3178,#1468);
#1256=LINE('',#3180,#1469);
#1257=LINE('',#3182,#1470);
#1258=LINE('',#3186,#1471);
#1259=LINE('',#3189,#1472);
#1260=LINE('',#3191,#1473);
#1261=LINE('',#3195,#1474);
#1262=LINE('',#3199,#1475);
#1263=LINE('',#3201,#1476);
#1264=LINE('',#3203,#1477);
#1265=LINE('',#3205,#1478);
#1266=LINE('',#3207,#1479);
#1267=LINE('',#3209,#1480);
#1268=LINE('',#3211,#1481);
#1269=LINE('',#3213,#1482);
#1270=LINE('',#3215,#1483);
#1271=LINE('',#3217,#1484);
#1272=LINE('',#3220,#1485);
#1273=LINE('',#3222,#1486);
#1274=LINE('',#3224,#1487);
#1275=LINE('',#3225,#1488);
#1276=LINE('',#3227,#1489);
#1277=LINE('',#3228,#1490);
#1278=LINE('',#3230,#1491);
#1279=LINE('',#3232,#1492);
#1280=LINE('',#3234,#1493);
#1281=LINE('',#3236,#1494);
#1282=LINE('',#3238,#1495);
#1283=LINE('',#3240,#1496);
#1284=LINE('',#3241,#1497);
#1285=LINE('',#3243,#1498);
#1286=LINE('',#3245,#1499);
#1287=LINE('',#3247,#1500);
#1288=LINE('',#3249,#1501);
#1289=LINE('',#3251,#1502);
#1290=VECTOR('',#2230,1.);
#1291=VECTOR('',#2231,1.);
#1292=VECTOR('',#2232,1.);
#1293=VECTOR('',#2233,1.);
#1294=VECTOR('',#2236,1.);
#1295=VECTOR('',#2237,1.);
#1296=VECTOR('',#2238,1.);
#1297=VECTOR('',#2241,1.);
#1298=VECTOR('',#2242,1.);
#1299=VECTOR('',#2243,1.);
#1300=VECTOR('',#2244,1.);
#1301=VECTOR('',#2263,1.);
#1302=VECTOR('',#2266,1.);
#1303=VECTOR('',#2267,1.);
#1304=VECTOR('',#2270,1.);
#1305=VECTOR('',#2271,1.);
#1306=VECTOR('',#2272,1.);
#1307=VECTOR('',#2283,1.);
#1308=VECTOR('',#2286,1.);
#1309=VECTOR('',#2291,1.);
#1310=VECTOR('',#2298,1.);
#1311=VECTOR('',#2301,1.);
#1312=VECTOR('',#2306,1.);
#1313=VECTOR('',#2309,1.);
#1314=VECTOR('',#2312,1.);
#1315=VECTOR('',#2313,1.);
#1316=VECTOR('',#2316,1.);
#1317=VECTOR('',#2317,1.);
#1318=VECTOR('',#2322,1.);
#1319=VECTOR('',#2331,1.);
#1320=VECTOR('',#2332,1.);
#1321=VECTOR('',#2333,1.);
#1322=VECTOR('',#2342,1.);
#1323=VECTOR('',#2343,1.);
#1324=VECTOR('',#2344,1.);
#1325=VECTOR('',#2347,1.);
#1326=VECTOR('',#2348,1.);
#1327=VECTOR('',#2349,1.);
#1328=VECTOR('',#2350,1.);
#1329=VECTOR('',#2355,1.);
#1330=VECTOR('',#2356,1.);
#1331=VECTOR('',#2357,1.);
#1332=VECTOR('',#2360,1.);
#1333=VECTOR('',#2363,1.);
#1334=VECTOR('',#2364,1.);
#1335=VECTOR('',#2365,1.);
#1336=VECTOR('',#2366,1.);
#1337=VECTOR('',#2371,1.);
#1338=VECTOR('',#2372,1.);
#1339=VECTOR('',#2373,1.);
#1340=VECTOR('',#2374,1.);
#1341=VECTOR('',#2377,1.);
#1342=VECTOR('',#2382,1.);
#1343=VECTOR('',#2387,1.);
#1344=VECTOR('',#2390,1.);
#1345=VECTOR('',#2391,1.);
#1346=VECTOR('',#2392,1.);
#1347=VECTOR('',#2393,1.);
#1348=VECTOR('',#2394,1.);
#1349=VECTOR('',#2395,1.);
#1350=VECTOR('',#2396,1.);
#1351=VECTOR('',#2397,1.);
#1352=VECTOR('',#2402,1.);
#1353=VECTOR('',#2403,1.);
#1354=VECTOR('',#2404,1.);
#1355=VECTOR('',#2405,1.);
#1356=VECTOR('',#2408,1.);
#1357=VECTOR('',#2409,1.);
#1358=VECTOR('',#2410,1.);
#1359=VECTOR('',#2413,1.);
#1360=VECTOR('',#2414,1.);
#1361=VECTOR('',#2415,1.);
#1362=VECTOR('',#2418,1.);
#1363=VECTOR('',#2419,1.);
#1364=VECTOR('',#2420,1.);
#1365=VECTOR('',#2423,1.);
#1366=VECTOR('',#2428,1.);
#1367=VECTOR('',#2431,1.);
#1368=VECTOR('',#2434,1.);
#1369=VECTOR('',#2435,1.);
#1370=VECTOR('',#2436,1.);
#1371=VECTOR('',#2439,1.);
#1372=VECTOR('',#2440,1.);
#1373=VECTOR('',#2441,1.);
#1374=VECTOR('',#2442,1.);
#1375=VECTOR('',#2443,1.);
#1376=VECTOR('',#2446,1.);
#1377=VECTOR('',#2447,1.);
#1378=VECTOR('',#2448,1.);
#1379=VECTOR('',#2449,1.);
#1380=VECTOR('',#2450,1.);
#1381=VECTOR('',#2451,1.);
#1382=VECTOR('',#2452,1.);
#1383=VECTOR('',#2453,1.);
#1384=VECTOR('',#2454,1.);
#1385=VECTOR('',#2455,1.);
#1386=VECTOR('',#2458,1.);
#1387=VECTOR('',#2459,1.);
#1388=VECTOR('',#2460,1.);
#1389=VECTOR('',#2463,1.);
#1390=VECTOR('',#2464,1.);
#1391=VECTOR('',#2465,1.);
#1392=VECTOR('',#2466,1.);
#1393=VECTOR('',#2469,1.);
#1394=VECTOR('',#2470,1.);
#1395=VECTOR('',#2471,1.);
#1396=VECTOR('',#2472,1.);
#1397=VECTOR('',#2473,1.);
#1398=VECTOR('',#2474,1.);
#1399=VECTOR('',#2475,1.);
#1400=VECTOR('',#2476,1.);
#1401=VECTOR('',#2479,1.);
#1402=VECTOR('',#2480,1.);
#1403=VECTOR('',#2481,1.);
#1404=VECTOR('',#2484,1.);
#1405=VECTOR('',#2487,1.);
#1406=VECTOR('',#2490,1.);
#1407=VECTOR('',#2491,1.);
#1408=VECTOR('',#2496,1.);
#1409=VECTOR('',#2497,1.);
#1410=VECTOR('',#2498,1.);
#1411=VECTOR('',#2503,1.);
#1412=VECTOR('',#2508,1.);
#1413=VECTOR('',#2513,1.);
#1414=VECTOR('',#2516,1.);
#1415=VECTOR('',#2517,1.);
#1416=VECTOR('',#2520,1.);
#1417=VECTOR('',#2521,1.);
#1418=VECTOR('',#2522,1.);
#1419=VECTOR('',#2523,1.);
#1420=VECTOR('',#2526,1.);
#1421=VECTOR('',#2527,1.);
#1422=VECTOR('',#2528,1.);
#1423=VECTOR('',#2529,1.);
#1424=VECTOR('',#2532,1.);
#1425=VECTOR('',#2535,1.);
#1426=VECTOR('',#2538,1.);
#1427=VECTOR('',#2539,1.);
#1428=VECTOR('',#2540,1.);
#1429=VECTOR('',#2543,1.);
#1430=VECTOR('',#2544,1.);
#1431=VECTOR('',#2547,1.);
#1432=VECTOR('',#2548,1.);
#1433=VECTOR('',#2551,1.);
#1434=VECTOR('',#2552,1.);
#1435=VECTOR('',#2555,1.);
#1436=VECTOR('',#2556,1.);
#1437=VECTOR('',#2559,1.);
#1438=VECTOR('',#2560,1.);
#1439=VECTOR('',#2563,1.);
#1440=VECTOR('',#2564,1.);
#1441=VECTOR('',#2569,1.);
#1442=VECTOR('',#2572,1.);
#1443=VECTOR('',#2573,1.);
#1444=VECTOR('',#2578,1.);
#1445=VECTOR('',#2581,1.);
#1446=VECTOR('',#2582,1.);
#1447=VECTOR('',#2585,1.);
#1448=VECTOR('',#2586,1.);
#1449=VECTOR('',#2587,1.);
#1450=VECTOR('',#2590,1.);
#1451=VECTOR('',#2595,1.);
#1452=VECTOR('',#2600,1.);
#1453=VECTOR('',#2601,1.);
#1454=VECTOR('',#2604,1.);
#1455=VECTOR('',#2605,1.);
#1456=VECTOR('',#2610,1.);
#1457=VECTOR('',#2611,1.);
#1458=VECTOR('',#2614,1.);
#1459=VECTOR('',#2615,1.);
#1460=VECTOR('',#2616,1.);
#1461=VECTOR('',#2627,1.);
#1462=VECTOR('',#2628,1.);
#1463=VECTOR('',#2631,1.);
#1464=VECTOR('',#2632,1.);
#1465=VECTOR('',#2635,1.);
#1466=VECTOR('',#2636,1.);
#1467=VECTOR('',#2637,1.);
#1468=VECTOR('',#2640,1.);
#1469=VECTOR('',#2641,1.);
#1470=VECTOR('',#2644,1.);
#1471=VECTOR('',#2649,1.);
#1472=VECTOR('',#2652,1.);
#1473=VECTOR('',#2655,1.);
#1474=VECTOR('',#2660,1.);
#1475=VECTOR('',#2665,1.);
#1476=VECTOR('',#2666,1.);
#1477=VECTOR('',#2669,1.);
#1478=VECTOR('',#2670,1.);
#1479=VECTOR('',#2673,1.);
#1480=VECTOR('',#2674,1.);
#1481=VECTOR('',#2677,1.);
#1482=VECTOR('',#2678,1.);
#1483=VECTOR('',#2681,1.);
#1484=VECTOR('',#2684,1.);
#1485=VECTOR('',#2685,1.);
#1486=VECTOR('',#2686,1.);
#1487=VECTOR('',#2687,1.);
#1488=VECTOR('',#2688,1.);
#1489=VECTOR('',#2691,1.);
#1490=VECTOR('',#2692,1.);
#1491=VECTOR('',#2693,1.);
#1492=VECTOR('',#2694,1.);
#1493=VECTOR('',#2697,1.);
#1494=VECTOR('',#2698,1.);
#1495=VECTOR('',#2699,1.);
#1496=VECTOR('',#2702,1.);
#1497=VECTOR('',#2703,1.);
#1498=VECTOR('',#2706,1.);
#1499=VECTOR('',#2709,1.);
#1500=VECTOR('',#2712,1.);
#1501=VECTOR('',#2713,1.);
#1502=VECTOR('',#2716,1.);
#1503=EDGE_LOOP('',(#114,#115,#116,#117));
#1504=EDGE_LOOP('',(#118,#119,#120,#121));
#1505=EDGE_LOOP('',(#122,#123,#124,#125));
#1506=EDGE_LOOP('',(#126));
#1507=EDGE_LOOP('',(#127));
#1508=EDGE_LOOP('',(#128));
#1509=EDGE_LOOP('',(#129));
#1510=EDGE_LOOP('',(#130));
#1511=EDGE_LOOP('',(#131));
#1512=EDGE_LOOP('',(#132));
#1513=EDGE_LOOP('',(#133,#134,#135,#136,#137));
#1514=EDGE_LOOP('',(#138,#139,#140,#141));
#1515=EDGE_LOOP('',(#142));
#1516=EDGE_LOOP('',(#143));
#1517=EDGE_LOOP('',(#144,#145,#146,#147));
#1518=EDGE_LOOP('',(#148,#149,#150,#151));
#1519=EDGE_LOOP('',(#152));
#1520=EDGE_LOOP('',(#153,#154,#155,#156,#157,#158,#159,#160));
#1521=EDGE_LOOP('',(#161,#162,#163,#164,#165,#166));
#1522=EDGE_LOOP('',(#167,#168,#169,#170));
#1523=EDGE_LOOP('',(#171,#172,#173,#174));
#1524=EDGE_LOOP('',(#175,#176,#177,#178,#179,#180));
#1525=EDGE_LOOP('',(#181));
#1526=EDGE_LOOP('',(#182));
#1527=EDGE_LOOP('',(#183));
#1528=EDGE_LOOP('',(#184,#185,#186,#187,#188,#189));
#1529=EDGE_LOOP('',(#190,#191,#192,#193));
#1530=EDGE_LOOP('',(#194,#195,#196,#197));
#1531=EDGE_LOOP('',(#198,#199,#200,#201,#202,#203));
#1532=EDGE_LOOP('',(#204,#205,#206,#207));
#1533=EDGE_LOOP('',(#208,#209,#210,#211,#212,#213));
#1534=EDGE_LOOP('',(#214));
#1535=EDGE_LOOP('',(#215,#216));
#1536=EDGE_LOOP('',(#217));
#1537=EDGE_LOOP('',(#218,#219));
#1538=EDGE_LOOP('',(#220,#221,#222,#223,#224,#225,#226,#227,#228,#229,#230));
#1539=EDGE_LOOP('',(#231,#232,#233,#234));
#1540=EDGE_LOOP('',(#235,#236,#237,#238));
#1541=EDGE_LOOP('',(#239,#240,#241,#242));
#1542=EDGE_LOOP('',(#243,#244,#245,#246,#247,#248));
#1543=EDGE_LOOP('',(#249,#250,#251,#252,#253));
#1544=EDGE_LOOP('',(#254,#255,#256,#257,#258,#259));
#1545=EDGE_LOOP('',(#260,#261,#262,#263,#264,#265));
#1546=EDGE_LOOP('',(#266));
#1547=EDGE_LOOP('',(#267,#268,#269,#270,#271,#272,#273,#274,#275,#276,#277,
#278,#279,#280));
#1548=EDGE_LOOP('',(#281,#282,#283,#284,#285,#286,#287,#288,#289,#290,#291,
#292,#293));
#1549=EDGE_LOOP('',(#294,#295,#296,#297));
#1550=EDGE_LOOP('',(#298,#299,#300,#301));
#1551=EDGE_LOOP('',(#302,#303,#304,#305,#306,#307,#308,#309,#310,#311));
#1552=EDGE_LOOP('',(#312,#313,#314,#315));
#1553=EDGE_LOOP('',(#316,#317,#318,#319,#320,#321));
#1554=EDGE_LOOP('',(#322,#323,#324,#325,#326));
#1555=EDGE_LOOP('',(#327,#328,#329,#330,#331,#332));
#1556=EDGE_LOOP('',(#333,#334,#335,#336));
#1557=EDGE_LOOP('',(#337,#338,#339,#340));
#1558=EDGE_LOOP('',(#341,#342,#343,#344));
#1559=EDGE_LOOP('',(#345,#346,#347,#348,#349,#350));
#1560=EDGE_LOOP('',(#351,#352,#353,#354,#355,#356));
#1561=EDGE_LOOP('',(#357,#358,#359,#360,#361,#362));
#1562=EDGE_LOOP('',(#363,#364,#365,#366,#367,#368));
#1563=EDGE_LOOP('',(#369,#370,#371,#372));
#1564=EDGE_LOOP('',(#373,#374,#375,#376));
#1565=EDGE_LOOP('',(#377,#378,#379,#380));
#1566=EDGE_LOOP('',(#381,#382,#383,#384));
#1567=EDGE_LOOP('',(#385,#386,#387,#388));
#1568=EDGE_LOOP('',(#389,#390,#391,#392));
#1569=EDGE_LOOP('',(#393,#394,#395,#396,#397));
#1570=EDGE_LOOP('',(#398,#399,#400,#401));
#1571=EDGE_LOOP('',(#402,#403,#404,#405));
#1572=EDGE_LOOP('',(#406,#407,#408,#409));
#1573=EDGE_LOOP('',(#410,#411,#412,#413));
#1574=EDGE_LOOP('',(#414,#415,#416,#417,#418,#419,#420));
#1575=EDGE_LOOP('',(#421,#422,#423,#424,#425));
#1576=EDGE_LOOP('',(#426,#427,#428,#429));
#1577=EDGE_LOOP('',(#430,#431,#432,#433,#434));
#1578=EDGE_LOOP('',(#435,#436,#437,#438));
#1579=EDGE_LOOP('',(#439,#440,#441,#442,#443,#444,#445,#446));
#1580=EDGE_LOOP('',(#447,#448,#449,#450,#451,#452,#453,#454));
#1581=EDGE_LOOP('',(#455,#456,#457,#458,#459,#460,#461,#462,#463,#464));
#1582=EDGE_LOOP('',(#465,#466,#467,#468,#469,#470));
#1583=EDGE_LOOP('',(#471,#472,#473,#474,#475,#476,#477,#478,#479,#480,#481,
#482));
#1584=EDGE_LOOP('',(#483,#484,#485,#486));
#1585=EDGE_LOOP('',(#487,#488,#489,#490));
#1586=EDGE_LOOP('',(#491,#492,#493,#494,#495));
#1587=EDGE_LOOP('',(#496,#497,#498,#499,#500,#501,#502,#503));
#1588=EDGE_LOOP('',(#504,#505,#506,#507,#508,#509,#510));
#1589=EDGE_LOOP('',(#511,#512,#513,#514));
#1590=EDGE_LOOP('',(#515,#516,#517,#518,#519));
#1591=EDGE_LOOP('',(#520,#521,#522,#523));
#1592=EDGE_LOOP('',(#524,#525,#526,#527));
#1593=EDGE_LOOP('',(#528,#529,#530,#531));
#1594=EDGE_LOOP('',(#532,#533,#534,#535));
#1595=EDGE_LOOP('',(#536,#537,#538,#539,#540,#541,#542,#543,#544,#545));
#1596=EDGE_LOOP('',(#546,#547,#548,#549,#550,#551,#552,#553));
#1597=EDGE_LOOP('',(#554,#555,#556,#557));
#1598=EDGE_LOOP('',(#558,#559,#560,#561));
#1599=EDGE_LOOP('',(#562,#563,#564,#565));
#1600=EDGE_LOOP('',(#566,#567,#568,#569));
#1601=EDGE_LOOP('',(#570,#571,#572,#573,#574,#575,#576,#577,#578,#579,#580,
#581,#582,#583,#584,#585,#586,#587,#588,#589,#590,#591,#592,#593,#594,#595,
#596,#597,#598,#599,#600,#601,#602,#603,#604,#605,#606,#607,#608,#609,#610,
#611,#612,#613,#614,#615,#616,#617,#618,#619,#620,#621));
#1602=EDGE_LOOP('',(#622,#623,#624,#625));
#1603=EDGE_LOOP('',(#626,#627,#628,#629));
#1604=EDGE_LOOP('',(#630,#631,#632,#633));
#1605=EDGE_LOOP('',(#634,#635,#636,#637));
#1606=FACE_BOUND('',#1503,.T.);
#1607=FACE_BOUND('',#1504,.T.);
#1608=FACE_BOUND('',#1505,.T.);
#1609=FACE_BOUND('',#1506,.T.);
#1610=FACE_BOUND('',#1507,.T.);
#1611=FACE_BOUND('',#1508,.T.);
#1612=FACE_BOUND('',#1509,.T.);
#1613=FACE_BOUND('',#1510,.T.);
#1614=FACE_BOUND('',#1511,.T.);
#1615=FACE_BOUND('',#1512,.T.);
#1616=FACE_BOUND('',#1513,.T.);
#1617=FACE_BOUND('',#1514,.T.);
#1618=FACE_BOUND('',#1515,.T.);
#1619=FACE_BOUND('',#1516,.T.);
#1620=FACE_BOUND('',#1517,.T.);
#1621=FACE_BOUND('',#1518,.T.);
#1622=FACE_BOUND('',#1519,.T.);
#1623=FACE_BOUND('',#1520,.T.);
#1624=FACE_BOUND('',#1521,.T.);
#1625=FACE_BOUND('',#1522,.T.);
#1626=FACE_BOUND('',#1523,.T.);
#1627=FACE_BOUND('',#1524,.T.);
#1628=FACE_BOUND('',#1525,.T.);
#1629=FACE_BOUND('',#1526,.T.);
#1630=FACE_BOUND('',#1527,.T.);
#1631=FACE_BOUND('',#1528,.T.);
#1632=FACE_BOUND('',#1529,.T.);
#1633=FACE_BOUND('',#1530,.T.);
#1634=FACE_BOUND('',#1531,.T.);
#1635=FACE_BOUND('',#1532,.T.);
#1636=FACE_BOUND('',#1533,.T.);
#1637=FACE_BOUND('',#1534,.T.);
#1638=FACE_BOUND('',#1535,.T.);
#1639=FACE_BOUND('',#1536,.T.);
#1640=FACE_BOUND('',#1537,.T.);
#1641=FACE_BOUND('',#1538,.T.);
#1642=FACE_BOUND('',#1539,.T.);
#1643=FACE_BOUND('',#1540,.T.);
#1644=FACE_BOUND('',#1541,.T.);
#1645=FACE_BOUND('',#1542,.T.);
#1646=FACE_BOUND('',#1543,.T.);
#1647=FACE_BOUND('',#1544,.T.);
#1648=FACE_BOUND('',#1545,.T.);
#1649=FACE_BOUND('',#1546,.T.);
#1650=FACE_BOUND('',#1547,.T.);
#1651=FACE_BOUND('',#1548,.T.);
#1652=FACE_BOUND('',#1549,.T.);
#1653=FACE_BOUND('',#1550,.T.);
#1654=FACE_BOUND('',#1551,.T.);
#1655=FACE_BOUND('',#1552,.T.);
#1656=FACE_BOUND('',#1553,.T.);
#1657=FACE_BOUND('',#1554,.T.);
#1658=FACE_BOUND('',#1555,.T.);
#1659=FACE_BOUND('',#1556,.T.);
#1660=FACE_BOUND('',#1557,.T.);
#1661=FACE_BOUND('',#1558,.T.);
#1662=FACE_BOUND('',#1559,.T.);
#1663=FACE_BOUND('',#1560,.T.);
#1664=FACE_BOUND('',#1561,.T.);
#1665=FACE_BOUND('',#1562,.T.);
#1666=FACE_BOUND('',#1563,.T.);
#1667=FACE_BOUND('',#1564,.T.);
#1668=FACE_BOUND('',#1565,.T.);
#1669=FACE_BOUND('',#1566,.T.);
#1670=FACE_BOUND('',#1567,.T.);
#1671=FACE_BOUND('',#1568,.T.);
#1672=FACE_BOUND('',#1569,.T.);
#1673=FACE_BOUND('',#1570,.T.);
#1674=FACE_BOUND('',#1571,.T.);
#1675=FACE_BOUND('',#1572,.T.);
#1676=FACE_BOUND('',#1573,.T.);
#1677=FACE_BOUND('',#1574,.T.);
#1678=FACE_BOUND('',#1575,.T.);
#1679=FACE_BOUND('',#1576,.T.);
#1680=FACE_BOUND('',#1577,.T.);
#1681=FACE_BOUND('',#1578,.T.);
#1682=FACE_BOUND('',#1579,.T.);
#1683=FACE_BOUND('',#1580,.T.);
#1684=FACE_BOUND('',#1581,.T.);
#1685=FACE_BOUND('',#1582,.T.);
#1686=FACE_BOUND('',#1583,.T.);
#1687=FACE_BOUND('',#1584,.T.);
#1688=FACE_BOUND('',#1585,.T.);
#1689=FACE_BOUND('',#1586,.T.);
#1690=FACE_BOUND('',#1587,.T.);
#1691=FACE_BOUND('',#1588,.T.);
#1692=FACE_BOUND('',#1589,.T.);
#1693=FACE_BOUND('',#1590,.T.);
#1694=FACE_BOUND('',#1591,.T.);
#1695=FACE_BOUND('',#1592,.T.);
#1696=FACE_BOUND('',#1593,.T.);
#1697=FACE_BOUND('',#1594,.T.);
#1698=FACE_BOUND('',#1595,.T.);
#1699=FACE_BOUND('',#1596,.T.);
#1700=FACE_BOUND('',#1597,.T.);
#1701=FACE_BOUND('',#1598,.T.);
#1702=FACE_BOUND('',#1599,.T.);
#1703=FACE_BOUND('',#1600,.T.);
#1704=FACE_BOUND('',#1601,.T.);
#1705=FACE_BOUND('',#1602,.T.);
#1706=FACE_BOUND('',#1603,.T.);
#1707=FACE_BOUND('',#1604,.T.);
#1708=FACE_BOUND('',#1605,.T.);
#1709=PLANE('',#2085);
#1710=PLANE('',#2086);
#1711=PLANE('',#2087);
#1712=PLANE('',#2095);
#1713=PLANE('',#2098);
#1714=PLANE('',#2108);
#1715=PLANE('',#2114);
#1716=PLANE('',#2115);
#1717=PLANE('',#2121);
#1718=PLANE('',#2125);
#1719=PLANE('',#2126);
#1720=PLANE('',#2127);
#1721=PLANE('',#2130);
#1722=PLANE('',#2131);
#1723=PLANE('',#2133);
#1724=PLANE('',#2135);
#1725=PLANE('',#2137);
#1726=PLANE('',#2140);
#1727=PLANE('',#2141);
#1728=PLANE('',#2142);
#1729=PLANE('',#2143);
#1730=PLANE('',#2144);
#1731=PLANE('',#2148);
#1732=PLANE('',#2149);
#1733=PLANE('',#2150);
#1734=PLANE('',#2151);
#1735=PLANE('',#2152);
#1736=PLANE('',#2153);
#1737=PLANE('',#2154);
#1738=PLANE('',#2155);
#1739=PLANE('',#2157);
#1740=PLANE('',#2159);
#1741=PLANE('',#2166);
#1742=PLANE('',#2167);
#1743=PLANE('',#2168);
#1744=PLANE('',#2169);
#1745=PLANE('',#2171);
#1746=PLANE('',#2172);
#1747=PLANE('',#2173);
#1748=PLANE('',#2174);
#1749=PLANE('',#2175);
#1750=PLANE('',#2176);
#1751=PLANE('',#2177);
#1752=PLANE('',#2180);
#1753=PLANE('',#2183);
#1754=PLANE('',#2184);
#1755=PLANE('',#2185);
#1756=PLANE('',#2189);
#1757=PLANE('',#2190);
#1758=PLANE('',#2193);
#1759=PLANE('',#2198);
#1760=PLANE('',#2199);
#1761=PLANE('',#2200);
#1762=PLANE('',#2201);
#1763=PLANE('',#2202);
#1764=PLANE('',#2206);
#1765=PLANE('',#2210);
#1766=PLANE('',#2211);
#1767=PLANE('',#2212);
#1768=PLANE('',#2213);
#1769=PLANE('',#2214);
#1770=PLANE('',#2215);
#1771=PLANE('',#2216);
#1772=PLANE('',#2217);
#1773=PLANE('',#2218);
#1774=PLANE('',#2219);
#1775=PLANE('',#2220);
#1776=PLANE('',#2221);
#1777=PLANE('',#2222);
#1778=PLANE('',#2223);
#1779=PLANE('',#2224);
#1780=PLANE('',#2225);
#1781=ADVANCED_FACE('',(#1606),#1709,.T.);
#1782=ADVANCED_FACE('',(#1607),#1710,.T.);
#1783=ADVANCED_FACE('',(#1608),#1711,.T.);
#1784=ADVANCED_FACE('',(#1609,#1610),#80,.F.);
#1785=ADVANCED_FACE('',(#1611,#1612),#20,.F.);
#1786=ADVANCED_FACE('',(#1613,#1614),#21,.F.);
#1787=ADVANCED_FACE('',(#1615,#1616),#1712,.T.);
#1788=ADVANCED_FACE('',(#1617),#1713,.T.);
#1789=ADVANCED_FACE('',(#1618,#1619),#22,.F.);
#1790=ADVANCED_FACE('',(#1620),#23,.T.);
#1791=ADVANCED_FACE('',(#1621),#24,.F.);
#1792=ADVANCED_FACE('',(#1622,#1623),#1714,.T.);
#1793=ADVANCED_FACE('',(#1624),#25,.T.);
#1794=ADVANCED_FACE('',(#1625),#1715,.T.);
#1795=ADVANCED_FACE('',(#1626),#1716,.T.);
#1796=ADVANCED_FACE('',(#1627),#26,.T.);
#1797=ADVANCED_FACE('',(#1628,#1629),#27,.F.);
#1798=ADVANCED_FACE('',(#1630,#1631),#1717,.T.);
#1799=ADVANCED_FACE('',(#1632),#1718,.T.);
#1800=ADVANCED_FACE('',(#1633),#1719,.F.);
#1801=ADVANCED_FACE('',(#1634),#1720,.T.);
#1802=ADVANCED_FACE('',(#1635),#1721,.F.);
#1803=ADVANCED_FACE('',(#1636),#1722,.F.);
#1804=ADVANCED_FACE('',(#1637,#1638),#1723,.T.);
#1805=ADVANCED_FACE('',(#1639,#1640),#1724,.T.);
#1806=ADVANCED_FACE('',(#1641),#1725,.F.);
#1807=ADVANCED_FACE('',(#1642),#1726,.T.);
#1808=ADVANCED_FACE('',(#1643),#1727,.F.);
#1809=ADVANCED_FACE('',(#1644),#1728,.T.);
#1810=ADVANCED_FACE('',(#1645),#1729,.T.);
#1811=ADVANCED_FACE('',(#1646),#1730,.F.);
#1812=ADVANCED_FACE('',(#1647),#28,.T.);
#1813=ADVANCED_FACE('',(#1648),#1731,.T.);
#1814=ADVANCED_FACE('',(#1649,#1650),#1732,.T.);
#1815=ADVANCED_FACE('',(#1651),#1733,.F.);
#1816=ADVANCED_FACE('',(#1652),#1734,.T.);
#1817=ADVANCED_FACE('',(#1653),#1735,.T.);
#1818=ADVANCED_FACE('',(#1654),#1736,.F.);
#1819=ADVANCED_FACE('',(#1655),#1737,.T.);
#1820=ADVANCED_FACE('',(#1656),#1738,.T.);
#1821=ADVANCED_FACE('',(#1657),#1739,.T.);
#1822=ADVANCED_FACE('',(#1658),#1740,.T.);
#1823=ADVANCED_FACE('',(#1659),#29,.T.);
#1824=ADVANCED_FACE('',(#1660),#30,.F.);
#1825=ADVANCED_FACE('',(#1661),#31,.T.);
#1826=ADVANCED_FACE('',(#1662),#1741,.T.);
#1827=ADVANCED_FACE('',(#1663),#1742,.T.);
#1828=ADVANCED_FACE('',(#1664),#1743,.T.);
#1829=ADVANCED_FACE('',(#1665),#1744,.T.);
#1830=ADVANCED_FACE('',(#1666),#1745,.F.);
#1831=ADVANCED_FACE('',(#1667),#1746,.T.);
#1832=ADVANCED_FACE('',(#1668),#1747,.T.);
#1833=ADVANCED_FACE('',(#1669),#1748,.T.);
#1834=ADVANCED_FACE('',(#1670),#1749,.T.);
#1835=ADVANCED_FACE('',(#1671),#1750,.T.);
#1836=ADVANCED_FACE('',(#1672),#1751,.F.);
#1837=ADVANCED_FACE('',(#1673),#32,.F.);
#1838=ADVANCED_FACE('',(#1674),#1752,.T.);
#1839=ADVANCED_FACE('',(#1675),#33,.F.);
#1840=ADVANCED_FACE('',(#1676),#1753,.F.);
#1841=ADVANCED_FACE('',(#1677),#1754,.F.);
#1842=ADVANCED_FACE('',(#1678),#1755,.T.);
#1843=ADVANCED_FACE('',(#1679),#34,.T.);
#1844=ADVANCED_FACE('',(#1680),#1756,.T.);
#1845=ADVANCED_FACE('',(#1681),#1757,.F.);
#1846=ADVANCED_FACE('',(#1682),#35,.F.);
#1847=ADVANCED_FACE('',(#1683),#1758,.T.);
#1848=ADVANCED_FACE('',(#1684),#36,.T.);
#1849=ADVANCED_FACE('',(#1685),#1759,.T.);
#1850=ADVANCED_FACE('',(#1686),#1760,.T.);
#1851=ADVANCED_FACE('',(#1687),#1761,.T.);
#1852=ADVANCED_FACE('',(#1688),#1762,.T.);
#1853=ADVANCED_FACE('',(#1689),#1763,.T.);
#1854=ADVANCED_FACE('',(#1690),#37,.T.);
#1855=ADVANCED_FACE('',(#1691),#1764,.T.);
#1856=ADVANCED_FACE('',(#1692),#38,.T.);
#1857=ADVANCED_FACE('',(#1693),#1765,.T.);
#1858=ADVANCED_FACE('',(#1694),#1766,.T.);
#1859=ADVANCED_FACE('',(#1695),#1767,.F.);
#1860=ADVANCED_FACE('',(#1696),#1768,.F.);
#1861=ADVANCED_FACE('',(#1697),#1769,.T.);
#1862=ADVANCED_FACE('',(#1698),#1770,.T.);
#1863=ADVANCED_FACE('',(#1699),#1771,.F.);
#1864=ADVANCED_FACE('',(#1700),#1772,.T.);
#1865=ADVANCED_FACE('',(#1701),#1773,.T.);
#1866=ADVANCED_FACE('',(#1702),#1774,.F.);
#1867=ADVANCED_FACE('',(#1703),#1775,.F.);
#1868=ADVANCED_FACE('',(#1704),#1776,.T.);
#1869=ADVANCED_FACE('',(#1705),#1777,.F.);
#1870=ADVANCED_FACE('',(#1706),#1778,.T.);
#1871=ADVANCED_FACE('',(#1707),#1779,.F.);
#1872=ADVANCED_FACE('',(#1708),#1780,.T.);
#1873=CLOSED_SHELL('',(#1781,#1782,#1783,#1784,#1785,#1786,#1787,#1788,
#1789,#1790,#1791,#1792,#1793,#1794,#1795,#1796,#1797,#1798,#1799,#1800,
#1801,#1802,#1803,#1804,#1805,#1806,#1807,#1808,#1809,#1810,#1811,#1812,
#1813,#1814,#1815,#1816,#1817,#1818,#1819,#1820,#1821,#1822,#1823,#1824,
#1825,#1826,#1827,#1828,#1829,#1830,#1831,#1832,#1833,#1834,#1835,#1836,
#1837,#1838,#1839,#1840,#1841,#1842,#1843,#1844,#1845,#1846,#1847,#1848,
#1849,#1850,#1851,#1852,#1853,#1854,#1855,#1856,#1857,#1858,#1859,#1860,
#1861,#1862,#1863,#1864,#1865,#1866,#1867,#1868,#1869,#1870,#1871,#1872));
#1874=STYLED_ITEM('',(#1875),#2081);
#1875=PRESENTATION_STYLE_ASSIGNMENT((#1909));
#1876=PRESENTATION_STYLE_ASSIGNMENT((#1910));
#1877=PRESENTATION_STYLE_ASSIGNMENT((#1911));
#1878=PRESENTATION_STYLE_ASSIGNMENT((#1912));
#1879=PRESENTATION_STYLE_ASSIGNMENT((#1913));
#1880=PRESENTATION_STYLE_ASSIGNMENT((#1914));
#1881=PRESENTATION_STYLE_ASSIGNMENT((#1915));
#1882=PRESENTATION_STYLE_ASSIGNMENT((#1916));
#1883=PRESENTATION_STYLE_ASSIGNMENT((#1917));
#1884=PRESENTATION_STYLE_ASSIGNMENT((#1918));
#1885=PRESENTATION_STYLE_ASSIGNMENT((#1919));
#1886=PRESENTATION_STYLE_ASSIGNMENT((#1920));
#1887=PRESENTATION_STYLE_ASSIGNMENT((#1921));
#1888=PRESENTATION_STYLE_ASSIGNMENT((#1922));
#1889=PRESENTATION_STYLE_ASSIGNMENT((#1923));
#1890=PRESENTATION_STYLE_ASSIGNMENT((#1924));
#1891=PRESENTATION_STYLE_ASSIGNMENT((#1925));
#1892=PRESENTATION_STYLE_ASSIGNMENT((#1926));
#1893=PRESENTATION_STYLE_ASSIGNMENT((#1927));
#1894=PRESENTATION_STYLE_ASSIGNMENT((#1928));
#1895=PRESENTATION_STYLE_ASSIGNMENT((#1929));
#1896=PRESENTATION_STYLE_ASSIGNMENT((#1930));
#1897=PRESENTATION_STYLE_ASSIGNMENT((#1931));
#1898=PRESENTATION_STYLE_ASSIGNMENT((#1932));
#1899=PRESENTATION_STYLE_ASSIGNMENT((#1933));
#1900=PRESENTATION_STYLE_ASSIGNMENT((#1934));
#1901=PRESENTATION_STYLE_ASSIGNMENT((#1935));
#1902=PRESENTATION_STYLE_ASSIGNMENT((#1936));
#1903=PRESENTATION_STYLE_ASSIGNMENT((#1937));
#1904=PRESENTATION_STYLE_ASSIGNMENT((#1938));
#1905=PRESENTATION_STYLE_ASSIGNMENT((#1939));
#1906=PRESENTATION_STYLE_ASSIGNMENT((#1940));
#1907=PRESENTATION_STYLE_ASSIGNMENT((#1941));
#1908=PRESENTATION_STYLE_ASSIGNMENT((#1942));
#1909=SURFACE_STYLE_USAGE(.BOTH.,#1943);
#1910=SURFACE_STYLE_USAGE(.BOTH.,#1944);
#1911=SURFACE_STYLE_USAGE(.BOTH.,#1945);
#1912=SURFACE_STYLE_USAGE(.BOTH.,#1946);
#1913=SURFACE_STYLE_USAGE(.BOTH.,#1947);
#1914=SURFACE_STYLE_USAGE(.BOTH.,#1948);
#1915=SURFACE_STYLE_USAGE(.BOTH.,#1949);
#1916=SURFACE_STYLE_USAGE(.BOTH.,#1950);
#1917=SURFACE_STYLE_USAGE(.BOTH.,#1951);
#1918=SURFACE_STYLE_USAGE(.BOTH.,#1952);
#1919=SURFACE_STYLE_USAGE(.BOTH.,#1953);
#1920=SURFACE_STYLE_USAGE(.BOTH.,#1954);
#1921=SURFACE_STYLE_USAGE(.BOTH.,#1955);
#1922=SURFACE_STYLE_USAGE(.BOTH.,#1956);
#1923=SURFACE_STYLE_USAGE(.BOTH.,#1957);
#1924=SURFACE_STYLE_USAGE(.BOTH.,#1958);
#1925=SURFACE_STYLE_USAGE(.BOTH.,#1959);
#1926=SURFACE_STYLE_USAGE(.BOTH.,#1960);
#1927=SURFACE_STYLE_USAGE(.BOTH.,#1961);
#1928=SURFACE_STYLE_USAGE(.BOTH.,#1962);
#1929=SURFACE_STYLE_USAGE(.BOTH.,#1963);
#1930=SURFACE_STYLE_USAGE(.BOTH.,#1964);
#1931=SURFACE_STYLE_USAGE(.BOTH.,#1965);
#1932=SURFACE_STYLE_USAGE(.BOTH.,#1966);
#1933=SURFACE_STYLE_USAGE(.BOTH.,#1967);
#1934=SURFACE_STYLE_USAGE(.BOTH.,#1968);
#1935=SURFACE_STYLE_USAGE(.BOTH.,#1969);
#1936=SURFACE_STYLE_USAGE(.BOTH.,#1970);
#1937=SURFACE_STYLE_USAGE(.BOTH.,#1971);
#1938=SURFACE_STYLE_USAGE(.BOTH.,#1972);
#1939=SURFACE_STYLE_USAGE(.BOTH.,#1973);
#1940=SURFACE_STYLE_USAGE(.BOTH.,#1974);
#1941=SURFACE_STYLE_USAGE(.BOTH.,#1975);
#1942=SURFACE_STYLE_USAGE(.BOTH.,#1976);
#1943=SURFACE_SIDE_STYLE('',(#1977));
#1944=SURFACE_SIDE_STYLE('',(#1978));
#1945=SURFACE_SIDE_STYLE('',(#1979));
#1946=SURFACE_SIDE_STYLE('',(#1980));
#1947=SURFACE_SIDE_STYLE('',(#1981));
#1948=SURFACE_SIDE_STYLE('',(#1982));
#1949=SURFACE_SIDE_STYLE('',(#1983));
#1950=SURFACE_SIDE_STYLE('',(#1984));
#1951=SURFACE_SIDE_STYLE('',(#1985));
#1952=SURFACE_SIDE_STYLE('',(#1986));
#1953=SURFACE_SIDE_STYLE('',(#1987));
#1954=SURFACE_SIDE_STYLE('',(#1988));
#1955=SURFACE_SIDE_STYLE('',(#1989));
#1956=SURFACE_SIDE_STYLE('',(#1990));
#1957=SURFACE_SIDE_STYLE('',(#1991));
#1958=SURFACE_SIDE_STYLE('',(#1992));
#1959=SURFACE_SIDE_STYLE('',(#1993));
#1960=SURFACE_SIDE_STYLE('',(#1994));
#1961=SURFACE_SIDE_STYLE('',(#1995));
#1962=SURFACE_SIDE_STYLE('',(#1996));
#1963=SURFACE_SIDE_STYLE('',(#1997));
#1964=SURFACE_SIDE_STYLE('',(#1998));
#1965=SURFACE_SIDE_STYLE('',(#1999));
#1966=SURFACE_SIDE_STYLE('',(#2000));
#1967=SURFACE_SIDE_STYLE('',(#2001));
#1968=SURFACE_SIDE_STYLE('',(#2002));
#1969=SURFACE_SIDE_STYLE('',(#2003));
#1970=SURFACE_SIDE_STYLE('',(#2004));
#1971=SURFACE_SIDE_STYLE('',(#2005));
#1972=SURFACE_SIDE_STYLE('',(#2006));
#1973=SURFACE_SIDE_STYLE('',(#2007));
#1974=SURFACE_SIDE_STYLE('',(#2008));
#1975=SURFACE_SIDE_STYLE('',(#2009));
#1976=SURFACE_SIDE_STYLE('',(#2010));
#1977=SURFACE_STYLE_FILL_AREA(#2011);
#1978=SURFACE_STYLE_FILL_AREA(#2012);
#1979=SURFACE_STYLE_FILL_AREA(#2013);
#1980=SURFACE_STYLE_FILL_AREA(#2014);
#1981=SURFACE_STYLE_FILL_AREA(#2015);
#1982=SURFACE_STYLE_FILL_AREA(#2016);
#1983=SURFACE_STYLE_FILL_AREA(#2017);
#1984=SURFACE_STYLE_FILL_AREA(#2018);
#1985=SURFACE_STYLE_FILL_AREA(#2019);
#1986=SURFACE_STYLE_FILL_AREA(#2020);
#1987=SURFACE_STYLE_FILL_AREA(#2021);
#1988=SURFACE_STYLE_FILL_AREA(#2022);
#1989=SURFACE_STYLE_FILL_AREA(#2023);
#1990=SURFACE_STYLE_FILL_AREA(#2024);
#1991=SURFACE_STYLE_FILL_AREA(#2025);
#1992=SURFACE_STYLE_FILL_AREA(#2026);
#1993=SURFACE_STYLE_FILL_AREA(#2027);
#1994=SURFACE_STYLE_FILL_AREA(#2028);
#1995=SURFACE_STYLE_FILL_AREA(#2029);
#1996=SURFACE_STYLE_FILL_AREA(#2030);
#1997=SURFACE_STYLE_FILL_AREA(#2031);
#1998=SURFACE_STYLE_FILL_AREA(#2032);
#1999=SURFACE_STYLE_FILL_AREA(#2033);
#2000=SURFACE_STYLE_FILL_AREA(#2034);
#2001=SURFACE_STYLE_FILL_AREA(#2035);
#2002=SURFACE_STYLE_FILL_AREA(#2036);
#2003=SURFACE_STYLE_FILL_AREA(#2037);
#2004=SURFACE_STYLE_FILL_AREA(#2038);
#2005=SURFACE_STYLE_FILL_AREA(#2039);
#2006=SURFACE_STYLE_FILL_AREA(#2040);
#2007=SURFACE_STYLE_FILL_AREA(#2041);
#2008=SURFACE_STYLE_FILL_AREA(#2042);
#2009=SURFACE_STYLE_FILL_AREA(#2043);
#2010=SURFACE_STYLE_FILL_AREA(#2044);
#2011=FILL_AREA_STYLE('',(#2045));
#2012=FILL_AREA_STYLE('',(#2046));
#2013=FILL_AREA_STYLE('',(#2047));
#2014=FILL_AREA_STYLE('',(#2048));
#2015=FILL_AREA_STYLE('',(#2049));
#2016=FILL_AREA_STYLE('',(#2050));
#2017=FILL_AREA_STYLE('',(#2051));
#2018=FILL_AREA_STYLE('',(#2052));
#2019=FILL_AREA_STYLE('',(#2053));
#2020=FILL_AREA_STYLE('',(#2054));
#2021=FILL_AREA_STYLE('',(#2055));
#2022=FILL_AREA_STYLE('',(#2056));
#2023=FILL_AREA_STYLE('',(#2057));
#2024=FILL_AREA_STYLE('',(#2058));
#2025=FILL_AREA_STYLE('',(#2059));
#2026=FILL_AREA_STYLE('',(#2060));
#2027=FILL_AREA_STYLE('',(#2061));
#2028=FILL_AREA_STYLE('',(#2062));
#2029=FILL_AREA_STYLE('',(#2063));
#2030=FILL_AREA_STYLE('',(#2064));
#2031=FILL_AREA_STYLE('',(#2065));
#2032=FILL_AREA_STYLE('',(#2066));
#2033=FILL_AREA_STYLE('',(#2067));
#2034=FILL_AREA_STYLE('',(#2068));
#2035=FILL_AREA_STYLE('',(#2069));
#2036=FILL_AREA_STYLE('',(#2070));
#2037=FILL_AREA_STYLE('',(#2071));
#2038=FILL_AREA_STYLE('',(#2072));
#2039=FILL_AREA_STYLE('',(#2073));
#2040=FILL_AREA_STYLE('',(#2074));
#2041=FILL_AREA_STYLE('',(#2075));
#2042=FILL_AREA_STYLE('',(#2076));
#2043=FILL_AREA_STYLE('',(#2077));
#2044=FILL_AREA_STYLE('',(#2078));
#2045=FILL_AREA_STYLE_COLOUR('',#2079);
#2046=FILL_AREA_STYLE_COLOUR('',#2080);
#2047=FILL_AREA_STYLE_COLOUR('',#2080);
#2048=FILL_AREA_STYLE_COLOUR('',#2080);
#2049=FILL_AREA_STYLE_COLOUR('',#2080);
#2050=FILL_AREA_STYLE_COLOUR('',#2080);
#2051=FILL_AREA_STYLE_COLOUR('',#2080);
#2052=FILL_AREA_STYLE_COLOUR('',#2080);
#2053=FILL_AREA_STYLE_COLOUR('',#2080);
#2054=FILL_AREA_STYLE_COLOUR('',#2080);
#2055=FILL_AREA_STYLE_COLOUR('',#2080);
#2056=FILL_AREA_STYLE_COLOUR('',#2080);
#2057=FILL_AREA_STYLE_COLOUR('',#2080);
#2058=FILL_AREA_STYLE_COLOUR('',#2080);
#2059=FILL_AREA_STYLE_COLOUR('',#2080);
#2060=FILL_AREA_STYLE_COLOUR('',#2080);
#2061=FILL_AREA_STYLE_COLOUR('',#2080);
#2062=FILL_AREA_STYLE_COLOUR('',#2080);
#2063=FILL_AREA_STYLE_COLOUR('',#2080);
#2064=FILL_AREA_STYLE_COLOUR('',#2080);
#2065=FILL_AREA_STYLE_COLOUR('',#2080);
#2066=FILL_AREA_STYLE_COLOUR('',#2080);
#2067=FILL_AREA_STYLE_COLOUR('',#2080);
#2068=FILL_AREA_STYLE_COLOUR('',#2080);
#2069=FILL_AREA_STYLE_COLOUR('',#2080);
#2070=FILL_AREA_STYLE_COLOUR('',#2080);
#2071=FILL_AREA_STYLE_COLOUR('',#2080);
#2072=FILL_AREA_STYLE_COLOUR('',#2080);
#2073=FILL_AREA_STYLE_COLOUR('',#2080);
#2074=FILL_AREA_STYLE_COLOUR('',#2080);
#2075=FILL_AREA_STYLE_COLOUR('',#2080);
#2076=FILL_AREA_STYLE_COLOUR('',#2080);
#2077=FILL_AREA_STYLE_COLOUR('',#2080);
#2078=FILL_AREA_STYLE_COLOUR('',#2080);
#2079=COLOUR_RGB('',0.749019607843137,0.749019607843137,0.749019607843137);
#2080=COLOUR_RGB('',1.,0.501960784313726,0.501960784313726);
#2081=MANIFOLD_SOLID_BREP('electronics_frame_split_2',#1873);
#2082=SHAPE_DEFINITION_REPRESENTATION(#3261,#2083);
#2083=SHAPE_REPRESENTATION('electronics_frame_split_2',(#2084),#3256);
#2084=AXIS2_PLACEMENT_3D('',#2723,#2226,#2227);
#2085=AXIS2_PLACEMENT_3D('',#2724,#2228,#2229);
#2086=AXIS2_PLACEMENT_3D('',#2733,#2234,#2235);
#2087=AXIS2_PLACEMENT_3D('',#2739,#2239,#2240);
#2088=AXIS2_PLACEMENT_3D('',#2748,#2245,#2246);
#2089=AXIS2_PLACEMENT_3D('',#2749,#2247,#2248);
#2090=AXIS2_PLACEMENT_3D('',#2751,#2249,#2250);
#2091=AXIS2_PLACEMENT_3D('',#2753,#2251,#2252);
#2092=AXIS2_PLACEMENT_3D('',#2754,#2253,#2254);
#2093=AXIS2_PLACEMENT_3D('',#2756,#2255,#2256);
#2094=AXIS2_PLACEMENT_3D('',#2757,#2257,#2258);
#2095=AXIS2_PLACEMENT_3D('',#2759,#2259,#2260);
#2096=AXIS2_PLACEMENT_3D('',#2760,#2261,#2262);
#2097=AXIS2_PLACEMENT_3D('',#2765,#2264,#2265);
#2098=AXIS2_PLACEMENT_3D('',#2770,#2268,#2269);
#2099=AXIS2_PLACEMENT_3D('',#2776,#2273,#2274);
#2100=AXIS2_PLACEMENT_3D('',#2777,#2275,#2276);
#2101=AXIS2_PLACEMENT_3D('',#2779,#2277,#2278);
#2102=AXIS2_PLACEMENT_3D('',#2781,#2279,#2280);
#2103=AXIS2_PLACEMENT_3D('',#2782,#2281,#2282);
#2104=AXIS2_PLACEMENT_3D('',#2787,#2284,#2285);
#2105=AXIS2_PLACEMENT_3D('',#2790,#2287,#2288);
#2106=AXIS2_PLACEMENT_3D('',#2791,#2289,#2290);
#2107=AXIS2_PLACEMENT_3D('',#2795,#2292,#2293);
#2108=AXIS2_PLACEMENT_3D('',#2796,#2294,#2295);
#2109=AXIS2_PLACEMENT_3D('',#2797,#2296,#2297);
#2110=AXIS2_PLACEMENT_3D('',#2800,#2299,#2300);
#2111=AXIS2_PLACEMENT_3D('',#2804,#2302,#2303);
#2112=AXIS2_PLACEMENT_3D('',#2805,#2304,#2305);
#2113=AXIS2_PLACEMENT_3D('',#2808,#2307,#2308);
#2114=AXIS2_PLACEMENT_3D('',#2811,#2310,#2311);
#2115=AXIS2_PLACEMENT_3D('',#2815,#2314,#2315);
#2116=AXIS2_PLACEMENT_3D('',#2819,#2318,#2319);
#2117=AXIS2_PLACEMENT_3D('',#2820,#2320,#2321);
#2118=AXIS2_PLACEMENT_3D('',#2823,#2323,#2324);
#2119=AXIS2_PLACEMENT_3D('',#2824,#2325,#2326);
#2120=AXIS2_PLACEMENT_3D('',#2826,#2327,#2328);
#2121=AXIS2_PLACEMENT_3D('',#2828,#2329,#2330);
#2122=AXIS2_PLACEMENT_3D('',#2836,#2334,#2335);
#2123=AXIS2_PLACEMENT_3D('',#2838,#2336,#2337);
#2124=AXIS2_PLACEMENT_3D('',#2840,#2338,#2339);
#2125=AXIS2_PLACEMENT_3D('',#2841,#2340,#2341);
#2126=AXIS2_PLACEMENT_3D('',#2847,#2345,#2346);
#2127=AXIS2_PLACEMENT_3D('',#2856,#2351,#2352);
#2128=AXIS2_PLACEMENT_3D('',#2857,#2353,#2354);
#2129=AXIS2_PLACEMENT_3D('',#2866,#2358,#2359);
#2130=AXIS2_PLACEMENT_3D('',#2869,#2361,#2362);
#2131=AXIS2_PLACEMENT_3D('',#2878,#2367,#2368);
#2132=AXIS2_PLACEMENT_3D('',#2879,#2369,#2370);
#2133=AXIS2_PLACEMENT_3D('',#2888,#2375,#2376);
#2134=AXIS2_PLACEMENT_3D('',#2892,#2378,#2379);
#2135=AXIS2_PLACEMENT_3D('',#2893,#2380,#2381);
#2136=AXIS2_PLACEMENT_3D('',#2897,#2383,#2384);
#2137=AXIS2_PLACEMENT_3D('',#2898,#2385,#2386);
#2138=AXIS2_PLACEMENT_3D('',#2902,#2388,#2389);
#2139=AXIS2_PLACEMENT_3D('',#2919,#2398,#2399);
#2140=AXIS2_PLACEMENT_3D('',#2920,#2400,#2401);
#2141=AXIS2_PLACEMENT_3D('',#2929,#2406,#2407);
#2142=AXIS2_PLACEMENT_3D('',#2935,#2411,#2412);
#2143=AXIS2_PLACEMENT_3D('',#2941,#2416,#2417);
#2144=AXIS2_PLACEMENT_3D('',#2947,#2421,#2422);
#2145=AXIS2_PLACEMENT_3D('',#2950,#2424,#2425);
#2146=AXIS2_PLACEMENT_3D('',#2951,#2426,#2427);
#2147=AXIS2_PLACEMENT_3D('',#2954,#2429,#2430);
#2148=AXIS2_PLACEMENT_3D('',#2957,#2432,#2433);
#2149=AXIS2_PLACEMENT_3D('',#2963,#2437,#2438);
#2150=AXIS2_PLACEMENT_3D('',#2971,#2444,#2445);
#2151=AXIS2_PLACEMENT_3D('',#2990,#2456,#2457);
#2152=AXIS2_PLACEMENT_3D('',#2996,#2461,#2462);
#2153=AXIS2_PLACEMENT_3D('',#3005,#2467,#2468);
#2154=AXIS2_PLACEMENT_3D('',#3020,#2477,#2478);
#2155=AXIS2_PLACEMENT_3D('',#3026,#2482,#2483);
#2156=AXIS2_PLACEMENT_3D('',#3030,#2485,#2486);
#2157=AXIS2_PLACEMENT_3D('',#3032,#2488,#2489);
#2158=AXIS2_PLACEMENT_3D('',#3037,#2492,#2493);
#2159=AXIS2_PLACEMENT_3D('',#3038,#2494,#2495);
#2160=AXIS2_PLACEMENT_3D('',#3044,#2499,#2500);
#2161=AXIS2_PLACEMENT_3D('',#3045,#2501,#2502);
#2162=AXIS2_PLACEMENT_3D('',#3048,#2504,#2505);
#2163=AXIS2_PLACEMENT_3D('',#3049,#2506,#2507);
#2164=AXIS2_PLACEMENT_3D('',#3052,#2509,#2510);
#2165=AXIS2_PLACEMENT_3D('',#3053,#2511,#2512);
#2166=AXIS2_PLACEMENT_3D('',#3056,#2514,#2515);
#2167=AXIS2_PLACEMENT_3D('',#3060,#2518,#2519);
#2168=AXIS2_PLACEMENT_3D('',#3068,#2524,#2525);
#2169=AXIS2_PLACEMENT_3D('',#3076,#2530,#2531);
#2170=AXIS2_PLACEMENT_3D('',#3080,#2533,#2534);
#2171=AXIS2_PLACEMENT_3D('',#3082,#2536,#2537);
#2172=AXIS2_PLACEMENT_3D('',#3088,#2541,#2542);
#2173=AXIS2_PLACEMENT_3D('',#3092,#2545,#2546);
#2174=AXIS2_PLACEMENT_3D('',#3096,#2549,#2550);
#2175=AXIS2_PLACEMENT_3D('',#3100,#2553,#2554);
#2176=AXIS2_PLACEMENT_3D('',#3104,#2557,#2558);
#2177=AXIS2_PLACEMENT_3D('',#3108,#2561,#2562);
#2178=AXIS2_PLACEMENT_3D('',#3112,#2565,#2566);
#2179=AXIS2_PLACEMENT_3D('',#3113,#2567,#2568);
#2180=AXIS2_PLACEMENT_3D('',#3116,#2570,#2571);
#2181=AXIS2_PLACEMENT_3D('',#3120,#2574,#2575);
#2182=AXIS2_PLACEMENT_3D('',#3121,#2576,#2577);
#2183=AXIS2_PLACEMENT_3D('',#3124,#2579,#2580);
#2184=AXIS2_PLACEMENT_3D('',#3128,#2583,#2584);
#2185=AXIS2_PLACEMENT_3D('',#3133,#2588,#2589);
#2186=AXIS2_PLACEMENT_3D('',#3136,#2591,#2592);
#2187=AXIS2_PLACEMENT_3D('',#3137,#2593,#2594);
#2188=AXIS2_PLACEMENT_3D('',#3140,#2596,#2597);
#2189=AXIS2_PLACEMENT_3D('',#3141,#2598,#2599);
#2190=AXIS2_PLACEMENT_3D('',#3145,#2602,#2603);
#2191=AXIS2_PLACEMENT_3D('',#3149,#2606,#2607);
#2192=AXIS2_PLACEMENT_3D('',#3150,#2608,#2609);
#2193=AXIS2_PLACEMENT_3D('',#3154,#2612,#2613);
#2194=AXIS2_PLACEMENT_3D('',#3159,#2617,#2618);
#2195=AXIS2_PLACEMENT_3D('',#3160,#2619,#2620);
#2196=AXIS2_PLACEMENT_3D('',#3162,#2621,#2622);
#2197=AXIS2_PLACEMENT_3D('',#3163,#2623,#2624);
#2198=AXIS2_PLACEMENT_3D('',#3164,#2625,#2626);
#2199=AXIS2_PLACEMENT_3D('',#3168,#2629,#2630);
#2200=AXIS2_PLACEMENT_3D('',#3171,#2633,#2634);
#2201=AXIS2_PLACEMENT_3D('',#3177,#2638,#2639);
#2202=AXIS2_PLACEMENT_3D('',#3181,#2642,#2643);
#2203=AXIS2_PLACEMENT_3D('',#3184,#2645,#2646);
#2204=AXIS2_PLACEMENT_3D('',#3185,#2647,#2648);
#2205=AXIS2_PLACEMENT_3D('',#3188,#2650,#2651);
#2206=AXIS2_PLACEMENT_3D('',#3190,#2653,#2654);
#2207=AXIS2_PLACEMENT_3D('',#3193,#2656,#2657);
#2208=AXIS2_PLACEMENT_3D('',#3194,#2658,#2659);
#2209=AXIS2_PLACEMENT_3D('',#3197,#2661,#2662);
#2210=AXIS2_PLACEMENT_3D('',#3198,#2663,#2664);
#2211=AXIS2_PLACEMENT_3D('',#3202,#2667,#2668);
#2212=AXIS2_PLACEMENT_3D('',#3206,#2671,#2672);
#2213=AXIS2_PLACEMENT_3D('',#3210,#2675,#2676);
#2214=AXIS2_PLACEMENT_3D('',#3214,#2679,#2680);
#2215=AXIS2_PLACEMENT_3D('',#3216,#2682,#2683);
#2216=AXIS2_PLACEMENT_3D('',#3226,#2689,#2690);
#2217=AXIS2_PLACEMENT_3D('',#3233,#2695,#2696);
#2218=AXIS2_PLACEMENT_3D('',#3239,#2700,#2701);
#2219=AXIS2_PLACEMENT_3D('',#3242,#2704,#2705);
#2220=AXIS2_PLACEMENT_3D('',#3244,#2707,#2708);
#2221=AXIS2_PLACEMENT_3D('',#3246,#2710,#2711);
#2222=AXIS2_PLACEMENT_3D('',#3250,#2714,#2715);
#2223=AXIS2_PLACEMENT_3D('',#3252,#2717,#2718);
#2224=AXIS2_PLACEMENT_3D('',#3253,#2719,#2720);
#2225=AXIS2_PLACEMENT_3D('',#3254,#2721,#2722);
#2226=DIRECTION('',(0.,0.,1.));
#2227=DIRECTION('',(1.,0.,0.));
#2228=DIRECTION('',(0.,1.,0.));
#2229=DIRECTION('',(1.,0.,0.));
#2230=DIRECTION('',(0.,0.,-1.));
#2231=DIRECTION('',(1.,0.,0.));
#2232=DIRECTION('',(0.,0.,-1.));
#2233=DIRECTION('',(1.,0.,0.));
#2234=DIRECTION('',(1.,0.,0.));
#2235=DIRECTION('',(0.,-1.,0.));
#2236=DIRECTION('',(0.,-1.,-2.16840434497101E-16));
#2237=DIRECTION('',(0.,0.,1.));
#2238=DIRECTION('',(0.,-1.,0.));
#2239=DIRECTION('',(-1.,0.,0.));
#2240=DIRECTION('',(0.,0.,1.));
#2241=DIRECTION('',(0.,-1.,0.));
#2242=DIRECTION('',(0.,0.,1.));
#2243=DIRECTION('',(0.,1.,0.));
#2244=DIRECTION('',(0.,0.,-1.));
#2245=DIRECTION('',(0.,0.,1.));
#2246=DIRECTION('',(1.,1.14850657719844E-15,0.));
#2247=DIRECTION('',(0.,0.,1.));
#2248=DIRECTION('',(-1.,0.,0.));
#2249=DIRECTION('',(1.43254583822601E-16,1.66174120051423E-32,1.));
#2250=DIRECTION('',(1.,1.14850657719844E-15,-1.43254583822601E-16));
#2251=DIRECTION('',(0.,0.,-1.));
#2252=DIRECTION('',(-1.,0.,0.));
#2253=DIRECTION('',(-1.43254583822601E-16,0.,-1.));
#2254=DIRECTION('',(-1.,0.,0.));
#2255=DIRECTION('',(0.,0.,1.));
#2256=DIRECTION('',(1.,1.14850657719844E-15,0.));
#2257=DIRECTION('',(1.43254583822601E-16,1.66174120051423E-32,1.));
#2258=DIRECTION('',(1.,1.14850657719844E-15,-1.43254583822601E-16));
#2259=DIRECTION('',(0.,0.,-1.));
#2260=DIRECTION('',(-1.,0.,0.));
#2261=DIRECTION('',(1.43254583822601E-16,0.,1.));
#2262=DIRECTION('',(-0.926036024843555,-0.377435134416429,0.));
#2263=DIRECTION('',(3.82835525732813E-16,-1.,-5.48429439113607E-32));
#2264=DIRECTION('',(1.43254583822601E-16,0.,1.));
#2265=DIRECTION('',(1.,0.,0.));
#2266=DIRECTION('',(7.65671051465625E-16,1.,-1.09685887822721E-31));
#2267=DIRECTION('',(1.,0.,-1.43254583822601E-16));
#2268=DIRECTION('',(-1.,0.,0.));
#2269=DIRECTION('',(0.,1.,0.));
#2270=DIRECTION('',(0.,0.,-1.));
#2271=DIRECTION('',(-3.82835525732813E-16,1.,3.82255319062184E-32));
#2272=DIRECTION('',(0.,0.,-1.));
#2273=DIRECTION('',(0.,0.,-1.));
#2274=DIRECTION('',(-1.,0.,0.));
#2275=DIRECTION('',(0.,0.,-1.));
#2276=DIRECTION('',(-1.,0.,1.34633684962881E-16));
#2277=DIRECTION('',(-1.43254583822601E-16,0.,-1.));
#2278=DIRECTION('',(-1.,0.,0.));
#2279=DIRECTION('',(0.,0.,-1.));
#2280=DIRECTION('',(0.715085438616104,0.699037063022565,0.));
#2281=DIRECTION('',(-1.43254583822601E-16,0.,-1.));
#2282=DIRECTION('',(0.715085438616104,0.699037063022565,0.));
#2283=DIRECTION('',(-1.04157002554575E-16,1.06548221541542E-16,-1.));
#2284=DIRECTION('',(-1.43254583822601E-16,-1.66174120051423E-32,-1.));
#2285=DIRECTION('',(0.715085438616104,0.699037063022565,0.));
#2286=DIRECTION('',(1.04157002554575E-16,-1.06548221541542E-16,1.));
#2287=DIRECTION('',(0.,0.,1.));
#2288=DIRECTION('',(1.,1.14850657719844E-15,0.));
#2289=DIRECTION('',(-1.43254583822601E-16,0.,-1.));
#2290=DIRECTION('',(1.,1.14850657719844E-15,-1.43254583822601E-16));
#2291=DIRECTION('',(1.43254583822601E-16,1.66174120051423E-32,1.));
#2292=DIRECTION('',(1.43254583822601E-16,1.66174120051423E-32,1.));
#2293=DIRECTION('',(1.,1.14850657719844E-15,-1.43254583822601E-16));
#2294=DIRECTION('',(0.,0.,1.));
#2295=DIRECTION('',(1.,1.14850657719844E-15,0.));
#2296=DIRECTION('',(1.43254583822601E-16,1.66174120051423E-32,1.));
#2297=DIRECTION('',(-0.926036024843555,-0.377435134416429,0.));
#2298=DIRECTION('',(0.699037063022565,-0.715085438616104,-1.00140263539871E-16));
#2299=DIRECTION('',(-1.43254583822601E-16,-1.66174120051423E-32,-1.));
#2300=DIRECTION('',(-0.0763803822885144,0.997078751755076,0.));
#2301=DIRECTION('',(0.751245504890474,-0.660022871862678,-1.07619362151684E-16));
#2302=DIRECTION('',(-1.43254583822601E-16,-1.66174120051423E-32,-1.));
#2303=DIRECTION('',(1.,0.,0.));
#2304=DIRECTION('',(0.,0.,-1.));
#2305=DIRECTION('',(1.,0.,0.));
#2306=DIRECTION('',(0.,0.,1.));
#2307=DIRECTION('',(1.43254583822601E-16,-1.09476442525376E-47,1.));
#2308=DIRECTION('',(1.,6.3441315692866E-16,-1.43254583822601E-16));
#2309=DIRECTION('',(0.,0.,1.));
#2310=DIRECTION('',(1.,0.,0.));
#2311=DIRECTION('',(0.,-1.,0.));
#2312=DIRECTION('',(7.14626314701251E-16,1.,-1.02373495301207E-31));
#2313=DIRECTION('',(0.,0.,1.));
#2314=DIRECTION('',(0.,-1.,0.));
#2315=DIRECTION('',(-1.,0.,0.));
#2316=DIRECTION('',(0.,0.,1.));
#2317=DIRECTION('',(1.,1.05735526154776E-16,-1.43254583822601E-16));
#2318=DIRECTION('',(0.,0.,1.));
#2319=DIRECTION('',(-0.926036024843555,-0.377435134416429,0.));
#2320=DIRECTION('',(1.43254583822601E-16,0.,1.));
#2321=DIRECTION('',(-0.926036024843555,-0.377435134416429,0.));
#2322=DIRECTION('',(0.,0.,1.));
#2323=DIRECTION('',(0.,0.,-1.));
#2324=DIRECTION('',(-1.,0.,0.));
#2325=DIRECTION('',(0.,0.,1.));
#2326=DIRECTION('',(-1.,0.,0.));
#2327=DIRECTION('',(-1.43254583822601E-16,0.,-1.));
#2328=DIRECTION('',(-1.,0.,0.));
#2329=DIRECTION('',(0.,0.,1.));
#2330=DIRECTION('',(1.,0.,0.));
#2331=DIRECTION('',(-1.,0.,0.));
#2332=DIRECTION('',(0.,-1.,0.));
#2333=DIRECTION('',(-0.751245504890474,0.660022871862678,0.));
#2334=DIRECTION('',(0.,0.,-1.));
#2335=DIRECTION('',(0.996037248993136,-0.0889370486253391,0.));
#2336=DIRECTION('',(0.,0.,-1.));
#2337=DIRECTION('',(1.,1.48029736616687E-15,0.));
#2338=DIRECTION('',(0.,0.,-1.));
#2339=DIRECTION('',(0.766130877682874,-0.642684586917151,0.));
#2340=DIRECTION('',(1.,0.,0.));
#2341=DIRECTION('',(0.,-1.,0.));
#2342=DIRECTION('',(0.,0.,-1.));
#2343=DIRECTION('',(0.,1.,0.));
#2344=DIRECTION('',(0.,0.,-1.));
#2345=DIRECTION('',(1.,0.,0.));
#2346=DIRECTION('',(0.,0.,1.));
#2347=DIRECTION('',(8.24581945291338E-17,0.673322255743815,-0.739349132629545));
#2348=DIRECTION('',(-1.22464679914735E-16,-1.,0.));
#2349=DIRECTION('',(-8.24581945291339E-17,-0.673322255743815,0.739349132629545));
#2350=DIRECTION('',(0.,0.,1.));
#2351=DIRECTION('',(0.,0.,1.));
#2352=DIRECTION('',(1.,0.,0.));
#2353=DIRECTION('',(0.,0.,1.));
#2354=DIRECTION('',(-1.,0.,0.));
#2355=DIRECTION('',(-1.,0.,0.));
#2356=DIRECTION('',(0.,-1.,0.));
#2357=DIRECTION('',(1.,0.,0.));
#2358=DIRECTION('',(0.,0.,1.));
#2359=DIRECTION('',(-1.,-7.0093413334097E-17,0.));
#2360=DIRECTION('',(-4.44089209850063E-16,1.,0.));
#2361=DIRECTION('',(1.,0.,0.));
#2362=DIRECTION('',(0.,0.,-1.));
#2363=DIRECTION('',(0.,-1.,0.));
#2364=DIRECTION('',(0.,0.,1.));
#2365=DIRECTION('',(0.,1.,0.));
#2366=DIRECTION('',(0.,0.,-1.));
#2367=DIRECTION('',(0.,0.,1.));
#2368=DIRECTION('',(1.,0.,0.));
#2369=DIRECTION('',(0.,0.,1.));
#2370=DIRECTION('',(1.,8.40139546819836E-16,0.));
#2371=DIRECTION('',(0.,1.,0.));
#2372=DIRECTION('',(1.,0.,0.));
#2373=DIRECTION('',(-1.,0.,7.4014868308344E-16));
#2374=DIRECTION('',(0.,1.,0.));
#2375=DIRECTION('',(0.,0.,1.));
#2376=DIRECTION('',(1.,0.,0.));
#2377=DIRECTION('',(0.,1.,0.));
#2378=DIRECTION('',(0.,0.,-1.));
#2379=DIRECTION('',(1.,8.40139546819836E-16,0.));
#2380=DIRECTION('',(0.,0.,-1.));
#2381=DIRECTION('',(-1.,0.,0.));
#2382=DIRECTION('',(0.,1.,0.));
#2383=DIRECTION('',(-1.43254583822601E-16,0.,-1.));
#2384=DIRECTION('',(-0.55,0.835164654424503,7.87900211024306E-17));
#2385=DIRECTION('',(0.,0.,1.));
#2386=DIRECTION('',(1.,0.,0.));
#2387=DIRECTION('',(0.,-1.,0.));
#2388=DIRECTION('',(0.,0.,1.));
#2389=DIRECTION('',(-0.55,0.835164654424503,0.));
#2390=DIRECTION('',(1.,0.,0.));
#2391=DIRECTION('',(0.,-1.,0.));
#2392=DIRECTION('',(-1.,0.,0.));
#2393=DIRECTION('',(0.,1.,0.));
#2394=DIRECTION('',(-1.,-2.77555756156289E-16,0.));
#2395=DIRECTION('',(0.,-1.,0.));
#2396=DIRECTION('',(1.,0.,0.));
#2397=DIRECTION('',(0.,1.,0.));
#2398=DIRECTION('',(0.,0.,1.));
#2399=DIRECTION('',(1.,8.40139546819836E-16,0.));
#2400=DIRECTION('',(0.,-1.,0.));
#2401=DIRECTION('',(-1.,0.,0.));
#2402=DIRECTION('',(0.,0.,-1.));
#2403=DIRECTION('',(1.,0.,0.));
#2404=DIRECTION('',(0.,0.,1.));
#2405=DIRECTION('',(1.,0.,0.));
#2406=DIRECTION('',(-1.,0.,0.));
#2407=DIRECTION('',(0.,0.,1.));
#2408=DIRECTION('',(0.,-0.673322255743815,-0.739349132629545));
#2409=DIRECTION('',(0.,1.,0.));
#2410=DIRECTION('',(0.,0.673322255743815,0.739349132629545));
#2411=DIRECTION('',(0.,1.,0.));
#2412=DIRECTION('',(1.,0.,0.));
#2413=DIRECTION('',(0.,0.,-1.));
#2414=DIRECTION('',(-1.,1.22464679914735E-16,0.));
#2415=DIRECTION('',(-1.,1.22464679914735E-16,0.));
#2416=DIRECTION('',(-0.715085438616105,-0.699037063022565,0.));
#2417=DIRECTION('',(0.699037063022565,-0.715085438616104,-1.00140263539871E-16));
#2418=DIRECTION('',(-0.699037063022565,0.715085438616104,1.00140263539871E-16));
#2419=DIRECTION('',(0.,0.,-1.));
#2420=DIRECTION('',(0.699037063022565,-0.715085438616104,-1.00140263539871E-16));
#2421=DIRECTION('',(0.,0.,-1.));
#2422=DIRECTION('',(-1.,0.,0.));
#2423=DIRECTION('',(-3.20064295387433E-16,1.,4.58506774322006E-32));
#2424=DIRECTION('',(-1.43254583822601E-16,0.,-1.));
#2425=DIRECTION('',(-0.0763803822885144,0.997078751755076,0.));
#2426=DIRECTION('',(0.,0.,1.));
#2427=DIRECTION('',(-0.0763803822885144,0.997078751755076,0.));
#2428=DIRECTION('',(1.43254583822601E-16,1.66174120051423E-32,1.));
#2429=DIRECTION('',(1.43254583822601E-16,0.,1.));
#2430=DIRECTION('',(-0.0763803822885144,0.997078751755076,0.));
#2431=DIRECTION('',(-8.0848562055633E-17,7.10312404753844E-17,-1.));
#2432=DIRECTION('',(0.660022871862678,0.751245504890474,0.));
#2433=DIRECTION('',(-0.751245504890474,0.660022871862678,1.07619362151685E-16));
#2434=DIRECTION('',(-0.751245504890474,0.660022871862678,1.07619362151685E-16));
#2435=DIRECTION('',(0.,0.,-1.));
#2436=DIRECTION('',(0.751245504890474,-0.660022871862678,-1.07619362151685E-16));
#2437=DIRECTION('',(0.,0.,-1.));
#2438=DIRECTION('',(-1.,0.,0.));
#2439=DIRECTION('',(1.11022302462516E-15,-1.,-1.59044537342946E-31));
#2440=DIRECTION('',(1.,1.11022302462516E-15,-1.43254583822601E-16));
#2441=DIRECTION('',(0.751245504890474,-0.660022871862678,-1.07619362151685E-16));
#2442=DIRECTION('',(1.,0.,-1.43254583822601E-16));
#2443=DIRECTION('',(3.20064295387433E-16,-1.,-4.58506774322006E-32));
#2444=DIRECTION('',(0.,0.,1.));
#2445=DIRECTION('',(1.,0.,0.));
#2446=DIRECTION('',(-1.,0.,0.));
#2447=DIRECTION('',(0.,1.,0.));
#2448=DIRECTION('',(1.,0.,0.));
#2449=DIRECTION('',(-1.60032147693716E-16,1.,2.29253387161003E-32));
#2450=DIRECTION('',(3.20064295387433E-16,-1.,-4.58506774322006E-32));
#2451=DIRECTION('',(1.,0.,0.));
#2452=DIRECTION('',(-1.,0.,0.));
#2453=DIRECTION('',(3.20064295387433E-16,-1.,-4.58506774322006E-32));
#2454=DIRECTION('',(-1.,0.,1.43254583822601E-16));
#2455=DIRECTION('',(-1.60032147693716E-16,1.,2.29253387161003E-32));
#2456=DIRECTION('',(1.,0.,0.));
#2457=DIRECTION('',(0.,0.,-1.));
#2458=DIRECTION('',(0.,0.673322255743815,0.739349132629545));
#2459=DIRECTION('',(0.,1.,0.));
#2460=DIRECTION('',(0.,-0.673322255743815,-0.739349132629545));
#2461=DIRECTION('',(1.,0.,0.));
#2462=DIRECTION('',(0.,0.,-1.));
#2463=DIRECTION('',(0.,1.,0.));
#2464=DIRECTION('',(0.,0.,-1.));
#2465=DIRECTION('',(0.,1.,0.));
#2466=DIRECTION('',(0.,0.,1.));
#2467=DIRECTION('',(0.,0.,1.));
#2468=DIRECTION('',(1.,0.,0.));
#2469=DIRECTION('',(0.,1.,0.));
#2470=DIRECTION('',(1.,0.,0.));
#2471=DIRECTION('',(0.,-1.,0.));
#2472=DIRECTION('',(1.,9.11308066046483E-16,0.));
#2473=DIRECTION('',(-1.,-1.07321559047099E-15,0.));
#2474=DIRECTION('',(1.,0.,-7.4014868308344E-16));
#2475=DIRECTION('',(0.,-1.,0.));
#2476=DIRECTION('',(-1.,-7.40148683083437E-16,7.4014868308344E-16));
#2477=DIRECTION('',(0.,0.,-1.));
#2478=DIRECTION('',(1.,0.,0.));
#2479=DIRECTION('',(1.,0.,0.));
#2480=DIRECTION('',(1.,9.11308066046483E-16,0.));
#2481=DIRECTION('',(0.,-1.,0.));
#2482=DIRECTION('',(0.,-1.,0.));
#2483=DIRECTION('',(-1.,0.,2.89543715521076E-32));
#2484=DIRECTION('',(1.,9.11308066046483E-16,0.));
#2485=DIRECTION('',(9.11308066046483E-16,-1.,0.));
#2486=DIRECTION('',(-1.,-9.11308066046483E-16,0.));
#2487=DIRECTION('',(0.,0.,1.));
#2488=DIRECTION('',(0.,-0.739349132629545,0.673322255743815));
#2489=DIRECTION('',(0.,-0.673322255743815,-0.739349132629545));
#2490=DIRECTION('',(1.,0.,0.));
#2491=DIRECTION('',(1.0775320667666E-16,-0.673322255743815,-0.739349132629545));
#2492=DIRECTION('',(0.,-0.739349132629545,0.673322255743815));
#2493=DIRECTION('',(0.,-0.673322255743815,-0.739349132629545));
#2494=DIRECTION('',(0.660022871862678,0.751245504890474,0.));
#2495=DIRECTION('',(-0.751245504890474,0.660022871862678,1.07619362151685E-16));
#2496=DIRECTION('',(-0.751245504890474,0.660022871862678,0.));
#2497=DIRECTION('',(0.,0.,1.));
#2498=DIRECTION('',(0.,0.,1.));
#2499=DIRECTION('',(0.,0.,-1.));
#2500=DIRECTION('',(0.996037248993136,-0.0889370486253391,0.));
#2501=DIRECTION('',(0.,0.,1.));
#2502=DIRECTION('',(0.996037248993136,-0.0889370486253391,0.));
#2503=DIRECTION('',(0.,0.,-1.));
#2504=DIRECTION('',(0.,0.,-1.));
#2505=DIRECTION('',(-0.910366543943931,0.413802798042236,0.));
#2506=DIRECTION('',(0.,0.,-1.));
#2507=DIRECTION('',(1.,1.48029736616687E-15,0.));
#2508=DIRECTION('',(0.,0.,1.));
#2509=DIRECTION('',(0.,0.,1.));
#2510=DIRECTION('',(0.766130877682874,-0.642684586917151,0.));
#2511=DIRECTION('',(0.,0.,1.));
#2512=DIRECTION('',(0.766130877682874,-0.642684586917151,0.));
#2513=DIRECTION('',(0.,0.,-1.));
#2514=DIRECTION('',(0.,-1.,0.));
#2515=DIRECTION('',(0.,0.,-1.));
#2516=DIRECTION('',(1.,0.,0.));
#2517=DIRECTION('',(0.,0.,1.));
#2518=DIRECTION('',(-9.05441548727144E-17,-0.739349132629545,-0.673322255743815));
#2519=DIRECTION('',(-8.24581945291338E-17,-0.673322255743815,0.739349132629545));
#2520=DIRECTION('',(1.,-1.22464679914735E-16,0.));
#2521=DIRECTION('',(-5.70413179178434E-16,0.673322255743815,-0.739349132629545));
#2522=DIRECTION('',(1.,-1.22464679914735E-16,0.));
#2523=DIRECTION('',(2.15506413353321E-16,-0.673322255743815,0.739349132629545));
#2524=DIRECTION('',(9.05441548727144E-17,0.739349132629545,0.673322255743815));
#2525=DIRECTION('',(8.24581945291339E-17,0.673322255743815,-0.739349132629545));
#2526=DIRECTION('',(-1.,1.22464679914735E-16,0.));
#2527=DIRECTION('',(-2.15506413353321E-16,0.673322255743815,-0.739349132629545));
#2528=DIRECTION('',(-1.,1.22464679914735E-16,0.));
#2529=DIRECTION('',(5.70413179178434E-16,-0.673322255743815,0.739349132629545));
#2530=DIRECTION('',(0.,-0.739349132629545,0.673322255743815));
#2531=DIRECTION('',(0.,-0.673322255743815,-0.739349132629545));
#2532=DIRECTION('',(1.,0.,0.));
#2533=DIRECTION('',(0.,0.739349132629545,-0.673322255743815));
#2534=DIRECTION('',(3.73768935659666E-17,0.673322255743815,0.739349132629545));
#2535=DIRECTION('',(-2.15506413353321E-16,0.673322255743815,0.739349132629545));
#2536=DIRECTION('',(0.,-1.,0.));
#2537=DIRECTION('',(0.,0.,-1.));
#2538=DIRECTION('',(-1.,0.,0.));
#2539=DIRECTION('',(0.,0.,1.));
#2540=DIRECTION('',(0.,0.,1.));
#2541=DIRECTION('',(1.,0.,0.));
#2542=DIRECTION('',(0.,1.,0.));
#2543=DIRECTION('',(0.,1.,0.));
#2544=DIRECTION('',(0.,0.,1.));
#2545=DIRECTION('',(0.,-1.,0.));
#2546=DIRECTION('',(1.,0.,0.));
#2547=DIRECTION('',(1.,0.,0.));
#2548=DIRECTION('',(0.,0.,1.));
#2549=DIRECTION('',(-1.,0.,0.));
#2550=DIRECTION('',(0.,-1.,0.));
#2551=DIRECTION('',(0.,-1.,0.));
#2552=DIRECTION('',(0.,0.,1.));
#2553=DIRECTION('',(0.,-1.,0.));
#2554=DIRECTION('',(1.,0.,0.));
#2555=DIRECTION('',(1.,2.77555756156289E-16,0.));
#2556=DIRECTION('',(0.,0.,1.));
#2557=DIRECTION('',(-1.,0.,0.));
#2558=DIRECTION('',(0.,-1.,0.));
#2559=DIRECTION('',(0.,-1.,0.));
#2560=DIRECTION('',(0.,0.,-1.));
#2561=DIRECTION('',(0.,1.,0.));
#2562=DIRECTION('',(1.,0.,0.));
#2563=DIRECTION('',(1.,0.,0.));
#2564=DIRECTION('',(-0.707106781186549,0.,0.707106781186546));
#2565=DIRECTION('',(-0.707106781186548,0.,0.707106781186548));
#2566=DIRECTION('',(-0.5,0.707106781186544,-0.5));
#2567=DIRECTION('',(0.,0.,-1.));
#2568=DIRECTION('',(-1.,-1.40186826668194E-16,0.));
#2569=DIRECTION('',(0.707106781186549,0.,-0.707106781186546));
#2570=DIRECTION('',(0.707106781186548,0.,0.707106781186548));
#2571=DIRECTION('',(0.707106781186548,0.,-0.707106781186548));
#2572=DIRECTION('',(-4.44089209850063E-16,1.,0.));
#2573=DIRECTION('',(-0.707106781186549,0.,0.707106781186546));
#2574=DIRECTION('',(0.707106781186548,0.,-0.707106781186548));
#2575=DIRECTION('',(-0.5,-0.707106781186548,-0.5));
#2576=DIRECTION('',(0.,0.,-1.));
#2577=DIRECTION('',(-1.,0.,0.));
#2578=DIRECTION('',(0.707106781186549,0.,-0.707106781186546));
#2579=DIRECTION('',(0.,-1.,0.));
#2580=DIRECTION('',(-1.,0.,0.));
#2581=DIRECTION('',(-1.,0.,0.));
#2582=DIRECTION('',(0.,0.,1.));
#2583=DIRECTION('',(-1.,0.,0.));
#2584=DIRECTION('',(0.,0.,1.));
#2585=DIRECTION('',(0.,1.,0.));
#2586=DIRECTION('',(0.,0.,-1.));
#2587=DIRECTION('',(0.,0.,1.));
#2588=DIRECTION('',(0.,-1.,0.));
#2589=DIRECTION('',(0.,0.,-1.));
#2590=DIRECTION('',(1.,0.,0.));
#2591=DIRECTION('',(0.,-1.,0.));
#2592=DIRECTION('',(-0.707106781186548,0.,0.707106781186548));
#2593=DIRECTION('',(0.,-1.,0.));
#2594=DIRECTION('',(-0.707106781186548,0.,0.707106781186548));
#2595=DIRECTION('',(0.,-1.,0.));
#2596=DIRECTION('',(0.,-1.,0.));
#2597=DIRECTION('',(-0.707106781186548,0.,0.707106781186548));
#2598=DIRECTION('',(0.,1.,0.));
#2599=DIRECTION('',(1.,0.,-3.2627210314017E-32));
#2600=DIRECTION('',(-1.,-3.70074341541719E-17,0.));
#2601=DIRECTION('',(0.,0.,1.));
#2602=DIRECTION('',(-1.,0.,0.));
#2603=DIRECTION('',(0.,0.,1.));
#2604=DIRECTION('',(0.,1.,0.));
#2605=DIRECTION('',(0.,0.,-1.));
#2606=DIRECTION('',(0.,0.,-1.));
#2607=DIRECTION('',(0.86602540378444,-0.5,0.));
#2608=DIRECTION('',(0.,0.,-1.));
#2609=DIRECTION('',(1.,8.40139546819836E-16,0.));
#2610=DIRECTION('',(0.,0.,1.));
#2611=DIRECTION('',(0.,0.,-1.));
#2612=DIRECTION('',(-1.,0.,0.));
#2613=DIRECTION('',(0.,1.,0.));
#2614=DIRECTION('',(0.,0.,1.));
#2615=DIRECTION('',(0.,-1.,0.));
#2616=DIRECTION('',(0.,0.,1.));
#2617=DIRECTION('',(0.,0.,1.));
#2618=DIRECTION('',(1.,0.,0.));
#2619=DIRECTION('',(0.,0.,1.));
#2620=DIRECTION('',(-0.55,0.835164654424503,0.));
#2621=DIRECTION('',(0.,-0.739349132629545,0.673322255743815));
#2622=DIRECTION('',(0.,0.673322255743815,0.739349132629545));
#2623=DIRECTION('',(0.,0.,1.));
#2624=DIRECTION('',(-0.55,0.835164654424503,0.));
#2625=DIRECTION('',(0.,0.739349132629545,-0.673322255743815));
#2626=DIRECTION('',(0.,0.673322255743815,0.739349132629545));
#2627=DIRECTION('',(-1.,0.,0.));
#2628=DIRECTION('',(2.15506413353321E-16,-0.673322255743815,-0.739349132629545));
#2629=DIRECTION('',(-1.,0.,0.));
#2630=DIRECTION('',(0.,-1.,0.));
#2631=DIRECTION('',(3.20064295387433E-16,-1.,0.));
#2632=DIRECTION('',(3.20064295387433E-16,-1.,0.));
#2633=DIRECTION('',(0.,1.,0.));
#2634=DIRECTION('',(1.,0.,-3.2627210314017E-32));
#2635=DIRECTION('',(-1.,0.,0.));
#2636=DIRECTION('',(0.,0.,1.));
#2637=DIRECTION('',(0.,0.,1.));
#2638=DIRECTION('',(1.,0.,0.));
#2639=DIRECTION('',(0.,1.,0.));
#2640=DIRECTION('',(-1.0775320667666E-16,0.673322255743815,0.739349132629545));
#2641=DIRECTION('',(-1.60032147693716E-16,1.,0.));
#2642=DIRECTION('',(0.,0.739349132629545,-0.673322255743815));
#2643=DIRECTION('',(0.,0.673322255743815,0.739349132629545));
#2644=DIRECTION('',(-1.,0.,0.));
#2645=DIRECTION('',(0.,0.739349132629545,-0.673322255743815));
#2646=DIRECTION('',(0.,-0.673322255743815,-0.739349132629545));
#2647=DIRECTION('',(0.,-1.,0.));
#2648=DIRECTION('',(0.,0.,-1.));
#2649=DIRECTION('',(0.,-1.,0.));
#2650=DIRECTION('',(0.,-1.,0.));
#2651=DIRECTION('',(0.,0.,-1.));
#2652=DIRECTION('',(0.,-1.,0.));
#2653=DIRECTION('',(0.,1.,0.));
#2654=DIRECTION('',(1.,0.,-3.2627210314017E-32));
#2655=DIRECTION('',(-1.,-1.07321559047099E-15,0.));
#2656=DIRECTION('',(0.,-1.,0.));
#2657=DIRECTION('',(0.707106781186548,0.,0.707106781186548));
#2658=DIRECTION('',(0.,1.,0.));
#2659=DIRECTION('',(0.707106781186548,0.,0.707106781186548));
#2660=DIRECTION('',(0.,1.,0.));
#2661=DIRECTION('',(0.,1.,0.));
#2662=DIRECTION('',(0.707106781186548,0.,0.707106781186548));
#2663=DIRECTION('',(0.,-1.,0.));
#2664=DIRECTION('',(0.,0.,-1.));
#2665=DIRECTION('',(1.,0.,0.));
#2666=DIRECTION('',(0.,0.,-1.));
#2667=DIRECTION('',(-1.,0.,0.));
#2668=DIRECTION('',(0.,0.,1.));
#2669=DIRECTION('',(0.,-1.,0.));
#2670=DIRECTION('',(0.,0.,-1.));
#2671=DIRECTION('',(0.,-1.,0.));
#2672=DIRECTION('',(-1.,0.,0.));
#2673=DIRECTION('',(-1.,-7.40148683083437E-16,0.));
#2674=DIRECTION('',(0.,0.,-1.));
#2675=DIRECTION('',(1.,0.,0.));
#2676=DIRECTION('',(0.,-1.,0.));
#2677=DIRECTION('',(0.,-1.,0.));
#2678=DIRECTION('',(0.,0.,-1.));
#2679=DIRECTION('',(-1.,0.,0.));
#2680=DIRECTION('',(0.,-1.,0.));
#2681=DIRECTION('',(3.20064295387433E-16,-1.,0.));
#2682=DIRECTION('',(1.,0.,0.));
#2683=DIRECTION('',(0.,1.,0.));
#2684=DIRECTION('',(0.,0.,-1.));
#2685=DIRECTION('',(0.,1.,0.));
#2686=DIRECTION('',(0.,0.,-1.));
#2687=DIRECTION('',(0.,1.,2.16840434497101E-16));
#2688=DIRECTION('',(-1.60032147693716E-16,1.,0.));
#2689=DIRECTION('',(0.,-1.,0.));
#2690=DIRECTION('',(-1.,0.,0.));
#2691=DIRECTION('',(1.,0.,0.));
#2692=DIRECTION('',(1.,0.,0.));
#2693=DIRECTION('',(0.,0.,1.));
#2694=DIRECTION('',(-1.,-1.11022302462516E-15,0.));
#2695=DIRECTION('',(0.,1.,0.));
#2696=DIRECTION('',(1.,0.,0.));
#2697=DIRECTION('',(1.,0.,0.));
#2698=DIRECTION('',(-1.,0.,0.));
#2699=DIRECTION('',(0.,0.,-1.));
#2700=DIRECTION('',(1.,0.,0.));
#2701=DIRECTION('',(0.,-1.,0.));
#2702=DIRECTION('',(0.,-1.,0.));
#2703=DIRECTION('',(0.,1.,0.));
#2704=DIRECTION('',(0.,0.,1.));
#2705=DIRECTION('',(1.,0.,0.));
#2706=DIRECTION('',(-8.58127087720683E-16,1.,0.));
#2707=DIRECTION('',(1.,0.,0.));
#2708=DIRECTION('',(0.,1.,0.));
#2709=DIRECTION('',(-7.10542735760098E-15,-1.,0.));
#2710=DIRECTION('',(0.,0.,1.));
#2711=DIRECTION('',(1.,0.,0.));
#2712=DIRECTION('',(1.,0.,0.));
#2713=DIRECTION('',(0.,-1.,0.));
#2714=DIRECTION('',(0.,-1.,0.));
#2715=DIRECTION('',(0.,0.,-1.));
#2716=DIRECTION('',(0.,0.,1.));
#2717=DIRECTION('',(-1.,0.,0.));
#2718=DIRECTION('',(0.,0.,1.));
#2719=DIRECTION('',(0.,0.,1.));
#2720=DIRECTION('',(1.,0.,0.));
#2721=DIRECTION('',(0.,-2.16840434497101E-16,1.));
#2722=DIRECTION('',(0.,-1.,-2.16840434497101E-16));
#2723=CARTESIAN_POINT('',(0.,0.,0.));
#2724=CARTESIAN_POINT('',(0.015,-0.0160824713198813,0.01025));
#2725=CARTESIAN_POINT('',(0.015,-0.0160824713198813,0.005125));
#2726=CARTESIAN_POINT('',(0.015,-0.0160824713198813,0.00115));
#2727=CARTESIAN_POINT('',(0.015,-0.0160824713198813,-0.00085));
#2728=CARTESIAN_POINT('',(0.014998,-0.0160824713198813,0.00115));
#2729=CARTESIAN_POINT('',(0.017,-0.0160824713198813,0.00115));
#2730=CARTESIAN_POINT('',(0.017,-0.0160824713198813,0.01025));
#2731=CARTESIAN_POINT('',(0.017,-0.0160824713198813,-0.00085));
#2732=CARTESIAN_POINT('',(0.0155,-0.0160824713198813,-0.00085));
#2733=CARTESIAN_POINT('',(0.017,-0.0160824713198813,0.01025));
#2734=CARTESIAN_POINT('',(0.017,-0.0170824713198813,0.00115));
#2735=CARTESIAN_POINT('',(0.017,-0.0180824713198813,0.00115));
#2736=CARTESIAN_POINT('',(0.017,-0.0180824713198813,0.015195));
#2737=CARTESIAN_POINT('',(0.017,-0.0180824713198813,-0.00085));
#2738=CARTESIAN_POINT('',(0.017,-0.0165824713198813,-0.00085));
#2739=CARTESIAN_POINT('',(0.02525,0.,-0.015));
#2740=CARTESIAN_POINT('',(0.02525,0.01572,0.00975));
#2741=CARTESIAN_POINT('',(0.02525,0.0275,0.00975));
#2742=CARTESIAN_POINT('',(0.02525,0.0185,0.00975));
#2743=CARTESIAN_POINT('',(0.02525,0.0185,-0.0941424218620221));
#2744=CARTESIAN_POINT('',(0.02525,0.0185,0.0098));
#2745=CARTESIAN_POINT('',(0.02525,0.01572,0.0098));
#2746=CARTESIAN_POINT('',(0.02525,0.0275,0.0098));
#2747=CARTESIAN_POINT('',(0.02525,0.0275,-0.00414699618305212));
#2748=CARTESIAN_POINT('',(0.0098,-0.0121,-0.00221051637141654));
#2749=CARTESIAN_POINT('',(0.0098,-0.0121,-0.00212038727856241));
#2750=CARTESIAN_POINT('',(0.00905,-0.0121,-0.00212038727856241));
#2751=CARTESIAN_POINT('',(0.0098,-0.0121,-0.00185));
#2752=CARTESIAN_POINT('',(0.011,-0.0121,-0.00185));
#2753=CARTESIAN_POINT('',(0.0098,-0.0121,0.0001));
#2754=CARTESIAN_POINT('',(0.0098,-0.0121,-0.00295));
#2755=CARTESIAN_POINT('',(0.00905,-0.0121,-0.00295));
#2756=CARTESIAN_POINT('',(0.0098,-0.0121,0.00065));
#2757=CARTESIAN_POINT('',(0.0098,-0.0121,0.00085));
#2758=CARTESIAN_POINT('',(0.011,-0.0121,0.00085));
#2759=CARTESIAN_POINT('',(-0.00025,-0.00025,-0.00295));
#2760=CARTESIAN_POINT('',(0.0097,-0.0141848370381051,-0.00295));
#2761=CARTESIAN_POINT('',(0.0077,-0.0141848370381051,-0.00295));
#2762=CARTESIAN_POINT('',(0.00787366231338377,-0.015,-0.00295));
#2763=CARTESIAN_POINT('',(0.0077,-0.007625,-0.00295));
#2764=CARTESIAN_POINT('',(0.0077,-0.0121,-0.00295));
#2765=CARTESIAN_POINT('',(0.0098,-0.0121,-0.00295));
#2766=CARTESIAN_POINT('',(0.0119,-0.0121,-0.00295));
#2767=CARTESIAN_POINT('',(0.0119,-0.006175,-0.00295));
#2768=CARTESIAN_POINT('',(0.0119,-0.015,-0.00295));
#2769=CARTESIAN_POINT('',(0.005825,-0.015,-0.00295));
#2770=CARTESIAN_POINT('',(0.0077,-0.015,0.));
#2771=CARTESIAN_POINT('',(0.0077,-0.0141848370381051,7.49999999999973E-5));
#2772=CARTESIAN_POINT('',(0.0077,-0.0141848370381051,0.00085));
#2773=CARTESIAN_POINT('',(0.0077,-0.01355,0.00085));
#2774=CARTESIAN_POINT('',(0.0077,-0.0121,0.00085));
#2775=CARTESIAN_POINT('',(0.0077,-0.0121,0.));
#2776=CARTESIAN_POINT('',(-0.022,0.025,0.));
#2777=CARTESIAN_POINT('',(-0.022,0.025,0.00564));
#2778=CARTESIAN_POINT('',(-0.0236,0.025,0.00564));
#2779=CARTESIAN_POINT('',(-0.022,0.025,-0.00085));
#2780=CARTESIAN_POINT('',(-0.0236,0.025,-0.00085));
#2781=CARTESIAN_POINT('',(0.0114412375126016,-0.0159660495893391,0.002));
#2782=CARTESIAN_POINT('',(0.0114412375126016,-0.0159660495893391,0.00315));
#2783=CARTESIAN_POINT('',(0.0100110666353694,-0.0173641237153842,0.00315));
#2784=CARTESIAN_POINT('',(0.0106596958399342,-0.0141250735944157,0.00315));
#2785=CARTESIAN_POINT('',(0.0106596958399342,-0.0141250735944157,0.002));
#2786=CARTESIAN_POINT('',(0.0106596958399342,-0.0141250735944157,0.00085));
#2787=CARTESIAN_POINT('',(0.0114412375126016,-0.0159660495893391,0.00085));
#2788=CARTESIAN_POINT('',(0.0100110666353694,-0.0173641237153842,0.00085));
#2789=CARTESIAN_POINT('',(0.0100110666353694,-0.0173641237153842,0.002));
#2790=CARTESIAN_POINT('',(0.0098,-0.0121,0.002));
#2791=CARTESIAN_POINT('',(0.0098,-0.0121,0.00315));
#2792=CARTESIAN_POINT('',(0.0114868442072191,-0.0135122877258446,0.00315));
#2793=CARTESIAN_POINT('',(0.0114868442072191,-0.0135122877258446,0.002));
#2794=CARTESIAN_POINT('',(0.0114868442072191,-0.0135122877258446,0.00085));
#2795=CARTESIAN_POINT('',(0.0098,-0.0121,0.00085));
#2796=CARTESIAN_POINT('',(0.0098,-0.0121,0.00085));
#2797=CARTESIAN_POINT('',(0.0097,-0.0141848370381051,0.00085));
#2798=CARTESIAN_POINT('',(0.00826982912276779,-0.0155829111641502,0.00085));
#2799=CARTESIAN_POINT('',(0.00748827218026359,-0.0147834113685063,0.00085));
#2800=CARTESIAN_POINT('',(0.0130203389410547,-0.0147961856584306,0.00085));
#2801=CARTESIAN_POINT('',(0.0143403846847801,-0.0132936946486496,0.00085));
#2802=CARTESIAN_POINT('',(0.0177180240154558,-0.016261192219865,0.00085));
#2803=CARTESIAN_POINT('',(0.0111860480309116,-0.01052238443973,0.00085));
#2804=CARTESIAN_POINT('',(0.0098,-0.0121,0.00085));
#2805=CARTESIAN_POINT('',(0.0098,-0.0121,0.));
#2806=CARTESIAN_POINT('',(0.0111860480309116,-0.01052238443973,0.000149999999999994));
#2807=CARTESIAN_POINT('',(0.0111860480309116,-0.01052238443973,-0.00085));
#2808=CARTESIAN_POINT('',(0.0098,-0.0121,-0.00085));
#2809=CARTESIAN_POINT('',(0.0119,-0.0121,-0.00085));
#2810=CARTESIAN_POINT('',(0.0119,-0.0121,0.));
#2811=CARTESIAN_POINT('',(0.0119,-0.0121,0.));
#2812=CARTESIAN_POINT('',(0.0119,-0.015,-0.00085));
#2813=CARTESIAN_POINT('',(0.0119,-0.015,-0.00085));
#2814=CARTESIAN_POINT('',(0.0119,-0.015,0.));
#2815=CARTESIAN_POINT('',(0.0119,-0.015,0.));
#2816=CARTESIAN_POINT('',(0.00787366231338377,-0.015,7.49999999999973E-5));
#2817=CARTESIAN_POINT('',(0.00787366231338377,-0.015,-0.00085));
#2818=CARTESIAN_POINT('',(0.0077,-0.015,-0.00085));
#2819=CARTESIAN_POINT('',(0.0097,-0.0141848370381051,7.49999999999973E-5));
#2820=CARTESIAN_POINT('',(0.0097,-0.0141848370381051,-0.00085));
#2821=CARTESIAN_POINT('',(0.0082698291227678,-0.0155829111641502,-0.00085));
#2822=CARTESIAN_POINT('',(0.00826982912276779,-0.0155829111641502,7.49999999999973E-5));
#2823=CARTESIAN_POINT('',(0.022,-0.025,0.));
#2824=CARTESIAN_POINT('',(0.022,-0.025,0.00564));
#2825=CARTESIAN_POINT('',(0.0204,-0.025,0.00564));
#2826=CARTESIAN_POINT('',(0.022,-0.025,-0.00085));
#2827=CARTESIAN_POINT('',(0.0204,-0.025,-0.00085));
#2828=CARTESIAN_POINT('',(0.022,-0.025,0.00564));
#2829=CARTESIAN_POINT('',(0.0304467169936109,-0.028,0.00564));
#2830=CARTESIAN_POINT('',(0.02425,-0.028,0.00564));
#2831=CARTESIAN_POINT('',(0.0163376241735469,-0.028,0.00564));
#2832=CARTESIAN_POINT('',(0.02425,-0.0235,0.00564));
#2833=CARTESIAN_POINT('',(0.02425,-0.022,0.00564));
#2834=CARTESIAN_POINT('',(0.0243588427887222,-0.0220956261695096,0.00564));
#2835=CARTESIAN_POINT('',(0.0203502627963065,-0.018573802130015,0.00564));
#2836=CARTESIAN_POINT('',(0.0190302170525811,-0.020076293139796,0.00564));
#2837=CARTESIAN_POINT('',(0.020063185034292,-0.0217888868303017,0.00564));
#2838=CARTESIAN_POINT('',(0.022,-0.025,0.00564));
#2839=CARTESIAN_POINT('',(0.0183071462001393,-0.0256521739130435,0.00564));
#2840=CARTESIAN_POINT('',(0.0163376241735469,-0.026,0.00564));
#2841=CARTESIAN_POINT('',(0.02425,-0.022,0.));
#2842=CARTESIAN_POINT('',(0.02425,-0.028,0.02014));
#2843=CARTESIAN_POINT('',(0.02425,-0.028,-0.00085));
#2844=CARTESIAN_POINT('',(0.02425,-0.011125,-0.00085));
#2845=CARTESIAN_POINT('',(0.02425,-0.022,-0.00085));
#2846=CARTESIAN_POINT('',(0.02425,-0.022,0.02014));
#2847=CARTESIAN_POINT('',(-0.000124999999999997,1.53080849893416E-20,0.00393858622077869));
#2848=CARTESIAN_POINT('',(-0.000125,-0.0167801808217512,-0.00085770663392155));
#2849=CARTESIAN_POINT('',(-0.000125,-0.0249834627114042,0.00815));
#2850=CARTESIAN_POINT('',(-0.000125,-0.022,0.00487397496281701));
#2851=CARTESIAN_POINT('',(-0.000124999999999997,1.53080849893416E-20,0.00815));
#2852=CARTESIAN_POINT('',(-0.000125,-0.0231741942694811,0.00815));
#2853=CARTESIAN_POINT('',(-0.000125,-0.0197649336773261,0.0044064227749559));
#2854=CARTESIAN_POINT('',(-0.000125,-0.022,0.00686066267708563));
#2855=CARTESIAN_POINT('',(-0.000125,-0.022,0.00196929311038935));
#2856=CARTESIAN_POINT('',(-0.02065,0.01745,0.01));
#2857=CARTESIAN_POINT('',(-0.0292600505063388,0.0132,0.01));
#2858=CARTESIAN_POINT('',(-0.03025,0.0132,0.01));
#2859=CARTESIAN_POINT('',(-0.0292600505063388,0.0125,0.01));
#2860=CARTESIAN_POINT('',(-0.03025,0.0125,0.01));
#2861=CARTESIAN_POINT('',(-0.02525,0.0125,0.01));
#2862=CARTESIAN_POINT('',(-0.02525,0.0075,0.01));
#2863=CARTESIAN_POINT('',(-0.02525,0.0175,0.01));
#2864=CARTESIAN_POINT('',(-0.0229312645155803,0.0175,0.01));
#2865=CARTESIAN_POINT('',(-0.0292600505063388,0.0175,0.01));
#2866=CARTESIAN_POINT('',(-0.0292600505063388,0.0168,0.01));
#2867=CARTESIAN_POINT('',(-0.03025,0.0168,0.01));
#2868=CARTESIAN_POINT('',(-0.03025,0.0175,0.01));
#2869=CARTESIAN_POINT('',(-0.04175,0.,0.015));
#2870=CARTESIAN_POINT('',(-0.04175,0.,0.00975));
#2871=CARTESIAN_POINT('',(-0.04175,0.0275,0.00975));
#2872=CARTESIAN_POINT('',(-0.04175,-0.018,0.00975));
#2873=CARTESIAN_POINT('',(-0.04175,-0.018,0.015));
#2874=CARTESIAN_POINT('',(-0.04175,-0.018,0.01));
#2875=CARTESIAN_POINT('',(-0.04175,0.,0.01));
#2876=CARTESIAN_POINT('',(-0.04175,0.0275,0.01));
#2877=CARTESIAN_POINT('',(-0.04175,0.0275,0.015));
#2878=CARTESIAN_POINT('',(0.,0.,0.00975));
#2879=CARTESIAN_POINT('',(-0.022,0.025,0.00975));
#2880=CARTESIAN_POINT('',(-0.02525,0.0262990381056766,0.00975));
#2881=CARTESIAN_POINT('',(-0.02525,0.0237009618943234,0.00975));
#2882=CARTESIAN_POINT('',(-0.02525,0.01572,0.00975));
#2883=CARTESIAN_POINT('',(-0.02525,-0.018,0.00975));
#2884=CARTESIAN_POINT('',(0.01675,-0.018,0.00975));
#2885=CARTESIAN_POINT('',(-0.029375,0.0275,0.00975));
#2886=CARTESIAN_POINT('',(-0.02525,0.0275,0.00975));
#2887=CARTESIAN_POINT('',(-0.02525,0.01572,0.00975));
#2888=CARTESIAN_POINT('',(0.022,-0.025,0.00564));
#2889=CARTESIAN_POINT('',(-0.02475,0.0235,0.00564));
#2890=CARTESIAN_POINT('',(-0.02475,0.0228349364905389,0.00564));
#2891=CARTESIAN_POINT('',(-0.02475,0.0271650635094611,0.00564));
#2892=CARTESIAN_POINT('',(-0.022,0.025,0.00564));
#2893=CARTESIAN_POINT('',(0.014,-0.000250000000000015,-0.00085));
#2894=CARTESIAN_POINT('',(-0.02475,0.0208241767278775,-0.00085));
#2895=CARTESIAN_POINT('',(-0.02475,0.0208241767278775,-0.00085));
#2896=CARTESIAN_POINT('',(-0.02475,0.0291758232721225,-0.00085));
#2897=CARTESIAN_POINT('',(-0.022,0.025,-0.00085));
#2898=CARTESIAN_POINT('',(-0.02065,0.01745,0.01));
#2899=CARTESIAN_POINT('',(-0.02475,0.019725,0.01));
#2900=CARTESIAN_POINT('',(-0.02475,0.0228349364905389,0.01));
#2901=CARTESIAN_POINT('',(-0.02475,0.0208241767278775,0.01));
#2902=CARTESIAN_POINT('',(-0.022,0.025,0.01));
#2903=CARTESIAN_POINT('',(-0.0170022811711188,0.0248489817645253,0.01));
#2904=CARTESIAN_POINT('',(-0.02065,0.0248489817645253,0.01));
#2905=CARTESIAN_POINT('',(-0.01605,0.0248489817645253,0.01));
#2906=CARTESIAN_POINT('',(-0.01605,0.0169,0.01));
#2907=CARTESIAN_POINT('',(-0.01605,0.01635,0.01));
#2908=CARTESIAN_POINT('',(-0.01895,0.01635,0.01));
#2909=CARTESIAN_POINT('',(-0.01725,0.01635,0.01));
#2910=CARTESIAN_POINT('',(-0.01725,0.0174,0.01));
#2911=CARTESIAN_POINT('',(-0.01725,0.01735,0.01));
#2912=CARTESIAN_POINT('',(-0.02295,0.01735,0.01));
#2913=CARTESIAN_POINT('',(-0.02524,0.01735,0.01));
#2914=CARTESIAN_POINT('',(-0.02524,0.01745,0.01));
#2915=CARTESIAN_POINT('',(-0.02524,0.0175,0.01));
#2916=CARTESIAN_POINT('',(-0.03025,0.0175,0.01));
#2917=CARTESIAN_POINT('',(-0.02525,0.008725,0.01));
#2918=CARTESIAN_POINT('',(-0.02525,0.0237009618943234,0.01));
#2919=CARTESIAN_POINT('',(-0.022,0.025,0.01));
#2920=CARTESIAN_POINT('',(-0.02125,0.022,0.));
#2921=CARTESIAN_POINT('',(-0.018,0.022,0.00215));
#2922=CARTESIAN_POINT('',(-0.018,0.022,0.00686066267708565));
#2923=CARTESIAN_POINT('',(-0.018,0.022,0.00487397496281702));
#2924=CARTESIAN_POINT('',(0.,0.022,0.00487397496281702));
#2925=CARTESIAN_POINT('',(0.000124999999999997,0.022,0.00487397496281702));
#2926=CARTESIAN_POINT('',(0.000124999999999997,0.022,0.00196929311038935));
#2927=CARTESIAN_POINT('',(0.000124999999999997,0.022,0.00686066267708565));
#2928=CARTESIAN_POINT('',(0.,0.022,0.00686066267708565));
#2929=CARTESIAN_POINT('',(0.000124999999999997,0.,0.00393858622077869));
#2930=CARTESIAN_POINT('',(0.000124999999999997,0.0167801808217512,-0.00085770663392155));
#2931=CARTESIAN_POINT('',(0.000124999999999997,0.0249834627114042,0.00815));
#2932=CARTESIAN_POINT('',(0.000124999999999997,0.,0.00815));
#2933=CARTESIAN_POINT('',(0.000124999999999997,0.023174194269481,0.00815));
#2934=CARTESIAN_POINT('',(0.000124999999999997,0.0197649336773261,0.0044064227749559));
#2935=CARTESIAN_POINT('',(0.02125,-0.022,0.));
#2936=CARTESIAN_POINT('',(0.012,-0.022,0.));
#2937=CARTESIAN_POINT('',(0.012,-0.022,0.00686066267708564));
#2938=CARTESIAN_POINT('',(0.012,-0.022,0.00487397496281702));
#2939=CARTESIAN_POINT('',(-2.69422295812418E-18,-0.022,0.00487397496281702));
#2940=CARTESIAN_POINT('',(-2.69422295812418E-18,-0.022,0.00686066267708565));
#2941=CARTESIAN_POINT('',(0.0077,-0.015,0.000149999999999995));
#2942=CARTESIAN_POINT('',(0.0198198291227678,-0.0273980741260451,-0.00085));
#2943=CARTESIAN_POINT('',(0.012,-0.0193987186784543,-0.00085));
#2944=CARTESIAN_POINT('',(0.012,-0.0193987186784544,7.49999999999973E-5));
#2945=CARTESIAN_POINT('',(0.012,-0.0193987186784543,0.00315));
#2946=CARTESIAN_POINT('',(0.0198198291227678,-0.0273980741260451,0.00315));
#2947=CARTESIAN_POINT('',(0.015975,-0.0189602292828876,0.00315));
#2948=CARTESIAN_POINT('',(0.012,0.00426988535855621,0.00315));
#2949=CARTESIAN_POINT('',(0.012,-0.0130760378608947,0.00315));
#2950=CARTESIAN_POINT('',(0.0130203389410547,-0.0147961856584306,0.00315));
#2951=CARTESIAN_POINT('',(0.0130203389410547,-0.0147961856584306,0.002));
#2952=CARTESIAN_POINT('',(0.012,-0.0130760378608947,0.002));
#2953=CARTESIAN_POINT('',(0.012,-0.0130760378608947,0.00815));
#2954=CARTESIAN_POINT('',(0.0130203389410547,-0.0147961856584306,0.00815));
#2955=CARTESIAN_POINT('',(0.0143403846847801,-0.0132936946486496,0.00815));
#2956=CARTESIAN_POINT('',(0.0143403846847801,-0.0132936946486496,0.002));
#2957=CARTESIAN_POINT('',(0.02425,-0.022,0.000149999999999992));
#2958=CARTESIAN_POINT('',(0.0111860480309116,-0.01052238443973,0.00815));
#2959=CARTESIAN_POINT('',(0.015,-0.0138732138495526,0.00815));
#2960=CARTESIAN_POINT('',(0.015,-0.0138732138495526,0.010145));
#2961=CARTESIAN_POINT('',(0.015,-0.0138732138495526,-0.00085));
#2962=CARTESIAN_POINT('',(0.0111860480309116,-0.01052238443973,-0.00085));
#2963=CARTESIAN_POINT('',(0.014,-0.000250000000000015,-0.00085));
#2964=CARTESIAN_POINT('',(0.015,-0.00916623565994066,-0.00085));
#2965=CARTESIAN_POINT('',(0.0168955122529216,-0.0180824713198813,-0.00085));
#2966=CARTESIAN_POINT('',(0.0197910245058431,-0.0180824713198813,-0.00085));
#2967=CARTESIAN_POINT('',(0.0111860480309116,-0.01052238443973,-0.00085));
#2968=CARTESIAN_POINT('',(0.013,-0.028,-0.00085));
#2969=CARTESIAN_POINT('',(0.012,-0.028,-0.00085));
#2970=CARTESIAN_POINT('',(0.012,0.013625,-0.00085));
#2971=CARTESIAN_POINT('',(0.000124999999999997,0.,0.00815));
#2972=CARTESIAN_POINT('',(6.24999999999987E-5,0.0249834627114042,0.00815));
#2973=CARTESIAN_POINT('',(0.022,0.0249834627114042,0.00815));
#2974=CARTESIAN_POINT('',(0.015,0.0249834627114042,0.00815));
#2975=CARTESIAN_POINT('',(0.022,0.0129868830910077,0.00815));
#2976=CARTESIAN_POINT('',(0.022,0.023174194269481,0.00815));
#2977=CARTESIAN_POINT('',(6.24999999999987E-5,0.023174194269481,0.00815));
#2978=CARTESIAN_POINT('',(0.015,0.023174194269481,0.00815));
#2979=CARTESIAN_POINT('',(0.015,-0.014125,0.00815));
#2980=CARTESIAN_POINT('',(0.012,0.013625,0.00815));
#2981=CARTESIAN_POINT('',(0.012,0.023174194269481,0.00815));
#2982=CARTESIAN_POINT('',(6.24999999999987E-5,0.023174194269481,0.00815));
#2983=CARTESIAN_POINT('',(6.24999999999987E-5,0.0249834627114042,0.00815));
#2984=CARTESIAN_POINT('',(0.012,0.0249834627114041,0.00815));
#2985=CARTESIAN_POINT('',(0.012,0.013625,0.00815));
#2986=CARTESIAN_POINT('',(0.012,0.0275,0.00815));
#2987=CARTESIAN_POINT('',(0.015,0.0275,0.00815));
#2988=CARTESIAN_POINT('',(0.015,0.0275,0.00815));
#2989=CARTESIAN_POINT('',(0.015,-0.014125,0.00815));
#2990=CARTESIAN_POINT('',(0.022,0.0259737661820154,0.00968775915958122));
#2991=CARTESIAN_POINT('',(0.022,0.022,0.00487397496281702));
#2992=CARTESIAN_POINT('',(0.022,0.0267301312603437,0.0100679491924311));
#2993=CARTESIAN_POINT('',(0.022,0.03144,0.0100679491924311));
#2994=CARTESIAN_POINT('',(0.022,0.0249208628184206,0.0100679491924311));
#2995=CARTESIAN_POINT('',(0.022,0.0289585190375902,0.0145015433563454));
#2996=CARTESIAN_POINT('',(0.04175,0.,0.015));
#2997=CARTESIAN_POINT('',(0.04175,0.,0.00975));
#2998=CARTESIAN_POINT('',(0.04175,-0.018,0.00975));
#2999=CARTESIAN_POINT('',(0.04175,0.0275,0.00975));
#3000=CARTESIAN_POINT('',(0.04175,0.0275,0.015));
#3001=CARTESIAN_POINT('',(0.04175,0.0275,0.01));
#3002=CARTESIAN_POINT('',(0.04175,0.,0.01));
#3003=CARTESIAN_POINT('',(0.04175,-0.018,0.01));
#3004=CARTESIAN_POINT('',(0.04175,-0.018,0.015));
#3005=CARTESIAN_POINT('',(0.,0.,0.00975));
#3006=CARTESIAN_POINT('',(0.0275,0.00575,0.00975));
#3007=CARTESIAN_POINT('',(0.0275,0.0025,0.00975));
#3008=CARTESIAN_POINT('',(0.0275,0.0115,0.00975));
#3009=CARTESIAN_POINT('',(0.,0.0115,0.00975));
#3010=CARTESIAN_POINT('',(0.0284979064017534,0.0115,0.00975));
#3011=CARTESIAN_POINT('',(0.0284979064017534,0.,0.00975));
#3012=CARTESIAN_POINT('',(0.0284979064017534,0.0185,0.00975));
#3013=CARTESIAN_POINT('',(-1.68591992218599E-17,0.0185,0.00975));
#3014=CARTESIAN_POINT('',(0.007,0.0275,0.00975));
#3015=CARTESIAN_POINT('',(0.029625,-0.018,0.00975));
#3016=CARTESIAN_POINT('',(0.02525,-0.018,0.00975));
#3017=CARTESIAN_POINT('',(0.02525,0.01572,0.00975));
#3018=CARTESIAN_POINT('',(0.02525,0.0025,0.00975));
#3019=CARTESIAN_POINT('',(0.026625,0.0025,0.00975));
#3020=CARTESIAN_POINT('',(0.023,0.03144,0.0098));
#3021=CARTESIAN_POINT('',(0.0231475827303899,0.0275,0.0098));
#3022=CARTESIAN_POINT('',(0.023,0.0275,0.0098));
#3023=CARTESIAN_POINT('',(0.023,0.0185,0.0098));
#3024=CARTESIAN_POINT('',(0.023,0.0185,0.0098));
#3025=CARTESIAN_POINT('',(0.023,0.03144,0.0098));
#3026=CARTESIAN_POINT('',(0.026,0.0185,0.01944));
#3027=CARTESIAN_POINT('',(0.013,0.0185,0.01025));
#3028=CARTESIAN_POINT('',(0.0217360775340236,0.0185,0.01025));
#3029=CARTESIAN_POINT('',(0.0284979064017534,0.0185,0.01025));
#3030=CARTESIAN_POINT('',(0.023,0.0185,0.0118));
#3031=CARTESIAN_POINT('',(0.0284979064017534,0.0185,-0.0941424218620221));
#3032=CARTESIAN_POINT('',(0.,0.0289585190375902,0.0145015433563454));
#3033=CARTESIAN_POINT('',(0.,0.025086655750342,0.01025));
#3034=CARTESIAN_POINT('',(0.015,0.025086655750342,0.01025));
#3035=CARTESIAN_POINT('',(0.0217360775340236,0.025086655750342,0.01025));
#3036=CARTESIAN_POINT('',(0.015,0.0124374996953967,-0.00363954913927263));
#3037=CARTESIAN_POINT('',(0.023,0.0264982344624061,0.0118));
#3038=CARTESIAN_POINT('',(0.02425,-0.022,0.000149999999999992));
#3039=CARTESIAN_POINT('',(0.0119527846987759,-0.0111960174055073,0.01025));
#3040=CARTESIAN_POINT('',(0.0203502627963065,-0.018573802130015,0.01025));
#3041=CARTESIAN_POINT('',(0.0197910245058431,-0.0180824713198813,0.01025));
#3042=CARTESIAN_POINT('',(0.0203502627963065,-0.018573802130015,0.02014));
#3043=CARTESIAN_POINT('',(0.0197910245058432,-0.0180824713198813,0.010145));
#3044=CARTESIAN_POINT('',(0.0190302170525811,-0.020076293139796,0.02014));
#3045=CARTESIAN_POINT('',(0.0190302170525811,-0.020076293139796,0.01025));
#3046=CARTESIAN_POINT('',(0.020063185034292,-0.0217888868303017,0.01025));
#3047=CARTESIAN_POINT('',(0.020063185034292,-0.0217888868303017,0.02014));
#3048=CARTESIAN_POINT('',(0.022,-0.025,0.02014));
#3049=CARTESIAN_POINT('',(0.022,-0.025,0.01025));
#3050=CARTESIAN_POINT('',(0.0183071462001393,-0.0256521739130435,0.01025));
#3051=CARTESIAN_POINT('',(0.0183071462001393,-0.0256521739130435,0.02014));
#3052=CARTESIAN_POINT('',(0.0163376241735469,-0.026,0.02014));
#3053=CARTESIAN_POINT('',(0.0163376241735469,-0.026,0.01025));
#3054=CARTESIAN_POINT('',(0.0163376241735469,-0.028,0.01025));
#3055=CARTESIAN_POINT('',(0.0163376241735469,-0.028,0.02014));
#3056=CARTESIAN_POINT('',(0.0388934339872219,-0.028,0.012155410228861));
#3057=CARTESIAN_POINT('',(0.0194467169936109,-0.028,0.01025));
#3058=CARTESIAN_POINT('',(0.012,-0.028,0.01025));
#3059=CARTESIAN_POINT('',(0.012,-0.028,0.));
#3060=CARTESIAN_POINT('',(-2.69422295812418E-18,-0.022,0.00487397496281702));
#3061=CARTESIAN_POINT('',(-3.29380074721674E-18,-0.0268959241922652,0.01025));
#3062=CARTESIAN_POINT('',(-0.012,-0.0268959241922652,0.01025));
#3063=CARTESIAN_POINT('',(0.012,-0.0268959241922652,0.01025));
#3064=CARTESIAN_POINT('',(-0.012,-0.0245552398904321,0.00767978507905083));
#3065=CARTESIAN_POINT('',(-0.012,-0.0249834627114042,0.00815));
#3066=CARTESIAN_POINT('',(-6.25000000000017E-5,-0.0249834627114042,0.00815));
#3067=CARTESIAN_POINT('',(0.012,-0.0095660875548418,-0.00877922349170898));
#3068=CARTESIAN_POINT('',(-3.54639576474326E-18,-0.0289585190375902,0.0145015433563454));
#3069=CARTESIAN_POINT('',(-3.07222926659679E-18,-0.025086655750342,0.01025));
#3070=CARTESIAN_POINT('',(0.012,-0.025086655750342,0.01025));
#3071=CARTESIAN_POINT('',(-0.012,-0.025086655750342,0.01025));
#3072=CARTESIAN_POINT('',(0.012,-0.0125508404104167,-0.00351509408283153));
#3073=CARTESIAN_POINT('',(-6.25000000000015E-5,-0.023174194269481,0.00815));
#3074=CARTESIAN_POINT('',(-0.012,-0.023174194269481,0.00815));
#3075=CARTESIAN_POINT('',(-0.012,-0.0275399927460069,0.0129439144879283));
#3076=CARTESIAN_POINT('',(0.,0.0289585190375902,0.0145015433563454));
#3077=CARTESIAN_POINT('',(0.,0.025086655750342,0.01025));
#3078=CARTESIAN_POINT('',(-0.0170007509783036,0.025086655750342,0.01025));
#3079=CARTESIAN_POINT('',(0.012,0.025086655750342,0.01025));
#3080=CARTESIAN_POINT('',(-0.022,0.025,0.0101548466714026));
#3081=CARTESIAN_POINT('',(0.012,0.025018319062615,0.0101749621256883));
#3082=CARTESIAN_POINT('',(-0.02525,0.0248489817645253,0.015));
#3083=CARTESIAN_POINT('',(-0.02525,0.0248489817645253,0.01025));
#3084=CARTESIAN_POINT('',(-0.01605,0.0248489817645253,0.01025));
#3085=CARTESIAN_POINT('',(-0.0170022811711188,0.0248489817645253,0.01025));
#3086=CARTESIAN_POINT('',(-0.01605,0.0248489817645253,0.015));
#3087=CARTESIAN_POINT('',(-0.0170022811711188,0.0248489817645253,0.00215));
#3088=CARTESIAN_POINT('',(-0.01605,0.01635,0.));
#3089=CARTESIAN_POINT('',(-0.01605,0.008175,0.01025));
#3090=CARTESIAN_POINT('',(-0.01605,0.01635,0.01025));
#3091=CARTESIAN_POINT('',(-0.01605,0.01635,0.));
#3092=CARTESIAN_POINT('',(-0.01725,0.01635,0.));
#3093=CARTESIAN_POINT('',(-0.008625,0.01635,0.01025));
#3094=CARTESIAN_POINT('',(-0.01725,0.01635,0.01025));
#3095=CARTESIAN_POINT('',(-0.01725,0.01635,0.));
#3096=CARTESIAN_POINT('',(-0.01725,0.01735,0.));
#3097=CARTESIAN_POINT('',(-0.01725,0.008675,0.01025));
#3098=CARTESIAN_POINT('',(-0.01725,0.01735,0.01025));
#3099=CARTESIAN_POINT('',(-0.01725,0.01735,0.));
#3100=CARTESIAN_POINT('',(-0.02525,0.01735,0.));
#3101=CARTESIAN_POINT('',(-0.012625,0.01735,0.01025));
#3102=CARTESIAN_POINT('',(-0.02524,0.01735,0.01025));
#3103=CARTESIAN_POINT('',(-0.02524,0.01735,0.));
#3104=CARTESIAN_POINT('',(-0.02524,0.01855,0.));
#3105=CARTESIAN_POINT('',(-0.02524,0.,0.01025));
#3106=CARTESIAN_POINT('',(-0.02524,0.0175,0.01025));
#3107=CARTESIAN_POINT('',(-0.02524,0.0175,0.));
#3108=CARTESIAN_POINT('',(-0.03025,0.0175,0.015));
#3109=CARTESIAN_POINT('',(-0.015125,0.0175,0.01025));
#3110=CARTESIAN_POINT('',(-0.0295100505063388,0.0175,0.01025));
#3111=CARTESIAN_POINT('',(-0.0312550252531694,0.0175,0.0119949747468306));
#3112=CARTESIAN_POINT('',(-0.0312550252531694,0.0168,0.0119949747468306));
#3113=CARTESIAN_POINT('',(-0.0295100505063388,0.0168,0.01025));
#3114=CARTESIAN_POINT('',(-0.0305,0.0168,0.01025));
#3115=CARTESIAN_POINT('',(-0.03175,0.0168,0.0115));
#3116=CARTESIAN_POINT('',(-0.03075,0.007875,0.0105));
#3117=CARTESIAN_POINT('',(-0.0305,0.0039375,0.01025));
#3118=CARTESIAN_POINT('',(-0.0305,0.0132,0.01025));
#3119=CARTESIAN_POINT('',(-0.0299203161288951,0.0132,0.00967031612889506));
#3120=CARTESIAN_POINT('',(-0.0294253413820645,0.0132,0.0101652908757256));
#3121=CARTESIAN_POINT('',(-0.0295100505063388,0.0132,0.01025));
#3122=CARTESIAN_POINT('',(-0.0295100505063388,0.0125,0.01025));
#3123=CARTESIAN_POINT('',(-0.0294253413820645,0.0125,0.0101652908757256));
#3124=CARTESIAN_POINT('',(-0.0229312645155803,0.0125,0.015));
#3125=CARTESIAN_POINT('',(-0.0114656322577901,0.0125,0.01025));
#3126=CARTESIAN_POINT('',(-0.02525,0.0125,0.01025));
#3127=CARTESIAN_POINT('',(-0.02525,0.0125,-1.11022302462516E-18));
#3128=CARTESIAN_POINT('',(-0.02525,0.,-0.015));
#3129=CARTESIAN_POINT('',(-0.02525,0.,0.01025));
#3130=CARTESIAN_POINT('',(-0.02525,-0.018,0.01025));
#3131=CARTESIAN_POINT('',(-0.02525,-0.018,-0.015));
#3132=CARTESIAN_POINT('',(-0.02525,0.0237009618943234,0.02014));
#3133=CARTESIAN_POINT('',(0.0335,-0.018,0.));
#3134=CARTESIAN_POINT('',(0.01675,-0.018,0.01025));
#3135=CARTESIAN_POINT('',(-0.0417437460888595,-0.018,0.01025));
#3136=CARTESIAN_POINT('',(-0.03675,-0.018,0.01));
#3137=CARTESIAN_POINT('',(-0.03675,0.,0.01));
#3138=CARTESIAN_POINT('',(-0.0417437460888595,0.,0.01025));
#3139=CARTESIAN_POINT('',(-0.0417437460888595,0.0275,0.01025));
#3140=CARTESIAN_POINT('',(-0.03675,0.0275,0.01));
#3141=CARTESIAN_POINT('',(0.014,0.0275,0.01944));
#3142=CARTESIAN_POINT('',(-0.007,0.0275,0.01025));
#3143=CARTESIAN_POINT('',(-0.02525,0.0275,0.01025));
#3144=CARTESIAN_POINT('',(-0.02525,0.0275,-0.015));
#3145=CARTESIAN_POINT('',(-0.02525,0.,-0.015));
#3146=CARTESIAN_POINT('',(-0.02525,0.,0.01025));
#3147=CARTESIAN_POINT('',(-0.02525,0.0262990381056766,0.01025));
#3148=CARTESIAN_POINT('',(-0.02525,0.0262990381056766,0.02014));
#3149=CARTESIAN_POINT('',(-0.022,0.025,0.02014));
#3150=CARTESIAN_POINT('',(-0.022,0.025,0.01025));
#3151=CARTESIAN_POINT('',(-0.02475,0.0271650635094611,0.01025));
#3152=CARTESIAN_POINT('',(-0.02475,0.0271650635094611,0.02014));
#3153=CARTESIAN_POINT('',(-0.02475,0.0228349364905389,0.02014));
#3154=CARTESIAN_POINT('',(-0.02475,0.022,0.));
#3155=CARTESIAN_POINT('',(-0.02475,0.0208241767278775,0.00215));
#3156=CARTESIAN_POINT('',(-0.02475,0.011,0.01025));
#3157=CARTESIAN_POINT('',(-0.02475,0.0291758232721225,0.01025));
#3158=CARTESIAN_POINT('',(-0.02475,0.0291758232721225,0.00215));
#3159=CARTESIAN_POINT('',(-0.022,0.025,0.00215));
#3160=CARTESIAN_POINT('',(-0.022,0.025,0.01025));
#3161=CARTESIAN_POINT('',(-0.0173733952560021,0.0268959241922652,0.01025));
#3162=CARTESIAN_POINT('',(-0.022,0.025,0.00816815895713393));
#3163=CARTESIAN_POINT('',(-0.022,0.025,0.01025));
#3164=CARTESIAN_POINT('',(0.,0.022,0.00487397496281702));
#3165=CARTESIAN_POINT('',(0.,0.0268959241922652,0.01025));
#3166=CARTESIAN_POINT('',(0.012,0.0268959241922652,0.01025));
#3167=CARTESIAN_POINT('',(0.012,0.0220335662070401,0.00491083271681086));
#3168=CARTESIAN_POINT('',(0.012,0.0275,0.));
#3169=CARTESIAN_POINT('',(0.012,0.01375,0.01025));
#3170=CARTESIAN_POINT('',(0.012,0.01375,0.01025));
#3171=CARTESIAN_POINT('',(0.014,0.0275,0.01944));
#3172=CARTESIAN_POINT('',(0.008,0.0275,0.01025));
#3173=CARTESIAN_POINT('',(0.015,0.0275,0.01025));
#3174=CARTESIAN_POINT('',(0.012,0.0275,0.01025));
#3175=CARTESIAN_POINT('',(0.015,0.0275,0.));
#3176=CARTESIAN_POINT('',(0.012,0.0275,0.));
#3177=CARTESIAN_POINT('',(0.015,-0.028,0.));
#3178=CARTESIAN_POINT('',(0.015,0.00945274683982181,-0.00890367854815008));
#3179=CARTESIAN_POINT('',(0.015,0.0268959241922652,0.01025));
#3180=CARTESIAN_POINT('',(0.015,-0.014,0.01025));
#3181=CARTESIAN_POINT('',(0.,0.022,0.00487397496281702));
#3182=CARTESIAN_POINT('',(0.,0.0268959241922652,0.01025));
#3183=CARTESIAN_POINT('',(0.0217360775340236,0.0268959241922652,0.01025));
#3184=CARTESIAN_POINT('',(0.023,0.0283075029043293,0.0118));
#3185=CARTESIAN_POINT('',(0.023,0.03144,0.0118));
#3186=CARTESIAN_POINT('',(0.0217360775340236,0.03144,0.01025));
#3187=CARTESIAN_POINT('',(0.0217360775340236,0.0275,0.01025));
#3188=CARTESIAN_POINT('',(0.023,0.0275,0.0118));
#3189=CARTESIAN_POINT('',(0.0217360775340236,0.03144,0.01025));
#3190=CARTESIAN_POINT('',(0.014,0.0275,0.01944));
#3191=CARTESIAN_POINT('',(0.007,0.0275,0.01025));
#3192=CARTESIAN_POINT('',(0.0417437460888595,0.0275,0.01025));
#3193=CARTESIAN_POINT('',(0.03675,0.0275,0.01));
#3194=CARTESIAN_POINT('',(0.03675,0.,0.01));
#3195=CARTESIAN_POINT('',(0.0417437460888595,0.,0.01025));
#3196=CARTESIAN_POINT('',(0.0417437460888595,-0.018,0.01025));
#3197=CARTESIAN_POINT('',(0.03675,-0.018,0.01));
#3198=CARTESIAN_POINT('',(0.0335,-0.018,0.));
#3199=CARTESIAN_POINT('',(0.01675,-0.018,0.01025));
#3200=CARTESIAN_POINT('',(0.02525,-0.018,0.01025));
#3201=CARTESIAN_POINT('',(0.02525,-0.018,-0.015));
#3202=CARTESIAN_POINT('',(0.02525,0.,-0.015));
#3203=CARTESIAN_POINT('',(0.02525,0.,0.01025));
#3204=CARTESIAN_POINT('',(0.02525,0.0025,0.01025));
#3205=CARTESIAN_POINT('',(0.02525,0.0025,-1.11022302462516E-18));
#3206=CARTESIAN_POINT('',(0.0275,0.0025,0.015));
#3207=CARTESIAN_POINT('',(0.01375,0.0025,0.01025));
#3208=CARTESIAN_POINT('',(0.0275,0.0025,0.01025));
#3209=CARTESIAN_POINT('',(0.0275,0.0025,0.015));
#3210=CARTESIAN_POINT('',(0.0275,0.0115,0.015));
#3211=CARTESIAN_POINT('',(0.0275,0.00575,0.01025));
#3212=CARTESIAN_POINT('',(0.0275,0.0115,0.01025));
#3213=CARTESIAN_POINT('',(0.0275,0.0115,0.015));
#3214=CARTESIAN_POINT('',(0.012,0.0275,0.));
#3215=CARTESIAN_POINT('',(0.012,0.01375,0.01025));
#3216=CARTESIAN_POINT('',(0.015,-0.028,0.));
#3217=CARTESIAN_POINT('',(0.015,-0.0160824713198813,0.005125));
#3218=CARTESIAN_POINT('',(0.015,-0.0160824713198813,0.01025));
#3219=CARTESIAN_POINT('',(0.015,-0.0160824713198813,0.00664));
#3220=CARTESIAN_POINT('',(0.015,-0.0170824713198813,0.00664));
#3221=CARTESIAN_POINT('',(0.015,-0.0180824713198813,0.00664));
#3222=CARTESIAN_POINT('',(0.015,-0.0180824713198813,0.015195));
#3223=CARTESIAN_POINT('',(0.015,-0.0180824713198813,0.00115));
#3224=CARTESIAN_POINT('',(0.015,-0.0170824713198813,0.00115));
#3225=CARTESIAN_POINT('',(0.015,-0.014,0.01025));
#3226=CARTESIAN_POINT('',(0.0197910245058432,-0.0180824713198813,0.02014));
#3227=CARTESIAN_POINT('',(0.014998,-0.0180824713198813,0.00115));
#3228=CARTESIAN_POINT('',(0.014998,-0.0180824713198813,0.00664));
#3229=CARTESIAN_POINT('',(0.017,-0.0180824713198813,0.00664));
#3230=CARTESIAN_POINT('',(0.017,-0.0180824713198813,0.015195));
#3231=CARTESIAN_POINT('',(0.017,-0.0180824713198813,0.01025));
#3232=CARTESIAN_POINT('',(0.0098955122529216,-0.0180824713198813,0.01025));
#3233=CARTESIAN_POINT('',(0.015,-0.0160824713198813,0.01025));
#3234=CARTESIAN_POINT('',(0.014998,-0.0160824713198813,0.00664));
#3235=CARTESIAN_POINT('',(0.017,-0.0160824713198813,0.00664));
#3236=CARTESIAN_POINT('',(0.017,-0.0160824713198813,0.01025));
#3237=CARTESIAN_POINT('',(0.017,-0.0160824713198813,0.01025));
#3238=CARTESIAN_POINT('',(0.017,-0.0160824713198813,0.01025));
#3239=CARTESIAN_POINT('',(0.017,-0.0160824713198813,0.01025));
#3240=CARTESIAN_POINT('',(0.017,-0.0170824713198813,0.00664));
#3241=CARTESIAN_POINT('',(0.017,-0.0180824713198813,0.01025));
#3242=CARTESIAN_POINT('',(0.000124999999999997,0.,0.00815));
#3243=CARTESIAN_POINT('',(-0.012,-0.01175,0.00815));
#3244=CARTESIAN_POINT('',(-0.012,-0.0235,0.00815));
#3245=CARTESIAN_POINT('',(-0.012,-0.014,0.01025));
#3246=CARTESIAN_POINT('',(0.,0.,0.01025));
#3247=CARTESIAN_POINT('',(0.,0.0115,0.01025));
#3248=CARTESIAN_POINT('',(0.0284979064017534,0.0115,0.01025));
#3249=CARTESIAN_POINT('',(0.0284979064017534,0.,0.01025));
#3250=CARTESIAN_POINT('',(0.0268739532008767,0.0115,-0.0941424218620221));
#3251=CARTESIAN_POINT('',(0.0284979064017534,0.0115,-0.0941424218620221));
#3252=CARTESIAN_POINT('',(0.0284979064017534,0.015,-0.0941424218620221));
#3253=CARTESIAN_POINT('',(0.014998,-0.0170824713198813,0.00664));
#3254=CARTESIAN_POINT('',(0.014998,-0.0170824713198813,0.00115));
#3255=MECHANICAL_DESIGN_GEOMETRIC_PRESENTATION_REPRESENTATION('',(#1874,
#81,#82,#83,#84,#85,#86,#87,#88,#89,#90,#91,#92,#93,#94,#95,#96,#97,#98,
#99,#100,#101,#102,#103,#104,#105,#106,#107,#108,#109,#110,#111,#112,#113),
#3256);
#3256=(
GEOMETRIC_REPRESENTATION_CONTEXT(3)
GLOBAL_UNCERTAINTY_ASSIGNED_CONTEXT((#3257))
GLOBAL_UNIT_ASSIGNED_CONTEXT((#3260,#3259,#3258))
REPRESENTATION_CONTEXT('electronics_frame_split_2',
'TOP_LEVEL_ASSEMBLY_PART')
);
#3257=UNCERTAINTY_MEASURE_WITH_UNIT(LENGTH_MEASURE(1.E-6),#3260,
'DISTANCE_ACCURACY_VALUE','Maximum Tolerance applied to model');
#3258=(
NAMED_UNIT(*)
SI_UNIT($,.STERADIAN.)
SOLID_ANGLE_UNIT()
);
#3259=(
NAMED_UNIT(*)
PLANE_ANGLE_UNIT()
SI_UNIT($,.RADIAN.)
);
#3260=(
LENGTH_UNIT()
NAMED_UNIT(*)
SI_UNIT($,.METRE.)
);
#3261=PRODUCT_DEFINITION_SHAPE('','',#3262);
#3262=PRODUCT_DEFINITION('','',#3264,#3263);
#3263=PRODUCT_DEFINITION_CONTEXT('',#3270,'design');
#3264=PRODUCT_DEFINITION_FORMATION_WITH_SPECIFIED_SOURCE('','',#3266,
 .NOT_KNOWN.);
#3265=PRODUCT_RELATED_PRODUCT_CATEGORY('','',(#3266));
#3266=PRODUCT('electronics_frame_split_2','electronics_frame_split_2',
'electronics_frame_split_2',(#3268));
#3267=PRODUCT_CATEGORY('','');
#3268=PRODUCT_CONTEXT('',#3270,'mechanical');
#3269=APPLICATION_PROTOCOL_DEFINITION('international standard',
'ap242_managed_model_based_3d_engineering',2020,#3270);
#3270=APPLICATION_CONTEXT('managed model based 3d engineering');
ENDSEC;
END-ISO-10303-21;
