ISO-10303-21;
HEADER;
/* Generated by software containing ST-Developer
 * from STEP Tools, Inc. (www.steptools.com) 
 */
/* OPTION: using custom renumber hook */

FILE_DESCRIPTION(
/* description */ ('STEP AP242 Edition 2',
'CAx-IF Rec.Pracs.---Representation and Presentation of Product Manufa
cturing Information (PMI)---4.0---2014-10-13',
'CAx-IF Rec.Pracs.---3D Tessellated Geometry---0.4---2014-09-14','2;1',
'CAx-IF Rec.Pracs.---User Defined Attributes---1.5---2016-08-15'),
/* implementation_level */ '2;1');

FILE_NAME(
/* name */ 'electronics_frame_split_1',
/* time_stamp */ '2026-09-30T17:41:32Z',
/* author */ (''),
/* organization */ (''),
/* preprocessor_version */ 'ST-DEVELOPER v20',
/* originating_system */ 'ONSHAPE BY PTC INC, 1.221',
/* authorisation */ '  ');

FILE_SCHEMA (('AP242_MANAGED_MODEL_BASED_3D_ENGINEERING_MIM_LF { 1 0 10303 442 3 1 4 }'));
ENDSEC;

DATA;
#10=VERTEX_LOOP('',#2491);
#11=CONICAL_SURFACE('',#4476,0.000375,1.02974425867665);
#12=CONICAL_SURFACE('',#4505,0.0031,0.78539816339745);
#13=CONICAL_SURFACE('',#4507,0.0031,0.78539816339745);
#14=B_SPLINE_SURFACE_WITH_KNOTS('',3,3,((#6101,#6102,#6103,#6104,#6105,
#6106,#6107,#6108,#6109,#6110),(#6111,#6112,#6113,#6114,#6115,#6116,#6117,
#6118,#6119,#6120),(#6121,#6122,#6123,#6124,#6125,#6126,#6127,#6128,#6129,
#6130),(#6131,#6132,#6133,#6134,#6135,#6136,#6137,#6138,#6139,#6140),(#6141,
#6142,#6143,#6144,#6145,#6146,#6147,#6148,#6149,#6150)),.UNSPECIFIED.,.F.,
 .F.,.F.,(4,1,4),(4,1,1,1,1,1,1,4),(0.,0.571428571428571,1.),(-0.0159476179758736,
-0.0113927019882619,-0.00683778600065026,-0.00228287001303862,0.00227204597457303,
0.00682696196218467,0.0113818779497963,0.015936793937408),.UNSPECIFIED.);
#15=(
BOUNDED_CURVE()
B_SPLINE_CURVE(2,(#6052,#6053,#6054),.UNSPECIFIED.,.F.,.F.)
B_SPLINE_CURVE_WITH_KNOTS((3,3),(0.,0.285929886755304),.UNSPECIFIED.)
CURVE()
GEOMETRIC_REPRESENTATION_ITEM()
RATIONAL_B_SPLINE_CURVE((1.,1.05917898219506,1.))
REPRESENTATION_ITEM('')
);
#16=(
BOUNDED_CURVE()
B_SPLINE_CURVE(2,(#6078,#6079,#6080),.UNSPECIFIED.,.F.,.F.)
B_SPLINE_CURVE_WITH_KNOTS((3,3),(0.,0.285929886755304),.UNSPECIFIED.)
CURVE()
GEOMETRIC_REPRESENTATION_ITEM()
RATIONAL_B_SPLINE_CURVE((1.,1.05917898219532,1.))
REPRESENTATION_ITEM('')
);
#17=SHAPE_REPRESENTATION_RELATIONSHIP('','',#4251,#19);
#18=SHAPE_REPRESENTATION_RELATIONSHIP('','',#4252,#20);
#19=ADVANCED_BREP_SHAPE_REPRESENTATION('',(#4247),#6461);
#20=ADVANCED_BREP_SHAPE_REPRESENTATION('',(#4248),#6462);
#21=TOROIDAL_SURFACE('',#4389,0.002,0.001);
#22=TOROIDAL_SURFACE('',#4393,0.002,0.001);
#23=B_SPLINE_CURVE_WITH_KNOTS('',3,(#5626,#5627,#5628,#5629,#5630,#5631,
#5632,#5633,#5634,#5635,#5636,#5637,#5638,#5639,#5640,#5641,#5642,#5643,
#5644),.UNSPECIFIED.,.T.,.F.,(1,1,1,1,1,1,1,1,1,1,1,1,1,1,1,1,1,1,1,1,1,
1,1),(-0.00269980263100174,-0.00179986842066782,-0.000899934210333912,0.,
0.000899934210333912,0.00179986842066782,0.00269980263100174,0.00359973684133565,
0.00449967105166956,0.00539960526200347,0.00629953947233739,0.0071994736826713,
0.00809940789300521,0.00899934210333912,0.00989927631367303,0.0107992105240069,
0.0116991447343409,0.0125990789446748,0.0134990131550087,0.0143989473653426,
0.0152988815756765,0.0161988157860104,0.0170987499963443),.UNSPECIFIED.);
#24=B_SPLINE_CURVE_WITH_KNOTS('',3,(#6058,#6059,#6060,#6061,#6062,#6063,
#6064),.UNSPECIFIED.,.F.,.F.,(4,1,1,1,4),(0.,0.25,0.5,0.75,1.),
 .UNSPECIFIED.);
#25=B_SPLINE_CURVE_WITH_KNOTS('',3,(#6068,#6069,#6070,#6071,#6072,#6073,
#6074),.UNSPECIFIED.,.F.,.F.,(4,1,1,1,4),(0.,0.25,0.5,0.75,1.),
 .UNSPECIFIED.);
#26=B_SPLINE_CURVE_WITH_KNOTS('',3,(#6151,#6152,#6153,#6154,#6155,#6156,
#6157),.UNSPECIFIED.,.F.,.F.,(4,1,1,1,4),(0.,0.25,0.5,0.75,1.),
 .UNSPECIFIED.);
#27=CYLINDRICAL_SURFACE('',#4265,0.005);
#28=CYLINDRICAL_SURFACE('',#4273,0.002);
#29=CYLINDRICAL_SURFACE('',#4276,0.001);
#30=CYLINDRICAL_SURFACE('',#4280,0.001);
#31=CYLINDRICAL_SURFACE('',#4290,0.0016);
#32=CYLINDRICAL_SURFACE('',#4292,0.0016);
#33=CYLINDRICAL_SURFACE('',#4302,0.033);
#34=CYLINDRICAL_SURFACE('',#4304,0.033);
#35=CYLINDRICAL_SURFACE('',#4326,0.005);
#36=CYLINDRICAL_SURFACE('',#4329,0.003);
#37=CYLINDRICAL_SURFACE('',#4337,0.002);
#38=CYLINDRICAL_SURFACE('',#4341,0.002);
#39=CYLINDRICAL_SURFACE('',#4345,0.0013);
#40=CYLINDRICAL_SURFACE('',#4348,0.0036);
#41=CYLINDRICAL_SURFACE('',#4352,0.002);
#42=CYLINDRICAL_SURFACE('',#4356,0.002);
#43=CYLINDRICAL_SURFACE('',#4360,0.00125);
#44=CYLINDRICAL_SURFACE('',#4363,0.001);
#45=CYLINDRICAL_SURFACE('',#4365,0.002);
#46=CYLINDRICAL_SURFACE('',#4367,0.002);
#47=CYLINDRICAL_SURFACE('',#4372,0.003);
#48=CYLINDRICAL_SURFACE('',#4373,0.0036);
#49=CYLINDRICAL_SURFACE('',#4387,0.001);
#50=CYLINDRICAL_SURFACE('',#4391,0.001);
#51=CYLINDRICAL_SURFACE('',#4395,0.001);
#52=CYLINDRICAL_SURFACE('',#4415,0.033);
#53=CYLINDRICAL_SURFACE('',#4419,0.033);
#54=CYLINDRICAL_SURFACE('',#4436,0.0016);
#55=CYLINDRICAL_SURFACE('',#4438,0.0016);
#56=CYLINDRICAL_SURFACE('',#4443,0.005);
#57=CYLINDRICAL_SURFACE('',#4446,0.005);
#58=CYLINDRICAL_SURFACE('',#4447,0.00325);
#59=CYLINDRICAL_SURFACE('',#4457,0.002);
#60=CYLINDRICAL_SURFACE('',#4462,0.002);
#61=CYLINDRICAL_SURFACE('',#4475,0.002);
#62=CYLINDRICAL_SURFACE('',#4480,0.001);
#63=CYLINDRICAL_SURFACE('',#4489,0.002);
#64=CYLINDRICAL_SURFACE('',#4498,0.0021);
#65=LINE('',#5422,#432);
#66=LINE('',#5425,#433);
#67=LINE('',#5427,#434);
#68=LINE('',#5429,#435);
#69=LINE('',#5431,#436);
#70=LINE('',#5433,#437);
#71=LINE('',#5435,#438);
#72=LINE('',#5437,#439);
#73=LINE('',#5439,#440);
#74=LINE('',#5441,#441);
#75=LINE('',#5443,#442);
#76=LINE('',#5445,#443);
#77=LINE('',#5447,#444);
#78=LINE('',#5449,#445);
#79=LINE('',#5451,#446);
#80=LINE('',#5453,#447);
#81=LINE('',#5455,#448);
#82=LINE('',#5457,#449);
#83=LINE('',#5459,#450);
#84=LINE('',#5462,#451);
#85=LINE('',#5465,#452);
#86=LINE('',#5467,#453);
#87=LINE('',#5471,#454);
#88=LINE('',#5475,#455);
#89=LINE('',#5477,#456);
#90=LINE('',#5479,#457);
#91=LINE('',#5481,#458);
#92=LINE('',#5483,#459);
#93=LINE('',#5485,#460);
#94=LINE('',#5489,#461);
#95=LINE('',#5491,#462);
#96=LINE('',#5493,#463);
#97=LINE('',#5496,#464);
#98=LINE('',#5498,#465);
#99=LINE('',#5502,#466);
#100=LINE('',#5504,#467);
#101=LINE('',#5506,#468);
#102=LINE('',#5508,#469);
#103=LINE('',#5510,#470);
#104=LINE('',#5511,#471);
#105=LINE('',#5516,#472);
#106=LINE('',#5518,#473);
#107=LINE('',#5519,#474);
#108=LINE('',#5521,#475);
#109=LINE('',#5522,#476);
#110=LINE('',#5524,#477);
#111=LINE('',#5528,#478);
#112=LINE('',#5532,#479);
#113=LINE('',#5533,#480);
#114=LINE('',#5535,#481);
#115=LINE('',#5537,#482);
#116=LINE('',#5539,#483);
#117=LINE('',#5541,#484);
#118=LINE('',#5543,#485);
#119=LINE('',#5545,#486);
#120=LINE('',#5547,#487);
#121=LINE('',#5549,#488);
#122=LINE('',#5551,#489);
#123=LINE('',#5553,#490);
#124=LINE('',#5557,#491);
#125=LINE('',#5559,#492);
#126=LINE('',#5561,#493);
#127=LINE('',#5563,#494);
#128=LINE('',#5565,#495);
#129=LINE('',#5567,#496);
#130=LINE('',#5571,#497);
#131=LINE('',#5573,#498);
#132=LINE('',#5575,#499);
#133=LINE('',#5581,#500);
#134=LINE('',#5583,#501);
#135=LINE('',#5585,#502);
#136=LINE('',#5587,#503);
#137=LINE('',#5593,#504);
#138=LINE('',#5595,#505);
#139=LINE('',#5597,#506);
#140=LINE('',#5599,#507);
#141=LINE('',#5600,#508);
#142=LINE('',#5602,#509);
#143=LINE('',#5606,#510);
#144=LINE('',#5608,#511);
#145=LINE('',#5611,#512);
#146=LINE('',#5612,#513);
#147=LINE('',#5614,#514);
#148=LINE('',#5616,#515);
#149=LINE('',#5618,#516);
#150=LINE('',#5624,#517);
#151=LINE('',#5652,#518);
#152=LINE('',#5654,#519);
#153=LINE('',#5658,#520);
#154=LINE('',#5662,#521);
#155=LINE('',#5665,#522);
#156=LINE('',#5667,#523);
#157=LINE('',#5668,#524);
#158=LINE('',#5670,#525);
#159=LINE('',#5672,#526);
#160=LINE('',#5674,#527);
#161=LINE('',#5678,#528);
#162=LINE('',#5680,#529);
#163=LINE('',#5681,#530);
#164=LINE('',#5685,#531);
#165=LINE('',#5691,#532);
#166=LINE('',#5693,#533);
#167=LINE('',#5697,#534);
#168=LINE('',#5699,#535);
#169=LINE('',#5701,#536);
#170=LINE('',#5703,#537);
#171=LINE('',#5707,#538);
#172=LINE('',#5711,#539);
#173=LINE('',#5715,#540);
#174=LINE('',#5717,#541);
#175=LINE('',#5719,#542);
#176=LINE('',#5721,#543);
#177=LINE('',#5723,#544);
#178=LINE('',#5725,#545);
#179=LINE('',#5727,#546);
#180=LINE('',#5729,#547);
#181=LINE('',#5731,#548);
#182=LINE('',#5735,#549);
#183=LINE('',#5737,#550);
#184=LINE('',#5743,#551);
#185=LINE('',#5745,#552);
#186=LINE('',#5747,#553);
#187=LINE('',#5753,#554);
#188=LINE('',#5755,#555);
#189=LINE('',#5759,#556);
#190=LINE('',#5762,#557);
#191=LINE('',#5767,#558);
#192=LINE('',#5769,#559);
#193=LINE('',#5771,#560);
#194=LINE('',#5774,#561);
#195=LINE('',#5776,#562);
#196=LINE('',#5778,#563);
#197=LINE('',#5780,#564);
#198=LINE('',#5782,#565);
#199=LINE('',#5788,#566);
#200=LINE('',#5790,#567);
#201=LINE('',#5792,#568);
#202=LINE('',#5794,#569);
#203=LINE('',#5796,#570);
#204=LINE('',#5801,#571);
#205=LINE('',#5812,#572);
#206=LINE('',#5817,#573);
#207=LINE('',#5830,#574);
#208=LINE('',#5831,#575);
#209=LINE('',#5833,#576);
#210=LINE('',#5841,#577);
#211=LINE('',#5844,#578);
#212=LINE('',#5846,#579);
#213=LINE('',#5850,#580);
#214=LINE('',#5854,#581);
#215=LINE('',#5858,#582);
#216=LINE('',#5860,#583);
#217=LINE('',#5862,#584);
#218=LINE('',#5864,#585);
#219=LINE('',#5866,#586);
#220=LINE('',#5871,#587);
#221=LINE('',#5874,#588);
#222=LINE('',#5875,#589);
#223=LINE('',#5879,#590);
#224=LINE('',#5883,#591);
#225=LINE('',#5884,#592);
#226=LINE('',#5895,#593);
#227=LINE('',#5897,#594);
#228=LINE('',#5900,#595);
#229=LINE('',#5902,#596);
#230=LINE('',#5906,#597);
#231=LINE('',#5909,#598);
#232=LINE('',#5911,#599);
#233=LINE('',#5913,#600);
#234=LINE('',#5917,#601);
#235=LINE('',#5920,#602);
#236=LINE('',#5921,#603);
#237=LINE('',#5923,#604);
#238=LINE('',#5925,#605);
#239=LINE('',#5927,#606);
#240=LINE('',#5929,#607);
#241=LINE('',#5931,#608);
#242=LINE('',#5933,#609);
#243=LINE('',#5935,#610);
#244=LINE('',#5937,#611);
#245=LINE('',#5939,#612);
#246=LINE('',#5941,#613);
#247=LINE('',#5943,#614);
#248=LINE('',#5945,#615);
#249=LINE('',#5947,#616);
#250=LINE('',#5949,#617);
#251=LINE('',#5951,#618);
#252=LINE('',#5953,#619);
#253=LINE('',#5955,#620);
#254=LINE('',#5957,#621);
#255=LINE('',#5959,#622);
#256=LINE('',#5961,#623);
#257=LINE('',#5963,#624);
#258=LINE('',#5965,#625);
#259=LINE('',#5967,#626);
#260=LINE('',#5971,#627);
#261=LINE('',#5975,#628);
#262=LINE('',#5977,#629);
#263=LINE('',#5979,#630);
#264=LINE('',#5981,#631);
#265=LINE('',#5983,#632);
#266=LINE('',#5985,#633);
#267=LINE('',#5987,#634);
#268=LINE('',#5989,#635);
#269=LINE('',#5991,#636);
#270=LINE('',#5993,#637);
#271=LINE('',#5995,#638);
#272=LINE('',#5997,#639);
#273=LINE('',#5999,#640);
#274=LINE('',#6001,#641);
#275=LINE('',#6003,#642);
#276=LINE('',#6005,#643);
#277=LINE('',#6007,#644);
#278=LINE('',#6009,#645);
#279=LINE('',#6011,#646);
#280=LINE('',#6013,#647);
#281=LINE('',#6015,#648);
#282=LINE('',#6017,#649);
#283=LINE('',#6019,#650);
#284=LINE('',#6021,#651);
#285=LINE('',#6023,#652);
#286=LINE('',#6025,#653);
#287=LINE('',#6027,#654);
#288=LINE('',#6029,#655);
#289=LINE('',#6031,#656);
#290=LINE('',#6033,#657);
#291=LINE('',#6037,#658);
#292=LINE('',#6039,#659);
#293=LINE('',#6041,#660);
#294=LINE('',#6045,#661);
#295=LINE('',#6047,#662);
#296=LINE('',#6049,#663);
#297=LINE('',#6051,#664);
#298=LINE('',#6056,#665);
#299=LINE('',#6066,#666);
#300=LINE('',#6076,#667);
#301=LINE('',#6081,#668);
#302=LINE('',#6085,#669);
#303=LINE('',#6088,#670);
#304=LINE('',#6089,#671);
#305=LINE('',#6093,#672);
#306=LINE('',#6098,#673);
#307=LINE('',#6159,#674);
#308=LINE('',#6162,#675);
#309=LINE('',#6163,#676);
#310=LINE('',#6165,#677);
#311=LINE('',#6166,#678);
#312=LINE('',#6170,#679);
#313=LINE('',#6171,#680);
#314=LINE('',#6173,#681);
#315=LINE('',#6175,#682);
#316=LINE('',#6177,#683);
#317=LINE('',#6179,#684);
#318=LINE('',#6181,#685);
#319=LINE('',#6183,#686);
#320=LINE('',#6184,#687);
#321=LINE('',#6191,#688);
#322=LINE('',#6193,#689);
#323=LINE('',#6195,#690);
#324=LINE('',#6197,#691);
#325=LINE('',#6200,#692);
#326=LINE('',#6201,#693);
#327=LINE('',#6203,#694);
#328=LINE('',#6205,#695);
#329=LINE('',#6207,#696);
#330=LINE('',#6209,#697);
#331=LINE('',#6211,#698);
#332=LINE('',#6213,#699);
#333=LINE('',#6215,#700);
#334=LINE('',#6217,#701);
#335=LINE('',#6222,#702);
#336=LINE('',#6223,#703);
#337=LINE('',#6225,#704);
#338=LINE('',#6227,#705);
#339=LINE('',#6229,#706);
#340=LINE('',#6231,#707);
#341=LINE('',#6233,#708);
#342=LINE('',#6235,#709);
#343=LINE('',#6237,#710);
#344=LINE('',#6239,#711);
#345=LINE('',#6242,#712);
#346=LINE('',#6244,#713);
#347=LINE('',#6246,#714);
#348=LINE('',#6248,#715);
#349=LINE('',#6250,#716);
#350=LINE('',#6252,#717);
#351=LINE('',#6254,#718);
#352=LINE('',#6256,#719);
#353=LINE('',#6258,#720);
#354=LINE('',#6260,#721);
#355=LINE('',#6261,#722);
#356=LINE('',#6271,#723);
#357=LINE('',#6273,#724);
#358=LINE('',#6275,#725);
#359=LINE('',#6277,#726);
#360=LINE('',#6278,#727);
#361=LINE('',#6282,#728);
#362=LINE('',#6284,#729);
#363=LINE('',#6286,#730);
#364=LINE('',#6288,#731);
#365=LINE('',#6295,#732);
#366=LINE('',#6297,#733);
#367=LINE('',#6298,#734);
#368=LINE('',#6300,#735);
#369=LINE('',#6301,#736);
#370=LINE('',#6303,#737);
#371=LINE('',#6305,#738);
#372=LINE('',#6307,#739);
#373=LINE('',#6314,#740);
#374=LINE('',#6318,#741);
#375=LINE('',#6324,#742);
#376=LINE('',#6326,#743);
#377=LINE('',#6328,#744);
#378=LINE('',#6330,#745);
#379=LINE('',#6332,#746);
#380=LINE('',#6334,#747);
#381=LINE('',#6336,#748);
#382=LINE('',#6338,#749);
#383=LINE('',#6340,#750);
#384=LINE('',#6342,#751);
#385=LINE('',#6344,#752);
#386=LINE('',#6346,#753);
#387=LINE('',#6349,#754);
#388=LINE('',#6354,#755);
#389=LINE('',#6357,#756);
#390=LINE('',#6358,#757);
#391=LINE('',#6366,#758);
#392=LINE('',#6368,#759);
#393=LINE('',#6372,#760);
#394=LINE('',#6374,#761);
#395=LINE('',#6376,#762);
#396=LINE('',#6379,#763);
#397=LINE('',#6381,#764);
#398=LINE('',#6383,#765);
#399=LINE('',#6384,#766);
#400=LINE('',#6385,#767);
#401=LINE('',#6388,#768);
#402=LINE('',#6391,#769);
#403=LINE('',#6393,#770);
#404=LINE('',#6395,#771);
#405=LINE('',#6397,#772);
#406=LINE('',#6399,#773);
#407=LINE('',#6401,#774);
#408=LINE('',#6403,#775);
#409=LINE('',#6405,#776);
#410=LINE('',#6408,#777);
#411=LINE('',#6410,#778);
#412=LINE('',#6412,#779);
#413=LINE('',#6414,#780);
#414=LINE('',#6415,#781);
#415=LINE('',#6417,#782);
#416=LINE('',#6421,#783);
#417=LINE('',#6422,#784);
#418=LINE('',#6426,#785);
#419=LINE('',#6428,#786);
#420=LINE('',#6430,#787);
#421=LINE('',#6432,#788);
#422=LINE('',#6434,#789);
#423=LINE('',#6436,#790);
#424=LINE('',#6437,#791);
#425=LINE('',#6440,#792);
#426=LINE('',#6442,#793);
#427=LINE('',#6445,#794);
#428=LINE('',#6447,#795);
#429=LINE('',#6449,#796);
#430=LINE('',#6454,#797);
#431=LINE('',#6456,#798);
#432=VECTOR('',#4525,1.);
#433=VECTOR('',#4526,1.);
#434=VECTOR('',#4527,1.);
#435=VECTOR('',#4528,1.);
#436=VECTOR('',#4529,1.);
#437=VECTOR('',#4530,1.);
#438=VECTOR('',#4531,1.);
#439=VECTOR('',#4532,1.);
#440=VECTOR('',#4533,1.);
#441=VECTOR('',#4534,1.);
#442=VECTOR('',#4535,1.);
#443=VECTOR('',#4536,1.);
#444=VECTOR('',#4537,1.);
#445=VECTOR('',#4538,1.);
#446=VECTOR('',#4539,1.);
#447=VECTOR('',#4540,1.);
#448=VECTOR('',#4541,1.);
#449=VECTOR('',#4542,1.);
#450=VECTOR('',#4545,1.);
#451=VECTOR('',#4546,1.);
#452=VECTOR('',#4549,1.);
#453=VECTOR('',#4550,1.);
#454=VECTOR('',#4553,1.);
#455=VECTOR('',#4556,1.);
#456=VECTOR('',#4557,1.);
#457=VECTOR('',#4558,1.);
#458=VECTOR('',#4559,1.);
#459=VECTOR('',#4560,1.);
#460=VECTOR('',#4561,1.);
#461=VECTOR('',#4564,1.);
#462=VECTOR('',#4565,1.);
#463=VECTOR('',#4568,1.);
#464=VECTOR('',#4569,1.);
#465=VECTOR('',#4570,1.);
#466=VECTOR('',#4573,1.);
#467=VECTOR('',#4574,1.);
#468=VECTOR('',#4575,1.);
#469=VECTOR('',#4576,1.);
#470=VECTOR('',#4577,1.);
#471=VECTOR('',#4578,1.);
#472=VECTOR('',#4583,1.);
#473=VECTOR('',#4584,1.);
#474=VECTOR('',#4585,1.);
#475=VECTOR('',#4586,1.);
#476=VECTOR('',#4587,1.);
#477=VECTOR('',#4588,1.);
#478=VECTOR('',#4593,1.);
#479=VECTOR('',#4598,1.);
#480=VECTOR('',#4599,1.);
#481=VECTOR('',#4600,1.);
#482=VECTOR('',#4601,1.);
#483=VECTOR('',#4602,1.);
#484=VECTOR('',#4603,1.);
#485=VECTOR('',#4604,1.);
#486=VECTOR('',#4605,1.);
#487=VECTOR('',#4606,1.);
#488=VECTOR('',#4607,1.);
#489=VECTOR('',#4608,1.);
#490=VECTOR('',#4609,1.);
#491=VECTOR('',#4614,1.);
#492=VECTOR('',#4615,1.);
#493=VECTOR('',#4616,1.);
#494=VECTOR('',#4619,1.);
#495=VECTOR('',#4622,1.);
#496=VECTOR('',#4625,1.);
#497=VECTOR('',#4630,1.);
#498=VECTOR('',#4631,1.);
#499=VECTOR('',#4632,1.);
#500=VECTOR('',#4639,1.);
#501=VECTOR('',#4642,1.);
#502=VECTOR('',#4643,1.);
#503=VECTOR('',#4644,1.);
#504=VECTOR('',#4651,1.);
#505=VECTOR('',#4654,1.);
#506=VECTOR('',#4655,1.);
#507=VECTOR('',#4656,1.);
#508=VECTOR('',#4657,1.);
#509=VECTOR('',#4660,1.);
#510=VECTOR('',#4663,1.);
#511=VECTOR('',#4666,1.);
#512=VECTOR('',#4667,1.);
#513=VECTOR('',#4668,1.);
#514=VECTOR('',#4669,1.);
#515=VECTOR('',#4670,1.);
#516=VECTOR('',#4673,1.);
#517=VECTOR('',#4678,1.);
#518=VECTOR('',#4689,1.);
#519=VECTOR('',#4690,1.);
#520=VECTOR('',#4695,1.);
#521=VECTOR('',#4700,1.);
#522=VECTOR('',#4701,1.);
#523=VECTOR('',#4702,1.);
#524=VECTOR('',#4703,1.);
#525=VECTOR('',#4706,1.);
#526=VECTOR('',#4707,1.);
#527=VECTOR('',#4710,1.);
#528=VECTOR('',#4715,1.);
#529=VECTOR('',#4716,1.);
#530=VECTOR('',#4717,1.);
#531=VECTOR('',#4722,1.);
#532=VECTOR('',#4729,1.);
#533=VECTOR('',#4730,1.);
#534=VECTOR('',#4733,1.);
#535=VECTOR('',#4734,1.);
#536=VECTOR('',#4737,1.);
#537=VECTOR('',#4738,1.);
#538=VECTOR('',#4743,1.);
#539=VECTOR('',#4746,1.);
#540=VECTOR('',#4749,1.);
#541=VECTOR('',#4750,1.);
#542=VECTOR('',#4753,1.);
#543=VECTOR('',#4754,1.);
#544=VECTOR('',#4757,1.);
#545=VECTOR('',#4758,1.);
#546=VECTOR('',#4759,1.);
#547=VECTOR('',#4760,1.);
#548=VECTOR('',#4761,1.);
#549=VECTOR('',#4766,1.);
#550=VECTOR('',#4767,1.);
#551=VECTOR('',#4774,1.);
#552=VECTOR('',#4777,1.);
#553=VECTOR('',#4778,1.);
#554=VECTOR('',#4785,1.);
#555=VECTOR('',#4786,1.);
#556=VECTOR('',#4791,1.);
#557=VECTOR('',#4796,1.);
#558=VECTOR('',#4803,1.);
#559=VECTOR('',#4804,1.);
#560=VECTOR('',#4807,1.);
#561=VECTOR('',#4812,1.);
#562=VECTOR('',#4815,1.);
#563=VECTOR('',#4818,1.);
#564=VECTOR('',#4819,1.);
#565=VECTOR('',#4820,1.);
#566=VECTOR('',#4827,1.);
#567=VECTOR('',#4830,1.);
#568=VECTOR('',#4831,1.);
#569=VECTOR('',#4832,1.);
#570=VECTOR('',#4835,1.);
#571=VECTOR('',#4842,1.);
#572=VECTOR('',#4859,1.);
#573=VECTOR('',#4862,1.);
#574=VECTOR('',#4881,1.);
#575=VECTOR('',#4882,1.);
#576=VECTOR('',#4885,1.);
#577=VECTOR('',#4896,1.);
#578=VECTOR('',#4899,1.);
#579=VECTOR('',#4902,1.);
#580=VECTOR('',#4907,1.);
#581=VECTOR('',#4914,1.);
#582=VECTOR('',#4921,1.);
#583=VECTOR('',#4922,1.);
#584=VECTOR('',#4925,1.);
#585=VECTOR('',#4926,1.);
#586=VECTOR('',#4929,1.);
#587=VECTOR('',#4938,1.);
#588=VECTOR('',#4939,1.);
#589=VECTOR('',#4940,1.);
#590=VECTOR('',#4943,1.);
#591=VECTOR('',#4946,1.);
#592=VECTOR('',#4947,1.);
#593=VECTOR('',#4968,1.);
#594=VECTOR('',#4971,1.);
#595=VECTOR('',#4976,1.);
#596=VECTOR('',#4979,1.);
#597=VECTOR('',#4986,1.);
#598=VECTOR('',#4987,1.);
#599=VECTOR('',#4988,1.);
#600=VECTOR('',#4989,1.);
#601=VECTOR('',#4994,1.);
#602=VECTOR('',#4995,1.);
#603=VECTOR('',#4996,1.);
#604=VECTOR('',#4997,1.);
#605=VECTOR('',#4998,1.);
#606=VECTOR('',#4999,1.);
#607=VECTOR('',#5000,1.);
#608=VECTOR('',#5001,1.);
#609=VECTOR('',#5002,1.);
#610=VECTOR('',#5003,1.);
#611=VECTOR('',#5004,1.);
#612=VECTOR('',#5005,1.);
#613=VECTOR('',#5006,1.);
#614=VECTOR('',#5007,1.);
#615=VECTOR('',#5008,1.);
#616=VECTOR('',#5009,1.);
#617=VECTOR('',#5010,1.);
#618=VECTOR('',#5011,1.);
#619=VECTOR('',#5012,1.);
#620=VECTOR('',#5013,1.);
#621=VECTOR('',#5014,1.);
#622=VECTOR('',#5017,1.);
#623=VECTOR('',#5018,1.);
#624=VECTOR('',#5019,1.);
#625=VECTOR('',#5020,1.);
#626=VECTOR('',#5021,1.);
#627=VECTOR('',#5024,1.);
#628=VECTOR('',#5027,1.);
#629=VECTOR('',#5028,1.);
#630=VECTOR('',#5029,1.);
#631=VECTOR('',#5030,1.);
#632=VECTOR('',#5031,1.);
#633=VECTOR('',#5032,1.);
#634=VECTOR('',#5033,1.);
#635=VECTOR('',#5034,1.);
#636=VECTOR('',#5035,1.);
#637=VECTOR('',#5036,1.);
#638=VECTOR('',#5037,1.);
#639=VECTOR('',#5038,1.);
#640=VECTOR('',#5039,1.);
#641=VECTOR('',#5040,1.);
#642=VECTOR('',#5041,1.);
#643=VECTOR('',#5042,1.);
#644=VECTOR('',#5043,1.);
#645=VECTOR('',#5044,1.);
#646=VECTOR('',#5045,1.);
#647=VECTOR('',#5046,1.);
#648=VECTOR('',#5047,1.);
#649=VECTOR('',#5048,1.);
#650=VECTOR('',#5049,1.);
#651=VECTOR('',#5050,1.);
#652=VECTOR('',#5051,1.);
#653=VECTOR('',#5052,1.);
#654=VECTOR('',#5053,1.);
#655=VECTOR('',#5054,1.);
#656=VECTOR('',#5055,1.);
#657=VECTOR('',#5056,1.);
#658=VECTOR('',#5059,1.);
#659=VECTOR('',#5060,1.);
#660=VECTOR('',#5061,1.);
#661=VECTOR('',#5064,1.);
#662=VECTOR('',#5065,1.);
#663=VECTOR('',#5066,1.);
#664=VECTOR('',#5069,1.);
#665=VECTOR('',#5070,1.);
#666=VECTOR('',#5071,1.);
#667=VECTOR('',#5072,1.);
#668=VECTOR('',#5073,1.);
#669=VECTOR('',#5078,1.);
#670=VECTOR('',#5079,1.);
#671=VECTOR('',#5080,1.);
#672=VECTOR('',#5085,1.);
#673=VECTOR('',#5088,1.);
#674=VECTOR('',#5093,1.);
#675=VECTOR('',#5094,1.);
#676=VECTOR('',#5095,1.);
#677=VECTOR('',#5096,1.);
#678=VECTOR('',#5097,1.);
#679=VECTOR('',#5104,1.);
#680=VECTOR('',#5105,1.);
#681=VECTOR('',#5106,1.);
#682=VECTOR('',#5107,1.);
#683=VECTOR('',#5108,1.);
#684=VECTOR('',#5111,1.);
#685=VECTOR('',#5112,1.);
#686=VECTOR('',#5113,1.);
#687=VECTOR('',#5114,1.);
#688=VECTOR('',#5121,1.);
#689=VECTOR('',#5122,1.);
#690=VECTOR('',#5123,1.);
#691=VECTOR('',#5126,1.);
#692=VECTOR('',#5127,1.);
#693=VECTOR('',#5128,1.);
#694=VECTOR('',#5131,1.);
#695=VECTOR('',#5132,1.);
#696=VECTOR('',#5133,1.);
#697=VECTOR('',#5134,1.);
#698=VECTOR('',#5135,1.);
#699=VECTOR('',#5138,1.);
#700=VECTOR('',#5139,1.);
#701=VECTOR('',#5142,1.);
#702=VECTOR('',#5145,1.);
#703=VECTOR('',#5146,1.);
#704=VECTOR('',#5147,1.);
#705=VECTOR('',#5148,1.);
#706=VECTOR('',#5149,1.);
#707=VECTOR('',#5152,1.);
#708=VECTOR('',#5155,1.);
#709=VECTOR('',#5156,1.);
#710=VECTOR('',#5157,1.);
#711=VECTOR('',#5160,1.);
#712=VECTOR('',#5165,1.);
#713=VECTOR('',#5166,1.);
#714=VECTOR('',#5167,1.);
#715=VECTOR('',#5168,1.);
#716=VECTOR('',#5169,1.);
#717=VECTOR('',#5170,1.);
#718=VECTOR('',#5171,1.);
#719=VECTOR('',#5172,1.);
#720=VECTOR('',#5173,1.);
#721=VECTOR('',#5174,1.);
#722=VECTOR('',#5175,1.);
#723=VECTOR('',#5188,1.);
#724=VECTOR('',#5189,1.);
#725=VECTOR('',#5190,1.);
#726=VECTOR('',#5193,1.);
#727=VECTOR('',#5194,1.);
#728=VECTOR('',#5201,1.);
#729=VECTOR('',#5202,1.);
#730=VECTOR('',#5203,1.);
#731=VECTOR('',#5206,1.);
#732=VECTOR('',#5215,1.);
#733=VECTOR('',#5218,1.);
#734=VECTOR('',#5219,1.);
#735=VECTOR('',#5222,1.);
#736=VECTOR('',#5223,1.);
#737=VECTOR('',#5224,1.);
#738=VECTOR('',#5225,1.);
#739=VECTOR('',#5228,1.);
#740=VECTOR('',#5239,1.);
#741=VECTOR('',#5244,1.);
#742=VECTOR('',#5251,1.);
#743=VECTOR('',#5254,1.);
#744=VECTOR('',#5257,1.);
#745=VECTOR('',#5258,1.);
#746=VECTOR('',#5261,1.);
#747=VECTOR('',#5262,1.);
#748=VECTOR('',#5265,1.);
#749=VECTOR('',#5266,1.);
#750=VECTOR('',#5269,1.);
#751=VECTOR('',#5270,1.);
#752=VECTOR('',#5273,1.);
#753=VECTOR('',#5276,1.);
#754=VECTOR('',#5277,1.);
#755=VECTOR('',#5282,1.);
#756=VECTOR('',#5287,1.);
#757=VECTOR('',#5288,1.);
#758=VECTOR('',#5299,1.);
#759=VECTOR('',#5300,1.);
#760=VECTOR('',#5307,1.);
#761=VECTOR('',#5310,1.);
#762=VECTOR('',#5313,1.);
#763=VECTOR('',#5318,1.);
#764=VECTOR('',#5321,1.);
#765=VECTOR('',#5324,1.);
#766=VECTOR('',#5325,1.);
#767=VECTOR('',#5326,1.);
#768=VECTOR('',#5331,1.);
#769=VECTOR('',#5336,1.);
#770=VECTOR('',#5339,1.);
#771=VECTOR('',#5340,1.);
#772=VECTOR('',#5341,1.);
#773=VECTOR('',#5344,1.);
#774=VECTOR('',#5345,1.);
#775=VECTOR('',#5346,1.);
#776=VECTOR('',#5349,1.);
#777=VECTOR('',#5350,1.);
#778=VECTOR('',#5351,1.);
#779=VECTOR('',#5352,1.);
#780=VECTOR('',#5355,1.);
#781=VECTOR('',#5356,1.);
#782=VECTOR('',#5359,1.);
#783=VECTOR('',#5364,1.);
#784=VECTOR('',#5365,1.);
#785=VECTOR('',#5370,1.);
#786=VECTOR('',#5371,1.);
#787=VECTOR('',#5374,1.);
#788=VECTOR('',#5375,1.);
#789=VECTOR('',#5378,1.);
#790=VECTOR('',#5381,1.);
#791=VECTOR('',#5382,1.);
#792=VECTOR('',#5387,1.);
#793=VECTOR('',#5390,1.);
#794=VECTOR('',#5395,1.);
#795=VECTOR('',#5398,1.);
#796=VECTOR('',#5401,1.);
#797=VECTOR('',#5410,1.);
#798=VECTOR('',#5413,1.);
#799=ORIENTED_EDGE('',*,*,#1729,.F.);
#800=ORIENTED_EDGE('',*,*,#1730,.T.);
#801=ORIENTED_EDGE('',*,*,#1731,.T.);
#802=ORIENTED_EDGE('',*,*,#1732,.F.);
#803=ORIENTED_EDGE('',*,*,#1733,.T.);
#804=ORIENTED_EDGE('',*,*,#1734,.T.);
#805=ORIENTED_EDGE('',*,*,#1735,.T.);
#806=ORIENTED_EDGE('',*,*,#1736,.F.);
#807=ORIENTED_EDGE('',*,*,#1737,.F.);
#808=ORIENTED_EDGE('',*,*,#1738,.F.);
#809=ORIENTED_EDGE('',*,*,#1739,.F.);
#810=ORIENTED_EDGE('',*,*,#1740,.F.);
#811=ORIENTED_EDGE('',*,*,#1741,.T.);
#812=ORIENTED_EDGE('',*,*,#1742,.T.);
#813=ORIENTED_EDGE('',*,*,#1743,.F.);
#814=ORIENTED_EDGE('',*,*,#1744,.F.);
#815=ORIENTED_EDGE('',*,*,#1745,.F.);
#816=ORIENTED_EDGE('',*,*,#1746,.F.);
#817=ORIENTED_EDGE('',*,*,#1747,.F.);
#818=ORIENTED_EDGE('',*,*,#1748,.T.);
#819=ORIENTED_EDGE('',*,*,#1749,.T.);
#820=ORIENTED_EDGE('',*,*,#1730,.F.);
#821=ORIENTED_EDGE('',*,*,#1750,.F.);
#822=ORIENTED_EDGE('',*,*,#1751,.F.);
#823=ORIENTED_EDGE('',*,*,#1752,.F.);
#824=ORIENTED_EDGE('',*,*,#1753,.F.);
#825=ORIENTED_EDGE('',*,*,#1754,.F.);
#826=ORIENTED_EDGE('',*,*,#1755,.F.);
#827=ORIENTED_EDGE('',*,*,#1756,.F.);
#828=ORIENTED_EDGE('',*,*,#1757,.F.);
#829=ORIENTED_EDGE('',*,*,#1758,.T.);
#830=ORIENTED_EDGE('',*,*,#1759,.F.);
#831=ORIENTED_EDGE('',*,*,#1760,.F.);
#832=ORIENTED_EDGE('',*,*,#1761,.F.);
#833=ORIENTED_EDGE('',*,*,#1762,.T.);
#834=ORIENTED_EDGE('',*,*,#1763,.F.);
#835=ORIENTED_EDGE('',*,*,#1764,.F.);
#836=ORIENTED_EDGE('',*,*,#1765,.T.);
#837=ORIENTED_EDGE('',*,*,#1766,.T.);
#838=ORIENTED_EDGE('',*,*,#1767,.T.);
#839=ORIENTED_EDGE('',*,*,#1768,.T.);
#840=ORIENTED_EDGE('',*,*,#1769,.T.);
#841=ORIENTED_EDGE('',*,*,#1770,.T.);
#842=ORIENTED_EDGE('',*,*,#1771,.F.);
#843=ORIENTED_EDGE('',*,*,#1772,.F.);
#844=ORIENTED_EDGE('',*,*,#1773,.F.);
#845=ORIENTED_EDGE('',*,*,#1732,.T.);
#846=ORIENTED_EDGE('',*,*,#1774,.F.);
#847=ORIENTED_EDGE('',*,*,#1775,.T.);
#848=ORIENTED_EDGE('',*,*,#1776,.T.);
#849=ORIENTED_EDGE('',*,*,#1777,.T.);
#850=ORIENTED_EDGE('',*,*,#1735,.F.);
#851=ORIENTED_EDGE('',*,*,#1778,.F.);
#852=ORIENTED_EDGE('',*,*,#1779,.F.);
#853=ORIENTED_EDGE('',*,*,#1756,.T.);
#854=ORIENTED_EDGE('',*,*,#1780,.F.);
#855=ORIENTED_EDGE('',*,*,#1781,.F.);
#856=ORIENTED_EDGE('',*,*,#1737,.T.);
#857=ORIENTED_EDGE('',*,*,#1782,.F.);
#858=ORIENTED_EDGE('',*,*,#1783,.F.);
#859=ORIENTED_EDGE('',*,*,#1784,.T.);
#860=ORIENTED_EDGE('',*,*,#1785,.F.);
#861=ORIENTED_EDGE('',*,*,#1763,.T.);
#862=ORIENTED_EDGE('',*,*,#1786,.F.);
#863=ORIENTED_EDGE('',*,*,#1787,.F.);
#864=ORIENTED_EDGE('',*,*,#1788,.F.);
#865=ORIENTED_EDGE('',*,*,#1789,.F.);
#866=ORIENTED_EDGE('',*,*,#1790,.T.);
#867=ORIENTED_EDGE('',*,*,#1791,.F.);
#868=ORIENTED_EDGE('',*,*,#1792,.F.);
#869=ORIENTED_EDGE('',*,*,#1793,.F.);
#870=ORIENTED_EDGE('',*,*,#1794,.T.);
#871=ORIENTED_EDGE('',*,*,#1795,.F.);
#872=ORIENTED_EDGE('',*,*,#1796,.F.);
#873=ORIENTED_EDGE('',*,*,#1767,.F.);
#874=ORIENTED_EDGE('',*,*,#1797,.F.);
#875=ORIENTED_EDGE('',*,*,#1734,.F.);
#876=ORIENTED_EDGE('',*,*,#1798,.F.);
#877=ORIENTED_EDGE('',*,*,#1799,.F.);
#878=ORIENTED_EDGE('',*,*,#1800,.F.);
#879=ORIENTED_EDGE('',*,*,#1778,.T.);
#880=ORIENTED_EDGE('',*,*,#1801,.T.);
#881=ORIENTED_EDGE('',*,*,#1757,.T.);
#882=ORIENTED_EDGE('',*,*,#1779,.T.);
#883=ORIENTED_EDGE('',*,*,#1800,.T.);
#884=ORIENTED_EDGE('',*,*,#1802,.T.);
#885=ORIENTED_EDGE('',*,*,#1799,.T.);
#886=ORIENTED_EDGE('',*,*,#1803,.T.);
#887=ORIENTED_EDGE('',*,*,#1780,.T.);
#888=ORIENTED_EDGE('',*,*,#1755,.T.);
#889=ORIENTED_EDGE('',*,*,#1804,.F.);
#890=ORIENTED_EDGE('',*,*,#1805,.T.);
#891=ORIENTED_EDGE('',*,*,#1806,.F.);
#892=ORIENTED_EDGE('',*,*,#1781,.T.);
#893=ORIENTED_EDGE('',*,*,#1805,.F.);
#894=ORIENTED_EDGE('',*,*,#1807,.F.);
#895=ORIENTED_EDGE('',*,*,#1808,.F.);
#896=ORIENTED_EDGE('',*,*,#1809,.F.);
#897=ORIENTED_EDGE('',*,*,#1808,.T.);
#898=ORIENTED_EDGE('',*,*,#1810,.T.);
#899=ORIENTED_EDGE('',*,*,#1811,.T.);
#900=ORIENTED_EDGE('',*,*,#1812,.F.);
#901=ORIENTED_EDGE('',*,*,#1811,.F.);
#902=ORIENTED_EDGE('',*,*,#1813,.F.);
#903=ORIENTED_EDGE('',*,*,#1814,.F.);
#904=ORIENTED_EDGE('',*,*,#1815,.F.);
#905=ORIENTED_EDGE('',*,*,#1814,.T.);
#906=ORIENTED_EDGE('',*,*,#1816,.T.);
#907=ORIENTED_EDGE('',*,*,#1817,.T.);
#908=ORIENTED_EDGE('',*,*,#1818,.F.);
#909=ORIENTED_EDGE('',*,*,#1817,.F.);
#910=ORIENTED_EDGE('',*,*,#1819,.T.);
#911=ORIENTED_EDGE('',*,*,#1820,.T.);
#912=ORIENTED_EDGE('',*,*,#1744,.T.);
#913=ORIENTED_EDGE('',*,*,#1821,.F.);
#914=ORIENTED_EDGE('',*,*,#1822,.T.);
#915=ORIENTED_EDGE('',*,*,#1823,.F.);
#916=ORIENTED_EDGE('',*,*,#1821,.T.);
#917=ORIENTED_EDGE('',*,*,#1743,.T.);
#918=ORIENTED_EDGE('',*,*,#1824,.T.);
#919=ORIENTED_EDGE('',*,*,#1825,.F.);
#920=ORIENTED_EDGE('',*,*,#1826,.F.);
#921=ORIENTED_EDGE('',*,*,#1783,.T.);
#922=ORIENTED_EDGE('',*,*,#1827,.F.);
#923=ORIENTED_EDGE('',*,*,#1828,.T.);
#924=ORIENTED_EDGE('',*,*,#1829,.T.);
#925=ORIENTED_EDGE('',*,*,#1830,.T.);
#926=ORIENTED_EDGE('',*,*,#1831,.T.);
#927=ORIENTED_EDGE('',*,*,#1832,.T.);
#928=ORIENTED_EDGE('',*,*,#1833,.T.);
#929=ORIENTED_EDGE('',*,*,#1738,.T.);
#930=ORIENTED_EDGE('',*,*,#1784,.F.);
#931=ORIENTED_EDGE('',*,*,#1826,.T.);
#932=ORIENTED_EDGE('',*,*,#1797,.T.);
#933=ORIENTED_EDGE('',*,*,#1834,.T.);
#934=ORIENTED_EDGE('',*,*,#1835,.F.);
#935=ORIENTED_EDGE('',*,*,#1729,.T.);
#936=ORIENTED_EDGE('',*,*,#1836,.F.);
#937=ORIENTED_EDGE('',*,*,#1833,.F.);
#938=ORIENTED_EDGE('',*,*,#1837,.T.);
#939=ORIENTED_EDGE('',*,*,#1838,.F.);
#940=ORIENTED_EDGE('',*,*,#1739,.T.);
#941=ORIENTED_EDGE('',*,*,#1839,.T.);
#942=ORIENTED_EDGE('',*,*,#1840,.T.);
#943=ORIENTED_EDGE('',*,*,#1740,.T.);
#944=ORIENTED_EDGE('',*,*,#1838,.T.);
#945=ORIENTED_EDGE('',*,*,#1841,.T.);
#946=ORIENTED_EDGE('',*,*,#1842,.F.);
#947=ORIENTED_EDGE('',*,*,#1843,.T.);
#948=ORIENTED_EDGE('',*,*,#1844,.F.);
#949=ORIENTED_EDGE('',*,*,#1741,.F.);
#950=ORIENTED_EDGE('',*,*,#1840,.F.);
#951=ORIENTED_EDGE('',*,*,#1845,.F.);
#952=ORIENTED_EDGE('',*,*,#1745,.T.);
#953=ORIENTED_EDGE('',*,*,#1820,.F.);
#954=ORIENTED_EDGE('',*,*,#1846,.T.);
#955=ORIENTED_EDGE('',*,*,#1847,.F.);
#956=ORIENTED_EDGE('',*,*,#1746,.T.);
#957=ORIENTED_EDGE('',*,*,#1847,.T.);
#958=ORIENTED_EDGE('',*,*,#1848,.F.);
#959=ORIENTED_EDGE('',*,*,#1849,.T.);
#960=ORIENTED_EDGE('',*,*,#1850,.T.);
#961=ORIENTED_EDGE('',*,*,#1750,.T.);
#962=ORIENTED_EDGE('',*,*,#1747,.T.);
#963=ORIENTED_EDGE('',*,*,#1849,.F.);
#964=ORIENTED_EDGE('',*,*,#1851,.F.);
#965=ORIENTED_EDGE('',*,*,#1753,.T.);
#966=ORIENTED_EDGE('',*,*,#1852,.F.);
#967=ORIENTED_EDGE('',*,*,#1853,.F.);
#968=ORIENTED_EDGE('',*,*,#1786,.T.);
#969=ORIENTED_EDGE('',*,*,#1762,.F.);
#970=ORIENTED_EDGE('',*,*,#1854,.F.);
#971=ORIENTED_EDGE('',*,*,#1855,.T.);
#972=ORIENTED_EDGE('',*,*,#1856,.T.);
#973=ORIENTED_EDGE('',*,*,#1787,.T.);
#974=ORIENTED_EDGE('',*,*,#1855,.F.);
#975=ORIENTED_EDGE('',*,*,#1857,.F.);
#976=ORIENTED_EDGE('',*,*,#1858,.T.);
#977=ORIENTED_EDGE('',*,*,#1859,.F.);
#978=ORIENTED_EDGE('',*,*,#1860,.F.);
#979=ORIENTED_EDGE('',*,*,#1861,.T.);
#980=ORIENTED_EDGE('',*,*,#1788,.T.);
#981=ORIENTED_EDGE('',*,*,#1861,.F.);
#982=ORIENTED_EDGE('',*,*,#1862,.T.);
#983=ORIENTED_EDGE('',*,*,#1863,.F.);
#984=ORIENTED_EDGE('',*,*,#1864,.T.);
#985=ORIENTED_EDGE('',*,*,#1865,.T.);
#986=ORIENTED_EDGE('',*,*,#1866,.F.);
#987=ORIENTED_EDGE('',*,*,#1867,.F.);
#988=ORIENTED_EDGE('',*,*,#1868,.T.);
#989=ORIENTED_EDGE('',*,*,#1869,.F.);
#990=ORIENTED_EDGE('',*,*,#1870,.T.);
#991=ORIENTED_EDGE('',*,*,#1789,.T.);
#992=ORIENTED_EDGE('',*,*,#1863,.T.);
#993=ORIENTED_EDGE('',*,*,#1870,.F.);
#994=ORIENTED_EDGE('',*,*,#1871,.F.);
#995=ORIENTED_EDGE('',*,*,#1872,.T.);
#996=ORIENTED_EDGE('',*,*,#1790,.F.);
#997=ORIENTED_EDGE('',*,*,#1873,.T.);
#998=ORIENTED_EDGE('',*,*,#1791,.T.);
#999=ORIENTED_EDGE('',*,*,#1872,.F.);
#1000=ORIENTED_EDGE('',*,*,#1874,.F.);
#1001=ORIENTED_EDGE('',*,*,#1875,.T.);
#1002=ORIENTED_EDGE('',*,*,#1876,.F.);
#1003=ORIENTED_EDGE('',*,*,#1877,.F.);
#1004=ORIENTED_EDGE('',*,*,#1878,.T.);
#1005=ORIENTED_EDGE('',*,*,#1873,.F.);
#1006=ORIENTED_EDGE('',*,*,#1879,.T.);
#1007=ORIENTED_EDGE('',*,*,#1880,.F.);
#1008=ORIENTED_EDGE('',*,*,#1792,.T.);
#1009=ORIENTED_EDGE('',*,*,#1881,.T.);
#1010=ORIENTED_EDGE('',*,*,#1882,.T.);
#1011=ORIENTED_EDGE('',*,*,#1883,.T.);
#1012=ORIENTED_EDGE('',*,*,#1793,.T.);
#1013=ORIENTED_EDGE('',*,*,#1880,.T.);
#1014=ORIENTED_EDGE('',*,*,#1884,.F.);
#1015=ORIENTED_EDGE('',*,*,#1794,.F.);
#1016=ORIENTED_EDGE('',*,*,#1883,.F.);
#1017=ORIENTED_EDGE('',*,*,#1885,.F.);
#1018=ORIENTED_EDGE('',*,*,#1884,.T.);
#1019=ORIENTED_EDGE('',*,*,#1886,.T.);
#1020=ORIENTED_EDGE('',*,*,#1887,.F.);
#1021=ORIENTED_EDGE('',*,*,#1888,.T.);
#1022=ORIENTED_EDGE('',*,*,#1889,.F.);
#1023=ORIENTED_EDGE('',*,*,#1890,.T.);
#1024=ORIENTED_EDGE('',*,*,#1795,.T.);
#1025=ORIENTED_EDGE('',*,*,#1796,.T.);
#1026=ORIENTED_EDGE('',*,*,#1890,.F.);
#1027=ORIENTED_EDGE('',*,*,#1891,.F.);
#1028=ORIENTED_EDGE('',*,*,#1768,.F.);
#1029=ORIENTED_EDGE('',*,*,#1773,.T.);
#1030=ORIENTED_EDGE('',*,*,#1803,.F.);
#1031=ORIENTED_EDGE('',*,*,#1798,.T.);
#1032=ORIENTED_EDGE('',*,*,#1733,.F.);
#1033=ORIENTED_EDGE('',*,*,#1801,.F.);
#1034=ORIENTED_EDGE('',*,*,#1772,.T.);
#1035=ORIENTED_EDGE('',*,*,#1892,.F.);
#1036=ORIENTED_EDGE('',*,*,#1758,.F.);
#1037=ORIENTED_EDGE('',*,*,#1802,.F.);
#1038=ORIENTED_EDGE('',*,*,#1893,.F.);
#1039=ORIENTED_EDGE('',*,*,#1894,.F.);
#1040=ORIENTED_EDGE('',*,*,#1895,.F.);
#1041=ORIENTED_EDGE('',*,*,#1751,.T.);
#1042=ORIENTED_EDGE('',*,*,#1850,.F.);
#1043=ORIENTED_EDGE('',*,*,#1896,.F.);
#1044=ORIENTED_EDGE('',*,*,#1852,.T.);
#1045=ORIENTED_EDGE('',*,*,#1752,.T.);
#1046=ORIENTED_EDGE('',*,*,#1895,.T.);
#1047=ORIENTED_EDGE('',*,*,#1816,.F.);
#1048=ORIENTED_EDGE('',*,*,#1813,.T.);
#1049=ORIENTED_EDGE('',*,*,#1810,.F.);
#1050=ORIENTED_EDGE('',*,*,#1807,.T.);
#1051=ORIENTED_EDGE('',*,*,#1804,.T.);
#1052=ORIENTED_EDGE('',*,*,#1754,.T.);
#1053=ORIENTED_EDGE('',*,*,#1851,.T.);
#1054=ORIENTED_EDGE('',*,*,#1848,.T.);
#1055=ORIENTED_EDGE('',*,*,#1846,.F.);
#1056=ORIENTED_EDGE('',*,*,#1819,.F.);
#1057=ORIENTED_EDGE('',*,*,#1771,.T.);
#1058=ORIENTED_EDGE('',*,*,#1897,.T.);
#1059=ORIENTED_EDGE('',*,*,#1759,.T.);
#1060=ORIENTED_EDGE('',*,*,#1892,.T.);
#1061=ORIENTED_EDGE('',*,*,#1898,.T.);
#1062=ORIENTED_EDGE('',*,*,#1760,.T.);
#1063=ORIENTED_EDGE('',*,*,#1897,.F.);
#1064=ORIENTED_EDGE('',*,*,#1770,.F.);
#1065=ORIENTED_EDGE('',*,*,#1769,.F.);
#1066=ORIENTED_EDGE('',*,*,#1891,.T.);
#1067=ORIENTED_EDGE('',*,*,#1889,.T.);
#1068=ORIENTED_EDGE('',*,*,#1899,.F.);
#1069=ORIENTED_EDGE('',*,*,#1900,.T.);
#1070=ORIENTED_EDGE('',*,*,#1901,.F.);
#1071=ORIENTED_EDGE('',*,*,#1857,.T.);
#1072=ORIENTED_EDGE('',*,*,#1854,.T.);
#1073=ORIENTED_EDGE('',*,*,#1761,.T.);
#1074=ORIENTED_EDGE('',*,*,#1898,.F.);
#1075=ORIENTED_EDGE('',*,*,#1902,.F.);
#1076=ORIENTED_EDGE('',*,*,#1843,.F.);
#1077=ORIENTED_EDGE('',*,*,#1903,.F.);
#1078=ORIENTED_EDGE('',*,*,#1904,.T.);
#1079=ORIENTED_EDGE('',*,*,#1905,.F.);
#1080=ORIENTED_EDGE('',*,*,#1906,.T.);
#1081=ORIENTED_EDGE('',*,*,#1907,.F.);
#1082=ORIENTED_EDGE('',*,*,#1904,.F.);
#1083=ORIENTED_EDGE('',*,*,#1831,.F.);
#1084=ORIENTED_EDGE('',*,*,#1908,.T.);
#1085=ORIENTED_EDGE('',*,*,#1909,.F.);
#1086=ORIENTED_EDGE('',*,*,#1906,.F.);
#1087=ORIENTED_EDGE('',*,*,#1910,.F.);
#1088=ORIENTED_EDGE('',*,*,#1825,.T.);
#1089=ORIENTED_EDGE('',*,*,#1911,.F.);
#1090=ORIENTED_EDGE('',*,*,#1908,.F.);
#1091=ORIENTED_EDGE('',*,*,#1830,.F.);
#1092=ORIENTED_EDGE('',*,*,#1912,.T.);
#1093=ORIENTED_EDGE('',*,*,#1913,.F.);
#1094=ORIENTED_EDGE('',*,*,#1914,.T.);
#1095=ORIENTED_EDGE('',*,*,#1845,.T.);
#1096=ORIENTED_EDGE('',*,*,#1841,.F.);
#1097=ORIENTED_EDGE('',*,*,#1837,.F.);
#1098=ORIENTED_EDGE('',*,*,#1832,.F.);
#1099=ORIENTED_EDGE('',*,*,#1835,.T.);
#1100=ORIENTED_EDGE('',*,*,#1915,.T.);
#1101=ORIENTED_EDGE('',*,*,#1876,.T.);
#1102=ORIENTED_EDGE('',*,*,#1916,.F.);
#1103=ORIENTED_EDGE('',*,*,#1917,.F.);
#1104=ORIENTED_EDGE('',*,*,#1918,.F.);
#1105=ORIENTED_EDGE('',*,*,#1919,.F.);
#1106=ORIENTED_EDGE('',*,*,#1834,.F.);
#1107=ORIENTED_EDGE('',*,*,#1881,.F.);
#1108=ORIENTED_EDGE('',*,*,#1836,.T.);
#1109=ORIENTED_EDGE('',*,*,#1893,.T.);
#1110=ORIENTED_EDGE('',*,*,#1920,.T.);
#1111=ORIENTED_EDGE('',*,*,#1839,.F.);
#1112=ORIENTED_EDGE('',*,*,#1842,.T.);
#1113=ORIENTED_EDGE('',*,*,#1914,.F.);
#1114=ORIENTED_EDGE('',*,*,#1910,.T.);
#1115=ORIENTED_EDGE('',*,*,#1905,.T.);
#1116=ORIENTED_EDGE('',*,*,#1903,.T.);
#1117=ORIENTED_EDGE('',*,*,#1894,.T.);
#1118=ORIENTED_EDGE('',*,*,#1853,.T.);
#1119=ORIENTED_EDGE('',*,*,#1896,.T.);
#1120=ORIENTED_EDGE('',*,*,#1856,.F.);
#1121=ORIENTED_EDGE('',*,*,#1921,.T.);
#1122=ORIENTED_EDGE('',*,*,#1922,.F.);
#1123=ORIENTED_EDGE('',*,*,#1858,.F.);
#1124=ORIENTED_EDGE('',*,*,#1901,.T.);
#1125=ORIENTED_EDGE('',*,*,#1923,.T.);
#1126=ORIENTED_EDGE('',*,*,#1867,.T.);
#1127=ORIENTED_EDGE('',*,*,#1866,.T.);
#1128=ORIENTED_EDGE('',*,*,#1924,.T.);
#1129=ORIENTED_EDGE('',*,*,#1859,.T.);
#1130=ORIENTED_EDGE('',*,*,#1922,.T.);
#1131=ORIENTED_EDGE('',*,*,#1924,.F.);
#1132=ORIENTED_EDGE('',*,*,#1865,.F.);
#1133=ORIENTED_EDGE('',*,*,#1862,.F.);
#1134=ORIENTED_EDGE('',*,*,#1860,.T.);
#1135=ORIENTED_EDGE('',*,*,#1925,.T.);
#1136=ORIENTED_EDGE('',*,*,#1864,.F.);
#1137=ORIENTED_EDGE('',*,*,#1887,.T.);
#1138=ORIENTED_EDGE('',*,*,#1926,.T.);
#1139=ORIENTED_EDGE('',*,*,#1927,.F.);
#1140=ORIENTED_EDGE('',*,*,#1868,.F.);
#1141=ORIENTED_EDGE('',*,*,#1928,.T.);
#1142=ORIENTED_EDGE('',*,*,#1929,.T.);
#1143=ORIENTED_EDGE('',*,*,#1874,.T.);
#1144=ORIENTED_EDGE('',*,*,#1871,.T.);
#1145=ORIENTED_EDGE('',*,*,#1869,.T.);
#1146=ORIENTED_EDGE('',*,*,#1927,.T.);
#1147=ORIENTED_EDGE('',*,*,#1930,.T.);
#1148=ORIENTED_EDGE('',*,*,#1931,.T.);
#1149=ORIENTED_EDGE('',*,*,#1931,.F.);
#1150=ORIENTED_EDGE('',*,*,#1932,.T.);
#1151=ORIENTED_EDGE('',*,*,#1877,.T.);
#1152=ORIENTED_EDGE('',*,*,#1915,.F.);
#1153=ORIENTED_EDGE('',*,*,#1875,.F.);
#1154=ORIENTED_EDGE('',*,*,#1885,.T.);
#1155=ORIENTED_EDGE('',*,*,#1882,.F.);
#1156=ORIENTED_EDGE('',*,*,#1879,.F.);
#1157=ORIENTED_EDGE('',*,*,#1878,.F.);
#1158=ORIENTED_EDGE('',*,*,#1933,.T.);
#1159=ORIENTED_EDGE('',*,*,#1886,.F.);
#1160=ORIENTED_EDGE('',*,*,#1929,.F.);
#1161=ORIENTED_EDGE('',*,*,#1934,.T.);
#1162=ORIENTED_EDGE('',*,*,#1899,.T.);
#1163=ORIENTED_EDGE('',*,*,#1888,.F.);
#1164=ORIENTED_EDGE('',*,*,#1900,.F.);
#1165=ORIENTED_EDGE('',*,*,#1934,.F.);
#1166=ORIENTED_EDGE('',*,*,#1928,.F.);
#1167=ORIENTED_EDGE('',*,*,#1923,.F.);
#1168=ORIENTED_EDGE('',*,*,#1912,.F.);
#1169=ORIENTED_EDGE('',*,*,#1920,.F.);
#1170=ORIENTED_EDGE('',*,*,#1935,.F.);
#1171=ORIENTED_EDGE('',*,*,#1936,.F.);
#1172=ORIENTED_EDGE('',*,*,#1917,.T.);
#1173=ORIENTED_EDGE('',*,*,#1937,.T.);
#1174=ORIENTED_EDGE('',*,*,#1938,.T.);
#1175=ORIENTED_EDGE('',*,*,#1918,.T.);
#1176=ORIENTED_EDGE('',*,*,#1936,.T.);
#1177=ORIENTED_EDGE('',*,*,#1939,.T.);
#1178=ORIENTED_EDGE('',*,*,#1919,.T.);
#1179=ORIENTED_EDGE('',*,*,#1938,.F.);
#1180=ORIENTED_EDGE('',*,*,#1916,.T.);
#1181=ORIENTED_EDGE('',*,*,#1939,.F.);
#1182=ORIENTED_EDGE('',*,*,#1937,.F.);
#1183=ORIENTED_EDGE('',*,*,#1935,.T.);
#1184=ORIENTED_EDGE('',*,*,#1921,.F.);
#1185=ORIENTED_EDGE('',*,*,#1925,.F.);
#1186=ORIENTED_EDGE('',*,*,#1926,.F.);
#1187=ORIENTED_EDGE('',*,*,#1933,.F.);
#1188=ORIENTED_EDGE('',*,*,#1932,.F.);
#1189=ORIENTED_EDGE('',*,*,#1930,.F.);
#1190=ORIENTED_EDGE('',*,*,#1940,.T.);
#1191=ORIENTED_EDGE('',*,*,#1941,.F.);
#1192=ORIENTED_EDGE('',*,*,#1776,.F.);
#1193=ORIENTED_EDGE('',*,*,#1942,.F.);
#1194=ORIENTED_EDGE('',*,*,#1943,.F.);
#1195=ORIENTED_EDGE('',*,*,#1944,.F.);
#1196=ORIENTED_EDGE('',*,*,#1945,.F.);
#1197=ORIENTED_EDGE('',*,*,#1946,.F.);
#1198=ORIENTED_EDGE('',*,*,#1822,.F.);
#1199=ORIENTED_EDGE('',*,*,#1947,.T.);
#1200=ORIENTED_EDGE('',*,*,#1775,.F.);
#1201=ORIENTED_EDGE('',*,*,#1806,.T.);
#1202=ORIENTED_EDGE('',*,*,#1948,.F.);
#1203=ORIENTED_EDGE('',*,*,#1942,.T.);
#1204=ORIENTED_EDGE('',*,*,#1948,.T.);
#1205=ORIENTED_EDGE('',*,*,#1809,.T.);
#1206=ORIENTED_EDGE('',*,*,#1949,.F.);
#1207=ORIENTED_EDGE('',*,*,#1943,.T.);
#1208=ORIENTED_EDGE('',*,*,#1949,.T.);
#1209=ORIENTED_EDGE('',*,*,#1812,.T.);
#1210=ORIENTED_EDGE('',*,*,#1950,.F.);
#1211=ORIENTED_EDGE('',*,*,#1944,.T.);
#1212=ORIENTED_EDGE('',*,*,#1950,.T.);
#1213=ORIENTED_EDGE('',*,*,#1815,.T.);
#1214=ORIENTED_EDGE('',*,*,#1951,.F.);
#1215=ORIENTED_EDGE('',*,*,#1945,.T.);
#1216=ORIENTED_EDGE('',*,*,#1951,.T.);
#1217=ORIENTED_EDGE('',*,*,#1818,.T.);
#1218=ORIENTED_EDGE('',*,*,#1823,.T.);
#1219=ORIENTED_EDGE('',*,*,#1946,.T.);
#1220=ORIENTED_EDGE('',*,*,#1782,.T.);
#1221=ORIENTED_EDGE('',*,*,#1736,.T.);
#1222=ORIENTED_EDGE('',*,*,#1777,.F.);
#1223=ORIENTED_EDGE('',*,*,#1941,.T.);
#1224=ORIENTED_EDGE('',*,*,#1952,.T.);
#1225=ORIENTED_EDGE('',*,*,#1827,.T.);
#1226=ORIENTED_EDGE('',*,*,#1913,.T.);
#1227=ORIENTED_EDGE('',*,*,#1953,.T.);
#1228=ORIENTED_EDGE('',*,*,#1947,.F.);
#1229=ORIENTED_EDGE('',*,*,#1824,.F.);
#1230=ORIENTED_EDGE('',*,*,#1742,.F.);
#1231=ORIENTED_EDGE('',*,*,#1844,.T.);
#1232=ORIENTED_EDGE('',*,*,#1902,.T.);
#1233=ORIENTED_EDGE('',*,*,#1907,.T.);
#1234=ORIENTED_EDGE('',*,*,#1909,.T.);
#1235=ORIENTED_EDGE('',*,*,#1911,.T.);
#1236=ORIENTED_EDGE('',*,*,#1829,.F.);
#1237=ORIENTED_EDGE('',*,*,#1953,.F.);
#1238=ORIENTED_EDGE('',*,*,#1828,.F.);
#1239=ORIENTED_EDGE('',*,*,#1952,.F.);
#1240=ORIENTED_EDGE('',*,*,#1940,.F.);
#1241=ORIENTED_EDGE('',*,*,#1785,.T.);
#1242=ORIENTED_EDGE('',*,*,#1766,.F.);
#1243=ORIENTED_EDGE('',*,*,#1954,.F.);
#1244=ORIENTED_EDGE('',*,*,#1764,.T.);
#1245=ORIENTED_EDGE('',*,*,#1749,.F.);
#1246=ORIENTED_EDGE('',*,*,#1955,.T.);
#1247=ORIENTED_EDGE('',*,*,#1774,.T.);
#1248=ORIENTED_EDGE('',*,*,#1731,.F.);
#1249=ORIENTED_EDGE('',*,*,#1748,.F.);
#1250=ORIENTED_EDGE('',*,*,#1954,.T.);
#1251=ORIENTED_EDGE('',*,*,#1765,.F.);
#1252=ORIENTED_EDGE('',*,*,#1955,.F.);
#1253=ORIENTED_EDGE('',*,*,#1956,.F.);
#1254=ORIENTED_EDGE('',*,*,#1957,.T.);
#1255=ORIENTED_EDGE('',*,*,#1958,.F.);
#1256=ORIENTED_EDGE('',*,*,#1959,.F.);
#1257=ORIENTED_EDGE('',*,*,#1960,.T.);
#1258=ORIENTED_EDGE('',*,*,#1961,.T.);
#1259=ORIENTED_EDGE('',*,*,#1962,.T.);
#1260=ORIENTED_EDGE('',*,*,#1956,.T.);
#1261=ORIENTED_EDGE('',*,*,#1963,.T.);
#1262=ORIENTED_EDGE('',*,*,#1964,.T.);
#1263=ORIENTED_EDGE('',*,*,#1965,.T.);
#1264=ORIENTED_EDGE('',*,*,#1966,.T.);
#1265=ORIENTED_EDGE('',*,*,#1967,.T.);
#1266=ORIENTED_EDGE('',*,*,#1968,.T.);
#1267=ORIENTED_EDGE('',*,*,#1969,.T.);
#1268=ORIENTED_EDGE('',*,*,#1970,.T.);
#1269=ORIENTED_EDGE('',*,*,#1971,.T.);
#1270=ORIENTED_EDGE('',*,*,#1972,.T.);
#1271=ORIENTED_EDGE('',*,*,#1973,.T.);
#1272=ORIENTED_EDGE('',*,*,#1974,.T.);
#1273=ORIENTED_EDGE('',*,*,#1975,.T.);
#1274=ORIENTED_EDGE('',*,*,#1976,.T.);
#1275=ORIENTED_EDGE('',*,*,#1977,.T.);
#1276=ORIENTED_EDGE('',*,*,#1978,.T.);
#1277=ORIENTED_EDGE('',*,*,#1979,.T.);
#1278=ORIENTED_EDGE('',*,*,#1980,.T.);
#1279=ORIENTED_EDGE('',*,*,#1981,.F.);
#1280=ORIENTED_EDGE('',*,*,#1958,.T.);
#1281=ORIENTED_EDGE('',*,*,#1982,.T.);
#1282=ORIENTED_EDGE('',*,*,#1983,.T.);
#1283=ORIENTED_EDGE('',*,*,#1984,.F.);
#1284=ORIENTED_EDGE('',*,*,#1985,.T.);
#1285=ORIENTED_EDGE('',*,*,#1986,.T.);
#1286=ORIENTED_EDGE('',*,*,#1987,.F.);
#1287=ORIENTED_EDGE('',*,*,#1988,.F.);
#1288=ORIENTED_EDGE('',*,*,#1989,.F.);
#1289=ORIENTED_EDGE('',*,*,#1990,.F.);
#1290=ORIENTED_EDGE('',*,*,#1991,.F.);
#1291=ORIENTED_EDGE('',*,*,#1992,.T.);
#1292=ORIENTED_EDGE('',*,*,#1993,.T.);
#1293=ORIENTED_EDGE('',*,*,#1994,.F.);
#1294=ORIENTED_EDGE('',*,*,#1995,.F.);
#1295=ORIENTED_EDGE('',*,*,#1996,.F.);
#1296=ORIENTED_EDGE('',*,*,#1997,.T.);
#1297=ORIENTED_EDGE('',*,*,#1998,.T.);
#1298=ORIENTED_EDGE('',*,*,#1999,.T.);
#1299=ORIENTED_EDGE('',*,*,#2000,.T.);
#1300=ORIENTED_EDGE('',*,*,#2001,.F.);
#1301=ORIENTED_EDGE('',*,*,#2002,.T.);
#1302=ORIENTED_EDGE('',*,*,#2003,.F.);
#1303=ORIENTED_EDGE('',*,*,#2004,.T.);
#1304=ORIENTED_EDGE('',*,*,#2005,.F.);
#1305=ORIENTED_EDGE('',*,*,#2006,.F.);
#1306=ORIENTED_EDGE('',*,*,#2007,.F.);
#1307=ORIENTED_EDGE('',*,*,#2008,.F.);
#1308=ORIENTED_EDGE('',*,*,#2009,.F.);
#1309=ORIENTED_EDGE('',*,*,#2010,.F.);
#1310=ORIENTED_EDGE('',*,*,#2011,.T.);
#1311=ORIENTED_EDGE('',*,*,#2012,.T.);
#1312=ORIENTED_EDGE('',*,*,#2013,.T.);
#1313=ORIENTED_EDGE('',*,*,#2014,.F.);
#1314=ORIENTED_EDGE('',*,*,#2015,.F.);
#1315=ORIENTED_EDGE('',*,*,#2016,.T.);
#1316=ORIENTED_EDGE('',*,*,#2017,.T.);
#1317=ORIENTED_EDGE('',*,*,#2018,.T.);
#1318=ORIENTED_EDGE('',*,*,#2019,.F.);
#1319=ORIENTED_EDGE('',*,*,#2020,.F.);
#1320=ORIENTED_EDGE('',*,*,#2021,.F.);
#1321=ORIENTED_EDGE('',*,*,#2022,.F.);
#1322=ORIENTED_EDGE('',*,*,#2023,.F.);
#1323=ORIENTED_EDGE('',*,*,#2024,.F.);
#1324=ORIENTED_EDGE('',*,*,#2025,.F.);
#1325=ORIENTED_EDGE('',*,*,#2026,.T.);
#1326=ORIENTED_EDGE('',*,*,#2027,.F.);
#1327=ORIENTED_EDGE('',*,*,#1965,.F.);
#1328=ORIENTED_EDGE('',*,*,#2028,.T.);
#1329=ORIENTED_EDGE('',*,*,#2025,.T.);
#1330=ORIENTED_EDGE('',*,*,#2029,.F.);
#1331=ORIENTED_EDGE('',*,*,#2030,.F.);
#1332=ORIENTED_EDGE('',*,*,#2031,.T.);
#1333=ORIENTED_EDGE('',*,*,#2032,.T.);
#1334=ORIENTED_EDGE('',*,*,#2033,.T.);
#1335=ORIENTED_EDGE('',*,*,#2034,.T.);
#1336=ORIENTED_EDGE('',*,*,#2035,.F.);
#1337=ORIENTED_EDGE('',*,*,#2019,.T.);
#1338=ORIENTED_EDGE('',*,*,#2036,.F.);
#1339=ORIENTED_EDGE('',*,*,#2037,.F.);
#1340=ORIENTED_EDGE('',*,*,#2038,.F.);
#1341=ORIENTED_EDGE('',*,*,#2039,.T.);
#1342=ORIENTED_EDGE('',*,*,#2008,.T.);
#1343=ORIENTED_EDGE('',*,*,#2040,.F.);
#1344=ORIENTED_EDGE('',*,*,#2041,.T.);
#1345=ORIENTED_EDGE('',*,*,#2042,.T.);
#1346=ORIENTED_EDGE('',*,*,#2043,.T.);
#1347=ORIENTED_EDGE('',*,*,#2044,.F.);
#1348=ORIENTED_EDGE('',*,*,#2045,.T.);
#1349=ORIENTED_EDGE('',*,*,#2031,.F.);
#1350=ORIENTED_EDGE('',*,*,#2046,.T.);
#1351=ORIENTED_EDGE('',*,*,#2033,.F.);
#1352=ORIENTED_EDGE('',*,*,#2032,.F.);
#1353=ORIENTED_EDGE('',*,*,#2047,.T.);
#1354=ORIENTED_EDGE('',*,*,#2048,.F.);
#1355=ORIENTED_EDGE('',*,*,#2049,.F.);
#1356=ORIENTED_EDGE('',*,*,#2050,.F.);
#1357=ORIENTED_EDGE('',*,*,#2036,.T.);
#1358=ORIENTED_EDGE('',*,*,#2051,.T.);
#1359=ORIENTED_EDGE('',*,*,#1966,.F.);
#1360=ORIENTED_EDGE('',*,*,#2037,.T.);
#1361=ORIENTED_EDGE('',*,*,#2050,.T.);
#1362=ORIENTED_EDGE('',*,*,#2052,.F.);
#1363=ORIENTED_EDGE('',*,*,#1967,.F.);
#1364=ORIENTED_EDGE('',*,*,#2052,.T.);
#1365=ORIENTED_EDGE('',*,*,#2049,.T.);
#1366=ORIENTED_EDGE('',*,*,#2015,.T.);
#1367=ORIENTED_EDGE('',*,*,#2053,.T.);
#1368=ORIENTED_EDGE('',*,*,#2045,.F.);
#1369=ORIENTED_EDGE('',*,*,#2054,.F.);
#1370=ORIENTED_EDGE('',*,*,#2055,.T.);
#1371=ORIENTED_EDGE('',*,*,#2056,.T.);
#1372=ORIENTED_EDGE('',*,*,#2057,.T.);
#1373=ORIENTED_EDGE('',*,*,#2053,.F.);
#1374=ORIENTED_EDGE('',*,*,#2014,.T.);
#1375=ORIENTED_EDGE('',*,*,#2058,.T.);
#1376=ORIENTED_EDGE('',*,*,#2059,.T.);
#1377=ORIENTED_EDGE('',*,*,#2060,.F.);
#1378=ORIENTED_EDGE('',*,*,#2061,.T.);
#1379=ORIENTED_EDGE('',*,*,#2042,.F.);
#1380=ORIENTED_EDGE('',*,*,#2062,.T.);
#1381=ORIENTED_EDGE('',*,*,#2063,.F.);
#1382=ORIENTED_EDGE('',*,*,#2064,.T.);
#1383=ORIENTED_EDGE('',*,*,#2065,.T.);
#1384=ORIENTED_EDGE('',*,*,#2066,.T.);
#1385=ORIENTED_EDGE('',*,*,#2067,.T.);
#1386=ORIENTED_EDGE('',*,*,#2068,.T.);
#1387=ORIENTED_EDGE('',*,*,#2003,.T.);
#1388=ORIENTED_EDGE('',*,*,#2069,.F.);
#1389=ORIENTED_EDGE('',*,*,#2070,.T.);
#1390=ORIENTED_EDGE('',*,*,#2071,.T.);
#1391=ORIENTED_EDGE('',*,*,#2072,.F.);
#1392=ORIENTED_EDGE('',*,*,#2073,.F.);
#1393=ORIENTED_EDGE('',*,*,#2074,.F.);
#1394=ORIENTED_EDGE('',*,*,#2004,.F.);
#1395=ORIENTED_EDGE('',*,*,#2068,.F.);
#1396=ORIENTED_EDGE('',*,*,#2075,.T.);
#1397=ORIENTED_EDGE('',*,*,#2005,.T.);
#1398=ORIENTED_EDGE('',*,*,#2074,.T.);
#1399=ORIENTED_EDGE('',*,*,#2076,.T.);
#1400=ORIENTED_EDGE('',*,*,#2077,.F.);
#1401=ORIENTED_EDGE('',*,*,#2078,.T.);
#1402=ORIENTED_EDGE('',*,*,#2079,.F.);
#1403=ORIENTED_EDGE('',*,*,#2006,.T.);
#1404=ORIENTED_EDGE('',*,*,#2075,.F.);
#1405=ORIENTED_EDGE('',*,*,#2080,.F.);
#1406=ORIENTED_EDGE('',*,*,#2081,.F.);
#1407=ORIENTED_EDGE('',*,*,#2082,.F.);
#1408=ORIENTED_EDGE('',*,*,#2083,.F.);
#1409=ORIENTED_EDGE('',*,*,#2007,.T.);
#1410=ORIENTED_EDGE('',*,*,#2079,.T.);
#1411=ORIENTED_EDGE('',*,*,#2084,.T.);
#1412=ORIENTED_EDGE('',*,*,#2040,.T.);
#1413=ORIENTED_EDGE('',*,*,#1995,.T.);
#1414=ORIENTED_EDGE('',*,*,#2085,.F.);
#1415=ORIENTED_EDGE('',*,*,#2086,.F.);
#1416=ORIENTED_EDGE('',*,*,#2087,.F.);
#1417=ORIENTED_EDGE('',*,*,#2088,.T.);
#1418=ORIENTED_EDGE('',*,*,#1996,.T.);
#1419=ORIENTED_EDGE('',*,*,#2087,.T.);
#1420=ORIENTED_EDGE('',*,*,#2089,.F.);
#1421=ORIENTED_EDGE('',*,*,#1975,.F.);
#1422=ORIENTED_EDGE('',*,*,#1969,.F.);
#1423=ORIENTED_EDGE('',*,*,#2090,.T.);
#1424=ORIENTED_EDGE('',*,*,#2091,.T.);
#1425=ORIENTED_EDGE('',*,*,#2092,.T.);
#1426=ORIENTED_EDGE('',*,*,#2093,.T.);
#1427=ORIENTED_EDGE('',*,*,#2094,.T.);
#1428=ORIENTED_EDGE('',*,*,#2095,.T.);
#1429=ORIENTED_EDGE('',*,*,#2096,.T.);
#1430=ORIENTED_EDGE('',*,*,#2097,.F.);
#1431=ORIENTED_EDGE('',*,*,#2098,.T.);
#1432=ORIENTED_EDGE('',*,*,#2099,.T.);
#1433=ORIENTED_EDGE('',*,*,#2069,.T.);
#1434=ORIENTED_EDGE('',*,*,#2002,.F.);
#1435=ORIENTED_EDGE('',*,*,#2100,.F.);
#1436=ORIENTED_EDGE('',*,*,#2101,.F.);
#1437=ORIENTED_EDGE('',*,*,#1960,.F.);
#1438=ORIENTED_EDGE('',*,*,#2102,.F.);
#1439=ORIENTED_EDGE('',*,*,#2103,.F.);
#1440=ORIENTED_EDGE('',*,*,#1968,.F.);
#1441=ORIENTED_EDGE('',*,*,#2057,.F.);
#1442=ORIENTED_EDGE('',*,*,#2104,.F.);
#1443=ORIENTED_EDGE('',*,*,#2105,.F.);
#1444=ORIENTED_EDGE('',*,*,#2106,.F.);
#1445=ORIENTED_EDGE('',*,*,#2090,.F.);
#1446=ORIENTED_EDGE('',*,*,#1971,.F.);
#1447=ORIENTED_EDGE('',*,*,#2107,.F.);
#1448=ORIENTED_EDGE('',*,*,#2000,.F.);
#1449=ORIENTED_EDGE('',*,*,#2108,.T.);
#1450=ORIENTED_EDGE('',*,*,#1976,.F.);
#1451=ORIENTED_EDGE('',*,*,#2089,.T.);
#1452=ORIENTED_EDGE('',*,*,#2086,.T.);
#1453=ORIENTED_EDGE('',*,*,#2109,.T.);
#1454=ORIENTED_EDGE('',*,*,#1988,.T.);
#1455=ORIENTED_EDGE('',*,*,#2110,.F.);
#1456=ORIENTED_EDGE('',*,*,#2111,.F.);
#1457=ORIENTED_EDGE('',*,*,#2112,.T.);
#1458=ORIENTED_EDGE('',*,*,#2113,.F.);
#1459=ORIENTED_EDGE('',*,*,#2041,.F.);
#1460=ORIENTED_EDGE('',*,*,#2084,.F.);
#1461=ORIENTED_EDGE('',*,*,#2078,.F.);
#1462=ORIENTED_EDGE('',*,*,#2114,.F.);
#1463=ORIENTED_EDGE('',*,*,#2083,.T.);
#1464=ORIENTED_EDGE('',*,*,#2115,.F.);
#1465=ORIENTED_EDGE('',*,*,#2116,.F.);
#1466=ORIENTED_EDGE('',*,*,#2117,.F.);
#1467=ORIENTED_EDGE('',*,*,#2118,.F.);
#1468=ORIENTED_EDGE('',*,*,#2117,.T.);
#1469=ORIENTED_EDGE('',*,*,#2119,.T.);
#1470=ORIENTED_EDGE('',*,*,#2098,.F.);
#1471=ORIENTED_EDGE('',*,*,#2120,.F.);
#1472=ORIENTED_EDGE('',*,*,#2096,.F.);
#1473=ORIENTED_EDGE('',*,*,#2121,.F.);
#1474=ORIENTED_EDGE('',*,*,#2122,.F.);
#1475=ORIENTED_EDGE('',*,*,#2123,.F.);
#1476=ORIENTED_EDGE('',*,*,#2055,.F.);
#1477=ORIENTED_EDGE('',*,*,#2124,.T.);
#1478=ORIENTED_EDGE('',*,*,#2104,.T.);
#1479=ORIENTED_EDGE('',*,*,#2056,.F.);
#1480=ORIENTED_EDGE('',*,*,#2123,.T.);
#1481=ORIENTED_EDGE('',*,*,#2099,.F.);
#1482=ORIENTED_EDGE('',*,*,#2119,.F.);
#1483=ORIENTED_EDGE('',*,*,#2070,.F.);
#1484=ORIENTED_EDGE('',*,*,#2067,.F.);
#1485=ORIENTED_EDGE('',*,*,#2071,.F.);
#1486=ORIENTED_EDGE('',*,*,#2116,.T.);
#1487=ORIENTED_EDGE('',*,*,#2125,.F.);
#1488=ORIENTED_EDGE('',*,*,#2125,.T.);
#1489=ORIENTED_EDGE('',*,*,#2126,.T.);
#1490=ORIENTED_EDGE('',*,*,#2127,.F.);
#1491=ORIENTED_EDGE('',*,*,#2128,.F.);
#1492=ORIENTED_EDGE('',*,*,#2072,.T.);
#1493=ORIENTED_EDGE('',*,*,#2102,.T.);
#1494=ORIENTED_EDGE('',*,*,#2080,.T.);
#1495=ORIENTED_EDGE('',*,*,#2076,.F.);
#1496=ORIENTED_EDGE('',*,*,#2073,.T.);
#1497=ORIENTED_EDGE('',*,*,#2128,.T.);
#1498=ORIENTED_EDGE('',*,*,#2129,.T.);
#1499=ORIENTED_EDGE('',*,*,#2130,.T.);
#1500=ORIENTED_EDGE('',*,*,#2131,.T.);
#1501=ORIENTED_EDGE('',*,*,#2081,.T.);
#1502=ORIENTED_EDGE('',*,*,#2130,.F.);
#1503=ORIENTED_EDGE('',*,*,#2132,.T.);
#1504=ORIENTED_EDGE('',*,*,#2126,.F.);
#1505=ORIENTED_EDGE('',*,*,#2115,.T.);
#1506=ORIENTED_EDGE('',*,*,#2082,.T.);
#1507=ORIENTED_EDGE('',*,*,#2131,.F.);
#1508=ORIENTED_EDGE('',*,*,#2133,.F.);
#1509=ORIENTED_EDGE('',*,*,#2106,.T.);
#1510=ORIENTED_EDGE('',*,*,#2134,.T.);
#1511=ORIENTED_EDGE('',*,*,#2135,.F.);
#1512=ORIENTED_EDGE('',*,*,#2091,.F.);
#1513=ORIENTED_EDGE('',*,*,#2092,.F.);
#1514=ORIENTED_EDGE('',*,*,#2135,.T.);
#1515=ORIENTED_EDGE('',*,*,#2136,.T.);
#1516=ORIENTED_EDGE('',*,*,#2137,.T.);
#1517=ORIENTED_EDGE('',*,*,#2138,.T.);
#1518=ORIENTED_EDGE('',*,*,#2093,.F.);
#1519=ORIENTED_EDGE('',*,*,#2137,.F.);
#1520=ORIENTED_EDGE('',*,*,#2139,.T.);
#1521=ORIENTED_EDGE('',*,*,#2138,.F.);
#1522=ORIENTED_EDGE('',*,*,#2140,.T.);
#1523=ORIENTED_EDGE('',*,*,#2141,.F.);
#1524=ORIENTED_EDGE('',*,*,#2094,.F.);
#1525=ORIENTED_EDGE('',*,*,#2121,.T.);
#1526=ORIENTED_EDGE('',*,*,#2095,.F.);
#1527=ORIENTED_EDGE('',*,*,#2141,.T.);
#1528=ORIENTED_EDGE('',*,*,#2142,.T.);
#1529=ORIENTED_EDGE('',*,*,#2101,.T.);
#1530=ORIENTED_EDGE('',*,*,#2143,.T.);
#1531=ORIENTED_EDGE('',*,*,#2144,.T.);
#1532=ORIENTED_EDGE('',*,*,#2145,.T.);
#1533=ORIENTED_EDGE('',*,*,#2111,.T.);
#1534=ORIENTED_EDGE('',*,*,#2146,.T.);
#1535=ORIENTED_EDGE('',*,*,#2147,.T.);
#1536=ORIENTED_EDGE('',*,*,#2142,.F.);
#1537=ORIENTED_EDGE('',*,*,#2140,.F.);
#1538=ORIENTED_EDGE('',*,*,#2139,.F.);
#1539=ORIENTED_EDGE('',*,*,#2136,.F.);
#1540=ORIENTED_EDGE('',*,*,#2134,.F.);
#1541=ORIENTED_EDGE('',*,*,#2105,.T.);
#1542=ORIENTED_EDGE('',*,*,#2124,.F.);
#1543=ORIENTED_EDGE('',*,*,#2122,.T.);
#1544=ORIENTED_EDGE('',*,*,#1990,.T.);
#1545=ORIENTED_EDGE('',*,*,#2148,.F.);
#1546=ORIENTED_EDGE('',*,*,#2144,.F.);
#1547=ORIENTED_EDGE('',*,*,#2149,.T.);
#1548=ORIENTED_EDGE('',*,*,#1989,.T.);
#1549=ORIENTED_EDGE('',*,*,#2112,.F.);
#1550=ORIENTED_EDGE('',*,*,#2145,.F.);
#1551=ORIENTED_EDGE('',*,*,#2148,.T.);
#1552=ORIENTED_EDGE('',*,*,#2150,.F.);
#1553=ORIENTED_EDGE('',*,*,#2133,.T.);
#1554=ORIENTED_EDGE('',*,*,#2132,.F.);
#1555=ORIENTED_EDGE('',*,*,#2129,.F.);
#1556=ORIENTED_EDGE('',*,*,#2127,.T.);
#1557=ORIENTED_EDGE('',*,*,#2151,.F.);
#1558=ORIENTED_EDGE('',*,*,#2152,.F.);
#1559=ORIENTED_EDGE('',*,*,#2043,.F.);
#1560=ORIENTED_EDGE('',*,*,#2061,.F.);
#1561=ORIENTED_EDGE('',*,*,#2010,.T.);
#1562=ORIENTED_EDGE('',*,*,#2150,.T.);
#1563=ORIENTED_EDGE('',*,*,#2062,.F.);
#1564=ORIENTED_EDGE('',*,*,#2107,.T.);
#1565=ORIENTED_EDGE('',*,*,#1970,.F.);
#1566=ORIENTED_EDGE('',*,*,#2100,.T.);
#1567=ORIENTED_EDGE('',*,*,#2001,.T.);
#1568=ORIENTED_EDGE('',*,*,#2153,.F.);
#1569=ORIENTED_EDGE('',*,*,#2038,.T.);
#1570=ORIENTED_EDGE('',*,*,#2113,.T.);
#1571=ORIENTED_EDGE('',*,*,#2077,.T.);
#1572=ORIENTED_EDGE('',*,*,#2114,.T.);
#1573=ORIENTED_EDGE('',*,*,#2118,.T.);
#1574=ORIENTED_EDGE('',*,*,#2097,.T.);
#1575=ORIENTED_EDGE('',*,*,#2120,.T.);
#1576=ORIENTED_EDGE('',*,*,#2054,.T.);
#1577=ORIENTED_EDGE('',*,*,#2044,.T.);
#1578=ORIENTED_EDGE('',*,*,#2152,.T.);
#1579=ORIENTED_EDGE('',*,*,#2103,.T.);
#1580=ORIENTED_EDGE('',*,*,#1972,.F.);
#1581=ORIENTED_EDGE('',*,*,#2108,.F.);
#1582=ORIENTED_EDGE('',*,*,#1999,.F.);
#1583=ORIENTED_EDGE('',*,*,#2154,.T.);
#1584=ORIENTED_EDGE('',*,*,#1973,.F.);
#1585=ORIENTED_EDGE('',*,*,#2154,.F.);
#1586=ORIENTED_EDGE('',*,*,#1998,.F.);
#1587=ORIENTED_EDGE('',*,*,#2155,.T.);
#1588=ORIENTED_EDGE('',*,*,#1974,.F.);
#1589=ORIENTED_EDGE('',*,*,#2155,.F.);
#1590=ORIENTED_EDGE('',*,*,#1997,.F.);
#1591=ORIENTED_EDGE('',*,*,#2088,.F.);
#1592=ORIENTED_EDGE('',*,*,#2156,.T.);
#1593=ORIENTED_EDGE('',*,*,#1977,.F.);
#1594=ORIENTED_EDGE('',*,*,#2109,.F.);
#1595=ORIENTED_EDGE('',*,*,#2085,.T.);
#1596=ORIENTED_EDGE('',*,*,#1994,.T.);
#1597=ORIENTED_EDGE('',*,*,#1991,.T.);
#1598=ORIENTED_EDGE('',*,*,#2149,.F.);
#1599=ORIENTED_EDGE('',*,*,#2143,.F.);
#1600=ORIENTED_EDGE('',*,*,#2157,.F.);
#1601=ORIENTED_EDGE('',*,*,#2157,.T.);
#1602=ORIENTED_EDGE('',*,*,#2147,.F.);
#1603=ORIENTED_EDGE('',*,*,#2158,.T.);
#1604=ORIENTED_EDGE('',*,*,#1986,.F.);
#1605=ORIENTED_EDGE('',*,*,#2159,.T.);
#1606=ORIENTED_EDGE('',*,*,#1979,.F.);
#1607=ORIENTED_EDGE('',*,*,#2160,.F.);
#1608=ORIENTED_EDGE('',*,*,#1992,.F.);
#1609=ORIENTED_EDGE('',*,*,#1987,.T.);
#1610=ORIENTED_EDGE('',*,*,#2158,.F.);
#1611=ORIENTED_EDGE('',*,*,#2146,.F.);
#1612=ORIENTED_EDGE('',*,*,#2110,.T.);
#1613=ORIENTED_EDGE('',*,*,#2161,.F.);
#1614=ORIENTED_EDGE('',*,*,#1963,.F.);
#1615=ORIENTED_EDGE('',*,*,#1959,.T.);
#1616=ORIENTED_EDGE('',*,*,#2027,.T.);
#1617=ORIENTED_EDGE('',*,*,#1978,.F.);
#1618=ORIENTED_EDGE('',*,*,#2156,.F.);
#1619=ORIENTED_EDGE('',*,*,#1993,.F.);
#1620=ORIENTED_EDGE('',*,*,#2160,.T.);
#1621=ORIENTED_EDGE('',*,*,#2162,.F.);
#1622=ORIENTED_EDGE('',*,*,#1980,.F.);
#1623=ORIENTED_EDGE('',*,*,#2159,.F.);
#1624=ORIENTED_EDGE('',*,*,#1985,.F.);
#1625=ORIENTED_EDGE('',*,*,#2163,.F.);
#1626=ORIENTED_EDGE('',*,*,#2012,.F.);
#1627=ORIENTED_EDGE('',*,*,#2164,.T.);
#1628=ORIENTED_EDGE('',*,*,#2165,.T.);
#1629=ORIENTED_EDGE('',*,*,#2166,.F.);
#1630=ORIENTED_EDGE('',*,*,#2165,.F.);
#1631=ORIENTED_EDGE('',*,*,#2167,.F.);
#1632=ORIENTED_EDGE('',*,*,#2168,.T.);
#1633=ORIENTED_EDGE('',*,*,#2169,.F.);
#1634=ORIENTED_EDGE('',*,*,#2170,.T.);
#1635=ORIENTED_EDGE('',*,*,#2171,.F.);
#1636=ORIENTED_EDGE('',*,*,#2172,.F.);
#1637=ORIENTED_EDGE('',*,*,#2172,.T.);
#1638=ORIENTED_EDGE('',*,*,#2173,.F.);
#1639=ORIENTED_EDGE('',*,*,#2017,.F.);
#1640=ORIENTED_EDGE('',*,*,#2174,.T.);
#1641=ORIENTED_EDGE('',*,*,#2175,.F.);
#1642=ORIENTED_EDGE('',*,*,#2169,.T.);
#1643=ORIENTED_EDGE('',*,*,#2174,.F.);
#1644=ORIENTED_EDGE('',*,*,#2016,.F.);
#1645=ORIENTED_EDGE('',*,*,#2048,.T.);
#1646=ORIENTED_EDGE('',*,*,#2030,.T.);
#1647=ORIENTED_EDGE('',*,*,#2176,.F.);
#1648=ORIENTED_EDGE('',*,*,#2177,.F.);
#1649=ORIENTED_EDGE('',*,*,#2063,.T.);
#1650=ORIENTED_EDGE('',*,*,#2178,.T.);
#1651=ORIENTED_EDGE('',*,*,#2179,.F.);
#1652=ORIENTED_EDGE('',*,*,#2034,.F.);
#1653=ORIENTED_EDGE('',*,*,#2046,.F.);
#1654=ORIENTED_EDGE('',*,*,#2180,.F.);
#1655=ORIENTED_EDGE('',*,*,#2178,.F.);
#1656=ORIENTED_EDGE('',*,*,#2066,.F.);
#1657=ORIENTED_EDGE('',*,*,#2181,.T.);
#1658=ORIENTED_EDGE('',*,*,#2182,.F.);
#1659=ORIENTED_EDGE('',*,*,#2181,.F.);
#1660=ORIENTED_EDGE('',*,*,#2065,.F.);
#1661=ORIENTED_EDGE('',*,*,#2183,.T.);
#1662=ORIENTED_EDGE('',*,*,#2184,.F.);
#1663=ORIENTED_EDGE('',*,*,#2183,.F.);
#1664=ORIENTED_EDGE('',*,*,#2064,.F.);
#1665=ORIENTED_EDGE('',*,*,#2177,.T.);
#1666=ORIENTED_EDGE('',*,*,#2021,.T.);
#1667=ORIENTED_EDGE('',*,*,#2185,.F.);
#1668=ORIENTED_EDGE('',*,*,#2180,.T.);
#1669=ORIENTED_EDGE('',*,*,#2186,.F.);
#1670=ORIENTED_EDGE('',*,*,#2035,.T.);
#1671=ORIENTED_EDGE('',*,*,#2179,.T.);
#1672=ORIENTED_EDGE('',*,*,#2185,.T.);
#1673=ORIENTED_EDGE('',*,*,#2020,.T.);
#1674=ORIENTED_EDGE('',*,*,#2182,.T.);
#1675=ORIENTED_EDGE('',*,*,#2187,.F.);
#1676=ORIENTED_EDGE('',*,*,#2022,.T.);
#1677=ORIENTED_EDGE('',*,*,#2186,.T.);
#1678=ORIENTED_EDGE('',*,*,#2029,.T.);
#1679=ORIENTED_EDGE('',*,*,#2024,.T.);
#1680=ORIENTED_EDGE('',*,*,#2188,.F.);
#1681=ORIENTED_EDGE('',*,*,#2176,.T.);
#1682=ORIENTED_EDGE('',*,*,#2184,.T.);
#1683=ORIENTED_EDGE('',*,*,#2188,.T.);
#1684=ORIENTED_EDGE('',*,*,#2023,.T.);
#1685=ORIENTED_EDGE('',*,*,#2187,.T.);
#1686=ORIENTED_EDGE('',*,*,#2189,.F.);
#1687=ORIENTED_EDGE('',*,*,#2167,.T.);
#1688=ORIENTED_EDGE('',*,*,#2164,.F.);
#1689=ORIENTED_EDGE('',*,*,#2011,.F.);
#1690=ORIENTED_EDGE('',*,*,#2060,.T.);
#1691=ORIENTED_EDGE('',*,*,#2190,.F.);
#1692=ORIENTED_EDGE('',*,*,#2168,.F.);
#1693=ORIENTED_EDGE('',*,*,#2189,.T.);
#1694=ORIENTED_EDGE('',*,*,#2059,.F.);
#1695=ORIENTED_EDGE('',*,*,#2191,.F.);
#1696=ORIENTED_EDGE('',*,*,#2051,.F.);
#1697=ORIENTED_EDGE('',*,*,#2018,.F.);
#1698=ORIENTED_EDGE('',*,*,#2173,.T.);
#1699=ORIENTED_EDGE('',*,*,#2171,.T.);
#1700=ORIENTED_EDGE('',*,*,#2175,.T.);
#1701=ORIENTED_EDGE('',*,*,#2047,.F.);
#1702=ORIENTED_EDGE('',*,*,#2191,.T.);
#1703=ORIENTED_EDGE('',*,*,#2170,.F.);
#1704=ORIENTED_EDGE('',*,*,#2161,.T.);
#1705=ORIENTED_EDGE('',*,*,#2026,.F.);
#1706=ORIENTED_EDGE('',*,*,#2028,.F.);
#1707=ORIENTED_EDGE('',*,*,#1964,.F.);
#1708=ORIENTED_EDGE('',*,*,#2153,.T.);
#1709=ORIENTED_EDGE('',*,*,#2151,.T.);
#1710=ORIENTED_EDGE('',*,*,#2009,.T.);
#1711=ORIENTED_EDGE('',*,*,#2039,.F.);
#1712=ORIENTED_EDGE('',*,*,#2192,.T.);
#1713=ORIENTED_EDGE('',*,*,#1982,.F.);
#1714=ORIENTED_EDGE('',*,*,#1957,.F.);
#1715=ORIENTED_EDGE('',*,*,#1962,.F.);
#1716=ORIENTED_EDGE('',*,*,#1981,.T.);
#1717=ORIENTED_EDGE('',*,*,#2162,.T.);
#1718=ORIENTED_EDGE('',*,*,#1984,.T.);
#1719=ORIENTED_EDGE('',*,*,#2193,.F.);
#1720=ORIENTED_EDGE('',*,*,#2193,.T.);
#1721=ORIENTED_EDGE('',*,*,#1983,.F.);
#1722=ORIENTED_EDGE('',*,*,#2192,.F.);
#1723=ORIENTED_EDGE('',*,*,#1961,.F.);
#1724=ORIENTED_EDGE('',*,*,#2013,.F.);
#1725=ORIENTED_EDGE('',*,*,#2163,.T.);
#1726=ORIENTED_EDGE('',*,*,#2166,.T.);
#1727=ORIENTED_EDGE('',*,*,#2190,.T.);
#1728=ORIENTED_EDGE('',*,*,#2058,.F.);
#1729=EDGE_CURVE('',#2194,#2194,#2506,.T.);
#1730=EDGE_CURVE('',#2195,#2196,#65,.T.);
#1731=EDGE_CURVE('',#2196,#2197,#66,.T.);
#1732=EDGE_CURVE('',#2198,#2197,#67,.T.);
#1733=EDGE_CURVE('',#2198,#2199,#68,.T.);
#1734=EDGE_CURVE('',#2199,#2200,#69,.T.);
#1735=EDGE_CURVE('',#2200,#2201,#70,.T.);
#1736=EDGE_CURVE('',#2202,#2201,#71,.T.);
#1737=EDGE_CURVE('',#2203,#2202,#72,.T.);
#1738=EDGE_CURVE('',#2204,#2203,#73,.T.);
#1739=EDGE_CURVE('',#2205,#2204,#74,.T.);
#1740=EDGE_CURVE('',#2206,#2205,#75,.T.);
#1741=EDGE_CURVE('',#2206,#2207,#76,.T.);
#1742=EDGE_CURVE('',#2207,#2208,#77,.T.);
#1743=EDGE_CURVE('',#2209,#2208,#78,.T.);
#1744=EDGE_CURVE('',#2210,#2209,#79,.T.);
#1745=EDGE_CURVE('',#2211,#2210,#80,.T.);
#1746=EDGE_CURVE('',#2212,#2211,#81,.T.);
#1747=EDGE_CURVE('',#2195,#2212,#82,.T.);
#1748=EDGE_CURVE('',#2213,#2214,#83,.T.);
#1749=EDGE_CURVE('',#2214,#2196,#84,.T.);
#1750=EDGE_CURVE('',#2215,#2195,#2507,.T.);
#1751=EDGE_CURVE('',#2216,#2215,#85,.T.);
#1752=EDGE_CURVE('',#2217,#2216,#86,.T.);
#1753=EDGE_CURVE('',#2218,#2217,#2508,.T.);
#1754=EDGE_CURVE('',#2219,#2218,#87,.T.);
#1755=EDGE_CURVE('',#2220,#2219,#2509,.T.);
#1756=EDGE_CURVE('',#2221,#2220,#88,.T.);
#1757=EDGE_CURVE('',#2222,#2221,#89,.T.);
#1758=EDGE_CURVE('',#2222,#2223,#90,.T.);
#1759=EDGE_CURVE('',#2224,#2223,#91,.T.);
#1760=EDGE_CURVE('',#2225,#2224,#92,.T.);
#1761=EDGE_CURVE('',#2226,#2225,#93,.T.);
#1762=EDGE_CURVE('',#2226,#2227,#2510,.T.);
#1763=EDGE_CURVE('',#2228,#2227,#94,.T.);
#1764=EDGE_CURVE('',#2213,#2228,#95,.T.);
#1765=EDGE_CURVE('',#2229,#2230,#96,.T.);
#1766=EDGE_CURVE('',#2230,#2231,#97,.T.);
#1767=EDGE_CURVE('',#2231,#2232,#98,.T.);
#1768=EDGE_CURVE('',#2232,#2233,#2511,.T.);
#1769=EDGE_CURVE('',#2233,#2234,#99,.T.);
#1770=EDGE_CURVE('',#2234,#2235,#100,.T.);
#1771=EDGE_CURVE('',#2236,#2235,#101,.T.);
#1772=EDGE_CURVE('',#2237,#2236,#102,.T.);
#1773=EDGE_CURVE('',#2198,#2237,#103,.T.);
#1774=EDGE_CURVE('',#2229,#2197,#104,.T.);
#1775=EDGE_CURVE('',#2238,#2239,#2512,.T.);
#1776=EDGE_CURVE('',#2239,#2240,#105,.T.);
#1777=EDGE_CURVE('',#2240,#2201,#106,.T.);
#1778=EDGE_CURVE('',#2241,#2200,#107,.T.);
#1779=EDGE_CURVE('',#2221,#2241,#108,.T.);
#1780=EDGE_CURVE('',#2242,#2220,#109,.T.);
#1781=EDGE_CURVE('',#2238,#2242,#110,.T.);
#1782=EDGE_CURVE('',#2243,#2202,#2513,.T.);
#1783=EDGE_CURVE('',#2244,#2243,#111,.T.);
#1784=EDGE_CURVE('',#2244,#2203,#2514,.T.);
#1785=EDGE_CURVE('',#2228,#2231,#112,.T.);
#1786=EDGE_CURVE('',#2245,#2227,#113,.T.);
#1787=EDGE_CURVE('',#2246,#2245,#114,.T.);
#1788=EDGE_CURVE('',#2247,#2246,#115,.T.);
#1789=EDGE_CURVE('',#2248,#2247,#116,.T.);
#1790=EDGE_CURVE('',#2248,#2249,#117,.T.);
#1791=EDGE_CURVE('',#2250,#2249,#118,.T.);
#1792=EDGE_CURVE('',#2251,#2250,#119,.T.);
#1793=EDGE_CURVE('',#2252,#2251,#120,.T.);
#1794=EDGE_CURVE('',#2252,#2253,#121,.T.);
#1795=EDGE_CURVE('',#2254,#2253,#122,.T.);
#1796=EDGE_CURVE('',#2232,#2254,#123,.T.);
#1797=EDGE_CURVE('',#2255,#2255,#2515,.T.);
#1798=EDGE_CURVE('',#2256,#2199,#124,.T.);
#1799=EDGE_CURVE('',#2257,#2256,#125,.T.);
#1800=EDGE_CURVE('',#2241,#2257,#126,.T.);
#1801=EDGE_CURVE('',#2237,#2222,#127,.T.);
#1802=EDGE_CURVE('',#2257,#2257,#2516,.T.);
#1803=EDGE_CURVE('',#2256,#2237,#128,.T.);
#1804=EDGE_CURVE('',#2258,#2219,#129,.T.);
#1805=EDGE_CURVE('',#2258,#2242,#2517,.T.);
#1806=EDGE_CURVE('',#2238,#2259,#130,.T.);
#1807=EDGE_CURVE('',#2260,#2258,#131,.T.);
#1808=EDGE_CURVE('',#2259,#2260,#132,.T.);
#1809=EDGE_CURVE('',#2259,#2261,#2518,.T.);
#1810=EDGE_CURVE('',#2260,#2262,#2519,.T.);
#1811=EDGE_CURVE('',#2262,#2261,#133,.T.);
#1812=EDGE_CURVE('',#2261,#2263,#134,.T.);
#1813=EDGE_CURVE('',#2264,#2262,#135,.T.);
#1814=EDGE_CURVE('',#2263,#2264,#136,.T.);
#1815=EDGE_CURVE('',#2263,#2265,#2520,.T.);
#1816=EDGE_CURVE('',#2264,#2266,#2521,.T.);
#1817=EDGE_CURVE('',#2266,#2265,#137,.T.);
#1818=EDGE_CURVE('',#2265,#2267,#138,.T.);
#1819=EDGE_CURVE('',#2266,#2268,#139,.T.);
#1820=EDGE_CURVE('',#2268,#2210,#140,.T.);
#1821=EDGE_CURVE('',#2267,#2209,#141,.T.);
#1822=EDGE_CURVE('',#2269,#2270,#142,.T.);
#1823=EDGE_CURVE('',#2267,#2270,#2522,.T.);
#1824=EDGE_CURVE('',#2208,#2269,#143,.T.);
#1825=EDGE_CURVE('',#2271,#2272,#144,.T.);
#1826=EDGE_CURVE('',#2244,#2271,#145,.T.);
#1827=EDGE_CURVE('',#2273,#2243,#146,.T.);
#1828=EDGE_CURVE('',#2273,#2274,#147,.T.);
#1829=EDGE_CURVE('',#2274,#2272,#148,.T.);
#1830=EDGE_CURVE('',#2271,#2275,#149,.T.);
#1831=EDGE_CURVE('',#2275,#2276,#2523,.T.);
#1832=EDGE_CURVE('',#2276,#2277,#2524,.T.);
#1833=EDGE_CURVE('',#2277,#2204,#150,.T.);
#1834=EDGE_CURVE('',#2278,#2278,#23,.T.);
#1835=EDGE_CURVE('',#2279,#2279,#2525,.T.);
#1836=EDGE_CURVE('',#2280,#2280,#2526,.T.);
#1837=EDGE_CURVE('',#2277,#2281,#151,.T.);
#1838=EDGE_CURVE('',#2205,#2281,#152,.T.);
#1839=EDGE_CURVE('',#2282,#2282,#2527,.T.);
#1840=EDGE_CURVE('',#2283,#2206,#153,.T.);
#1841=EDGE_CURVE('',#2281,#2283,#2528,.T.);
#1842=EDGE_CURVE('',#2284,#2285,#154,.T.);
#1843=EDGE_CURVE('',#2284,#2286,#155,.T.);
#1844=EDGE_CURVE('',#2207,#2286,#156,.T.);
#1845=EDGE_CURVE('',#2285,#2283,#157,.T.);
#1846=EDGE_CURVE('',#2268,#2287,#158,.T.);
#1847=EDGE_CURVE('',#2211,#2287,#159,.T.);
#1848=EDGE_CURVE('',#2288,#2287,#160,.T.);
#1849=EDGE_CURVE('',#2288,#2212,#2529,.T.);
#1850=EDGE_CURVE('',#2289,#2215,#161,.T.);
#1851=EDGE_CURVE('',#2218,#2288,#162,.T.);
#1852=EDGE_CURVE('',#2290,#2217,#163,.T.);
#1853=EDGE_CURVE('',#2289,#2290,#2530,.T.);
#1854=EDGE_CURVE('',#2291,#2226,#164,.T.);
#1855=EDGE_CURVE('',#2291,#2245,#2531,.T.);
#1856=EDGE_CURVE('',#2292,#2292,#2532,.T.);
#1857=EDGE_CURVE('',#2293,#2291,#165,.T.);
#1858=EDGE_CURVE('',#2293,#2294,#166,.T.);
#1859=EDGE_CURVE('',#2295,#2294,#2533,.T.);
#1860=EDGE_CURVE('',#2296,#2295,#167,.T.);
#1861=EDGE_CURVE('',#2296,#2246,#168,.T.);
#1862=EDGE_CURVE('',#2296,#2297,#169,.T.);
#1863=EDGE_CURVE('',#2247,#2297,#170,.T.);
#1864=EDGE_CURVE('',#2298,#2298,#2534,.T.);
#1865=EDGE_CURVE('',#2297,#2299,#171,.T.);
#1866=EDGE_CURVE('',#2300,#2299,#2535,.T.);
#1867=EDGE_CURVE('',#2301,#2300,#172,.T.);
#1868=EDGE_CURVE('',#2301,#2302,#2536,.T.);
#1869=EDGE_CURVE('',#2303,#2302,#173,.T.);
#1870=EDGE_CURVE('',#2303,#2248,#174,.T.);
#1871=EDGE_CURVE('',#2304,#2303,#175,.T.);
#1872=EDGE_CURVE('',#2304,#2249,#176,.T.);
#1873=EDGE_CURVE('',#2305,#2250,#177,.T.);
#1874=EDGE_CURVE('',#2306,#2304,#178,.T.);
#1875=EDGE_CURVE('',#2306,#2307,#179,.T.);
#1876=EDGE_CURVE('',#2308,#2307,#180,.T.);
#1877=EDGE_CURVE('',#2309,#2308,#181,.T.);
#1878=EDGE_CURVE('',#2309,#2305,#2537,.T.);
#1879=EDGE_CURVE('',#2305,#2310,#182,.T.);
#1880=EDGE_CURVE('',#2251,#2310,#183,.T.);
#1881=EDGE_CURVE('',#2311,#2311,#2538,.T.);
#1882=EDGE_CURVE('',#2310,#2312,#2539,.T.);
#1883=EDGE_CURVE('',#2312,#2252,#184,.T.);
#1884=EDGE_CURVE('',#2253,#2313,#185,.T.);
#1885=EDGE_CURVE('',#2313,#2312,#186,.T.);
#1886=EDGE_CURVE('',#2313,#2314,#2540,.T.);
#1887=EDGE_CURVE('',#2315,#2314,#2541,.T.);
#1888=EDGE_CURVE('',#2315,#2316,#187,.T.);
#1889=EDGE_CURVE('',#2317,#2316,#188,.T.);
#1890=EDGE_CURVE('',#2317,#2254,#2542,.T.);
#1891=EDGE_CURVE('',#2233,#2317,#189,.T.);
#1892=EDGE_CURVE('',#2223,#2236,#190,.T.);
#1893=EDGE_CURVE('',#2318,#2318,#2543,.T.);
#1894=EDGE_CURVE('',#2319,#2289,#191,.T.);
#1895=EDGE_CURVE('',#2216,#2319,#192,.T.);
#1896=EDGE_CURVE('',#2290,#2319,#193,.T.);
#1897=EDGE_CURVE('',#2235,#2224,#194,.T.);
#1898=EDGE_CURVE('',#2234,#2225,#195,.T.);
#1899=EDGE_CURVE('',#2320,#2316,#196,.T.);
#1900=EDGE_CURVE('',#2320,#2321,#197,.T.);
#1901=EDGE_CURVE('',#2293,#2321,#198,.T.);
#1902=EDGE_CURVE('',#2286,#2322,#2544,.T.);
#1903=EDGE_CURVE('',#2323,#2284,#2545,.T.);
#1904=EDGE_CURVE('',#2323,#2322,#199,.T.);
#1905=EDGE_CURVE('',#2324,#2323,#200,.T.);
#1906=EDGE_CURVE('',#2324,#2325,#201,.T.);
#1907=EDGE_CURVE('',#2322,#2325,#202,.T.);
#1908=EDGE_CURVE('',#2275,#2326,#203,.T.);
#1909=EDGE_CURVE('',#2325,#2326,#2546,.T.);
#1910=EDGE_CURVE('',#2276,#2324,#2547,.T.);
#1911=EDGE_CURVE('',#2326,#2272,#204,.T.);
#1912=EDGE_CURVE('',#2327,#2327,#2548,.T.);
#1913=EDGE_CURVE('',#2328,#2328,#2549,.T.);
#1914=EDGE_CURVE('',#2276,#2285,#2550,.T.);
#1915=EDGE_CURVE('',#2307,#2308,#2551,.T.);
#1916=EDGE_CURVE('',#2329,#2330,#205,.T.);
#1917=EDGE_CURVE('',#2331,#2329,#2552,.T.);
#1918=EDGE_CURVE('',#2332,#2331,#206,.T.);
#1919=EDGE_CURVE('',#2330,#2332,#2553,.T.);
#1920=EDGE_CURVE('',#2333,#2333,#2554,.T.);
#1921=EDGE_CURVE('',#2334,#2334,#2555,.T.);
#1922=EDGE_CURVE('',#2294,#2300,#207,.T.);
#1923=EDGE_CURVE('',#2321,#2301,#208,.T.);
#1924=EDGE_CURVE('',#2299,#2295,#209,.T.);
#1925=EDGE_CURVE('',#2335,#2335,#2556,.T.);
#1926=EDGE_CURVE('',#2314,#2336,#2557,.T.);
#1927=EDGE_CURVE('',#2302,#2336,#210,.T.);
#1928=EDGE_CURVE('',#2301,#2337,#2558,.T.);
#1929=EDGE_CURVE('',#2337,#2315,#211,.T.);
#1930=EDGE_CURVE('',#2336,#2338,#212,.T.);
#1931=EDGE_CURVE('',#2338,#2306,#2559,.T.);
#1932=EDGE_CURVE('',#2338,#2309,#213,.T.);
#1933=EDGE_CURVE('',#2309,#2314,#2560,.T.);
#1934=EDGE_CURVE('',#2337,#2320,#214,.T.);
#1935=EDGE_CURVE('',#2339,#2329,#215,.T.);
#1936=EDGE_CURVE('',#2331,#2339,#216,.T.);
#1937=EDGE_CURVE('',#2339,#2340,#217,.T.);
#1938=EDGE_CURVE('',#2340,#2332,#218,.T.);
#1939=EDGE_CURVE('',#2340,#2330,#219,.T.);
#1940=EDGE_CURVE('',#2341,#2342,#220,.T.);
#1941=EDGE_CURVE('',#2240,#2342,#221,.T.);
#1942=EDGE_CURVE('',#2343,#2239,#222,.T.);
#1943=EDGE_CURVE('',#2344,#2343,#2561,.T.);
#1944=EDGE_CURVE('',#2345,#2344,#223,.T.);
#1945=EDGE_CURVE('',#2346,#2345,#2562,.T.);
#1946=EDGE_CURVE('',#2270,#2346,#224,.T.);
#1947=EDGE_CURVE('',#2269,#2341,#225,.T.);
#1948=EDGE_CURVE('',#2343,#2259,#2563,.T.);
#1949=EDGE_CURVE('',#2344,#2261,#2564,.T.);
#1950=EDGE_CURVE('',#2345,#2263,#2565,.T.);
#1951=EDGE_CURVE('',#2346,#2265,#2566,.T.);
#1952=EDGE_CURVE('',#2342,#2273,#226,.T.);
#1953=EDGE_CURVE('',#2274,#2341,#227,.T.);
#1954=EDGE_CURVE('',#2213,#2230,#228,.T.);
#1955=EDGE_CURVE('',#2214,#2229,#229,.T.);
#1956=EDGE_CURVE('',#2347,#2348,#230,.T.);
#1957=EDGE_CURVE('',#2347,#2349,#231,.T.);
#1958=EDGE_CURVE('',#2350,#2349,#232,.T.);
#1959=EDGE_CURVE('',#2348,#2350,#233,.T.);
#1960=EDGE_CURVE('',#2351,#2351,#2567,.T.);
#1961=EDGE_CURVE('',#2352,#2353,#234,.T.);
#1962=EDGE_CURVE('',#2353,#2347,#235,.T.);
#1963=EDGE_CURVE('',#2348,#2354,#236,.T.);
#1964=EDGE_CURVE('',#2354,#2355,#237,.T.);
#1965=EDGE_CURVE('',#2355,#2356,#238,.T.);
#1966=EDGE_CURVE('',#2356,#2357,#239,.T.);
#1967=EDGE_CURVE('',#2357,#2358,#240,.T.);
#1968=EDGE_CURVE('',#2358,#2359,#241,.T.);
#1969=EDGE_CURVE('',#2359,#2360,#242,.T.);
#1970=EDGE_CURVE('',#2360,#2361,#243,.T.);
#1971=EDGE_CURVE('',#2361,#2362,#244,.T.);
#1972=EDGE_CURVE('',#2362,#2363,#245,.T.);
#1973=EDGE_CURVE('',#2363,#2364,#246,.T.);
#1974=EDGE_CURVE('',#2364,#2365,#247,.T.);
#1975=EDGE_CURVE('',#2365,#2366,#248,.T.);
#1976=EDGE_CURVE('',#2366,#2367,#249,.T.);
#1977=EDGE_CURVE('',#2367,#2368,#250,.T.);
#1978=EDGE_CURVE('',#2368,#2369,#251,.T.);
#1979=EDGE_CURVE('',#2369,#2370,#252,.T.);
#1980=EDGE_CURVE('',#2370,#2371,#253,.T.);
#1981=EDGE_CURVE('',#2352,#2371,#254,.T.);
#1982=EDGE_CURVE('',#2349,#2372,#255,.T.);
#1983=EDGE_CURVE('',#2372,#2373,#256,.T.);
#1984=EDGE_CURVE('',#2374,#2373,#257,.T.);
#1985=EDGE_CURVE('',#2374,#2375,#258,.T.);
#1986=EDGE_CURVE('',#2375,#2376,#259,.T.);
#1987=EDGE_CURVE('',#2377,#2376,#2568,.T.);
#1988=EDGE_CURVE('',#2378,#2377,#260,.T.);
#1989=EDGE_CURVE('',#2379,#2378,#2569,.T.);
#1990=EDGE_CURVE('',#2380,#2379,#261,.T.);
#1991=EDGE_CURVE('',#2381,#2380,#262,.T.);
#1992=EDGE_CURVE('',#2381,#2382,#263,.T.);
#1993=EDGE_CURVE('',#2382,#2383,#264,.T.);
#1994=EDGE_CURVE('',#2384,#2383,#265,.T.);
#1995=EDGE_CURVE('',#2385,#2384,#266,.T.);
#1996=EDGE_CURVE('',#2386,#2385,#267,.T.);
#1997=EDGE_CURVE('',#2386,#2387,#268,.T.);
#1998=EDGE_CURVE('',#2387,#2388,#269,.T.);
#1999=EDGE_CURVE('',#2388,#2389,#270,.T.);
#2000=EDGE_CURVE('',#2389,#2390,#271,.T.);
#2001=EDGE_CURVE('',#2391,#2390,#272,.T.);
#2002=EDGE_CURVE('',#2391,#2392,#273,.T.);
#2003=EDGE_CURVE('',#2393,#2392,#274,.T.);
#2004=EDGE_CURVE('',#2393,#2394,#275,.T.);
#2005=EDGE_CURVE('',#2395,#2394,#276,.T.);
#2006=EDGE_CURVE('',#2396,#2395,#277,.T.);
#2007=EDGE_CURVE('',#2397,#2396,#278,.T.);
#2008=EDGE_CURVE('',#2398,#2397,#279,.T.);
#2009=EDGE_CURVE('',#2399,#2398,#280,.T.);
#2010=EDGE_CURVE('',#2400,#2399,#281,.T.);
#2011=EDGE_CURVE('',#2400,#2401,#282,.T.);
#2012=EDGE_CURVE('',#2401,#2402,#283,.T.);
#2013=EDGE_CURVE('',#2402,#2403,#284,.T.);
#2014=EDGE_CURVE('',#2404,#2403,#285,.T.);
#2015=EDGE_CURVE('',#2405,#2404,#286,.T.);
#2016=EDGE_CURVE('',#2405,#2406,#287,.T.);
#2017=EDGE_CURVE('',#2406,#2407,#288,.T.);
#2018=EDGE_CURVE('',#2407,#2408,#289,.T.);
#2019=EDGE_CURVE('',#2409,#2408,#290,.T.);
#2020=EDGE_CURVE('',#2410,#2409,#2570,.T.);
#2021=EDGE_CURVE('',#2411,#2410,#291,.T.);
#2022=EDGE_CURVE('',#2412,#2411,#292,.T.);
#2023=EDGE_CURVE('',#2413,#2412,#293,.T.);
#2024=EDGE_CURVE('',#2414,#2413,#2571,.T.);
#2025=EDGE_CURVE('',#2415,#2414,#294,.T.);
#2026=EDGE_CURVE('',#2415,#2416,#295,.T.);
#2027=EDGE_CURVE('',#2350,#2416,#296,.T.);
#2028=EDGE_CURVE('',#2355,#2415,#297,.T.);
#2029=EDGE_CURVE('',#2417,#2414,#15,.T.);
#2030=EDGE_CURVE('',#2418,#2417,#298,.T.);
#2031=EDGE_CURVE('',#2418,#2419,#24,.T.);
#2032=EDGE_CURVE('',#2419,#2420,#299,.T.);
#2033=EDGE_CURVE('',#2420,#2421,#25,.T.);
#2034=EDGE_CURVE('',#2421,#2422,#300,.T.);
#2035=EDGE_CURVE('',#2409,#2422,#16,.T.);
#2036=EDGE_CURVE('',#2423,#2408,#301,.T.);
#2037=EDGE_CURVE('',#2356,#2423,#2572,.T.);
#2038=EDGE_CURVE('',#2424,#2425,#302,.T.);
#2039=EDGE_CURVE('',#2424,#2398,#303,.T.);
#2040=EDGE_CURVE('',#2426,#2397,#304,.T.);
#2041=EDGE_CURVE('',#2426,#2425,#2573,.T.);
#2042=EDGE_CURVE('',#2427,#2428,#305,.T.);
#2043=EDGE_CURVE('',#2428,#2429,#2574,.T.);
#2044=EDGE_CURVE('',#2430,#2429,#306,.T.);
#2045=EDGE_CURVE('',#2430,#2427,#2575,.T.);
#2046=EDGE_CURVE('',#2418,#2421,#26,.F.);
#2047=EDGE_CURVE('',#2431,#2432,#307,.T.);
#2048=EDGE_CURVE('',#2405,#2432,#308,.T.);
#2049=EDGE_CURVE('',#2433,#2405,#309,.T.);
#2050=EDGE_CURVE('',#2423,#2433,#310,.T.);
#2051=EDGE_CURVE('',#2408,#2431,#311,.T.);
#2052=EDGE_CURVE('',#2357,#2433,#2576,.T.);
#2053=EDGE_CURVE('',#2404,#2427,#312,.T.);
#2054=EDGE_CURVE('',#2434,#2430,#313,.T.);
#2055=EDGE_CURVE('',#2434,#2435,#314,.T.);
#2056=EDGE_CURVE('',#2435,#2436,#315,.T.);
#2057=EDGE_CURVE('',#2436,#2358,#316,.T.);
#2058=EDGE_CURVE('',#2403,#2437,#317,.T.);
#2059=EDGE_CURVE('',#2437,#2438,#318,.T.);
#2060=EDGE_CURVE('',#2400,#2438,#319,.T.);
#2061=EDGE_CURVE('',#2400,#2428,#320,.T.);
#2062=EDGE_CURVE('',#2439,#2439,#2577,.T.);
#2063=EDGE_CURVE('',#2440,#2441,#2578,.T.);
#2064=EDGE_CURVE('',#2440,#2442,#321,.T.);
#2065=EDGE_CURVE('',#2442,#2443,#322,.T.);
#2066=EDGE_CURVE('',#2443,#2441,#323,.T.);
#2067=EDGE_CURVE('',#2444,#2445,#324,.T.);
#2068=EDGE_CURVE('',#2445,#2393,#325,.T.);
#2069=EDGE_CURVE('',#2444,#2392,#326,.T.);
#2070=EDGE_CURVE('',#2445,#2446,#327,.T.);
#2071=EDGE_CURVE('',#2446,#2447,#328,.T.);
#2072=EDGE_CURVE('',#2448,#2447,#329,.T.);
#2073=EDGE_CURVE('',#2449,#2448,#330,.T.);
#2074=EDGE_CURVE('',#2394,#2449,#331,.T.);
#2075=EDGE_CURVE('',#2450,#2395,#332,.T.);
#2076=EDGE_CURVE('',#2449,#2450,#333,.T.);
#2077=EDGE_CURVE('',#2451,#2452,#334,.T.);
#2078=EDGE_CURVE('',#2451,#2453,#2579,.T.);
#2079=EDGE_CURVE('',#2396,#2453,#335,.T.);
#2080=EDGE_CURVE('',#2454,#2450,#336,.T.);
#2081=EDGE_CURVE('',#2455,#2454,#337,.T.);
#2082=EDGE_CURVE('',#2456,#2455,#338,.T.);
#2083=EDGE_CURVE('',#2452,#2456,#339,.T.);
#2084=EDGE_CURVE('',#2453,#2426,#340,.T.);
#2085=EDGE_CURVE('',#2457,#2384,#341,.T.);
#2086=EDGE_CURVE('',#2458,#2457,#342,.T.);
#2087=EDGE_CURVE('',#2385,#2458,#343,.T.);
#2088=EDGE_CURVE('',#2365,#2386,#344,.T.);
#2089=EDGE_CURVE('',#2366,#2458,#2580,.T.);
#2090=EDGE_CURVE('',#2359,#2459,#345,.T.);
#2091=EDGE_CURVE('',#2459,#2460,#346,.T.);
#2092=EDGE_CURVE('',#2460,#2461,#347,.T.);
#2093=EDGE_CURVE('',#2461,#2462,#348,.T.);
#2094=EDGE_CURVE('',#2462,#2463,#349,.T.);
#2095=EDGE_CURVE('',#2463,#2464,#350,.T.);
#2096=EDGE_CURVE('',#2464,#2465,#351,.T.);
#2097=EDGE_CURVE('',#2466,#2465,#352,.T.);
#2098=EDGE_CURVE('',#2466,#2467,#353,.T.);
#2099=EDGE_CURVE('',#2467,#2444,#354,.T.);
#2100=EDGE_CURVE('',#2360,#2391,#355,.T.);
#2101=EDGE_CURVE('',#2468,#2468,#2581,.T.);
#2102=EDGE_CURVE('',#2469,#2469,#2582,.T.);
#2103=EDGE_CURVE('',#2470,#2470,#2583,.T.);
#2104=EDGE_CURVE('',#2471,#2436,#356,.T.);
#2105=EDGE_CURVE('',#2472,#2471,#357,.T.);
#2106=EDGE_CURVE('',#2459,#2472,#358,.T.);
#2107=EDGE_CURVE('',#2390,#2361,#359,.T.);
#2108=EDGE_CURVE('',#2389,#2362,#360,.T.);
#2109=EDGE_CURVE('',#2457,#2367,#2584,.T.);
#2110=EDGE_CURVE('',#2473,#2377,#361,.T.);
#2111=EDGE_CURVE('',#2474,#2473,#362,.T.);
#2112=EDGE_CURVE('',#2474,#2378,#363,.T.);
#2113=EDGE_CURVE('',#2425,#2451,#364,.T.);
#2114=EDGE_CURVE('',#2452,#2475,#2585,.T.);
#2115=EDGE_CURVE('',#2476,#2456,#2586,.T.);
#2116=EDGE_CURVE('',#2446,#2476,#2587,.T.);
#2117=EDGE_CURVE('',#2475,#2446,#365,.T.);
#2118=EDGE_CURVE('',#2475,#2466,#366,.T.);
#2119=EDGE_CURVE('',#2446,#2467,#367,.T.);
#2120=EDGE_CURVE('',#2465,#2434,#368,.T.);
#2121=EDGE_CURVE('',#2477,#2464,#369,.T.);
#2122=EDGE_CURVE('',#2478,#2477,#370,.T.);
#2123=EDGE_CURVE('',#2435,#2478,#371,.T.);
#2124=EDGE_CURVE('',#2478,#2471,#372,.T.);
#2125=EDGE_CURVE('',#2447,#2476,#2588,.T.);
#2126=EDGE_CURVE('',#2476,#2479,#2589,.T.);
#2127=EDGE_CURVE('',#2480,#2479,#373,.T.);
#2128=EDGE_CURVE('',#2448,#2480,#2590,.T.);
#2129=EDGE_CURVE('',#2480,#2481,#374,.T.);
#2130=EDGE_CURVE('',#2481,#2454,#2591,.T.);
#2131=EDGE_CURVE('',#2482,#2455,#2592,.T.);
#2132=EDGE_CURVE('',#2481,#2482,#375,.T.);
#2133=EDGE_CURVE('',#2479,#2482,#376,.T.);
#2134=EDGE_CURVE('',#2472,#2483,#377,.T.);
#2135=EDGE_CURVE('',#2460,#2483,#378,.T.);
#2136=EDGE_CURVE('',#2483,#2484,#379,.T.);
#2137=EDGE_CURVE('',#2484,#2461,#380,.T.);
#2138=EDGE_CURVE('',#2485,#2462,#381,.T.);
#2139=EDGE_CURVE('',#2484,#2485,#382,.T.);
#2140=EDGE_CURVE('',#2485,#2486,#383,.T.);
#2141=EDGE_CURVE('',#2463,#2486,#384,.T.);
#2142=EDGE_CURVE('',#2486,#2477,#385,.T.);
#2143=EDGE_CURVE('',#2487,#2488,#386,.T.);
#2144=EDGE_CURVE('',#2488,#2489,#387,.T.);
#2145=EDGE_CURVE('',#2489,#2474,#2593,.T.);
#2146=EDGE_CURVE('',#2473,#2490,#2594,.T.);
#2147=EDGE_CURVE('',#2490,#2487,#388,.T.);
#2148=EDGE_CURVE('',#2489,#2379,#389,.T.);
#2149=EDGE_CURVE('',#2488,#2380,#390,.T.);
#2150=EDGE_CURVE('',#2492,#2492,#2595,.T.);
#2151=EDGE_CURVE('',#2493,#2399,#391,.T.);
#2152=EDGE_CURVE('',#2429,#2493,#392,.T.);
#2153=EDGE_CURVE('',#2424,#2493,#393,.T.);
#2154=EDGE_CURVE('',#2388,#2363,#394,.T.);
#2155=EDGE_CURVE('',#2387,#2364,#395,.T.);
#2156=EDGE_CURVE('',#2383,#2368,#396,.T.);
#2157=EDGE_CURVE('',#2381,#2487,#397,.T.);
#2158=EDGE_CURVE('',#2490,#2376,#398,.T.);
#2159=EDGE_CURVE('',#2375,#2370,#399,.T.);
#2160=EDGE_CURVE('',#2382,#2369,#400,.T.);
#2161=EDGE_CURVE('',#2354,#2416,#401,.T.);
#2162=EDGE_CURVE('',#2371,#2374,#402,.T.);
#2163=EDGE_CURVE('',#2402,#2494,#403,.T.);
#2164=EDGE_CURVE('',#2401,#2495,#404,.T.);
#2165=EDGE_CURVE('',#2495,#2494,#405,.T.);
#2166=EDGE_CURVE('',#2494,#2496,#406,.T.);
#2167=EDGE_CURVE('',#2497,#2495,#407,.T.);
#2168=EDGE_CURVE('',#2497,#2496,#408,.T.);
#2169=EDGE_CURVE('',#2498,#2499,#409,.T.);
#2170=EDGE_CURVE('',#2498,#2500,#410,.T.);
#2171=EDGE_CURVE('',#2501,#2500,#411,.T.);
#2172=EDGE_CURVE('',#2499,#2501,#412,.T.);
#2173=EDGE_CURVE('',#2407,#2501,#413,.T.);
#2174=EDGE_CURVE('',#2406,#2499,#414,.T.);
#2175=EDGE_CURVE('',#2498,#2432,#415,.T.);
#2176=EDGE_CURVE('',#2502,#2417,#2596,.T.);
#2177=EDGE_CURVE('',#2440,#2502,#416,.T.);
#2178=EDGE_CURVE('',#2441,#2503,#417,.T.);
#2179=EDGE_CURVE('',#2422,#2503,#2597,.T.);
#2180=EDGE_CURVE('',#2503,#2504,#418,.T.);
#2181=EDGE_CURVE('',#2443,#2504,#419,.T.);
#2182=EDGE_CURVE('',#2504,#2505,#420,.T.);
#2183=EDGE_CURVE('',#2442,#2505,#421,.T.);
#2184=EDGE_CURVE('',#2505,#2502,#422,.T.);
#2185=EDGE_CURVE('',#2503,#2410,#423,.T.);
#2186=EDGE_CURVE('',#2411,#2504,#424,.T.);
#2187=EDGE_CURVE('',#2412,#2505,#425,.T.);
#2188=EDGE_CURVE('',#2502,#2413,#426,.T.);
#2189=EDGE_CURVE('',#2497,#2438,#427,.T.);
#2190=EDGE_CURVE('',#2496,#2437,#428,.T.);
#2191=EDGE_CURVE('',#2431,#2500,#429,.T.);
#2192=EDGE_CURVE('',#2353,#2372,#430,.T.);
#2193=EDGE_CURVE('',#2352,#2373,#431,.T.);
#2194=VERTEX_POINT('',#5421);
#2195=VERTEX_POINT('',#5423);
#2196=VERTEX_POINT('',#5424);
#2197=VERTEX_POINT('',#5426);
#2198=VERTEX_POINT('',#5428);
#2199=VERTEX_POINT('',#5430);
#2200=VERTEX_POINT('',#5432);
#2201=VERTEX_POINT('',#5434);
#2202=VERTEX_POINT('',#5436);
#2203=VERTEX_POINT('',#5438);
#2204=VERTEX_POINT('',#5440);
#2205=VERTEX_POINT('',#5442);
#2206=VERTEX_POINT('',#5444);
#2207=VERTEX_POINT('',#5446);
#2208=VERTEX_POINT('',#5448);
#2209=VERTEX_POINT('',#5450);
#2210=VERTEX_POINT('',#5452);
#2211=VERTEX_POINT('',#5454);
#2212=VERTEX_POINT('',#5456);
#2213=VERTEX_POINT('',#5460);
#2214=VERTEX_POINT('',#5461);
#2215=VERTEX_POINT('',#5464);
#2216=VERTEX_POINT('',#5466);
#2217=VERTEX_POINT('',#5468);
#2218=VERTEX_POINT('',#5470);
#2219=VERTEX_POINT('',#5472);
#2220=VERTEX_POINT('',#5474);
#2221=VERTEX_POINT('',#5476);
#2222=VERTEX_POINT('',#5478);
#2223=VERTEX_POINT('',#5480);
#2224=VERTEX_POINT('',#5482);
#2225=VERTEX_POINT('',#5484);
#2226=VERTEX_POINT('',#5486);
#2227=VERTEX_POINT('',#5488);
#2228=VERTEX_POINT('',#5490);
#2229=VERTEX_POINT('',#5494);
#2230=VERTEX_POINT('',#5495);
#2231=VERTEX_POINT('',#5497);
#2232=VERTEX_POINT('',#5499);
#2233=VERTEX_POINT('',#5501);
#2234=VERTEX_POINT('',#5503);
#2235=VERTEX_POINT('',#5505);
#2236=VERTEX_POINT('',#5507);
#2237=VERTEX_POINT('',#5509);
#2238=VERTEX_POINT('',#5514);
#2239=VERTEX_POINT('',#5515);
#2240=VERTEX_POINT('',#5517);
#2241=VERTEX_POINT('',#5520);
#2242=VERTEX_POINT('',#5523);
#2243=VERTEX_POINT('',#5527);
#2244=VERTEX_POINT('',#5529);
#2245=VERTEX_POINT('',#5534);
#2246=VERTEX_POINT('',#5536);
#2247=VERTEX_POINT('',#5538);
#2248=VERTEX_POINT('',#5540);
#2249=VERTEX_POINT('',#5542);
#2250=VERTEX_POINT('',#5544);
#2251=VERTEX_POINT('',#5546);
#2252=VERTEX_POINT('',#5548);
#2253=VERTEX_POINT('',#5550);
#2254=VERTEX_POINT('',#5552);
#2255=VERTEX_POINT('',#5555);
#2256=VERTEX_POINT('',#5558);
#2257=VERTEX_POINT('',#5560);
#2258=VERTEX_POINT('',#5568);
#2259=VERTEX_POINT('',#5572);
#2260=VERTEX_POINT('',#5574);
#2261=VERTEX_POINT('',#5578);
#2262=VERTEX_POINT('',#5580);
#2263=VERTEX_POINT('',#5584);
#2264=VERTEX_POINT('',#5586);
#2265=VERTEX_POINT('',#5590);
#2266=VERTEX_POINT('',#5592);
#2267=VERTEX_POINT('',#5596);
#2268=VERTEX_POINT('',#5598);
#2269=VERTEX_POINT('',#5603);
#2270=VERTEX_POINT('',#5604);
#2271=VERTEX_POINT('',#5609);
#2272=VERTEX_POINT('',#5610);
#2273=VERTEX_POINT('',#5613);
#2274=VERTEX_POINT('',#5615);
#2275=VERTEX_POINT('',#5619);
#2276=VERTEX_POINT('',#5621);
#2277=VERTEX_POINT('',#5623);
#2278=VERTEX_POINT('',#5645);
#2279=VERTEX_POINT('',#5647);
#2280=VERTEX_POINT('',#5650);
#2281=VERTEX_POINT('',#5653);
#2282=VERTEX_POINT('',#5657);
#2283=VERTEX_POINT('',#5659);
#2284=VERTEX_POINT('',#5663);
#2285=VERTEX_POINT('',#5664);
#2286=VERTEX_POINT('',#5666);
#2287=VERTEX_POINT('',#5671);
#2288=VERTEX_POINT('',#5675);
#2289=VERTEX_POINT('',#5679);
#2290=VERTEX_POINT('',#5682);
#2291=VERTEX_POINT('',#5686);
#2292=VERTEX_POINT('',#5690);
#2293=VERTEX_POINT('',#5692);
#2294=VERTEX_POINT('',#5694);
#2295=VERTEX_POINT('',#5696);
#2296=VERTEX_POINT('',#5698);
#2297=VERTEX_POINT('',#5702);
#2298=VERTEX_POINT('',#5706);
#2299=VERTEX_POINT('',#5708);
#2300=VERTEX_POINT('',#5710);
#2301=VERTEX_POINT('',#5712);
#2302=VERTEX_POINT('',#5714);
#2303=VERTEX_POINT('',#5716);
#2304=VERTEX_POINT('',#5720);
#2305=VERTEX_POINT('',#5724);
#2306=VERTEX_POINT('',#5726);
#2307=VERTEX_POINT('',#5728);
#2308=VERTEX_POINT('',#5730);
#2309=VERTEX_POINT('',#5732);
#2310=VERTEX_POINT('',#5736);
#2311=VERTEX_POINT('',#5740);
#2312=VERTEX_POINT('',#5742);
#2313=VERTEX_POINT('',#5746);
#2314=VERTEX_POINT('',#5750);
#2315=VERTEX_POINT('',#5752);
#2316=VERTEX_POINT('',#5754);
#2317=VERTEX_POINT('',#5756);
#2318=VERTEX_POINT('',#5765);
#2319=VERTEX_POINT('',#5768);
#2320=VERTEX_POINT('',#5779);
#2321=VERTEX_POINT('',#5781);
#2322=VERTEX_POINT('',#5785);
#2323=VERTEX_POINT('',#5787);
#2324=VERTEX_POINT('',#5791);
#2325=VERTEX_POINT('',#5793);
#2326=VERTEX_POINT('',#5797);
#2327=VERTEX_POINT('',#5804);
#2328=VERTEX_POINT('',#5806);
#2329=VERTEX_POINT('',#5813);
#2330=VERTEX_POINT('',#5814);
#2331=VERTEX_POINT('',#5816);
#2332=VERTEX_POINT('',#5818);
#2333=VERTEX_POINT('',#5823);
#2334=VERTEX_POINT('',#5828);
#2335=VERTEX_POINT('',#5837);
#2336=VERTEX_POINT('',#5840);
#2337=VERTEX_POINT('',#5843);
#2338=VERTEX_POINT('',#5847);
#2339=VERTEX_POINT('',#5859);
#2340=VERTEX_POINT('',#5863);
#2341=VERTEX_POINT('',#5872);
#2342=VERTEX_POINT('',#5873);
#2343=VERTEX_POINT('',#5876);
#2344=VERTEX_POINT('',#5878);
#2345=VERTEX_POINT('',#5880);
#2346=VERTEX_POINT('',#5882);
#2347=VERTEX_POINT('',#5907);
#2348=VERTEX_POINT('',#5908);
#2349=VERTEX_POINT('',#5910);
#2350=VERTEX_POINT('',#5912);
#2351=VERTEX_POINT('',#5916);
#2352=VERTEX_POINT('',#5918);
#2353=VERTEX_POINT('',#5919);
#2354=VERTEX_POINT('',#5922);
#2355=VERTEX_POINT('',#5924);
#2356=VERTEX_POINT('',#5926);
#2357=VERTEX_POINT('',#5928);
#2358=VERTEX_POINT('',#5930);
#2359=VERTEX_POINT('',#5932);
#2360=VERTEX_POINT('',#5934);
#2361=VERTEX_POINT('',#5936);
#2362=VERTEX_POINT('',#5938);
#2363=VERTEX_POINT('',#5940);
#2364=VERTEX_POINT('',#5942);
#2365=VERTEX_POINT('',#5944);
#2366=VERTEX_POINT('',#5946);
#2367=VERTEX_POINT('',#5948);
#2368=VERTEX_POINT('',#5950);
#2369=VERTEX_POINT('',#5952);
#2370=VERTEX_POINT('',#5954);
#2371=VERTEX_POINT('',#5956);
#2372=VERTEX_POINT('',#5960);
#2373=VERTEX_POINT('',#5962);
#2374=VERTEX_POINT('',#5964);
#2375=VERTEX_POINT('',#5966);
#2376=VERTEX_POINT('',#5968);
#2377=VERTEX_POINT('',#5970);
#2378=VERTEX_POINT('',#5972);
#2379=VERTEX_POINT('',#5974);
#2380=VERTEX_POINT('',#5976);
#2381=VERTEX_POINT('',#5978);
#2382=VERTEX_POINT('',#5980);
#2383=VERTEX_POINT('',#5982);
#2384=VERTEX_POINT('',#5984);
#2385=VERTEX_POINT('',#5986);
#2386=VERTEX_POINT('',#5988);
#2387=VERTEX_POINT('',#5990);
#2388=VERTEX_POINT('',#5992);
#2389=VERTEX_POINT('',#5994);
#2390=VERTEX_POINT('',#5996);
#2391=VERTEX_POINT('',#5998);
#2392=VERTEX_POINT('',#6000);
#2393=VERTEX_POINT('',#6002);
#2394=VERTEX_POINT('',#6004);
#2395=VERTEX_POINT('',#6006);
#2396=VERTEX_POINT('',#6008);
#2397=VERTEX_POINT('',#6010);
#2398=VERTEX_POINT('',#6012);
#2399=VERTEX_POINT('',#6014);
#2400=VERTEX_POINT('',#6016);
#2401=VERTEX_POINT('',#6018);
#2402=VERTEX_POINT('',#6020);
#2403=VERTEX_POINT('',#6022);
#2404=VERTEX_POINT('',#6024);
#2405=VERTEX_POINT('',#6026);
#2406=VERTEX_POINT('',#6028);
#2407=VERTEX_POINT('',#6030);
#2408=VERTEX_POINT('',#6032);
#2409=VERTEX_POINT('',#6034);
#2410=VERTEX_POINT('',#6036);
#2411=VERTEX_POINT('',#6038);
#2412=VERTEX_POINT('',#6040);
#2413=VERTEX_POINT('',#6042);
#2414=VERTEX_POINT('',#6044);
#2415=VERTEX_POINT('',#6046);
#2416=VERTEX_POINT('',#6048);
#2417=VERTEX_POINT('',#6055);
#2418=VERTEX_POINT('',#6057);
#2419=VERTEX_POINT('',#6065);
#2420=VERTEX_POINT('',#6067);
#2421=VERTEX_POINT('',#6075);
#2422=VERTEX_POINT('',#6077);
#2423=VERTEX_POINT('',#6082);
#2424=VERTEX_POINT('',#6086);
#2425=VERTEX_POINT('',#6087);
#2426=VERTEX_POINT('',#6090);
#2427=VERTEX_POINT('',#6094);
#2428=VERTEX_POINT('',#6095);
#2429=VERTEX_POINT('',#6097);
#2430=VERTEX_POINT('',#6099);
#2431=VERTEX_POINT('',#6160);
#2432=VERTEX_POINT('',#6161);
#2433=VERTEX_POINT('',#6164);
#2434=VERTEX_POINT('',#6172);
#2435=VERTEX_POINT('',#6174);
#2436=VERTEX_POINT('',#6176);
#2437=VERTEX_POINT('',#6180);
#2438=VERTEX_POINT('',#6182);
#2439=VERTEX_POINT('',#6187);
#2440=VERTEX_POINT('',#6189);
#2441=VERTEX_POINT('',#6190);
#2442=VERTEX_POINT('',#6192);
#2443=VERTEX_POINT('',#6194);
#2444=VERTEX_POINT('',#6198);
#2445=VERTEX_POINT('',#6199);
#2446=VERTEX_POINT('',#6204);
#2447=VERTEX_POINT('',#6206);
#2448=VERTEX_POINT('',#6208);
#2449=VERTEX_POINT('',#6210);
#2450=VERTEX_POINT('',#6214);
#2451=VERTEX_POINT('',#6218);
#2452=VERTEX_POINT('',#6219);
#2453=VERTEX_POINT('',#6221);
#2454=VERTEX_POINT('',#6224);
#2455=VERTEX_POINT('',#6226);
#2456=VERTEX_POINT('',#6228);
#2457=VERTEX_POINT('',#6234);
#2458=VERTEX_POINT('',#6236);
#2459=VERTEX_POINT('',#6243);
#2460=VERTEX_POINT('',#6245);
#2461=VERTEX_POINT('',#6247);
#2462=VERTEX_POINT('',#6249);
#2463=VERTEX_POINT('',#6251);
#2464=VERTEX_POINT('',#6253);
#2465=VERTEX_POINT('',#6255);
#2466=VERTEX_POINT('',#6257);
#2467=VERTEX_POINT('',#6259);
#2468=VERTEX_POINT('',#6264);
#2469=VERTEX_POINT('',#6267);
#2470=VERTEX_POINT('',#6269);
#2471=VERTEX_POINT('',#6272);
#2472=VERTEX_POINT('',#6274);
#2473=VERTEX_POINT('',#6283);
#2474=VERTEX_POINT('',#6285);
#2475=VERTEX_POINT('',#6291);
#2476=VERTEX_POINT('',#6293);
#2477=VERTEX_POINT('',#6302);
#2478=VERTEX_POINT('',#6304);
#2479=VERTEX_POINT('',#6313);
#2480=VERTEX_POINT('',#6315);
#2481=VERTEX_POINT('',#6319);
#2482=VERTEX_POINT('',#6323);
#2483=VERTEX_POINT('',#6329);
#2484=VERTEX_POINT('',#6333);
#2485=VERTEX_POINT('',#6337);
#2486=VERTEX_POINT('',#6341);
#2487=VERTEX_POINT('',#6347);
#2488=VERTEX_POINT('',#6348);
#2489=VERTEX_POINT('',#6350);
#2490=VERTEX_POINT('',#6353);
#2491=VERTEX_POINT('',#6361);
#2492=VERTEX_POINT('',#6363);
#2493=VERTEX_POINT('',#6367);
#2494=VERTEX_POINT('',#6394);
#2495=VERTEX_POINT('',#6396);
#2496=VERTEX_POINT('',#6400);
#2497=VERTEX_POINT('',#6402);
#2498=VERTEX_POINT('',#6406);
#2499=VERTEX_POINT('',#6407);
#2500=VERTEX_POINT('',#6409);
#2501=VERTEX_POINT('',#6411);
#2502=VERTEX_POINT('',#6420);
#2503=VERTEX_POINT('',#6423);
#2504=VERTEX_POINT('',#6427);
#2505=VERTEX_POINT('',#6431);
#2506=CIRCLE('',#4255,0.0016);
#2507=CIRCLE('',#4257,0.033);
#2508=CIRCLE('',#4258,0.033);
#2509=CIRCLE('',#4259,0.002);
#2510=CIRCLE('',#4260,0.033);
#2511=CIRCLE('',#4262,0.005);
#2512=CIRCLE('',#4264,0.001);
#2513=CIRCLE('',#4266,0.005);
#2514=CIRCLE('',#4267,0.005);
#2515=CIRCLE('',#4269,0.0016);
#2516=CIRCLE('',#4272,0.003);
#2517=CIRCLE('',#4274,0.002);
#2518=CIRCLE('',#4277,0.001);
#2519=CIRCLE('',#4278,0.001);
#2520=CIRCLE('',#4281,0.001);
#2521=CIRCLE('',#4282,0.001);
#2522=CIRCLE('',#4285,0.001);
#2523=CIRCLE('',#4288,0.002);
#2524=CIRCLE('',#4289,0.0036);
#2525=CIRCLE('',#4291,0.0016);
#2526=CIRCLE('',#4293,0.0016);
#2527=CIRCLE('',#4296,0.002);
#2528=CIRCLE('',#4297,0.0036);
#2529=CIRCLE('',#4301,0.033);
#2530=CIRCLE('',#4303,0.033);
#2531=CIRCLE('',#4305,0.033);
#2532=CIRCLE('',#4307,0.00125);
#2533=CIRCLE('',#4308,0.001);
#2534=CIRCLE('',#4311,0.002);
#2535=CIRCLE('',#4312,0.001);
#2536=CIRCLE('',#4313,0.002);
#2537=CIRCLE('',#4316,0.0036);
#2538=CIRCLE('',#4319,0.002);
#2539=CIRCLE('',#4320,0.0036);
#2540=CIRCLE('',#4323,0.0036);
#2541=CIRCLE('',#4324,0.002);
#2542=CIRCLE('',#4325,0.005);
#2543=CIRCLE('',#4330,0.003);
#2544=CIRCLE('',#4338,0.002);
#2545=CIRCLE('',#4339,0.002);
#2546=CIRCLE('',#4342,0.002);
#2547=CIRCLE('',#4343,0.002);
#2548=CIRCLE('',#4346,0.0013);
#2549=CIRCLE('',#4347,0.0013);
#2550=CIRCLE('',#4349,0.0036);
#2551=CIRCLE('',#4351,0.003);
#2552=CIRCLE('',#4353,0.002);
#2553=CIRCLE('',#4354,0.002);
#2554=CIRCLE('',#4357,0.002);
#2555=CIRCLE('',#4361,0.00125);
#2556=CIRCLE('',#4366,0.002);
#2557=CIRCLE('',#4368,0.002);
#2558=CIRCLE('',#4369,0.002);
#2559=CIRCLE('',#4371,0.003);
#2560=CIRCLE('',#4374,0.0036);
#2561=CIRCLE('',#4385,0.002);
#2562=CIRCLE('',#4386,0.002);
#2563=CIRCLE('',#4388,0.001);
#2564=CIRCLE('',#4390,0.001);
#2565=CIRCLE('',#4392,0.001);
#2566=CIRCLE('',#4394,0.001);
#2567=CIRCLE('',#4405,0.0016);
#2568=CIRCLE('',#4407,0.002);
#2569=CIRCLE('',#4408,0.002);
#2570=CIRCLE('',#4409,0.0041);
#2571=CIRCLE('',#4410,0.0041);
#2572=CIRCLE('',#4412,0.033);
#2573=CIRCLE('',#4414,0.005);
#2574=CIRCLE('',#4416,0.033);
#2575=CIRCLE('',#4417,0.033);
#2576=CIRCLE('',#4420,0.033);
#2577=CIRCLE('',#4424,0.001);
#2578=CIRCLE('',#4425,0.0021);
#2579=CIRCLE('',#4430,0.005);
#2580=CIRCLE('',#4434,0.005);
#2581=CIRCLE('',#4437,0.0016);
#2582=CIRCLE('',#4439,0.0016);
#2583=CIRCLE('',#4440,0.0016);
#2584=CIRCLE('',#4444,0.005);
#2585=CIRCLE('',#4448,0.00325);
#2586=CIRCLE('',#4449,0.00325);
#2587=CIRCLE('',#4450,0.00325);
#2588=CIRCLE('',#4456,0.002);
#2589=CIRCLE('',#4458,0.002);
#2590=CIRCLE('',#4459,0.002);
#2591=CIRCLE('',#4461,0.002);
#2592=CIRCLE('',#4463,0.002);
#2593=CIRCLE('',#4471,0.002);
#2594=CIRCLE('',#4472,0.002);
#2595=CIRCLE('',#4477,0.001);
#2596=CIRCLE('',#4499,0.0021);
#2597=CIRCLE('',#4500,0.0021);
#2598=EDGE_LOOP('',(#799));
#2599=EDGE_LOOP('',(#800,#801,#802,#803,#804,#805,#806,#807,#808,#809,#810,
#811,#812,#813,#814,#815,#816,#817));
#2600=EDGE_LOOP('',(#818,#819,#820,#821,#822,#823,#824,#825,#826,#827,#828,
#829,#830,#831,#832,#833,#834,#835));
#2601=EDGE_LOOP('',(#836,#837,#838,#839,#840,#841,#842,#843,#844,#845,#846));
#2602=EDGE_LOOP('',(#847,#848,#849,#850,#851,#852,#853,#854,#855));
#2603=EDGE_LOOP('',(#856,#857,#858,#859));
#2604=EDGE_LOOP('',(#860,#861,#862,#863,#864,#865,#866,#867,#868,#869,#870,
#871,#872,#873));
#2605=EDGE_LOOP('',(#874));
#2606=EDGE_LOOP('',(#875,#876,#877,#878,#879));
#2607=EDGE_LOOP('',(#880,#881,#882,#883,#884,#885,#886));
#2608=EDGE_LOOP('',(#887,#888,#889,#890));
#2609=EDGE_LOOP('',(#891,#892,#893,#894,#895));
#2610=EDGE_LOOP('',(#896,#897,#898,#899));
#2611=EDGE_LOOP('',(#900,#901,#902,#903));
#2612=EDGE_LOOP('',(#904,#905,#906,#907));
#2613=EDGE_LOOP('',(#908,#909,#910,#911,#912,#913));
#2614=EDGE_LOOP('',(#914,#915,#916,#917,#918));
#2615=EDGE_LOOP('',(#919,#920,#921,#922,#923,#924));
#2616=EDGE_LOOP('',(#925,#926,#927,#928,#929,#930,#931));
#2617=EDGE_LOOP('',(#932));
#2618=EDGE_LOOP('',(#933));
#2619=EDGE_LOOP('',(#934));
#2620=EDGE_LOOP('',(#935));
#2621=EDGE_LOOP('',(#936));
#2622=EDGE_LOOP('',(#937,#938,#939,#940));
#2623=EDGE_LOOP('',(#941));
#2624=EDGE_LOOP('',(#942,#943,#944,#945));
#2625=EDGE_LOOP('',(#946,#947,#948,#949,#950,#951));
#2626=EDGE_LOOP('',(#952,#953,#954,#955));
#2627=EDGE_LOOP('',(#956,#957,#958,#959));
#2628=EDGE_LOOP('',(#960,#961,#962,#963,#964,#965,#966,#967));
#2629=EDGE_LOOP('',(#968,#969,#970,#971));
#2630=EDGE_LOOP('',(#972));
#2631=EDGE_LOOP('',(#973,#974,#975,#976,#977,#978,#979));
#2632=EDGE_LOOP('',(#980,#981,#982,#983));
#2633=EDGE_LOOP('',(#984));
#2634=EDGE_LOOP('',(#985,#986,#987,#988,#989,#990,#991,#992));
#2635=EDGE_LOOP('',(#993,#994,#995,#996));
#2636=EDGE_LOOP('',(#997,#998,#999,#1000,#1001,#1002,#1003,#1004));
#2637=EDGE_LOOP('',(#1005,#1006,#1007,#1008));
#2638=EDGE_LOOP('',(#1009));
#2639=EDGE_LOOP('',(#1010,#1011,#1012,#1013));
#2640=EDGE_LOOP('',(#1014,#1015,#1016,#1017));
#2641=EDGE_LOOP('',(#1018,#1019,#1020,#1021,#1022,#1023,#1024));
#2642=EDGE_LOOP('',(#1025,#1026,#1027,#1028));
#2643=EDGE_LOOP('',(#1029,#1030,#1031,#1032));
#2644=EDGE_LOOP('',(#1033,#1034,#1035,#1036));
#2645=EDGE_LOOP('',(#1037));
#2646=EDGE_LOOP('',(#1038));
#2647=EDGE_LOOP('',(#1039,#1040,#1041,#1042));
#2648=EDGE_LOOP('',(#1043,#1044,#1045,#1046));
#2649=EDGE_LOOP('',(#1047,#1048,#1049,#1050,#1051,#1052,#1053,#1054,#1055,
#1056));
#2650=EDGE_LOOP('',(#1057,#1058,#1059,#1060));
#2651=EDGE_LOOP('',(#1061,#1062,#1063,#1064));
#2652=EDGE_LOOP('',(#1065,#1066,#1067,#1068,#1069,#1070,#1071,#1072,#1073,
#1074));
#2653=EDGE_LOOP('',(#1075,#1076,#1077,#1078));
#2654=EDGE_LOOP('',(#1079,#1080,#1081,#1082));
#2655=EDGE_LOOP('',(#1083,#1084,#1085,#1086,#1087));
#2656=EDGE_LOOP('',(#1088,#1089,#1090,#1091));
#2657=EDGE_LOOP('',(#1092));
#2658=EDGE_LOOP('',(#1093));
#2659=EDGE_LOOP('',(#1094,#1095,#1096,#1097,#1098));
#2660=EDGE_LOOP('',(#1099));
#2661=EDGE_LOOP('',(#1100,#1101));
#2662=EDGE_LOOP('',(#1102,#1103,#1104,#1105));
#2663=EDGE_LOOP('',(#1106));
#2664=EDGE_LOOP('',(#1107));
#2665=EDGE_LOOP('',(#1108));
#2666=EDGE_LOOP('',(#1109));
#2667=EDGE_LOOP('',(#1110));
#2668=EDGE_LOOP('',(#1111));
#2669=EDGE_LOOP('',(#1112,#1113,#1114,#1115,#1116));
#2670=EDGE_LOOP('',(#1117,#1118,#1119));
#2671=EDGE_LOOP('',(#1120));
#2672=EDGE_LOOP('',(#1121));
#2673=EDGE_LOOP('',(#1122,#1123,#1124,#1125,#1126));
#2674=EDGE_LOOP('',(#1127,#1128,#1129,#1130));
#2675=EDGE_LOOP('',(#1131,#1132,#1133,#1134));
#2676=EDGE_LOOP('',(#1135));
#2677=EDGE_LOOP('',(#1136));
#2678=EDGE_LOOP('',(#1137,#1138,#1139,#1140,#1141,#1142));
#2679=EDGE_LOOP('',(#1143,#1144,#1145,#1146,#1147,#1148));
#2680=EDGE_LOOP('',(#1149,#1150,#1151,#1152,#1153));
#2681=EDGE_LOOP('',(#1154,#1155,#1156,#1157,#1158,#1159));
#2682=EDGE_LOOP('',(#1160,#1161,#1162,#1163));
#2683=EDGE_LOOP('',(#1164,#1165,#1166,#1167));
#2684=EDGE_LOOP('',(#1168));
#2685=EDGE_LOOP('',(#1169));
#2686=EDGE_LOOP('',(#1170,#1171,#1172));
#2687=EDGE_LOOP('',(#1173,#1174,#1175,#1176));
#2688=EDGE_LOOP('',(#1177,#1178,#1179));
#2689=EDGE_LOOP('',(#1180,#1181,#1182,#1183));
#2690=EDGE_LOOP('',(#1184));
#2691=EDGE_LOOP('',(#1185));
#2692=EDGE_LOOP('',(#1186,#1187,#1188,#1189));
#2693=EDGE_LOOP('',(#1190,#1191,#1192,#1193,#1194,#1195,#1196,#1197,#1198,
#1199));
#2694=EDGE_LOOP('',(#1200,#1201,#1202,#1203));
#2695=EDGE_LOOP('',(#1204,#1205,#1206,#1207));
#2696=EDGE_LOOP('',(#1208,#1209,#1210,#1211));
#2697=EDGE_LOOP('',(#1212,#1213,#1214,#1215));
#2698=EDGE_LOOP('',(#1216,#1217,#1218,#1219));
#2699=EDGE_LOOP('',(#1220,#1221,#1222,#1223,#1224,#1225));
#2700=EDGE_LOOP('',(#1226));
#2701=EDGE_LOOP('',(#1227,#1228,#1229,#1230,#1231,#1232,#1233,#1234,#1235,
#1236));
#2702=EDGE_LOOP('',(#1237,#1238,#1239,#1240));
#2703=EDGE_LOOP('',(#1241,#1242,#1243,#1244));
#2704=EDGE_LOOP('',(#1245,#1246,#1247,#1248));
#2705=EDGE_LOOP('',(#1249,#1250,#1251,#1252));
#2706=EDGE_LOOP('',(#1253,#1254,#1255,#1256));
#2707=EDGE_LOOP('',(#1257));
#2708=EDGE_LOOP('',(#1258,#1259,#1260,#1261,#1262,#1263,#1264,#1265,#1266,
#1267,#1268,#1269,#1270,#1271,#1272,#1273,#1274,#1275,#1276,#1277,#1278,
#1279));
#2709=EDGE_LOOP('',(#1280,#1281,#1282,#1283,#1284,#1285,#1286,#1287,#1288,
#1289,#1290,#1291,#1292,#1293,#1294,#1295,#1296,#1297,#1298,#1299,#1300,
#1301,#1302,#1303,#1304,#1305,#1306,#1307,#1308,#1309,#1310,#1311,#1312,
#1313,#1314,#1315,#1316,#1317,#1318,#1319,#1320,#1321,#1322,#1323,#1324,
#1325,#1326));
#2710=EDGE_LOOP('',(#1327,#1328,#1329,#1330,#1331,#1332,#1333,#1334,#1335,
#1336,#1337,#1338,#1339));
#2711=EDGE_LOOP('',(#1340,#1341,#1342,#1343,#1344));
#2712=EDGE_LOOP('',(#1345,#1346,#1347,#1348));
#2713=EDGE_LOOP('',(#1349,#1350,#1351,#1352));
#2714=EDGE_LOOP('',(#1353,#1354,#1355,#1356,#1357,#1358));
#2715=EDGE_LOOP('',(#1359,#1360,#1361,#1362));
#2716=EDGE_LOOP('',(#1363,#1364,#1365,#1366,#1367,#1368,#1369,#1370,#1371,
#1372));
#2717=EDGE_LOOP('',(#1373,#1374,#1375,#1376,#1377,#1378,#1379));
#2718=EDGE_LOOP('',(#1380));
#2719=EDGE_LOOP('',(#1381,#1382,#1383,#1384));
#2720=EDGE_LOOP('',(#1385,#1386,#1387,#1388));
#2721=EDGE_LOOP('',(#1389,#1390,#1391,#1392,#1393,#1394,#1395));
#2722=EDGE_LOOP('',(#1396,#1397,#1398,#1399));
#2723=EDGE_LOOP('',(#1400,#1401,#1402,#1403,#1404,#1405,#1406,#1407,#1408));
#2724=EDGE_LOOP('',(#1409,#1410,#1411,#1412));
#2725=EDGE_LOOP('',(#1413,#1414,#1415,#1416));
#2726=EDGE_LOOP('',(#1417,#1418,#1419,#1420,#1421));
#2727=EDGE_LOOP('',(#1422,#1423,#1424,#1425,#1426,#1427,#1428,#1429,#1430,
#1431,#1432,#1433,#1434,#1435));
#2728=EDGE_LOOP('',(#1436));
#2729=EDGE_LOOP('',(#1437));
#2730=EDGE_LOOP('',(#1438));
#2731=EDGE_LOOP('',(#1439));
#2732=EDGE_LOOP('',(#1440,#1441,#1442,#1443,#1444,#1445));
#2733=EDGE_LOOP('',(#1446,#1447,#1448,#1449));
#2734=EDGE_LOOP('',(#1450,#1451,#1452,#1453));
#2735=EDGE_LOOP('',(#1454,#1455,#1456,#1457));
#2736=EDGE_LOOP('',(#1458,#1459,#1460,#1461));
#2737=EDGE_LOOP('',(#1462,#1463,#1464,#1465,#1466));
#2738=EDGE_LOOP('',(#1467,#1468,#1469,#1470));
#2739=EDGE_LOOP('',(#1471,#1472,#1473,#1474,#1475,#1476));
#2740=EDGE_LOOP('',(#1477,#1478,#1479,#1480));
#2741=EDGE_LOOP('',(#1481,#1482,#1483,#1484));
#2742=EDGE_LOOP('',(#1485,#1486,#1487));
#2743=EDGE_LOOP('',(#1488,#1489,#1490,#1491,#1492));
#2744=EDGE_LOOP('',(#1493));
#2745=EDGE_LOOP('',(#1494,#1495,#1496,#1497,#1498,#1499));
#2746=EDGE_LOOP('',(#1500,#1501,#1502,#1503));
#2747=EDGE_LOOP('',(#1504,#1505,#1506,#1507,#1508));
#2748=EDGE_LOOP('',(#1509,#1510,#1511,#1512));
#2749=EDGE_LOOP('',(#1513,#1514,#1515,#1516));
#2750=EDGE_LOOP('',(#1517,#1518,#1519,#1520));
#2751=EDGE_LOOP('',(#1521,#1522,#1523,#1524));
#2752=EDGE_LOOP('',(#1525,#1526,#1527,#1528));
#2753=EDGE_LOOP('',(#1529));
#2754=EDGE_LOOP('',(#1530,#1531,#1532,#1533,#1534,#1535));
#2755=EDGE_LOOP('',(#1536,#1537,#1538,#1539,#1540,#1541,#1542,#1543));
#2756=EDGE_LOOP('',(#1544,#1545,#1546,#1547));
#2757=EDGE_LOOP('',(#1548,#1549,#1550,#1551));
#2758=EDGE_LOOP('',(#1552));
#2759=EDGE_LOOP('',(#1553,#1554,#1555,#1556));
#2760=EDGE_LOOP('',(#1557,#1558,#1559,#1560,#1561));
#2761=EDGE_LOOP('',(#1562));
#2762=EDGE_LOOP('',(#1563));
#2763=EDGE_LOOP('',(#1564,#1565,#1566,#1567));
#2764=EDGE_LOOP('',(#1568,#1569,#1570,#1571,#1572,#1573,#1574,#1575,#1576,
#1577,#1578));
#2765=EDGE_LOOP('',(#1579));
#2766=EDGE_LOOP('',(#1580,#1581,#1582,#1583));
#2767=EDGE_LOOP('',(#1584,#1585,#1586,#1587));
#2768=EDGE_LOOP('',(#1588,#1589,#1590,#1591));
#2769=EDGE_LOOP('',(#1592,#1593,#1594,#1595,#1596));
#2770=EDGE_LOOP('',(#1597,#1598,#1599,#1600));
#2771=EDGE_LOOP('',(#1601,#1602,#1603,#1604,#1605,#1606,#1607,#1608));
#2772=EDGE_LOOP('',(#1609,#1610,#1611,#1612));
#2773=EDGE_LOOP('',(#1613,#1614,#1615,#1616));
#2774=EDGE_LOOP('',(#1617,#1618,#1619,#1620));
#2775=EDGE_LOOP('',(#1621,#1622,#1623,#1624));
#2776=EDGE_LOOP('',(#1625,#1626,#1627,#1628));
#2777=EDGE_LOOP('',(#1629,#1630,#1631,#1632));
#2778=EDGE_LOOP('',(#1633,#1634,#1635,#1636));
#2779=EDGE_LOOP('',(#1637,#1638,#1639,#1640));
#2780=EDGE_LOOP('',(#1641,#1642,#1643,#1644,#1645));
#2781=EDGE_LOOP('',(#1646,#1647,#1648,#1649,#1650,#1651,#1652,#1653));
#2782=EDGE_LOOP('',(#1654,#1655,#1656,#1657));
#2783=EDGE_LOOP('',(#1658,#1659,#1660,#1661));
#2784=EDGE_LOOP('',(#1662,#1663,#1664,#1665));
#2785=EDGE_LOOP('',(#1666,#1667,#1668,#1669));
#2786=EDGE_LOOP('',(#1670,#1671,#1672,#1673));
#2787=EDGE_LOOP('',(#1674,#1675,#1676,#1677));
#2788=EDGE_LOOP('',(#1678,#1679,#1680,#1681));
#2789=EDGE_LOOP('',(#1682,#1683,#1684,#1685));
#2790=EDGE_LOOP('',(#1686,#1687,#1688,#1689,#1690));
#2791=EDGE_LOOP('',(#1691,#1692,#1693,#1694));
#2792=EDGE_LOOP('',(#1695,#1696,#1697,#1698,#1699));
#2793=EDGE_LOOP('',(#1700,#1701,#1702,#1703));
#2794=EDGE_LOOP('',(#1704,#1705,#1706,#1707));
#2795=EDGE_LOOP('',(#1708,#1709,#1710,#1711));
#2796=EDGE_LOOP('',(#1712,#1713,#1714,#1715));
#2797=EDGE_LOOP('',(#1716,#1717,#1718,#1719));
#2798=EDGE_LOOP('',(#1720,#1721,#1722,#1723));
#2799=EDGE_LOOP('',(#1724,#1725,#1726,#1727,#1728));
#2800=FACE_BOUND('',#2598,.T.);
#2801=FACE_BOUND('',#2599,.T.);
#2802=FACE_BOUND('',#2600,.T.);
#2803=FACE_BOUND('',#2601,.T.);
#2804=FACE_BOUND('',#2602,.T.);
#2805=FACE_BOUND('',#2603,.T.);
#2806=FACE_BOUND('',#2604,.T.);
#2807=FACE_BOUND('',#2605,.T.);
#2808=FACE_BOUND('',#2606,.T.);
#2809=FACE_BOUND('',#2607,.T.);
#2810=FACE_BOUND('',#2608,.T.);
#2811=FACE_BOUND('',#2609,.T.);
#2812=FACE_BOUND('',#2610,.T.);
#2813=FACE_BOUND('',#2611,.T.);
#2814=FACE_BOUND('',#2612,.T.);
#2815=FACE_BOUND('',#2613,.T.);
#2816=FACE_BOUND('',#2614,.T.);
#2817=FACE_BOUND('',#2615,.T.);
#2818=FACE_BOUND('',#2616,.T.);
#2819=FACE_BOUND('',#2617,.T.);
#2820=FACE_BOUND('',#2618,.T.);
#2821=FACE_BOUND('',#2619,.T.);
#2822=FACE_BOUND('',#2620,.T.);
#2823=FACE_BOUND('',#2621,.T.);
#2824=FACE_BOUND('',#2622,.T.);
#2825=FACE_BOUND('',#2623,.T.);
#2826=FACE_BOUND('',#2624,.T.);
#2827=FACE_BOUND('',#2625,.T.);
#2828=FACE_BOUND('',#2626,.T.);
#2829=FACE_BOUND('',#2627,.T.);
#2830=FACE_BOUND('',#2628,.T.);
#2831=FACE_BOUND('',#2629,.T.);
#2832=FACE_BOUND('',#2630,.T.);
#2833=FACE_BOUND('',#2631,.T.);
#2834=FACE_BOUND('',#2632,.T.);
#2835=FACE_BOUND('',#2633,.T.);
#2836=FACE_BOUND('',#2634,.T.);
#2837=FACE_BOUND('',#2635,.T.);
#2838=FACE_BOUND('',#2636,.T.);
#2839=FACE_BOUND('',#2637,.T.);
#2840=FACE_BOUND('',#2638,.T.);
#2841=FACE_BOUND('',#2639,.T.);
#2842=FACE_BOUND('',#2640,.T.);
#2843=FACE_BOUND('',#2641,.T.);
#2844=FACE_BOUND('',#2642,.T.);
#2845=FACE_BOUND('',#2643,.T.);
#2846=FACE_BOUND('',#2644,.T.);
#2847=FACE_BOUND('',#2645,.T.);
#2848=FACE_BOUND('',#2646,.T.);
#2849=FACE_BOUND('',#2647,.T.);
#2850=FACE_BOUND('',#2648,.T.);
#2851=FACE_BOUND('',#2649,.T.);
#2852=FACE_BOUND('',#2650,.T.);
#2853=FACE_BOUND('',#2651,.T.);
#2854=FACE_BOUND('',#2652,.T.);
#2855=FACE_BOUND('',#2653,.T.);
#2856=FACE_BOUND('',#2654,.T.);
#2857=FACE_BOUND('',#2655,.T.);
#2858=FACE_BOUND('',#2656,.T.);
#2859=FACE_BOUND('',#2657,.T.);
#2860=FACE_BOUND('',#2658,.T.);
#2861=FACE_BOUND('',#2659,.T.);
#2862=FACE_BOUND('',#2660,.T.);
#2863=FACE_BOUND('',#2661,.T.);
#2864=FACE_BOUND('',#2662,.T.);
#2865=FACE_BOUND('',#2663,.T.);
#2866=FACE_BOUND('',#2664,.T.);
#2867=FACE_BOUND('',#2665,.T.);
#2868=FACE_BOUND('',#2666,.T.);
#2869=FACE_BOUND('',#2667,.T.);
#2870=FACE_BOUND('',#2668,.T.);
#2871=FACE_BOUND('',#2669,.T.);
#2872=FACE_BOUND('',#2670,.T.);
#2873=FACE_BOUND('',#2671,.T.);
#2874=FACE_BOUND('',#2672,.T.);
#2875=FACE_BOUND('',#2673,.T.);
#2876=FACE_BOUND('',#2674,.T.);
#2877=FACE_BOUND('',#2675,.T.);
#2878=FACE_BOUND('',#2676,.T.);
#2879=FACE_BOUND('',#2677,.T.);
#2880=FACE_BOUND('',#2678,.T.);
#2881=FACE_BOUND('',#2679,.T.);
#2882=FACE_BOUND('',#2680,.T.);
#2883=FACE_BOUND('',#2681,.T.);
#2884=FACE_BOUND('',#2682,.T.);
#2885=FACE_BOUND('',#2683,.T.);
#2886=FACE_BOUND('',#2684,.T.);
#2887=FACE_BOUND('',#2685,.T.);
#2888=FACE_BOUND('',#2686,.T.);
#2889=FACE_BOUND('',#2687,.T.);
#2890=FACE_BOUND('',#2688,.T.);
#2891=FACE_BOUND('',#2689,.T.);
#2892=FACE_BOUND('',#2690,.T.);
#2893=FACE_BOUND('',#2691,.T.);
#2894=FACE_BOUND('',#2692,.T.);
#2895=FACE_BOUND('',#2693,.T.);
#2896=FACE_BOUND('',#2694,.T.);
#2897=FACE_BOUND('',#2695,.T.);
#2898=FACE_BOUND('',#2696,.T.);
#2899=FACE_BOUND('',#2697,.T.);
#2900=FACE_BOUND('',#2698,.T.);
#2901=FACE_BOUND('',#2699,.T.);
#2902=FACE_BOUND('',#2700,.T.);
#2903=FACE_BOUND('',#2701,.T.);
#2904=FACE_BOUND('',#2702,.T.);
#2905=FACE_BOUND('',#2703,.T.);
#2906=FACE_BOUND('',#2704,.T.);
#2907=FACE_BOUND('',#2705,.T.);
#2908=FACE_BOUND('',#2706,.T.);
#2909=FACE_BOUND('',#2707,.T.);
#2910=FACE_BOUND('',#2708,.T.);
#2911=FACE_BOUND('',#2709,.T.);
#2912=FACE_BOUND('',#2710,.T.);
#2913=FACE_BOUND('',#2711,.T.);
#2914=FACE_BOUND('',#2712,.T.);
#2915=FACE_BOUND('',#2713,.T.);
#2916=FACE_BOUND('',#2714,.T.);
#2917=FACE_BOUND('',#2715,.T.);
#2918=FACE_BOUND('',#2716,.T.);
#2919=FACE_BOUND('',#2717,.T.);
#2920=FACE_BOUND('',#2718,.T.);
#2921=FACE_BOUND('',#2719,.T.);
#2922=FACE_BOUND('',#2720,.T.);
#2923=FACE_BOUND('',#2721,.T.);
#2924=FACE_BOUND('',#2722,.T.);
#2925=FACE_BOUND('',#2723,.T.);
#2926=FACE_BOUND('',#2724,.T.);
#2927=FACE_BOUND('',#2725,.T.);
#2928=FACE_BOUND('',#2726,.T.);
#2929=FACE_BOUND('',#2727,.T.);
#2930=FACE_BOUND('',#2728,.T.);
#2931=FACE_BOUND('',#2729,.T.);
#2932=FACE_BOUND('',#2730,.T.);
#2933=FACE_BOUND('',#2731,.T.);
#2934=FACE_BOUND('',#2732,.T.);
#2935=FACE_BOUND('',#2733,.T.);
#2936=FACE_BOUND('',#2734,.T.);
#2937=FACE_BOUND('',#2735,.T.);
#2938=FACE_BOUND('',#2736,.T.);
#2939=FACE_BOUND('',#2737,.T.);
#2940=FACE_BOUND('',#2738,.T.);
#2941=FACE_BOUND('',#2739,.T.);
#2942=FACE_BOUND('',#2740,.T.);
#2943=FACE_BOUND('',#2741,.T.);
#2944=FACE_BOUND('',#2742,.T.);
#2945=FACE_BOUND('',#2743,.T.);
#2946=FACE_BOUND('',#2744,.T.);
#2947=FACE_BOUND('',#2745,.T.);
#2948=FACE_BOUND('',#2746,.T.);
#2949=FACE_BOUND('',#2747,.T.);
#2950=FACE_BOUND('',#2748,.T.);
#2951=FACE_BOUND('',#2749,.T.);
#2952=FACE_BOUND('',#2750,.T.);
#2953=FACE_BOUND('',#2751,.T.);
#2954=FACE_BOUND('',#2752,.T.);
#2955=FACE_BOUND('',#2753,.T.);
#2956=FACE_BOUND('',#2754,.T.);
#2957=FACE_BOUND('',#2755,.T.);
#2958=FACE_BOUND('',#2756,.T.);
#2959=FACE_BOUND('',#2757,.T.);
#2960=FACE_BOUND('',#10,.T.);
#2961=FACE_BOUND('',#2758,.T.);
#2962=FACE_BOUND('',#2759,.T.);
#2963=FACE_BOUND('',#2760,.T.);
#2964=FACE_BOUND('',#2761,.T.);
#2965=FACE_BOUND('',#2762,.T.);
#2966=FACE_BOUND('',#2763,.T.);
#2967=FACE_BOUND('',#2764,.T.);
#2968=FACE_BOUND('',#2765,.T.);
#2969=FACE_BOUND('',#2766,.T.);
#2970=FACE_BOUND('',#2767,.T.);
#2971=FACE_BOUND('',#2768,.T.);
#2972=FACE_BOUND('',#2769,.T.);
#2973=FACE_BOUND('',#2770,.T.);
#2974=FACE_BOUND('',#2771,.T.);
#2975=FACE_BOUND('',#2772,.T.);
#2976=FACE_BOUND('',#2773,.T.);
#2977=FACE_BOUND('',#2774,.T.);
#2978=FACE_BOUND('',#2775,.T.);
#2979=FACE_BOUND('',#2776,.T.);
#2980=FACE_BOUND('',#2777,.T.);
#2981=FACE_BOUND('',#2778,.T.);
#2982=FACE_BOUND('',#2779,.T.);
#2983=FACE_BOUND('',#2780,.T.);
#2984=FACE_BOUND('',#2781,.T.);
#2985=FACE_BOUND('',#2782,.T.);
#2986=FACE_BOUND('',#2783,.T.);
#2987=FACE_BOUND('',#2784,.T.);
#2988=FACE_BOUND('',#2785,.T.);
#2989=FACE_BOUND('',#2786,.T.);
#2990=FACE_BOUND('',#2787,.T.);
#2991=FACE_BOUND('',#2788,.T.);
#2992=FACE_BOUND('',#2789,.T.);
#2993=FACE_BOUND('',#2790,.T.);
#2994=FACE_BOUND('',#2791,.T.);
#2995=FACE_BOUND('',#2792,.T.);
#2996=FACE_BOUND('',#2793,.T.);
#2997=FACE_BOUND('',#2794,.T.);
#2998=FACE_BOUND('',#2795,.T.);
#2999=FACE_BOUND('',#2796,.T.);
#3000=FACE_BOUND('',#2797,.T.);
#3001=FACE_BOUND('',#2798,.T.);
#3002=FACE_BOUND('',#2799,.T.);
#3003=PLANE('',#4254);
#3004=PLANE('',#4256);
#3005=PLANE('',#4261);
#3006=PLANE('',#4263);
#3007=PLANE('',#4268);
#3008=PLANE('',#4270);
#3009=PLANE('',#4271);
#3010=PLANE('',#4275);
#3011=PLANE('',#4279);
#3012=PLANE('',#4283);
#3013=PLANE('',#4284);
#3014=PLANE('',#4286);
#3015=PLANE('',#4287);
#3016=PLANE('',#4294);
#3017=PLANE('',#4295);
#3018=PLANE('',#4298);
#3019=PLANE('',#4299);
#3020=PLANE('',#4300);
#3021=PLANE('',#4306);
#3022=PLANE('',#4309);
#3023=PLANE('',#4310);
#3024=PLANE('',#4314);
#3025=PLANE('',#4315);
#3026=PLANE('',#4317);
#3027=PLANE('',#4318);
#3028=PLANE('',#4321);
#3029=PLANE('',#4322);
#3030=PLANE('',#4327);
#3031=PLANE('',#4328);
#3032=PLANE('',#4331);
#3033=PLANE('',#4332);
#3034=PLANE('',#4333);
#3035=PLANE('',#4334);
#3036=PLANE('',#4335);
#3037=PLANE('',#4336);
#3038=PLANE('',#4340);
#3039=PLANE('',#4344);
#3040=PLANE('',#4350);
#3041=PLANE('',#4355);
#3042=PLANE('',#4358);
#3043=PLANE('',#4359);
#3044=PLANE('',#4362);
#3045=PLANE('',#4364);
#3046=PLANE('',#4370);
#3047=PLANE('',#4375);
#3048=PLANE('',#4376);
#3049=PLANE('',#4377);
#3050=PLANE('',#4378);
#3051=PLANE('',#4379);
#3052=PLANE('',#4380);
#3053=PLANE('',#4381);
#3054=PLANE('',#4382);
#3055=PLANE('',#4383);
#3056=PLANE('',#4384);
#3057=PLANE('',#4396);
#3058=PLANE('',#4397);
#3059=PLANE('',#4398);
#3060=PLANE('',#4399);
#3061=PLANE('',#4400);
#3062=PLANE('',#4401);
#3063=PLANE('',#4403);
#3064=PLANE('',#4404);
#3065=PLANE('',#4406);
#3066=PLANE('',#4411);
#3067=PLANE('',#4413);
#3068=PLANE('',#4418);
#3069=PLANE('',#4421);
#3070=PLANE('',#4422);
#3071=PLANE('',#4423);
#3072=PLANE('',#4426);
#3073=PLANE('',#4427);
#3074=PLANE('',#4428);
#3075=PLANE('',#4429);
#3076=PLANE('',#4431);
#3077=PLANE('',#4432);
#3078=PLANE('',#4433);
#3079=PLANE('',#4435);
#3080=PLANE('',#4441);
#3081=PLANE('',#4442);
#3082=PLANE('',#4445);
#3083=PLANE('',#4451);
#3084=PLANE('',#4452);
#3085=PLANE('',#4453);
#3086=PLANE('',#4454);
#3087=PLANE('',#4455);
#3088=PLANE('',#4460);
#3089=PLANE('',#4464);
#3090=PLANE('',#4465);
#3091=PLANE('',#4466);
#3092=PLANE('',#4467);
#3093=PLANE('',#4468);
#3094=PLANE('',#4469);
#3095=PLANE('',#4470);
#3096=PLANE('',#4473);
#3097=PLANE('',#4474);
#3098=PLANE('',#4478);
#3099=PLANE('',#4479);
#3100=PLANE('',#4481);
#3101=PLANE('',#4482);
#3102=PLANE('',#4483);
#3103=PLANE('',#4484);
#3104=PLANE('',#4485);
#3105=PLANE('',#4486);
#3106=PLANE('',#4487);
#3107=PLANE('',#4488);
#3108=PLANE('',#4490);
#3109=PLANE('',#4491);
#3110=PLANE('',#4492);
#3111=PLANE('',#4493);
#3112=PLANE('',#4494);
#3113=PLANE('',#4495);
#3114=PLANE('',#4496);
#3115=PLANE('',#4497);
#3116=PLANE('',#4501);
#3117=PLANE('',#4502);
#3118=PLANE('',#4503);
#3119=PLANE('',#4504);
#3120=PLANE('',#4506);
#3121=PLANE('',#4508);
#3122=PLANE('',#4509);
#3123=PLANE('',#4510);
#3124=PLANE('',#4511);
#3125=PLANE('',#4512);
#3126=PLANE('',#4513);
#3127=PLANE('',#4514);
#3128=PLANE('',#4515);
#3129=PLANE('',#4516);
#3130=PLANE('',#4517);
#3131=PLANE('',#4518);
#3132=OVER_RIDING_STYLED_ITEM('',(#3442),#3264,#3439);
#3133=OVER_RIDING_STYLED_ITEM('',(#3443),#3265,#3439);
#3134=OVER_RIDING_STYLED_ITEM('',(#3444),#3266,#3439);
#3135=OVER_RIDING_STYLED_ITEM('',(#3445),#3267,#3439);
#3136=OVER_RIDING_STYLED_ITEM('',(#3446),#3268,#3439);
#3137=OVER_RIDING_STYLED_ITEM('',(#3447),#3269,#3439);
#3138=OVER_RIDING_STYLED_ITEM('',(#3448),#3270,#3439);
#3139=OVER_RIDING_STYLED_ITEM('',(#3449),#3271,#3439);
#3140=OVER_RIDING_STYLED_ITEM('',(#3450),#3272,#3439);
#3141=OVER_RIDING_STYLED_ITEM('',(#3451),#3273,#3439);
#3142=OVER_RIDING_STYLED_ITEM('',(#3452),#3274,#3439);
#3143=OVER_RIDING_STYLED_ITEM('',(#3453),#3275,#3439);
#3144=OVER_RIDING_STYLED_ITEM('',(#3454),#3276,#3439);
#3145=OVER_RIDING_STYLED_ITEM('',(#3455),#3277,#3439);
#3146=OVER_RIDING_STYLED_ITEM('',(#3456),#3278,#3439);
#3147=OVER_RIDING_STYLED_ITEM('',(#3457),#3280,#3439);
#3148=OVER_RIDING_STYLED_ITEM('',(#3458),#3281,#3439);
#3149=OVER_RIDING_STYLED_ITEM('',(#3459),#3282,#3439);
#3150=OVER_RIDING_STYLED_ITEM('',(#3460),#3284,#3439);
#3151=OVER_RIDING_STYLED_ITEM('',(#3461),#3285,#3439);
#3152=OVER_RIDING_STYLED_ITEM('',(#3462),#3286,#3439);
#3153=OVER_RIDING_STYLED_ITEM('',(#3463),#3287,#3439);
#3154=OVER_RIDING_STYLED_ITEM('',(#3464),#3288,#3439);
#3155=OVER_RIDING_STYLED_ITEM('',(#3465),#3289,#3439);
#3156=OVER_RIDING_STYLED_ITEM('',(#3466),#3290,#3439);
#3157=OVER_RIDING_STYLED_ITEM('',(#3467),#3291,#3439);
#3158=OVER_RIDING_STYLED_ITEM('',(#3468),#3292,#3439);
#3159=OVER_RIDING_STYLED_ITEM('',(#3469),#3293,#3439);
#3160=OVER_RIDING_STYLED_ITEM('',(#3470),#3294,#3439);
#3161=OVER_RIDING_STYLED_ITEM('',(#3471),#3296,#3439);
#3162=OVER_RIDING_STYLED_ITEM('',(#3472),#3298,#3439);
#3163=OVER_RIDING_STYLED_ITEM('',(#3473),#3299,#3439);
#3164=OVER_RIDING_STYLED_ITEM('',(#3474),#3300,#3439);
#3165=OVER_RIDING_STYLED_ITEM('',(#3475),#3301,#3439);
#3166=OVER_RIDING_STYLED_ITEM('',(#3476),#3302,#3439);
#3167=OVER_RIDING_STYLED_ITEM('',(#3477),#3303,#3439);
#3168=OVER_RIDING_STYLED_ITEM('',(#3478),#3304,#3439);
#3169=OVER_RIDING_STYLED_ITEM('',(#3479),#3305,#3439);
#3170=OVER_RIDING_STYLED_ITEM('',(#3480),#3306,#3439);
#3171=OVER_RIDING_STYLED_ITEM('',(#3481),#3307,#3439);
#3172=OVER_RIDING_STYLED_ITEM('',(#3482),#3308,#3439);
#3173=OVER_RIDING_STYLED_ITEM('',(#3483),#3309,#3439);
#3174=OVER_RIDING_STYLED_ITEM('',(#3484),#3310,#3439);
#3175=OVER_RIDING_STYLED_ITEM('',(#3485),#3311,#3439);
#3176=OVER_RIDING_STYLED_ITEM('',(#3486),#3312,#3439);
#3177=OVER_RIDING_STYLED_ITEM('',(#3487),#3313,#3439);
#3178=OVER_RIDING_STYLED_ITEM('',(#3488),#3314,#3439);
#3179=OVER_RIDING_STYLED_ITEM('',(#3489),#3315,#3439);
#3180=OVER_RIDING_STYLED_ITEM('',(#3490),#3316,#3439);
#3181=OVER_RIDING_STYLED_ITEM('',(#3491),#3317,#3439);
#3182=OVER_RIDING_STYLED_ITEM('',(#3492),#3318,#3439);
#3183=OVER_RIDING_STYLED_ITEM('',(#3493),#3319,#3439);
#3184=OVER_RIDING_STYLED_ITEM('',(#3494),#3320,#3439);
#3185=OVER_RIDING_STYLED_ITEM('',(#3495),#3321,#3439);
#3186=OVER_RIDING_STYLED_ITEM('',(#3496),#3322,#3439);
#3187=OVER_RIDING_STYLED_ITEM('',(#3497),#3323,#3439);
#3188=OVER_RIDING_STYLED_ITEM('',(#3498),#3324,#3439);
#3189=OVER_RIDING_STYLED_ITEM('',(#3499),#3326,#3439);
#3190=OVER_RIDING_STYLED_ITEM('',(#3500),#3327,#3439);
#3191=OVER_RIDING_STYLED_ITEM('',(#3501),#3328,#3439);
#3192=OVER_RIDING_STYLED_ITEM('',(#3502),#3329,#3439);
#3193=OVER_RIDING_STYLED_ITEM('',(#3503),#3330,#3439);
#3194=OVER_RIDING_STYLED_ITEM('',(#3504),#3331,#3439);
#3195=OVER_RIDING_STYLED_ITEM('',(#3505),#3332,#3439);
#3196=OVER_RIDING_STYLED_ITEM('',(#3506),#3333,#3439);
#3197=OVER_RIDING_STYLED_ITEM('',(#3507),#3334,#3439);
#3198=OVER_RIDING_STYLED_ITEM('',(#3508),#3335,#3439);
#3199=OVER_RIDING_STYLED_ITEM('',(#3509),#3338,#3439);
#3200=OVER_RIDING_STYLED_ITEM('',(#3510),#3339,#3439);
#3201=OVER_RIDING_STYLED_ITEM('',(#3511),#3340,#3439);
#3202=OVER_RIDING_STYLED_ITEM('',(#3512),#3341,#3439);
#3203=OVER_RIDING_STYLED_ITEM('',(#3513),#3342,#3439);
#3204=OVER_RIDING_STYLED_ITEM('',(#3514),#3343,#3439);
#3205=OVER_RIDING_STYLED_ITEM('',(#3515),#3344,#3439);
#3206=OVER_RIDING_STYLED_ITEM('',(#3516),#3345,#3439);
#3207=OVER_RIDING_STYLED_ITEM('',(#3517),#3346,#3439);
#3208=OVER_RIDING_STYLED_ITEM('',(#3519),#3353,#3440);
#3209=OVER_RIDING_STYLED_ITEM('',(#3520),#3354,#3440);
#3210=OVER_RIDING_STYLED_ITEM('',(#3521),#3355,#3440);
#3211=OVER_RIDING_STYLED_ITEM('',(#3522),#3356,#3440);
#3212=OVER_RIDING_STYLED_ITEM('',(#3523),#3357,#3440);
#3213=OVER_RIDING_STYLED_ITEM('',(#3524),#3358,#3440);
#3214=OVER_RIDING_STYLED_ITEM('',(#3525),#3359,#3440);
#3215=OVER_RIDING_STYLED_ITEM('',(#3526),#3360,#3440);
#3216=OVER_RIDING_STYLED_ITEM('',(#3527),#3361,#3440);
#3217=OVER_RIDING_STYLED_ITEM('',(#3528),#3362,#3440);
#3218=OVER_RIDING_STYLED_ITEM('',(#3529),#3363,#3440);
#3219=OVER_RIDING_STYLED_ITEM('',(#3530),#3364,#3440);
#3220=OVER_RIDING_STYLED_ITEM('',(#3531),#3365,#3440);
#3221=OVER_RIDING_STYLED_ITEM('',(#3532),#3366,#3440);
#3222=OVER_RIDING_STYLED_ITEM('',(#3533),#3367,#3440);
#3223=OVER_RIDING_STYLED_ITEM('',(#3534),#3368,#3440);
#3224=OVER_RIDING_STYLED_ITEM('',(#3535),#3369,#3440);
#3225=OVER_RIDING_STYLED_ITEM('',(#3536),#3370,#3440);
#3226=OVER_RIDING_STYLED_ITEM('',(#3537),#3371,#3440);
#3227=OVER_RIDING_STYLED_ITEM('',(#3538),#3372,#3440);
#3228=OVER_RIDING_STYLED_ITEM('',(#3539),#3373,#3440);
#3229=OVER_RIDING_STYLED_ITEM('',(#3540),#3374,#3440);
#3230=OVER_RIDING_STYLED_ITEM('',(#3541),#3375,#3440);
#3231=OVER_RIDING_STYLED_ITEM('',(#3542),#3376,#3440);
#3232=OVER_RIDING_STYLED_ITEM('',(#3543),#3377,#3440);
#3233=OVER_RIDING_STYLED_ITEM('',(#3544),#3378,#3440);
#3234=OVER_RIDING_STYLED_ITEM('',(#3545),#3379,#3440);
#3235=OVER_RIDING_STYLED_ITEM('',(#3546),#3380,#3440);
#3236=OVER_RIDING_STYLED_ITEM('',(#3547),#3381,#3440);
#3237=OVER_RIDING_STYLED_ITEM('',(#3548),#3382,#3440);
#3238=OVER_RIDING_STYLED_ITEM('',(#3549),#3383,#3440);
#3239=OVER_RIDING_STYLED_ITEM('',(#3550),#3384,#3440);
#3240=OVER_RIDING_STYLED_ITEM('',(#3551),#3385,#3440);
#3241=OVER_RIDING_STYLED_ITEM('',(#3552),#3386,#3440);
#3242=OVER_RIDING_STYLED_ITEM('',(#3553),#3387,#3440);
#3243=OVER_RIDING_STYLED_ITEM('',(#3554),#3388,#3440);
#3244=OVER_RIDING_STYLED_ITEM('',(#3555),#3389,#3440);
#3245=OVER_RIDING_STYLED_ITEM('',(#3556),#3390,#3440);
#3246=OVER_RIDING_STYLED_ITEM('',(#3557),#3391,#3440);
#3247=OVER_RIDING_STYLED_ITEM('',(#3558),#3392,#3440);
#3248=OVER_RIDING_STYLED_ITEM('',(#3559),#3393,#3440);
#3249=OVER_RIDING_STYLED_ITEM('',(#3560),#3394,#3440);
#3250=OVER_RIDING_STYLED_ITEM('',(#3561),#3395,#3440);
#3251=OVER_RIDING_STYLED_ITEM('',(#3562),#3396,#3440);
#3252=OVER_RIDING_STYLED_ITEM('',(#3563),#3397,#3440);
#3253=OVER_RIDING_STYLED_ITEM('',(#3564),#3398,#3440);
#3254=OVER_RIDING_STYLED_ITEM('',(#3565),#3399,#3440);
#3255=OVER_RIDING_STYLED_ITEM('',(#3566),#3401,#3440);
#3256=OVER_RIDING_STYLED_ITEM('',(#3567),#3406,#3440);
#3257=OVER_RIDING_STYLED_ITEM('',(#3568),#3407,#3440);
#3258=OVER_RIDING_STYLED_ITEM('',(#3569),#3408,#3440);
#3259=OVER_RIDING_STYLED_ITEM('',(#3570),#3409,#3440);
#3260=OVER_RIDING_STYLED_ITEM('',(#3571),#3410,#3440);
#3261=OVER_RIDING_STYLED_ITEM('',(#3572),#3418,#3440);
#3262=OVER_RIDING_STYLED_ITEM('',(#3573),#3419,#3440);
#3263=OVER_RIDING_STYLED_ITEM('',(#3574),#3421,#3440);
#3264=ADVANCED_FACE('',(#2800,#2801),#3003,.T.);
#3265=ADVANCED_FACE('',(#2802),#3004,.T.);
#3266=ADVANCED_FACE('',(#2803),#3005,.T.);
#3267=ADVANCED_FACE('',(#2804),#3006,.T.);
#3268=ADVANCED_FACE('',(#2805),#27,.T.);
#3269=ADVANCED_FACE('',(#2806,#2807),#3007,.T.);
#3270=ADVANCED_FACE('',(#2808),#3008,.T.);
#3271=ADVANCED_FACE('',(#2809),#3009,.T.);
#3272=ADVANCED_FACE('',(#2810),#28,.T.);
#3273=ADVANCED_FACE('',(#2811),#3010,.F.);
#3274=ADVANCED_FACE('',(#2812),#29,.T.);
#3275=ADVANCED_FACE('',(#2813),#3011,.F.);
#3276=ADVANCED_FACE('',(#2814),#30,.T.);
#3277=ADVANCED_FACE('',(#2815),#3012,.F.);
#3278=ADVANCED_FACE('',(#2816),#3013,.T.);
#3279=ADVANCED_FACE('',(#2817),#3014,.F.);
#3280=ADVANCED_FACE('',(#2818),#3015,.T.);
#3281=ADVANCED_FACE('',(#2819,#2820,#2821),#31,.F.);
#3282=ADVANCED_FACE('',(#2822,#2823),#32,.F.);
#3283=ADVANCED_FACE('',(#2824),#3016,.T.);
#3284=ADVANCED_FACE('',(#2825,#2826),#3017,.T.);
#3285=ADVANCED_FACE('',(#2827),#3018,.T.);
#3286=ADVANCED_FACE('',(#2828),#3019,.F.);
#3287=ADVANCED_FACE('',(#2829),#3020,.F.);
#3288=ADVANCED_FACE('',(#2830),#33,.F.);
#3289=ADVANCED_FACE('',(#2831),#34,.F.);
#3290=ADVANCED_FACE('',(#2832,#2833),#3021,.F.);
#3291=ADVANCED_FACE('',(#2834),#3022,.F.);
#3292=ADVANCED_FACE('',(#2835,#2836),#3023,.F.);
#3293=ADVANCED_FACE('',(#2837),#3024,.T.);
#3294=ADVANCED_FACE('',(#2838),#3025,.T.);
#3295=ADVANCED_FACE('',(#2839),#3026,.T.);
#3296=ADVANCED_FACE('',(#2840,#2841),#3027,.T.);
#3297=ADVANCED_FACE('',(#2842),#3028,.T.);
#3298=ADVANCED_FACE('',(#2843),#3029,.T.);
#3299=ADVANCED_FACE('',(#2844),#35,.T.);
#3300=ADVANCED_FACE('',(#2845),#3030,.T.);
#3301=ADVANCED_FACE('',(#2846),#3031,.F.);
#3302=ADVANCED_FACE('',(#2847,#2848),#36,.T.);
#3303=ADVANCED_FACE('',(#2849),#3032,.T.);
#3304=ADVANCED_FACE('',(#2850),#3033,.T.);
#3305=ADVANCED_FACE('',(#2851),#3034,.F.);
#3306=ADVANCED_FACE('',(#2852),#3035,.T.);
#3307=ADVANCED_FACE('',(#2853),#3036,.F.);
#3308=ADVANCED_FACE('',(#2854),#3037,.F.);
#3309=ADVANCED_FACE('',(#2855),#37,.T.);
#3310=ADVANCED_FACE('',(#2856),#3038,.T.);
#3311=ADVANCED_FACE('',(#2857),#38,.T.);
#3312=ADVANCED_FACE('',(#2858),#3039,.F.);
#3313=ADVANCED_FACE('',(#2859,#2860),#39,.F.);
#3314=ADVANCED_FACE('',(#2861),#40,.T.);
#3315=ADVANCED_FACE('',(#2862,#2863),#3040,.T.);
#3316=ADVANCED_FACE('',(#2864,#2865,#2866),#41,.F.);
#3317=ADVANCED_FACE('',(#2867,#2868),#3041,.T.);
#3318=ADVANCED_FACE('',(#2869,#2870),#42,.F.);
#3319=ADVANCED_FACE('',(#2871),#3042,.F.);
#3320=ADVANCED_FACE('',(#2872),#3043,.T.);
#3321=ADVANCED_FACE('',(#2873,#2874),#43,.F.);
#3322=ADVANCED_FACE('',(#2875),#3044,.F.);
#3323=ADVANCED_FACE('',(#2876),#44,.T.);
#3324=ADVANCED_FACE('',(#2877),#3045,.T.);
#3325=ADVANCED_FACE('',(#2878,#2879),#45,.F.);
#3326=ADVANCED_FACE('',(#2880),#46,.T.);
#3327=ADVANCED_FACE('',(#2881),#3046,.T.);
#3328=ADVANCED_FACE('',(#2882),#47,.T.);
#3329=ADVANCED_FACE('',(#2883),#48,.T.);
#3330=ADVANCED_FACE('',(#2884),#3047,.T.);
#3331=ADVANCED_FACE('',(#2885),#3048,.T.);
#3332=ADVANCED_FACE('',(#2886,#2887),#3049,.T.);
#3333=ADVANCED_FACE('',(#2888),#3050,.F.);
#3334=ADVANCED_FACE('',(#2889),#3051,.F.);
#3335=ADVANCED_FACE('',(#2890),#3052,.F.);
#3336=ADVANCED_FACE('',(#2891),#3053,.T.);
#3337=ADVANCED_FACE('',(#2892,#2893),#3054,.T.);
#3338=ADVANCED_FACE('',(#2894),#3055,.F.);
#3339=ADVANCED_FACE('',(#2895),#3056,.F.);
#3340=ADVANCED_FACE('',(#2896),#49,.F.);
#3341=ADVANCED_FACE('',(#2897),#21,.F.);
#3342=ADVANCED_FACE('',(#2898),#50,.F.);
#3343=ADVANCED_FACE('',(#2899),#22,.F.);
#3344=ADVANCED_FACE('',(#2900),#51,.F.);
#3345=ADVANCED_FACE('',(#2901),#3057,.T.);
#3346=ADVANCED_FACE('',(#2902,#2903),#3058,.T.);
#3347=ADVANCED_FACE('',(#2904),#3059,.T.);
#3348=ADVANCED_FACE('',(#2905),#3060,.F.);
#3349=ADVANCED_FACE('',(#2906),#3061,.T.);
#3350=ADVANCED_FACE('',(#2907),#3062,.T.);
#3351=ADVANCED_FACE('',(#2908),#3063,.T.);
#3352=ADVANCED_FACE('',(#2909,#2910),#3064,.T.);
#3353=ADVANCED_FACE('',(#2911),#3065,.F.);
#3354=ADVANCED_FACE('',(#2912),#3066,.T.);
#3355=ADVANCED_FACE('',(#2913),#3067,.T.);
#3356=ADVANCED_FACE('',(#2914),#52,.F.);
#3357=ADVANCED_FACE('',(#2915),#14,.F.);
#3358=ADVANCED_FACE('',(#2916),#3068,.T.);
#3359=ADVANCED_FACE('',(#2917),#53,.F.);
#3360=ADVANCED_FACE('',(#2918),#3069,.F.);
#3361=ADVANCED_FACE('',(#2919),#3070,.F.);
#3362=ADVANCED_FACE('',(#2920,#2921),#3071,.T.);
#3363=ADVANCED_FACE('',(#2922),#3072,.F.);
#3364=ADVANCED_FACE('',(#2923),#3073,.T.);
#3365=ADVANCED_FACE('',(#2924),#3074,.T.);
#3366=ADVANCED_FACE('',(#2925),#3075,.T.);
#3367=ADVANCED_FACE('',(#2926),#3076,.F.);
#3368=ADVANCED_FACE('',(#2927),#3077,.T.);
#3369=ADVANCED_FACE('',(#2928),#3078,.T.);
#3370=ADVANCED_FACE('',(#2929),#3079,.F.);
#3371=ADVANCED_FACE('',(#2930,#2931),#54,.F.);
#3372=ADVANCED_FACE('',(#2932,#2933),#55,.F.);
#3373=ADVANCED_FACE('',(#2934),#3080,.F.);
#3374=ADVANCED_FACE('',(#2935),#3081,.F.);
#3375=ADVANCED_FACE('',(#2936),#56,.T.);
#3376=ADVANCED_FACE('',(#2937),#3082,.T.);
#3377=ADVANCED_FACE('',(#2938),#57,.T.);
#3378=ADVANCED_FACE('',(#2939),#58,.T.);
#3379=ADVANCED_FACE('',(#2940),#3083,.T.);
#3380=ADVANCED_FACE('',(#2941),#3084,.F.);
#3381=ADVANCED_FACE('',(#2942),#3085,.F.);
#3382=ADVANCED_FACE('',(#2943),#3086,.F.);
#3383=ADVANCED_FACE('',(#2944),#3087,.F.);
#3384=ADVANCED_FACE('',(#2945),#59,.T.);
#3385=ADVANCED_FACE('',(#2946,#2947),#3088,.T.);
#3386=ADVANCED_FACE('',(#2948),#60,.T.);
#3387=ADVANCED_FACE('',(#2949),#3089,.F.);
#3388=ADVANCED_FACE('',(#2950),#3090,.F.);
#3389=ADVANCED_FACE('',(#2951),#3091,.F.);
#3390=ADVANCED_FACE('',(#2952),#3092,.F.);
#3391=ADVANCED_FACE('',(#2953),#3093,.F.);
#3392=ADVANCED_FACE('',(#2954),#3094,.F.);
#3393=ADVANCED_FACE('',(#2955,#2956),#3095,.T.);
#3394=ADVANCED_FACE('',(#2957),#3096,.F.);
#3395=ADVANCED_FACE('',(#2958),#3097,.T.);
#3396=ADVANCED_FACE('',(#2959),#61,.T.);
#3397=ADVANCED_FACE('',(#2960,#2961),#11,.F.);
#3398=ADVANCED_FACE('',(#2962),#3098,.T.);
#3399=ADVANCED_FACE('',(#2963),#3099,.T.);
#3400=ADVANCED_FACE('',(#2964,#2965),#62,.F.);
#3401=ADVANCED_FACE('',(#2966),#3100,.T.);
#3402=ADVANCED_FACE('',(#2967,#2968),#3101,.T.);
#3403=ADVANCED_FACE('',(#2969),#3102,.T.);
#3404=ADVANCED_FACE('',(#2970),#3103,.T.);
#3405=ADVANCED_FACE('',(#2971),#3104,.T.);
#3406=ADVANCED_FACE('',(#2972),#3105,.T.);
#3407=ADVANCED_FACE('',(#2973),#3106,.F.);
#3408=ADVANCED_FACE('',(#2974),#3107,.T.);
#3409=ADVANCED_FACE('',(#2975),#63,.T.);
#3410=ADVANCED_FACE('',(#2976),#3108,.T.);
#3411=ADVANCED_FACE('',(#2977),#3109,.T.);
#3412=ADVANCED_FACE('',(#2978),#3110,.T.);
#3413=ADVANCED_FACE('',(#2979),#3111,.T.);
#3414=ADVANCED_FACE('',(#2980),#3112,.T.);
#3415=ADVANCED_FACE('',(#2981),#3113,.T.);
#3416=ADVANCED_FACE('',(#2982),#3114,.T.);
#3417=ADVANCED_FACE('',(#2983),#3115,.T.);
#3418=ADVANCED_FACE('',(#2984),#64,.T.);
#3419=ADVANCED_FACE('',(#2985),#3116,.T.);
#3420=ADVANCED_FACE('',(#2986),#3117,.T.);
#3421=ADVANCED_FACE('',(#2987),#3118,.T.);
#3422=ADVANCED_FACE('',(#2988),#3119,.T.);
#3423=ADVANCED_FACE('',(#2989),#12,.T.);
#3424=ADVANCED_FACE('',(#2990),#3120,.T.);
#3425=ADVANCED_FACE('',(#2991),#13,.T.);
#3426=ADVANCED_FACE('',(#2992),#3121,.T.);
#3427=ADVANCED_FACE('',(#2993),#3122,.F.);
#3428=ADVANCED_FACE('',(#2994),#3123,.T.);
#3429=ADVANCED_FACE('',(#2995),#3124,.F.);
#3430=ADVANCED_FACE('',(#2996),#3125,.T.);
#3431=ADVANCED_FACE('',(#2997),#3126,.T.);
#3432=ADVANCED_FACE('',(#2998),#3127,.F.);
#3433=ADVANCED_FACE('',(#2999),#3128,.T.);
#3434=ADVANCED_FACE('',(#3000),#3129,.F.);
#3435=ADVANCED_FACE('',(#3001),#3130,.T.);
#3436=ADVANCED_FACE('',(#3002),#3131,.F.);
#3437=CLOSED_SHELL('',(#3264,#3265,#3266,#3267,#3268,#3269,#3270,#3271,
#3272,#3273,#3274,#3275,#3276,#3277,#3278,#3279,#3280,#3281,#3282,#3283,
#3284,#3285,#3286,#3287,#3288,#3289,#3290,#3291,#3292,#3293,#3294,#3295,
#3296,#3297,#3298,#3299,#3300,#3301,#3302,#3303,#3304,#3305,#3306,#3307,
#3308,#3309,#3310,#3311,#3312,#3313,#3314,#3315,#3316,#3317,#3318,#3319,
#3320,#3321,#3322,#3323,#3324,#3325,#3326,#3327,#3328,#3329,#3330,#3331,
#3332,#3333,#3334,#3335,#3336,#3337,#3338,#3339,#3340,#3341,#3342,#3343,
#3344,#3345,#3346,#3347,#3348,#3349,#3350));
#3438=CLOSED_SHELL('',(#3351,#3352,#3353,#3354,#3355,#3356,#3357,#3358,
#3359,#3360,#3361,#3362,#3363,#3364,#3365,#3366,#3367,#3368,#3369,#3370,
#3371,#3372,#3373,#3374,#3375,#3376,#3377,#3378,#3379,#3380,#3381,#3382,
#3383,#3384,#3385,#3386,#3387,#3388,#3389,#3390,#3391,#3392,#3393,#3394,
#3395,#3396,#3397,#3398,#3399,#3400,#3401,#3402,#3403,#3404,#3405,#3406,
#3407,#3408,#3409,#3410,#3411,#3412,#3413,#3414,#3415,#3416,#3417,#3418,
#3419,#3420,#3421,#3422,#3423,#3424,#3425,#3426,#3427,#3428,#3429,#3430,
#3431,#3432,#3433,#3434,#3435,#3436));
#3439=STYLED_ITEM('',(#3441),#4247);
#3440=STYLED_ITEM('',(#3518),#4248);
#3441=PRESENTATION_STYLE_ASSIGNMENT((#3575));
#3442=PRESENTATION_STYLE_ASSIGNMENT((#3576));
#3443=PRESENTATION_STYLE_ASSIGNMENT((#3577));
#3444=PRESENTATION_STYLE_ASSIGNMENT((#3578));
#3445=PRESENTATION_STYLE_ASSIGNMENT((#3579));
#3446=PRESENTATION_STYLE_ASSIGNMENT((#3580));
#3447=PRESENTATION_STYLE_ASSIGNMENT((#3581));
#3448=PRESENTATION_STYLE_ASSIGNMENT((#3582));
#3449=PRESENTATION_STYLE_ASSIGNMENT((#3583));
#3450=PRESENTATION_STYLE_ASSIGNMENT((#3584));
#3451=PRESENTATION_STYLE_ASSIGNMENT((#3585));
#3452=PRESENTATION_STYLE_ASSIGNMENT((#3586));
#3453=PRESENTATION_STYLE_ASSIGNMENT((#3587));
#3454=PRESENTATION_STYLE_ASSIGNMENT((#3588));
#3455=PRESENTATION_STYLE_ASSIGNMENT((#3589));
#3456=PRESENTATION_STYLE_ASSIGNMENT((#3590));
#3457=PRESENTATION_STYLE_ASSIGNMENT((#3591));
#3458=PRESENTATION_STYLE_ASSIGNMENT((#3592));
#3459=PRESENTATION_STYLE_ASSIGNMENT((#3593));
#3460=PRESENTATION_STYLE_ASSIGNMENT((#3594));
#3461=PRESENTATION_STYLE_ASSIGNMENT((#3595));
#3462=PRESENTATION_STYLE_ASSIGNMENT((#3596));
#3463=PRESENTATION_STYLE_ASSIGNMENT((#3597));
#3464=PRESENTATION_STYLE_ASSIGNMENT((#3598));
#3465=PRESENTATION_STYLE_ASSIGNMENT((#3599));
#3466=PRESENTATION_STYLE_ASSIGNMENT((#3600));
#3467=PRESENTATION_STYLE_ASSIGNMENT((#3601));
#3468=PRESENTATION_STYLE_ASSIGNMENT((#3602));
#3469=PRESENTATION_STYLE_ASSIGNMENT((#3603));
#3470=PRESENTATION_STYLE_ASSIGNMENT((#3604));
#3471=PRESENTATION_STYLE_ASSIGNMENT((#3605));
#3472=PRESENTATION_STYLE_ASSIGNMENT((#3606));
#3473=PRESENTATION_STYLE_ASSIGNMENT((#3607));
#3474=PRESENTATION_STYLE_ASSIGNMENT((#3608));
#3475=PRESENTATION_STYLE_ASSIGNMENT((#3609));
#3476=PRESENTATION_STYLE_ASSIGNMENT((#3610));
#3477=PRESENTATION_STYLE_ASSIGNMENT((#3611));
#3478=PRESENTATION_STYLE_ASSIGNMENT((#3612));
#3479=PRESENTATION_STYLE_ASSIGNMENT((#3613));
#3480=PRESENTATION_STYLE_ASSIGNMENT((#3614));
#3481=PRESENTATION_STYLE_ASSIGNMENT((#3615));
#3482=PRESENTATION_STYLE_ASSIGNMENT((#3616));
#3483=PRESENTATION_STYLE_ASSIGNMENT((#3617));
#3484=PRESENTATION_STYLE_ASSIGNMENT((#3618));
#3485=PRESENTATION_STYLE_ASSIGNMENT((#3619));
#3486=PRESENTATION_STYLE_ASSIGNMENT((#3620));
#3487=PRESENTATION_STYLE_ASSIGNMENT((#3621));
#3488=PRESENTATION_STYLE_ASSIGNMENT((#3622));
#3489=PRESENTATION_STYLE_ASSIGNMENT((#3623));
#3490=PRESENTATION_STYLE_ASSIGNMENT((#3624));
#3491=PRESENTATION_STYLE_ASSIGNMENT((#3625));
#3492=PRESENTATION_STYLE_ASSIGNMENT((#3626));
#3493=PRESENTATION_STYLE_ASSIGNMENT((#3627));
#3494=PRESENTATION_STYLE_ASSIGNMENT((#3628));
#3495=PRESENTATION_STYLE_ASSIGNMENT((#3629));
#3496=PRESENTATION_STYLE_ASSIGNMENT((#3630));
#3497=PRESENTATION_STYLE_ASSIGNMENT((#3631));
#3498=PRESENTATION_STYLE_ASSIGNMENT((#3632));
#3499=PRESENTATION_STYLE_ASSIGNMENT((#3633));
#3500=PRESENTATION_STYLE_ASSIGNMENT((#3634));
#3501=PRESENTATION_STYLE_ASSIGNMENT((#3635));
#3502=PRESENTATION_STYLE_ASSIGNMENT((#3636));
#3503=PRESENTATION_STYLE_ASSIGNMENT((#3637));
#3504=PRESENTATION_STYLE_ASSIGNMENT((#3638));
#3505=PRESENTATION_STYLE_ASSIGNMENT((#3639));
#3506=PRESENTATION_STYLE_ASSIGNMENT((#3640));
#3507=PRESENTATION_STYLE_ASSIGNMENT((#3641));
#3508=PRESENTATION_STYLE_ASSIGNMENT((#3642));
#3509=PRESENTATION_STYLE_ASSIGNMENT((#3643));
#3510=PRESENTATION_STYLE_ASSIGNMENT((#3644));
#3511=PRESENTATION_STYLE_ASSIGNMENT((#3645));
#3512=PRESENTATION_STYLE_ASSIGNMENT((#3646));
#3513=PRESENTATION_STYLE_ASSIGNMENT((#3647));
#3514=PRESENTATION_STYLE_ASSIGNMENT((#3648));
#3515=PRESENTATION_STYLE_ASSIGNMENT((#3649));
#3516=PRESENTATION_STYLE_ASSIGNMENT((#3650));
#3517=PRESENTATION_STYLE_ASSIGNMENT((#3651));
#3518=PRESENTATION_STYLE_ASSIGNMENT((#3652));
#3519=PRESENTATION_STYLE_ASSIGNMENT((#3653));
#3520=PRESENTATION_STYLE_ASSIGNMENT((#3654));
#3521=PRESENTATION_STYLE_ASSIGNMENT((#3655));
#3522=PRESENTATION_STYLE_ASSIGNMENT((#3656));
#3523=PRESENTATION_STYLE_ASSIGNMENT((#3657));
#3524=PRESENTATION_STYLE_ASSIGNMENT((#3658));
#3525=PRESENTATION_STYLE_ASSIGNMENT((#3659));
#3526=PRESENTATION_STYLE_ASSIGNMENT((#3660));
#3527=PRESENTATION_STYLE_ASSIGNMENT((#3661));
#3528=PRESENTATION_STYLE_ASSIGNMENT((#3662));
#3529=PRESENTATION_STYLE_ASSIGNMENT((#3663));
#3530=PRESENTATION_STYLE_ASSIGNMENT((#3664));
#3531=PRESENTATION_STYLE_ASSIGNMENT((#3665));
#3532=PRESENTATION_STYLE_ASSIGNMENT((#3666));
#3533=PRESENTATION_STYLE_ASSIGNMENT((#3667));
#3534=PRESENTATION_STYLE_ASSIGNMENT((#3668));
#3535=PRESENTATION_STYLE_ASSIGNMENT((#3669));
#3536=PRESENTATION_STYLE_ASSIGNMENT((#3670));
#3537=PRESENTATION_STYLE_ASSIGNMENT((#3671));
#3538=PRESENTATION_STYLE_ASSIGNMENT((#3672));
#3539=PRESENTATION_STYLE_ASSIGNMENT((#3673));
#3540=PRESENTATION_STYLE_ASSIGNMENT((#3674));
#3541=PRESENTATION_STYLE_ASSIGNMENT((#3675));
#3542=PRESENTATION_STYLE_ASSIGNMENT((#3676));
#3543=PRESENTATION_STYLE_ASSIGNMENT((#3677));
#3544=PRESENTATION_STYLE_ASSIGNMENT((#3678));
#3545=PRESENTATION_STYLE_ASSIGNMENT((#3679));
#3546=PRESENTATION_STYLE_ASSIGNMENT((#3680));
#3547=PRESENTATION_STYLE_ASSIGNMENT((#3681));
#3548=PRESENTATION_STYLE_ASSIGNMENT((#3682));
#3549=PRESENTATION_STYLE_ASSIGNMENT((#3683));
#3550=PRESENTATION_STYLE_ASSIGNMENT((#3684));
#3551=PRESENTATION_STYLE_ASSIGNMENT((#3685));
#3552=PRESENTATION_STYLE_ASSIGNMENT((#3686));
#3553=PRESENTATION_STYLE_ASSIGNMENT((#3687));
#3554=PRESENTATION_STYLE_ASSIGNMENT((#3688));
#3555=PRESENTATION_STYLE_ASSIGNMENT((#3689));
#3556=PRESENTATION_STYLE_ASSIGNMENT((#3690));
#3557=PRESENTATION_STYLE_ASSIGNMENT((#3691));
#3558=PRESENTATION_STYLE_ASSIGNMENT((#3692));
#3559=PRESENTATION_STYLE_ASSIGNMENT((#3693));
#3560=PRESENTATION_STYLE_ASSIGNMENT((#3694));
#3561=PRESENTATION_STYLE_ASSIGNMENT((#3695));
#3562=PRESENTATION_STYLE_ASSIGNMENT((#3696));
#3563=PRESENTATION_STYLE_ASSIGNMENT((#3697));
#3564=PRESENTATION_STYLE_ASSIGNMENT((#3698));
#3565=PRESENTATION_STYLE_ASSIGNMENT((#3699));
#3566=PRESENTATION_STYLE_ASSIGNMENT((#3700));
#3567=PRESENTATION_STYLE_ASSIGNMENT((#3701));
#3568=PRESENTATION_STYLE_ASSIGNMENT((#3702));
#3569=PRESENTATION_STYLE_ASSIGNMENT((#3703));
#3570=PRESENTATION_STYLE_ASSIGNMENT((#3704));
#3571=PRESENTATION_STYLE_ASSIGNMENT((#3705));
#3572=PRESENTATION_STYLE_ASSIGNMENT((#3706));
#3573=PRESENTATION_STYLE_ASSIGNMENT((#3707));
#3574=PRESENTATION_STYLE_ASSIGNMENT((#3708));
#3575=SURFACE_STYLE_USAGE(.BOTH.,#3709);
#3576=SURFACE_STYLE_USAGE(.BOTH.,#3710);
#3577=SURFACE_STYLE_USAGE(.BOTH.,#3711);
#3578=SURFACE_STYLE_USAGE(.BOTH.,#3712);
#3579=SURFACE_STYLE_USAGE(.BOTH.,#3713);
#3580=SURFACE_STYLE_USAGE(.BOTH.,#3714);
#3581=SURFACE_STYLE_USAGE(.BOTH.,#3715);
#3582=SURFACE_STYLE_USAGE(.BOTH.,#3716);
#3583=SURFACE_STYLE_USAGE(.BOTH.,#3717);
#3584=SURFACE_STYLE_USAGE(.BOTH.,#3718);
#3585=SURFACE_STYLE_USAGE(.BOTH.,#3719);
#3586=SURFACE_STYLE_USAGE(.BOTH.,#3720);
#3587=SURFACE_STYLE_USAGE(.BOTH.,#3721);
#3588=SURFACE_STYLE_USAGE(.BOTH.,#3722);
#3589=SURFACE_STYLE_USAGE(.BOTH.,#3723);
#3590=SURFACE_STYLE_USAGE(.BOTH.,#3724);
#3591=SURFACE_STYLE_USAGE(.BOTH.,#3725);
#3592=SURFACE_STYLE_USAGE(.BOTH.,#3726);
#3593=SURFACE_STYLE_USAGE(.BOTH.,#3727);
#3594=SURFACE_STYLE_USAGE(.BOTH.,#3728);
#3595=SURFACE_STYLE_USAGE(.BOTH.,#3729);
#3596=SURFACE_STYLE_USAGE(.BOTH.,#3730);
#3597=SURFACE_STYLE_USAGE(.BOTH.,#3731);
#3598=SURFACE_STYLE_USAGE(.BOTH.,#3732);
#3599=SURFACE_STYLE_USAGE(.BOTH.,#3733);
#3600=SURFACE_STYLE_USAGE(.BOTH.,#3734);
#3601=SURFACE_STYLE_USAGE(.BOTH.,#3735);
#3602=SURFACE_STYLE_USAGE(.BOTH.,#3736);
#3603=SURFACE_STYLE_USAGE(.BOTH.,#3737);
#3604=SURFACE_STYLE_USAGE(.BOTH.,#3738);
#3605=SURFACE_STYLE_USAGE(.BOTH.,#3739);
#3606=SURFACE_STYLE_USAGE(.BOTH.,#3740);
#3607=SURFACE_STYLE_USAGE(.BOTH.,#3741);
#3608=SURFACE_STYLE_USAGE(.BOTH.,#3742);
#3609=SURFACE_STYLE_USAGE(.BOTH.,#3743);
#3610=SURFACE_STYLE_USAGE(.BOTH.,#3744);
#3611=SURFACE_STYLE_USAGE(.BOTH.,#3745);
#3612=SURFACE_STYLE_USAGE(.BOTH.,#3746);
#3613=SURFACE_STYLE_USAGE(.BOTH.,#3747);
#3614=SURFACE_STYLE_USAGE(.BOTH.,#3748);
#3615=SURFACE_STYLE_USAGE(.BOTH.,#3749);
#3616=SURFACE_STYLE_USAGE(.BOTH.,#3750);
#3617=SURFACE_STYLE_USAGE(.BOTH.,#3751);
#3618=SURFACE_STYLE_USAGE(.BOTH.,#3752);
#3619=SURFACE_STYLE_USAGE(.BOTH.,#3753);
#3620=SURFACE_STYLE_USAGE(.BOTH.,#3754);
#3621=SURFACE_STYLE_USAGE(.BOTH.,#3755);
#3622=SURFACE_STYLE_USAGE(.BOTH.,#3756);
#3623=SURFACE_STYLE_USAGE(.BOTH.,#3757);
#3624=SURFACE_STYLE_USAGE(.BOTH.,#3758);
#3625=SURFACE_STYLE_USAGE(.BOTH.,#3759);
#3626=SURFACE_STYLE_USAGE(.BOTH.,#3760);
#3627=SURFACE_STYLE_USAGE(.BOTH.,#3761);
#3628=SURFACE_STYLE_USAGE(.BOTH.,#3762);
#3629=SURFACE_STYLE_USAGE(.BOTH.,#3763);
#3630=SURFACE_STYLE_USAGE(.BOTH.,#3764);
#3631=SURFACE_STYLE_USAGE(.BOTH.,#3765);
#3632=SURFACE_STYLE_USAGE(.BOTH.,#3766);
#3633=SURFACE_STYLE_USAGE(.BOTH.,#3767);
#3634=SURFACE_STYLE_USAGE(.BOTH.,#3768);
#3635=SURFACE_STYLE_USAGE(.BOTH.,#3769);
#3636=SURFACE_STYLE_USAGE(.BOTH.,#3770);
#3637=SURFACE_STYLE_USAGE(.BOTH.,#3771);
#3638=SURFACE_STYLE_USAGE(.BOTH.,#3772);
#3639=SURFACE_STYLE_USAGE(.BOTH.,#3773);
#3640=SURFACE_STYLE_USAGE(.BOTH.,#3774);
#3641=SURFACE_STYLE_USAGE(.BOTH.,#3775);
#3642=SURFACE_STYLE_USAGE(.BOTH.,#3776);
#3643=SURFACE_STYLE_USAGE(.BOTH.,#3777);
#3644=SURFACE_STYLE_USAGE(.BOTH.,#3778);
#3645=SURFACE_STYLE_USAGE(.BOTH.,#3779);
#3646=SURFACE_STYLE_USAGE(.BOTH.,#3780);
#3647=SURFACE_STYLE_USAGE(.BOTH.,#3781);
#3648=SURFACE_STYLE_USAGE(.BOTH.,#3782);
#3649=SURFACE_STYLE_USAGE(.BOTH.,#3783);
#3650=SURFACE_STYLE_USAGE(.BOTH.,#3784);
#3651=SURFACE_STYLE_USAGE(.BOTH.,#3785);
#3652=SURFACE_STYLE_USAGE(.BOTH.,#3786);
#3653=SURFACE_STYLE_USAGE(.BOTH.,#3787);
#3654=SURFACE_STYLE_USAGE(.BOTH.,#3788);
#3655=SURFACE_STYLE_USAGE(.BOTH.,#3789);
#3656=SURFACE_STYLE_USAGE(.BOTH.,#3790);
#3657=SURFACE_STYLE_USAGE(.BOTH.,#3791);
#3658=SURFACE_STYLE_USAGE(.BOTH.,#3792);
#3659=SURFACE_STYLE_USAGE(.BOTH.,#3793);
#3660=SURFACE_STYLE_USAGE(.BOTH.,#3794);
#3661=SURFACE_STYLE_USAGE(.BOTH.,#3795);
#3662=SURFACE_STYLE_USAGE(.BOTH.,#3796);
#3663=SURFACE_STYLE_USAGE(.BOTH.,#3797);
#3664=SURFACE_STYLE_USAGE(.BOTH.,#3798);
#3665=SURFACE_STYLE_USAGE(.BOTH.,#3799);
#3666=SURFACE_STYLE_USAGE(.BOTH.,#3800);
#3667=SURFACE_STYLE_USAGE(.BOTH.,#3801);
#3668=SURFACE_STYLE_USAGE(.BOTH.,#3802);
#3669=SURFACE_STYLE_USAGE(.BOTH.,#3803);
#3670=SURFACE_STYLE_USAGE(.BOTH.,#3804);
#3671=SURFACE_STYLE_USAGE(.BOTH.,#3805);
#3672=SURFACE_STYLE_USAGE(.BOTH.,#3806);
#3673=SURFACE_STYLE_USAGE(.BOTH.,#3807);
#3674=SURFACE_STYLE_USAGE(.BOTH.,#3808);
#3675=SURFACE_STYLE_USAGE(.BOTH.,#3809);
#3676=SURFACE_STYLE_USAGE(.BOTH.,#3810);
#3677=SURFACE_STYLE_USAGE(.BOTH.,#3811);
#3678=SURFACE_STYLE_USAGE(.BOTH.,#3812);
#3679=SURFACE_STYLE_USAGE(.BOTH.,#3813);
#3680=SURFACE_STYLE_USAGE(.BOTH.,#3814);
#3681=SURFACE_STYLE_USAGE(.BOTH.,#3815);
#3682=SURFACE_STYLE_USAGE(.BOTH.,#3816);
#3683=SURFACE_STYLE_USAGE(.BOTH.,#3817);
#3684=SURFACE_STYLE_USAGE(.BOTH.,#3818);
#3685=SURFACE_STYLE_USAGE(.BOTH.,#3819);
#3686=SURFACE_STYLE_USAGE(.BOTH.,#3820);
#3687=SURFACE_STYLE_USAGE(.BOTH.,#3821);
#3688=SURFACE_STYLE_USAGE(.BOTH.,#3822);
#3689=SURFACE_STYLE_USAGE(.BOTH.,#3823);
#3690=SURFACE_STYLE_USAGE(.BOTH.,#3824);
#3691=SURFACE_STYLE_USAGE(.BOTH.,#3825);
#3692=SURFACE_STYLE_USAGE(.BOTH.,#3826);
#3693=SURFACE_STYLE_USAGE(.BOTH.,#3827);
#3694=SURFACE_STYLE_USAGE(.BOTH.,#3828);
#3695=SURFACE_STYLE_USAGE(.BOTH.,#3829);
#3696=SURFACE_STYLE_USAGE(.BOTH.,#3830);
#3697=SURFACE_STYLE_USAGE(.BOTH.,#3831);
#3698=SURFACE_STYLE_USAGE(.BOTH.,#3832);
#3699=SURFACE_STYLE_USAGE(.BOTH.,#3833);
#3700=SURFACE_STYLE_USAGE(.BOTH.,#3834);
#3701=SURFACE_STYLE_USAGE(.BOTH.,#3835);
#3702=SURFACE_STYLE_USAGE(.BOTH.,#3836);
#3703=SURFACE_STYLE_USAGE(.BOTH.,#3837);
#3704=SURFACE_STYLE_USAGE(.BOTH.,#3838);
#3705=SURFACE_STYLE_USAGE(.BOTH.,#3839);
#3706=SURFACE_STYLE_USAGE(.BOTH.,#3840);
#3707=SURFACE_STYLE_USAGE(.BOTH.,#3841);
#3708=SURFACE_STYLE_USAGE(.BOTH.,#3842);
#3709=SURFACE_SIDE_STYLE('',(#3843));
#3710=SURFACE_SIDE_STYLE('',(#3844));
#3711=SURFACE_SIDE_STYLE('',(#3845));
#3712=SURFACE_SIDE_STYLE('',(#3846));
#3713=SURFACE_SIDE_STYLE('',(#3847));
#3714=SURFACE_SIDE_STYLE('',(#3848));
#3715=SURFACE_SIDE_STYLE('',(#3849));
#3716=SURFACE_SIDE_STYLE('',(#3850));
#3717=SURFACE_SIDE_STYLE('',(#3851));
#3718=SURFACE_SIDE_STYLE('',(#3852));
#3719=SURFACE_SIDE_STYLE('',(#3853));
#3720=SURFACE_SIDE_STYLE('',(#3854));
#3721=SURFACE_SIDE_STYLE('',(#3855));
#3722=SURFACE_SIDE_STYLE('',(#3856));
#3723=SURFACE_SIDE_STYLE('',(#3857));
#3724=SURFACE_SIDE_STYLE('',(#3858));
#3725=SURFACE_SIDE_STYLE('',(#3859));
#3726=SURFACE_SIDE_STYLE('',(#3860));
#3727=SURFACE_SIDE_STYLE('',(#3861));
#3728=SURFACE_SIDE_STYLE('',(#3862));
#3729=SURFACE_SIDE_STYLE('',(#3863));
#3730=SURFACE_SIDE_STYLE('',(#3864));
#3731=SURFACE_SIDE_STYLE('',(#3865));
#3732=SURFACE_SIDE_STYLE('',(#3866));
#3733=SURFACE_SIDE_STYLE('',(#3867));
#3734=SURFACE_SIDE_STYLE('',(#3868));
#3735=SURFACE_SIDE_STYLE('',(#3869));
#3736=SURFACE_SIDE_STYLE('',(#3870));
#3737=SURFACE_SIDE_STYLE('',(#3871));
#3738=SURFACE_SIDE_STYLE('',(#3872));
#3739=SURFACE_SIDE_STYLE('',(#3873));
#3740=SURFACE_SIDE_STYLE('',(#3874));
#3741=SURFACE_SIDE_STYLE('',(#3875));
#3742=SURFACE_SIDE_STYLE('',(#3876));
#3743=SURFACE_SIDE_STYLE('',(#3877));
#3744=SURFACE_SIDE_STYLE('',(#3878));
#3745=SURFACE_SIDE_STYLE('',(#3879));
#3746=SURFACE_SIDE_STYLE('',(#3880));
#3747=SURFACE_SIDE_STYLE('',(#3881));
#3748=SURFACE_SIDE_STYLE('',(#3882));
#3749=SURFACE_SIDE_STYLE('',(#3883));
#3750=SURFACE_SIDE_STYLE('',(#3884));
#3751=SURFACE_SIDE_STYLE('',(#3885));
#3752=SURFACE_SIDE_STYLE('',(#3886));
#3753=SURFACE_SIDE_STYLE('',(#3887));
#3754=SURFACE_SIDE_STYLE('',(#3888));
#3755=SURFACE_SIDE_STYLE('',(#3889));
#3756=SURFACE_SIDE_STYLE('',(#3890));
#3757=SURFACE_SIDE_STYLE('',(#3891));
#3758=SURFACE_SIDE_STYLE('',(#3892));
#3759=SURFACE_SIDE_STYLE('',(#3893));
#3760=SURFACE_SIDE_STYLE('',(#3894));
#3761=SURFACE_SIDE_STYLE('',(#3895));
#3762=SURFACE_SIDE_STYLE('',(#3896));
#3763=SURFACE_SIDE_STYLE('',(#3897));
#3764=SURFACE_SIDE_STYLE('',(#3898));
#3765=SURFACE_SIDE_STYLE('',(#3899));
#3766=SURFACE_SIDE_STYLE('',(#3900));
#3767=SURFACE_SIDE_STYLE('',(#3901));
#3768=SURFACE_SIDE_STYLE('',(#3902));
#3769=SURFACE_SIDE_STYLE('',(#3903));
#3770=SURFACE_SIDE_STYLE('',(#3904));
#3771=SURFACE_SIDE_STYLE('',(#3905));
#3772=SURFACE_SIDE_STYLE('',(#3906));
#3773=SURFACE_SIDE_STYLE('',(#3907));
#3774=SURFACE_SIDE_STYLE('',(#3908));
#3775=SURFACE_SIDE_STYLE('',(#3909));
#3776=SURFACE_SIDE_STYLE('',(#3910));
#3777=SURFACE_SIDE_STYLE('',(#3911));
#3778=SURFACE_SIDE_STYLE('',(#3912));
#3779=SURFACE_SIDE_STYLE('',(#3913));
#3780=SURFACE_SIDE_STYLE('',(#3914));
#3781=SURFACE_SIDE_STYLE('',(#3915));
#3782=SURFACE_SIDE_STYLE('',(#3916));
#3783=SURFACE_SIDE_STYLE('',(#3917));
#3784=SURFACE_SIDE_STYLE('',(#3918));
#3785=SURFACE_SIDE_STYLE('',(#3919));
#3786=SURFACE_SIDE_STYLE('',(#3920));
#3787=SURFACE_SIDE_STYLE('',(#3921));
#3788=SURFACE_SIDE_STYLE('',(#3922));
#3789=SURFACE_SIDE_STYLE('',(#3923));
#3790=SURFACE_SIDE_STYLE('',(#3924));
#3791=SURFACE_SIDE_STYLE('',(#3925));
#3792=SURFACE_SIDE_STYLE('',(#3926));
#3793=SURFACE_SIDE_STYLE('',(#3927));
#3794=SURFACE_SIDE_STYLE('',(#3928));
#3795=SURFACE_SIDE_STYLE('',(#3929));
#3796=SURFACE_SIDE_STYLE('',(#3930));
#3797=SURFACE_SIDE_STYLE('',(#3931));
#3798=SURFACE_SIDE_STYLE('',(#3932));
#3799=SURFACE_SIDE_STYLE('',(#3933));
#3800=SURFACE_SIDE_STYLE('',(#3934));
#3801=SURFACE_SIDE_STYLE('',(#3935));
#3802=SURFACE_SIDE_STYLE('',(#3936));
#3803=SURFACE_SIDE_STYLE('',(#3937));
#3804=SURFACE_SIDE_STYLE('',(#3938));
#3805=SURFACE_SIDE_STYLE('',(#3939));
#3806=SURFACE_SIDE_STYLE('',(#3940));
#3807=SURFACE_SIDE_STYLE('',(#3941));
#3808=SURFACE_SIDE_STYLE('',(#3942));
#3809=SURFACE_SIDE_STYLE('',(#3943));
#3810=SURFACE_SIDE_STYLE('',(#3944));
#3811=SURFACE_SIDE_STYLE('',(#3945));
#3812=SURFACE_SIDE_STYLE('',(#3946));
#3813=SURFACE_SIDE_STYLE('',(#3947));
#3814=SURFACE_SIDE_STYLE('',(#3948));
#3815=SURFACE_SIDE_STYLE('',(#3949));
#3816=SURFACE_SIDE_STYLE('',(#3950));
#3817=SURFACE_SIDE_STYLE('',(#3951));
#3818=SURFACE_SIDE_STYLE('',(#3952));
#3819=SURFACE_SIDE_STYLE('',(#3953));
#3820=SURFACE_SIDE_STYLE('',(#3954));
#3821=SURFACE_SIDE_STYLE('',(#3955));
#3822=SURFACE_SIDE_STYLE('',(#3956));
#3823=SURFACE_SIDE_STYLE('',(#3957));
#3824=SURFACE_SIDE_STYLE('',(#3958));
#3825=SURFACE_SIDE_STYLE('',(#3959));
#3826=SURFACE_SIDE_STYLE('',(#3960));
#3827=SURFACE_SIDE_STYLE('',(#3961));
#3828=SURFACE_SIDE_STYLE('',(#3962));
#3829=SURFACE_SIDE_STYLE('',(#3963));
#3830=SURFACE_SIDE_STYLE('',(#3964));
#3831=SURFACE_SIDE_STYLE('',(#3965));
#3832=SURFACE_SIDE_STYLE('',(#3966));
#3833=SURFACE_SIDE_STYLE('',(#3967));
#3834=SURFACE_SIDE_STYLE('',(#3968));
#3835=SURFACE_SIDE_STYLE('',(#3969));
#3836=SURFACE_SIDE_STYLE('',(#3970));
#3837=SURFACE_SIDE_STYLE('',(#3971));
#3838=SURFACE_SIDE_STYLE('',(#3972));
#3839=SURFACE_SIDE_STYLE('',(#3973));
#3840=SURFACE_SIDE_STYLE('',(#3974));
#3841=SURFACE_SIDE_STYLE('',(#3975));
#3842=SURFACE_SIDE_STYLE('',(#3976));
#3843=SURFACE_STYLE_FILL_AREA(#3977);
#3844=SURFACE_STYLE_FILL_AREA(#3978);
#3845=SURFACE_STYLE_FILL_AREA(#3979);
#3846=SURFACE_STYLE_FILL_AREA(#3980);
#3847=SURFACE_STYLE_FILL_AREA(#3981);
#3848=SURFACE_STYLE_FILL_AREA(#3982);
#3849=SURFACE_STYLE_FILL_AREA(#3983);
#3850=SURFACE_STYLE_FILL_AREA(#3984);
#3851=SURFACE_STYLE_FILL_AREA(#3985);
#3852=SURFACE_STYLE_FILL_AREA(#3986);
#3853=SURFACE_STYLE_FILL_AREA(#3987);
#3854=SURFACE_STYLE_FILL_AREA(#3988);
#3855=SURFACE_STYLE_FILL_AREA(#3989);
#3856=SURFACE_STYLE_FILL_AREA(#3990);
#3857=SURFACE_STYLE_FILL_AREA(#3991);
#3858=SURFACE_STYLE_FILL_AREA(#3992);
#3859=SURFACE_STYLE_FILL_AREA(#3993);
#3860=SURFACE_STYLE_FILL_AREA(#3994);
#3861=SURFACE_STYLE_FILL_AREA(#3995);
#3862=SURFACE_STYLE_FILL_AREA(#3996);
#3863=SURFACE_STYLE_FILL_AREA(#3997);
#3864=SURFACE_STYLE_FILL_AREA(#3998);
#3865=SURFACE_STYLE_FILL_AREA(#3999);
#3866=SURFACE_STYLE_FILL_AREA(#4000);
#3867=SURFACE_STYLE_FILL_AREA(#4001);
#3868=SURFACE_STYLE_FILL_AREA(#4002);
#3869=SURFACE_STYLE_FILL_AREA(#4003);
#3870=SURFACE_STYLE_FILL_AREA(#4004);
#3871=SURFACE_STYLE_FILL_AREA(#4005);
#3872=SURFACE_STYLE_FILL_AREA(#4006);
#3873=SURFACE_STYLE_FILL_AREA(#4007);
#3874=SURFACE_STYLE_FILL_AREA(#4008);
#3875=SURFACE_STYLE_FILL_AREA(#4009);
#3876=SURFACE_STYLE_FILL_AREA(#4010);
#3877=SURFACE_STYLE_FILL_AREA(#4011);
#3878=SURFACE_STYLE_FILL_AREA(#4012);
#3879=SURFACE_STYLE_FILL_AREA(#4013);
#3880=SURFACE_STYLE_FILL_AREA(#4014);
#3881=SURFACE_STYLE_FILL_AREA(#4015);
#3882=SURFACE_STYLE_FILL_AREA(#4016);
#3883=SURFACE_STYLE_FILL_AREA(#4017);
#3884=SURFACE_STYLE_FILL_AREA(#4018);
#3885=SURFACE_STYLE_FILL_AREA(#4019);
#3886=SURFACE_STYLE_FILL_AREA(#4020);
#3887=SURFACE_STYLE_FILL_AREA(#4021);
#3888=SURFACE_STYLE_FILL_AREA(#4022);
#3889=SURFACE_STYLE_FILL_AREA(#4023);
#3890=SURFACE_STYLE_FILL_AREA(#4024);
#3891=SURFACE_STYLE_FILL_AREA(#4025);
#3892=SURFACE_STYLE_FILL_AREA(#4026);
#3893=SURFACE_STYLE_FILL_AREA(#4027);
#3894=SURFACE_STYLE_FILL_AREA(#4028);
#3895=SURFACE_STYLE_FILL_AREA(#4029);
#3896=SURFACE_STYLE_FILL_AREA(#4030);
#3897=SURFACE_STYLE_FILL_AREA(#4031);
#3898=SURFACE_STYLE_FILL_AREA(#4032);
#3899=SURFACE_STYLE_FILL_AREA(#4033);
#3900=SURFACE_STYLE_FILL_AREA(#4034);
#3901=SURFACE_STYLE_FILL_AREA(#4035);
#3902=SURFACE_STYLE_FILL_AREA(#4036);
#3903=SURFACE_STYLE_FILL_AREA(#4037);
#3904=SURFACE_STYLE_FILL_AREA(#4038);
#3905=SURFACE_STYLE_FILL_AREA(#4039);
#3906=SURFACE_STYLE_FILL_AREA(#4040);
#3907=SURFACE_STYLE_FILL_AREA(#4041);
#3908=SURFACE_STYLE_FILL_AREA(#4042);
#3909=SURFACE_STYLE_FILL_AREA(#4043);
#3910=SURFACE_STYLE_FILL_AREA(#4044);
#3911=SURFACE_STYLE_FILL_AREA(#4045);
#3912=SURFACE_STYLE_FILL_AREA(#4046);
#3913=SURFACE_STYLE_FILL_AREA(#4047);
#3914=SURFACE_STYLE_FILL_AREA(#4048);
#3915=SURFACE_STYLE_FILL_AREA(#4049);
#3916=SURFACE_STYLE_FILL_AREA(#4050);
#3917=SURFACE_STYLE_FILL_AREA(#4051);
#3918=SURFACE_STYLE_FILL_AREA(#4052);
#3919=SURFACE_STYLE_FILL_AREA(#4053);
#3920=SURFACE_STYLE_FILL_AREA(#4054);
#3921=SURFACE_STYLE_FILL_AREA(#4055);
#3922=SURFACE_STYLE_FILL_AREA(#4056);
#3923=SURFACE_STYLE_FILL_AREA(#4057);
#3924=SURFACE_STYLE_FILL_AREA(#4058);
#3925=SURFACE_STYLE_FILL_AREA(#4059);
#3926=SURFACE_STYLE_FILL_AREA(#4060);
#3927=SURFACE_STYLE_FILL_AREA(#4061);
#3928=SURFACE_STYLE_FILL_AREA(#4062);
#3929=SURFACE_STYLE_FILL_AREA(#4063);
#3930=SURFACE_STYLE_FILL_AREA(#4064);
#3931=SURFACE_STYLE_FILL_AREA(#4065);
#3932=SURFACE_STYLE_FILL_AREA(#4066);
#3933=SURFACE_STYLE_FILL_AREA(#4067);
#3934=SURFACE_STYLE_FILL_AREA(#4068);
#3935=SURFACE_STYLE_FILL_AREA(#4069);
#3936=SURFACE_STYLE_FILL_AREA(#4070);
#3937=SURFACE_STYLE_FILL_AREA(#4071);
#3938=SURFACE_STYLE_FILL_AREA(#4072);
#3939=SURFACE_STYLE_FILL_AREA(#4073);
#3940=SURFACE_STYLE_FILL_AREA(#4074);
#3941=SURFACE_STYLE_FILL_AREA(#4075);
#3942=SURFACE_STYLE_FILL_AREA(#4076);
#3943=SURFACE_STYLE_FILL_AREA(#4077);
#3944=SURFACE_STYLE_FILL_AREA(#4078);
#3945=SURFACE_STYLE_FILL_AREA(#4079);
#3946=SURFACE_STYLE_FILL_AREA(#4080);
#3947=SURFACE_STYLE_FILL_AREA(#4081);
#3948=SURFACE_STYLE_FILL_AREA(#4082);
#3949=SURFACE_STYLE_FILL_AREA(#4083);
#3950=SURFACE_STYLE_FILL_AREA(#4084);
#3951=SURFACE_STYLE_FILL_AREA(#4085);
#3952=SURFACE_STYLE_FILL_AREA(#4086);
#3953=SURFACE_STYLE_FILL_AREA(#4087);
#3954=SURFACE_STYLE_FILL_AREA(#4088);
#3955=SURFACE_STYLE_FILL_AREA(#4089);
#3956=SURFACE_STYLE_FILL_AREA(#4090);
#3957=SURFACE_STYLE_FILL_AREA(#4091);
#3958=SURFACE_STYLE_FILL_AREA(#4092);
#3959=SURFACE_STYLE_FILL_AREA(#4093);
#3960=SURFACE_STYLE_FILL_AREA(#4094);
#3961=SURFACE_STYLE_FILL_AREA(#4095);
#3962=SURFACE_STYLE_FILL_AREA(#4096);
#3963=SURFACE_STYLE_FILL_AREA(#4097);
#3964=SURFACE_STYLE_FILL_AREA(#4098);
#3965=SURFACE_STYLE_FILL_AREA(#4099);
#3966=SURFACE_STYLE_FILL_AREA(#4100);
#3967=SURFACE_STYLE_FILL_AREA(#4101);
#3968=SURFACE_STYLE_FILL_AREA(#4102);
#3969=SURFACE_STYLE_FILL_AREA(#4103);
#3970=SURFACE_STYLE_FILL_AREA(#4104);
#3971=SURFACE_STYLE_FILL_AREA(#4105);
#3972=SURFACE_STYLE_FILL_AREA(#4106);
#3973=SURFACE_STYLE_FILL_AREA(#4107);
#3974=SURFACE_STYLE_FILL_AREA(#4108);
#3975=SURFACE_STYLE_FILL_AREA(#4109);
#3976=SURFACE_STYLE_FILL_AREA(#4110);
#3977=FILL_AREA_STYLE('',(#4111));
#3978=FILL_AREA_STYLE('',(#4112));
#3979=FILL_AREA_STYLE('',(#4113));
#3980=FILL_AREA_STYLE('',(#4114));
#3981=FILL_AREA_STYLE('',(#4115));
#3982=FILL_AREA_STYLE('',(#4116));
#3983=FILL_AREA_STYLE('',(#4117));
#3984=FILL_AREA_STYLE('',(#4118));
#3985=FILL_AREA_STYLE('',(#4119));
#3986=FILL_AREA_STYLE('',(#4120));
#3987=FILL_AREA_STYLE('',(#4121));
#3988=FILL_AREA_STYLE('',(#4122));
#3989=FILL_AREA_STYLE('',(#4123));
#3990=FILL_AREA_STYLE('',(#4124));
#3991=FILL_AREA_STYLE('',(#4125));
#3992=FILL_AREA_STYLE('',(#4126));
#3993=FILL_AREA_STYLE('',(#4127));
#3994=FILL_AREA_STYLE('',(#4128));
#3995=FILL_AREA_STYLE('',(#4129));
#3996=FILL_AREA_STYLE('',(#4130));
#3997=FILL_AREA_STYLE('',(#4131));
#3998=FILL_AREA_STYLE('',(#4132));
#3999=FILL_AREA_STYLE('',(#4133));
#4000=FILL_AREA_STYLE('',(#4134));
#4001=FILL_AREA_STYLE('',(#4135));
#4002=FILL_AREA_STYLE('',(#4136));
#4003=FILL_AREA_STYLE('',(#4137));
#4004=FILL_AREA_STYLE('',(#4138));
#4005=FILL_AREA_STYLE('',(#4139));
#4006=FILL_AREA_STYLE('',(#4140));
#4007=FILL_AREA_STYLE('',(#4141));
#4008=FILL_AREA_STYLE('',(#4142));
#4009=FILL_AREA_STYLE('',(#4143));
#4010=FILL_AREA_STYLE('',(#4144));
#4011=FILL_AREA_STYLE('',(#4145));
#4012=FILL_AREA_STYLE('',(#4146));
#4013=FILL_AREA_STYLE('',(#4147));
#4014=FILL_AREA_STYLE('',(#4148));
#4015=FILL_AREA_STYLE('',(#4149));
#4016=FILL_AREA_STYLE('',(#4150));
#4017=FILL_AREA_STYLE('',(#4151));
#4018=FILL_AREA_STYLE('',(#4152));
#4019=FILL_AREA_STYLE('',(#4153));
#4020=FILL_AREA_STYLE('',(#4154));
#4021=FILL_AREA_STYLE('',(#4155));
#4022=FILL_AREA_STYLE('',(#4156));
#4023=FILL_AREA_STYLE('',(#4157));
#4024=FILL_AREA_STYLE('',(#4158));
#4025=FILL_AREA_STYLE('',(#4159));
#4026=FILL_AREA_STYLE('',(#4160));
#4027=FILL_AREA_STYLE('',(#4161));
#4028=FILL_AREA_STYLE('',(#4162));
#4029=FILL_AREA_STYLE('',(#4163));
#4030=FILL_AREA_STYLE('',(#4164));
#4031=FILL_AREA_STYLE('',(#4165));
#4032=FILL_AREA_STYLE('',(#4166));
#4033=FILL_AREA_STYLE('',(#4167));
#4034=FILL_AREA_STYLE('',(#4168));
#4035=FILL_AREA_STYLE('',(#4169));
#4036=FILL_AREA_STYLE('',(#4170));
#4037=FILL_AREA_STYLE('',(#4171));
#4038=FILL_AREA_STYLE('',(#4172));
#4039=FILL_AREA_STYLE('',(#4173));
#4040=FILL_AREA_STYLE('',(#4174));
#4041=FILL_AREA_STYLE('',(#4175));
#4042=FILL_AREA_STYLE('',(#4176));
#4043=FILL_AREA_STYLE('',(#4177));
#4044=FILL_AREA_STYLE('',(#4178));
#4045=FILL_AREA_STYLE('',(#4179));
#4046=FILL_AREA_STYLE('',(#4180));
#4047=FILL_AREA_STYLE('',(#4181));
#4048=FILL_AREA_STYLE('',(#4182));
#4049=FILL_AREA_STYLE('',(#4183));
#4050=FILL_AREA_STYLE('',(#4184));
#4051=FILL_AREA_STYLE('',(#4185));
#4052=FILL_AREA_STYLE('',(#4186));
#4053=FILL_AREA_STYLE('',(#4187));
#4054=FILL_AREA_STYLE('',(#4188));
#4055=FILL_AREA_STYLE('',(#4189));
#4056=FILL_AREA_STYLE('',(#4190));
#4057=FILL_AREA_STYLE('',(#4191));
#4058=FILL_AREA_STYLE('',(#4192));
#4059=FILL_AREA_STYLE('',(#4193));
#4060=FILL_AREA_STYLE('',(#4194));
#4061=FILL_AREA_STYLE('',(#4195));
#4062=FILL_AREA_STYLE('',(#4196));
#4063=FILL_AREA_STYLE('',(#4197));
#4064=FILL_AREA_STYLE('',(#4198));
#4065=FILL_AREA_STYLE('',(#4199));
#4066=FILL_AREA_STYLE('',(#4200));
#4067=FILL_AREA_STYLE('',(#4201));
#4068=FILL_AREA_STYLE('',(#4202));
#4069=FILL_AREA_STYLE('',(#4203));
#4070=FILL_AREA_STYLE('',(#4204));
#4071=FILL_AREA_STYLE('',(#4205));
#4072=FILL_AREA_STYLE('',(#4206));
#4073=FILL_AREA_STYLE('',(#4207));
#4074=FILL_AREA_STYLE('',(#4208));
#4075=FILL_AREA_STYLE('',(#4209));
#4076=FILL_AREA_STYLE('',(#4210));
#4077=FILL_AREA_STYLE('',(#4211));
#4078=FILL_AREA_STYLE('',(#4212));
#4079=FILL_AREA_STYLE('',(#4213));
#4080=FILL_AREA_STYLE('',(#4214));
#4081=FILL_AREA_STYLE('',(#4215));
#4082=FILL_AREA_STYLE('',(#4216));
#4083=FILL_AREA_STYLE('',(#4217));
#4084=FILL_AREA_STYLE('',(#4218));
#4085=FILL_AREA_STYLE('',(#4219));
#4086=FILL_AREA_STYLE('',(#4220));
#4087=FILL_AREA_STYLE('',(#4221));
#4088=FILL_AREA_STYLE('',(#4222));
#4089=FILL_AREA_STYLE('',(#4223));
#4090=FILL_AREA_STYLE('',(#4224));
#4091=FILL_AREA_STYLE('',(#4225));
#4092=FILL_AREA_STYLE('',(#4226));
#4093=FILL_AREA_STYLE('',(#4227));
#4094=FILL_AREA_STYLE('',(#4228));
#4095=FILL_AREA_STYLE('',(#4229));
#4096=FILL_AREA_STYLE('',(#4230));
#4097=FILL_AREA_STYLE('',(#4231));
#4098=FILL_AREA_STYLE('',(#4232));
#4099=FILL_AREA_STYLE('',(#4233));
#4100=FILL_AREA_STYLE('',(#4234));
#4101=FILL_AREA_STYLE('',(#4235));
#4102=FILL_AREA_STYLE('',(#4236));
#4103=FILL_AREA_STYLE('',(#4237));
#4104=FILL_AREA_STYLE('',(#4238));
#4105=FILL_AREA_STYLE('',(#4239));
#4106=FILL_AREA_STYLE('',(#4240));
#4107=FILL_AREA_STYLE('',(#4241));
#4108=FILL_AREA_STYLE('',(#4242));
#4109=FILL_AREA_STYLE('',(#4243));
#4110=FILL_AREA_STYLE('',(#4244));
#4111=FILL_AREA_STYLE_COLOUR('',#4245);
#4112=FILL_AREA_STYLE_COLOUR('',#4246);
#4113=FILL_AREA_STYLE_COLOUR('',#4246);
#4114=FILL_AREA_STYLE_COLOUR('',#4246);
#4115=FILL_AREA_STYLE_COLOUR('',#4246);
#4116=FILL_AREA_STYLE_COLOUR('',#4246);
#4117=FILL_AREA_STYLE_COLOUR('',#4246);
#4118=FILL_AREA_STYLE_COLOUR('',#4246);
#4119=FILL_AREA_STYLE_COLOUR('',#4246);
#4120=FILL_AREA_STYLE_COLOUR('',#4246);
#4121=FILL_AREA_STYLE_COLOUR('',#4246);
#4122=FILL_AREA_STYLE_COLOUR('',#4246);
#4123=FILL_AREA_STYLE_COLOUR('',#4246);
#4124=FILL_AREA_STYLE_COLOUR('',#4246);
#4125=FILL_AREA_STYLE_COLOUR('',#4246);
#4126=FILL_AREA_STYLE_COLOUR('',#4246);
#4127=FILL_AREA_STYLE_COLOUR('',#4246);
#4128=FILL_AREA_STYLE_COLOUR('',#4246);
#4129=FILL_AREA_STYLE_COLOUR('',#4246);
#4130=FILL_AREA_STYLE_COLOUR('',#4246);
#4131=FILL_AREA_STYLE_COLOUR('',#4246);
#4132=FILL_AREA_STYLE_COLOUR('',#4246);
#4133=FILL_AREA_STYLE_COLOUR('',#4246);
#4134=FILL_AREA_STYLE_COLOUR('',#4246);
#4135=FILL_AREA_STYLE_COLOUR('',#4246);
#4136=FILL_AREA_STYLE_COLOUR('',#4246);
#4137=FILL_AREA_STYLE_COLOUR('',#4246);
#4138=FILL_AREA_STYLE_COLOUR('',#4246);
#4139=FILL_AREA_STYLE_COLOUR('',#4246);
#4140=FILL_AREA_STYLE_COLOUR('',#4246);
#4141=FILL_AREA_STYLE_COLOUR('',#4246);
#4142=FILL_AREA_STYLE_COLOUR('',#4246);
#4143=FILL_AREA_STYLE_COLOUR('',#4246);
#4144=FILL_AREA_STYLE_COLOUR('',#4246);
#4145=FILL_AREA_STYLE_COLOUR('',#4246);
#4146=FILL_AREA_STYLE_COLOUR('',#4246);
#4147=FILL_AREA_STYLE_COLOUR('',#4246);
#4148=FILL_AREA_STYLE_COLOUR('',#4246);
#4149=FILL_AREA_STYLE_COLOUR('',#4246);
#4150=FILL_AREA_STYLE_COLOUR('',#4246);
#4151=FILL_AREA_STYLE_COLOUR('',#4246);
#4152=FILL_AREA_STYLE_COLOUR('',#4246);
#4153=FILL_AREA_STYLE_COLOUR('',#4246);
#4154=FILL_AREA_STYLE_COLOUR('',#4246);
#4155=FILL_AREA_STYLE_COLOUR('',#4246);
#4156=FILL_AREA_STYLE_COLOUR('',#4246);
#4157=FILL_AREA_STYLE_COLOUR('',#4246);
#4158=FILL_AREA_STYLE_COLOUR('',#4246);
#4159=FILL_AREA_STYLE_COLOUR('',#4246);
#4160=FILL_AREA_STYLE_COLOUR('',#4246);
#4161=FILL_AREA_STYLE_COLOUR('',#4246);
#4162=FILL_AREA_STYLE_COLOUR('',#4246);
#4163=FILL_AREA_STYLE_COLOUR('',#4246);
#4164=FILL_AREA_STYLE_COLOUR('',#4246);
#4165=FILL_AREA_STYLE_COLOUR('',#4246);
#4166=FILL_AREA_STYLE_COLOUR('',#4246);
#4167=FILL_AREA_STYLE_COLOUR('',#4246);
#4168=FILL_AREA_STYLE_COLOUR('',#4246);
#4169=FILL_AREA_STYLE_COLOUR('',#4246);
#4170=FILL_AREA_STYLE_COLOUR('',#4246);
#4171=FILL_AREA_STYLE_COLOUR('',#4246);
#4172=FILL_AREA_STYLE_COLOUR('',#4246);
#4173=FILL_AREA_STYLE_COLOUR('',#4246);
#4174=FILL_AREA_STYLE_COLOUR('',#4246);
#4175=FILL_AREA_STYLE_COLOUR('',#4246);
#4176=FILL_AREA_STYLE_COLOUR('',#4246);
#4177=FILL_AREA_STYLE_COLOUR('',#4246);
#4178=FILL_AREA_STYLE_COLOUR('',#4246);
#4179=FILL_AREA_STYLE_COLOUR('',#4246);
#4180=FILL_AREA_STYLE_COLOUR('',#4246);
#4181=FILL_AREA_STYLE_COLOUR('',#4246);
#4182=FILL_AREA_STYLE_COLOUR('',#4246);
#4183=FILL_AREA_STYLE_COLOUR('',#4246);
#4184=FILL_AREA_STYLE_COLOUR('',#4246);
#4185=FILL_AREA_STYLE_COLOUR('',#4246);
#4186=FILL_AREA_STYLE_COLOUR('',#4246);
#4187=FILL_AREA_STYLE_COLOUR('',#4246);
#4188=FILL_AREA_STYLE_COLOUR('',#4245);
#4189=FILL_AREA_STYLE_COLOUR('',#4246);
#4190=FILL_AREA_STYLE_COLOUR('',#4246);
#4191=FILL_AREA_STYLE_COLOUR('',#4246);
#4192=FILL_AREA_STYLE_COLOUR('',#4246);
#4193=FILL_AREA_STYLE_COLOUR('',#4246);
#4194=FILL_AREA_STYLE_COLOUR('',#4246);
#4195=FILL_AREA_STYLE_COLOUR('',#4246);
#4196=FILL_AREA_STYLE_COLOUR('',#4246);
#4197=FILL_AREA_STYLE_COLOUR('',#4246);
#4198=FILL_AREA_STYLE_COLOUR('',#4246);
#4199=FILL_AREA_STYLE_COLOUR('',#4246);
#4200=FILL_AREA_STYLE_COLOUR('',#4246);
#4201=FILL_AREA_STYLE_COLOUR('',#4246);
#4202=FILL_AREA_STYLE_COLOUR('',#4246);
#4203=FILL_AREA_STYLE_COLOUR('',#4246);
#4204=FILL_AREA_STYLE_COLOUR('',#4246);
#4205=FILL_AREA_STYLE_COLOUR('',#4246);
#4206=FILL_AREA_STYLE_COLOUR('',#4246);
#4207=FILL_AREA_STYLE_COLOUR('',#4246);
#4208=FILL_AREA_STYLE_COLOUR('',#4246);
#4209=FILL_AREA_STYLE_COLOUR('',#4246);
#4210=FILL_AREA_STYLE_COLOUR('',#4246);
#4211=FILL_AREA_STYLE_COLOUR('',#4246);
#4212=FILL_AREA_STYLE_COLOUR('',#4246);
#4213=FILL_AREA_STYLE_COLOUR('',#4246);
#4214=FILL_AREA_STYLE_COLOUR('',#4246);
#4215=FILL_AREA_STYLE_COLOUR('',#4246);
#4216=FILL_AREA_STYLE_COLOUR('',#4246);
#4217=FILL_AREA_STYLE_COLOUR('',#4246);
#4218=FILL_AREA_STYLE_COLOUR('',#4246);
#4219=FILL_AREA_STYLE_COLOUR('',#4246);
#4220=FILL_AREA_STYLE_COLOUR('',#4246);
#4221=FILL_AREA_STYLE_COLOUR('',#4246);
#4222=FILL_AREA_STYLE_COLOUR('',#4246);
#4223=FILL_AREA_STYLE_COLOUR('',#4246);
#4224=FILL_AREA_STYLE_COLOUR('',#4246);
#4225=FILL_AREA_STYLE_COLOUR('',#4246);
#4226=FILL_AREA_STYLE_COLOUR('',#4246);
#4227=FILL_AREA_STYLE_COLOUR('',#4246);
#4228=FILL_AREA_STYLE_COLOUR('',#4246);
#4229=FILL_AREA_STYLE_COLOUR('',#4246);
#4230=FILL_AREA_STYLE_COLOUR('',#4246);
#4231=FILL_AREA_STYLE_COLOUR('',#4246);
#4232=FILL_AREA_STYLE_COLOUR('',#4246);
#4233=FILL_AREA_STYLE_COLOUR('',#4246);
#4234=FILL_AREA_STYLE_COLOUR('',#4246);
#4235=FILL_AREA_STYLE_COLOUR('',#4246);
#4236=FILL_AREA_STYLE_COLOUR('',#4246);
#4237=FILL_AREA_STYLE_COLOUR('',#4246);
#4238=FILL_AREA_STYLE_COLOUR('',#4246);
#4239=FILL_AREA_STYLE_COLOUR('',#4246);
#4240=FILL_AREA_STYLE_COLOUR('',#4246);
#4241=FILL_AREA_STYLE_COLOUR('',#4246);
#4242=FILL_AREA_STYLE_COLOUR('',#4246);
#4243=FILL_AREA_STYLE_COLOUR('',#4246);
#4244=FILL_AREA_STYLE_COLOUR('',#4246);
#4245=COLOUR_RGB('',0.749019607843137,0.749019607843137,0.749019607843137);
#4246=COLOUR_RGB('',1.,0.501960784313726,0.501960784313726);
#4247=MANIFOLD_SOLID_BREP('electronics_frame_split_1',#3437);
#4248=MANIFOLD_SOLID_BREP('electronics_frame_split_1',#3438);
#4249=SHAPE_DEFINITION_REPRESENTATION(#6471,#4251);
#4250=SHAPE_DEFINITION_REPRESENTATION(#6472,#4252);
#4251=SHAPE_REPRESENTATION('electronics_frame_split_1',(#4253),#6461);
#4252=SHAPE_REPRESENTATION('electronics_frame_split_1',(#4402),#6462);
#4253=AXIS2_PLACEMENT_3D('',#5418,#4519,#4520);
#4254=AXIS2_PLACEMENT_3D('',#5419,#4521,#4522);
#4255=AXIS2_PLACEMENT_3D('',#5420,#4523,#4524);
#4256=AXIS2_PLACEMENT_3D('',#5458,#4543,#4544);
#4257=AXIS2_PLACEMENT_3D('',#5463,#4547,#4548);
#4258=AXIS2_PLACEMENT_3D('',#5469,#4551,#4552);
#4259=AXIS2_PLACEMENT_3D('',#5473,#4554,#4555);
#4260=AXIS2_PLACEMENT_3D('',#5487,#4562,#4563);
#4261=AXIS2_PLACEMENT_3D('',#5492,#4566,#4567);
#4262=AXIS2_PLACEMENT_3D('',#5500,#4571,#4572);
#4263=AXIS2_PLACEMENT_3D('',#5512,#4579,#4580);
#4264=AXIS2_PLACEMENT_3D('',#5513,#4581,#4582);
#4265=AXIS2_PLACEMENT_3D('',#5525,#4589,#4590);
#4266=AXIS2_PLACEMENT_3D('',#5526,#4591,#4592);
#4267=AXIS2_PLACEMENT_3D('',#5530,#4594,#4595);
#4268=AXIS2_PLACEMENT_3D('',#5531,#4596,#4597);
#4269=AXIS2_PLACEMENT_3D('',#5554,#4610,#4611);
#4270=AXIS2_PLACEMENT_3D('',#5556,#4612,#4613);
#4271=AXIS2_PLACEMENT_3D('',#5562,#4617,#4618);
#4272=AXIS2_PLACEMENT_3D('',#5564,#4620,#4621);
#4273=AXIS2_PLACEMENT_3D('',#5566,#4623,#4624);
#4274=AXIS2_PLACEMENT_3D('',#5569,#4626,#4627);
#4275=AXIS2_PLACEMENT_3D('',#5570,#4628,#4629);
#4276=AXIS2_PLACEMENT_3D('',#5576,#4633,#4634);
#4277=AXIS2_PLACEMENT_3D('',#5577,#4635,#4636);
#4278=AXIS2_PLACEMENT_3D('',#5579,#4637,#4638);
#4279=AXIS2_PLACEMENT_3D('',#5582,#4640,#4641);
#4280=AXIS2_PLACEMENT_3D('',#5588,#4645,#4646);
#4281=AXIS2_PLACEMENT_3D('',#5589,#4647,#4648);
#4282=AXIS2_PLACEMENT_3D('',#5591,#4649,#4650);
#4283=AXIS2_PLACEMENT_3D('',#5594,#4652,#4653);
#4284=AXIS2_PLACEMENT_3D('',#5601,#4658,#4659);
#4285=AXIS2_PLACEMENT_3D('',#5605,#4661,#4662);
#4286=AXIS2_PLACEMENT_3D('',#5607,#4664,#4665);
#4287=AXIS2_PLACEMENT_3D('',#5617,#4671,#4672);
#4288=AXIS2_PLACEMENT_3D('',#5620,#4674,#4675);
#4289=AXIS2_PLACEMENT_3D('',#5622,#4676,#4677);
#4290=AXIS2_PLACEMENT_3D('',#5625,#4679,#4680);
#4291=AXIS2_PLACEMENT_3D('',#5646,#4681,#4682);
#4292=AXIS2_PLACEMENT_3D('',#5648,#4683,#4684);
#4293=AXIS2_PLACEMENT_3D('',#5649,#4685,#4686);
#4294=AXIS2_PLACEMENT_3D('',#5651,#4687,#4688);
#4295=AXIS2_PLACEMENT_3D('',#5655,#4691,#4692);
#4296=AXIS2_PLACEMENT_3D('',#5656,#4693,#4694);
#4297=AXIS2_PLACEMENT_3D('',#5660,#4696,#4697);
#4298=AXIS2_PLACEMENT_3D('',#5661,#4698,#4699);
#4299=AXIS2_PLACEMENT_3D('',#5669,#4704,#4705);
#4300=AXIS2_PLACEMENT_3D('',#5673,#4708,#4709);
#4301=AXIS2_PLACEMENT_3D('',#5676,#4711,#4712);
#4302=AXIS2_PLACEMENT_3D('',#5677,#4713,#4714);
#4303=AXIS2_PLACEMENT_3D('',#5683,#4718,#4719);
#4304=AXIS2_PLACEMENT_3D('',#5684,#4720,#4721);
#4305=AXIS2_PLACEMENT_3D('',#5687,#4723,#4724);
#4306=AXIS2_PLACEMENT_3D('',#5688,#4725,#4726);
#4307=AXIS2_PLACEMENT_3D('',#5689,#4727,#4728);
#4308=AXIS2_PLACEMENT_3D('',#5695,#4731,#4732);
#4309=AXIS2_PLACEMENT_3D('',#5700,#4735,#4736);
#4310=AXIS2_PLACEMENT_3D('',#5704,#4739,#4740);
#4311=AXIS2_PLACEMENT_3D('',#5705,#4741,#4742);
#4312=AXIS2_PLACEMENT_3D('',#5709,#4744,#4745);
#4313=AXIS2_PLACEMENT_3D('',#5713,#4747,#4748);
#4314=AXIS2_PLACEMENT_3D('',#5718,#4751,#4752);
#4315=AXIS2_PLACEMENT_3D('',#5722,#4755,#4756);
#4316=AXIS2_PLACEMENT_3D('',#5733,#4762,#4763);
#4317=AXIS2_PLACEMENT_3D('',#5734,#4764,#4765);
#4318=AXIS2_PLACEMENT_3D('',#5738,#4768,#4769);
#4319=AXIS2_PLACEMENT_3D('',#5739,#4770,#4771);
#4320=AXIS2_PLACEMENT_3D('',#5741,#4772,#4773);
#4321=AXIS2_PLACEMENT_3D('',#5744,#4775,#4776);
#4322=AXIS2_PLACEMENT_3D('',#5748,#4779,#4780);
#4323=AXIS2_PLACEMENT_3D('',#5749,#4781,#4782);
#4324=AXIS2_PLACEMENT_3D('',#5751,#4783,#4784);
#4325=AXIS2_PLACEMENT_3D('',#5757,#4787,#4788);
#4326=AXIS2_PLACEMENT_3D('',#5758,#4789,#4790);
#4327=AXIS2_PLACEMENT_3D('',#5760,#4792,#4793);
#4328=AXIS2_PLACEMENT_3D('',#5761,#4794,#4795);
#4329=AXIS2_PLACEMENT_3D('',#5763,#4797,#4798);
#4330=AXIS2_PLACEMENT_3D('',#5764,#4799,#4800);
#4331=AXIS2_PLACEMENT_3D('',#5766,#4801,#4802);
#4332=AXIS2_PLACEMENT_3D('',#5770,#4805,#4806);
#4333=AXIS2_PLACEMENT_3D('',#5772,#4808,#4809);
#4334=AXIS2_PLACEMENT_3D('',#5773,#4810,#4811);
#4335=AXIS2_PLACEMENT_3D('',#5775,#4813,#4814);
#4336=AXIS2_PLACEMENT_3D('',#5777,#4816,#4817);
#4337=AXIS2_PLACEMENT_3D('',#5783,#4821,#4822);
#4338=AXIS2_PLACEMENT_3D('',#5784,#4823,#4824);
#4339=AXIS2_PLACEMENT_3D('',#5786,#4825,#4826);
#4340=AXIS2_PLACEMENT_3D('',#5789,#4828,#4829);
#4341=AXIS2_PLACEMENT_3D('',#5795,#4833,#4834);
#4342=AXIS2_PLACEMENT_3D('',#5798,#4836,#4837);
#4343=AXIS2_PLACEMENT_3D('',#5799,#4838,#4839);
#4344=AXIS2_PLACEMENT_3D('',#5800,#4840,#4841);
#4345=AXIS2_PLACEMENT_3D('',#5802,#4843,#4844);
#4346=AXIS2_PLACEMENT_3D('',#5803,#4845,#4846);
#4347=AXIS2_PLACEMENT_3D('',#5805,#4847,#4848);
#4348=AXIS2_PLACEMENT_3D('',#5807,#4849,#4850);
#4349=AXIS2_PLACEMENT_3D('',#5808,#4851,#4852);
#4350=AXIS2_PLACEMENT_3D('',#5809,#4853,#4854);
#4351=AXIS2_PLACEMENT_3D('',#5810,#4855,#4856);
#4352=AXIS2_PLACEMENT_3D('',#5811,#4857,#4858);
#4353=AXIS2_PLACEMENT_3D('',#5815,#4860,#4861);
#4354=AXIS2_PLACEMENT_3D('',#5819,#4863,#4864);
#4355=AXIS2_PLACEMENT_3D('',#5820,#4865,#4866);
#4356=AXIS2_PLACEMENT_3D('',#5821,#4867,#4868);
#4357=AXIS2_PLACEMENT_3D('',#5822,#4869,#4870);
#4358=AXIS2_PLACEMENT_3D('',#5824,#4871,#4872);
#4359=AXIS2_PLACEMENT_3D('',#5825,#4873,#4874);
#4360=AXIS2_PLACEMENT_3D('',#5826,#4875,#4876);
#4361=AXIS2_PLACEMENT_3D('',#5827,#4877,#4878);
#4362=AXIS2_PLACEMENT_3D('',#5829,#4879,#4880);
#4363=AXIS2_PLACEMENT_3D('',#5832,#4883,#4884);
#4364=AXIS2_PLACEMENT_3D('',#5834,#4886,#4887);
#4365=AXIS2_PLACEMENT_3D('',#5835,#4888,#4889);
#4366=AXIS2_PLACEMENT_3D('',#5836,#4890,#4891);
#4367=AXIS2_PLACEMENT_3D('',#5838,#4892,#4893);
#4368=AXIS2_PLACEMENT_3D('',#5839,#4894,#4895);
#4369=AXIS2_PLACEMENT_3D('',#5842,#4897,#4898);
#4370=AXIS2_PLACEMENT_3D('',#5845,#4900,#4901);
#4371=AXIS2_PLACEMENT_3D('',#5848,#4903,#4904);
#4372=AXIS2_PLACEMENT_3D('',#5849,#4905,#4906);
#4373=AXIS2_PLACEMENT_3D('',#5851,#4908,#4909);
#4374=AXIS2_PLACEMENT_3D('',#5852,#4910,#4911);
#4375=AXIS2_PLACEMENT_3D('',#5853,#4912,#4913);
#4376=AXIS2_PLACEMENT_3D('',#5855,#4915,#4916);
#4377=AXIS2_PLACEMENT_3D('',#5856,#4917,#4918);
#4378=AXIS2_PLACEMENT_3D('',#5857,#4919,#4920);
#4379=AXIS2_PLACEMENT_3D('',#5861,#4923,#4924);
#4380=AXIS2_PLACEMENT_3D('',#5865,#4927,#4928);
#4381=AXIS2_PLACEMENT_3D('',#5867,#4930,#4931);
#4382=AXIS2_PLACEMENT_3D('',#5868,#4932,#4933);
#4383=AXIS2_PLACEMENT_3D('',#5869,#4934,#4935);
#4384=AXIS2_PLACEMENT_3D('',#5870,#4936,#4937);
#4385=AXIS2_PLACEMENT_3D('',#5877,#4941,#4942);
#4386=AXIS2_PLACEMENT_3D('',#5881,#4944,#4945);
#4387=AXIS2_PLACEMENT_3D('',#5885,#4948,#4949);
#4388=AXIS2_PLACEMENT_3D('',#5886,#4950,#4951);
#4389=AXIS2_PLACEMENT_3D('',#5887,#4952,#4953);
#4390=AXIS2_PLACEMENT_3D('',#5888,#4954,#4955);
#4391=AXIS2_PLACEMENT_3D('',#5889,#4956,#4957);
#4392=AXIS2_PLACEMENT_3D('',#5890,#4958,#4959);
#4393=AXIS2_PLACEMENT_3D('',#5891,#4960,#4961);
#4394=AXIS2_PLACEMENT_3D('',#5892,#4962,#4963);
#4395=AXIS2_PLACEMENT_3D('',#5893,#4964,#4965);
#4396=AXIS2_PLACEMENT_3D('',#5894,#4966,#4967);
#4397=AXIS2_PLACEMENT_3D('',#5896,#4969,#4970);
#4398=AXIS2_PLACEMENT_3D('',#5898,#4972,#4973);
#4399=AXIS2_PLACEMENT_3D('',#5899,#4974,#4975);
#4400=AXIS2_PLACEMENT_3D('',#5901,#4977,#4978);
#4401=AXIS2_PLACEMENT_3D('',#5903,#4980,#4981);
#4402=AXIS2_PLACEMENT_3D('',#5904,#4982,#4983);
#4403=AXIS2_PLACEMENT_3D('',#5905,#4984,#4985);
#4404=AXIS2_PLACEMENT_3D('',#5914,#4990,#4991);
#4405=AXIS2_PLACEMENT_3D('',#5915,#4992,#4993);
#4406=AXIS2_PLACEMENT_3D('',#5958,#5015,#5016);
#4407=AXIS2_PLACEMENT_3D('',#5969,#5022,#5023);
#4408=AXIS2_PLACEMENT_3D('',#5973,#5025,#5026);
#4409=AXIS2_PLACEMENT_3D('',#6035,#5057,#5058);
#4410=AXIS2_PLACEMENT_3D('',#6043,#5062,#5063);
#4411=AXIS2_PLACEMENT_3D('',#6050,#5067,#5068);
#4412=AXIS2_PLACEMENT_3D('',#6083,#5074,#5075);
#4413=AXIS2_PLACEMENT_3D('',#6084,#5076,#5077);
#4414=AXIS2_PLACEMENT_3D('',#6091,#5081,#5082);
#4415=AXIS2_PLACEMENT_3D('',#6092,#5083,#5084);
#4416=AXIS2_PLACEMENT_3D('',#6096,#5086,#5087);
#4417=AXIS2_PLACEMENT_3D('',#6100,#5089,#5090);
#4418=AXIS2_PLACEMENT_3D('',#6158,#5091,#5092);
#4419=AXIS2_PLACEMENT_3D('',#6167,#5098,#5099);
#4420=AXIS2_PLACEMENT_3D('',#6168,#5100,#5101);
#4421=AXIS2_PLACEMENT_3D('',#6169,#5102,#5103);
#4422=AXIS2_PLACEMENT_3D('',#6178,#5109,#5110);
#4423=AXIS2_PLACEMENT_3D('',#6185,#5115,#5116);
#4424=AXIS2_PLACEMENT_3D('',#6186,#5117,#5118);
#4425=AXIS2_PLACEMENT_3D('',#6188,#5119,#5120);
#4426=AXIS2_PLACEMENT_3D('',#6196,#5124,#5125);
#4427=AXIS2_PLACEMENT_3D('',#6202,#5129,#5130);
#4428=AXIS2_PLACEMENT_3D('',#6212,#5136,#5137);
#4429=AXIS2_PLACEMENT_3D('',#6216,#5140,#5141);
#4430=AXIS2_PLACEMENT_3D('',#6220,#5143,#5144);
#4431=AXIS2_PLACEMENT_3D('',#6230,#5150,#5151);
#4432=AXIS2_PLACEMENT_3D('',#6232,#5153,#5154);
#4433=AXIS2_PLACEMENT_3D('',#6238,#5158,#5159);
#4434=AXIS2_PLACEMENT_3D('',#6240,#5161,#5162);
#4435=AXIS2_PLACEMENT_3D('',#6241,#5163,#5164);
#4436=AXIS2_PLACEMENT_3D('',#6262,#5176,#5177);
#4437=AXIS2_PLACEMENT_3D('',#6263,#5178,#5179);
#4438=AXIS2_PLACEMENT_3D('',#6265,#5180,#5181);
#4439=AXIS2_PLACEMENT_3D('',#6266,#5182,#5183);
#4440=AXIS2_PLACEMENT_3D('',#6268,#5184,#5185);
#4441=AXIS2_PLACEMENT_3D('',#6270,#5186,#5187);
#4442=AXIS2_PLACEMENT_3D('',#6276,#5191,#5192);
#4443=AXIS2_PLACEMENT_3D('',#6279,#5195,#5196);
#4444=AXIS2_PLACEMENT_3D('',#6280,#5197,#5198);
#4445=AXIS2_PLACEMENT_3D('',#6281,#5199,#5200);
#4446=AXIS2_PLACEMENT_3D('',#6287,#5204,#5205);
#4447=AXIS2_PLACEMENT_3D('',#6289,#5207,#5208);
#4448=AXIS2_PLACEMENT_3D('',#6290,#5209,#5210);
#4449=AXIS2_PLACEMENT_3D('',#6292,#5211,#5212);
#4450=AXIS2_PLACEMENT_3D('',#6294,#5213,#5214);
#4451=AXIS2_PLACEMENT_3D('',#6296,#5216,#5217);
#4452=AXIS2_PLACEMENT_3D('',#6299,#5220,#5221);
#4453=AXIS2_PLACEMENT_3D('',#6306,#5226,#5227);
#4454=AXIS2_PLACEMENT_3D('',#6308,#5229,#5230);
#4455=AXIS2_PLACEMENT_3D('',#6309,#5231,#5232);
#4456=AXIS2_PLACEMENT_3D('',#6310,#5233,#5234);
#4457=AXIS2_PLACEMENT_3D('',#6311,#5235,#5236);
#4458=AXIS2_PLACEMENT_3D('',#6312,#5237,#5238);
#4459=AXIS2_PLACEMENT_3D('',#6316,#5240,#5241);
#4460=AXIS2_PLACEMENT_3D('',#6317,#5242,#5243);
#4461=AXIS2_PLACEMENT_3D('',#6320,#5245,#5246);
#4462=AXIS2_PLACEMENT_3D('',#6321,#5247,#5248);
#4463=AXIS2_PLACEMENT_3D('',#6322,#5249,#5250);
#4464=AXIS2_PLACEMENT_3D('',#6325,#5252,#5253);
#4465=AXIS2_PLACEMENT_3D('',#6327,#5255,#5256);
#4466=AXIS2_PLACEMENT_3D('',#6331,#5259,#5260);
#4467=AXIS2_PLACEMENT_3D('',#6335,#5263,#5264);
#4468=AXIS2_PLACEMENT_3D('',#6339,#5267,#5268);
#4469=AXIS2_PLACEMENT_3D('',#6343,#5271,#5272);
#4470=AXIS2_PLACEMENT_3D('',#6345,#5274,#5275);
#4471=AXIS2_PLACEMENT_3D('',#6351,#5278,#5279);
#4472=AXIS2_PLACEMENT_3D('',#6352,#5280,#5281);
#4473=AXIS2_PLACEMENT_3D('',#6355,#5283,#5284);
#4474=AXIS2_PLACEMENT_3D('',#6356,#5285,#5286);
#4475=AXIS2_PLACEMENT_3D('',#6359,#5289,#5290);
#4476=AXIS2_PLACEMENT_3D('',#6360,#5291,#5292);
#4477=AXIS2_PLACEMENT_3D('',#6362,#5293,#5294);
#4478=AXIS2_PLACEMENT_3D('',#6364,#5295,#5296);
#4479=AXIS2_PLACEMENT_3D('',#6365,#5297,#5298);
#4480=AXIS2_PLACEMENT_3D('',#6369,#5301,#5302);
#4481=AXIS2_PLACEMENT_3D('',#6370,#5303,#5304);
#4482=AXIS2_PLACEMENT_3D('',#6371,#5305,#5306);
#4483=AXIS2_PLACEMENT_3D('',#6373,#5308,#5309);
#4484=AXIS2_PLACEMENT_3D('',#6375,#5311,#5312);
#4485=AXIS2_PLACEMENT_3D('',#6377,#5314,#5315);
#4486=AXIS2_PLACEMENT_3D('',#6378,#5316,#5317);
#4487=AXIS2_PLACEMENT_3D('',#6380,#5319,#5320);
#4488=AXIS2_PLACEMENT_3D('',#6382,#5322,#5323);
#4489=AXIS2_PLACEMENT_3D('',#6386,#5327,#5328);
#4490=AXIS2_PLACEMENT_3D('',#6387,#5329,#5330);
#4491=AXIS2_PLACEMENT_3D('',#6389,#5332,#5333);
#4492=AXIS2_PLACEMENT_3D('',#6390,#5334,#5335);
#4493=AXIS2_PLACEMENT_3D('',#6392,#5337,#5338);
#4494=AXIS2_PLACEMENT_3D('',#6398,#5342,#5343);
#4495=AXIS2_PLACEMENT_3D('',#6404,#5347,#5348);
#4496=AXIS2_PLACEMENT_3D('',#6413,#5353,#5354);
#4497=AXIS2_PLACEMENT_3D('',#6416,#5357,#5358);
#4498=AXIS2_PLACEMENT_3D('',#6418,#5360,#5361);
#4499=AXIS2_PLACEMENT_3D('',#6419,#5362,#5363);
#4500=AXIS2_PLACEMENT_3D('',#6424,#5366,#5367);
#4501=AXIS2_PLACEMENT_3D('',#6425,#5368,#5369);
#4502=AXIS2_PLACEMENT_3D('',#6429,#5372,#5373);
#4503=AXIS2_PLACEMENT_3D('',#6433,#5376,#5377);
#4504=AXIS2_PLACEMENT_3D('',#6435,#5379,#5380);
#4505=AXIS2_PLACEMENT_3D('',#6438,#5383,#5384);
#4506=AXIS2_PLACEMENT_3D('',#6439,#5385,#5386);
#4507=AXIS2_PLACEMENT_3D('',#6441,#5388,#5389);
#4508=AXIS2_PLACEMENT_3D('',#6443,#5391,#5392);
#4509=AXIS2_PLACEMENT_3D('',#6444,#5393,#5394);
#4510=AXIS2_PLACEMENT_3D('',#6446,#5396,#5397);
#4511=AXIS2_PLACEMENT_3D('',#6448,#5399,#5400);
#4512=AXIS2_PLACEMENT_3D('',#6450,#5402,#5403);
#4513=AXIS2_PLACEMENT_3D('',#6451,#5404,#5405);
#4514=AXIS2_PLACEMENT_3D('',#6452,#5406,#5407);
#4515=AXIS2_PLACEMENT_3D('',#6453,#5408,#5409);
#4516=AXIS2_PLACEMENT_3D('',#6455,#5411,#5412);
#4517=AXIS2_PLACEMENT_3D('',#6457,#5414,#5415);
#4518=AXIS2_PLACEMENT_3D('',#6458,#5416,#5417);
#4519=DIRECTION('',(0.,0.,1.));
#4520=DIRECTION('',(1.,0.,0.));
#4521=DIRECTION('',(0.,0.,1.));
#4522=DIRECTION('',(-1.,0.,0.));
#4523=DIRECTION('',(2.65915313315886E-16,2.36962218074613E-31,1.));
#4524=DIRECTION('',(-1.,0.,0.));
#4525=DIRECTION('',(-1.,0.,0.));
#4526=DIRECTION('',(0.,-1.,0.));
#4527=DIRECTION('',(-1.,0.,2.65915313315886E-16));
#4528=DIRECTION('',(-6.66133814775094E-16,-1.,-5.26004541629525E-16));
#4529=DIRECTION('',(1.,-8.88178419700122E-16,-3.55808091073868E-15));
#4530=DIRECTION('',(0.,1.,0.));
#4531=DIRECTION('',(-1.,0.,2.65915313315886E-16));
#4532=DIRECTION('',(0.,-1.,0.));
#4533=DIRECTION('',(1.,1.07321559047099E-15,-2.65915313315886E-16));
#4534=DIRECTION('',(0.,-1.,0.));
#4535=DIRECTION('',(1.,3.70074341541719E-17,-3.46166542531739E-16));
#4536=DIRECTION('',(0.,-1.,0.));
#4537=DIRECTION('',(1.,0.,0.));
#4538=DIRECTION('',(0.,1.,-2.36962218074613E-31));
#4539=DIRECTION('',(1.,0.,-2.65915313315886E-16));
#4540=DIRECTION('',(0.,1.,-2.36962218074613E-31));
#4541=DIRECTION('',(-1.,0.,2.65915313315886E-16));
#4542=DIRECTION('',(0.,1.,0.));
#4543=DIRECTION('',(0.,1.,0.));
#4544=DIRECTION('',(0.,0.,1.));
#4545=DIRECTION('',(1.,0.,-2.63815372188156E-16));
#4546=DIRECTION('',(0.,0.,1.));
#4547=DIRECTION('',(0.,-1.,0.));
#4548=DIRECTION('',(-1.,0.,0.));
#4549=DIRECTION('',(0.483872748798184,0.,0.875138367899894));
#4550=DIRECTION('',(-1.,0.,0.));
#4551=DIRECTION('',(0.,-1.,0.));
#4552=DIRECTION('',(-1.,0.,0.));
#4553=DIRECTION('',(1.,0.,0.));
#4554=DIRECTION('',(0.,-1.,0.));
#4555=DIRECTION('',(0.866025403784437,0.,-0.5));
#4556=DIRECTION('',(3.33066907387547E-15,0.,1.));
#4557=DIRECTION('',(1.,0.,2.08166817117217E-15));
#4558=DIRECTION('',(-3.96508223080413E-15,0.,-1.));
#4559=DIRECTION('',(1.,-4.98043973663619E-16,-3.55808091073868E-15));
#4560=DIRECTION('',(5.39691748081593E-16,0.,-1.));
#4561=DIRECTION('',(1.,0.,0.));
#4562=DIRECTION('',(0.,1.,0.));
#4563=DIRECTION('',(1.,0.,0.));
#4564=DIRECTION('',(-1.,0.,0.));
#4565=DIRECTION('',(0.,0.,1.));
#4566=DIRECTION('',(0.,-1.,0.));
#4567=DIRECTION('',(0.,0.,-1.));
#4568=DIRECTION('',(-1.,0.,0.));
#4569=DIRECTION('',(0.,0.,1.));
#4570=DIRECTION('',(-1.,0.,2.65915313315886E-16));
#4571=DIRECTION('',(0.,-1.,0.));
#4572=DIRECTION('',(-0.707106781186548,0.,-0.707106781186548));
#4573=DIRECTION('',(1.,0.,5.15460690004528E-17));
#4574=DIRECTION('',(-3.96508223080413E-15,0.,-1.));
#4575=DIRECTION('',(-1.,1.33761810195802E-15,3.55808091073868E-15));
#4576=DIRECTION('',(-3.96508223080413E-15,0.,-1.));
#4577=DIRECTION('',(-3.33066907387547E-15,-2.9582283945788E-30,-1.));
#4578=DIRECTION('',(0.,0.,1.));
#4579=DIRECTION('',(1.,0.,0.));
#4580=DIRECTION('',(0.,1.,5.26004541629521E-16));
#4581=DIRECTION('',(1.,-1.99840144432528E-15,-3.33066907387547E-15));
#4582=DIRECTION('',(0.,0.707106781186548,0.707106781186548));
#4583=DIRECTION('',(-1.99840144432528E-15,-1.,0.));
#4584=DIRECTION('',(3.33066907387547E-15,0.,1.));
#4585=DIRECTION('',(0.,0.,1.));
#4586=DIRECTION('',(-2.15315980533364E-15,-1.,-5.2600454162952E-16));
#4587=DIRECTION('',(0.,1.,0.));
#4588=DIRECTION('',(-3.33066907387547E-15,0.,-1.));
#4589=DIRECTION('',(0.,-1.,0.));
#4590=DIRECTION('',(0.707106781186548,0.,-0.707106781186548));
#4591=DIRECTION('',(0.,-1.,0.));
#4592=DIRECTION('',(0.,0.,-1.));
#4593=DIRECTION('',(0.,-1.,0.));
#4594=DIRECTION('',(0.,-1.,0.));
#4595=DIRECTION('',(0.707106781186548,0.,-0.707106781186548));
#4596=DIRECTION('',(0.,0.,1.));
#4597=DIRECTION('',(-1.,0.,0.));
#4598=DIRECTION('',(0.,-1.,0.));
#4599=DIRECTION('',(0.,-1.,0.));
#4600=DIRECTION('',(-1.,0.,2.65915313315886E-16));
#4601=DIRECTION('',(4.04739862265666E-47,-1.,2.36962218074613E-31));
#4602=DIRECTION('',(1.,0.,-2.65915313315886E-16));
#4603=DIRECTION('',(-1.2375035568174E-16,1.,0.));
#4604=DIRECTION('',(1.,3.70074341541719E-17,-2.65915313315886E-16));
#4605=DIRECTION('',(0.,-1.,0.));
#4606=DIRECTION('',(1.,3.70074341541719E-17,-3.75660321008813E-15));
#4607=DIRECTION('',(0.,-1.,0.));
#4608=DIRECTION('',(1.,3.70074341541719E-17,-2.65915313315886E-16));
#4609=DIRECTION('',(0.,1.,0.));
#4610=DIRECTION('',(2.65915313315886E-16,2.36962218074613E-31,1.));
#4611=DIRECTION('',(-1.,0.,0.));
#4612=DIRECTION('',(0.,-1.,0.));
#4613=DIRECTION('',(0.,0.,-1.));
#4614=DIRECTION('',(3.33066907387547E-15,0.,1.));
#4615=DIRECTION('',(-1.,-3.22973970800045E-15,3.55808091073868E-15));
#4616=DIRECTION('',(-1.,-3.22973970800045E-15,3.55808091073868E-15));
#4617=DIRECTION('',(0.,0.,-1.));
#4618=DIRECTION('',(-1.,0.,0.));
#4619=DIRECTION('',(0.,1.,5.26004541629528E-16));
#4620=DIRECTION('',(3.55808091073868E-15,-5.26004541629528E-16,1.));
#4621=DIRECTION('',(-1.,-3.70074341541719E-16,4.44089209850062E-15));
#4622=DIRECTION('',(2.04964250700029E-15,1.,5.2600454162952E-16));
#4623=DIRECTION('',(0.,1.,0.));
#4624=DIRECTION('',(0.866025403784437,0.,-0.5));
#4625=DIRECTION('',(0.,1.,0.));
#4626=DIRECTION('',(0.,1.,0.));
#4627=DIRECTION('',(0.866025403784437,0.,-0.5));
#4628=DIRECTION('',(0.,1.,0.));
#4629=DIRECTION('',(-1.,0.,0.));
#4630=DIRECTION('',(1.,0.,0.));
#4631=DIRECTION('',(-1.,0.,0.));
#4632=DIRECTION('',(0.,0.,-1.));
#4633=DIRECTION('',(0.,0.,1.));
#4634=DIRECTION('',(0.707106781186549,-0.707106781186546,0.));
#4635=DIRECTION('',(0.,0.,1.));
#4636=DIRECTION('',(0.707106781186549,-0.707106781186546,0.));
#4637=DIRECTION('',(0.,0.,1.));
#4638=DIRECTION('',(0.707106781186549,-0.707106781186546,0.));
#4639=DIRECTION('',(0.,0.,1.));
#4640=DIRECTION('',(-1.,0.,0.));
#4641=DIRECTION('',(0.,-1.,0.));
#4642=DIRECTION('',(4.86673106685E-16,1.,0.));
#4643=DIRECTION('',(-4.86673106685E-16,-1.,0.));
#4644=DIRECTION('',(0.,0.,-1.));
#4645=DIRECTION('',(0.,0.,-1.));
#4646=DIRECTION('',(0.707106781186546,0.707106781186549,0.));
#4647=DIRECTION('',(0.,0.,1.));
#4648=DIRECTION('',(0.707106781186548,0.707106781186548,0.));
#4649=DIRECTION('',(0.,0.,1.));
#4650=DIRECTION('',(0.707106781186546,0.707106781186549,0.));
#4651=DIRECTION('',(0.,0.,1.));
#4652=DIRECTION('',(0.,-1.,0.));
#4653=DIRECTION('',(1.,0.,0.));
#4654=DIRECTION('',(-1.,0.,0.));
#4655=DIRECTION('',(-1.,0.,1.67580833905684E-16));
#4656=DIRECTION('',(0.,0.,1.));
#4657=DIRECTION('',(0.,0.,1.));
#4658=DIRECTION('',(-1.,0.,0.));
#4659=DIRECTION('',(0.,0.,1.));
#4660=DIRECTION('',(0.,-1.,0.));
#4661=DIRECTION('',(-1.,0.,0.));
#4662=DIRECTION('',(0.,-0.707106781186548,0.707106781186548));
#4663=DIRECTION('',(0.,0.,-1.));
#4664=DIRECTION('',(0.,0.,1.));
#4665=DIRECTION('',(1.,0.,0.));
#4666=DIRECTION('',(0.,-1.,0.));
#4667=DIRECTION('',(-1.,-3.70074341541719E-17,0.));
#4668=DIRECTION('',(1.,0.,0.));
#4669=DIRECTION('',(0.,1.,0.));
#4670=DIRECTION('',(-1.,0.,0.));
#4671=DIRECTION('',(-3.70074341541719E-17,1.,0.));
#4672=DIRECTION('',(-1.,-3.70074341541719E-17,-1.46998609551795E-30));
#4673=DIRECTION('',(0.,0.,-1.));
#4674=DIRECTION('',(0.,1.,0.));
#4675=DIRECTION('',(1.,0.,0.));
#4676=DIRECTION('',(1.07321559047099E-15,-1.,0.));
#4677=DIRECTION('',(1.,0.,0.));
#4678=DIRECTION('',(3.96508223080414E-16,4.25538806759847E-31,1.));
#4679=DIRECTION('',(0.,0.,-1.));
#4680=DIRECTION('',(-1.,0.,0.));
#4681=DIRECTION('',(4.44089209850062E-15,0.,1.));
#4682=DIRECTION('',(1.,3.70074341541719E-16,-4.44089209850062E-15));
#4683=DIRECTION('',(0.,0.,-1.));
#4684=DIRECTION('',(-1.,0.,0.));
#4685=DIRECTION('',(4.44089209850062E-15,0.,1.));
#4686=DIRECTION('',(1.,3.70074341541719E-16,-4.44089209850062E-15));
#4687=DIRECTION('',(1.,0.,0.));
#4688=DIRECTION('',(0.,1.46737519572361E-32,1.));
#4689=DIRECTION('',(0.,1.,0.));
#4690=DIRECTION('',(-3.96508223080414E-16,-1.46737519572361E-32,-1.));
#4691=DIRECTION('',(-3.70074341541719E-17,1.,0.));
#4692=DIRECTION('',(0.,0.,1.));
#4693=DIRECTION('',(3.70074341541719E-17,-1.,0.));
#4694=DIRECTION('',(-1.,-3.70074341541719E-17,0.));
#4695=DIRECTION('',(8.70720259448067E-15,3.22231226682278E-31,1.));
#4696=DIRECTION('',(-3.70074341541719E-17,1.,0.));
#4697=DIRECTION('',(1.,3.70074341541719E-17,0.));
#4698=DIRECTION('',(-1.,0.,0.));
#4699=DIRECTION('',(0.,0.,-1.));
#4700=DIRECTION('',(3.01129516342047E-15,0.,1.));
#4701=DIRECTION('',(0.,-1.,0.));
#4702=DIRECTION('',(0.,0.,-1.));
#4703=DIRECTION('',(0.,1.,0.));
#4704=DIRECTION('',(1.,0.,0.));
#4705=DIRECTION('',(0.,0.,1.));
#4706=DIRECTION('',(0.,-1.,0.));
#4707=DIRECTION('',(0.,0.,-1.));
#4708=DIRECTION('',(0.,1.,0.));
#4709=DIRECTION('',(0.,0.,1.));
#4710=DIRECTION('',(-1.,0.,1.61486985400023E-16));
#4711=DIRECTION('',(0.,-1.,0.));
#4712=DIRECTION('',(-1.,0.,0.));
#4713=DIRECTION('',(0.,-1.,0.));
#4714=DIRECTION('',(-1.,0.,0.));
#4715=DIRECTION('',(0.,1.,0.));
#4716=DIRECTION('',(0.,1.,0.));
#4717=DIRECTION('',(0.,1.,0.));
#4718=DIRECTION('',(0.,1.,0.));
#4719=DIRECTION('',(-1.,0.,0.));
#4720=DIRECTION('',(0.,-1.,0.));
#4721=DIRECTION('',(-1.,0.,0.));
#4722=DIRECTION('',(0.,-1.,0.));
#4723=DIRECTION('',(0.,1.,0.));
#4724=DIRECTION('',(1.,0.,0.));
#4725=DIRECTION('',(0.,1.,0.));
#4726=DIRECTION('',(0.,0.,1.));
#4727=DIRECTION('',(0.,1.,0.));
#4728=DIRECTION('',(1.,0.,0.));
#4729=DIRECTION('',(-1.,0.,0.));
#4730=DIRECTION('',(-1.11022302462516E-15,0.,-1.));
#4731=DIRECTION('',(0.,1.,0.));
#4732=DIRECTION('',(-0.707106781186548,0.,-0.707106781186548));
#4733=DIRECTION('',(-1.,0.,1.61486985400023E-16));
#4734=DIRECTION('',(1.70803542250024E-16,0.,1.));
#4735=DIRECTION('',(-1.,0.,0.));
#4736=DIRECTION('',(0.,0.,-1.));
#4737=DIRECTION('',(0.,1.,0.));
#4738=DIRECTION('',(0.,0.,-1.));
#4739=DIRECTION('',(0.,-1.,0.));
#4740=DIRECTION('',(1.,0.,0.));
#4741=DIRECTION('',(0.,-1.,0.));
#4742=DIRECTION('',(1.,0.,0.));
#4743=DIRECTION('',(-1.,0.,1.61486985400023E-16));
#4744=DIRECTION('',(0.,-1.,0.));
#4745=DIRECTION('',(-0.707106781186548,0.,-0.707106781186548));
#4746=DIRECTION('',(-1.11022302462516E-15,0.,-1.));
#4747=DIRECTION('',(0.,-1.,0.));
#4748=DIRECTION('',(-1.,0.,0.));
#4749=DIRECTION('',(-1.,6.16790569236211E-17,4.44089209850062E-15));
#4750=DIRECTION('',(4.44089209850062E-15,0.,1.));
#4751=DIRECTION('',(1.,0.,0.));
#4752=DIRECTION('',(0.,1.,-9.12258256649267E-30));
#4753=DIRECTION('',(-1.12143739861127E-16,-1.,4.98018248245586E-31));
#4754=DIRECTION('',(0.,0.,1.));
#4755=DIRECTION('',(-3.70074341541719E-17,1.,0.));
#4756=DIRECTION('',(-1.,-3.70074341541719E-17,-1.46998609551795E-30));
#4757=DIRECTION('',(-2.11471052309557E-15,-7.82600104385938E-32,1.));
#4758=DIRECTION('',(1.,4.93432455388957E-16,-4.44089209850062E-15));
#4759=DIRECTION('',(-4.44089209850063E-15,0.,-1.));
#4760=DIRECTION('',(1.,3.70074341541719E-16,-4.44089209850062E-15));
#4761=DIRECTION('',(-4.44089209850063E-15,0.,-1.));
#4762=DIRECTION('',(3.70074341541719E-17,-1.,0.));
#4763=DIRECTION('',(1.,0.,0.));
#4764=DIRECTION('',(1.,0.,0.));
#4765=DIRECTION('',(0.,-7.82600104385938E-32,1.));
#4766=DIRECTION('',(0.,1.,0.));
#4767=DIRECTION('',(2.11471052309557E-15,7.82600104385938E-32,-1.));
#4768=DIRECTION('',(-3.70074341541719E-17,1.,0.));
#4769=DIRECTION('',(0.,0.,1.));
#4770=DIRECTION('',(3.70074341541719E-17,-1.,0.));
#4771=DIRECTION('',(-1.,-3.70074341541719E-17,0.));
#4772=DIRECTION('',(-3.70074341541719E-17,1.,0.));
#4773=DIRECTION('',(1.,3.70074341541719E-17,0.));
#4774=DIRECTION('',(4.22942104619111E-15,1.56520020877186E-31,1.));
#4775=DIRECTION('',(-1.,0.,0.));
#4776=DIRECTION('',(0.,-1.56520020877186E-31,-1.));
#4777=DIRECTION('',(-4.22942104619111E-15,-1.56520020877186E-31,-1.));
#4778=DIRECTION('',(0.,1.,0.));
#4779=DIRECTION('',(-3.70074341541719E-17,1.,0.));
#4780=DIRECTION('',(-1.,-3.70074341541719E-17,-1.46998609551795E-30));
#4781=DIRECTION('',(3.70074341541719E-17,-1.,0.));
#4782=DIRECTION('',(1.,0.,0.));
#4783=DIRECTION('',(0.,-1.,0.));
#4784=DIRECTION('',(-0.707106781186548,0.,-0.707106781186547));
#4785=DIRECTION('',(-2.22044604925032E-15,0.,1.));
#4786=DIRECTION('',(1.,0.,0.));
#4787=DIRECTION('',(0.,1.,0.));
#4788=DIRECTION('',(-0.707106781186548,0.,-0.707106781186548));
#4789=DIRECTION('',(0.,1.,0.));
#4790=DIRECTION('',(-0.707106781186548,0.,-0.707106781186548));
#4791=DIRECTION('',(0.,1.,0.));
#4792=DIRECTION('',(-1.,0.,0.));
#4793=DIRECTION('',(0.,-1.,-5.26004541629525E-16));
#4794=DIRECTION('',(-1.,0.,0.));
#4795=DIRECTION('',(0.,-1.,-5.26004541629525E-16));
#4796=DIRECTION('',(0.,-1.,-5.26004541629528E-16));
#4797=DIRECTION('',(0.,0.,-1.));
#4798=DIRECTION('',(-1.,-3.70074341541719E-16,0.));
#4799=DIRECTION('',(-4.44089209850062E-15,0.,-1.));
#4800=DIRECTION('',(-1.,-3.70074341541719E-16,4.44089209850062E-15));
#4801=DIRECTION('',(0.875138367899894,0.,-0.483872748798184));
#4802=DIRECTION('',(-0.483872748798184,0.,-0.875138367899894));
#4803=DIRECTION('',(0.483872748798184,0.,0.875138367899894));
#4804=DIRECTION('',(0.,-1.,0.));
#4805=DIRECTION('',(0.,0.,1.));
#4806=DIRECTION('',(-1.,0.,0.));
#4807=DIRECTION('',(-1.,0.,0.));
#4808=DIRECTION('',(0.,0.,1.));
#4809=DIRECTION('',(1.,0.,0.));
#4810=DIRECTION('',(0.,0.,-1.));
#4811=DIRECTION('',(-1.,0.,0.));
#4812=DIRECTION('',(0.,1.,5.26004541629528E-16));
#4813=DIRECTION('',(1.,0.,0.));
#4814=DIRECTION('',(0.,0.,-1.));
#4815=DIRECTION('',(0.,1.,0.));
#4816=DIRECTION('',(0.,0.,1.));
#4817=DIRECTION('',(1.,0.,0.));
#4818=DIRECTION('',(0.,1.,0.));
#4819=DIRECTION('',(1.,0.,0.));
#4820=DIRECTION('',(0.,1.,0.));
#4821=DIRECTION('',(0.,-1.,0.));
#4822=DIRECTION('',(0.,0.,-1.));
#4823=DIRECTION('',(0.,-1.,0.));
#4824=DIRECTION('',(0.,0.,-1.));
#4825=DIRECTION('',(0.,1.,0.));
#4826=DIRECTION('',(0.,0.,-1.));
#4827=DIRECTION('',(0.,-1.,0.));
#4828=DIRECTION('',(0.,0.,-1.));
#4829=DIRECTION('',(1.,0.,0.));
#4830=DIRECTION('',(-1.,0.,7.4014868308344E-16));
#4831=DIRECTION('',(0.,-1.,0.));
#4832=DIRECTION('',(1.,0.,-7.4014868308344E-16));
#4833=DIRECTION('',(0.,-1.,0.));
#4834=DIRECTION('',(1.,0.,0.));
#4835=DIRECTION('',(0.,-1.,0.));
#4836=DIRECTION('',(0.,-1.,0.));
#4837=DIRECTION('',(1.,0.,0.));
#4838=DIRECTION('',(0.,1.,0.));
#4839=DIRECTION('',(1.,0.,0.));
#4840=DIRECTION('',(-1.,0.,0.));
#4841=DIRECTION('',(0.,0.,-1.));
#4842=DIRECTION('',(0.,0.,1.));
#4843=DIRECTION('',(0.,-1.,0.));
#4844=DIRECTION('',(1.,0.,0.));
#4845=DIRECTION('',(-3.70074341541719E-17,1.,0.));
#4846=DIRECTION('',(1.,0.,0.));
#4847=DIRECTION('',(0.,1.,0.));
#4848=DIRECTION('',(1.,0.,0.));
#4849=DIRECTION('',(0.,1.,0.));
#4850=DIRECTION('',(-0.288675134594816,0.,-0.957427107756337));
#4851=DIRECTION('',(-3.70074341541719E-17,1.,0.));
#4852=DIRECTION('',(1.,3.70074341541719E-17,0.));
#4853=DIRECTION('',(0.,0.,-1.));
#4854=DIRECTION('',(-1.,0.,0.));
#4855=DIRECTION('',(-4.44089209850062E-15,0.,-1.));
#4856=DIRECTION('',(-1.,-3.70074341541719E-16,4.44089209850062E-15));
#4857=DIRECTION('',(0.,-1.,0.));
#4858=DIRECTION('',(1.,0.,0.));
#4859=DIRECTION('',(0.,1.,0.));
#4860=DIRECTION('',(0.,1.,0.));
#4861=DIRECTION('',(1.,0.,0.));
#4862=DIRECTION('',(0.,-1.,0.));
#4863=DIRECTION('',(0.,1.,0.));
#4864=DIRECTION('',(1.,0.,0.));
#4865=DIRECTION('',(0.,0.,-1.));
#4866=DIRECTION('',(-1.,0.,0.));
#4867=DIRECTION('',(0.,-1.,0.));
#4868=DIRECTION('',(1.,0.,0.));
#4869=DIRECTION('',(3.70074341541719E-17,-1.,0.));
#4870=DIRECTION('',(1.,3.70074341541719E-17,0.));
#4871=DIRECTION('',(-3.70074341541719E-17,1.,0.));
#4872=DIRECTION('',(-1.,-3.70074341541719E-17,-1.46998609551795E-30));
#4873=DIRECTION('',(0.,1.,0.));
#4874=DIRECTION('',(-1.,0.,0.));
#4875=DIRECTION('',(0.,-1.,0.));
#4876=DIRECTION('',(1.,0.,0.));
#4877=DIRECTION('',(0.,1.,0.));
#4878=DIRECTION('',(1.,0.,0.));
#4879=DIRECTION('',(1.,0.,0.));
#4880=DIRECTION('',(0.,0.,-1.));
#4881=DIRECTION('',(0.,1.,0.));
#4882=DIRECTION('',(-1.11022302462516E-15,0.,-1.));
#4883=DIRECTION('',(0.,1.,0.));
#4884=DIRECTION('',(-0.707106781186548,0.,-0.707106781186548));
#4885=DIRECTION('',(0.,-1.,0.));
#4886=DIRECTION('',(0.,0.,-1.));
#4887=DIRECTION('',(-1.,0.,0.));
#4888=DIRECTION('',(0.,-1.,0.));
#4889=DIRECTION('',(1.,0.,0.));
#4890=DIRECTION('',(0.,-1.,0.));
#4891=DIRECTION('',(1.,0.,0.));
#4892=DIRECTION('',(0.,1.,0.));
#4893=DIRECTION('',(-0.707106781186548,0.,-0.707106781186547));
#4894=DIRECTION('',(0.,-1.,0.));
#4895=DIRECTION('',(-0.707106781186548,0.,-0.707106781186547));
#4896=DIRECTION('',(0.,1.,0.));
#4897=DIRECTION('',(0.,1.,0.));
#4898=DIRECTION('',(-1.,0.,0.));
#4899=DIRECTION('',(0.,1.,0.));
#4900=DIRECTION('',(0.,0.,-1.));
#4901=DIRECTION('',(-1.,0.,0.));
#4902=DIRECTION('',(1.,4.93432455388957E-16,-4.44089209850062E-15));
#4903=DIRECTION('',(4.44089209850062E-15,0.,1.));
#4904=DIRECTION('',(-1.,-3.70074341541719E-16,4.44089209850063E-15));
#4905=DIRECTION('',(0.,0.,-1.));
#4906=DIRECTION('',(1.44194978111395E-15,-1.,0.));
#4907=DIRECTION('',(-4.44089209850063E-15,0.,-1.));
#4908=DIRECTION('',(0.,1.,0.));
#4909=DIRECTION('',(1.,0.,0.));
#4910=DIRECTION('',(-3.70074341541719E-17,1.,0.));
#4911=DIRECTION('',(1.,3.70074341541719E-17,0.));
#4912=DIRECTION('',(-1.,0.,0.));
#4913=DIRECTION('',(0.,0.,-1.));
#4914=DIRECTION('',(0.,0.,1.));
#4915=DIRECTION('',(0.,-1.,0.));
#4916=DIRECTION('',(1.,0.,0.));
#4917=DIRECTION('',(-3.70074341541719E-17,1.,0.));
#4918=DIRECTION('',(0.,0.,1.));
#4919=DIRECTION('',(0.,-1.,0.));
#4920=DIRECTION('',(0.,0.,-1.));
#4921=DIRECTION('',(0.,0.,-1.));
#4922=DIRECTION('',(-1.,7.64428064018384E-16,0.));
#4923=DIRECTION('',(0.,0.,1.));
#4924=DIRECTION('',(1.,0.,0.));
#4925=DIRECTION('',(-5.19123952648196E-17,1.,0.));
#4926=DIRECTION('',(1.,0.,0.));
#4927=DIRECTION('',(0.,1.,0.));
#4928=DIRECTION('',(0.,0.,1.));
#4929=DIRECTION('',(0.,0.,-1.));
#4930=DIRECTION('',(1.,5.19123952648196E-17,0.));
#4931=DIRECTION('',(5.19123952648196E-17,-1.,0.));
#4932=DIRECTION('',(0.,1.,0.));
#4933=DIRECTION('',(0.,0.,1.));
#4934=DIRECTION('',(-3.70074341541719E-17,1.,0.));
#4935=DIRECTION('',(-1.,-3.70074341541719E-17,-1.46998609551795E-30));
#4936=DIRECTION('',(0.,0.,1.));
#4937=DIRECTION('',(1.,0.,0.));
#4938=DIRECTION('',(0.,-1.,0.));
#4939=DIRECTION('',(1.,0.,0.));
#4940=DIRECTION('',(-1.,0.,0.));
#4941=DIRECTION('',(0.,0.,-1.));
#4942=DIRECTION('',(0.707106781186549,-0.707106781186546,0.));
#4943=DIRECTION('',(-4.86673106685E-16,-1.,0.));
#4944=DIRECTION('',(0.,0.,-1.));
#4945=DIRECTION('',(0.707106781186548,0.707106781186548,0.));
#4946=DIRECTION('',(1.,0.,0.));
#4947=DIRECTION('',(1.,0.,0.));
#4948=DIRECTION('',(-1.,0.,0.));
#4949=DIRECTION('',(0.,0.707106781186548,0.707106781186548));
#4950=DIRECTION('',(-1.,0.,0.));
#4951=DIRECTION('',(0.,0.,1.));
#4952=DIRECTION('',(0.,0.,-1.));
#4953=DIRECTION('',(-1.,0.,0.));
#4954=DIRECTION('',(0.,-1.,0.));
#4955=DIRECTION('',(0.,0.,1.));
#4956=DIRECTION('',(0.,-1.,0.));
#4957=DIRECTION('',(-0.707106781186546,0.,0.707106781186549));
#4958=DIRECTION('',(0.,-1.,0.));
#4959=DIRECTION('',(0.,0.,1.));
#4960=DIRECTION('',(0.,0.,-1.));
#4961=DIRECTION('',(-1.,0.,0.));
#4962=DIRECTION('',(1.,0.,0.));
#4963=DIRECTION('',(0.,0.,1.));
#4964=DIRECTION('',(1.,0.,0.));
#4965=DIRECTION('',(0.,-0.707106781186548,0.707106781186548));
#4966=DIRECTION('',(0.,-1.,0.));
#4967=DIRECTION('',(0.,0.,-1.));
#4968=DIRECTION('',(0.,0.,-1.));
#4969=DIRECTION('',(0.,-1.,0.));
#4970=DIRECTION('',(-1.,0.,0.));
#4971=DIRECTION('',(0.,0.,1.));
#4972=DIRECTION('',(-1.,0.,0.));
#4973=DIRECTION('',(0.,0.,1.));
#4974=DIRECTION('',(-1.,0.,0.));
#4975=DIRECTION('',(0.,0.,1.));
#4976=DIRECTION('',(0.,-1.,0.));
#4977=DIRECTION('',(-1.,0.,0.));
#4978=DIRECTION('',(0.,0.,1.));
#4979=DIRECTION('',(0.,-1.,0.));
#4980=DIRECTION('',(0.,0.,1.));
#4981=DIRECTION('',(1.,0.,0.));
#4982=DIRECTION('',(0.,0.,1.));
#4983=DIRECTION('',(1.,0.,0.));
#4984=DIRECTION('',(-1.,0.,0.));
#4985=DIRECTION('',(0.,1.,-4.1409740014084E-31));
#4986=DIRECTION('',(6.66133814775097E-16,1.,0.));
#4987=DIRECTION('',(0.,0.,1.));
#4988=DIRECTION('',(-6.66133814775097E-16,-1.,4.1409740014084E-31));
#4989=DIRECTION('',(0.,0.,1.));
#4990=DIRECTION('',(0.,0.,-1.));
#4991=DIRECTION('',(-1.,0.,0.));
#4992=DIRECTION('',(2.65915313315886E-16,2.36962218074613E-31,1.));
#4993=DIRECTION('',(-1.,0.,0.));
#4994=DIRECTION('',(0.,1.,0.));
#4995=DIRECTION('',(-1.,0.,0.));
#4996=DIRECTION('',(-1.,0.,2.65915313315886E-16));
#4997=DIRECTION('',(0.,1.,0.));
#4998=DIRECTION('',(1.,0.,-2.65915313315886E-16));
#4999=DIRECTION('',(0.,1.,0.));
#5000=DIRECTION('',(-1.,0.,2.65915313315886E-16));
#5001=DIRECTION('',(0.,1.,-2.36962218074613E-31));
#5002=DIRECTION('',(1.,0.,-2.65915313315886E-16));
#5003=DIRECTION('',(0.,1.,-2.36962218074613E-31));
#5004=DIRECTION('',(-1.,0.,2.65915313315886E-16));
#5005=DIRECTION('',(0.,1.,0.));
#5006=DIRECTION('',(1.,0.,0.));
#5007=DIRECTION('',(0.,-1.,0.));
#5008=DIRECTION('',(1.,1.07321559047099E-15,-2.65915313315886E-16));
#5009=DIRECTION('',(0.,-1.,0.));
#5010=DIRECTION('',(-1.,0.,2.65915313315886E-16));
#5011=DIRECTION('',(4.44089209850065E-16,-1.,0.));
#5012=DIRECTION('',(-1.,1.48029736616687E-15,0.));
#5013=DIRECTION('',(6.66133814775097E-16,1.,0.));
#5014=DIRECTION('',(-1.,0.,0.));
#5015=DIRECTION('',(0.,0.,-1.));
#5016=DIRECTION('',(-1.,0.,0.));
#5017=DIRECTION('',(1.,0.,0.));
#5018=DIRECTION('',(0.,-1.,0.));
#5019=DIRECTION('',(1.,0.,0.));
#5020=DIRECTION('',(-6.66133814775097E-16,-1.,4.1409740014084E-31));
#5021=DIRECTION('',(1.,-1.48029736616687E-15,-2.65915313315886E-16));
#5022=DIRECTION('',(2.65915313315886E-16,2.36962218074613E-31,1.));
#5023=DIRECTION('',(-1.,0.,0.));
#5024=DIRECTION('',(1.11022302462516E-15,-1.,-5.82630853690964E-32));
#5025=DIRECTION('',(2.65915313315886E-16,2.36962218074613E-31,1.));
#5026=DIRECTION('',(0.,1.,0.));
#5027=DIRECTION('',(-1.,1.11022302462516E-15,2.65915313315886E-16));
#5028=DIRECTION('',(0.,1.,-2.36962218074613E-31));
#5029=DIRECTION('',(1.,-1.48029736616687E-15,-2.65915313315886E-16));
#5030=DIRECTION('',(-4.44089209850065E-16,1.,-1.18872096697129E-31));
#5031=DIRECTION('',(-1.,0.,0.));
#5032=DIRECTION('',(0.,-1.,0.));
#5033=DIRECTION('',(1.,0.,-7.4014868308344E-16));
#5034=DIRECTION('',(0.,1.,0.));
#5035=DIRECTION('',(-1.,0.,0.));
#5036=DIRECTION('',(0.,-1.,0.));
#5037=DIRECTION('',(1.,0.,0.));
#5038=DIRECTION('',(0.,1.,0.));
#5039=DIRECTION('',(-1.,0.,-2.63815372188156E-16));
#5040=DIRECTION('',(0.,-1.,0.));
#5041=DIRECTION('',(1.,0.,1.43254583822601E-16));
#5042=DIRECTION('',(0.,-1.,0.));
#5043=DIRECTION('',(1.,3.70074341541719E-17,0.));
#5044=DIRECTION('',(0.,1.,0.));
#5045=DIRECTION('',(-1.,0.,0.));
#5046=DIRECTION('',(0.,-1.,0.));
#5047=DIRECTION('',(1.,0.,-2.63815372188156E-16));
#5048=DIRECTION('',(-1.,6.3011882463338E-47,2.65915313315886E-16));
#5049=DIRECTION('',(0.,1.,-2.36962218074613E-31));
#5050=DIRECTION('',(1.,0.,0.));
#5051=DIRECTION('',(0.,-1.,0.));
#5052=DIRECTION('',(-1.,0.,-2.63815372188156E-16));
#5053=DIRECTION('',(1.,-6.3011882463338E-47,-2.65915313315886E-16));
#5054=DIRECTION('',(0.,-1.,2.36962218074613E-31));
#5055=DIRECTION('',(-1.,6.3011882463338E-47,2.65915313315886E-16));
#5056=DIRECTION('',(1.,0.,-2.63815372188156E-16));
#5057=DIRECTION('',(2.65915313315886E-16,2.36962218074613E-31,1.));
#5058=DIRECTION('',(1.,-6.3011882463338E-47,-2.65915313315886E-16));
#5059=DIRECTION('',(2.37904933848248E-16,1.,-3.00224783098265E-31));
#5060=DIRECTION('',(1.,2.64338815386942E-16,-2.65915313315886E-16));
#5061=DIRECTION('',(0.,-1.,2.36962218074613E-31));
#5062=DIRECTION('',(2.65915313315886E-16,2.36962218074613E-31,1.));
#5063=DIRECTION('',(-1.,6.3011882463338E-47,2.65915313315886E-16));
#5064=DIRECTION('',(1.,0.,-2.63815372188156E-16));
#5065=DIRECTION('',(0.,-1.,0.));
#5066=DIRECTION('',(-1.,0.,0.));
#5067=DIRECTION('',(0.,1.,0.));
#5068=DIRECTION('',(0.,0.,1.));
#5069=DIRECTION('',(0.,0.,1.));
#5070=DIRECTION('',(0.,0.,1.));
#5071=DIRECTION('',(1.,0.,-2.63815372188156E-16));
#5072=DIRECTION('',(0.,0.,1.));
#5073=DIRECTION('',(0.,0.,1.));
#5074=DIRECTION('',(0.,-1.,0.));
#5075=DIRECTION('',(-1.,0.,0.));
#5076=DIRECTION('',(0.,-1.,0.));
#5077=DIRECTION('',(0.,0.,-1.));
#5078=DIRECTION('',(-1.,0.,2.65915313315886E-16));
#5079=DIRECTION('',(0.,0.,1.));
#5080=DIRECTION('',(0.,0.,1.));
#5081=DIRECTION('',(0.,-1.,0.));
#5082=DIRECTION('',(-0.707106781186548,0.,-0.707106781186548));
#5083=DIRECTION('',(0.,1.,0.));
#5084=DIRECTION('',(1.,0.,0.));
#5085=DIRECTION('',(0.,-1.,0.));
#5086=DIRECTION('',(0.,-1.,0.));
#5087=DIRECTION('',(1.,0.,0.));
#5088=DIRECTION('',(0.,-1.,0.));
#5089=DIRECTION('',(0.,1.,0.));
#5090=DIRECTION('',(1.,0.,0.));
#5091=DIRECTION('',(-1.,0.,0.));
#5092=DIRECTION('',(0.,0.,1.));
#5093=DIRECTION('',(0.,1.,0.));
#5094=DIRECTION('',(0.,0.,1.));
#5095=DIRECTION('',(0.,0.,1.));
#5096=DIRECTION('',(0.,1.,0.));
#5097=DIRECTION('',(0.,0.,1.));
#5098=DIRECTION('',(0.,1.,0.));
#5099=DIRECTION('',(1.,0.,0.));
#5100=DIRECTION('',(0.,-1.,0.));
#5101=DIRECTION('',(-1.,0.,0.));
#5102=DIRECTION('',(0.,1.,0.));
#5103=DIRECTION('',(0.,0.,1.));
#5104=DIRECTION('',(0.,0.,-1.));
#5105=DIRECTION('',(-1.,0.,2.65915313315886E-16));
#5106=DIRECTION('',(1.70803542250024E-16,0.,1.));
#5107=DIRECTION('',(1.,0.,-4.44089209850063E-16));
#5108=DIRECTION('',(0.,0.,-1.));
#5109=DIRECTION('',(-1.,0.,0.));
#5110=DIRECTION('',(0.,0.,1.));
#5111=DIRECTION('',(0.,0.,1.));
#5112=DIRECTION('',(0.,-1.,0.));
#5113=DIRECTION('',(0.,0.,1.));
#5114=DIRECTION('',(0.,0.,-1.));
#5115=DIRECTION('',(0.,0.,1.));
#5116=DIRECTION('',(1.,0.,0.));
#5117=DIRECTION('',(0.,0.,-1.));
#5118=DIRECTION('',(1.,0.,0.));
#5119=DIRECTION('',(0.,0.,-1.));
#5120=DIRECTION('',(1.,0.,0.));
#5121=DIRECTION('',(0.,-1.,0.));
#5122=DIRECTION('',(1.,2.64338815386942E-16,0.));
#5123=DIRECTION('',(2.37904933848248E-16,1.,0.));
#5124=DIRECTION('',(-1.,0.,0.));
#5125=DIRECTION('',(0.,0.,1.));
#5126=DIRECTION('',(0.,1.,0.));
#5127=DIRECTION('',(0.,0.,1.));
#5128=DIRECTION('',(0.,0.,1.));
#5129=DIRECTION('',(0.,-1.,0.));
#5130=DIRECTION('',(-1.,0.,0.));
#5131=DIRECTION('',(1.,0.,0.));
#5132=DIRECTION('',(1.,0.,-4.44089209850062E-15));
#5133=DIRECTION('',(0.,0.,-1.));
#5134=DIRECTION('',(1.,0.,0.));
#5135=DIRECTION('',(0.,0.,1.));
#5136=DIRECTION('',(-1.,0.,0.));
#5137=DIRECTION('',(0.,0.,1.));
#5138=DIRECTION('',(0.,0.,-1.));
#5139=DIRECTION('',(0.,1.,0.));
#5140=DIRECTION('',(-3.70074341541719E-17,1.,0.));
#5141=DIRECTION('',(-1.,-3.70074341541719E-17,-1.46998609551795E-30));
#5142=DIRECTION('',(1.,3.70074341541719E-17,-2.65915313315886E-16));
#5143=DIRECTION('',(0.,1.,0.));
#5144=DIRECTION('',(-0.707106781186548,0.,-0.707106781186548));
#5145=DIRECTION('',(0.,0.,-1.));
#5146=DIRECTION('',(-1.,0.,0.));
#5147=DIRECTION('',(0.,0.,1.));
#5148=DIRECTION('',(-1.,5.75808712090733E-16,4.44089209850062E-15));
#5149=DIRECTION('',(4.44089209850063E-15,0.,1.));
#5150=DIRECTION('',(1.,0.,0.));
#5151=DIRECTION('',(0.,0.,-1.));
#5152=DIRECTION('',(0.,-1.,0.));
#5153=DIRECTION('',(1.,0.,0.));
#5154=DIRECTION('',(0.,0.,-1.));
#5155=DIRECTION('',(0.,0.,1.));
#5156=DIRECTION('',(0.,-1.,0.));
#5157=DIRECTION('',(0.,0.,-1.));
#5158=DIRECTION('',(-3.70074341541719E-17,1.,0.));
#5159=DIRECTION('',(-1.,-3.70074341541719E-17,-1.46998609551795E-30));
#5160=DIRECTION('',(0.,0.,1.));
#5161=DIRECTION('',(0.,-1.,0.));
#5162=DIRECTION('',(0.707106781186548,0.,-0.707106781186548));
#5163=DIRECTION('',(0.,-1.,0.));
#5164=DIRECTION('',(1.,0.,0.));
#5165=DIRECTION('',(0.,0.,1.));
#5166=DIRECTION('',(1.,0.,-3.1720657846433E-16));
#5167=DIRECTION('',(0.,0.,1.));
#5168=DIRECTION('',(-1.,0.,1.2335811384724E-16));
#5169=DIRECTION('',(0.,0.,-1.));
#5170=DIRECTION('',(1.,0.,-3.1720657846433E-16));
#5171=DIRECTION('',(0.,0.,-1.));
#5172=DIRECTION('',(1.,0.,-2.65915313315886E-16));
#5173=DIRECTION('',(5.27929682847759E-15,0.,1.));
#5174=DIRECTION('',(-1.,0.,0.));
#5175=DIRECTION('',(0.,0.,1.));
#5176=DIRECTION('',(0.,0.,-1.));
#5177=DIRECTION('',(-1.,0.,0.));
#5178=DIRECTION('',(0.,0.,-1.));
#5179=DIRECTION('',(-1.,0.,0.));
#5180=DIRECTION('',(0.,0.,-1.));
#5181=DIRECTION('',(-1.,0.,0.));
#5182=DIRECTION('',(0.,0.,-1.));
#5183=DIRECTION('',(-1.,0.,0.));
#5184=DIRECTION('',(2.65915313315886E-16,2.36962218074613E-31,1.));
#5185=DIRECTION('',(-1.,0.,0.));
#5186=DIRECTION('',(1.,0.,0.));
#5187=DIRECTION('',(0.,0.,1.));
#5188=DIRECTION('',(0.,-1.,0.));
#5189=DIRECTION('',(0.,0.,-1.));
#5190=DIRECTION('',(0.,-1.,0.));
#5191=DIRECTION('',(0.,1.,0.));
#5192=DIRECTION('',(0.,0.,1.));
#5193=DIRECTION('',(0.,0.,-1.));
#5194=DIRECTION('',(0.,0.,-1.));
#5195=DIRECTION('',(0.,-1.,0.));
#5196=DIRECTION('',(0.707106781186548,0.,-0.707106781186548));
#5197=DIRECTION('',(0.,1.,0.));
#5198=DIRECTION('',(0.707106781186548,0.,-0.707106781186548));
#5199=DIRECTION('',(-1.,0.,0.));
#5200=DIRECTION('',(0.,1.,0.));
#5201=DIRECTION('',(0.,0.,-1.));
#5202=DIRECTION('',(1.11022302462516E-15,-1.,0.));
#5203=DIRECTION('',(0.,0.,-1.));
#5204=DIRECTION('',(0.,1.,0.));
#5205=DIRECTION('',(-0.707106781186548,0.,-0.707106781186548));
#5206=DIRECTION('',(0.,1.,0.));
#5207=DIRECTION('',(0.,0.,1.));
#5208=DIRECTION('',(0.638971066378317,0.769230769230767,0.));
#5209=DIRECTION('',(-2.65915313315886E-16,-2.36962218074613E-31,-1.));
#5210=DIRECTION('',(0.638971066378317,0.769230769230767,-2.83760155984998E-15));
#5211=DIRECTION('',(4.44089209850062E-15,0.,1.));
#5212=DIRECTION('',(0.638971066378317,0.769230769230767,-2.83760155984998E-15));
#5213=DIRECTION('',(4.44089209850062E-15,0.,1.));
#5214=DIRECTION('',(0.638971066378317,0.769230769230767,-2.83760155984998E-15));
#5215=DIRECTION('',(4.44089209850063E-15,0.,1.));
#5216=DIRECTION('',(1.,0.,0.));
#5217=DIRECTION('',(0.,0.,1.));
#5218=DIRECTION('',(1.25099388635032E-45,-1.,2.36962218074613E-31));
#5219=DIRECTION('',(0.,-1.,0.));
#5220=DIRECTION('',(-1.,0.,0.));
#5221=DIRECTION('',(0.,0.,-1.));
#5222=DIRECTION('',(4.04739862265666E-47,-1.,2.36962218074613E-31));
#5223=DIRECTION('',(0.,1.,0.));
#5224=DIRECTION('',(0.,0.,1.));
#5225=DIRECTION('',(0.,1.,0.));
#5226=DIRECTION('',(0.,0.,1.));
#5227=DIRECTION('',(-1.,0.,0.));
#5228=DIRECTION('',(1.,0.,-4.44089209850063E-16));
#5229=DIRECTION('',(0.,0.,-1.));
#5230=DIRECTION('',(-1.,0.,0.));
#5231=DIRECTION('',(0.,0.,-1.));
#5232=DIRECTION('',(-1.,0.,0.));
#5233=DIRECTION('',(4.44089209850062E-15,0.,1.));
#5234=DIRECTION('',(0.,-1.,0.));
#5235=DIRECTION('',(0.,0.,-1.));
#5236=DIRECTION('',(0.,-1.,0.));
#5237=DIRECTION('',(4.44089209850062E-15,0.,1.));
#5238=DIRECTION('',(0.,-1.,0.));
#5239=DIRECTION('',(0.,0.,-1.));
#5240=DIRECTION('',(0.,0.,1.));
#5241=DIRECTION('',(0.,-1.,0.));
#5242=DIRECTION('',(0.,0.,1.));
#5243=DIRECTION('',(1.,0.,0.));
#5244=DIRECTION('',(1.11022302462516E-15,1.,0.));
#5245=DIRECTION('',(0.,0.,1.));
#5246=DIRECTION('',(1.,0.,0.));
#5247=DIRECTION('',(0.,0.,-1.));
#5248=DIRECTION('',(1.,0.,0.));
#5249=DIRECTION('',(4.44089209850062E-15,0.,1.));
#5250=DIRECTION('',(1.,0.,0.));
#5251=DIRECTION('',(0.,0.,-1.));
#5252=DIRECTION('',(0.,0.,-1.));
#5253=DIRECTION('',(-1.,0.,0.));
#5254=DIRECTION('',(1.11022302462516E-15,1.,-4.93038065763133E-30));
#5255=DIRECTION('',(0.,0.,-1.));
#5256=DIRECTION('',(1.,0.,0.));
#5257=DIRECTION('',(1.,0.,-3.1720657846433E-16));
#5258=DIRECTION('',(0.,-1.,0.));
#5259=DIRECTION('',(1.,0.,0.));
#5260=DIRECTION('',(0.,0.,-1.));
#5261=DIRECTION('',(0.,0.,1.));
#5262=DIRECTION('',(0.,1.,0.));
#5263=DIRECTION('',(0.,0.,1.));
#5264=DIRECTION('',(1.,0.,0.));
#5265=DIRECTION('',(0.,1.,0.));
#5266=DIRECTION('',(-1.,0.,1.2335811384724E-16));
#5267=DIRECTION('',(-1.,0.,0.));
#5268=DIRECTION('',(0.,0.,-1.));
#5269=DIRECTION('',(0.,0.,-1.));
#5270=DIRECTION('',(0.,-1.,0.));
#5271=DIRECTION('',(0.,0.,-1.));
#5272=DIRECTION('',(1.,0.,0.));
#5273=DIRECTION('',(1.,0.,-3.1720657846433E-16));
#5274=DIRECTION('',(0.,0.,1.));
#5275=DIRECTION('',(1.,0.,0.));
#5276=DIRECTION('',(0.,1.,0.));
#5277=DIRECTION('',(-1.,1.11022302462516E-15,0.));
#5278=DIRECTION('',(0.,0.,1.));
#5279=DIRECTION('',(0.,1.,0.));
#5280=DIRECTION('',(0.,0.,1.));
#5281=DIRECTION('',(-1.,0.,0.));
#5282=DIRECTION('',(1.,0.,0.));
#5283=DIRECTION('',(0.,-1.,0.));
#5284=DIRECTION('',(0.,0.,-1.));
#5285=DIRECTION('',(0.,1.,0.));
#5286=DIRECTION('',(1.,0.,0.));
#5287=DIRECTION('',(0.,0.,-1.));
#5288=DIRECTION('',(0.,0.,-1.));
#5289=DIRECTION('',(0.,0.,-1.));
#5290=DIRECTION('',(0.,1.,0.));
#5291=DIRECTION('',(0.,0.,1.));
#5292=DIRECTION('',(1.,0.,0.));
#5293=DIRECTION('',(0.,0.,-1.));
#5294=DIRECTION('',(1.,0.,0.));
#5295=DIRECTION('',(1.,0.,0.));
#5296=DIRECTION('',(0.,-1.,0.));
#5297=DIRECTION('',(0.,1.,0.));
#5298=DIRECTION('',(0.,0.,1.));
#5299=DIRECTION('',(0.,0.,1.));
#5300=DIRECTION('',(1.,0.,-2.65915313315886E-16));
#5301=DIRECTION('',(0.,0.,-1.));
#5302=DIRECTION('',(1.,0.,0.));
#5303=DIRECTION('',(-1.,0.,0.));
#5304=DIRECTION('',(0.,0.,1.));
#5305=DIRECTION('',(0.,0.,-1.));
#5306=DIRECTION('',(-1.,0.,0.));
#5307=DIRECTION('',(0.,1.,0.));
#5308=DIRECTION('',(-1.,0.,0.));
#5309=DIRECTION('',(0.,1.,0.));
#5310=DIRECTION('',(0.,0.,-1.));
#5311=DIRECTION('',(0.,1.,0.));
#5312=DIRECTION('',(1.,0.,0.));
#5313=DIRECTION('',(0.,0.,-1.));
#5314=DIRECTION('',(1.,0.,0.));
#5315=DIRECTION('',(0.,-1.,0.));
#5316=DIRECTION('',(0.,-1.,0.));
#5317=DIRECTION('',(0.,0.,-1.));
#5318=DIRECTION('',(0.,0.,-1.));
#5319=DIRECTION('',(-1.,0.,0.));
#5320=DIRECTION('',(0.,0.,1.));
#5321=DIRECTION('',(0.,0.,1.));
#5322=DIRECTION('',(0.,-1.,0.));
#5323=DIRECTION('',(0.,0.,-1.));
#5324=DIRECTION('',(0.,0.,-1.));
#5325=DIRECTION('',(0.,0.,-1.));
#5326=DIRECTION('',(0.,0.,-1.));
#5327=DIRECTION('',(0.,0.,-1.));
#5328=DIRECTION('',(-1.,0.,0.));
#5329=DIRECTION('',(0.,-1.,0.));
#5330=DIRECTION('',(0.,0.,-1.));
#5331=DIRECTION('',(0.,0.,1.));
#5332=DIRECTION('',(1.,0.,0.));
#5333=DIRECTION('',(0.,-1.,1.18872096697129E-31));
#5334=DIRECTION('',(-1.,0.,0.));
#5335=DIRECTION('',(0.,1.,-4.1409740014084E-31));
#5336=DIRECTION('',(0.,0.,1.));
#5337=DIRECTION('',(-1.,0.,0.));
#5338=DIRECTION('',(0.,-1.,2.36962218074613E-31));
#5339=DIRECTION('',(0.,0.,1.));
#5340=DIRECTION('',(0.,0.,1.));
#5341=DIRECTION('',(0.,1.,0.));
#5342=DIRECTION('',(0.,0.,1.));
#5343=DIRECTION('',(1.,0.,0.));
#5344=DIRECTION('',(1.,0.,0.));
#5345=DIRECTION('',(-1.,6.3011882463338E-47,0.));
#5346=DIRECTION('',(-1.48029736616688E-16,1.,0.));
#5347=DIRECTION('',(0.,0.,1.));
#5348=DIRECTION('',(1.,0.,0.));
#5349=DIRECTION('',(1.,-6.3011882463338E-47,0.));
#5350=DIRECTION('',(4.03717463500057E-16,-1.,0.));
#5351=DIRECTION('',(-1.,6.3011882463338E-47,0.));
#5352=DIRECTION('',(0.,-1.,0.));
#5353=DIRECTION('',(1.,0.,0.));
#5354=DIRECTION('',(0.,1.,-2.36962218074613E-31));
#5355=DIRECTION('',(0.,0.,1.));
#5356=DIRECTION('',(0.,0.,1.));
#5357=DIRECTION('',(0.,1.,0.));
#5358=DIRECTION('',(0.,0.,1.));
#5359=DIRECTION('',(0.707106781186548,-4.4556129385156E-47,-0.707106781186547));
#5360=DIRECTION('',(0.,0.,-1.));
#5361=DIRECTION('',(1.,0.,0.));
#5362=DIRECTION('',(-2.65915313315886E-16,-2.36962218074613E-31,-1.));
#5363=DIRECTION('',(-1.,0.,0.));
#5364=DIRECTION('',(0.,0.,-1.));
#5365=DIRECTION('',(0.,0.,-1.));
#5366=DIRECTION('',(-2.65915313315886E-16,-2.36962218074613E-31,-1.));
#5367=DIRECTION('',(1.,0.,0.));
#5368=DIRECTION('',(1.,0.,0.));
#5369=DIRECTION('',(0.,-1.,0.));
#5370=DIRECTION('',(-2.37904933848248E-16,-1.,3.00224783098265E-31));
#5371=DIRECTION('',(0.,0.,-1.));
#5372=DIRECTION('',(0.,-1.,0.));
#5373=DIRECTION('',(-1.,0.,0.));
#5374=DIRECTION('',(-1.,-2.64338815386942E-16,2.65915313315886E-16));
#5375=DIRECTION('',(0.,0.,-1.));
#5376=DIRECTION('',(-1.,0.,0.));
#5377=DIRECTION('',(0.,1.,0.));
#5378=DIRECTION('',(0.,1.,-2.36962218074613E-31));
#5379=DIRECTION('',(0.707106781186548,0.,0.707106781186548));
#5380=DIRECTION('',(0.707106781186548,0.,-0.707106781186548));
#5381=DIRECTION('',(0.707106781186549,0.,-0.707106781186546));
#5382=DIRECTION('',(-0.577350269189627,0.577350269189625,0.577350269189626));
#5383=DIRECTION('',(0.,0.,-1.));
#5384=DIRECTION('',(-1.,4.16691480805945E-47,1.75847223321796E-16));
#5385=DIRECTION('',(0.,-0.707106781186548,0.707106781186548));
#5386=DIRECTION('',(1.,-2.65127064351414E-16,-2.65127064351414E-16));
#5387=DIRECTION('',(0.577350269189626,0.577350269189626,0.577350269189626));
#5388=DIRECTION('',(0.,0.,-1.));
#5389=DIRECTION('',(-1.,4.16691480805945E-47,1.75847223321796E-16));
#5390=DIRECTION('',(-0.707106781186548,0.,-0.707106781186547));
#5391=DIRECTION('',(-0.707106781186548,0.,0.707106781186548));
#5392=DIRECTION('',(0.707106781186548,0.,0.707106781186548));
#5393=DIRECTION('',(0.,1.,0.));
#5394=DIRECTION('',(0.,0.,1.));
#5395=DIRECTION('',(-0.707106781186547,4.4556129385156E-47,-0.707106781186548));
#5396=DIRECTION('',(0.707106781186548,0.,-0.707106781186548));
#5397=DIRECTION('',(-0.707106781186548,0.,-0.707106781186548));
#5398=DIRECTION('',(-0.707106781186548,0.,-0.707106781186548));
#5399=DIRECTION('',(0.,1.,0.));
#5400=DIRECTION('',(0.,0.,1.));
#5401=DIRECTION('',(-0.707106781186548,4.4556129385156E-47,0.707106781186547));
#5402=DIRECTION('',(-0.707106781186548,0.,-0.707106781186548));
#5403=DIRECTION('',(-0.707106781186548,0.,0.707106781186548));
#5404=DIRECTION('',(-1.,0.,0.));
#5405=DIRECTION('',(0.,0.,1.));
#5406=DIRECTION('',(-1.,0.,0.));
#5407=DIRECTION('',(0.,0.,1.));
#5408=DIRECTION('',(0.,-1.,0.));
#5409=DIRECTION('',(0.,0.,-1.));
#5410=DIRECTION('',(0.,0.,1.));
#5411=DIRECTION('',(0.,-1.,0.));
#5412=DIRECTION('',(0.,0.,-1.));
#5413=DIRECTION('',(0.,0.,1.));
#5414=DIRECTION('',(-1.,0.,0.));
#5415=DIRECTION('',(0.,0.,1.));
#5416=DIRECTION('',(0.,-1.,0.));
#5417=DIRECTION('',(0.,0.,-1.));
#5418=CARTESIAN_POINT('',(0.,0.,0.));
#5419=CARTESIAN_POINT('',(0.04175,-0.01,-0.0123));
#5420=CARTESIAN_POINT('',(0.022,-0.025,-0.0123));
#5421=CARTESIAN_POINT('',(0.0204,-0.025,-0.0123));
#5422=CARTESIAN_POINT('',(-0.020875,-0.0115,-0.0123));
#5423=CARTESIAN_POINT('',(0.0260952102884802,-0.0115,-0.0123));
#5424=CARTESIAN_POINT('',(-0.00499456419050693,-0.0115,-0.0123));
#5425=CARTESIAN_POINT('',(-0.00499456419050694,-0.01,-0.0123));
#5426=CARTESIAN_POINT('',(-0.00499456419050693,-0.018,-0.0123));
#5427=CARTESIAN_POINT('',(0.01675,-0.018,-0.0123));
#5428=CARTESIAN_POINT('',(0.014,-0.018,-0.0123));
#5429=CARTESIAN_POINT('',(0.014,-0.0185,-0.0123));
#5430=CARTESIAN_POINT('',(0.014,-0.028,-0.0123));
#5431=CARTESIAN_POINT('',(0.014,-0.028,-0.0123));
#5432=CARTESIAN_POINT('',(0.026,-0.028,-0.0123));
#5433=CARTESIAN_POINT('',(0.026,-0.019,-0.0123));
#5434=CARTESIAN_POINT('',(0.026,-0.018,-0.0123));
#5435=CARTESIAN_POINT('',(0.01675,-0.018,-0.0123));
#5436=CARTESIAN_POINT('',(0.0411895945760846,-0.018,-0.0123));
#5437=CARTESIAN_POINT('',(0.0411895945760846,0.,-0.0123));
#5438=CARTESIAN_POINT('',(0.0411895945760846,0.0275,-0.0123));
#5439=CARTESIAN_POINT('',(0.007,0.0275,-0.0123));
#5440=CARTESIAN_POINT('',(0.0276,0.0275,-0.0123));
#5441=CARTESIAN_POINT('',(0.0276,0.0318,-0.0123));
#5442=CARTESIAN_POINT('',(0.0276,0.0318,-0.0123));
#5443=CARTESIAN_POINT('',(0.0219464346247147,0.0318,-0.0123));
#5444=CARTESIAN_POINT('',(0.021,0.0318,-0.0123));
#5445=CARTESIAN_POINT('',(0.021,0.0318,-0.0123));
#5446=CARTESIAN_POINT('',(0.021,0.02344,-0.0123));
#5447=CARTESIAN_POINT('',(0.021,0.02344,-0.0123));
#5448=CARTESIAN_POINT('',(0.02525,0.02344,-0.0123));
#5449=CARTESIAN_POINT('',(0.02525,-1.13741864675814E-33,-0.0123));
#5450=CARTESIAN_POINT('',(0.02525,0.0175,-0.0123));
#5451=CARTESIAN_POINT('',(0.012625,0.0175,-0.0123));
#5452=CARTESIAN_POINT('',(0.01645,0.0175,-0.0123));
#5453=CARTESIAN_POINT('',(0.01645,0.00625,-0.0123));
#5454=CARTESIAN_POINT('',(0.01645,0.0105,-0.0123));
#5455=CARTESIAN_POINT('',(0.006875,0.0105,-0.0123));
#5456=CARTESIAN_POINT('',(0.0260952102884802,0.0105,-0.0123));
#5457=CARTESIAN_POINT('',(0.0260952102884802,0.,-0.0123));
#5458=CARTESIAN_POINT('',(0.01375,-0.0115,-0.0155));
#5459=CARTESIAN_POINT('',(-3.04943994609041E-18,-0.0115,-0.01575));
#5460=CARTESIAN_POINT('',(-0.0189945641905069,-0.0115,-0.01575));
#5461=CARTESIAN_POINT('',(-0.00499456419050693,-0.0115,-0.01575));
#5462=CARTESIAN_POINT('',(-0.00499456419050693,-0.0115,-0.01575));
#5463=CARTESIAN_POINT('',(0.,-0.0115,-0.0325));
#5464=CARTESIAN_POINT('',(0.0262488094968134,-0.0115,-0.0125));
#5465=CARTESIAN_POINT('',(0.0263752997366721,-0.0115,-0.0122712281538066));
#5466=CARTESIAN_POINT('',(0.026,-0.0115,-0.01295));
#5467=CARTESIAN_POINT('',(0.020875,-0.0115,-0.01295));
#5468=CARTESIAN_POINT('',(0.026585663429751,-0.0115,-0.01295));
#5469=CARTESIAN_POINT('',(0.,-0.0115,-0.0325));
#5470=CARTESIAN_POINT('',(0.0279776696670756,-0.0115,-0.015));
#5471=CARTESIAN_POINT('',(0.020875,-0.0115,-0.015));
#5472=CARTESIAN_POINT('',(0.0275,-0.0115,-0.015));
#5473=CARTESIAN_POINT('',(0.0257679491924311,-0.0115,-0.014));
#5474=CARTESIAN_POINT('',(0.026,-0.0115,-0.0159864924924868));
#5475=CARTESIAN_POINT('',(0.026,-0.0115,-0.01944));
#5476=CARTESIAN_POINT('',(0.026,-0.0115,-0.01944));
#5477=CARTESIAN_POINT('',(-0.02675,-0.0115,-0.01944));
#5478=CARTESIAN_POINT('',(0.014,-0.0115,-0.01944));
#5479=CARTESIAN_POINT('',(0.014,-0.0115,-0.02044));
#5480=CARTESIAN_POINT('',(0.014,-0.0115,-0.021));
#5481=CARTESIAN_POINT('',(-0.0275,-0.0115,-0.021));
#5482=CARTESIAN_POINT('',(-0.0275,-0.0115,-0.021));
#5483=CARTESIAN_POINT('',(-0.0275,-0.0115,-0.02008));
#5484=CARTESIAN_POINT('',(-0.0275,-0.0115,-0.015));
#5485=CARTESIAN_POINT('',(-0.020875,-0.0115,-0.015));
#5486=CARTESIAN_POINT('',(-0.0279776696670756,-0.0115,-0.015));
#5487=CARTESIAN_POINT('',(0.,-0.0115,-0.0325));
#5488=CARTESIAN_POINT('',(-0.0260952102884802,-0.0115,-0.0123));
#5489=CARTESIAN_POINT('',(-0.020875,-0.0115,-0.0123));
#5490=CARTESIAN_POINT('',(-0.0189945641905069,-0.0115,-0.0123));
#5491=CARTESIAN_POINT('',(-0.0189945641905069,-0.0115,-0.01575));
#5492=CARTESIAN_POINT('',(0.0335,-0.018,0.));
#5493=CARTESIAN_POINT('',(0.01675,-0.018,-0.01575));
#5494=CARTESIAN_POINT('',(-0.00499456419050693,-0.018,-0.01575));
#5495=CARTESIAN_POINT('',(-0.0189945641905069,-0.018,-0.01575));
#5496=CARTESIAN_POINT('',(-0.0189945641905069,-0.018,-0.01575));
#5497=CARTESIAN_POINT('',(-0.0189945641905069,-0.018,-0.0123));
#5498=CARTESIAN_POINT('',(0.01675,-0.018,-0.0123));
#5499=CARTESIAN_POINT('',(-0.0411895945760846,-0.018,-0.0123));
#5500=CARTESIAN_POINT('',(-0.03675,-0.018,-0.01));
#5501=CARTESIAN_POINT('',(-0.03675,-0.018,-0.015));
#5502=CARTESIAN_POINT('',(-0.03675,-0.018,-0.015));
#5503=CARTESIAN_POINT('',(-0.0275,-0.018,-0.015));
#5504=CARTESIAN_POINT('',(-0.0275,-0.018,-0.02044));
#5505=CARTESIAN_POINT('',(-0.0275,-0.018,-0.021));
#5506=CARTESIAN_POINT('',(0.014,-0.018,-0.021));
#5507=CARTESIAN_POINT('',(0.014,-0.018,-0.021));
#5508=CARTESIAN_POINT('',(0.014,-0.018,-0.02044));
#5509=CARTESIAN_POINT('',(0.014,-0.018,-0.01944));
#5510=CARTESIAN_POINT('',(0.014,-0.018,-0.0176432353450102));
#5511=CARTESIAN_POINT('',(-0.00499456419050693,-0.018,-0.01575));
#5512=CARTESIAN_POINT('',(0.026,-0.0285,-0.01944));
#5513=CARTESIAN_POINT('',(0.026,-0.016,-0.0145));
#5514=CARTESIAN_POINT('',(0.026,-0.015,-0.0145));
#5515=CARTESIAN_POINT('',(0.026,-0.016,-0.0135));
#5516=CARTESIAN_POINT('',(0.026,-0.014173875898158,-0.0135));
#5517=CARTESIAN_POINT('',(0.026,-0.018,-0.0135));
#5518=CARTESIAN_POINT('',(0.026,-0.018,-0.00972));
#5519=CARTESIAN_POINT('',(0.026,-0.028,-0.0141125));
#5520=CARTESIAN_POINT('',(0.026,-0.028,-0.01944));
#5521=CARTESIAN_POINT('',(0.026,-0.0115,-0.01944));
#5522=CARTESIAN_POINT('',(0.026,-0.00575,-0.0159864924924868));
#5523=CARTESIAN_POINT('',(0.026,-0.015,-0.0159864924924868));
#5524=CARTESIAN_POINT('',(0.026,-0.015,-0.01722));
#5525=CARTESIAN_POINT('',(0.03675,0.,-0.01));
#5526=CARTESIAN_POINT('',(0.03675,-0.018,-0.01));
#5527=CARTESIAN_POINT('',(0.03675,-0.018,-0.015));
#5528=CARTESIAN_POINT('',(0.03675,0.0275,-0.015));
#5529=CARTESIAN_POINT('',(0.03675,0.0275,-0.015));
#5530=CARTESIAN_POINT('',(0.03675,0.0275,-0.01));
#5531=CARTESIAN_POINT('',(0.04175,-0.01,-0.0123));
#5532=CARTESIAN_POINT('',(-0.0189945641905069,-0.01,-0.0123));
#5533=CARTESIAN_POINT('',(-0.0260952102884801,0.,-0.0123));
#5534=CARTESIAN_POINT('',(-0.0260952102884801,0.0105,-0.0123));
#5535=CARTESIAN_POINT('',(0.006875,0.0105,-0.0123));
#5536=CARTESIAN_POINT('',(0.00605,0.0105,-0.0123));
#5537=CARTESIAN_POINT('',(0.00605,0.00625,-0.0123));
#5538=CARTESIAN_POINT('',(0.00605,0.0175,-0.0123));
#5539=CARTESIAN_POINT('',(0.012625,0.0175,-0.0123));
#5540=CARTESIAN_POINT('',(-0.014,0.0175,-0.0123));
#5541=CARTESIAN_POINT('',(-0.014,0.0175,-0.0123));
#5542=CARTESIAN_POINT('',(-0.014,0.0275,-0.0123));
#5543=CARTESIAN_POINT('',(-0.007,0.0275,-0.0123));
#5544=CARTESIAN_POINT('',(-0.0204,0.0275,-0.0123));
#5545=CARTESIAN_POINT('',(-0.0204,0.0318,-0.0123));
#5546=CARTESIAN_POINT('',(-0.0204,0.0318,-0.0123));
#5547=CARTESIAN_POINT('',(-0.0411895945760846,0.0318,-0.0123));
#5548=CARTESIAN_POINT('',(-0.0276,0.0318,-0.0123));
#5549=CARTESIAN_POINT('',(-0.0276,0.0318,-0.0123));
#5550=CARTESIAN_POINT('',(-0.0276,0.0275,-0.0123));
#5551=CARTESIAN_POINT('',(-0.007,0.0275,-0.0123));
#5552=CARTESIAN_POINT('',(-0.0411895945760846,0.0275,-0.0123));
#5553=CARTESIAN_POINT('',(-0.0411895945760846,0.,-0.0123));
#5554=CARTESIAN_POINT('',(-0.022,0.025,-0.0123));
#5555=CARTESIAN_POINT('',(-0.0236,0.025,-0.0123));
#5556=CARTESIAN_POINT('',(0.0335,-0.028,-0.013225));
#5557=CARTESIAN_POINT('',(0.014,-0.028,-0.01944));
#5558=CARTESIAN_POINT('',(0.014,-0.028,-0.01944));
#5559=CARTESIAN_POINT('',(0.026,-0.028,-0.01944));
#5560=CARTESIAN_POINT('',(0.022,-0.028,-0.01944));
#5561=CARTESIAN_POINT('',(0.026,-0.028,-0.01944));
#5562=CARTESIAN_POINT('',(-0.000249999999999957,-0.01975,-0.01944));
#5563=CARTESIAN_POINT('',(0.014,-0.015625,-0.01944));
#5564=CARTESIAN_POINT('',(0.022,-0.025,-0.01944));
#5565=CARTESIAN_POINT('',(0.014,-0.028,-0.01944));
#5566=CARTESIAN_POINT('',(0.0257679491924311,-0.00575,-0.014));
#5567=CARTESIAN_POINT('',(0.0275,-0.00575,-0.015));
#5568=CARTESIAN_POINT('',(0.0275,-0.015,-0.015));
#5569=CARTESIAN_POINT('',(0.0257679491924311,-0.015,-0.014));
#5570=CARTESIAN_POINT('',(0.02875,-0.015,-0.015));
#5571=CARTESIAN_POINT('',(0.03,-0.015,-0.0145));
#5572=CARTESIAN_POINT('',(0.02775,-0.015,-0.0145));
#5573=CARTESIAN_POINT('',(0.03525,-0.015,-0.015));
#5574=CARTESIAN_POINT('',(0.02775,-0.015,-0.015));
#5575=CARTESIAN_POINT('',(0.02775,-0.015,-0.015));
#5576=CARTESIAN_POINT('',(0.02775,-0.014,-0.015));
#5577=CARTESIAN_POINT('',(0.02775,-0.014,-0.0145));
#5578=CARTESIAN_POINT('',(0.02875,-0.014,-0.0145));
#5579=CARTESIAN_POINT('',(0.02775,-0.014,-0.015));
#5580=CARTESIAN_POINT('',(0.02875,-0.014,-0.015));
#5581=CARTESIAN_POINT('',(0.02875,-0.014,-0.015));
#5582=CARTESIAN_POINT('',(0.02875,0.0215,-0.015));
#5583=CARTESIAN_POINT('',(0.02875,0.010826124101842,-0.0145));
#5584=CARTESIAN_POINT('',(0.02875,0.0165,-0.0145));
#5585=CARTESIAN_POINT('',(0.02875,0.01075,-0.015));
#5586=CARTESIAN_POINT('',(0.02875,0.0165,-0.015));
#5587=CARTESIAN_POINT('',(0.02875,0.0165,-0.015));
#5588=CARTESIAN_POINT('',(0.02775,0.0165,-0.015));
#5589=CARTESIAN_POINT('',(0.02775,0.0165,-0.0145));
#5590=CARTESIAN_POINT('',(0.02775,0.0175,-0.0145));
#5591=CARTESIAN_POINT('',(0.02775,0.0165,-0.015));
#5592=CARTESIAN_POINT('',(0.02775,0.0175,-0.015));
#5593=CARTESIAN_POINT('',(0.02775,0.0175,-0.015));
#5594=CARTESIAN_POINT('',(0.02525,0.0175,-0.015));
#5595=CARTESIAN_POINT('',(0.02825,0.0175,-0.0145));
#5596=CARTESIAN_POINT('',(0.02525,0.0175,-0.0145));
#5597=CARTESIAN_POINT('',(0.0265,0.0175,-0.015));
#5598=CARTESIAN_POINT('',(0.01645,0.0175,-0.015));
#5599=CARTESIAN_POINT('',(0.01645,0.0175,-0.0185));
#5600=CARTESIAN_POINT('',(0.02525,0.0175,-0.016));
#5601=CARTESIAN_POINT('',(0.02525,0.,-0.015));
#5602=CARTESIAN_POINT('',(0.02525,7.61241018419945E-5,-0.0135));
#5603=CARTESIAN_POINT('',(0.02525,0.02344,-0.0135));
#5604=CARTESIAN_POINT('',(0.02525,0.0185,-0.0135));
#5605=CARTESIAN_POINT('',(0.02525,0.0185,-0.0145));
#5606=CARTESIAN_POINT('',(0.02525,0.02344,-0.0152373724356958));
#5607=CARTESIAN_POINT('',(-0.04175,0.,-0.015));
#5608=CARTESIAN_POINT('',(0.028,0.02675,-0.015));
#5609=CARTESIAN_POINT('',(0.028,0.0275,-0.015));
#5610=CARTESIAN_POINT('',(0.028,0.02344,-0.015));
#5611=CARTESIAN_POINT('',(0.03675,0.0275,-0.015));
#5612=CARTESIAN_POINT('',(0.028,-0.018,-0.015));
#5613=CARTESIAN_POINT('',(0.03425,-0.018,-0.015));
#5614=CARTESIAN_POINT('',(0.03425,-0.018,-0.015));
#5615=CARTESIAN_POINT('',(0.03425,0.02344,-0.015));
#5616=CARTESIAN_POINT('',(0.0309973986440212,0.02344,-0.015));
#5617=CARTESIAN_POINT('',(-0.014,0.0275,-0.01944));
#5618=CARTESIAN_POINT('',(0.028,0.0275,-0.00625));
#5619=CARTESIAN_POINT('',(0.028,0.0275,-0.0169494897427832));
#5620=CARTESIAN_POINT('',(0.026,0.0275,-0.0169494897427832));
#5621=CARTESIAN_POINT('',(0.0267751311586711,0.0275,-0.0187931740126237));
#5622=CARTESIAN_POINT('',(0.024,0.0275,-0.0165));
#5623=CARTESIAN_POINT('',(0.0276,0.0275,-0.0165));
#5624=CARTESIAN_POINT('',(0.0276,0.0275,0.00147));
#5625=CARTESIAN_POINT('',(-0.022,0.025,-0.0046));
#5626=CARTESIAN_POINT('',(-0.023423544337234,0.0240895961488113,-0.0145612130337741));
#5627=CARTESIAN_POINT('',(-0.0236878794693719,0.0250009764978919,-0.014530035960819));
#5628=CARTESIAN_POINT('',(-0.0234249377852786,0.0259064978596213,-0.0145610923575907));
#5629=CARTESIAN_POINT('',(-0.0227340261291061,0.0264914978302603,-0.0148696070447861));
#5630=CARTESIAN_POINT('',(-0.0221359211522319,0.0266090979169258,-0.0155954144561007));
#5631=CARTESIAN_POINT('',(-0.0219323780651275,0.0265955387234526,-0.0164972766320386));
#5632=CARTESIAN_POINT('',(-0.0221345757497375,0.0266087471892594,-0.017400650009669));
#5633=CARTESIAN_POINT('',(-0.022726002783683,0.026494594448835,-0.0181239495242081));
#5634=CARTESIAN_POINT('',(-0.0234209202943498,0.0259142158344751,-0.0184384845667277));
#5635=CARTESIAN_POINT('',(-0.0236881897788513,0.0250045523851024,-0.0184699494764179));
#5636=CARTESIAN_POINT('',(-0.0234262820697727,0.0240947700582303,-0.0184392604299358));
#5637=CARTESIAN_POINT('',(-0.0227354132830384,0.0235091443805635,-0.0181314100544415));
#5638=CARTESIAN_POINT('',(-0.022136010824349,0.0233907711870145,-0.0174057543359698));
#5639=CARTESIAN_POINT('',(-0.0219324920117888,0.0234045791474967,-0.0165008505984335));
#5640=CARTESIAN_POINT('',(-0.0221340244475879,0.0233909122229991,-0.0155997684148122));
#5641=CARTESIAN_POINT('',(-0.0227299432788303,0.0235068825410008,-0.0148724269020532));
#5642=CARTESIAN_POINT('',(-0.023423544337234,0.0240895961488113,-0.0145612130337741));
#5643=CARTESIAN_POINT('',(-0.0236878794693719,0.0250009764978919,-0.014530035960819));
#5644=CARTESIAN_POINT('',(-0.0234249377852786,0.0259064978596213,-0.0145610923575907));
#5645=CARTESIAN_POINT('',(-0.0236,0.025,-0.0145404082057735));
#5646=CARTESIAN_POINT('',(-0.022,0.025,-0.02044));
#5647=CARTESIAN_POINT('',(-0.0204,0.025,-0.02044));
#5648=CARTESIAN_POINT('',(0.022,-0.025,-0.0046));
#5649=CARTESIAN_POINT('',(0.022,-0.025,-0.02044));
#5650=CARTESIAN_POINT('',(0.0236,-0.025,-0.02044));
#5651=CARTESIAN_POINT('',(0.0276,0.0318,-0.0165));
#5652=CARTESIAN_POINT('',(0.0276,0.0275,-0.0165));
#5653=CARTESIAN_POINT('',(0.0276,0.0318,-0.0165));
#5654=CARTESIAN_POINT('',(0.0276,0.0318,-0.0123));
#5655=CARTESIAN_POINT('',(-0.024,0.0318,-0.0165));
#5656=CARTESIAN_POINT('',(0.024,0.0318,-0.0165));
#5657=CARTESIAN_POINT('',(0.022,0.0318,-0.0165));
#5658=CARTESIAN_POINT('',(0.021,0.0318,-0.0145100251257867));
#5659=CARTESIAN_POINT('',(0.021,0.0318,-0.0145100251257867));
#5660=CARTESIAN_POINT('',(0.024,0.0318,-0.0165));
#5661=CARTESIAN_POINT('',(0.021,0.03144,-0.014));
#5662=CARTESIAN_POINT('',(0.021,0.0275,-0.0169494897427832));
#5663=CARTESIAN_POINT('',(0.021,0.0275,-0.0169494897427832));
#5664=CARTESIAN_POINT('',(0.021,0.0275,-0.0145100251257867));
#5665=CARTESIAN_POINT('',(0.021,0.03144,-0.0169494897427832));
#5666=CARTESIAN_POINT('',(0.021,0.02344,-0.0169494897427832));
#5667=CARTESIAN_POINT('',(0.021,0.02344,-0.0123));
#5668=CARTESIAN_POINT('',(0.021,0.0275,-0.0145100251257867));
#5669=CARTESIAN_POINT('',(0.01645,0.0125,-0.0185));
#5670=CARTESIAN_POINT('',(0.01645,0.0115,-0.015));
#5671=CARTESIAN_POINT('',(0.01645,0.0105,-0.015));
#5672=CARTESIAN_POINT('',(0.01645,0.0105,-0.01775));
#5673=CARTESIAN_POINT('',(0.01375,0.0105,-0.017));
#5674=CARTESIAN_POINT('',(0.0275,0.0105,-0.015));
#5675=CARTESIAN_POINT('',(0.0279776696670756,0.0105,-0.015));
#5676=CARTESIAN_POINT('',(0.,0.0105,-0.0325));
#5677=CARTESIAN_POINT('',(0.,0.,-0.0325));
#5678=CARTESIAN_POINT('',(0.0262488094968134,0.,-0.0125));
#5679=CARTESIAN_POINT('',(0.0262488094968134,-0.015,-0.0125));
#5680=CARTESIAN_POINT('',(0.0279776696670756,0.,-0.015));
#5681=CARTESIAN_POINT('',(0.026585663429751,0.,-0.01295));
#5682=CARTESIAN_POINT('',(0.026585663429751,-0.015,-0.01295));
#5683=CARTESIAN_POINT('',(0.,-0.015,-0.0325));
#5684=CARTESIAN_POINT('',(0.,0.,-0.0325));
#5685=CARTESIAN_POINT('',(-0.0279776696670756,0.,-0.015));
#5686=CARTESIAN_POINT('',(-0.0279776696670756,0.0105,-0.015));
#5687=CARTESIAN_POINT('',(0.,0.0105,-0.0325));
#5688=CARTESIAN_POINT('',(0.01375,0.0105,-0.017));
#5689=CARTESIAN_POINT('',(0.00253189100000005,0.0105,-0.015293109));
#5690=CARTESIAN_POINT('',(0.00378189100000005,0.0105,-0.015293109));
#5691=CARTESIAN_POINT('',(-0.020875,0.0105,-0.015));
#5692=CARTESIAN_POINT('',(-0.0275,0.0105,-0.015));
#5693=CARTESIAN_POINT('',(-0.0275,0.0105,-0.015));
#5694=CARTESIAN_POINT('',(-0.0275,0.0105,-0.02));
#5695=CARTESIAN_POINT('',(-0.0265,0.0105,-0.02));
#5696=CARTESIAN_POINT('',(-0.0265,0.0105,-0.021));
#5697=CARTESIAN_POINT('',(0.020625,0.0105,-0.021));
#5698=CARTESIAN_POINT('',(0.00605,0.0105,-0.021));
#5699=CARTESIAN_POINT('',(0.00605,0.0105,-0.0145));
#5700=CARTESIAN_POINT('',(0.00605,0.0125,-0.012));
#5701=CARTESIAN_POINT('',(0.00605,0.0115,-0.021));
#5702=CARTESIAN_POINT('',(0.00605,0.0175,-0.021));
#5703=CARTESIAN_POINT('',(0.00605,0.0175,-0.013));
#5704=CARTESIAN_POINT('',(0.02525,0.0175,-0.015));
#5705=CARTESIAN_POINT('',(0.00253189100000005,0.0175,-0.015293109));
#5706=CARTESIAN_POINT('',(0.00453189100000005,0.0175,-0.015293109));
#5707=CARTESIAN_POINT('',(0.0275,0.0175,-0.021));
#5708=CARTESIAN_POINT('',(-0.0265,0.0175,-0.021));
#5709=CARTESIAN_POINT('',(-0.0265,0.0175,-0.02));
#5710=CARTESIAN_POINT('',(-0.0275,0.0175,-0.02));
#5711=CARTESIAN_POINT('',(-0.0275,0.0175,-0.015));
#5712=CARTESIAN_POINT('',(-0.0275,0.0175,-0.0187628756555323));
#5713=CARTESIAN_POINT('',(-0.026,0.0175,-0.01744));
#5714=CARTESIAN_POINT('',(-0.026,0.0175,-0.01944));
#5715=CARTESIAN_POINT('',(-0.014,0.0175,-0.01944));
#5716=CARTESIAN_POINT('',(-0.014,0.0175,-0.01944));
#5717=CARTESIAN_POINT('',(-0.014,0.0175,-0.01722));
#5718=CARTESIAN_POINT('',(-0.014,0.0185,-0.01944));
#5719=CARTESIAN_POINT('',(-0.014,0.0285,-0.01944));
#5720=CARTESIAN_POINT('',(-0.014,0.0275,-0.01944));
#5721=CARTESIAN_POINT('',(-0.014,0.0275,-0.01944));
#5722=CARTESIAN_POINT('',(-0.014,0.0275,-0.01944));
#5723=CARTESIAN_POINT('',(-0.0204,0.0275,-0.01797));
#5724=CARTESIAN_POINT('',(-0.0204,0.0275,-0.0165));
#5725=CARTESIAN_POINT('',(-0.023,0.0275,-0.01944));
#5726=CARTESIAN_POINT('',(-0.0203416876048224,0.0275,-0.01944));
#5727=CARTESIAN_POINT('',(-0.0203416876048224,0.0275,-0.01944));
#5728=CARTESIAN_POINT('',(-0.0203416876048224,0.0275,-0.02044));
#5729=CARTESIAN_POINT('',(-0.026,0.0275,-0.02044));
#5730=CARTESIAN_POINT('',(-0.0236583123951778,0.0275,-0.02044));
#5731=CARTESIAN_POINT('',(-0.0236583123951778,0.0275,-0.01944));
#5732=CARTESIAN_POINT('',(-0.0236583123951778,0.0275,-0.0200837479795196));
#5733=CARTESIAN_POINT('',(-0.024,0.0275,-0.0165));
#5734=CARTESIAN_POINT('',(-0.0204,0.0318,-0.0165));
#5735=CARTESIAN_POINT('',(-0.0204,0.0275,-0.0165));
#5736=CARTESIAN_POINT('',(-0.0204,0.0318,-0.0165));
#5737=CARTESIAN_POINT('',(-0.0204,0.0318,-0.0123));
#5738=CARTESIAN_POINT('',(-0.024,0.0318,-0.0165));
#5739=CARTESIAN_POINT('',(-0.024,0.0318,-0.0165));
#5740=CARTESIAN_POINT('',(-0.026,0.0318,-0.0165));
#5741=CARTESIAN_POINT('',(-0.024,0.0318,-0.0165));
#5742=CARTESIAN_POINT('',(-0.0276,0.0318,-0.0165));
#5743=CARTESIAN_POINT('',(-0.0276,0.0318,-0.0165));
#5744=CARTESIAN_POINT('',(-0.0276,0.0318,-0.0123));
#5745=CARTESIAN_POINT('',(-0.0276,0.0275,-0.01587));
#5746=CARTESIAN_POINT('',(-0.0276,0.0275,-0.0165));
#5747=CARTESIAN_POINT('',(-0.0276,0.0275,-0.0165));
#5748=CARTESIAN_POINT('',(-0.014,0.0275,-0.01944));
#5749=CARTESIAN_POINT('',(-0.024,0.0275,-0.0165));
#5750=CARTESIAN_POINT('',(-0.0260798494715073,0.0275,-0.0194384053797716));
#5751=CARTESIAN_POINT('',(-0.026,0.0275,-0.01744));
#5752=CARTESIAN_POINT('',(-0.028,0.0275,-0.01744));
#5753=CARTESIAN_POINT('',(-0.028,0.0275,-0.017));
#5754=CARTESIAN_POINT('',(-0.028,0.0275,-0.015));
#5755=CARTESIAN_POINT('',(-0.038375,0.0275,-0.015));
#5756=CARTESIAN_POINT('',(-0.03675,0.0275,-0.015));
#5757=CARTESIAN_POINT('',(-0.03675,0.0275,-0.01));
#5758=CARTESIAN_POINT('',(-0.03675,0.,-0.01));
#5759=CARTESIAN_POINT('',(-0.03675,0.,-0.015));
#5760=CARTESIAN_POINT('',(0.014,-0.0185,-0.01944));
#5761=CARTESIAN_POINT('',(0.014,-0.0185,-0.01944));
#5762=CARTESIAN_POINT('',(0.014,-0.0115,-0.021));
#5763=CARTESIAN_POINT('',(0.022,-0.025,-0.01944));
#5764=CARTESIAN_POINT('',(0.022,-0.025,-0.02044));
#5765=CARTESIAN_POINT('',(0.019,-0.025,-0.02044));
#5766=CARTESIAN_POINT('',(0.0262488094968134,-0.018,-0.0125));
#5767=CARTESIAN_POINT('',(0.0260122954014765,-0.015,-0.0129277623815199));
#5768=CARTESIAN_POINT('',(0.026,-0.015,-0.01295));
#5769=CARTESIAN_POINT('',(0.026,-0.014,-0.01295));
#5770=CARTESIAN_POINT('',(0.04175,-0.01,-0.01295));
#5771=CARTESIAN_POINT('',(0.03525,-0.015,-0.01295));
#5772=CARTESIAN_POINT('',(-0.04175,0.,-0.015));
#5773=CARTESIAN_POINT('',(-0.00675,-0.01475,-0.021));
#5774=CARTESIAN_POINT('',(-0.0275,-0.018,-0.021));
#5775=CARTESIAN_POINT('',(-0.0275,0.0105,-0.015));
#5776=CARTESIAN_POINT('',(-0.0275,-0.00575,-0.015));
#5777=CARTESIAN_POINT('',(-0.04175,0.,-0.015));
#5778=CARTESIAN_POINT('',(-0.028,-0.018,-0.015));
#5779=CARTESIAN_POINT('',(-0.028,0.0175,-0.015));
#5780=CARTESIAN_POINT('',(-0.035625,0.0175,-0.015));
#5781=CARTESIAN_POINT('',(-0.0275,0.0175,-0.015));
#5782=CARTESIAN_POINT('',(-0.0275,0.00525,-0.015));
#5783=CARTESIAN_POINT('',(0.023,0.03144,-0.0169494897427832));
#5784=CARTESIAN_POINT('',(0.023,0.02344,-0.0169494897427832));
#5785=CARTESIAN_POINT('',(0.023,0.02344,-0.0189494897427832));
#5786=CARTESIAN_POINT('',(0.023,0.0275,-0.0169494897427832));
#5787=CARTESIAN_POINT('',(0.023,0.0275,-0.0189494897427832));
#5788=CARTESIAN_POINT('',(0.023,0.03144,-0.0189494897427832));
#5789=CARTESIAN_POINT('',(0.023,0.03144,-0.0189494897427832));
#5790=CARTESIAN_POINT('',(0.026,0.0275,-0.0189494897427832));
#5791=CARTESIAN_POINT('',(0.026,0.0275,-0.0189494897427832));
#5792=CARTESIAN_POINT('',(0.026,0.03144,-0.0189494897427832));
#5793=CARTESIAN_POINT('',(0.026,0.02344,-0.0189494897427832));
#5794=CARTESIAN_POINT('',(0.026,0.02344,-0.0189494897427832));
#5795=CARTESIAN_POINT('',(0.026,0.03144,-0.0169494897427832));
#5796=CARTESIAN_POINT('',(0.028,0.03144,-0.0169494897427832));
#5797=CARTESIAN_POINT('',(0.028,0.02344,-0.0169494897427832));
#5798=CARTESIAN_POINT('',(0.026,0.02344,-0.0169494897427832));
#5799=CARTESIAN_POINT('',(0.026,0.0275,-0.0169494897427832));
#5800=CARTESIAN_POINT('',(0.028,0.026,-0.0125));
#5801=CARTESIAN_POINT('',(0.028,0.02344,-0.013));
#5802=CARTESIAN_POINT('',(0.024,0.136871801593504,-0.0165));
#5803=CARTESIAN_POINT('',(0.024,0.0245,-0.0165));
#5804=CARTESIAN_POINT('',(0.0253,0.0245,-0.0165));
#5805=CARTESIAN_POINT('',(0.024,0.02344,-0.0165));
#5806=CARTESIAN_POINT('',(0.0253,0.02344,-0.0165));
#5807=CARTESIAN_POINT('',(0.024,0.0275,-0.0165));
#5808=CARTESIAN_POINT('',(0.024,0.0275,-0.0165));
#5809=CARTESIAN_POINT('',(0.022,-0.025,-0.02044));
#5810=CARTESIAN_POINT('',(-0.022,0.025,-0.02044));
#5811=CARTESIAN_POINT('',(-0.024,0.0285,-0.0165));
#5812=CARTESIAN_POINT('',(-0.0256959952830123,0.0285,-0.01544));
#5813=CARTESIAN_POINT('',(-0.0256959952830123,0.022,-0.01544));
#5814=CARTESIAN_POINT('',(-0.0256959952830123,0.02744,-0.01544));
#5815=CARTESIAN_POINT('',(-0.024,0.022,-0.0165));
#5816=CARTESIAN_POINT('',(-0.0253228756555323,0.022,-0.015));
#5817=CARTESIAN_POINT('',(-0.0253228756555323,0.022,-0.015));
#5818=CARTESIAN_POINT('',(-0.0253228756555323,0.02744,-0.015));
#5819=CARTESIAN_POINT('',(-0.024,0.02744,-0.0165));
#5820=CARTESIAN_POINT('',(0.022,-0.025,-0.02044));
#5821=CARTESIAN_POINT('',(0.024,0.0285,-0.0165));
#5822=CARTESIAN_POINT('',(0.024,0.0245,-0.0165));
#5823=CARTESIAN_POINT('',(0.026,0.0245,-0.0165));
#5824=CARTESIAN_POINT('',(-0.014,0.0275,-0.01944));
#5825=CARTESIAN_POINT('',(0.02875,-0.015,-0.015));
#5826=CARTESIAN_POINT('',(0.00253189100000005,0.0175,-0.015293109));
#5827=CARTESIAN_POINT('',(0.00253189100000005,0.0125,-0.015293109));
#5828=CARTESIAN_POINT('',(0.00378189100000005,0.0125,-0.015293109));
#5829=CARTESIAN_POINT('',(-0.0275,0.0105,-0.015));
#5830=CARTESIAN_POINT('',(-0.0275,0.0105,-0.02));
#5831=CARTESIAN_POINT('',(-0.0275,0.0175,-0.015));
#5832=CARTESIAN_POINT('',(-0.0265,0.0105,-0.02));
#5833=CARTESIAN_POINT('',(-0.0265,0.0105,-0.021));
#5834=CARTESIAN_POINT('',(-0.00675,-0.01475,-0.021));
#5835=CARTESIAN_POINT('',(0.00253189100000005,0.0175,-0.015293109));
#5836=CARTESIAN_POINT('',(0.00253189100000005,0.0125,-0.015293109));
#5837=CARTESIAN_POINT('',(0.00453189100000005,0.0125,-0.015293109));
#5838=CARTESIAN_POINT('',(-0.026,0.02697,-0.01744));
#5839=CARTESIAN_POINT('',(-0.026,0.0275,-0.01744));
#5840=CARTESIAN_POINT('',(-0.026,0.0275,-0.01944));
#5841=CARTESIAN_POINT('',(-0.026,0.0275,-0.01944));
#5842=CARTESIAN_POINT('',(-0.026,0.0175,-0.01744));
#5843=CARTESIAN_POINT('',(-0.028,0.0175,-0.01744));
#5844=CARTESIAN_POINT('',(-0.028,0.02697,-0.01744));
#5845=CARTESIAN_POINT('',(-0.000249999999999957,-0.01975,-0.01944));
#5846=CARTESIAN_POINT('',(-0.023,0.0275,-0.01944));
#5847=CARTESIAN_POINT('',(-0.0236583123951778,0.0275,-0.01944));
#5848=CARTESIAN_POINT('',(-0.022,0.025,-0.01944));
#5849=CARTESIAN_POINT('',(-0.022,0.025,-0.01944));
#5850=CARTESIAN_POINT('',(-0.0236583123951778,0.0275,-0.01944));
#5851=CARTESIAN_POINT('',(-0.024,0.0275,-0.0165));
#5852=CARTESIAN_POINT('',(-0.024,0.0275,-0.0165));
#5853=CARTESIAN_POINT('',(-0.028,0.03144,-0.015));
#5854=CARTESIAN_POINT('',(-0.028,0.0175,-0.01397));
#5855=CARTESIAN_POINT('',(0.02525,0.0175,-0.015));
#5856=CARTESIAN_POINT('',(0.024,0.0245,-0.0165));
#5857=CARTESIAN_POINT('',(-0.024,0.022,-0.0165));
#5858=CARTESIAN_POINT('',(-0.0256959952830123,0.022,-0.0123));
#5859=CARTESIAN_POINT('',(-0.0256959952830123,0.022,-0.015));
#5860=CARTESIAN_POINT('',(-0.0337229976415061,0.022,-0.015));
#5861=CARTESIAN_POINT('',(-0.04175,0.,-0.015));
#5862=CARTESIAN_POINT('',(-0.0256959952830123,0.01372,-0.015));
#5863=CARTESIAN_POINT('',(-0.0256959952830123,0.02744,-0.015));
#5864=CARTESIAN_POINT('',(-0.033125,0.02744,-0.015));
#5865=CARTESIAN_POINT('',(-0.0245,0.02744,-0.0155));
#5866=CARTESIAN_POINT('',(-0.0256959952830123,0.02744,-0.0139));
#5867=CARTESIAN_POINT('',(-0.0256959952830123,0.02744,-0.0123));
#5868=CARTESIAN_POINT('',(0.00253189100000005,0.0125,-0.015293109));
#5869=CARTESIAN_POINT('',(-0.014,0.0275,-0.01944));
#5870=CARTESIAN_POINT('',(0.03125,0.000152248203683989,-0.0135));
#5871=CARTESIAN_POINT('',(0.03425,-0.00892387589815801,-0.0135));
#5872=CARTESIAN_POINT('',(0.03425,0.02344,-0.0135));
#5873=CARTESIAN_POINT('',(0.03425,-0.018,-0.0135));
#5874=CARTESIAN_POINT('',(0.032375,-0.018,-0.0135));
#5875=CARTESIAN_POINT('',(0.03,-0.016,-0.0135));
#5876=CARTESIAN_POINT('',(0.02775,-0.016,-0.0135));
#5877=CARTESIAN_POINT('',(0.02775,-0.014,-0.0135));
#5878=CARTESIAN_POINT('',(0.02975,-0.014,-0.0135));
#5879=CARTESIAN_POINT('',(0.02975,0.010826124101842,-0.0135));
#5880=CARTESIAN_POINT('',(0.02975,0.0165,-0.0135));
#5881=CARTESIAN_POINT('',(0.02775,0.0165,-0.0135));
#5882=CARTESIAN_POINT('',(0.02775,0.0185,-0.0135));
#5883=CARTESIAN_POINT('',(0.02825,0.0185,-0.0135));
#5884=CARTESIAN_POINT('',(0.0328223986440212,0.02344,-0.0135));
#5885=CARTESIAN_POINT('',(0.03,-0.016,-0.0145));
#5886=CARTESIAN_POINT('',(0.02775,-0.016,-0.0145));
#5887=CARTESIAN_POINT('',(0.02775,-0.014,-0.0145));
#5888=CARTESIAN_POINT('',(0.02975,-0.014,-0.0145));
#5889=CARTESIAN_POINT('',(0.02975,0.010826124101842,-0.0145));
#5890=CARTESIAN_POINT('',(0.02975,0.0165,-0.0145));
#5891=CARTESIAN_POINT('',(0.02775,0.0165,-0.0145));
#5892=CARTESIAN_POINT('',(0.02775,0.0185,-0.0145));
#5893=CARTESIAN_POINT('',(0.02825,0.0185,-0.0145));
#5894=CARTESIAN_POINT('',(0.0335,-0.018,0.));
#5895=CARTESIAN_POINT('',(0.03425,-0.018,-0.0135));
#5896=CARTESIAN_POINT('',(0.0219464346247147,0.02344,-0.0123));
#5897=CARTESIAN_POINT('',(0.03425,0.02344,-0.01365));
#5898=CARTESIAN_POINT('',(0.03425,-0.018,-0.015));
#5899=CARTESIAN_POINT('',(-0.0189945641905069,-0.01475,-0.01575));
#5900=CARTESIAN_POINT('',(-0.0189945641905069,-0.01475,-0.01575));
#5901=CARTESIAN_POINT('',(-0.00499456419050693,-0.01475,-0.01575));
#5902=CARTESIAN_POINT('',(-0.00499456419050693,-0.01475,-0.01575));
#5903=CARTESIAN_POINT('',(0.,0.0019,-0.01575));
#5904=CARTESIAN_POINT('',(0.,0.,0.));
#5905=CARTESIAN_POINT('',(0.014,-0.028,-0.00975));
#5906=CARTESIAN_POINT('',(0.014,-0.0255,-0.0123));
#5907=CARTESIAN_POINT('',(0.014,-0.022,-0.0123));
#5908=CARTESIAN_POINT('',(0.014,-0.018,-0.0123));
#5909=CARTESIAN_POINT('',(0.014,-0.022,-0.01375));
#5910=CARTESIAN_POINT('',(0.014,-0.022,-0.00975));
#5911=CARTESIAN_POINT('',(0.014,-0.018,-0.00975));
#5912=CARTESIAN_POINT('',(0.014,-0.018,-0.00975));
#5913=CARTESIAN_POINT('',(0.014,-0.018,-0.004875));
#5914=CARTESIAN_POINT('',(-3.2707583537854E-18,-2.91463528231774E-33,-0.0123));
#5915=CARTESIAN_POINT('',(0.022,-0.025,-0.0123));
#5916=CARTESIAN_POINT('',(0.0204,-0.025,-0.0123));
#5917=CARTESIAN_POINT('',(0.018,-2.91463528231774E-33,-0.0123));
#5918=CARTESIAN_POINT('',(0.018,-0.025,-0.0123));
#5919=CARTESIAN_POINT('',(0.018,-0.022,-0.0123));
#5920=CARTESIAN_POINT('',(-3.2707583537854E-18,-0.022,-0.0123));
#5921=CARTESIAN_POINT('',(0.01675,-0.018,-0.0123));
#5922=CARTESIAN_POINT('',(-0.00499456419050693,-0.018,-0.0123));
#5923=CARTESIAN_POINT('',(-0.00499456419050693,-2.91463528231774E-33,-0.0123));
#5924=CARTESIAN_POINT('',(-0.00499456419050693,-0.0115,-0.0123));
#5925=CARTESIAN_POINT('',(0.006875,-0.0115,-0.0123));
#5926=CARTESIAN_POINT('',(0.0260952102884802,-0.0115,-0.0123));
#5927=CARTESIAN_POINT('',(0.0260952102884802,0.,-0.0123));
#5928=CARTESIAN_POINT('',(0.0260952102884802,0.0105,-0.0123));
#5929=CARTESIAN_POINT('',(0.006875,0.0105,-0.0123));
#5930=CARTESIAN_POINT('',(0.01645,0.0105,-0.0123));
#5931=CARTESIAN_POINT('',(0.01645,0.00625,-0.0123));
#5932=CARTESIAN_POINT('',(0.01645,0.0175,-0.0123));
#5933=CARTESIAN_POINT('',(0.012625,0.0175,-0.0123));
#5934=CARTESIAN_POINT('',(0.02525,0.0175,-0.0123));
#5935=CARTESIAN_POINT('',(0.02525,-1.13741864675814E-33,-0.0123));
#5936=CARTESIAN_POINT('',(0.02525,0.02344,-0.0123));
#5937=CARTESIAN_POINT('',(0.01225,0.02344,-0.0123));
#5938=CARTESIAN_POINT('',(0.021,0.02344,-0.0123));
#5939=CARTESIAN_POINT('',(0.021,0.02553,-0.0123));
#5940=CARTESIAN_POINT('',(0.021,0.0318,-0.0123));
#5941=CARTESIAN_POINT('',(0.02265,0.0318,-0.0123));
#5942=CARTESIAN_POINT('',(0.0276,0.0318,-0.0123));
#5943=CARTESIAN_POINT('',(0.0276,0.02971,-0.0123));
#5944=CARTESIAN_POINT('',(0.0276,0.0275,-0.0123));
#5945=CARTESIAN_POINT('',(0.007,0.0275,-0.0123));
#5946=CARTESIAN_POINT('',(0.0411895945760846,0.0275,-0.0123));
#5947=CARTESIAN_POINT('',(0.0411895945760846,0.,-0.0123));
#5948=CARTESIAN_POINT('',(0.0411895945760846,-0.018,-0.0123));
#5949=CARTESIAN_POINT('',(0.01675,-0.018,-0.0123));
#5950=CARTESIAN_POINT('',(0.026,-0.018,-0.0123));
#5951=CARTESIAN_POINT('',(0.026,-0.0205,-0.0123));
#5952=CARTESIAN_POINT('',(0.026,-0.028,-0.0123));
#5953=CARTESIAN_POINT('',(0.023,-0.028,-0.0123));
#5954=CARTESIAN_POINT('',(0.014,-0.028,-0.0123));
#5955=CARTESIAN_POINT('',(0.014,-0.0255,-0.0123));
#5956=CARTESIAN_POINT('',(0.014,-0.025,-0.0123));
#5957=CARTESIAN_POINT('',(-3.2707583537854E-18,-0.025,-0.0123));
#5958=CARTESIAN_POINT('',(0.02175,-0.021,-0.00975));
#5959=CARTESIAN_POINT('',(0.016,-0.022,-0.00975));
#5960=CARTESIAN_POINT('',(0.018,-0.022,-0.00975));
#5961=CARTESIAN_POINT('',(0.018,-0.0235,-0.00975));
#5962=CARTESIAN_POINT('',(0.018,-0.025,-0.00975));
#5963=CARTESIAN_POINT('',(0.016,-0.025,-0.00975));
#5964=CARTESIAN_POINT('',(0.014,-0.025,-0.00975));
#5965=CARTESIAN_POINT('',(0.014,-0.018,-0.00975));
#5966=CARTESIAN_POINT('',(0.014,-0.028,-0.00975));
#5967=CARTESIAN_POINT('',(0.014,-0.028,-0.00975));
#5968=CARTESIAN_POINT('',(0.02125,-0.028,-0.00975));
#5969=CARTESIAN_POINT('',(0.02125,-0.026,-0.00975));
#5970=CARTESIAN_POINT('',(0.01925,-0.026,-0.00975));
#5971=CARTESIAN_POINT('',(0.01925,-0.0245,-0.00975));
#5972=CARTESIAN_POINT('',(0.01925,-0.024,-0.00975));
#5973=CARTESIAN_POINT('',(0.02125,-0.024,-0.00975));
#5974=CARTESIAN_POINT('',(0.02125,-0.022,-0.00975));
#5975=CARTESIAN_POINT('',(0.0215,-0.022,-0.00975));
#5976=CARTESIAN_POINT('',(0.02425,-0.022,-0.00975));
#5977=CARTESIAN_POINT('',(0.02425,-0.0255,-0.00975));
#5978=CARTESIAN_POINT('',(0.02425,-0.028,-0.00975));
#5979=CARTESIAN_POINT('',(0.014,-0.028,-0.00975));
#5980=CARTESIAN_POINT('',(0.026,-0.028,-0.00975));
#5981=CARTESIAN_POINT('',(0.026,-0.028,-0.00975));
#5982=CARTESIAN_POINT('',(0.026,-0.018,-0.00975));
#5983=CARTESIAN_POINT('',(0.01675,-0.018,-0.00975));
#5984=CARTESIAN_POINT('',(0.04175,-0.018,-0.00975));
#5985=CARTESIAN_POINT('',(0.04175,0.,-0.00975));
#5986=CARTESIAN_POINT('',(0.04175,0.0275,-0.00975));
#5987=CARTESIAN_POINT('',(0.029375,0.0275,-0.00975));
#5988=CARTESIAN_POINT('',(0.0276,0.0275,-0.00975));
#5989=CARTESIAN_POINT('',(0.0276,0.0275,-0.00975));
#5990=CARTESIAN_POINT('',(0.0276,0.0318,-0.00975));
#5991=CARTESIAN_POINT('',(0.0276,0.0318,-0.00975));
#5992=CARTESIAN_POINT('',(0.021,0.0318,-0.00975));
#5993=CARTESIAN_POINT('',(0.021,0.0318,-0.00975));
#5994=CARTESIAN_POINT('',(0.021,0.02344,-0.00975));
#5995=CARTESIAN_POINT('',(0.021,0.02344,-0.00975));
#5996=CARTESIAN_POINT('',(0.02525,0.02344,-0.00975));
#5997=CARTESIAN_POINT('',(0.02525,0.01572,-0.00975));
#5998=CARTESIAN_POINT('',(0.02525,0.0175,-0.00975));
#5999=CARTESIAN_POINT('',(5.03447668592398E-18,0.0175,-0.00975));
#6000=CARTESIAN_POINT('',(-0.02525,0.0175,-0.00975));
#6001=CARTESIAN_POINT('',(-0.02525,0.01572,-0.00975));
#6002=CARTESIAN_POINT('',(-0.02525,0.022,-0.00975));
#6003=CARTESIAN_POINT('',(-0.0235,0.022,-0.00975));
#6004=CARTESIAN_POINT('',(-0.02475,0.022,-0.00975));
#6005=CARTESIAN_POINT('',(-0.02475,0.03144,-0.00975));
#6006=CARTESIAN_POINT('',(-0.02475,0.0275,-0.00975));
#6007=CARTESIAN_POINT('',(-0.007,0.0275,-0.00975));
#6008=CARTESIAN_POINT('',(-0.04175,0.0275,-0.00975));
#6009=CARTESIAN_POINT('',(-0.04175,0.,-0.00975));
#6010=CARTESIAN_POINT('',(-0.04175,-0.018,-0.00975));
#6011=CARTESIAN_POINT('',(0.01675,-0.018,-0.00975));
#6012=CARTESIAN_POINT('',(-0.0189945641905069,-0.018,-0.00975));
#6013=CARTESIAN_POINT('',(-0.0189945641905069,-0.01475,-0.00975));
#6014=CARTESIAN_POINT('',(-0.0189945641905069,-0.0115,-0.00975));
#6015=CARTESIAN_POINT('',(-3.04943994609041E-18,-0.0115,-0.00975));
#6016=CARTESIAN_POINT('',(-0.024,-0.0115,-0.00975));
#6017=CARTESIAN_POINT('',(-0.001625,-0.0115,-0.00975));
#6018=CARTESIAN_POINT('',(-0.025,-0.0115,-0.00975));
#6019=CARTESIAN_POINT('',(-0.025,-0.00525,-0.00975));
#6020=CARTESIAN_POINT('',(-0.025,-0.0005,-0.00975));
#6021=CARTESIAN_POINT('',(-0.022,-0.0005,-0.00975));
#6022=CARTESIAN_POINT('',(-0.024,-0.0005,-0.00975));
#6023=CARTESIAN_POINT('',(-0.024,0.,-0.00975));
#6024=CARTESIAN_POINT('',(-0.024,0.0105,-0.00975));
#6025=CARTESIAN_POINT('',(5.03447668592398E-18,0.0105,-0.00975));
#6026=CARTESIAN_POINT('',(0.024,0.0105,-0.00975));
#6027=CARTESIAN_POINT('',(0.023375,0.0105,-0.00975));
#6028=CARTESIAN_POINT('',(0.025,0.0105,-0.00975));
#6029=CARTESIAN_POINT('',(0.025,-0.01625,-0.00975));
#6030=CARTESIAN_POINT('',(0.025,-0.0115,-0.00975));
#6031=CARTESIAN_POINT('',(0.022875,-0.0115,-0.00975));
#6032=CARTESIAN_POINT('',(0.024,-0.0115,-0.00975));
#6033=CARTESIAN_POINT('',(-3.04943994609041E-18,-0.0115,-0.00975));
#6034=CARTESIAN_POINT('',(0.0138558599581347,-0.0115,-0.00975));
#6035=CARTESIAN_POINT('',(0.0098,-0.0121,-0.00975));
#6036=CARTESIAN_POINT('',(0.0139,-0.0121,-0.00975));
#6037=CARTESIAN_POINT('',(0.0139,-0.01655,-0.00975));
#6038=CARTESIAN_POINT('',(0.0139,-0.0178,-0.00975));
#6039=CARTESIAN_POINT('',(0.016825,-0.0178,-0.00975));
#6040=CARTESIAN_POINT('',(0.0057,-0.0178,-0.00975));
#6041=CARTESIAN_POINT('',(0.0057,-0.018,-0.00975));
#6042=CARTESIAN_POINT('',(0.0057,-0.0121,-0.00975));
#6043=CARTESIAN_POINT('',(0.0098,-0.0121,-0.00975));
#6044=CARTESIAN_POINT('',(0.00574414004186535,-0.0115,-0.00975));
#6045=CARTESIAN_POINT('',(-3.04943994609041E-18,-0.0115,-0.00975));
#6046=CARTESIAN_POINT('',(-0.00499456419050693,-0.0115,-0.00975));
#6047=CARTESIAN_POINT('',(-0.00499456419050693,-0.01475,-0.00975));
#6048=CARTESIAN_POINT('',(-0.00499456419050693,-0.018,-0.00975));
#6049=CARTESIAN_POINT('',(0.01675,-0.018,-0.00975));
#6050=CARTESIAN_POINT('',(0.01375,-0.0115,-0.0155));
#6051=CARTESIAN_POINT('',(-0.00499456419050693,-0.0115,-0.01575));
#6052=CARTESIAN_POINT('',(0.0077875388202502,-0.0115,-0.00775));
#6053=CARTESIAN_POINT('',(0.00709541987918529,-0.0115,-0.0084132678574584));
#6054=CARTESIAN_POINT('',(0.00574414004186535,-0.0115,-0.00975));
#6055=CARTESIAN_POINT('',(0.00778753882025019,-0.0115,-0.00775));
#6056=CARTESIAN_POINT('',(0.00778753882025019,-0.0115,0.));
#6057=CARTESIAN_POINT('',(0.00778753882025019,-0.0115,-0.0100833703050002));
#6058=CARTESIAN_POINT('',(0.00778753882025019,-0.0115,-0.0100833703050002));
#6059=CARTESIAN_POINT('',(0.00778753882025019,-0.0115,-0.0103477504024335));
#6060=CARTESIAN_POINT('',(0.00787692811666102,-0.0115,-0.0108340119379703));
#6061=CARTESIAN_POINT('',(0.00831359738699164,-0.0115,-0.011470786006125));
#6062=CARTESIAN_POINT('',(0.00894959967359094,-0.0115,-0.0119103086106131));
#6063=CARTESIAN_POINT('',(0.00943559558800071,-0.0115,-0.012));
#6064=CARTESIAN_POINT('',(0.0097,-0.0115,-0.012));
#6065=CARTESIAN_POINT('',(0.0097,-0.0115,-0.012));
#6066=CARTESIAN_POINT('',(-3.67394039744206E-18,-0.0115,-0.012));
#6067=CARTESIAN_POINT('',(0.0099,-0.0115,-0.012));
#6068=CARTESIAN_POINT('',(0.0099,-0.0115,-0.012));
#6069=CARTESIAN_POINT('',(0.0101641690232199,-0.0115,-0.012));
#6070=CARTESIAN_POINT('',(0.0106498538881712,-0.0115,-0.0119103506987971));
#6071=CARTESIAN_POINT('',(0.0112865500570766,-0.0115,-0.0114706383703978));
#6072=CARTESIAN_POINT('',(0.0117230298496284,-0.0115,-0.0108345590843623));
#6073=CARTESIAN_POINT('',(0.0118124611797498,-0.0115,-0.0103479860962639));
#6074=CARTESIAN_POINT('',(0.0118124611797498,-0.0115,-0.0100833703050002));
#6075=CARTESIAN_POINT('',(0.0118124611797515,-0.0115000000000058,-0.0100833703050003));
#6076=CARTESIAN_POINT('',(0.0118124611797498,-0.0115,0.));
#6077=CARTESIAN_POINT('',(0.0118124611797498,-0.0115,-0.00775));
#6078=CARTESIAN_POINT('',(0.0138558599581347,-0.0115,-0.00975));
#6079=CARTESIAN_POINT('',(0.0125045801208154,-0.0115,-0.00841326785745911));
#6080=CARTESIAN_POINT('',(0.0118124611797498,-0.0115,-0.00775));
#6081=CARTESIAN_POINT('',(0.024,-0.0115,-0.013175));
#6082=CARTESIAN_POINT('',(0.024,-0.0115,-0.00985049669418775));
#6083=CARTESIAN_POINT('',(0.,-0.0115,-0.0325));
#6084=CARTESIAN_POINT('',(0.0335,-0.018,0.));
#6085=CARTESIAN_POINT('',(0.01675,-0.018,-0.0123));
#6086=CARTESIAN_POINT('',(-0.0189945641905069,-0.018,-0.0123));
#6087=CARTESIAN_POINT('',(-0.0411895945760846,-0.018,-0.0123));
#6088=CARTESIAN_POINT('',(-0.0189945641905069,-0.018,-0.01575));
#6089=CARTESIAN_POINT('',(-0.04175,-0.018,0.015));
#6090=CARTESIAN_POINT('',(-0.04175,-0.018,-0.01));
#6091=CARTESIAN_POINT('',(-0.03675,-0.018,-0.01));
#6092=CARTESIAN_POINT('',(0.,0.,-0.0325));
#6093=CARTESIAN_POINT('',(-0.024,0.,-0.00985049669418775));
#6094=CARTESIAN_POINT('',(-0.024,0.0105,-0.00985049669418775));
#6095=CARTESIAN_POINT('',(-0.024,-0.0115,-0.00985049669418775));
#6096=CARTESIAN_POINT('',(0.,-0.0115,-0.0325));
#6097=CARTESIAN_POINT('',(-0.0260952102884802,-0.0115,-0.0123));
#6098=CARTESIAN_POINT('',(-0.0260952102884801,0.,-0.0123));
#6099=CARTESIAN_POINT('',(-0.0260952102884801,0.0105,-0.0123));
#6100=CARTESIAN_POINT('',(0.,0.0105,-0.0325));
#6101=CARTESIAN_POINT('',(0.00990000295976029,-0.0114999991927927,-0.0120000025667558));
#6102=CARTESIAN_POINT('',(0.0099,-0.0115,-0.012));
#6103=CARTESIAN_POINT('',(0.0098936008349562,-0.0115,-0.012));
#6104=CARTESIAN_POINT('',(0.00986539037123972,-0.0115,-0.012));
#6105=CARTESIAN_POINT('',(0.009823535841014,-0.0115,-0.012));
#6106=CARTESIAN_POINT('',(0.00977654120420818,-0.0115,-0.012));
#6107=CARTESIAN_POINT('',(0.00973446955699669,-0.0115,-0.012));
#6108=CARTESIAN_POINT('',(0.00970645325391162,-0.0115,-0.012));
#6109=CARTESIAN_POINT('',(0.0097,-0.0115,-0.012));
#6110=CARTESIAN_POINT('',(0.00969999704023971,-0.0114999991927927,-0.0120000025667558));
#6111=CARTESIAN_POINT('',(0.0104983986006838,-0.0115,-0.012));
#6112=CARTESIAN_POINT('',(0.0104813936424931,-0.0114206439690202,-0.0119743140631848));
#6113=CARTESIAN_POINT('',(0.0104102674653028,-0.0112725367008087,-0.0119308026272579));
#6114=CARTESIAN_POINT('',(0.0102087154790512,-0.0111030752341174,-0.0118896542725914));
#6115=CARTESIAN_POINT('',(0.00994478297163764,-0.0110100652713257,-0.0118705278164346));
#6116=CARTESIAN_POINT('',(0.00965605227171484,-0.0110100175792773,-0.0118705007737522));
#6117=CARTESIAN_POINT('',(0.00939016385535577,-0.0111033770223749,-0.0118897502629984));
#6118=CARTESIAN_POINT('',(0.00919033491238302,-0.0112723265567886,-0.0119307373540919));
#6119=CARTESIAN_POINT('',(0.00911856523672713,-0.0114208358649273,-0.0119743761759957));
#6120=CARTESIAN_POINT('',(0.00910160139931623,-0.0115,-0.012));
#6121=CARTESIAN_POINT('',(0.0115348052556755,-0.0116504894102888,-0.0115214741737583));
#6122=CARTESIAN_POINT('',(0.0114907398109818,-0.0114215426605478,-0.0114806763842739));
#6123=CARTESIAN_POINT('',(0.0113078236432306,-0.0109946190132895,-0.0114125171986268));
#6124=CARTESIAN_POINT('',(0.0108083367542324,-0.0105087508603631,-0.0113492313025478));
#6125=CARTESIAN_POINT('',(0.0101553706099157,-0.0102434400024788,-0.0113199945495372));
#6126=CARTESIAN_POINT('',(0.00944559505849119,-0.0102432927645578,-0.0113199298774135));
#6127=CARTESIAN_POINT('',(0.00878958888490841,-0.0105096232445657,-0.0113493691778568));
#6128=CARTESIAN_POINT('',(0.0082929603423297,-0.0109940133399577,-0.0114124131338534));
#6129=CARTESIAN_POINT('',(0.00810915363154077,-0.0114220962913642,-0.0114807750400247));
#6130=CARTESIAN_POINT('',(0.00806519474432451,-0.0116504894102887,-0.0115214741737583));
#6131=CARTESIAN_POINT('',(0.0119,-0.0119653603148462,-0.0105202485096151));
#6132=CARTESIAN_POINT('',(0.0118802306771936,-0.011666441723692,-0.0105049219143653));
#6133=CARTESIAN_POINT('',(0.0117136812688413,-0.0110816457499214,-0.0104784953375363));
#6134=CARTESIAN_POINT('',(0.0111154417983158,-0.0103775409110358,-0.010452623898351));
#6135=CARTESIAN_POINT('',(0.0102702374090765,-0.00998277251173051,-0.0104401635783464));
#6136=CARTESIAN_POINT('',(0.00933150241819249,-0.00998264640558937,-0.0104401408672279));
#6137=CARTESIAN_POINT('',(0.00848158971071771,-0.0103787404459207,-0.0104526773206991));
#6138=CARTESIAN_POINT('',(0.00788757416085062,-0.0110808352681683,-0.0104784557166783));
#6139=CARTESIAN_POINT('',(0.00771972151733927,-0.011667164557905,-0.0105049589765881));
#6140=CARTESIAN_POINT('',(0.0077,-0.0119653603148462,-0.0105202485096151));
#6141=CARTESIAN_POINT('',(0.0119,-0.0121,-0.0100921215971661));
#6142=CARTESIAN_POINT('',(0.0119,-0.0117943442774899,-0.0100875442506066));
#6143=CARTESIAN_POINT('',(0.0117656175340803,-0.0111800121096053,-0.0100787351518204));
#6144=CARTESIAN_POINT('',(0.0111731977960342,-0.0104165167866508,-0.0100686609687961));
#6145=CARTESIAN_POINT('',(0.010294252661294,-0.00998191863886792,-0.0100632887423255));
#6146=CARTESIAN_POINT('',(0.00930736528837179,-0.00998183010723921,-0.0100632847998175));
#6147=CARTESIAN_POINT('',(0.00842386069693052,-0.0104177729299254,-0.0100686793236994));
#6148=CARTESIAN_POINT('',(0.00783551833214411,-0.0111791704281815,-0.0100787227817693));
#6149=CARTESIAN_POINT('',(0.0077,-0.0117950834031922,-0.0100875553193818));
#6150=CARTESIAN_POINT('',(0.0077,-0.0121,-0.0100921215971661));
#6151=CARTESIAN_POINT('',(0.0118124611808562,-0.0115000000037111,-0.0100833728935305));
#6152=CARTESIAN_POINT('',(0.0116734791751566,-0.0110338401819811,-0.0100767525433014));
#6153=CARTESIAN_POINT('',(0.0110691553501942,-0.0102487605770297,-0.0100668219443937));
#6154=CARTESIAN_POINT('',(0.00980109502049903,-0.00987572349861932,-0.0100618558660552));
#6155=CARTESIAN_POINT('',(0.00853083155057563,-0.0102483461852604,-0.0100668210616265));
#6156=CARTESIAN_POINT('',(0.00792653568367492,-0.0110337905002386,-0.0100767530129629));
#6157=CARTESIAN_POINT('',(0.00778753887421851,-0.0114999998189848,-0.0100833743628965));
#6158=CARTESIAN_POINT('',(0.024,0.,-0.015));
#6159=CARTESIAN_POINT('',(0.024,-0.00025,-0.0096));
#6160=CARTESIAN_POINT('',(0.024,-0.0115,-0.0096));
#6161=CARTESIAN_POINT('',(0.024,0.0105,-0.0096));
#6162=CARTESIAN_POINT('',(0.024,0.0105,-0.00975));
#6163=CARTESIAN_POINT('',(0.024,0.0105,-0.02375));
#6164=CARTESIAN_POINT('',(0.024,0.0105,-0.00985049669418775));
#6165=CARTESIAN_POINT('',(0.024,0.,-0.00985049669418775));
#6166=CARTESIAN_POINT('',(0.024,-0.0115,-0.00975));
#6167=CARTESIAN_POINT('',(0.,0.,-0.0325));
#6168=CARTESIAN_POINT('',(0.,0.0105,-0.0325));
#6169=CARTESIAN_POINT('',(0.01375,0.0105,-0.017));
#6170=CARTESIAN_POINT('',(-0.024,0.0105,-0.02375));
#6171=CARTESIAN_POINT('',(0.006875,0.0105,-0.0123));
#6172=CARTESIAN_POINT('',(0.00605,0.0105,-0.0123));
#6173=CARTESIAN_POINT('',(0.00605,0.0105,-0.0145));
#6174=CARTESIAN_POINT('',(0.00605,0.0105,-0.0118));
#6175=CARTESIAN_POINT('',(0.015,0.0105,-0.0118));
#6176=CARTESIAN_POINT('',(0.01645,0.0105,-0.0118));
#6177=CARTESIAN_POINT('',(0.01645,0.0105,-0.01775));
#6178=CARTESIAN_POINT('',(-0.024,0.,-0.015));
#6179=CARTESIAN_POINT('',(-0.024,-0.0005,-0.015));
#6180=CARTESIAN_POINT('',(-0.024,-0.0005,-0.0096));
#6181=CARTESIAN_POINT('',(-0.024,-0.002,-0.0096));
#6182=CARTESIAN_POINT('',(-0.024,-0.0115,-0.0096));
#6183=CARTESIAN_POINT('',(-0.024,-0.0115,-0.00975));
#6184=CARTESIAN_POINT('',(-0.024,-0.0115,-0.01525));
#6185=CARTESIAN_POINT('',(3.58990991282713E-18,-0.0005,-0.0046));
#6186=CARTESIAN_POINT('',(0.0098,-0.0121,-0.0046));
#6187=CARTESIAN_POINT('',(0.0108,-0.0121,-0.0046));
#6188=CARTESIAN_POINT('',(0.0098,-0.0121,-0.0046));
#6189=CARTESIAN_POINT('',(0.0077,-0.0121,-0.0046));
#6190=CARTESIAN_POINT('',(0.0119,-0.0121,-0.0046));
#6191=CARTESIAN_POINT('',(0.0077,-0.0115,-0.0046));
#6192=CARTESIAN_POINT('',(0.0077,-0.0158,-0.0046));
#6193=CARTESIAN_POINT('',(0.0077,-0.0158,-0.0046));
#6194=CARTESIAN_POINT('',(0.0119,-0.0158,-0.0046));
#6195=CARTESIAN_POINT('',(0.0119,-0.015,-0.0046));
#6196=CARTESIAN_POINT('',(-0.02525,0.,-0.015));
#6197=CARTESIAN_POINT('',(-0.02525,0.011,-0.01044));
#6198=CARTESIAN_POINT('',(-0.02525,0.0175,-0.01044));
#6199=CARTESIAN_POINT('',(-0.02525,0.022,-0.01044));
#6200=CARTESIAN_POINT('',(-0.02525,0.022,-0.0098));
#6201=CARTESIAN_POINT('',(-0.02525,0.0175,-0.016));
#6202=CARTESIAN_POINT('',(-0.02125,0.022,-0.0046));
#6203=CARTESIAN_POINT('',(-0.02225,0.022,-0.01044));
#6204=CARTESIAN_POINT('',(-0.02325,0.022,-0.01044));
#6205=CARTESIAN_POINT('',(-0.021625,0.022,-0.01044));
#6206=CARTESIAN_POINT('',(-0.02125,0.022,-0.01044));
#6207=CARTESIAN_POINT('',(-0.02125,0.022,-0.0046));
#6208=CARTESIAN_POINT('',(-0.02125,0.022,-0.0046));
#6209=CARTESIAN_POINT('',(-0.02525,0.022,-0.0046));
#6210=CARTESIAN_POINT('',(-0.02475,0.022,-0.0046));
#6211=CARTESIAN_POINT('',(-0.02475,0.022,-0.0098));
#6212=CARTESIAN_POINT('',(-0.02475,0.,-0.015));
#6213=CARTESIAN_POINT('',(-0.02475,0.0275,-0.012885));
#6214=CARTESIAN_POINT('',(-0.02475,0.0275,-0.0046));
#6215=CARTESIAN_POINT('',(-0.02475,0.0125,-0.0046));
#6216=CARTESIAN_POINT('',(-0.014,0.0275,-0.01944));
#6217=CARTESIAN_POINT('',(-0.007,0.0275,-0.0123));
#6218=CARTESIAN_POINT('',(-0.0411895945760846,0.0275,-0.0123));
#6219=CARTESIAN_POINT('',(-0.0199233440342705,0.0275,-0.0123));
#6220=CARTESIAN_POINT('',(-0.03675,0.0275,-0.01));
#6221=CARTESIAN_POINT('',(-0.04175,0.0275,-0.01));
#6222=CARTESIAN_POINT('',(-0.04175,0.0275,0.015));
#6223=CARTESIAN_POINT('',(-0.02225,0.0275,-0.0046));
#6224=CARTESIAN_POINT('',(-0.0199271243444677,0.0275,-0.0046));
#6225=CARTESIAN_POINT('',(-0.0199271243444677,0.0275,-0.0046));
#6226=CARTESIAN_POINT('',(-0.0199271243444677,0.0275,-0.01044));
#6227=CARTESIAN_POINT('',(-0.0240766559657295,0.0275,-0.01044));
#6228=CARTESIAN_POINT('',(-0.0199233440342705,0.0275,-0.01044));
#6229=CARTESIAN_POINT('',(-0.0199233440342705,0.0275,-0.02044));
#6230=CARTESIAN_POINT('',(-0.04175,0.,0.015));
#6231=CARTESIAN_POINT('',(-0.04175,0.,-0.01));
#6232=CARTESIAN_POINT('',(0.04175,0.,0.015));
#6233=CARTESIAN_POINT('',(0.04175,-0.018,0.015));
#6234=CARTESIAN_POINT('',(0.04175,-0.018,-0.01));
#6235=CARTESIAN_POINT('',(0.04175,0.,-0.01));
#6236=CARTESIAN_POINT('',(0.04175,0.0275,-0.01));
#6237=CARTESIAN_POINT('',(0.04175,0.0275,0.015));
#6238=CARTESIAN_POINT('',(-0.014,0.0275,-0.01944));
#6239=CARTESIAN_POINT('',(0.0276,0.0275,0.004845));
#6240=CARTESIAN_POINT('',(0.03675,0.0275,-0.01));
#6241=CARTESIAN_POINT('',(0.02525,0.0175,-0.015));
#6242=CARTESIAN_POINT('',(0.01645,0.0175,-0.0185));
#6243=CARTESIAN_POINT('',(0.01645,0.0175,-0.0115));
#6244=CARTESIAN_POINT('',(0.00575,0.0175,-0.0115));
#6245=CARTESIAN_POINT('',(0.01725,0.0175,-0.0115));
#6246=CARTESIAN_POINT('',(0.01725,0.0175,-0.0135));
#6247=CARTESIAN_POINT('',(0.01725,0.0175,-0.01));
#6248=CARTESIAN_POINT('',(0.0065,0.0175,-0.01));
#6249=CARTESIAN_POINT('',(0.00325,0.0175,-0.01));
#6250=CARTESIAN_POINT('',(0.00325,0.0175,-0.01225));
#6251=CARTESIAN_POINT('',(0.00325,0.0175,-0.0115));
#6252=CARTESIAN_POINT('',(0.00575,0.0175,-0.0115));
#6253=CARTESIAN_POINT('',(0.00605,0.0175,-0.0115));
#6254=CARTESIAN_POINT('',(0.00605,0.0175,-0.013));
#6255=CARTESIAN_POINT('',(0.00605,0.0175,-0.0123));
#6256=CARTESIAN_POINT('',(0.012625,0.0175,-0.0123));
#6257=CARTESIAN_POINT('',(-0.02325,0.0175,-0.0123));
#6258=CARTESIAN_POINT('',(-0.02325,0.0175,-0.0148229751891129));
#6259=CARTESIAN_POINT('',(-0.02325,0.0175,-0.01044));
#6260=CARTESIAN_POINT('',(0.00100000000000002,0.0175,-0.01044));
#6261=CARTESIAN_POINT('',(0.02525,0.0175,-0.016));
#6262=CARTESIAN_POINT('',(0.022,-0.025,-0.0046));
#6263=CARTESIAN_POINT('',(0.022,-0.025,-0.0046));
#6264=CARTESIAN_POINT('',(0.0204,-0.025,-0.0046));
#6265=CARTESIAN_POINT('',(-0.022,0.025,-0.0046));
#6266=CARTESIAN_POINT('',(-0.022,0.025,-0.0046));
#6267=CARTESIAN_POINT('',(-0.0236,0.025,-0.0046));
#6268=CARTESIAN_POINT('',(-0.022,0.025,-0.0123));
#6269=CARTESIAN_POINT('',(-0.0236,0.025,-0.0123));
#6270=CARTESIAN_POINT('',(0.01645,0.0125,-0.0185));
#6271=CARTESIAN_POINT('',(0.01645,0.0125,-0.0118));
#6272=CARTESIAN_POINT('',(0.01645,0.0135,-0.0118));
#6273=CARTESIAN_POINT('',(0.01645,0.0135,-0.011725));
#6274=CARTESIAN_POINT('',(0.01645,0.0135,-0.0115));
#6275=CARTESIAN_POINT('',(0.01645,0.0175,-0.0115));
#6276=CARTESIAN_POINT('',(0.0245,0.02344,-0.0154747448713916));
#6277=CARTESIAN_POINT('',(0.02525,0.02344,-0.012375));
#6278=CARTESIAN_POINT('',(0.021,0.02344,-0.00975));
#6279=CARTESIAN_POINT('',(0.03675,0.,-0.01));
#6280=CARTESIAN_POINT('',(0.03675,-0.018,-0.01));
#6281=CARTESIAN_POINT('',(0.01925,-0.026,-0.0046));
#6282=CARTESIAN_POINT('',(0.01925,-0.026,-0.0046));
#6283=CARTESIAN_POINT('',(0.01925,-0.026,-0.0046));
#6284=CARTESIAN_POINT('',(0.01925,-0.024,-0.0046));
#6285=CARTESIAN_POINT('',(0.01925,-0.024,-0.0046));
#6286=CARTESIAN_POINT('',(0.01925,-0.024,-0.0046));
#6287=CARTESIAN_POINT('',(-0.03675,0.,-0.01));
#6288=CARTESIAN_POINT('',(-0.0411895945760846,0.,-0.0123));
#6289=CARTESIAN_POINT('',(-0.022,0.025,-0.02044));
#6290=CARTESIAN_POINT('',(-0.022,0.025,-0.0123));
#6291=CARTESIAN_POINT('',(-0.02325,0.022,-0.0123));
#6292=CARTESIAN_POINT('',(-0.022,0.025,-0.01044));
#6293=CARTESIAN_POINT('',(-0.02005,0.0224,-0.01044));
#6294=CARTESIAN_POINT('',(-0.022,0.025,-0.01044));
#6295=CARTESIAN_POINT('',(-0.02325,0.022,-0.02044));
#6296=CARTESIAN_POINT('',(-0.02325,0.022,-0.0146459503782261));
#6297=CARTESIAN_POINT('',(-0.02325,0.011,-0.0123));
#6298=CARTESIAN_POINT('',(-0.02325,0.022,-0.01044));
#6299=CARTESIAN_POINT('',(0.00605,0.0125,-0.012));
#6300=CARTESIAN_POINT('',(0.00605,0.00625,-0.0123));
#6301=CARTESIAN_POINT('',(0.00605,0.0175,-0.0115));
#6302=CARTESIAN_POINT('',(0.00605,0.0135,-0.0115));
#6303=CARTESIAN_POINT('',(0.00605,0.0135,-0.011575));
#6304=CARTESIAN_POINT('',(0.00605,0.0135,-0.0118));
#6305=CARTESIAN_POINT('',(0.00605,0.0125,-0.0118));
#6306=CARTESIAN_POINT('',(0.01625,0.0125,-0.0118));
#6307=CARTESIAN_POINT('',(0.01375,0.0135,-0.0118));
#6308=CARTESIAN_POINT('',(-0.022,0.024625,-0.01044));
#6309=CARTESIAN_POINT('',(-0.022,0.024625,-0.01044));
#6310=CARTESIAN_POINT('',(-0.02125,0.024,-0.01044));
#6311=CARTESIAN_POINT('',(-0.02125,0.024,-0.0046));
#6312=CARTESIAN_POINT('',(-0.02125,0.024,-0.01044));
#6313=CARTESIAN_POINT('',(-0.01925,0.024,-0.01044));
#6314=CARTESIAN_POINT('',(-0.01925,0.024,-0.0046));
#6315=CARTESIAN_POINT('',(-0.01925,0.024,-0.0046));
#6316=CARTESIAN_POINT('',(-0.02125,0.024,-0.0046));
#6317=CARTESIAN_POINT('',(3.58990991282713E-18,-0.0005,-0.0046));
#6318=CARTESIAN_POINT('',(-0.01925,0.024,-0.0046));
#6319=CARTESIAN_POINT('',(-0.01925,0.026,-0.0046));
#6320=CARTESIAN_POINT('',(-0.02125,0.026,-0.0046));
#6321=CARTESIAN_POINT('',(-0.02125,0.026,-0.0046));
#6322=CARTESIAN_POINT('',(-0.02125,0.026,-0.01044));
#6323=CARTESIAN_POINT('',(-0.01925,0.026,-0.01044));
#6324=CARTESIAN_POINT('',(-0.01925,0.026,-0.0046));
#6325=CARTESIAN_POINT('',(-0.022,0.024625,-0.01044));
#6326=CARTESIAN_POINT('',(-0.01925,0.0253125,-0.01044));
#6327=CARTESIAN_POINT('',(0.00325,0.0175,-0.0115));
#6328=CARTESIAN_POINT('',(0.01725,0.0135,-0.0115));
#6329=CARTESIAN_POINT('',(0.01725,0.0135,-0.0115));
#6330=CARTESIAN_POINT('',(0.01725,0.015,-0.0115));
#6331=CARTESIAN_POINT('',(0.01725,0.0125,-0.01));
#6332=CARTESIAN_POINT('',(0.01725,0.0135,-0.010375));
#6333=CARTESIAN_POINT('',(0.01725,0.0135,-0.01));
#6334=CARTESIAN_POINT('',(0.01725,0.0125,-0.01));
#6335=CARTESIAN_POINT('',(-0.00075,0.0125,-0.01));
#6336=CARTESIAN_POINT('',(0.00325,0.015,-0.01));
#6337=CARTESIAN_POINT('',(0.00325,0.0135,-0.01));
#6338=CARTESIAN_POINT('',(0.00475,0.0135,-0.01));
#6339=CARTESIAN_POINT('',(0.00325,0.0175,-0.01));
#6340=CARTESIAN_POINT('',(0.00325,0.0135,-0.0115));
#6341=CARTESIAN_POINT('',(0.00325,0.0135,-0.0115));
#6342=CARTESIAN_POINT('',(0.00325,0.0175,-0.0115));
#6343=CARTESIAN_POINT('',(0.00325,0.0175,-0.0115));
#6344=CARTESIAN_POINT('',(0.01725,0.0135,-0.0115));
#6345=CARTESIAN_POINT('',(3.58990991282713E-18,-0.0005,-0.0046));
#6346=CARTESIAN_POINT('',(0.02425,-0.0265,-0.0046));
#6347=CARTESIAN_POINT('',(0.02425,-0.028,-0.0046));
#6348=CARTESIAN_POINT('',(0.02425,-0.022,-0.0046));
#6349=CARTESIAN_POINT('',(0.02525,-0.022,-0.0046));
#6350=CARTESIAN_POINT('',(0.02125,-0.022,-0.0046));
#6351=CARTESIAN_POINT('',(0.02125,-0.024,-0.0046));
#6352=CARTESIAN_POINT('',(0.02125,-0.026,-0.0046));
#6353=CARTESIAN_POINT('',(0.02125,-0.028,-0.0046));
#6354=CARTESIAN_POINT('',(0.02125,-0.028,-0.0046));
#6355=CARTESIAN_POINT('',(0.01025,0.0135,-0.01075));
#6356=CARTESIAN_POINT('',(0.02125,-0.022,-0.0046));
#6357=CARTESIAN_POINT('',(0.02125,-0.022,-0.0046));
#6358=CARTESIAN_POINT('',(0.02425,-0.022,-0.008025));
#6359=CARTESIAN_POINT('',(0.02125,-0.024,-0.0046));
#6360=CARTESIAN_POINT('',(0.0098,-0.0121,-0.00982532273213534));
#6361=CARTESIAN_POINT('',(0.0098,-0.0121,-0.0100506454642707));
#6362=CARTESIAN_POINT('',(0.0098,-0.0121,-0.0094497848452431));
#6363=CARTESIAN_POINT('',(0.0108,-0.0121,-0.0094497848452431));
#6364=CARTESIAN_POINT('',(-0.01925,0.026,-0.0046));
#6365=CARTESIAN_POINT('',(0.01375,-0.0115,-0.0155));
#6366=CARTESIAN_POINT('',(-0.0189945641905069,-0.0115,-0.01575));
#6367=CARTESIAN_POINT('',(-0.0189945641905069,-0.0115,-0.0123));
#6368=CARTESIAN_POINT('',(0.006875,-0.0115,-0.0123));
#6369=CARTESIAN_POINT('',(0.0098,-0.0121,-0.0046));
#6370=CARTESIAN_POINT('',(0.02525,0.,-0.015));
#6371=CARTESIAN_POINT('',(-3.2707583537854E-18,-2.91463528231774E-33,-0.0123));
#6372=CARTESIAN_POINT('',(-0.0189945641905069,-2.91463528231774E-33,-0.0123));
#6373=CARTESIAN_POINT('',(0.021,0.02344,-0.00975));
#6374=CARTESIAN_POINT('',(0.021,0.0318,-0.00975));
#6375=CARTESIAN_POINT('',(0.021,0.0318,-0.00975));
#6376=CARTESIAN_POINT('',(0.0276,0.0318,-0.00975));
#6377=CARTESIAN_POINT('',(0.0276,0.0318,-0.00975));
#6378=CARTESIAN_POINT('',(0.0335,-0.018,0.));
#6379=CARTESIAN_POINT('',(0.026,-0.018,-0.004875));
#6380=CARTESIAN_POINT('',(0.02425,-0.028,-0.01145));
#6381=CARTESIAN_POINT('',(0.02425,-0.028,-0.0123375));
#6382=CARTESIAN_POINT('',(0.0335,-0.028,-0.013225));
#6383=CARTESIAN_POINT('',(0.02125,-0.028,-0.0046));
#6384=CARTESIAN_POINT('',(0.014,-0.028,-0.00975));
#6385=CARTESIAN_POINT('',(0.026,-0.028,-0.00975));
#6386=CARTESIAN_POINT('',(0.02125,-0.026,-0.0046));
#6387=CARTESIAN_POINT('',(0.0335,-0.018,0.));
#6388=CARTESIAN_POINT('',(-0.00499456419050693,-0.018,-0.01575));
#6389=CARTESIAN_POINT('',(0.026,-0.018,-0.00975));
#6390=CARTESIAN_POINT('',(0.014,-0.028,-0.00975));
#6391=CARTESIAN_POINT('',(0.014,-0.025,-0.01375));
#6392=CARTESIAN_POINT('',(-0.025,0.0105,-0.00975));
#6393=CARTESIAN_POINT('',(-0.025,-0.0005,-0.009752));
#6394=CARTESIAN_POINT('',(-0.025,-0.0005,-0.0046));
#6395=CARTESIAN_POINT('',(-0.025,-0.0115,-0.00975));
#6396=CARTESIAN_POINT('',(-0.025,-0.0115,-0.0046));
#6397=CARTESIAN_POINT('',(-0.025,0.005,-0.0046));
#6398=CARTESIAN_POINT('',(3.58990991282713E-18,-0.0005,-0.0046));
#6399=CARTESIAN_POINT('',(-0.022,-0.0005,-0.0046));
#6400=CARTESIAN_POINT('',(-0.019,-0.0005,-0.0046));
#6401=CARTESIAN_POINT('',(-0.0125,-0.0115,-0.0046));
#6402=CARTESIAN_POINT('',(-0.019,-0.0115,-0.0046));
#6403=CARTESIAN_POINT('',(-0.019,-0.0115,-0.0046));
#6404=CARTESIAN_POINT('',(3.58990991282713E-18,-0.0005,-0.0046));
#6405=CARTESIAN_POINT('',(0.0125,0.0105,-0.0046));
#6406=CARTESIAN_POINT('',(0.019,0.0105,-0.0046));
#6407=CARTESIAN_POINT('',(0.025,0.0105,-0.0046));
#6408=CARTESIAN_POINT('',(0.019,0.0105,-0.0046));
#6409=CARTESIAN_POINT('',(0.019,-0.0115,-0.0046));
#6410=CARTESIAN_POINT('',(0.012,-0.0115,-0.0046));
#6411=CARTESIAN_POINT('',(0.025,-0.0115,-0.0046));
#6412=CARTESIAN_POINT('',(0.025,-0.006,-0.0046));
#6413=CARTESIAN_POINT('',(0.025,-0.0115,-0.00975));
#6414=CARTESIAN_POINT('',(0.025,-0.0115,-0.00975));
#6415=CARTESIAN_POINT('',(0.025,0.0105,-0.00975));
#6416=CARTESIAN_POINT('',(0.01375,0.0105,-0.017));
#6417=CARTESIAN_POINT('',(0.0230375,0.0105,-0.0086375));
#6418=CARTESIAN_POINT('',(0.0098,-0.0121,0.));
#6419=CARTESIAN_POINT('',(0.0098,-0.0121,-0.00775));
#6420=CARTESIAN_POINT('',(0.0077,-0.0121,-0.00775));
#6421=CARTESIAN_POINT('',(0.0077,-0.0121,0.));
#6422=CARTESIAN_POINT('',(0.0119,-0.0121,0.));
#6423=CARTESIAN_POINT('',(0.0119,-0.0121,-0.00775));
#6424=CARTESIAN_POINT('',(0.0098,-0.0121,-0.00775));
#6425=CARTESIAN_POINT('',(0.0119,-0.0121,-0.0046));
#6426=CARTESIAN_POINT('',(0.0119,-0.01655,-0.00775));
#6427=CARTESIAN_POINT('',(0.0119,-0.0158,-0.00775));
#6428=CARTESIAN_POINT('',(0.0119,-0.0158,-0.0046));
#6429=CARTESIAN_POINT('',(0.0119,-0.0158,-0.0046));
#6430=CARTESIAN_POINT('',(0.016825,-0.0158,-0.00775));
#6431=CARTESIAN_POINT('',(0.0077,-0.0158,-0.00775));
#6432=CARTESIAN_POINT('',(0.0077,-0.0158,-0.0046));
#6433=CARTESIAN_POINT('',(0.0077,-0.015,-0.0046));
#6434=CARTESIAN_POINT('',(0.0077,-0.018,-0.00775));
#6435=CARTESIAN_POINT('',(0.0129,-0.01655,-0.00875));
#6436=CARTESIAN_POINT('',(0.0119,-0.0121,-0.00775));
#6437=CARTESIAN_POINT('',(0.0139,-0.0178,-0.00975));
#6438=CARTESIAN_POINT('',(0.0098,-0.0121,-0.00875));
#6439=CARTESIAN_POINT('',(0.016825,-0.0168,-0.00875));
#6440=CARTESIAN_POINT('',(0.0057,-0.0178,-0.00975));
#6441=CARTESIAN_POINT('',(0.0098,-0.0121,-0.00875));
#6442=CARTESIAN_POINT('',(0.0077,-0.0121,-0.00775));
#6443=CARTESIAN_POINT('',(0.0067,-0.018,-0.00875));
#6444=CARTESIAN_POINT('',(0.01375,-0.0115,-0.0155));
#6445=CARTESIAN_POINT('',(-0.0230375,-0.0115,-0.0086375));
#6446=CARTESIAN_POINT('',(-0.0215,-0.00025,-0.0071));
#6447=CARTESIAN_POINT('',(-0.0215,-0.0005,-0.0071));
#6448=CARTESIAN_POINT('',(0.01375,-0.0115,-0.0155));
#6449=CARTESIAN_POINT('',(0.0227875,-0.0115,-0.0083875));
#6450=CARTESIAN_POINT('',(0.0215,-0.006,-0.0071));
#6451=CARTESIAN_POINT('',(-0.00499456419050693,-0.01475,-0.01575));
#6452=CARTESIAN_POINT('',(-0.0189945641905069,-0.01475,-0.01575));
#6453=CARTESIAN_POINT('',(0.016,-0.022,-0.01375));
#6454=CARTESIAN_POINT('',(0.018,-0.022,-0.01375));
#6455=CARTESIAN_POINT('',(0.016,-0.025,-0.01375));
#6456=CARTESIAN_POINT('',(0.018,-0.025,-0.01375));
#6457=CARTESIAN_POINT('',(0.018,-0.0235,-0.01375));
#6458=CARTESIAN_POINT('',(-0.022,-0.0005,-0.009752));
#6459=MECHANICAL_DESIGN_GEOMETRIC_PRESENTATION_REPRESENTATION('',(#3439,
#3132,#3133,#3134,#3135,#3136,#3137,#3138,#3139,#3140,#3141,#3142,#3143,
#3144,#3145,#3146,#3147,#3148,#3149,#3150,#3151,#3152,#3153,#3154,#3155,
#3156,#3157,#3158,#3159,#3160,#3161,#3162,#3163,#3164,#3165,#3166,#3167,
#3168,#3169,#3170,#3171,#3172,#3173,#3174,#3175,#3176,#3177,#3178,#3179,
#3180,#3181,#3182,#3183,#3184,#3185,#3186,#3187,#3188,#3189,#3190,#3191,
#3192,#3193,#3194,#3195,#3196,#3197,#3198,#3199,#3200,#3201,#3202,#3203,
#3204,#3205,#3206,#3207),#6461);
#6460=MECHANICAL_DESIGN_GEOMETRIC_PRESENTATION_REPRESENTATION('',(#3440,
#3208,#3209,#3210,#3211,#3212,#3213,#3214,#3215,#3216,#3217,#3218,#3219,
#3220,#3221,#3222,#3223,#3224,#3225,#3226,#3227,#3228,#3229,#3230,#3231,
#3232,#3233,#3234,#3235,#3236,#3237,#3238,#3239,#3240,#3241,#3242,#3243,
#3244,#3245,#3246,#3247,#3248,#3249,#3250,#3251,#3252,#3253,#3254,#3255,
#3256,#3257,#3258,#3259,#3260,#3261,#3262,#3263),#6462);
#6461=(
GEOMETRIC_REPRESENTATION_CONTEXT(3)
GLOBAL_UNCERTAINTY_ASSIGNED_CONTEXT((#6463))
GLOBAL_UNIT_ASSIGNED_CONTEXT((#6469,#6467,#6465))
REPRESENTATION_CONTEXT('electronics_frame_split_1',
'TOP_LEVEL_ASSEMBLY_PART')
);
#6462=(
GEOMETRIC_REPRESENTATION_CONTEXT(3)
GLOBAL_UNCERTAINTY_ASSIGNED_CONTEXT((#6464))
GLOBAL_UNIT_ASSIGNED_CONTEXT((#6470,#6468,#6466))
REPRESENTATION_CONTEXT('electronics_frame_split_1',
'TOP_LEVEL_ASSEMBLY_PART')
);
#6463=UNCERTAINTY_MEASURE_WITH_UNIT(LENGTH_MEASURE(2.E-5),#6469,
'DISTANCE_ACCURACY_VALUE','Maximum Tolerance applied to model');
#6464=UNCERTAINTY_MEASURE_WITH_UNIT(LENGTH_MEASURE(2.21163189515834E-5),
#6470,'DISTANCE_ACCURACY_VALUE','Maximum Tolerance applied to model');
#6465=(
NAMED_UNIT(*)
SI_UNIT($,.STERADIAN.)
SOLID_ANGLE_UNIT()
);
#6466=(
NAMED_UNIT(*)
SI_UNIT($,.STERADIAN.)
SOLID_ANGLE_UNIT()
);
#6467=(
NAMED_UNIT(*)
PLANE_ANGLE_UNIT()
SI_UNIT($,.RADIAN.)
);
#6468=(
NAMED_UNIT(*)
PLANE_ANGLE_UNIT()
SI_UNIT($,.RADIAN.)
);
#6469=(
LENGTH_UNIT()
NAMED_UNIT(*)
SI_UNIT($,.METRE.)
);
#6470=(
LENGTH_UNIT()
NAMED_UNIT(*)
SI_UNIT($,.METRE.)
);
#6471=PRODUCT_DEFINITION_SHAPE('','',#6473);
#6472=PRODUCT_DEFINITION_SHAPE('','',#6474);
#6473=PRODUCT_DEFINITION('','',#6477,#6475);
#6474=PRODUCT_DEFINITION('','',#6478,#6476);
#6475=PRODUCT_DEFINITION_CONTEXT('',#6489,'design');
#6476=PRODUCT_DEFINITION_CONTEXT('',#6490,'design');
#6477=PRODUCT_DEFINITION_FORMATION_WITH_SPECIFIED_SOURCE('','',#6481,
 .NOT_KNOWN.);
#6478=PRODUCT_DEFINITION_FORMATION_WITH_SPECIFIED_SOURCE('','',#6482,
 .NOT_KNOWN.);
#6479=PRODUCT_RELATED_PRODUCT_CATEGORY('','',(#6481));
#6480=PRODUCT_RELATED_PRODUCT_CATEGORY('','',(#6482));
#6481=PRODUCT('electronics_frame_split_1','electronics_frame_split_1',
'electronics_frame_split_1',(#6485));
#6482=PRODUCT('electronics_frame_split_1','electronics_frame_split_1',
'electronics_frame_split_1',(#6486));
#6483=PRODUCT_CATEGORY('','');
#6484=PRODUCT_CATEGORY('','');
#6485=PRODUCT_CONTEXT('',#6489,'mechanical');
#6486=PRODUCT_CONTEXT('',#6490,'mechanical');
#6487=APPLICATION_PROTOCOL_DEFINITION('international standard',
'ap242_managed_model_based_3d_engineering',2020,#6489);
#6488=APPLICATION_PROTOCOL_DEFINITION('international standard',
'ap242_managed_model_based_3d_engineering',2020,#6490);
#6489=APPLICATION_CONTEXT('managed model based 3d engineering');
#6490=APPLICATION_CONTEXT('managed model based 3d engineering');
ENDSEC;
END-ISO-10303-21;
