ISO-10303-21;
HEADER;
/* Generated by software containing ST-Developer
 * from STEP Tools, Inc. (www.steptools.com) 
 */
/* OPTION: using custom renumber hook */

FILE_DESCRIPTION(
/* description */ ('STEP AP242 Edition 2',
'CAx-IF Rec.Pracs.---Representation and Presentation of Product Manufa
cturing Information (PMI)---4.0---2014-10-13',
'CAx-IF Rec.Pracs.---3D Tessellated Geometry---0.4---2014-09-14','2;1',
'CAx-IF Rec.Pracs.---User Defined Attributes---1.5---2016-08-15'),
/* implementation_level */ '2;1');

FILE_NAME(
/* name */ 'electronics_frame_split_1 - electronics_frame_split_1',
/* time_stamp */ '2026-09-30T17:31:16Z',
/* author */ (''),
/* organization */ (''),
/* preprocessor_version */ 'ST-DEVELOPER v20',
/* originating_system */ 'ONSHAPE BY PTC INC, 1.221',
/* authorisation */ '  ');

FILE_SCHEMA (('AP242_MANAGED_MODEL_BASED_3D_ENGINEERING_MIM_LF { 1 0 10303 442 3 1 4 }'));
ENDSEC;

DATA;
#10=SHAPE_REPRESENTATION_RELATIONSHIP('','',#2091,#11);
#11=ADVANCED_BREP_SHAPE_REPRESENTATION('',(#2089),#3201);
#12=VERTEX_LOOP('',#980);
#13=CONICAL_SURFACE('',#2166,0.000375,1.02974425867665);
#14=CONICAL_SURFACE('',#2195,0.0031,0.78539816339745);
#15=CONICAL_SURFACE('',#2197,0.0031,0.78539816339745);
#16=B_SPLINE_SURFACE_WITH_KNOTS('',3,3,((#2842,#2843,#2844,#2845,#2846,
#2847,#2848,#2849,#2850,#2851),(#2852,#2853,#2854,#2855,#2856,#2857,#2858,
#2859,#2860,#2861),(#2862,#2863,#2864,#2865,#2866,#2867,#2868,#2869,#2870,
#2871),(#2872,#2873,#2874,#2875,#2876,#2877,#2878,#2879,#2880,#2881),(#2882,
#2883,#2884,#2885,#2886,#2887,#2888,#2889,#2890,#2891)),.UNSPECIFIED.,.F.,
 .F.,.F.,(4,1,4),(4,1,1,1,1,1,1,4),(0.,0.571428571428571,1.),(-0.0159476179758736,
-0.0113927019882619,-0.00683778600065026,-0.00228287001303862,0.00227204597457303,
0.00682696196218467,0.0113818779497963,0.015936793937408),.UNSPECIFIED.);
#17=CYLINDRICAL_SURFACE('',#2105,0.033);
#18=CYLINDRICAL_SURFACE('',#2109,0.033);
#19=CYLINDRICAL_SURFACE('',#2126,0.0016);
#20=CYLINDRICAL_SURFACE('',#2128,0.0016);
#21=CYLINDRICAL_SURFACE('',#2133,0.005);
#22=CYLINDRICAL_SURFACE('',#2136,0.005);
#23=CYLINDRICAL_SURFACE('',#2137,0.00325);
#24=CYLINDRICAL_SURFACE('',#2147,0.002);
#25=CYLINDRICAL_SURFACE('',#2152,0.002);
#26=CYLINDRICAL_SURFACE('',#2165,0.002);
#27=CYLINDRICAL_SURFACE('',#2170,0.001);
#28=CYLINDRICAL_SURFACE('',#2179,0.002);
#29=CYLINDRICAL_SURFACE('',#2188,0.0021);
#30=B_SPLINE_CURVE_WITH_KNOTS('',3,(#2799,#2800,#2801,#2802,#2803,#2804,
#2805),.UNSPECIFIED.,.F.,.F.,(4,1,1,1,4),(0.,0.25,0.5,0.75,1.),
 .UNSPECIFIED.);
#31=B_SPLINE_CURVE_WITH_KNOTS('',3,(#2809,#2810,#2811,#2812,#2813,#2814,
#2815),.UNSPECIFIED.,.F.,.F.,(4,1,1,1,4),(0.,0.25,0.5,0.75,1.),
 .UNSPECIFIED.);
#32=B_SPLINE_CURVE_WITH_KNOTS('',3,(#2892,#2893,#2894,#2895,#2896,#2897,
#2898),.UNSPECIFIED.,.F.,.F.,(4,1,1,1,4),(0.,0.25,0.5,0.75,1.),
 .UNSPECIFIED.);
#33=(
BOUNDED_CURVE()
B_SPLINE_CURVE(2,(#2793,#2794,#2795),.UNSPECIFIED.,.F.,.F.)
B_SPLINE_CURVE_WITH_KNOTS((3,3),(0.,0.285929886755304),.UNSPECIFIED.)
CURVE()
GEOMETRIC_REPRESENTATION_ITEM()
RATIONAL_B_SPLINE_CURVE((1.,1.05917898219506,1.))
REPRESENTATION_ITEM('')
);
#34=(
BOUNDED_CURVE()
B_SPLINE_CURVE(2,(#2819,#2820,#2821),.UNSPECIFIED.,.F.,.F.)
B_SPLINE_CURVE_WITH_KNOTS((3,3),(0.,0.285929886755304),.UNSPECIFIED.)
CURVE()
GEOMETRIC_REPRESENTATION_ITEM()
RATIONAL_B_SPLINE_CURVE((1.,1.05917898219532,1.))
REPRESENTATION_ITEM('')
);
#35=OVER_RIDING_STYLED_ITEM('',(#1746),#1659,#1744);
#36=OVER_RIDING_STYLED_ITEM('',(#1747),#1660,#1744);
#37=OVER_RIDING_STYLED_ITEM('',(#1748),#1661,#1744);
#38=OVER_RIDING_STYLED_ITEM('',(#1749),#1662,#1744);
#39=OVER_RIDING_STYLED_ITEM('',(#1750),#1663,#1744);
#40=OVER_RIDING_STYLED_ITEM('',(#1751),#1664,#1744);
#41=OVER_RIDING_STYLED_ITEM('',(#1752),#1665,#1744);
#42=OVER_RIDING_STYLED_ITEM('',(#1753),#1666,#1744);
#43=OVER_RIDING_STYLED_ITEM('',(#1754),#1667,#1744);
#44=OVER_RIDING_STYLED_ITEM('',(#1755),#1668,#1744);
#45=OVER_RIDING_STYLED_ITEM('',(#1756),#1669,#1744);
#46=OVER_RIDING_STYLED_ITEM('',(#1757),#1670,#1744);
#47=OVER_RIDING_STYLED_ITEM('',(#1758),#1671,#1744);
#48=OVER_RIDING_STYLED_ITEM('',(#1759),#1672,#1744);
#49=OVER_RIDING_STYLED_ITEM('',(#1760),#1673,#1744);
#50=OVER_RIDING_STYLED_ITEM('',(#1761),#1674,#1744);
#51=OVER_RIDING_STYLED_ITEM('',(#1762),#1675,#1744);
#52=OVER_RIDING_STYLED_ITEM('',(#1763),#1676,#1744);
#53=OVER_RIDING_STYLED_ITEM('',(#1764),#1677,#1744);
#54=OVER_RIDING_STYLED_ITEM('',(#1765),#1678,#1744);
#55=OVER_RIDING_STYLED_ITEM('',(#1766),#1679,#1744);
#56=OVER_RIDING_STYLED_ITEM('',(#1767),#1680,#1744);
#57=OVER_RIDING_STYLED_ITEM('',(#1768),#1681,#1744);
#58=OVER_RIDING_STYLED_ITEM('',(#1769),#1682,#1744);
#59=OVER_RIDING_STYLED_ITEM('',(#1770),#1683,#1744);
#60=OVER_RIDING_STYLED_ITEM('',(#1771),#1684,#1744);
#61=OVER_RIDING_STYLED_ITEM('',(#1772),#1685,#1744);
#62=OVER_RIDING_STYLED_ITEM('',(#1773),#1686,#1744);
#63=OVER_RIDING_STYLED_ITEM('',(#1774),#1687,#1744);
#64=OVER_RIDING_STYLED_ITEM('',(#1775),#1688,#1744);
#65=OVER_RIDING_STYLED_ITEM('',(#1776),#1689,#1744);
#66=OVER_RIDING_STYLED_ITEM('',(#1777),#1690,#1744);
#67=OVER_RIDING_STYLED_ITEM('',(#1778),#1691,#1744);
#68=OVER_RIDING_STYLED_ITEM('',(#1779),#1692,#1744);
#69=OVER_RIDING_STYLED_ITEM('',(#1780),#1693,#1744);
#70=OVER_RIDING_STYLED_ITEM('',(#1781),#1694,#1744);
#71=OVER_RIDING_STYLED_ITEM('',(#1782),#1695,#1744);
#72=OVER_RIDING_STYLED_ITEM('',(#1783),#1696,#1744);
#73=OVER_RIDING_STYLED_ITEM('',(#1784),#1697,#1744);
#74=OVER_RIDING_STYLED_ITEM('',(#1785),#1698,#1744);
#75=OVER_RIDING_STYLED_ITEM('',(#1786),#1699,#1744);
#76=OVER_RIDING_STYLED_ITEM('',(#1787),#1700,#1744);
#77=OVER_RIDING_STYLED_ITEM('',(#1788),#1701,#1744);
#78=OVER_RIDING_STYLED_ITEM('',(#1789),#1702,#1744);
#79=OVER_RIDING_STYLED_ITEM('',(#1790),#1703,#1744);
#80=OVER_RIDING_STYLED_ITEM('',(#1791),#1704,#1744);
#81=OVER_RIDING_STYLED_ITEM('',(#1792),#1705,#1744);
#82=OVER_RIDING_STYLED_ITEM('',(#1793),#1707,#1744);
#83=OVER_RIDING_STYLED_ITEM('',(#1794),#1712,#1744);
#84=OVER_RIDING_STYLED_ITEM('',(#1795),#1713,#1744);
#85=OVER_RIDING_STYLED_ITEM('',(#1796),#1714,#1744);
#86=OVER_RIDING_STYLED_ITEM('',(#1797),#1715,#1744);
#87=OVER_RIDING_STYLED_ITEM('',(#1798),#1716,#1744);
#88=OVER_RIDING_STYLED_ITEM('',(#1799),#1724,#1744);
#89=OVER_RIDING_STYLED_ITEM('',(#1800),#1725,#1744);
#90=OVER_RIDING_STYLED_ITEM('',(#1801),#1727,#1744);
#91=CIRCLE('',#2095,0.0016);
#92=CIRCLE('',#2097,0.002);
#93=CIRCLE('',#2098,0.002);
#94=CIRCLE('',#2099,0.0041);
#95=CIRCLE('',#2100,0.0041);
#96=CIRCLE('',#2102,0.033);
#97=CIRCLE('',#2104,0.005);
#98=CIRCLE('',#2106,0.033);
#99=CIRCLE('',#2107,0.033);
#100=CIRCLE('',#2110,0.033);
#101=CIRCLE('',#2114,0.001);
#102=CIRCLE('',#2115,0.0021);
#103=CIRCLE('',#2120,0.005);
#104=CIRCLE('',#2124,0.005);
#105=CIRCLE('',#2127,0.0016);
#106=CIRCLE('',#2129,0.0016);
#107=CIRCLE('',#2130,0.0016);
#108=CIRCLE('',#2134,0.005);
#109=CIRCLE('',#2138,0.00325);
#110=CIRCLE('',#2139,0.00325);
#111=CIRCLE('',#2140,0.00325);
#112=CIRCLE('',#2146,0.002);
#113=CIRCLE('',#2148,0.002);
#114=CIRCLE('',#2149,0.002);
#115=CIRCLE('',#2151,0.002);
#116=CIRCLE('',#2153,0.002);
#117=CIRCLE('',#2161,0.002);
#118=CIRCLE('',#2162,0.002);
#119=CIRCLE('',#2167,0.001);
#120=CIRCLE('',#2189,0.0021);
#121=CIRCLE('',#2190,0.0021);
#122=ORIENTED_EDGE('',*,*,#598,.F.);
#123=ORIENTED_EDGE('',*,*,#599,.T.);
#124=ORIENTED_EDGE('',*,*,#600,.F.);
#125=ORIENTED_EDGE('',*,*,#601,.F.);
#126=ORIENTED_EDGE('',*,*,#602,.T.);
#127=ORIENTED_EDGE('',*,*,#603,.T.);
#128=ORIENTED_EDGE('',*,*,#604,.T.);
#129=ORIENTED_EDGE('',*,*,#598,.T.);
#130=ORIENTED_EDGE('',*,*,#605,.T.);
#131=ORIENTED_EDGE('',*,*,#606,.T.);
#132=ORIENTED_EDGE('',*,*,#607,.T.);
#133=ORIENTED_EDGE('',*,*,#608,.T.);
#134=ORIENTED_EDGE('',*,*,#609,.T.);
#135=ORIENTED_EDGE('',*,*,#610,.T.);
#136=ORIENTED_EDGE('',*,*,#611,.T.);
#137=ORIENTED_EDGE('',*,*,#612,.T.);
#138=ORIENTED_EDGE('',*,*,#613,.T.);
#139=ORIENTED_EDGE('',*,*,#614,.T.);
#140=ORIENTED_EDGE('',*,*,#615,.T.);
#141=ORIENTED_EDGE('',*,*,#616,.T.);
#142=ORIENTED_EDGE('',*,*,#617,.T.);
#143=ORIENTED_EDGE('',*,*,#618,.T.);
#144=ORIENTED_EDGE('',*,*,#619,.T.);
#145=ORIENTED_EDGE('',*,*,#620,.T.);
#146=ORIENTED_EDGE('',*,*,#621,.T.);
#147=ORIENTED_EDGE('',*,*,#622,.T.);
#148=ORIENTED_EDGE('',*,*,#623,.F.);
#149=ORIENTED_EDGE('',*,*,#600,.T.);
#150=ORIENTED_EDGE('',*,*,#624,.T.);
#151=ORIENTED_EDGE('',*,*,#625,.T.);
#152=ORIENTED_EDGE('',*,*,#626,.F.);
#153=ORIENTED_EDGE('',*,*,#627,.T.);
#154=ORIENTED_EDGE('',*,*,#628,.T.);
#155=ORIENTED_EDGE('',*,*,#629,.F.);
#156=ORIENTED_EDGE('',*,*,#630,.F.);
#157=ORIENTED_EDGE('',*,*,#631,.F.);
#158=ORIENTED_EDGE('',*,*,#632,.F.);
#159=ORIENTED_EDGE('',*,*,#633,.F.);
#160=ORIENTED_EDGE('',*,*,#634,.T.);
#161=ORIENTED_EDGE('',*,*,#635,.T.);
#162=ORIENTED_EDGE('',*,*,#636,.F.);
#163=ORIENTED_EDGE('',*,*,#637,.F.);
#164=ORIENTED_EDGE('',*,*,#638,.F.);
#165=ORIENTED_EDGE('',*,*,#639,.T.);
#166=ORIENTED_EDGE('',*,*,#640,.T.);
#167=ORIENTED_EDGE('',*,*,#641,.T.);
#168=ORIENTED_EDGE('',*,*,#642,.T.);
#169=ORIENTED_EDGE('',*,*,#643,.F.);
#170=ORIENTED_EDGE('',*,*,#644,.T.);
#171=ORIENTED_EDGE('',*,*,#645,.F.);
#172=ORIENTED_EDGE('',*,*,#646,.T.);
#173=ORIENTED_EDGE('',*,*,#647,.F.);
#174=ORIENTED_EDGE('',*,*,#648,.F.);
#175=ORIENTED_EDGE('',*,*,#649,.F.);
#176=ORIENTED_EDGE('',*,*,#650,.F.);
#177=ORIENTED_EDGE('',*,*,#651,.F.);
#178=ORIENTED_EDGE('',*,*,#652,.F.);
#179=ORIENTED_EDGE('',*,*,#653,.T.);
#180=ORIENTED_EDGE('',*,*,#654,.T.);
#181=ORIENTED_EDGE('',*,*,#655,.T.);
#182=ORIENTED_EDGE('',*,*,#656,.F.);
#183=ORIENTED_EDGE('',*,*,#657,.F.);
#184=ORIENTED_EDGE('',*,*,#658,.T.);
#185=ORIENTED_EDGE('',*,*,#659,.T.);
#186=ORIENTED_EDGE('',*,*,#660,.T.);
#187=ORIENTED_EDGE('',*,*,#661,.F.);
#188=ORIENTED_EDGE('',*,*,#662,.F.);
#189=ORIENTED_EDGE('',*,*,#663,.F.);
#190=ORIENTED_EDGE('',*,*,#664,.F.);
#191=ORIENTED_EDGE('',*,*,#665,.F.);
#192=ORIENTED_EDGE('',*,*,#666,.F.);
#193=ORIENTED_EDGE('',*,*,#667,.F.);
#194=ORIENTED_EDGE('',*,*,#668,.T.);
#195=ORIENTED_EDGE('',*,*,#669,.F.);
#196=ORIENTED_EDGE('',*,*,#607,.F.);
#197=ORIENTED_EDGE('',*,*,#670,.T.);
#198=ORIENTED_EDGE('',*,*,#667,.T.);
#199=ORIENTED_EDGE('',*,*,#671,.F.);
#200=ORIENTED_EDGE('',*,*,#672,.F.);
#201=ORIENTED_EDGE('',*,*,#673,.T.);
#202=ORIENTED_EDGE('',*,*,#674,.T.);
#203=ORIENTED_EDGE('',*,*,#675,.T.);
#204=ORIENTED_EDGE('',*,*,#676,.T.);
#205=ORIENTED_EDGE('',*,*,#677,.F.);
#206=ORIENTED_EDGE('',*,*,#661,.T.);
#207=ORIENTED_EDGE('',*,*,#678,.F.);
#208=ORIENTED_EDGE('',*,*,#679,.F.);
#209=ORIENTED_EDGE('',*,*,#680,.F.);
#210=ORIENTED_EDGE('',*,*,#681,.T.);
#211=ORIENTED_EDGE('',*,*,#650,.T.);
#212=ORIENTED_EDGE('',*,*,#682,.F.);
#213=ORIENTED_EDGE('',*,*,#683,.T.);
#214=ORIENTED_EDGE('',*,*,#684,.T.);
#215=ORIENTED_EDGE('',*,*,#685,.T.);
#216=ORIENTED_EDGE('',*,*,#686,.F.);
#217=ORIENTED_EDGE('',*,*,#687,.T.);
#218=ORIENTED_EDGE('',*,*,#673,.F.);
#219=ORIENTED_EDGE('',*,*,#688,.T.);
#220=ORIENTED_EDGE('',*,*,#675,.F.);
#221=ORIENTED_EDGE('',*,*,#674,.F.);
#222=ORIENTED_EDGE('',*,*,#689,.T.);
#223=ORIENTED_EDGE('',*,*,#690,.F.);
#224=ORIENTED_EDGE('',*,*,#691,.F.);
#225=ORIENTED_EDGE('',*,*,#692,.F.);
#226=ORIENTED_EDGE('',*,*,#678,.T.);
#227=ORIENTED_EDGE('',*,*,#693,.T.);
#228=ORIENTED_EDGE('',*,*,#608,.F.);
#229=ORIENTED_EDGE('',*,*,#679,.T.);
#230=ORIENTED_EDGE('',*,*,#692,.T.);
#231=ORIENTED_EDGE('',*,*,#694,.F.);
#232=ORIENTED_EDGE('',*,*,#609,.F.);
#233=ORIENTED_EDGE('',*,*,#694,.T.);
#234=ORIENTED_EDGE('',*,*,#691,.T.);
#235=ORIENTED_EDGE('',*,*,#657,.T.);
#236=ORIENTED_EDGE('',*,*,#695,.T.);
#237=ORIENTED_EDGE('',*,*,#687,.F.);
#238=ORIENTED_EDGE('',*,*,#696,.F.);
#239=ORIENTED_EDGE('',*,*,#697,.T.);
#240=ORIENTED_EDGE('',*,*,#698,.T.);
#241=ORIENTED_EDGE('',*,*,#699,.T.);
#242=ORIENTED_EDGE('',*,*,#695,.F.);
#243=ORIENTED_EDGE('',*,*,#656,.T.);
#244=ORIENTED_EDGE('',*,*,#700,.T.);
#245=ORIENTED_EDGE('',*,*,#701,.T.);
#246=ORIENTED_EDGE('',*,*,#702,.F.);
#247=ORIENTED_EDGE('',*,*,#703,.T.);
#248=ORIENTED_EDGE('',*,*,#684,.F.);
#249=ORIENTED_EDGE('',*,*,#704,.T.);
#250=ORIENTED_EDGE('',*,*,#705,.F.);
#251=ORIENTED_EDGE('',*,*,#706,.T.);
#252=ORIENTED_EDGE('',*,*,#707,.T.);
#253=ORIENTED_EDGE('',*,*,#708,.T.);
#254=ORIENTED_EDGE('',*,*,#709,.T.);
#255=ORIENTED_EDGE('',*,*,#710,.T.);
#256=ORIENTED_EDGE('',*,*,#645,.T.);
#257=ORIENTED_EDGE('',*,*,#711,.F.);
#258=ORIENTED_EDGE('',*,*,#712,.T.);
#259=ORIENTED_EDGE('',*,*,#713,.T.);
#260=ORIENTED_EDGE('',*,*,#714,.F.);
#261=ORIENTED_EDGE('',*,*,#715,.F.);
#262=ORIENTED_EDGE('',*,*,#716,.F.);
#263=ORIENTED_EDGE('',*,*,#646,.F.);
#264=ORIENTED_EDGE('',*,*,#710,.F.);
#265=ORIENTED_EDGE('',*,*,#717,.T.);
#266=ORIENTED_EDGE('',*,*,#647,.T.);
#267=ORIENTED_EDGE('',*,*,#716,.T.);
#268=ORIENTED_EDGE('',*,*,#718,.T.);
#269=ORIENTED_EDGE('',*,*,#719,.F.);
#270=ORIENTED_EDGE('',*,*,#720,.T.);
#271=ORIENTED_EDGE('',*,*,#721,.F.);
#272=ORIENTED_EDGE('',*,*,#648,.T.);
#273=ORIENTED_EDGE('',*,*,#717,.F.);
#274=ORIENTED_EDGE('',*,*,#722,.F.);
#275=ORIENTED_EDGE('',*,*,#723,.F.);
#276=ORIENTED_EDGE('',*,*,#724,.F.);
#277=ORIENTED_EDGE('',*,*,#725,.F.);
#278=ORIENTED_EDGE('',*,*,#649,.T.);
#279=ORIENTED_EDGE('',*,*,#721,.T.);
#280=ORIENTED_EDGE('',*,*,#726,.T.);
#281=ORIENTED_EDGE('',*,*,#682,.T.);
#282=ORIENTED_EDGE('',*,*,#637,.T.);
#283=ORIENTED_EDGE('',*,*,#727,.F.);
#284=ORIENTED_EDGE('',*,*,#728,.F.);
#285=ORIENTED_EDGE('',*,*,#729,.F.);
#286=ORIENTED_EDGE('',*,*,#730,.T.);
#287=ORIENTED_EDGE('',*,*,#638,.T.);
#288=ORIENTED_EDGE('',*,*,#729,.T.);
#289=ORIENTED_EDGE('',*,*,#731,.F.);
#290=ORIENTED_EDGE('',*,*,#617,.F.);
#291=ORIENTED_EDGE('',*,*,#611,.F.);
#292=ORIENTED_EDGE('',*,*,#732,.T.);
#293=ORIENTED_EDGE('',*,*,#733,.T.);
#294=ORIENTED_EDGE('',*,*,#734,.T.);
#295=ORIENTED_EDGE('',*,*,#735,.T.);
#296=ORIENTED_EDGE('',*,*,#736,.T.);
#297=ORIENTED_EDGE('',*,*,#737,.T.);
#298=ORIENTED_EDGE('',*,*,#738,.T.);
#299=ORIENTED_EDGE('',*,*,#739,.F.);
#300=ORIENTED_EDGE('',*,*,#740,.T.);
#301=ORIENTED_EDGE('',*,*,#741,.T.);
#302=ORIENTED_EDGE('',*,*,#711,.T.);
#303=ORIENTED_EDGE('',*,*,#644,.F.);
#304=ORIENTED_EDGE('',*,*,#742,.F.);
#305=ORIENTED_EDGE('',*,*,#743,.F.);
#306=ORIENTED_EDGE('',*,*,#602,.F.);
#307=ORIENTED_EDGE('',*,*,#744,.F.);
#308=ORIENTED_EDGE('',*,*,#745,.F.);
#309=ORIENTED_EDGE('',*,*,#610,.F.);
#310=ORIENTED_EDGE('',*,*,#699,.F.);
#311=ORIENTED_EDGE('',*,*,#746,.F.);
#312=ORIENTED_EDGE('',*,*,#747,.F.);
#313=ORIENTED_EDGE('',*,*,#748,.F.);
#314=ORIENTED_EDGE('',*,*,#732,.F.);
#315=ORIENTED_EDGE('',*,*,#613,.F.);
#316=ORIENTED_EDGE('',*,*,#749,.F.);
#317=ORIENTED_EDGE('',*,*,#642,.F.);
#318=ORIENTED_EDGE('',*,*,#750,.T.);
#319=ORIENTED_EDGE('',*,*,#618,.F.);
#320=ORIENTED_EDGE('',*,*,#731,.T.);
#321=ORIENTED_EDGE('',*,*,#728,.T.);
#322=ORIENTED_EDGE('',*,*,#751,.T.);
#323=ORIENTED_EDGE('',*,*,#630,.T.);
#324=ORIENTED_EDGE('',*,*,#752,.F.);
#325=ORIENTED_EDGE('',*,*,#753,.F.);
#326=ORIENTED_EDGE('',*,*,#754,.T.);
#327=ORIENTED_EDGE('',*,*,#755,.F.);
#328=ORIENTED_EDGE('',*,*,#683,.F.);
#329=ORIENTED_EDGE('',*,*,#726,.F.);
#330=ORIENTED_EDGE('',*,*,#720,.F.);
#331=ORIENTED_EDGE('',*,*,#756,.F.);
#332=ORIENTED_EDGE('',*,*,#725,.T.);
#333=ORIENTED_EDGE('',*,*,#757,.F.);
#334=ORIENTED_EDGE('',*,*,#758,.F.);
#335=ORIENTED_EDGE('',*,*,#759,.F.);
#336=ORIENTED_EDGE('',*,*,#760,.F.);
#337=ORIENTED_EDGE('',*,*,#759,.T.);
#338=ORIENTED_EDGE('',*,*,#761,.T.);
#339=ORIENTED_EDGE('',*,*,#740,.F.);
#340=ORIENTED_EDGE('',*,*,#762,.F.);
#341=ORIENTED_EDGE('',*,*,#738,.F.);
#342=ORIENTED_EDGE('',*,*,#763,.F.);
#343=ORIENTED_EDGE('',*,*,#764,.F.);
#344=ORIENTED_EDGE('',*,*,#765,.F.);
#345=ORIENTED_EDGE('',*,*,#697,.F.);
#346=ORIENTED_EDGE('',*,*,#766,.T.);
#347=ORIENTED_EDGE('',*,*,#746,.T.);
#348=ORIENTED_EDGE('',*,*,#698,.F.);
#349=ORIENTED_EDGE('',*,*,#765,.T.);
#350=ORIENTED_EDGE('',*,*,#741,.F.);
#351=ORIENTED_EDGE('',*,*,#761,.F.);
#352=ORIENTED_EDGE('',*,*,#712,.F.);
#353=ORIENTED_EDGE('',*,*,#709,.F.);
#354=ORIENTED_EDGE('',*,*,#713,.F.);
#355=ORIENTED_EDGE('',*,*,#758,.T.);
#356=ORIENTED_EDGE('',*,*,#767,.F.);
#357=ORIENTED_EDGE('',*,*,#767,.T.);
#358=ORIENTED_EDGE('',*,*,#768,.T.);
#359=ORIENTED_EDGE('',*,*,#769,.F.);
#360=ORIENTED_EDGE('',*,*,#770,.F.);
#361=ORIENTED_EDGE('',*,*,#714,.T.);
#362=ORIENTED_EDGE('',*,*,#744,.T.);
#363=ORIENTED_EDGE('',*,*,#722,.T.);
#364=ORIENTED_EDGE('',*,*,#718,.F.);
#365=ORIENTED_EDGE('',*,*,#715,.T.);
#366=ORIENTED_EDGE('',*,*,#770,.T.);
#367=ORIENTED_EDGE('',*,*,#771,.T.);
#368=ORIENTED_EDGE('',*,*,#772,.T.);
#369=ORIENTED_EDGE('',*,*,#773,.T.);
#370=ORIENTED_EDGE('',*,*,#723,.T.);
#371=ORIENTED_EDGE('',*,*,#772,.F.);
#372=ORIENTED_EDGE('',*,*,#774,.T.);
#373=ORIENTED_EDGE('',*,*,#768,.F.);
#374=ORIENTED_EDGE('',*,*,#757,.T.);
#375=ORIENTED_EDGE('',*,*,#724,.T.);
#376=ORIENTED_EDGE('',*,*,#773,.F.);
#377=ORIENTED_EDGE('',*,*,#775,.F.);
#378=ORIENTED_EDGE('',*,*,#748,.T.);
#379=ORIENTED_EDGE('',*,*,#776,.T.);
#380=ORIENTED_EDGE('',*,*,#777,.F.);
#381=ORIENTED_EDGE('',*,*,#733,.F.);
#382=ORIENTED_EDGE('',*,*,#734,.F.);
#383=ORIENTED_EDGE('',*,*,#777,.T.);
#384=ORIENTED_EDGE('',*,*,#778,.T.);
#385=ORIENTED_EDGE('',*,*,#779,.T.);
#386=ORIENTED_EDGE('',*,*,#780,.T.);
#387=ORIENTED_EDGE('',*,*,#735,.F.);
#388=ORIENTED_EDGE('',*,*,#779,.F.);
#389=ORIENTED_EDGE('',*,*,#781,.T.);
#390=ORIENTED_EDGE('',*,*,#780,.F.);
#391=ORIENTED_EDGE('',*,*,#782,.T.);
#392=ORIENTED_EDGE('',*,*,#783,.F.);
#393=ORIENTED_EDGE('',*,*,#736,.F.);
#394=ORIENTED_EDGE('',*,*,#763,.T.);
#395=ORIENTED_EDGE('',*,*,#737,.F.);
#396=ORIENTED_EDGE('',*,*,#783,.T.);
#397=ORIENTED_EDGE('',*,*,#784,.T.);
#398=ORIENTED_EDGE('',*,*,#743,.T.);
#399=ORIENTED_EDGE('',*,*,#785,.T.);
#400=ORIENTED_EDGE('',*,*,#786,.T.);
#401=ORIENTED_EDGE('',*,*,#787,.T.);
#402=ORIENTED_EDGE('',*,*,#753,.T.);
#403=ORIENTED_EDGE('',*,*,#788,.T.);
#404=ORIENTED_EDGE('',*,*,#789,.T.);
#405=ORIENTED_EDGE('',*,*,#784,.F.);
#406=ORIENTED_EDGE('',*,*,#782,.F.);
#407=ORIENTED_EDGE('',*,*,#781,.F.);
#408=ORIENTED_EDGE('',*,*,#778,.F.);
#409=ORIENTED_EDGE('',*,*,#776,.F.);
#410=ORIENTED_EDGE('',*,*,#747,.T.);
#411=ORIENTED_EDGE('',*,*,#766,.F.);
#412=ORIENTED_EDGE('',*,*,#764,.T.);
#413=ORIENTED_EDGE('',*,*,#632,.T.);
#414=ORIENTED_EDGE('',*,*,#790,.F.);
#415=ORIENTED_EDGE('',*,*,#786,.F.);
#416=ORIENTED_EDGE('',*,*,#791,.T.);
#417=ORIENTED_EDGE('',*,*,#631,.T.);
#418=ORIENTED_EDGE('',*,*,#754,.F.);
#419=ORIENTED_EDGE('',*,*,#787,.F.);
#420=ORIENTED_EDGE('',*,*,#790,.T.);
#421=ORIENTED_EDGE('',*,*,#792,.F.);
#422=ORIENTED_EDGE('',*,*,#775,.T.);
#423=ORIENTED_EDGE('',*,*,#774,.F.);
#424=ORIENTED_EDGE('',*,*,#771,.F.);
#425=ORIENTED_EDGE('',*,*,#769,.T.);
#426=ORIENTED_EDGE('',*,*,#793,.F.);
#427=ORIENTED_EDGE('',*,*,#794,.F.);
#428=ORIENTED_EDGE('',*,*,#685,.F.);
#429=ORIENTED_EDGE('',*,*,#703,.F.);
#430=ORIENTED_EDGE('',*,*,#652,.T.);
#431=ORIENTED_EDGE('',*,*,#792,.T.);
#432=ORIENTED_EDGE('',*,*,#704,.F.);
#433=ORIENTED_EDGE('',*,*,#749,.T.);
#434=ORIENTED_EDGE('',*,*,#612,.F.);
#435=ORIENTED_EDGE('',*,*,#742,.T.);
#436=ORIENTED_EDGE('',*,*,#643,.T.);
#437=ORIENTED_EDGE('',*,*,#795,.F.);
#438=ORIENTED_EDGE('',*,*,#680,.T.);
#439=ORIENTED_EDGE('',*,*,#755,.T.);
#440=ORIENTED_EDGE('',*,*,#719,.T.);
#441=ORIENTED_EDGE('',*,*,#756,.T.);
#442=ORIENTED_EDGE('',*,*,#760,.T.);
#443=ORIENTED_EDGE('',*,*,#739,.T.);
#444=ORIENTED_EDGE('',*,*,#762,.T.);
#445=ORIENTED_EDGE('',*,*,#696,.T.);
#446=ORIENTED_EDGE('',*,*,#686,.T.);
#447=ORIENTED_EDGE('',*,*,#794,.T.);
#448=ORIENTED_EDGE('',*,*,#745,.T.);
#449=ORIENTED_EDGE('',*,*,#614,.F.);
#450=ORIENTED_EDGE('',*,*,#750,.F.);
#451=ORIENTED_EDGE('',*,*,#641,.F.);
#452=ORIENTED_EDGE('',*,*,#796,.T.);
#453=ORIENTED_EDGE('',*,*,#615,.F.);
#454=ORIENTED_EDGE('',*,*,#796,.F.);
#455=ORIENTED_EDGE('',*,*,#640,.F.);
#456=ORIENTED_EDGE('',*,*,#797,.T.);
#457=ORIENTED_EDGE('',*,*,#616,.F.);
#458=ORIENTED_EDGE('',*,*,#797,.F.);
#459=ORIENTED_EDGE('',*,*,#639,.F.);
#460=ORIENTED_EDGE('',*,*,#730,.F.);
#461=ORIENTED_EDGE('',*,*,#798,.T.);
#462=ORIENTED_EDGE('',*,*,#619,.F.);
#463=ORIENTED_EDGE('',*,*,#751,.F.);
#464=ORIENTED_EDGE('',*,*,#727,.T.);
#465=ORIENTED_EDGE('',*,*,#636,.T.);
#466=ORIENTED_EDGE('',*,*,#633,.T.);
#467=ORIENTED_EDGE('',*,*,#791,.F.);
#468=ORIENTED_EDGE('',*,*,#785,.F.);
#469=ORIENTED_EDGE('',*,*,#799,.F.);
#470=ORIENTED_EDGE('',*,*,#799,.T.);
#471=ORIENTED_EDGE('',*,*,#789,.F.);
#472=ORIENTED_EDGE('',*,*,#800,.T.);
#473=ORIENTED_EDGE('',*,*,#628,.F.);
#474=ORIENTED_EDGE('',*,*,#801,.T.);
#475=ORIENTED_EDGE('',*,*,#621,.F.);
#476=ORIENTED_EDGE('',*,*,#802,.F.);
#477=ORIENTED_EDGE('',*,*,#634,.F.);
#478=ORIENTED_EDGE('',*,*,#629,.T.);
#479=ORIENTED_EDGE('',*,*,#800,.F.);
#480=ORIENTED_EDGE('',*,*,#788,.F.);
#481=ORIENTED_EDGE('',*,*,#752,.T.);
#482=ORIENTED_EDGE('',*,*,#803,.F.);
#483=ORIENTED_EDGE('',*,*,#605,.F.);
#484=ORIENTED_EDGE('',*,*,#601,.T.);
#485=ORIENTED_EDGE('',*,*,#669,.T.);
#486=ORIENTED_EDGE('',*,*,#620,.F.);
#487=ORIENTED_EDGE('',*,*,#798,.F.);
#488=ORIENTED_EDGE('',*,*,#635,.F.);
#489=ORIENTED_EDGE('',*,*,#802,.T.);
#490=ORIENTED_EDGE('',*,*,#804,.F.);
#491=ORIENTED_EDGE('',*,*,#622,.F.);
#492=ORIENTED_EDGE('',*,*,#801,.F.);
#493=ORIENTED_EDGE('',*,*,#627,.F.);
#494=ORIENTED_EDGE('',*,*,#805,.F.);
#495=ORIENTED_EDGE('',*,*,#654,.F.);
#496=ORIENTED_EDGE('',*,*,#806,.T.);
#497=ORIENTED_EDGE('',*,*,#807,.T.);
#498=ORIENTED_EDGE('',*,*,#808,.F.);
#499=ORIENTED_EDGE('',*,*,#807,.F.);
#500=ORIENTED_EDGE('',*,*,#809,.F.);
#501=ORIENTED_EDGE('',*,*,#810,.T.);
#502=ORIENTED_EDGE('',*,*,#811,.F.);
#503=ORIENTED_EDGE('',*,*,#812,.T.);
#504=ORIENTED_EDGE('',*,*,#813,.F.);
#505=ORIENTED_EDGE('',*,*,#814,.F.);
#506=ORIENTED_EDGE('',*,*,#814,.T.);
#507=ORIENTED_EDGE('',*,*,#815,.F.);
#508=ORIENTED_EDGE('',*,*,#659,.F.);
#509=ORIENTED_EDGE('',*,*,#816,.T.);
#510=ORIENTED_EDGE('',*,*,#817,.F.);
#511=ORIENTED_EDGE('',*,*,#811,.T.);
#512=ORIENTED_EDGE('',*,*,#816,.F.);
#513=ORIENTED_EDGE('',*,*,#658,.F.);
#514=ORIENTED_EDGE('',*,*,#690,.T.);
#515=ORIENTED_EDGE('',*,*,#672,.T.);
#516=ORIENTED_EDGE('',*,*,#818,.F.);
#517=ORIENTED_EDGE('',*,*,#819,.F.);
#518=ORIENTED_EDGE('',*,*,#705,.T.);
#519=ORIENTED_EDGE('',*,*,#820,.T.);
#520=ORIENTED_EDGE('',*,*,#821,.F.);
#521=ORIENTED_EDGE('',*,*,#676,.F.);
#522=ORIENTED_EDGE('',*,*,#688,.F.);
#523=ORIENTED_EDGE('',*,*,#822,.F.);
#524=ORIENTED_EDGE('',*,*,#820,.F.);
#525=ORIENTED_EDGE('',*,*,#708,.F.);
#526=ORIENTED_EDGE('',*,*,#823,.T.);
#527=ORIENTED_EDGE('',*,*,#824,.F.);
#528=ORIENTED_EDGE('',*,*,#823,.F.);
#529=ORIENTED_EDGE('',*,*,#707,.F.);
#530=ORIENTED_EDGE('',*,*,#825,.T.);
#531=ORIENTED_EDGE('',*,*,#826,.F.);
#532=ORIENTED_EDGE('',*,*,#825,.F.);
#533=ORIENTED_EDGE('',*,*,#706,.F.);
#534=ORIENTED_EDGE('',*,*,#819,.T.);
#535=ORIENTED_EDGE('',*,*,#663,.T.);
#536=ORIENTED_EDGE('',*,*,#827,.F.);
#537=ORIENTED_EDGE('',*,*,#822,.T.);
#538=ORIENTED_EDGE('',*,*,#828,.F.);
#539=ORIENTED_EDGE('',*,*,#677,.T.);
#540=ORIENTED_EDGE('',*,*,#821,.T.);
#541=ORIENTED_EDGE('',*,*,#827,.T.);
#542=ORIENTED_EDGE('',*,*,#662,.T.);
#543=ORIENTED_EDGE('',*,*,#824,.T.);
#544=ORIENTED_EDGE('',*,*,#829,.F.);
#545=ORIENTED_EDGE('',*,*,#664,.T.);
#546=ORIENTED_EDGE('',*,*,#828,.T.);
#547=ORIENTED_EDGE('',*,*,#671,.T.);
#548=ORIENTED_EDGE('',*,*,#666,.T.);
#549=ORIENTED_EDGE('',*,*,#830,.F.);
#550=ORIENTED_EDGE('',*,*,#818,.T.);
#551=ORIENTED_EDGE('',*,*,#826,.T.);
#552=ORIENTED_EDGE('',*,*,#830,.T.);
#553=ORIENTED_EDGE('',*,*,#665,.T.);
#554=ORIENTED_EDGE('',*,*,#829,.T.);
#555=ORIENTED_EDGE('',*,*,#831,.F.);
#556=ORIENTED_EDGE('',*,*,#809,.T.);
#557=ORIENTED_EDGE('',*,*,#806,.F.);
#558=ORIENTED_EDGE('',*,*,#653,.F.);
#559=ORIENTED_EDGE('',*,*,#702,.T.);
#560=ORIENTED_EDGE('',*,*,#832,.F.);
#561=ORIENTED_EDGE('',*,*,#810,.F.);
#562=ORIENTED_EDGE('',*,*,#831,.T.);
#563=ORIENTED_EDGE('',*,*,#701,.F.);
#564=ORIENTED_EDGE('',*,*,#833,.F.);
#565=ORIENTED_EDGE('',*,*,#693,.F.);
#566=ORIENTED_EDGE('',*,*,#660,.F.);
#567=ORIENTED_EDGE('',*,*,#815,.T.);
#568=ORIENTED_EDGE('',*,*,#813,.T.);
#569=ORIENTED_EDGE('',*,*,#817,.T.);
#570=ORIENTED_EDGE('',*,*,#689,.F.);
#571=ORIENTED_EDGE('',*,*,#833,.T.);
#572=ORIENTED_EDGE('',*,*,#812,.F.);
#573=ORIENTED_EDGE('',*,*,#803,.T.);
#574=ORIENTED_EDGE('',*,*,#668,.F.);
#575=ORIENTED_EDGE('',*,*,#670,.F.);
#576=ORIENTED_EDGE('',*,*,#606,.F.);
#577=ORIENTED_EDGE('',*,*,#795,.T.);
#578=ORIENTED_EDGE('',*,*,#793,.T.);
#579=ORIENTED_EDGE('',*,*,#651,.T.);
#580=ORIENTED_EDGE('',*,*,#681,.F.);
#581=ORIENTED_EDGE('',*,*,#834,.T.);
#582=ORIENTED_EDGE('',*,*,#624,.F.);
#583=ORIENTED_EDGE('',*,*,#599,.F.);
#584=ORIENTED_EDGE('',*,*,#604,.F.);
#585=ORIENTED_EDGE('',*,*,#623,.T.);
#586=ORIENTED_EDGE('',*,*,#804,.T.);
#587=ORIENTED_EDGE('',*,*,#626,.T.);
#588=ORIENTED_EDGE('',*,*,#835,.F.);
#589=ORIENTED_EDGE('',*,*,#835,.T.);
#590=ORIENTED_EDGE('',*,*,#625,.F.);
#591=ORIENTED_EDGE('',*,*,#834,.F.);
#592=ORIENTED_EDGE('',*,*,#603,.F.);
#593=ORIENTED_EDGE('',*,*,#655,.F.);
#594=ORIENTED_EDGE('',*,*,#805,.T.);
#595=ORIENTED_EDGE('',*,*,#808,.T.);
#596=ORIENTED_EDGE('',*,*,#832,.T.);
#597=ORIENTED_EDGE('',*,*,#700,.F.);
#598=EDGE_CURVE('',#836,#837,#995,.T.);
#599=EDGE_CURVE('',#836,#838,#996,.T.);
#600=EDGE_CURVE('',#839,#838,#997,.T.);
#601=EDGE_CURVE('',#837,#839,#998,.T.);
#602=EDGE_CURVE('',#840,#840,#91,.T.);
#603=EDGE_CURVE('',#841,#842,#999,.T.);
#604=EDGE_CURVE('',#842,#836,#1000,.T.);
#605=EDGE_CURVE('',#837,#843,#1001,.T.);
#606=EDGE_CURVE('',#843,#844,#1002,.T.);
#607=EDGE_CURVE('',#844,#845,#1003,.T.);
#608=EDGE_CURVE('',#845,#846,#1004,.T.);
#609=EDGE_CURVE('',#846,#847,#1005,.T.);
#610=EDGE_CURVE('',#847,#848,#1006,.T.);
#611=EDGE_CURVE('',#848,#849,#1007,.T.);
#612=EDGE_CURVE('',#849,#850,#1008,.T.);
#613=EDGE_CURVE('',#850,#851,#1009,.T.);
#614=EDGE_CURVE('',#851,#852,#1010,.T.);
#615=EDGE_CURVE('',#852,#853,#1011,.T.);
#616=EDGE_CURVE('',#853,#854,#1012,.T.);
#617=EDGE_CURVE('',#854,#855,#1013,.T.);
#618=EDGE_CURVE('',#855,#856,#1014,.T.);
#619=EDGE_CURVE('',#856,#857,#1015,.T.);
#620=EDGE_CURVE('',#857,#858,#1016,.T.);
#621=EDGE_CURVE('',#858,#859,#1017,.T.);
#622=EDGE_CURVE('',#859,#860,#1018,.T.);
#623=EDGE_CURVE('',#841,#860,#1019,.T.);
#624=EDGE_CURVE('',#838,#861,#1020,.T.);
#625=EDGE_CURVE('',#861,#862,#1021,.T.);
#626=EDGE_CURVE('',#863,#862,#1022,.T.);
#627=EDGE_CURVE('',#863,#864,#1023,.T.);
#628=EDGE_CURVE('',#864,#865,#1024,.T.);
#629=EDGE_CURVE('',#866,#865,#92,.T.);
#630=EDGE_CURVE('',#867,#866,#1025,.T.);
#631=EDGE_CURVE('',#868,#867,#93,.T.);
#632=EDGE_CURVE('',#869,#868,#1026,.T.);
#633=EDGE_CURVE('',#870,#869,#1027,.T.);
#634=EDGE_CURVE('',#870,#871,#1028,.T.);
#635=EDGE_CURVE('',#871,#872,#1029,.T.);
#636=EDGE_CURVE('',#873,#872,#1030,.T.);
#637=EDGE_CURVE('',#874,#873,#1031,.T.);
#638=EDGE_CURVE('',#875,#874,#1032,.T.);
#639=EDGE_CURVE('',#875,#876,#1033,.T.);
#640=EDGE_CURVE('',#876,#877,#1034,.T.);
#641=EDGE_CURVE('',#877,#878,#1035,.T.);
#642=EDGE_CURVE('',#878,#879,#1036,.T.);
#643=EDGE_CURVE('',#880,#879,#1037,.T.);
#644=EDGE_CURVE('',#880,#881,#1038,.T.);
#645=EDGE_CURVE('',#882,#881,#1039,.T.);
#646=EDGE_CURVE('',#882,#883,#1040,.T.);
#647=EDGE_CURVE('',#884,#883,#1041,.T.);
#648=EDGE_CURVE('',#885,#884,#1042,.T.);
#649=EDGE_CURVE('',#886,#885,#1043,.T.);
#650=EDGE_CURVE('',#887,#886,#1044,.T.);
#651=EDGE_CURVE('',#888,#887,#1045,.T.);
#652=EDGE_CURVE('',#889,#888,#1046,.T.);
#653=EDGE_CURVE('',#889,#890,#1047,.T.);
#654=EDGE_CURVE('',#890,#891,#1048,.T.);
#655=EDGE_CURVE('',#891,#892,#1049,.T.);
#656=EDGE_CURVE('',#893,#892,#1050,.T.);
#657=EDGE_CURVE('',#894,#893,#1051,.T.);
#658=EDGE_CURVE('',#894,#895,#1052,.T.);
#659=EDGE_CURVE('',#895,#896,#1053,.T.);
#660=EDGE_CURVE('',#896,#897,#1054,.T.);
#661=EDGE_CURVE('',#898,#897,#1055,.T.);
#662=EDGE_CURVE('',#899,#898,#94,.T.);
#663=EDGE_CURVE('',#900,#899,#1056,.T.);
#664=EDGE_CURVE('',#901,#900,#1057,.T.);
#665=EDGE_CURVE('',#902,#901,#1058,.T.);
#666=EDGE_CURVE('',#903,#902,#95,.T.);
#667=EDGE_CURVE('',#904,#903,#1059,.T.);
#668=EDGE_CURVE('',#904,#905,#1060,.T.);
#669=EDGE_CURVE('',#839,#905,#1061,.T.);
#670=EDGE_CURVE('',#844,#904,#1062,.T.);
#671=EDGE_CURVE('',#906,#903,#33,.T.);
#672=EDGE_CURVE('',#907,#906,#1063,.T.);
#673=EDGE_CURVE('',#907,#908,#30,.T.);
#674=EDGE_CURVE('',#908,#909,#1064,.T.);
#675=EDGE_CURVE('',#909,#910,#31,.T.);
#676=EDGE_CURVE('',#910,#911,#1065,.T.);
#677=EDGE_CURVE('',#898,#911,#34,.T.);
#678=EDGE_CURVE('',#912,#897,#1066,.T.);
#679=EDGE_CURVE('',#845,#912,#96,.T.);
#680=EDGE_CURVE('',#913,#914,#1067,.T.);
#681=EDGE_CURVE('',#913,#887,#1068,.T.);
#682=EDGE_CURVE('',#915,#886,#1069,.T.);
#683=EDGE_CURVE('',#915,#914,#97,.T.);
#684=EDGE_CURVE('',#916,#917,#1070,.T.);
#685=EDGE_CURVE('',#917,#918,#98,.T.);
#686=EDGE_CURVE('',#919,#918,#1071,.T.);
#687=EDGE_CURVE('',#919,#916,#99,.T.);
#688=EDGE_CURVE('',#907,#910,#32,.F.);
#689=EDGE_CURVE('',#920,#921,#1072,.T.);
#690=EDGE_CURVE('',#894,#921,#1073,.T.);
#691=EDGE_CURVE('',#922,#894,#1074,.T.);
#692=EDGE_CURVE('',#912,#922,#1075,.T.);
#693=EDGE_CURVE('',#897,#920,#1076,.T.);
#694=EDGE_CURVE('',#846,#922,#100,.T.);
#695=EDGE_CURVE('',#893,#916,#1077,.T.);
#696=EDGE_CURVE('',#923,#919,#1078,.T.);
#697=EDGE_CURVE('',#923,#924,#1079,.T.);
#698=EDGE_CURVE('',#924,#925,#1080,.T.);
#699=EDGE_CURVE('',#925,#847,#1081,.T.);
#700=EDGE_CURVE('',#892,#926,#1082,.T.);
#701=EDGE_CURVE('',#926,#927,#1083,.T.);
#702=EDGE_CURVE('',#889,#927,#1084,.T.);
#703=EDGE_CURVE('',#889,#917,#1085,.T.);
#704=EDGE_CURVE('',#928,#928,#101,.T.);
#705=EDGE_CURVE('',#929,#930,#102,.T.);
#706=EDGE_CURVE('',#929,#931,#1086,.T.);
#707=EDGE_CURVE('',#931,#932,#1087,.T.);
#708=EDGE_CURVE('',#932,#930,#1088,.T.);
#709=EDGE_CURVE('',#933,#934,#1089,.T.);
#710=EDGE_CURVE('',#934,#882,#1090,.T.);
#711=EDGE_CURVE('',#933,#881,#1091,.T.);
#712=EDGE_CURVE('',#934,#935,#1092,.T.);
#713=EDGE_CURVE('',#935,#936,#1093,.T.);
#714=EDGE_CURVE('',#937,#936,#1094,.T.);
#715=EDGE_CURVE('',#938,#937,#1095,.T.);
#716=EDGE_CURVE('',#883,#938,#1096,.T.);
#717=EDGE_CURVE('',#939,#884,#1097,.T.);
#718=EDGE_CURVE('',#938,#939,#1098,.T.);
#719=EDGE_CURVE('',#940,#941,#1099,.T.);
#720=EDGE_CURVE('',#940,#942,#103,.T.);
#721=EDGE_CURVE('',#885,#942,#1100,.T.);
#722=EDGE_CURVE('',#943,#939,#1101,.T.);
#723=EDGE_CURVE('',#944,#943,#1102,.T.);
#724=EDGE_CURVE('',#945,#944,#1103,.T.);
#725=EDGE_CURVE('',#941,#945,#1104,.T.);
#726=EDGE_CURVE('',#942,#915,#1105,.T.);
#727=EDGE_CURVE('',#946,#873,#1106,.T.);
#728=EDGE_CURVE('',#947,#946,#1107,.T.);
#729=EDGE_CURVE('',#874,#947,#1108,.T.);
#730=EDGE_CURVE('',#854,#875,#1109,.T.);
#731=EDGE_CURVE('',#855,#947,#104,.T.);
#732=EDGE_CURVE('',#848,#948,#1110,.T.);
#733=EDGE_CURVE('',#948,#949,#1111,.T.);
#734=EDGE_CURVE('',#949,#950,#1112,.T.);
#735=EDGE_CURVE('',#950,#951,#1113,.T.);
#736=EDGE_CURVE('',#951,#952,#1114,.T.);
#737=EDGE_CURVE('',#952,#953,#1115,.T.);
#738=EDGE_CURVE('',#953,#954,#1116,.T.);
#739=EDGE_CURVE('',#955,#954,#1117,.T.);
#740=EDGE_CURVE('',#955,#956,#1118,.T.);
#741=EDGE_CURVE('',#956,#933,#1119,.T.);
#742=EDGE_CURVE('',#849,#880,#1120,.T.);
#743=EDGE_CURVE('',#957,#957,#105,.T.);
#744=EDGE_CURVE('',#958,#958,#106,.T.);
#745=EDGE_CURVE('',#959,#959,#107,.T.);
#746=EDGE_CURVE('',#960,#925,#1121,.T.);
#747=EDGE_CURVE('',#961,#960,#1122,.T.);
#748=EDGE_CURVE('',#948,#961,#1123,.T.);
#749=EDGE_CURVE('',#879,#850,#1124,.T.);
#750=EDGE_CURVE('',#878,#851,#1125,.T.);
#751=EDGE_CURVE('',#946,#856,#108,.T.);
#752=EDGE_CURVE('',#962,#866,#1126,.T.);
#753=EDGE_CURVE('',#963,#962,#1127,.T.);
#754=EDGE_CURVE('',#963,#867,#1128,.T.);
#755=EDGE_CURVE('',#914,#940,#1129,.T.);
#756=EDGE_CURVE('',#941,#964,#109,.T.);
#757=EDGE_CURVE('',#965,#945,#110,.T.);
#758=EDGE_CURVE('',#935,#965,#111,.T.);
#759=EDGE_CURVE('',#964,#935,#1130,.T.);
#760=EDGE_CURVE('',#964,#955,#1131,.T.);
#761=EDGE_CURVE('',#935,#956,#1132,.T.);
#762=EDGE_CURVE('',#954,#923,#1133,.T.);
#763=EDGE_CURVE('',#966,#953,#1134,.T.);
#764=EDGE_CURVE('',#967,#966,#1135,.T.);
#765=EDGE_CURVE('',#924,#967,#1136,.T.);
#766=EDGE_CURVE('',#967,#960,#1137,.T.);
#767=EDGE_CURVE('',#936,#965,#112,.T.);
#768=EDGE_CURVE('',#965,#968,#113,.T.);
#769=EDGE_CURVE('',#969,#968,#1138,.T.);
#770=EDGE_CURVE('',#937,#969,#114,.T.);
#771=EDGE_CURVE('',#969,#970,#1139,.T.);
#772=EDGE_CURVE('',#970,#943,#115,.T.);
#773=EDGE_CURVE('',#971,#944,#116,.T.);
#774=EDGE_CURVE('',#970,#971,#1140,.T.);
#775=EDGE_CURVE('',#968,#971,#1141,.T.);
#776=EDGE_CURVE('',#961,#972,#1142,.T.);
#777=EDGE_CURVE('',#949,#972,#1143,.T.);
#778=EDGE_CURVE('',#972,#973,#1144,.T.);
#779=EDGE_CURVE('',#973,#950,#1145,.T.);
#780=EDGE_CURVE('',#974,#951,#1146,.T.);
#781=EDGE_CURVE('',#973,#974,#1147,.T.);
#782=EDGE_CURVE('',#974,#975,#1148,.T.);
#783=EDGE_CURVE('',#952,#975,#1149,.T.);
#784=EDGE_CURVE('',#975,#966,#1150,.T.);
#785=EDGE_CURVE('',#976,#977,#1151,.T.);
#786=EDGE_CURVE('',#977,#978,#1152,.T.);
#787=EDGE_CURVE('',#978,#963,#117,.T.);
#788=EDGE_CURVE('',#962,#979,#118,.T.);
#789=EDGE_CURVE('',#979,#976,#1153,.T.);
#790=EDGE_CURVE('',#978,#868,#1154,.T.);
#791=EDGE_CURVE('',#977,#869,#1155,.T.);
#792=EDGE_CURVE('',#981,#981,#119,.T.);
#793=EDGE_CURVE('',#982,#888,#1156,.T.);
#794=EDGE_CURVE('',#918,#982,#1157,.T.);
#795=EDGE_CURVE('',#913,#982,#1158,.T.);
#796=EDGE_CURVE('',#877,#852,#1159,.T.);
#797=EDGE_CURVE('',#876,#853,#1160,.T.);
#798=EDGE_CURVE('',#872,#857,#1161,.T.);
#799=EDGE_CURVE('',#870,#976,#1162,.T.);
#800=EDGE_CURVE('',#979,#865,#1163,.T.);
#801=EDGE_CURVE('',#864,#859,#1164,.T.);
#802=EDGE_CURVE('',#871,#858,#1165,.T.);
#803=EDGE_CURVE('',#843,#905,#1166,.T.);
#804=EDGE_CURVE('',#860,#863,#1167,.T.);
#805=EDGE_CURVE('',#891,#983,#1168,.T.);
#806=EDGE_CURVE('',#890,#984,#1169,.T.);
#807=EDGE_CURVE('',#984,#983,#1170,.T.);
#808=EDGE_CURVE('',#983,#985,#1171,.T.);
#809=EDGE_CURVE('',#986,#984,#1172,.T.);
#810=EDGE_CURVE('',#986,#985,#1173,.T.);
#811=EDGE_CURVE('',#987,#988,#1174,.T.);
#812=EDGE_CURVE('',#987,#989,#1175,.T.);
#813=EDGE_CURVE('',#990,#989,#1176,.T.);
#814=EDGE_CURVE('',#988,#990,#1177,.T.);
#815=EDGE_CURVE('',#896,#990,#1178,.T.);
#816=EDGE_CURVE('',#895,#988,#1179,.T.);
#817=EDGE_CURVE('',#987,#921,#1180,.T.);
#818=EDGE_CURVE('',#991,#906,#120,.T.);
#819=EDGE_CURVE('',#929,#991,#1181,.T.);
#820=EDGE_CURVE('',#930,#992,#1182,.T.);
#821=EDGE_CURVE('',#911,#992,#121,.T.);
#822=EDGE_CURVE('',#992,#993,#1183,.T.);
#823=EDGE_CURVE('',#932,#993,#1184,.T.);
#824=EDGE_CURVE('',#993,#994,#1185,.T.);
#825=EDGE_CURVE('',#931,#994,#1186,.T.);
#826=EDGE_CURVE('',#994,#991,#1187,.T.);
#827=EDGE_CURVE('',#992,#899,#1188,.T.);
#828=EDGE_CURVE('',#900,#993,#1189,.T.);
#829=EDGE_CURVE('',#901,#994,#1190,.T.);
#830=EDGE_CURVE('',#991,#902,#1191,.T.);
#831=EDGE_CURVE('',#986,#927,#1192,.T.);
#832=EDGE_CURVE('',#985,#926,#1193,.T.);
#833=EDGE_CURVE('',#920,#989,#1194,.T.);
#834=EDGE_CURVE('',#842,#861,#1195,.T.);
#835=EDGE_CURVE('',#841,#862,#1196,.T.);
#836=VERTEX_POINT('',#2648);
#837=VERTEX_POINT('',#2649);
#838=VERTEX_POINT('',#2651);
#839=VERTEX_POINT('',#2653);
#840=VERTEX_POINT('',#2657);
#841=VERTEX_POINT('',#2659);
#842=VERTEX_POINT('',#2660);
#843=VERTEX_POINT('',#2663);
#844=VERTEX_POINT('',#2665);
#845=VERTEX_POINT('',#2667);
#846=VERTEX_POINT('',#2669);
#847=VERTEX_POINT('',#2671);
#848=VERTEX_POINT('',#2673);
#849=VERTEX_POINT('',#2675);
#850=VERTEX_POINT('',#2677);
#851=VERTEX_POINT('',#2679);
#852=VERTEX_POINT('',#2681);
#853=VERTEX_POINT('',#2683);
#854=VERTEX_POINT('',#2685);
#855=VERTEX_POINT('',#2687);
#856=VERTEX_POINT('',#2689);
#857=VERTEX_POINT('',#2691);
#858=VERTEX_POINT('',#2693);
#859=VERTEX_POINT('',#2695);
#860=VERTEX_POINT('',#2697);
#861=VERTEX_POINT('',#2701);
#862=VERTEX_POINT('',#2703);
#863=VERTEX_POINT('',#2705);
#864=VERTEX_POINT('',#2707);
#865=VERTEX_POINT('',#2709);
#866=VERTEX_POINT('',#2711);
#867=VERTEX_POINT('',#2713);
#868=VERTEX_POINT('',#2715);
#869=VERTEX_POINT('',#2717);
#870=VERTEX_POINT('',#2719);
#871=VERTEX_POINT('',#2721);
#872=VERTEX_POINT('',#2723);
#873=VERTEX_POINT('',#2725);
#874=VERTEX_POINT('',#2727);
#875=VERTEX_POINT('',#2729);
#876=VERTEX_POINT('',#2731);
#877=VERTEX_POINT('',#2733);
#878=VERTEX_POINT('',#2735);
#879=VERTEX_POINT('',#2737);
#880=VERTEX_POINT('',#2739);
#881=VERTEX_POINT('',#2741);
#882=VERTEX_POINT('',#2743);
#883=VERTEX_POINT('',#2745);
#884=VERTEX_POINT('',#2747);
#885=VERTEX_POINT('',#2749);
#886=VERTEX_POINT('',#2751);
#887=VERTEX_POINT('',#2753);
#888=VERTEX_POINT('',#2755);
#889=VERTEX_POINT('',#2757);
#890=VERTEX_POINT('',#2759);
#891=VERTEX_POINT('',#2761);
#892=VERTEX_POINT('',#2763);
#893=VERTEX_POINT('',#2765);
#894=VERTEX_POINT('',#2767);
#895=VERTEX_POINT('',#2769);
#896=VERTEX_POINT('',#2771);
#897=VERTEX_POINT('',#2773);
#898=VERTEX_POINT('',#2775);
#899=VERTEX_POINT('',#2777);
#900=VERTEX_POINT('',#2779);
#901=VERTEX_POINT('',#2781);
#902=VERTEX_POINT('',#2783);
#903=VERTEX_POINT('',#2785);
#904=VERTEX_POINT('',#2787);
#905=VERTEX_POINT('',#2789);
#906=VERTEX_POINT('',#2796);
#907=VERTEX_POINT('',#2798);
#908=VERTEX_POINT('',#2806);
#909=VERTEX_POINT('',#2808);
#910=VERTEX_POINT('',#2816);
#911=VERTEX_POINT('',#2818);
#912=VERTEX_POINT('',#2823);
#913=VERTEX_POINT('',#2827);
#914=VERTEX_POINT('',#2828);
#915=VERTEX_POINT('',#2831);
#916=VERTEX_POINT('',#2835);
#917=VERTEX_POINT('',#2836);
#918=VERTEX_POINT('',#2838);
#919=VERTEX_POINT('',#2840);
#920=VERTEX_POINT('',#2901);
#921=VERTEX_POINT('',#2902);
#922=VERTEX_POINT('',#2905);
#923=VERTEX_POINT('',#2913);
#924=VERTEX_POINT('',#2915);
#925=VERTEX_POINT('',#2917);
#926=VERTEX_POINT('',#2921);
#927=VERTEX_POINT('',#2923);
#928=VERTEX_POINT('',#2928);
#929=VERTEX_POINT('',#2930);
#930=VERTEX_POINT('',#2931);
#931=VERTEX_POINT('',#2933);
#932=VERTEX_POINT('',#2935);
#933=VERTEX_POINT('',#2939);
#934=VERTEX_POINT('',#2940);
#935=VERTEX_POINT('',#2945);
#936=VERTEX_POINT('',#2947);
#937=VERTEX_POINT('',#2949);
#938=VERTEX_POINT('',#2951);
#939=VERTEX_POINT('',#2955);
#940=VERTEX_POINT('',#2959);
#941=VERTEX_POINT('',#2960);
#942=VERTEX_POINT('',#2962);
#943=VERTEX_POINT('',#2965);
#944=VERTEX_POINT('',#2967);
#945=VERTEX_POINT('',#2969);
#946=VERTEX_POINT('',#2975);
#947=VERTEX_POINT('',#2977);
#948=VERTEX_POINT('',#2984);
#949=VERTEX_POINT('',#2986);
#950=VERTEX_POINT('',#2988);
#951=VERTEX_POINT('',#2990);
#952=VERTEX_POINT('',#2992);
#953=VERTEX_POINT('',#2994);
#954=VERTEX_POINT('',#2996);
#955=VERTEX_POINT('',#2998);
#956=VERTEX_POINT('',#3000);
#957=VERTEX_POINT('',#3005);
#958=VERTEX_POINT('',#3008);
#959=VERTEX_POINT('',#3010);
#960=VERTEX_POINT('',#3013);
#961=VERTEX_POINT('',#3015);
#962=VERTEX_POINT('',#3024);
#963=VERTEX_POINT('',#3026);
#964=VERTEX_POINT('',#3032);
#965=VERTEX_POINT('',#3034);
#966=VERTEX_POINT('',#3043);
#967=VERTEX_POINT('',#3045);
#968=VERTEX_POINT('',#3054);
#969=VERTEX_POINT('',#3056);
#970=VERTEX_POINT('',#3060);
#971=VERTEX_POINT('',#3064);
#972=VERTEX_POINT('',#3070);
#973=VERTEX_POINT('',#3074);
#974=VERTEX_POINT('',#3078);
#975=VERTEX_POINT('',#3082);
#976=VERTEX_POINT('',#3088);
#977=VERTEX_POINT('',#3089);
#978=VERTEX_POINT('',#3091);
#979=VERTEX_POINT('',#3094);
#980=VERTEX_POINT('',#3102);
#981=VERTEX_POINT('',#3104);
#982=VERTEX_POINT('',#3108);
#983=VERTEX_POINT('',#3135);
#984=VERTEX_POINT('',#3137);
#985=VERTEX_POINT('',#3141);
#986=VERTEX_POINT('',#3143);
#987=VERTEX_POINT('',#3147);
#988=VERTEX_POINT('',#3148);
#989=VERTEX_POINT('',#3150);
#990=VERTEX_POINT('',#3152);
#991=VERTEX_POINT('',#3161);
#992=VERTEX_POINT('',#3164);
#993=VERTEX_POINT('',#3168);
#994=VERTEX_POINT('',#3172);
#995=LINE('',#2647,#1197);
#996=LINE('',#2650,#1198);
#997=LINE('',#2652,#1199);
#998=LINE('',#2654,#1200);
#999=LINE('',#2658,#1201);
#1000=LINE('',#2661,#1202);
#1001=LINE('',#2662,#1203);
#1002=LINE('',#2664,#1204);
#1003=LINE('',#2666,#1205);
#1004=LINE('',#2668,#1206);
#1005=LINE('',#2670,#1207);
#1006=LINE('',#2672,#1208);
#1007=LINE('',#2674,#1209);
#1008=LINE('',#2676,#1210);
#1009=LINE('',#2678,#1211);
#1010=LINE('',#2680,#1212);
#1011=LINE('',#2682,#1213);
#1012=LINE('',#2684,#1214);
#1013=LINE('',#2686,#1215);
#1014=LINE('',#2688,#1216);
#1015=LINE('',#2690,#1217);
#1016=LINE('',#2692,#1218);
#1017=LINE('',#2694,#1219);
#1018=LINE('',#2696,#1220);
#1019=LINE('',#2698,#1221);
#1020=LINE('',#2700,#1222);
#1021=LINE('',#2702,#1223);
#1022=LINE('',#2704,#1224);
#1023=LINE('',#2706,#1225);
#1024=LINE('',#2708,#1226);
#1025=LINE('',#2712,#1227);
#1026=LINE('',#2716,#1228);
#1027=LINE('',#2718,#1229);
#1028=LINE('',#2720,#1230);
#1029=LINE('',#2722,#1231);
#1030=LINE('',#2724,#1232);
#1031=LINE('',#2726,#1233);
#1032=LINE('',#2728,#1234);
#1033=LINE('',#2730,#1235);
#1034=LINE('',#2732,#1236);
#1035=LINE('',#2734,#1237);
#1036=LINE('',#2736,#1238);
#1037=LINE('',#2738,#1239);
#1038=LINE('',#2740,#1240);
#1039=LINE('',#2742,#1241);
#1040=LINE('',#2744,#1242);
#1041=LINE('',#2746,#1243);
#1042=LINE('',#2748,#1244);
#1043=LINE('',#2750,#1245);
#1044=LINE('',#2752,#1246);
#1045=LINE('',#2754,#1247);
#1046=LINE('',#2756,#1248);
#1047=LINE('',#2758,#1249);
#1048=LINE('',#2760,#1250);
#1049=LINE('',#2762,#1251);
#1050=LINE('',#2764,#1252);
#1051=LINE('',#2766,#1253);
#1052=LINE('',#2768,#1254);
#1053=LINE('',#2770,#1255);
#1054=LINE('',#2772,#1256);
#1055=LINE('',#2774,#1257);
#1056=LINE('',#2778,#1258);
#1057=LINE('',#2780,#1259);
#1058=LINE('',#2782,#1260);
#1059=LINE('',#2786,#1261);
#1060=LINE('',#2788,#1262);
#1061=LINE('',#2790,#1263);
#1062=LINE('',#2792,#1264);
#1063=LINE('',#2797,#1265);
#1064=LINE('',#2807,#1266);
#1065=LINE('',#2817,#1267);
#1066=LINE('',#2822,#1268);
#1067=LINE('',#2826,#1269);
#1068=LINE('',#2829,#1270);
#1069=LINE('',#2830,#1271);
#1070=LINE('',#2834,#1272);
#1071=LINE('',#2839,#1273);
#1072=LINE('',#2900,#1274);
#1073=LINE('',#2903,#1275);
#1074=LINE('',#2904,#1276);
#1075=LINE('',#2906,#1277);
#1076=LINE('',#2907,#1278);
#1077=LINE('',#2911,#1279);
#1078=LINE('',#2912,#1280);
#1079=LINE('',#2914,#1281);
#1080=LINE('',#2916,#1282);
#1081=LINE('',#2918,#1283);
#1082=LINE('',#2920,#1284);
#1083=LINE('',#2922,#1285);
#1084=LINE('',#2924,#1286);
#1085=LINE('',#2925,#1287);
#1086=LINE('',#2932,#1288);
#1087=LINE('',#2934,#1289);
#1088=LINE('',#2936,#1290);
#1089=LINE('',#2938,#1291);
#1090=LINE('',#2941,#1292);
#1091=LINE('',#2942,#1293);
#1092=LINE('',#2944,#1294);
#1093=LINE('',#2946,#1295);
#1094=LINE('',#2948,#1296);
#1095=LINE('',#2950,#1297);
#1096=LINE('',#2952,#1298);
#1097=LINE('',#2954,#1299);
#1098=LINE('',#2956,#1300);
#1099=LINE('',#2958,#1301);
#1100=LINE('',#2963,#1302);
#1101=LINE('',#2964,#1303);
#1102=LINE('',#2966,#1304);
#1103=LINE('',#2968,#1305);
#1104=LINE('',#2970,#1306);
#1105=LINE('',#2972,#1307);
#1106=LINE('',#2974,#1308);
#1107=LINE('',#2976,#1309);
#1108=LINE('',#2978,#1310);
#1109=LINE('',#2980,#1311);
#1110=LINE('',#2983,#1312);
#1111=LINE('',#2985,#1313);
#1112=LINE('',#2987,#1314);
#1113=LINE('',#2989,#1315);
#1114=LINE('',#2991,#1316);
#1115=LINE('',#2993,#1317);
#1116=LINE('',#2995,#1318);
#1117=LINE('',#2997,#1319);
#1118=LINE('',#2999,#1320);
#1119=LINE('',#3001,#1321);
#1120=LINE('',#3002,#1322);
#1121=LINE('',#3012,#1323);
#1122=LINE('',#3014,#1324);
#1123=LINE('',#3016,#1325);
#1124=LINE('',#3018,#1326);
#1125=LINE('',#3019,#1327);
#1126=LINE('',#3023,#1328);
#1127=LINE('',#3025,#1329);
#1128=LINE('',#3027,#1330);
#1129=LINE('',#3029,#1331);
#1130=LINE('',#3036,#1332);
#1131=LINE('',#3038,#1333);
#1132=LINE('',#3039,#1334);
#1133=LINE('',#3041,#1335);
#1134=LINE('',#3042,#1336);
#1135=LINE('',#3044,#1337);
#1136=LINE('',#3046,#1338);
#1137=LINE('',#3048,#1339);
#1138=LINE('',#3055,#1340);
#1139=LINE('',#3059,#1341);
#1140=LINE('',#3065,#1342);
#1141=LINE('',#3067,#1343);
#1142=LINE('',#3069,#1344);
#1143=LINE('',#3071,#1345);
#1144=LINE('',#3073,#1346);
#1145=LINE('',#3075,#1347);
#1146=LINE('',#3077,#1348);
#1147=LINE('',#3079,#1349);
#1148=LINE('',#3081,#1350);
#1149=LINE('',#3083,#1351);
#1150=LINE('',#3085,#1352);
#1151=LINE('',#3087,#1353);
#1152=LINE('',#3090,#1354);
#1153=LINE('',#3095,#1355);
#1154=LINE('',#3098,#1356);
#1155=LINE('',#3099,#1357);
#1156=LINE('',#3107,#1358);
#1157=LINE('',#3109,#1359);
#1158=LINE('',#3113,#1360);
#1159=LINE('',#3115,#1361);
#1160=LINE('',#3117,#1362);
#1161=LINE('',#3120,#1363);
#1162=LINE('',#3122,#1364);
#1163=LINE('',#3124,#1365);
#1164=LINE('',#3125,#1366);
#1165=LINE('',#3126,#1367);
#1166=LINE('',#3129,#1368);
#1167=LINE('',#3132,#1369);
#1168=LINE('',#3134,#1370);
#1169=LINE('',#3136,#1371);
#1170=LINE('',#3138,#1372);
#1171=LINE('',#3140,#1373);
#1172=LINE('',#3142,#1374);
#1173=LINE('',#3144,#1375);
#1174=LINE('',#3146,#1376);
#1175=LINE('',#3149,#1377);
#1176=LINE('',#3151,#1378);
#1177=LINE('',#3153,#1379);
#1178=LINE('',#3155,#1380);
#1179=LINE('',#3156,#1381);
#1180=LINE('',#3158,#1382);
#1181=LINE('',#3162,#1383);
#1182=LINE('',#3163,#1384);
#1183=LINE('',#3167,#1385);
#1184=LINE('',#3169,#1386);
#1185=LINE('',#3171,#1387);
#1186=LINE('',#3173,#1388);
#1187=LINE('',#3175,#1389);
#1188=LINE('',#3177,#1390);
#1189=LINE('',#3178,#1391);
#1190=LINE('',#3181,#1392);
#1191=LINE('',#3183,#1393);
#1192=LINE('',#3186,#1394);
#1193=LINE('',#3188,#1395);
#1194=LINE('',#3190,#1396);
#1195=LINE('',#3195,#1397);
#1196=LINE('',#3197,#1398);
#1197=VECTOR('',#2213,1.);
#1198=VECTOR('',#2214,1.);
#1199=VECTOR('',#2215,1.);
#1200=VECTOR('',#2216,1.);
#1201=VECTOR('',#2221,1.);
#1202=VECTOR('',#2222,1.);
#1203=VECTOR('',#2223,1.);
#1204=VECTOR('',#2224,1.);
#1205=VECTOR('',#2225,1.);
#1206=VECTOR('',#2226,1.);
#1207=VECTOR('',#2227,1.);
#1208=VECTOR('',#2228,1.);
#1209=VECTOR('',#2229,1.);
#1210=VECTOR('',#2230,1.);
#1211=VECTOR('',#2231,1.);
#1212=VECTOR('',#2232,1.);
#1213=VECTOR('',#2233,1.);
#1214=VECTOR('',#2234,1.);
#1215=VECTOR('',#2235,1.);
#1216=VECTOR('',#2236,1.);
#1217=VECTOR('',#2237,1.);
#1218=VECTOR('',#2238,1.);
#1219=VECTOR('',#2239,1.);
#1220=VECTOR('',#2240,1.);
#1221=VECTOR('',#2241,1.);
#1222=VECTOR('',#2244,1.);
#1223=VECTOR('',#2245,1.);
#1224=VECTOR('',#2246,1.);
#1225=VECTOR('',#2247,1.);
#1226=VECTOR('',#2248,1.);
#1227=VECTOR('',#2251,1.);
#1228=VECTOR('',#2254,1.);
#1229=VECTOR('',#2255,1.);
#1230=VECTOR('',#2256,1.);
#1231=VECTOR('',#2257,1.);
#1232=VECTOR('',#2258,1.);
#1233=VECTOR('',#2259,1.);
#1234=VECTOR('',#2260,1.);
#1235=VECTOR('',#2261,1.);
#1236=VECTOR('',#2262,1.);
#1237=VECTOR('',#2263,1.);
#1238=VECTOR('',#2264,1.);
#1239=VECTOR('',#2265,1.);
#1240=VECTOR('',#2266,1.);
#1241=VECTOR('',#2267,1.);
#1242=VECTOR('',#2268,1.);
#1243=VECTOR('',#2269,1.);
#1244=VECTOR('',#2270,1.);
#1245=VECTOR('',#2271,1.);
#1246=VECTOR('',#2272,1.);
#1247=VECTOR('',#2273,1.);
#1248=VECTOR('',#2274,1.);
#1249=VECTOR('',#2275,1.);
#1250=VECTOR('',#2276,1.);
#1251=VECTOR('',#2277,1.);
#1252=VECTOR('',#2278,1.);
#1253=VECTOR('',#2279,1.);
#1254=VECTOR('',#2280,1.);
#1255=VECTOR('',#2281,1.);
#1256=VECTOR('',#2282,1.);
#1257=VECTOR('',#2283,1.);
#1258=VECTOR('',#2286,1.);
#1259=VECTOR('',#2287,1.);
#1260=VECTOR('',#2288,1.);
#1261=VECTOR('',#2291,1.);
#1262=VECTOR('',#2292,1.);
#1263=VECTOR('',#2293,1.);
#1264=VECTOR('',#2296,1.);
#1265=VECTOR('',#2297,1.);
#1266=VECTOR('',#2298,1.);
#1267=VECTOR('',#2299,1.);
#1268=VECTOR('',#2300,1.);
#1269=VECTOR('',#2305,1.);
#1270=VECTOR('',#2306,1.);
#1271=VECTOR('',#2307,1.);
#1272=VECTOR('',#2312,1.);
#1273=VECTOR('',#2315,1.);
#1274=VECTOR('',#2320,1.);
#1275=VECTOR('',#2321,1.);
#1276=VECTOR('',#2322,1.);
#1277=VECTOR('',#2323,1.);
#1278=VECTOR('',#2324,1.);
#1279=VECTOR('',#2331,1.);
#1280=VECTOR('',#2332,1.);
#1281=VECTOR('',#2333,1.);
#1282=VECTOR('',#2334,1.);
#1283=VECTOR('',#2335,1.);
#1284=VECTOR('',#2338,1.);
#1285=VECTOR('',#2339,1.);
#1286=VECTOR('',#2340,1.);
#1287=VECTOR('',#2341,1.);
#1288=VECTOR('',#2348,1.);
#1289=VECTOR('',#2349,1.);
#1290=VECTOR('',#2350,1.);
#1291=VECTOR('',#2353,1.);
#1292=VECTOR('',#2354,1.);
#1293=VECTOR('',#2355,1.);
#1294=VECTOR('',#2358,1.);
#1295=VECTOR('',#2359,1.);
#1296=VECTOR('',#2360,1.);
#1297=VECTOR('',#2361,1.);
#1298=VECTOR('',#2362,1.);
#1299=VECTOR('',#2365,1.);
#1300=VECTOR('',#2366,1.);
#1301=VECTOR('',#2369,1.);
#1302=VECTOR('',#2372,1.);
#1303=VECTOR('',#2373,1.);
#1304=VECTOR('',#2374,1.);
#1305=VECTOR('',#2375,1.);
#1306=VECTOR('',#2376,1.);
#1307=VECTOR('',#2379,1.);
#1308=VECTOR('',#2382,1.);
#1309=VECTOR('',#2383,1.);
#1310=VECTOR('',#2384,1.);
#1311=VECTOR('',#2387,1.);
#1312=VECTOR('',#2392,1.);
#1313=VECTOR('',#2393,1.);
#1314=VECTOR('',#2394,1.);
#1315=VECTOR('',#2395,1.);
#1316=VECTOR('',#2396,1.);
#1317=VECTOR('',#2397,1.);
#1318=VECTOR('',#2398,1.);
#1319=VECTOR('',#2399,1.);
#1320=VECTOR('',#2400,1.);
#1321=VECTOR('',#2401,1.);
#1322=VECTOR('',#2402,1.);
#1323=VECTOR('',#2415,1.);
#1324=VECTOR('',#2416,1.);
#1325=VECTOR('',#2417,1.);
#1326=VECTOR('',#2420,1.);
#1327=VECTOR('',#2421,1.);
#1328=VECTOR('',#2428,1.);
#1329=VECTOR('',#2429,1.);
#1330=VECTOR('',#2430,1.);
#1331=VECTOR('',#2433,1.);
#1332=VECTOR('',#2442,1.);
#1333=VECTOR('',#2445,1.);
#1334=VECTOR('',#2446,1.);
#1335=VECTOR('',#2449,1.);
#1336=VECTOR('',#2450,1.);
#1337=VECTOR('',#2451,1.);
#1338=VECTOR('',#2452,1.);
#1339=VECTOR('',#2455,1.);
#1340=VECTOR('',#2466,1.);
#1341=VECTOR('',#2471,1.);
#1342=VECTOR('',#2478,1.);
#1343=VECTOR('',#2481,1.);
#1344=VECTOR('',#2484,1.);
#1345=VECTOR('',#2485,1.);
#1346=VECTOR('',#2488,1.);
#1347=VECTOR('',#2489,1.);
#1348=VECTOR('',#2492,1.);
#1349=VECTOR('',#2493,1.);
#1350=VECTOR('',#2496,1.);
#1351=VECTOR('',#2497,1.);
#1352=VECTOR('',#2500,1.);
#1353=VECTOR('',#2503,1.);
#1354=VECTOR('',#2504,1.);
#1355=VECTOR('',#2509,1.);
#1356=VECTOR('',#2514,1.);
#1357=VECTOR('',#2515,1.);
#1358=VECTOR('',#2526,1.);
#1359=VECTOR('',#2527,1.);
#1360=VECTOR('',#2534,1.);
#1361=VECTOR('',#2537,1.);
#1362=VECTOR('',#2540,1.);
#1363=VECTOR('',#2545,1.);
#1364=VECTOR('',#2548,1.);
#1365=VECTOR('',#2551,1.);
#1366=VECTOR('',#2552,1.);
#1367=VECTOR('',#2553,1.);
#1368=VECTOR('',#2558,1.);
#1369=VECTOR('',#2563,1.);
#1370=VECTOR('',#2566,1.);
#1371=VECTOR('',#2567,1.);
#1372=VECTOR('',#2568,1.);
#1373=VECTOR('',#2571,1.);
#1374=VECTOR('',#2572,1.);
#1375=VECTOR('',#2573,1.);
#1376=VECTOR('',#2576,1.);
#1377=VECTOR('',#2577,1.);
#1378=VECTOR('',#2578,1.);
#1379=VECTOR('',#2579,1.);
#1380=VECTOR('',#2582,1.);
#1381=VECTOR('',#2583,1.);
#1382=VECTOR('',#2586,1.);
#1383=VECTOR('',#2591,1.);
#1384=VECTOR('',#2592,1.);
#1385=VECTOR('',#2597,1.);
#1386=VECTOR('',#2598,1.);
#1387=VECTOR('',#2601,1.);
#1388=VECTOR('',#2602,1.);
#1389=VECTOR('',#2605,1.);
#1390=VECTOR('',#2608,1.);
#1391=VECTOR('',#2609,1.);
#1392=VECTOR('',#2614,1.);
#1393=VECTOR('',#2617,1.);
#1394=VECTOR('',#2622,1.);
#1395=VECTOR('',#2625,1.);
#1396=VECTOR('',#2628,1.);
#1397=VECTOR('',#2637,1.);
#1398=VECTOR('',#2640,1.);
#1399=EDGE_LOOP('',(#122,#123,#124,#125));
#1400=EDGE_LOOP('',(#126));
#1401=EDGE_LOOP('',(#127,#128,#129,#130,#131,#132,#133,#134,#135,#136,#137,
#138,#139,#140,#141,#142,#143,#144,#145,#146,#147,#148));
#1402=EDGE_LOOP('',(#149,#150,#151,#152,#153,#154,#155,#156,#157,#158,#159,
#160,#161,#162,#163,#164,#165,#166,#167,#168,#169,#170,#171,#172,#173,#174,
#175,#176,#177,#178,#179,#180,#181,#182,#183,#184,#185,#186,#187,#188,#189,
#190,#191,#192,#193,#194,#195));
#1403=EDGE_LOOP('',(#196,#197,#198,#199,#200,#201,#202,#203,#204,#205,#206,
#207,#208));
#1404=EDGE_LOOP('',(#209,#210,#211,#212,#213));
#1405=EDGE_LOOP('',(#214,#215,#216,#217));
#1406=EDGE_LOOP('',(#218,#219,#220,#221));
#1407=EDGE_LOOP('',(#222,#223,#224,#225,#226,#227));
#1408=EDGE_LOOP('',(#228,#229,#230,#231));
#1409=EDGE_LOOP('',(#232,#233,#234,#235,#236,#237,#238,#239,#240,#241));
#1410=EDGE_LOOP('',(#242,#243,#244,#245,#246,#247,#248));
#1411=EDGE_LOOP('',(#249));
#1412=EDGE_LOOP('',(#250,#251,#252,#253));
#1413=EDGE_LOOP('',(#254,#255,#256,#257));
#1414=EDGE_LOOP('',(#258,#259,#260,#261,#262,#263,#264));
#1415=EDGE_LOOP('',(#265,#266,#267,#268));
#1416=EDGE_LOOP('',(#269,#270,#271,#272,#273,#274,#275,#276,#277));
#1417=EDGE_LOOP('',(#278,#279,#280,#281));
#1418=EDGE_LOOP('',(#282,#283,#284,#285));
#1419=EDGE_LOOP('',(#286,#287,#288,#289,#290));
#1420=EDGE_LOOP('',(#291,#292,#293,#294,#295,#296,#297,#298,#299,#300,#301,
#302,#303,#304));
#1421=EDGE_LOOP('',(#305));
#1422=EDGE_LOOP('',(#306));
#1423=EDGE_LOOP('',(#307));
#1424=EDGE_LOOP('',(#308));
#1425=EDGE_LOOP('',(#309,#310,#311,#312,#313,#314));
#1426=EDGE_LOOP('',(#315,#316,#317,#318));
#1427=EDGE_LOOP('',(#319,#320,#321,#322));
#1428=EDGE_LOOP('',(#323,#324,#325,#326));
#1429=EDGE_LOOP('',(#327,#328,#329,#330));
#1430=EDGE_LOOP('',(#331,#332,#333,#334,#335));
#1431=EDGE_LOOP('',(#336,#337,#338,#339));
#1432=EDGE_LOOP('',(#340,#341,#342,#343,#344,#345));
#1433=EDGE_LOOP('',(#346,#347,#348,#349));
#1434=EDGE_LOOP('',(#350,#351,#352,#353));
#1435=EDGE_LOOP('',(#354,#355,#356));
#1436=EDGE_LOOP('',(#357,#358,#359,#360,#361));
#1437=EDGE_LOOP('',(#362));
#1438=EDGE_LOOP('',(#363,#364,#365,#366,#367,#368));
#1439=EDGE_LOOP('',(#369,#370,#371,#372));
#1440=EDGE_LOOP('',(#373,#374,#375,#376,#377));
#1441=EDGE_LOOP('',(#378,#379,#380,#381));
#1442=EDGE_LOOP('',(#382,#383,#384,#385));
#1443=EDGE_LOOP('',(#386,#387,#388,#389));
#1444=EDGE_LOOP('',(#390,#391,#392,#393));
#1445=EDGE_LOOP('',(#394,#395,#396,#397));
#1446=EDGE_LOOP('',(#398));
#1447=EDGE_LOOP('',(#399,#400,#401,#402,#403,#404));
#1448=EDGE_LOOP('',(#405,#406,#407,#408,#409,#410,#411,#412));
#1449=EDGE_LOOP('',(#413,#414,#415,#416));
#1450=EDGE_LOOP('',(#417,#418,#419,#420));
#1451=EDGE_LOOP('',(#421));
#1452=EDGE_LOOP('',(#422,#423,#424,#425));
#1453=EDGE_LOOP('',(#426,#427,#428,#429,#430));
#1454=EDGE_LOOP('',(#431));
#1455=EDGE_LOOP('',(#432));
#1456=EDGE_LOOP('',(#433,#434,#435,#436));
#1457=EDGE_LOOP('',(#437,#438,#439,#440,#441,#442,#443,#444,#445,#446,#447));
#1458=EDGE_LOOP('',(#448));
#1459=EDGE_LOOP('',(#449,#450,#451,#452));
#1460=EDGE_LOOP('',(#453,#454,#455,#456));
#1461=EDGE_LOOP('',(#457,#458,#459,#460));
#1462=EDGE_LOOP('',(#461,#462,#463,#464,#465));
#1463=EDGE_LOOP('',(#466,#467,#468,#469));
#1464=EDGE_LOOP('',(#470,#471,#472,#473,#474,#475,#476,#477));
#1465=EDGE_LOOP('',(#478,#479,#480,#481));
#1466=EDGE_LOOP('',(#482,#483,#484,#485));
#1467=EDGE_LOOP('',(#486,#487,#488,#489));
#1468=EDGE_LOOP('',(#490,#491,#492,#493));
#1469=EDGE_LOOP('',(#494,#495,#496,#497));
#1470=EDGE_LOOP('',(#498,#499,#500,#501));
#1471=EDGE_LOOP('',(#502,#503,#504,#505));
#1472=EDGE_LOOP('',(#506,#507,#508,#509));
#1473=EDGE_LOOP('',(#510,#511,#512,#513,#514));
#1474=EDGE_LOOP('',(#515,#516,#517,#518,#519,#520,#521,#522));
#1475=EDGE_LOOP('',(#523,#524,#525,#526));
#1476=EDGE_LOOP('',(#527,#528,#529,#530));
#1477=EDGE_LOOP('',(#531,#532,#533,#534));
#1478=EDGE_LOOP('',(#535,#536,#537,#538));
#1479=EDGE_LOOP('',(#539,#540,#541,#542));
#1480=EDGE_LOOP('',(#543,#544,#545,#546));
#1481=EDGE_LOOP('',(#547,#548,#549,#550));
#1482=EDGE_LOOP('',(#551,#552,#553,#554));
#1483=EDGE_LOOP('',(#555,#556,#557,#558,#559));
#1484=EDGE_LOOP('',(#560,#561,#562,#563));
#1485=EDGE_LOOP('',(#564,#565,#566,#567,#568));
#1486=EDGE_LOOP('',(#569,#570,#571,#572));
#1487=EDGE_LOOP('',(#573,#574,#575,#576));
#1488=EDGE_LOOP('',(#577,#578,#579,#580));
#1489=EDGE_LOOP('',(#581,#582,#583,#584));
#1490=EDGE_LOOP('',(#585,#586,#587,#588));
#1491=EDGE_LOOP('',(#589,#590,#591,#592));
#1492=EDGE_LOOP('',(#593,#594,#595,#596,#597));
#1493=FACE_BOUND('',#1399,.T.);
#1494=FACE_BOUND('',#1400,.T.);
#1495=FACE_BOUND('',#1401,.T.);
#1496=FACE_BOUND('',#1402,.T.);
#1497=FACE_BOUND('',#1403,.T.);
#1498=FACE_BOUND('',#1404,.T.);
#1499=FACE_BOUND('',#1405,.T.);
#1500=FACE_BOUND('',#1406,.T.);
#1501=FACE_BOUND('',#1407,.T.);
#1502=FACE_BOUND('',#1408,.T.);
#1503=FACE_BOUND('',#1409,.T.);
#1504=FACE_BOUND('',#1410,.T.);
#1505=FACE_BOUND('',#1411,.T.);
#1506=FACE_BOUND('',#1412,.T.);
#1507=FACE_BOUND('',#1413,.T.);
#1508=FACE_BOUND('',#1414,.T.);
#1509=FACE_BOUND('',#1415,.T.);
#1510=FACE_BOUND('',#1416,.T.);
#1511=FACE_BOUND('',#1417,.T.);
#1512=FACE_BOUND('',#1418,.T.);
#1513=FACE_BOUND('',#1419,.T.);
#1514=FACE_BOUND('',#1420,.T.);
#1515=FACE_BOUND('',#1421,.T.);
#1516=FACE_BOUND('',#1422,.T.);
#1517=FACE_BOUND('',#1423,.T.);
#1518=FACE_BOUND('',#1424,.T.);
#1519=FACE_BOUND('',#1425,.T.);
#1520=FACE_BOUND('',#1426,.T.);
#1521=FACE_BOUND('',#1427,.T.);
#1522=FACE_BOUND('',#1428,.T.);
#1523=FACE_BOUND('',#1429,.T.);
#1524=FACE_BOUND('',#1430,.T.);
#1525=FACE_BOUND('',#1431,.T.);
#1526=FACE_BOUND('',#1432,.T.);
#1527=FACE_BOUND('',#1433,.T.);
#1528=FACE_BOUND('',#1434,.T.);
#1529=FACE_BOUND('',#1435,.T.);
#1530=FACE_BOUND('',#1436,.T.);
#1531=FACE_BOUND('',#1437,.T.);
#1532=FACE_BOUND('',#1438,.T.);
#1533=FACE_BOUND('',#1439,.T.);
#1534=FACE_BOUND('',#1440,.T.);
#1535=FACE_BOUND('',#1441,.T.);
#1536=FACE_BOUND('',#1442,.T.);
#1537=FACE_BOUND('',#1443,.T.);
#1538=FACE_BOUND('',#1444,.T.);
#1539=FACE_BOUND('',#1445,.T.);
#1540=FACE_BOUND('',#1446,.T.);
#1541=FACE_BOUND('',#1447,.T.);
#1542=FACE_BOUND('',#1448,.T.);
#1543=FACE_BOUND('',#1449,.T.);
#1544=FACE_BOUND('',#1450,.T.);
#1545=FACE_BOUND('',#12,.T.);
#1546=FACE_BOUND('',#1451,.T.);
#1547=FACE_BOUND('',#1452,.T.);
#1548=FACE_BOUND('',#1453,.T.);
#1549=FACE_BOUND('',#1454,.T.);
#1550=FACE_BOUND('',#1455,.T.);
#1551=FACE_BOUND('',#1456,.T.);
#1552=FACE_BOUND('',#1457,.T.);
#1553=FACE_BOUND('',#1458,.T.);
#1554=FACE_BOUND('',#1459,.T.);
#1555=FACE_BOUND('',#1460,.T.);
#1556=FACE_BOUND('',#1461,.T.);
#1557=FACE_BOUND('',#1462,.T.);
#1558=FACE_BOUND('',#1463,.T.);
#1559=FACE_BOUND('',#1464,.T.);
#1560=FACE_BOUND('',#1465,.T.);
#1561=FACE_BOUND('',#1466,.T.);
#1562=FACE_BOUND('',#1467,.T.);
#1563=FACE_BOUND('',#1468,.T.);
#1564=FACE_BOUND('',#1469,.T.);
#1565=FACE_BOUND('',#1470,.T.);
#1566=FACE_BOUND('',#1471,.T.);
#1567=FACE_BOUND('',#1472,.T.);
#1568=FACE_BOUND('',#1473,.T.);
#1569=FACE_BOUND('',#1474,.T.);
#1570=FACE_BOUND('',#1475,.T.);
#1571=FACE_BOUND('',#1476,.T.);
#1572=FACE_BOUND('',#1477,.T.);
#1573=FACE_BOUND('',#1478,.T.);
#1574=FACE_BOUND('',#1479,.T.);
#1575=FACE_BOUND('',#1480,.T.);
#1576=FACE_BOUND('',#1481,.T.);
#1577=FACE_BOUND('',#1482,.T.);
#1578=FACE_BOUND('',#1483,.T.);
#1579=FACE_BOUND('',#1484,.T.);
#1580=FACE_BOUND('',#1485,.T.);
#1581=FACE_BOUND('',#1486,.T.);
#1582=FACE_BOUND('',#1487,.T.);
#1583=FACE_BOUND('',#1488,.T.);
#1584=FACE_BOUND('',#1489,.T.);
#1585=FACE_BOUND('',#1490,.T.);
#1586=FACE_BOUND('',#1491,.T.);
#1587=FACE_BOUND('',#1492,.T.);
#1588=PLANE('',#2093);
#1589=PLANE('',#2094);
#1590=PLANE('',#2096);
#1591=PLANE('',#2101);
#1592=PLANE('',#2103);
#1593=PLANE('',#2108);
#1594=PLANE('',#2111);
#1595=PLANE('',#2112);
#1596=PLANE('',#2113);
#1597=PLANE('',#2116);
#1598=PLANE('',#2117);
#1599=PLANE('',#2118);
#1600=PLANE('',#2119);
#1601=PLANE('',#2121);
#1602=PLANE('',#2122);
#1603=PLANE('',#2123);
#1604=PLANE('',#2125);
#1605=PLANE('',#2131);
#1606=PLANE('',#2132);
#1607=PLANE('',#2135);
#1608=PLANE('',#2141);
#1609=PLANE('',#2142);
#1610=PLANE('',#2143);
#1611=PLANE('',#2144);
#1612=PLANE('',#2145);
#1613=PLANE('',#2150);
#1614=PLANE('',#2154);
#1615=PLANE('',#2155);
#1616=PLANE('',#2156);
#1617=PLANE('',#2157);
#1618=PLANE('',#2158);
#1619=PLANE('',#2159);
#1620=PLANE('',#2160);
#1621=PLANE('',#2163);
#1622=PLANE('',#2164);
#1623=PLANE('',#2168);
#1624=PLANE('',#2169);
#1625=PLANE('',#2171);
#1626=PLANE('',#2172);
#1627=PLANE('',#2173);
#1628=PLANE('',#2174);
#1629=PLANE('',#2175);
#1630=PLANE('',#2176);
#1631=PLANE('',#2177);
#1632=PLANE('',#2178);
#1633=PLANE('',#2180);
#1634=PLANE('',#2181);
#1635=PLANE('',#2182);
#1636=PLANE('',#2183);
#1637=PLANE('',#2184);
#1638=PLANE('',#2185);
#1639=PLANE('',#2186);
#1640=PLANE('',#2187);
#1641=PLANE('',#2191);
#1642=PLANE('',#2192);
#1643=PLANE('',#2193);
#1644=PLANE('',#2194);
#1645=PLANE('',#2196);
#1646=PLANE('',#2198);
#1647=PLANE('',#2199);
#1648=PLANE('',#2200);
#1649=PLANE('',#2201);
#1650=PLANE('',#2202);
#1651=PLANE('',#2203);
#1652=PLANE('',#2204);
#1653=PLANE('',#2205);
#1654=PLANE('',#2206);
#1655=PLANE('',#2207);
#1656=PLANE('',#2208);
#1657=ADVANCED_FACE('',(#1493),#1588,.T.);
#1658=ADVANCED_FACE('',(#1494,#1495),#1589,.T.);
#1659=ADVANCED_FACE('',(#1496),#1590,.F.);
#1660=ADVANCED_FACE('',(#1497),#1591,.T.);
#1661=ADVANCED_FACE('',(#1498),#1592,.T.);
#1662=ADVANCED_FACE('',(#1499),#17,.F.);
#1663=ADVANCED_FACE('',(#1500),#16,.F.);
#1664=ADVANCED_FACE('',(#1501),#1593,.T.);
#1665=ADVANCED_FACE('',(#1502),#18,.F.);
#1666=ADVANCED_FACE('',(#1503),#1594,.F.);
#1667=ADVANCED_FACE('',(#1504),#1595,.F.);
#1668=ADVANCED_FACE('',(#1505,#1506),#1596,.T.);
#1669=ADVANCED_FACE('',(#1507),#1597,.F.);
#1670=ADVANCED_FACE('',(#1508),#1598,.T.);
#1671=ADVANCED_FACE('',(#1509),#1599,.T.);
#1672=ADVANCED_FACE('',(#1510),#1600,.T.);
#1673=ADVANCED_FACE('',(#1511),#1601,.F.);
#1674=ADVANCED_FACE('',(#1512),#1602,.T.);
#1675=ADVANCED_FACE('',(#1513),#1603,.T.);
#1676=ADVANCED_FACE('',(#1514),#1604,.F.);
#1677=ADVANCED_FACE('',(#1515,#1516),#19,.F.);
#1678=ADVANCED_FACE('',(#1517,#1518),#20,.F.);
#1679=ADVANCED_FACE('',(#1519),#1605,.F.);
#1680=ADVANCED_FACE('',(#1520),#1606,.F.);
#1681=ADVANCED_FACE('',(#1521),#21,.T.);
#1682=ADVANCED_FACE('',(#1522),#1607,.T.);
#1683=ADVANCED_FACE('',(#1523),#22,.T.);
#1684=ADVANCED_FACE('',(#1524),#23,.T.);
#1685=ADVANCED_FACE('',(#1525),#1608,.T.);
#1686=ADVANCED_FACE('',(#1526),#1609,.F.);
#1687=ADVANCED_FACE('',(#1527),#1610,.F.);
#1688=ADVANCED_FACE('',(#1528),#1611,.F.);
#1689=ADVANCED_FACE('',(#1529),#1612,.F.);
#1690=ADVANCED_FACE('',(#1530),#24,.T.);
#1691=ADVANCED_FACE('',(#1531,#1532),#1613,.T.);
#1692=ADVANCED_FACE('',(#1533),#25,.T.);
#1693=ADVANCED_FACE('',(#1534),#1614,.F.);
#1694=ADVANCED_FACE('',(#1535),#1615,.F.);
#1695=ADVANCED_FACE('',(#1536),#1616,.F.);
#1696=ADVANCED_FACE('',(#1537),#1617,.F.);
#1697=ADVANCED_FACE('',(#1538),#1618,.F.);
#1698=ADVANCED_FACE('',(#1539),#1619,.F.);
#1699=ADVANCED_FACE('',(#1540,#1541),#1620,.T.);
#1700=ADVANCED_FACE('',(#1542),#1621,.F.);
#1701=ADVANCED_FACE('',(#1543),#1622,.T.);
#1702=ADVANCED_FACE('',(#1544),#26,.T.);
#1703=ADVANCED_FACE('',(#1545,#1546),#13,.F.);
#1704=ADVANCED_FACE('',(#1547),#1623,.T.);
#1705=ADVANCED_FACE('',(#1548),#1624,.T.);
#1706=ADVANCED_FACE('',(#1549,#1550),#27,.F.);
#1707=ADVANCED_FACE('',(#1551),#1625,.T.);
#1708=ADVANCED_FACE('',(#1552,#1553),#1626,.T.);
#1709=ADVANCED_FACE('',(#1554),#1627,.T.);
#1710=ADVANCED_FACE('',(#1555),#1628,.T.);
#1711=ADVANCED_FACE('',(#1556),#1629,.T.);
#1712=ADVANCED_FACE('',(#1557),#1630,.T.);
#1713=ADVANCED_FACE('',(#1558),#1631,.F.);
#1714=ADVANCED_FACE('',(#1559),#1632,.T.);
#1715=ADVANCED_FACE('',(#1560),#28,.T.);
#1716=ADVANCED_FACE('',(#1561),#1633,.T.);
#1717=ADVANCED_FACE('',(#1562),#1634,.T.);
#1718=ADVANCED_FACE('',(#1563),#1635,.T.);
#1719=ADVANCED_FACE('',(#1564),#1636,.T.);
#1720=ADVANCED_FACE('',(#1565),#1637,.T.);
#1721=ADVANCED_FACE('',(#1566),#1638,.T.);
#1722=ADVANCED_FACE('',(#1567),#1639,.T.);
#1723=ADVANCED_FACE('',(#1568),#1640,.T.);
#1724=ADVANCED_FACE('',(#1569),#29,.T.);
#1725=ADVANCED_FACE('',(#1570),#1641,.T.);
#1726=ADVANCED_FACE('',(#1571),#1642,.T.);
#1727=ADVANCED_FACE('',(#1572),#1643,.T.);
#1728=ADVANCED_FACE('',(#1573),#1644,.T.);
#1729=ADVANCED_FACE('',(#1574),#14,.T.);
#1730=ADVANCED_FACE('',(#1575),#1645,.T.);
#1731=ADVANCED_FACE('',(#1576),#15,.T.);
#1732=ADVANCED_FACE('',(#1577),#1646,.T.);
#1733=ADVANCED_FACE('',(#1578),#1647,.F.);
#1734=ADVANCED_FACE('',(#1579),#1648,.T.);
#1735=ADVANCED_FACE('',(#1580),#1649,.F.);
#1736=ADVANCED_FACE('',(#1581),#1650,.T.);
#1737=ADVANCED_FACE('',(#1582),#1651,.T.);
#1738=ADVANCED_FACE('',(#1583),#1652,.F.);
#1739=ADVANCED_FACE('',(#1584),#1653,.T.);
#1740=ADVANCED_FACE('',(#1585),#1654,.F.);
#1741=ADVANCED_FACE('',(#1586),#1655,.T.);
#1742=ADVANCED_FACE('',(#1587),#1656,.F.);
#1743=CLOSED_SHELL('',(#1657,#1658,#1659,#1660,#1661,#1662,#1663,#1664,
#1665,#1666,#1667,#1668,#1669,#1670,#1671,#1672,#1673,#1674,#1675,#1676,
#1677,#1678,#1679,#1680,#1681,#1682,#1683,#1684,#1685,#1686,#1687,#1688,
#1689,#1690,#1691,#1692,#1693,#1694,#1695,#1696,#1697,#1698,#1699,#1700,
#1701,#1702,#1703,#1704,#1705,#1706,#1707,#1708,#1709,#1710,#1711,#1712,
#1713,#1714,#1715,#1716,#1717,#1718,#1719,#1720,#1721,#1722,#1723,#1724,
#1725,#1726,#1727,#1728,#1729,#1730,#1731,#1732,#1733,#1734,#1735,#1736,
#1737,#1738,#1739,#1740,#1741,#1742));
#1744=STYLED_ITEM('',(#1745),#2089);
#1745=PRESENTATION_STYLE_ASSIGNMENT((#1802));
#1746=PRESENTATION_STYLE_ASSIGNMENT((#1803));
#1747=PRESENTATION_STYLE_ASSIGNMENT((#1804));
#1748=PRESENTATION_STYLE_ASSIGNMENT((#1805));
#1749=PRESENTATION_STYLE_ASSIGNMENT((#1806));
#1750=PRESENTATION_STYLE_ASSIGNMENT((#1807));
#1751=PRESENTATION_STYLE_ASSIGNMENT((#1808));
#1752=PRESENTATION_STYLE_ASSIGNMENT((#1809));
#1753=PRESENTATION_STYLE_ASSIGNMENT((#1810));
#1754=PRESENTATION_STYLE_ASSIGNMENT((#1811));
#1755=PRESENTATION_STYLE_ASSIGNMENT((#1812));
#1756=PRESENTATION_STYLE_ASSIGNMENT((#1813));
#1757=PRESENTATION_STYLE_ASSIGNMENT((#1814));
#1758=PRESENTATION_STYLE_ASSIGNMENT((#1815));
#1759=PRESENTATION_STYLE_ASSIGNMENT((#1816));
#1760=PRESENTATION_STYLE_ASSIGNMENT((#1817));
#1761=PRESENTATION_STYLE_ASSIGNMENT((#1818));
#1762=PRESENTATION_STYLE_ASSIGNMENT((#1819));
#1763=PRESENTATION_STYLE_ASSIGNMENT((#1820));
#1764=PRESENTATION_STYLE_ASSIGNMENT((#1821));
#1765=PRESENTATION_STYLE_ASSIGNMENT((#1822));
#1766=PRESENTATION_STYLE_ASSIGNMENT((#1823));
#1767=PRESENTATION_STYLE_ASSIGNMENT((#1824));
#1768=PRESENTATION_STYLE_ASSIGNMENT((#1825));
#1769=PRESENTATION_STYLE_ASSIGNMENT((#1826));
#1770=PRESENTATION_STYLE_ASSIGNMENT((#1827));
#1771=PRESENTATION_STYLE_ASSIGNMENT((#1828));
#1772=PRESENTATION_STYLE_ASSIGNMENT((#1829));
#1773=PRESENTATION_STYLE_ASSIGNMENT((#1830));
#1774=PRESENTATION_STYLE_ASSIGNMENT((#1831));
#1775=PRESENTATION_STYLE_ASSIGNMENT((#1832));
#1776=PRESENTATION_STYLE_ASSIGNMENT((#1833));
#1777=PRESENTATION_STYLE_ASSIGNMENT((#1834));
#1778=PRESENTATION_STYLE_ASSIGNMENT((#1835));
#1779=PRESENTATION_STYLE_ASSIGNMENT((#1836));
#1780=PRESENTATION_STYLE_ASSIGNMENT((#1837));
#1781=PRESENTATION_STYLE_ASSIGNMENT((#1838));
#1782=PRESENTATION_STYLE_ASSIGNMENT((#1839));
#1783=PRESENTATION_STYLE_ASSIGNMENT((#1840));
#1784=PRESENTATION_STYLE_ASSIGNMENT((#1841));
#1785=PRESENTATION_STYLE_ASSIGNMENT((#1842));
#1786=PRESENTATION_STYLE_ASSIGNMENT((#1843));
#1787=PRESENTATION_STYLE_ASSIGNMENT((#1844));
#1788=PRESENTATION_STYLE_ASSIGNMENT((#1845));
#1789=PRESENTATION_STYLE_ASSIGNMENT((#1846));
#1790=PRESENTATION_STYLE_ASSIGNMENT((#1847));
#1791=PRESENTATION_STYLE_ASSIGNMENT((#1848));
#1792=PRESENTATION_STYLE_ASSIGNMENT((#1849));
#1793=PRESENTATION_STYLE_ASSIGNMENT((#1850));
#1794=PRESENTATION_STYLE_ASSIGNMENT((#1851));
#1795=PRESENTATION_STYLE_ASSIGNMENT((#1852));
#1796=PRESENTATION_STYLE_ASSIGNMENT((#1853));
#1797=PRESENTATION_STYLE_ASSIGNMENT((#1854));
#1798=PRESENTATION_STYLE_ASSIGNMENT((#1855));
#1799=PRESENTATION_STYLE_ASSIGNMENT((#1856));
#1800=PRESENTATION_STYLE_ASSIGNMENT((#1857));
#1801=PRESENTATION_STYLE_ASSIGNMENT((#1858));
#1802=SURFACE_STYLE_USAGE(.BOTH.,#1859);
#1803=SURFACE_STYLE_USAGE(.BOTH.,#1860);
#1804=SURFACE_STYLE_USAGE(.BOTH.,#1861);
#1805=SURFACE_STYLE_USAGE(.BOTH.,#1862);
#1806=SURFACE_STYLE_USAGE(.BOTH.,#1863);
#1807=SURFACE_STYLE_USAGE(.BOTH.,#1864);
#1808=SURFACE_STYLE_USAGE(.BOTH.,#1865);
#1809=SURFACE_STYLE_USAGE(.BOTH.,#1866);
#1810=SURFACE_STYLE_USAGE(.BOTH.,#1867);
#1811=SURFACE_STYLE_USAGE(.BOTH.,#1868);
#1812=SURFACE_STYLE_USAGE(.BOTH.,#1869);
#1813=SURFACE_STYLE_USAGE(.BOTH.,#1870);
#1814=SURFACE_STYLE_USAGE(.BOTH.,#1871);
#1815=SURFACE_STYLE_USAGE(.BOTH.,#1872);
#1816=SURFACE_STYLE_USAGE(.BOTH.,#1873);
#1817=SURFACE_STYLE_USAGE(.BOTH.,#1874);
#1818=SURFACE_STYLE_USAGE(.BOTH.,#1875);
#1819=SURFACE_STYLE_USAGE(.BOTH.,#1876);
#1820=SURFACE_STYLE_USAGE(.BOTH.,#1877);
#1821=SURFACE_STYLE_USAGE(.BOTH.,#1878);
#1822=SURFACE_STYLE_USAGE(.BOTH.,#1879);
#1823=SURFACE_STYLE_USAGE(.BOTH.,#1880);
#1824=SURFACE_STYLE_USAGE(.BOTH.,#1881);
#1825=SURFACE_STYLE_USAGE(.BOTH.,#1882);
#1826=SURFACE_STYLE_USAGE(.BOTH.,#1883);
#1827=SURFACE_STYLE_USAGE(.BOTH.,#1884);
#1828=SURFACE_STYLE_USAGE(.BOTH.,#1885);
#1829=SURFACE_STYLE_USAGE(.BOTH.,#1886);
#1830=SURFACE_STYLE_USAGE(.BOTH.,#1887);
#1831=SURFACE_STYLE_USAGE(.BOTH.,#1888);
#1832=SURFACE_STYLE_USAGE(.BOTH.,#1889);
#1833=SURFACE_STYLE_USAGE(.BOTH.,#1890);
#1834=SURFACE_STYLE_USAGE(.BOTH.,#1891);
#1835=SURFACE_STYLE_USAGE(.BOTH.,#1892);
#1836=SURFACE_STYLE_USAGE(.BOTH.,#1893);
#1837=SURFACE_STYLE_USAGE(.BOTH.,#1894);
#1838=SURFACE_STYLE_USAGE(.BOTH.,#1895);
#1839=SURFACE_STYLE_USAGE(.BOTH.,#1896);
#1840=SURFACE_STYLE_USAGE(.BOTH.,#1897);
#1841=SURFACE_STYLE_USAGE(.BOTH.,#1898);
#1842=SURFACE_STYLE_USAGE(.BOTH.,#1899);
#1843=SURFACE_STYLE_USAGE(.BOTH.,#1900);
#1844=SURFACE_STYLE_USAGE(.BOTH.,#1901);
#1845=SURFACE_STYLE_USAGE(.BOTH.,#1902);
#1846=SURFACE_STYLE_USAGE(.BOTH.,#1903);
#1847=SURFACE_STYLE_USAGE(.BOTH.,#1904);
#1848=SURFACE_STYLE_USAGE(.BOTH.,#1905);
#1849=SURFACE_STYLE_USAGE(.BOTH.,#1906);
#1850=SURFACE_STYLE_USAGE(.BOTH.,#1907);
#1851=SURFACE_STYLE_USAGE(.BOTH.,#1908);
#1852=SURFACE_STYLE_USAGE(.BOTH.,#1909);
#1853=SURFACE_STYLE_USAGE(.BOTH.,#1910);
#1854=SURFACE_STYLE_USAGE(.BOTH.,#1911);
#1855=SURFACE_STYLE_USAGE(.BOTH.,#1912);
#1856=SURFACE_STYLE_USAGE(.BOTH.,#1913);
#1857=SURFACE_STYLE_USAGE(.BOTH.,#1914);
#1858=SURFACE_STYLE_USAGE(.BOTH.,#1915);
#1859=SURFACE_SIDE_STYLE('',(#1916));
#1860=SURFACE_SIDE_STYLE('',(#1917));
#1861=SURFACE_SIDE_STYLE('',(#1918));
#1862=SURFACE_SIDE_STYLE('',(#1919));
#1863=SURFACE_SIDE_STYLE('',(#1920));
#1864=SURFACE_SIDE_STYLE('',(#1921));
#1865=SURFACE_SIDE_STYLE('',(#1922));
#1866=SURFACE_SIDE_STYLE('',(#1923));
#1867=SURFACE_SIDE_STYLE('',(#1924));
#1868=SURFACE_SIDE_STYLE('',(#1925));
#1869=SURFACE_SIDE_STYLE('',(#1926));
#1870=SURFACE_SIDE_STYLE('',(#1927));
#1871=SURFACE_SIDE_STYLE('',(#1928));
#1872=SURFACE_SIDE_STYLE('',(#1929));
#1873=SURFACE_SIDE_STYLE('',(#1930));
#1874=SURFACE_SIDE_STYLE('',(#1931));
#1875=SURFACE_SIDE_STYLE('',(#1932));
#1876=SURFACE_SIDE_STYLE('',(#1933));
#1877=SURFACE_SIDE_STYLE('',(#1934));
#1878=SURFACE_SIDE_STYLE('',(#1935));
#1879=SURFACE_SIDE_STYLE('',(#1936));
#1880=SURFACE_SIDE_STYLE('',(#1937));
#1881=SURFACE_SIDE_STYLE('',(#1938));
#1882=SURFACE_SIDE_STYLE('',(#1939));
#1883=SURFACE_SIDE_STYLE('',(#1940));
#1884=SURFACE_SIDE_STYLE('',(#1941));
#1885=SURFACE_SIDE_STYLE('',(#1942));
#1886=SURFACE_SIDE_STYLE('',(#1943));
#1887=SURFACE_SIDE_STYLE('',(#1944));
#1888=SURFACE_SIDE_STYLE('',(#1945));
#1889=SURFACE_SIDE_STYLE('',(#1946));
#1890=SURFACE_SIDE_STYLE('',(#1947));
#1891=SURFACE_SIDE_STYLE('',(#1948));
#1892=SURFACE_SIDE_STYLE('',(#1949));
#1893=SURFACE_SIDE_STYLE('',(#1950));
#1894=SURFACE_SIDE_STYLE('',(#1951));
#1895=SURFACE_SIDE_STYLE('',(#1952));
#1896=SURFACE_SIDE_STYLE('',(#1953));
#1897=SURFACE_SIDE_STYLE('',(#1954));
#1898=SURFACE_SIDE_STYLE('',(#1955));
#1899=SURFACE_SIDE_STYLE('',(#1956));
#1900=SURFACE_SIDE_STYLE('',(#1957));
#1901=SURFACE_SIDE_STYLE('',(#1958));
#1902=SURFACE_SIDE_STYLE('',(#1959));
#1903=SURFACE_SIDE_STYLE('',(#1960));
#1904=SURFACE_SIDE_STYLE('',(#1961));
#1905=SURFACE_SIDE_STYLE('',(#1962));
#1906=SURFACE_SIDE_STYLE('',(#1963));
#1907=SURFACE_SIDE_STYLE('',(#1964));
#1908=SURFACE_SIDE_STYLE('',(#1965));
#1909=SURFACE_SIDE_STYLE('',(#1966));
#1910=SURFACE_SIDE_STYLE('',(#1967));
#1911=SURFACE_SIDE_STYLE('',(#1968));
#1912=SURFACE_SIDE_STYLE('',(#1969));
#1913=SURFACE_SIDE_STYLE('',(#1970));
#1914=SURFACE_SIDE_STYLE('',(#1971));
#1915=SURFACE_SIDE_STYLE('',(#1972));
#1916=SURFACE_STYLE_FILL_AREA(#1973);
#1917=SURFACE_STYLE_FILL_AREA(#1974);
#1918=SURFACE_STYLE_FILL_AREA(#1975);
#1919=SURFACE_STYLE_FILL_AREA(#1976);
#1920=SURFACE_STYLE_FILL_AREA(#1977);
#1921=SURFACE_STYLE_FILL_AREA(#1978);
#1922=SURFACE_STYLE_FILL_AREA(#1979);
#1923=SURFACE_STYLE_FILL_AREA(#1980);
#1924=SURFACE_STYLE_FILL_AREA(#1981);
#1925=SURFACE_STYLE_FILL_AREA(#1982);
#1926=SURFACE_STYLE_FILL_AREA(#1983);
#1927=SURFACE_STYLE_FILL_AREA(#1984);
#1928=SURFACE_STYLE_FILL_AREA(#1985);
#1929=SURFACE_STYLE_FILL_AREA(#1986);
#1930=SURFACE_STYLE_FILL_AREA(#1987);
#1931=SURFACE_STYLE_FILL_AREA(#1988);
#1932=SURFACE_STYLE_FILL_AREA(#1989);
#1933=SURFACE_STYLE_FILL_AREA(#1990);
#1934=SURFACE_STYLE_FILL_AREA(#1991);
#1935=SURFACE_STYLE_FILL_AREA(#1992);
#1936=SURFACE_STYLE_FILL_AREA(#1993);
#1937=SURFACE_STYLE_FILL_AREA(#1994);
#1938=SURFACE_STYLE_FILL_AREA(#1995);
#1939=SURFACE_STYLE_FILL_AREA(#1996);
#1940=SURFACE_STYLE_FILL_AREA(#1997);
#1941=SURFACE_STYLE_FILL_AREA(#1998);
#1942=SURFACE_STYLE_FILL_AREA(#1999);
#1943=SURFACE_STYLE_FILL_AREA(#2000);
#1944=SURFACE_STYLE_FILL_AREA(#2001);
#1945=SURFACE_STYLE_FILL_AREA(#2002);
#1946=SURFACE_STYLE_FILL_AREA(#2003);
#1947=SURFACE_STYLE_FILL_AREA(#2004);
#1948=SURFACE_STYLE_FILL_AREA(#2005);
#1949=SURFACE_STYLE_FILL_AREA(#2006);
#1950=SURFACE_STYLE_FILL_AREA(#2007);
#1951=SURFACE_STYLE_FILL_AREA(#2008);
#1952=SURFACE_STYLE_FILL_AREA(#2009);
#1953=SURFACE_STYLE_FILL_AREA(#2010);
#1954=SURFACE_STYLE_FILL_AREA(#2011);
#1955=SURFACE_STYLE_FILL_AREA(#2012);
#1956=SURFACE_STYLE_FILL_AREA(#2013);
#1957=SURFACE_STYLE_FILL_AREA(#2014);
#1958=SURFACE_STYLE_FILL_AREA(#2015);
#1959=SURFACE_STYLE_FILL_AREA(#2016);
#1960=SURFACE_STYLE_FILL_AREA(#2017);
#1961=SURFACE_STYLE_FILL_AREA(#2018);
#1962=SURFACE_STYLE_FILL_AREA(#2019);
#1963=SURFACE_STYLE_FILL_AREA(#2020);
#1964=SURFACE_STYLE_FILL_AREA(#2021);
#1965=SURFACE_STYLE_FILL_AREA(#2022);
#1966=SURFACE_STYLE_FILL_AREA(#2023);
#1967=SURFACE_STYLE_FILL_AREA(#2024);
#1968=SURFACE_STYLE_FILL_AREA(#2025);
#1969=SURFACE_STYLE_FILL_AREA(#2026);
#1970=SURFACE_STYLE_FILL_AREA(#2027);
#1971=SURFACE_STYLE_FILL_AREA(#2028);
#1972=SURFACE_STYLE_FILL_AREA(#2029);
#1973=FILL_AREA_STYLE('',(#2030));
#1974=FILL_AREA_STYLE('',(#2031));
#1975=FILL_AREA_STYLE('',(#2032));
#1976=FILL_AREA_STYLE('',(#2033));
#1977=FILL_AREA_STYLE('',(#2034));
#1978=FILL_AREA_STYLE('',(#2035));
#1979=FILL_AREA_STYLE('',(#2036));
#1980=FILL_AREA_STYLE('',(#2037));
#1981=FILL_AREA_STYLE('',(#2038));
#1982=FILL_AREA_STYLE('',(#2039));
#1983=FILL_AREA_STYLE('',(#2040));
#1984=FILL_AREA_STYLE('',(#2041));
#1985=FILL_AREA_STYLE('',(#2042));
#1986=FILL_AREA_STYLE('',(#2043));
#1987=FILL_AREA_STYLE('',(#2044));
#1988=FILL_AREA_STYLE('',(#2045));
#1989=FILL_AREA_STYLE('',(#2046));
#1990=FILL_AREA_STYLE('',(#2047));
#1991=FILL_AREA_STYLE('',(#2048));
#1992=FILL_AREA_STYLE('',(#2049));
#1993=FILL_AREA_STYLE('',(#2050));
#1994=FILL_AREA_STYLE('',(#2051));
#1995=FILL_AREA_STYLE('',(#2052));
#1996=FILL_AREA_STYLE('',(#2053));
#1997=FILL_AREA_STYLE('',(#2054));
#1998=FILL_AREA_STYLE('',(#2055));
#1999=FILL_AREA_STYLE('',(#2056));
#2000=FILL_AREA_STYLE('',(#2057));
#2001=FILL_AREA_STYLE('',(#2058));
#2002=FILL_AREA_STYLE('',(#2059));
#2003=FILL_AREA_STYLE('',(#2060));
#2004=FILL_AREA_STYLE('',(#2061));
#2005=FILL_AREA_STYLE('',(#2062));
#2006=FILL_AREA_STYLE('',(#2063));
#2007=FILL_AREA_STYLE('',(#2064));
#2008=FILL_AREA_STYLE('',(#2065));
#2009=FILL_AREA_STYLE('',(#2066));
#2010=FILL_AREA_STYLE('',(#2067));
#2011=FILL_AREA_STYLE('',(#2068));
#2012=FILL_AREA_STYLE('',(#2069));
#2013=FILL_AREA_STYLE('',(#2070));
#2014=FILL_AREA_STYLE('',(#2071));
#2015=FILL_AREA_STYLE('',(#2072));
#2016=FILL_AREA_STYLE('',(#2073));
#2017=FILL_AREA_STYLE('',(#2074));
#2018=FILL_AREA_STYLE('',(#2075));
#2019=FILL_AREA_STYLE('',(#2076));
#2020=FILL_AREA_STYLE('',(#2077));
#2021=FILL_AREA_STYLE('',(#2078));
#2022=FILL_AREA_STYLE('',(#2079));
#2023=FILL_AREA_STYLE('',(#2080));
#2024=FILL_AREA_STYLE('',(#2081));
#2025=FILL_AREA_STYLE('',(#2082));
#2026=FILL_AREA_STYLE('',(#2083));
#2027=FILL_AREA_STYLE('',(#2084));
#2028=FILL_AREA_STYLE('',(#2085));
#2029=FILL_AREA_STYLE('',(#2086));
#2030=FILL_AREA_STYLE_COLOUR('',#2087);
#2031=FILL_AREA_STYLE_COLOUR('',#2088);
#2032=FILL_AREA_STYLE_COLOUR('',#2088);
#2033=FILL_AREA_STYLE_COLOUR('',#2088);
#2034=FILL_AREA_STYLE_COLOUR('',#2088);
#2035=FILL_AREA_STYLE_COLOUR('',#2088);
#2036=FILL_AREA_STYLE_COLOUR('',#2088);
#2037=FILL_AREA_STYLE_COLOUR('',#2088);
#2038=FILL_AREA_STYLE_COLOUR('',#2088);
#2039=FILL_AREA_STYLE_COLOUR('',#2088);
#2040=FILL_AREA_STYLE_COLOUR('',#2088);
#2041=FILL_AREA_STYLE_COLOUR('',#2088);
#2042=FILL_AREA_STYLE_COLOUR('',#2088);
#2043=FILL_AREA_STYLE_COLOUR('',#2088);
#2044=FILL_AREA_STYLE_COLOUR('',#2088);
#2045=FILL_AREA_STYLE_COLOUR('',#2088);
#2046=FILL_AREA_STYLE_COLOUR('',#2088);
#2047=FILL_AREA_STYLE_COLOUR('',#2088);
#2048=FILL_AREA_STYLE_COLOUR('',#2088);
#2049=FILL_AREA_STYLE_COLOUR('',#2088);
#2050=FILL_AREA_STYLE_COLOUR('',#2088);
#2051=FILL_AREA_STYLE_COLOUR('',#2088);
#2052=FILL_AREA_STYLE_COLOUR('',#2088);
#2053=FILL_AREA_STYLE_COLOUR('',#2088);
#2054=FILL_AREA_STYLE_COLOUR('',#2088);
#2055=FILL_AREA_STYLE_COLOUR('',#2088);
#2056=FILL_AREA_STYLE_COLOUR('',#2088);
#2057=FILL_AREA_STYLE_COLOUR('',#2088);
#2058=FILL_AREA_STYLE_COLOUR('',#2088);
#2059=FILL_AREA_STYLE_COLOUR('',#2088);
#2060=FILL_AREA_STYLE_COLOUR('',#2088);
#2061=FILL_AREA_STYLE_COLOUR('',#2088);
#2062=FILL_AREA_STYLE_COLOUR('',#2088);
#2063=FILL_AREA_STYLE_COLOUR('',#2088);
#2064=FILL_AREA_STYLE_COLOUR('',#2088);
#2065=FILL_AREA_STYLE_COLOUR('',#2088);
#2066=FILL_AREA_STYLE_COLOUR('',#2088);
#2067=FILL_AREA_STYLE_COLOUR('',#2088);
#2068=FILL_AREA_STYLE_COLOUR('',#2088);
#2069=FILL_AREA_STYLE_COLOUR('',#2088);
#2070=FILL_AREA_STYLE_COLOUR('',#2088);
#2071=FILL_AREA_STYLE_COLOUR('',#2088);
#2072=FILL_AREA_STYLE_COLOUR('',#2088);
#2073=FILL_AREA_STYLE_COLOUR('',#2088);
#2074=FILL_AREA_STYLE_COLOUR('',#2088);
#2075=FILL_AREA_STYLE_COLOUR('',#2088);
#2076=FILL_AREA_STYLE_COLOUR('',#2088);
#2077=FILL_AREA_STYLE_COLOUR('',#2088);
#2078=FILL_AREA_STYLE_COLOUR('',#2088);
#2079=FILL_AREA_STYLE_COLOUR('',#2088);
#2080=FILL_AREA_STYLE_COLOUR('',#2088);
#2081=FILL_AREA_STYLE_COLOUR('',#2088);
#2082=FILL_AREA_STYLE_COLOUR('',#2088);
#2083=FILL_AREA_STYLE_COLOUR('',#2088);
#2084=FILL_AREA_STYLE_COLOUR('',#2088);
#2085=FILL_AREA_STYLE_COLOUR('',#2088);
#2086=FILL_AREA_STYLE_COLOUR('',#2088);
#2087=COLOUR_RGB('',0.749019607843137,0.749019607843137,0.749019607843137);
#2088=COLOUR_RGB('',1.,0.501960784313726,0.501960784313726);
#2089=MANIFOLD_SOLID_BREP('electronics_frame_split_1',#1743);
#2090=SHAPE_DEFINITION_REPRESENTATION(#3206,#2091);
#2091=SHAPE_REPRESENTATION('electronics_frame_split_1',(#2092),#3201);
#2092=AXIS2_PLACEMENT_3D('',#2645,#2209,#2210);
#2093=AXIS2_PLACEMENT_3D('',#2646,#2211,#2212);
#2094=AXIS2_PLACEMENT_3D('',#2655,#2217,#2218);
#2095=AXIS2_PLACEMENT_3D('',#2656,#2219,#2220);
#2096=AXIS2_PLACEMENT_3D('',#2699,#2242,#2243);
#2097=AXIS2_PLACEMENT_3D('',#2710,#2249,#2250);
#2098=AXIS2_PLACEMENT_3D('',#2714,#2252,#2253);
#2099=AXIS2_PLACEMENT_3D('',#2776,#2284,#2285);
#2100=AXIS2_PLACEMENT_3D('',#2784,#2289,#2290);
#2101=AXIS2_PLACEMENT_3D('',#2791,#2294,#2295);
#2102=AXIS2_PLACEMENT_3D('',#2824,#2301,#2302);
#2103=AXIS2_PLACEMENT_3D('',#2825,#2303,#2304);
#2104=AXIS2_PLACEMENT_3D('',#2832,#2308,#2309);
#2105=AXIS2_PLACEMENT_3D('',#2833,#2310,#2311);
#2106=AXIS2_PLACEMENT_3D('',#2837,#2313,#2314);
#2107=AXIS2_PLACEMENT_3D('',#2841,#2316,#2317);
#2108=AXIS2_PLACEMENT_3D('',#2899,#2318,#2319);
#2109=AXIS2_PLACEMENT_3D('',#2908,#2325,#2326);
#2110=AXIS2_PLACEMENT_3D('',#2909,#2327,#2328);
#2111=AXIS2_PLACEMENT_3D('',#2910,#2329,#2330);
#2112=AXIS2_PLACEMENT_3D('',#2919,#2336,#2337);
#2113=AXIS2_PLACEMENT_3D('',#2926,#2342,#2343);
#2114=AXIS2_PLACEMENT_3D('',#2927,#2344,#2345);
#2115=AXIS2_PLACEMENT_3D('',#2929,#2346,#2347);
#2116=AXIS2_PLACEMENT_3D('',#2937,#2351,#2352);
#2117=AXIS2_PLACEMENT_3D('',#2943,#2356,#2357);
#2118=AXIS2_PLACEMENT_3D('',#2953,#2363,#2364);
#2119=AXIS2_PLACEMENT_3D('',#2957,#2367,#2368);
#2120=AXIS2_PLACEMENT_3D('',#2961,#2370,#2371);
#2121=AXIS2_PLACEMENT_3D('',#2971,#2377,#2378);
#2122=AXIS2_PLACEMENT_3D('',#2973,#2380,#2381);
#2123=AXIS2_PLACEMENT_3D('',#2979,#2385,#2386);
#2124=AXIS2_PLACEMENT_3D('',#2981,#2388,#2389);
#2125=AXIS2_PLACEMENT_3D('',#2982,#2390,#2391);
#2126=AXIS2_PLACEMENT_3D('',#3003,#2403,#2404);
#2127=AXIS2_PLACEMENT_3D('',#3004,#2405,#2406);
#2128=AXIS2_PLACEMENT_3D('',#3006,#2407,#2408);
#2129=AXIS2_PLACEMENT_3D('',#3007,#2409,#2410);
#2130=AXIS2_PLACEMENT_3D('',#3009,#2411,#2412);
#2131=AXIS2_PLACEMENT_3D('',#3011,#2413,#2414);
#2132=AXIS2_PLACEMENT_3D('',#3017,#2418,#2419);
#2133=AXIS2_PLACEMENT_3D('',#3020,#2422,#2423);
#2134=AXIS2_PLACEMENT_3D('',#3021,#2424,#2425);
#2135=AXIS2_PLACEMENT_3D('',#3022,#2426,#2427);
#2136=AXIS2_PLACEMENT_3D('',#3028,#2431,#2432);
#2137=AXIS2_PLACEMENT_3D('',#3030,#2434,#2435);
#2138=AXIS2_PLACEMENT_3D('',#3031,#2436,#2437);
#2139=AXIS2_PLACEMENT_3D('',#3033,#2438,#2439);
#2140=AXIS2_PLACEMENT_3D('',#3035,#2440,#2441);
#2141=AXIS2_PLACEMENT_3D('',#3037,#2443,#2444);
#2142=AXIS2_PLACEMENT_3D('',#3040,#2447,#2448);
#2143=AXIS2_PLACEMENT_3D('',#3047,#2453,#2454);
#2144=AXIS2_PLACEMENT_3D('',#3049,#2456,#2457);
#2145=AXIS2_PLACEMENT_3D('',#3050,#2458,#2459);
#2146=AXIS2_PLACEMENT_3D('',#3051,#2460,#2461);
#2147=AXIS2_PLACEMENT_3D('',#3052,#2462,#2463);
#2148=AXIS2_PLACEMENT_3D('',#3053,#2464,#2465);
#2149=AXIS2_PLACEMENT_3D('',#3057,#2467,#2468);
#2150=AXIS2_PLACEMENT_3D('',#3058,#2469,#2470);
#2151=AXIS2_PLACEMENT_3D('',#3061,#2472,#2473);
#2152=AXIS2_PLACEMENT_3D('',#3062,#2474,#2475);
#2153=AXIS2_PLACEMENT_3D('',#3063,#2476,#2477);
#2154=AXIS2_PLACEMENT_3D('',#3066,#2479,#2480);
#2155=AXIS2_PLACEMENT_3D('',#3068,#2482,#2483);
#2156=AXIS2_PLACEMENT_3D('',#3072,#2486,#2487);
#2157=AXIS2_PLACEMENT_3D('',#3076,#2490,#2491);
#2158=AXIS2_PLACEMENT_3D('',#3080,#2494,#2495);
#2159=AXIS2_PLACEMENT_3D('',#3084,#2498,#2499);
#2160=AXIS2_PLACEMENT_3D('',#3086,#2501,#2502);
#2161=AXIS2_PLACEMENT_3D('',#3092,#2505,#2506);
#2162=AXIS2_PLACEMENT_3D('',#3093,#2507,#2508);
#2163=AXIS2_PLACEMENT_3D('',#3096,#2510,#2511);
#2164=AXIS2_PLACEMENT_3D('',#3097,#2512,#2513);
#2165=AXIS2_PLACEMENT_3D('',#3100,#2516,#2517);
#2166=AXIS2_PLACEMENT_3D('',#3101,#2518,#2519);
#2167=AXIS2_PLACEMENT_3D('',#3103,#2520,#2521);
#2168=AXIS2_PLACEMENT_3D('',#3105,#2522,#2523);
#2169=AXIS2_PLACEMENT_3D('',#3106,#2524,#2525);
#2170=AXIS2_PLACEMENT_3D('',#3110,#2528,#2529);
#2171=AXIS2_PLACEMENT_3D('',#3111,#2530,#2531);
#2172=AXIS2_PLACEMENT_3D('',#3112,#2532,#2533);
#2173=AXIS2_PLACEMENT_3D('',#3114,#2535,#2536);
#2174=AXIS2_PLACEMENT_3D('',#3116,#2538,#2539);
#2175=AXIS2_PLACEMENT_3D('',#3118,#2541,#2542);
#2176=AXIS2_PLACEMENT_3D('',#3119,#2543,#2544);
#2177=AXIS2_PLACEMENT_3D('',#3121,#2546,#2547);
#2178=AXIS2_PLACEMENT_3D('',#3123,#2549,#2550);
#2179=AXIS2_PLACEMENT_3D('',#3127,#2554,#2555);
#2180=AXIS2_PLACEMENT_3D('',#3128,#2556,#2557);
#2181=AXIS2_PLACEMENT_3D('',#3130,#2559,#2560);
#2182=AXIS2_PLACEMENT_3D('',#3131,#2561,#2562);
#2183=AXIS2_PLACEMENT_3D('',#3133,#2564,#2565);
#2184=AXIS2_PLACEMENT_3D('',#3139,#2569,#2570);
#2185=AXIS2_PLACEMENT_3D('',#3145,#2574,#2575);
#2186=AXIS2_PLACEMENT_3D('',#3154,#2580,#2581);
#2187=AXIS2_PLACEMENT_3D('',#3157,#2584,#2585);
#2188=AXIS2_PLACEMENT_3D('',#3159,#2587,#2588);
#2189=AXIS2_PLACEMENT_3D('',#3160,#2589,#2590);
#2190=AXIS2_PLACEMENT_3D('',#3165,#2593,#2594);
#2191=AXIS2_PLACEMENT_3D('',#3166,#2595,#2596);
#2192=AXIS2_PLACEMENT_3D('',#3170,#2599,#2600);
#2193=AXIS2_PLACEMENT_3D('',#3174,#2603,#2604);
#2194=AXIS2_PLACEMENT_3D('',#3176,#2606,#2607);
#2195=AXIS2_PLACEMENT_3D('',#3179,#2610,#2611);
#2196=AXIS2_PLACEMENT_3D('',#3180,#2612,#2613);
#2197=AXIS2_PLACEMENT_3D('',#3182,#2615,#2616);
#2198=AXIS2_PLACEMENT_3D('',#3184,#2618,#2619);
#2199=AXIS2_PLACEMENT_3D('',#3185,#2620,#2621);
#2200=AXIS2_PLACEMENT_3D('',#3187,#2623,#2624);
#2201=AXIS2_PLACEMENT_3D('',#3189,#2626,#2627);
#2202=AXIS2_PLACEMENT_3D('',#3191,#2629,#2630);
#2203=AXIS2_PLACEMENT_3D('',#3192,#2631,#2632);
#2204=AXIS2_PLACEMENT_3D('',#3193,#2633,#2634);
#2205=AXIS2_PLACEMENT_3D('',#3194,#2635,#2636);
#2206=AXIS2_PLACEMENT_3D('',#3196,#2638,#2639);
#2207=AXIS2_PLACEMENT_3D('',#3198,#2641,#2642);
#2208=AXIS2_PLACEMENT_3D('',#3199,#2643,#2644);
#2209=DIRECTION('',(0.,0.,1.));
#2210=DIRECTION('',(1.,0.,0.));
#2211=DIRECTION('',(-1.,0.,0.));
#2212=DIRECTION('',(0.,1.,-4.1409740014084E-31));
#2213=DIRECTION('',(6.66133814775097E-16,1.,0.));
#2214=DIRECTION('',(0.,0.,1.));
#2215=DIRECTION('',(-6.66133814775097E-16,-1.,4.1409740014084E-31));
#2216=DIRECTION('',(0.,0.,1.));
#2217=DIRECTION('',(0.,0.,-1.));
#2218=DIRECTION('',(-1.,0.,0.));
#2219=DIRECTION('',(2.65915313315886E-16,2.36962218074613E-31,1.));
#2220=DIRECTION('',(-1.,0.,0.));
#2221=DIRECTION('',(0.,1.,0.));
#2222=DIRECTION('',(-1.,0.,0.));
#2223=DIRECTION('',(-1.,0.,2.65915313315886E-16));
#2224=DIRECTION('',(0.,1.,0.));
#2225=DIRECTION('',(1.,0.,-2.65915313315886E-16));
#2226=DIRECTION('',(0.,1.,0.));
#2227=DIRECTION('',(-1.,0.,2.65915313315886E-16));
#2228=DIRECTION('',(0.,1.,-2.36962218074613E-31));
#2229=DIRECTION('',(1.,0.,-2.65915313315886E-16));
#2230=DIRECTION('',(0.,1.,-2.36962218074613E-31));
#2231=DIRECTION('',(-1.,0.,2.65915313315886E-16));
#2232=DIRECTION('',(0.,1.,0.));
#2233=DIRECTION('',(1.,0.,0.));
#2234=DIRECTION('',(0.,-1.,0.));
#2235=DIRECTION('',(1.,1.07321559047099E-15,-2.65915313315886E-16));
#2236=DIRECTION('',(0.,-1.,0.));
#2237=DIRECTION('',(-1.,0.,2.65915313315886E-16));
#2238=DIRECTION('',(4.44089209850065E-16,-1.,0.));
#2239=DIRECTION('',(-1.,1.48029736616687E-15,0.));
#2240=DIRECTION('',(6.66133814775097E-16,1.,0.));
#2241=DIRECTION('',(-1.,0.,0.));
#2242=DIRECTION('',(0.,0.,-1.));
#2243=DIRECTION('',(-1.,0.,0.));
#2244=DIRECTION('',(1.,0.,0.));
#2245=DIRECTION('',(0.,-1.,0.));
#2246=DIRECTION('',(1.,0.,0.));
#2247=DIRECTION('',(-6.66133814775097E-16,-1.,4.1409740014084E-31));
#2248=DIRECTION('',(1.,-1.48029736616687E-15,-2.65915313315886E-16));
#2249=DIRECTION('',(2.65915313315886E-16,2.36962218074613E-31,1.));
#2250=DIRECTION('',(-1.,0.,0.));
#2251=DIRECTION('',(1.11022302462516E-15,-1.,-5.82630853690964E-32));
#2252=DIRECTION('',(2.65915313315886E-16,2.36962218074613E-31,1.));
#2253=DIRECTION('',(0.,1.,0.));
#2254=DIRECTION('',(-1.,1.11022302462516E-15,2.65915313315886E-16));
#2255=DIRECTION('',(0.,1.,-2.36962218074613E-31));
#2256=DIRECTION('',(1.,-1.48029736616687E-15,-2.65915313315886E-16));
#2257=DIRECTION('',(-4.44089209850065E-16,1.,-1.18872096697129E-31));
#2258=DIRECTION('',(-1.,0.,0.));
#2259=DIRECTION('',(0.,-1.,0.));
#2260=DIRECTION('',(1.,0.,-7.4014868308344E-16));
#2261=DIRECTION('',(0.,1.,0.));
#2262=DIRECTION('',(-1.,0.,0.));
#2263=DIRECTION('',(0.,-1.,0.));
#2264=DIRECTION('',(1.,0.,0.));
#2265=DIRECTION('',(0.,1.,0.));
#2266=DIRECTION('',(-1.,0.,-2.63815372188156E-16));
#2267=DIRECTION('',(0.,-1.,0.));
#2268=DIRECTION('',(1.,0.,1.43254583822601E-16));
#2269=DIRECTION('',(0.,-1.,0.));
#2270=DIRECTION('',(1.,3.70074341541719E-17,0.));
#2271=DIRECTION('',(0.,1.,0.));
#2272=DIRECTION('',(-1.,0.,0.));
#2273=DIRECTION('',(0.,-1.,0.));
#2274=DIRECTION('',(1.,0.,-2.63815372188156E-16));
#2275=DIRECTION('',(-1.,6.3011882463338E-47,2.65915313315886E-16));
#2276=DIRECTION('',(0.,1.,-2.36962218074613E-31));
#2277=DIRECTION('',(1.,0.,0.));
#2278=DIRECTION('',(0.,-1.,0.));
#2279=DIRECTION('',(-1.,0.,-2.63815372188156E-16));
#2280=DIRECTION('',(1.,-6.3011882463338E-47,-2.65915313315886E-16));
#2281=DIRECTION('',(0.,-1.,2.36962218074613E-31));
#2282=DIRECTION('',(-1.,6.3011882463338E-47,2.65915313315886E-16));
#2283=DIRECTION('',(1.,0.,-2.63815372188156E-16));
#2284=DIRECTION('',(2.65915313315886E-16,2.36962218074613E-31,1.));
#2285=DIRECTION('',(1.,-6.3011882463338E-47,-2.65915313315886E-16));
#2286=DIRECTION('',(2.37904933848248E-16,1.,-3.00224783098265E-31));
#2287=DIRECTION('',(1.,2.64338815386942E-16,-2.65915313315886E-16));
#2288=DIRECTION('',(0.,-1.,2.36962218074613E-31));
#2289=DIRECTION('',(2.65915313315886E-16,2.36962218074613E-31,1.));
#2290=DIRECTION('',(-1.,6.3011882463338E-47,2.65915313315886E-16));
#2291=DIRECTION('',(1.,0.,-2.63815372188156E-16));
#2292=DIRECTION('',(0.,-1.,0.));
#2293=DIRECTION('',(-1.,0.,0.));
#2294=DIRECTION('',(0.,1.,0.));
#2295=DIRECTION('',(0.,0.,1.));
#2296=DIRECTION('',(0.,0.,1.));
#2297=DIRECTION('',(0.,0.,1.));
#2298=DIRECTION('',(1.,0.,-2.63815372188156E-16));
#2299=DIRECTION('',(0.,0.,1.));
#2300=DIRECTION('',(0.,0.,1.));
#2301=DIRECTION('',(0.,-1.,0.));
#2302=DIRECTION('',(-1.,0.,0.));
#2303=DIRECTION('',(0.,-1.,0.));
#2304=DIRECTION('',(0.,0.,-1.));
#2305=DIRECTION('',(-1.,0.,2.65915313315886E-16));
#2306=DIRECTION('',(0.,0.,1.));
#2307=DIRECTION('',(0.,0.,1.));
#2308=DIRECTION('',(0.,-1.,0.));
#2309=DIRECTION('',(-0.707106781186548,0.,-0.707106781186548));
#2310=DIRECTION('',(0.,1.,0.));
#2311=DIRECTION('',(1.,0.,0.));
#2312=DIRECTION('',(0.,-1.,0.));
#2313=DIRECTION('',(0.,-1.,0.));
#2314=DIRECTION('',(1.,0.,0.));
#2315=DIRECTION('',(0.,-1.,0.));
#2316=DIRECTION('',(0.,1.,0.));
#2317=DIRECTION('',(1.,0.,0.));
#2318=DIRECTION('',(-1.,0.,0.));
#2319=DIRECTION('',(0.,0.,1.));
#2320=DIRECTION('',(0.,1.,0.));
#2321=DIRECTION('',(0.,0.,1.));
#2322=DIRECTION('',(0.,0.,1.));
#2323=DIRECTION('',(0.,1.,0.));
#2324=DIRECTION('',(0.,0.,1.));
#2325=DIRECTION('',(0.,1.,0.));
#2326=DIRECTION('',(1.,0.,0.));
#2327=DIRECTION('',(0.,-1.,0.));
#2328=DIRECTION('',(-1.,0.,0.));
#2329=DIRECTION('',(0.,1.,0.));
#2330=DIRECTION('',(0.,0.,1.));
#2331=DIRECTION('',(0.,0.,-1.));
#2332=DIRECTION('',(-1.,0.,2.65915313315886E-16));
#2333=DIRECTION('',(1.70803542250024E-16,0.,1.));
#2334=DIRECTION('',(1.,0.,-4.44089209850063E-16));
#2335=DIRECTION('',(0.,0.,-1.));
#2336=DIRECTION('',(-1.,0.,0.));
#2337=DIRECTION('',(0.,0.,1.));
#2338=DIRECTION('',(0.,0.,1.));
#2339=DIRECTION('',(0.,-1.,0.));
#2340=DIRECTION('',(0.,0.,1.));
#2341=DIRECTION('',(0.,0.,-1.));
#2342=DIRECTION('',(0.,0.,1.));
#2343=DIRECTION('',(1.,0.,0.));
#2344=DIRECTION('',(0.,0.,-1.));
#2345=DIRECTION('',(1.,0.,0.));
#2346=DIRECTION('',(0.,0.,-1.));
#2347=DIRECTION('',(1.,0.,0.));
#2348=DIRECTION('',(0.,-1.,0.));
#2349=DIRECTION('',(1.,2.64338815386942E-16,0.));
#2350=DIRECTION('',(2.37904933848248E-16,1.,0.));
#2351=DIRECTION('',(-1.,0.,0.));
#2352=DIRECTION('',(0.,0.,1.));
#2353=DIRECTION('',(0.,1.,0.));
#2354=DIRECTION('',(0.,0.,1.));
#2355=DIRECTION('',(0.,0.,1.));
#2356=DIRECTION('',(0.,-1.,0.));
#2357=DIRECTION('',(-1.,0.,0.));
#2358=DIRECTION('',(1.,0.,0.));
#2359=DIRECTION('',(1.,0.,-4.44089209850062E-15));
#2360=DIRECTION('',(0.,0.,-1.));
#2361=DIRECTION('',(1.,0.,0.));
#2362=DIRECTION('',(0.,0.,1.));
#2363=DIRECTION('',(-1.,0.,0.));
#2364=DIRECTION('',(0.,0.,1.));
#2365=DIRECTION('',(0.,0.,-1.));
#2366=DIRECTION('',(0.,1.,0.));
#2367=DIRECTION('',(-3.70074341541719E-17,1.,0.));
#2368=DIRECTION('',(-1.,-3.70074341541719E-17,-1.46998609551795E-30));
#2369=DIRECTION('',(1.,3.70074341541719E-17,-2.65915313315886E-16));
#2370=DIRECTION('',(0.,1.,0.));
#2371=DIRECTION('',(-0.707106781186548,0.,-0.707106781186548));
#2372=DIRECTION('',(0.,0.,-1.));
#2373=DIRECTION('',(-1.,0.,0.));
#2374=DIRECTION('',(0.,0.,1.));
#2375=DIRECTION('',(-1.,5.75808712090733E-16,4.44089209850062E-15));
#2376=DIRECTION('',(4.44089209850063E-15,0.,1.));
#2377=DIRECTION('',(1.,0.,0.));
#2378=DIRECTION('',(0.,0.,-1.));
#2379=DIRECTION('',(0.,-1.,0.));
#2380=DIRECTION('',(1.,0.,0.));
#2381=DIRECTION('',(0.,0.,-1.));
#2382=DIRECTION('',(0.,0.,1.));
#2383=DIRECTION('',(0.,-1.,0.));
#2384=DIRECTION('',(0.,0.,-1.));
#2385=DIRECTION('',(-3.70074341541719E-17,1.,0.));
#2386=DIRECTION('',(-1.,-3.70074341541719E-17,-1.46998609551795E-30));
#2387=DIRECTION('',(0.,0.,1.));
#2388=DIRECTION('',(0.,-1.,0.));
#2389=DIRECTION('',(0.707106781186548,0.,-0.707106781186548));
#2390=DIRECTION('',(0.,-1.,0.));
#2391=DIRECTION('',(1.,0.,0.));
#2392=DIRECTION('',(0.,0.,1.));
#2393=DIRECTION('',(1.,0.,-3.1720657846433E-16));
#2394=DIRECTION('',(0.,0.,1.));
#2395=DIRECTION('',(-1.,0.,1.2335811384724E-16));
#2396=DIRECTION('',(0.,0.,-1.));
#2397=DIRECTION('',(1.,0.,-3.1720657846433E-16));
#2398=DIRECTION('',(0.,0.,-1.));
#2399=DIRECTION('',(1.,0.,-2.65915313315886E-16));
#2400=DIRECTION('',(5.27929682847759E-15,0.,1.));
#2401=DIRECTION('',(-1.,0.,0.));
#2402=DIRECTION('',(0.,0.,1.));
#2403=DIRECTION('',(0.,0.,-1.));
#2404=DIRECTION('',(-1.,0.,0.));
#2405=DIRECTION('',(0.,0.,-1.));
#2406=DIRECTION('',(-1.,0.,0.));
#2407=DIRECTION('',(0.,0.,-1.));
#2408=DIRECTION('',(-1.,0.,0.));
#2409=DIRECTION('',(0.,0.,-1.));
#2410=DIRECTION('',(-1.,0.,0.));
#2411=DIRECTION('',(2.65915313315886E-16,2.36962218074613E-31,1.));
#2412=DIRECTION('',(-1.,0.,0.));
#2413=DIRECTION('',(1.,0.,0.));
#2414=DIRECTION('',(0.,0.,1.));
#2415=DIRECTION('',(0.,-1.,0.));
#2416=DIRECTION('',(0.,0.,-1.));
#2417=DIRECTION('',(0.,-1.,0.));
#2418=DIRECTION('',(0.,1.,0.));
#2419=DIRECTION('',(0.,0.,1.));
#2420=DIRECTION('',(0.,0.,-1.));
#2421=DIRECTION('',(0.,0.,-1.));
#2422=DIRECTION('',(0.,-1.,0.));
#2423=DIRECTION('',(0.707106781186548,0.,-0.707106781186548));
#2424=DIRECTION('',(0.,1.,0.));
#2425=DIRECTION('',(0.707106781186548,0.,-0.707106781186548));
#2426=DIRECTION('',(-1.,0.,0.));
#2427=DIRECTION('',(0.,1.,0.));
#2428=DIRECTION('',(0.,0.,-1.));
#2429=DIRECTION('',(1.11022302462516E-15,-1.,0.));
#2430=DIRECTION('',(0.,0.,-1.));
#2431=DIRECTION('',(0.,1.,0.));
#2432=DIRECTION('',(-0.707106781186548,0.,-0.707106781186548));
#2433=DIRECTION('',(0.,1.,0.));
#2434=DIRECTION('',(0.,0.,1.));
#2435=DIRECTION('',(0.638971066378317,0.769230769230767,0.));
#2436=DIRECTION('',(-2.65915313315886E-16,-2.36962218074613E-31,-1.));
#2437=DIRECTION('',(0.638971066378317,0.769230769230767,-2.83760155984998E-15));
#2438=DIRECTION('',(4.44089209850062E-15,0.,1.));
#2439=DIRECTION('',(0.638971066378317,0.769230769230767,-2.83760155984998E-15));
#2440=DIRECTION('',(4.44089209850062E-15,0.,1.));
#2441=DIRECTION('',(0.638971066378317,0.769230769230767,-2.83760155984998E-15));
#2442=DIRECTION('',(4.44089209850063E-15,0.,1.));
#2443=DIRECTION('',(1.,0.,0.));
#2444=DIRECTION('',(0.,0.,1.));
#2445=DIRECTION('',(1.25099388635032E-45,-1.,2.36962218074613E-31));
#2446=DIRECTION('',(0.,-1.,0.));
#2447=DIRECTION('',(-1.,0.,0.));
#2448=DIRECTION('',(0.,0.,-1.));
#2449=DIRECTION('',(4.04739862265666E-47,-1.,2.36962218074613E-31));
#2450=DIRECTION('',(0.,1.,0.));
#2451=DIRECTION('',(0.,0.,1.));
#2452=DIRECTION('',(0.,1.,0.));
#2453=DIRECTION('',(0.,0.,1.));
#2454=DIRECTION('',(-1.,0.,0.));
#2455=DIRECTION('',(1.,0.,-4.44089209850063E-16));
#2456=DIRECTION('',(0.,0.,-1.));
#2457=DIRECTION('',(-1.,0.,0.));
#2458=DIRECTION('',(0.,0.,-1.));
#2459=DIRECTION('',(-1.,0.,0.));
#2460=DIRECTION('',(4.44089209850062E-15,0.,1.));
#2461=DIRECTION('',(0.,-1.,0.));
#2462=DIRECTION('',(0.,0.,-1.));
#2463=DIRECTION('',(0.,-1.,0.));
#2464=DIRECTION('',(4.44089209850062E-15,0.,1.));
#2465=DIRECTION('',(0.,-1.,0.));
#2466=DIRECTION('',(0.,0.,-1.));
#2467=DIRECTION('',(0.,0.,1.));
#2468=DIRECTION('',(0.,-1.,0.));
#2469=DIRECTION('',(0.,0.,1.));
#2470=DIRECTION('',(1.,0.,0.));
#2471=DIRECTION('',(1.11022302462516E-15,1.,0.));
#2472=DIRECTION('',(0.,0.,1.));
#2473=DIRECTION('',(1.,0.,0.));
#2474=DIRECTION('',(0.,0.,-1.));
#2475=DIRECTION('',(1.,0.,0.));
#2476=DIRECTION('',(4.44089209850062E-15,0.,1.));
#2477=DIRECTION('',(1.,0.,0.));
#2478=DIRECTION('',(0.,0.,-1.));
#2479=DIRECTION('',(0.,0.,-1.));
#2480=DIRECTION('',(-1.,0.,0.));
#2481=DIRECTION('',(1.11022302462516E-15,1.,-4.93038065763133E-30));
#2482=DIRECTION('',(0.,0.,-1.));
#2483=DIRECTION('',(1.,0.,0.));
#2484=DIRECTION('',(1.,0.,-3.1720657846433E-16));
#2485=DIRECTION('',(0.,-1.,0.));
#2486=DIRECTION('',(1.,0.,0.));
#2487=DIRECTION('',(0.,0.,-1.));
#2488=DIRECTION('',(0.,0.,1.));
#2489=DIRECTION('',(0.,1.,0.));
#2490=DIRECTION('',(0.,0.,1.));
#2491=DIRECTION('',(1.,0.,0.));
#2492=DIRECTION('',(0.,1.,0.));
#2493=DIRECTION('',(-1.,0.,1.2335811384724E-16));
#2494=DIRECTION('',(-1.,0.,0.));
#2495=DIRECTION('',(0.,0.,-1.));
#2496=DIRECTION('',(0.,0.,-1.));
#2497=DIRECTION('',(0.,-1.,0.));
#2498=DIRECTION('',(0.,0.,-1.));
#2499=DIRECTION('',(1.,0.,0.));
#2500=DIRECTION('',(1.,0.,-3.1720657846433E-16));
#2501=DIRECTION('',(0.,0.,1.));
#2502=DIRECTION('',(1.,0.,0.));
#2503=DIRECTION('',(0.,1.,0.));
#2504=DIRECTION('',(-1.,1.11022302462516E-15,0.));
#2505=DIRECTION('',(0.,0.,1.));
#2506=DIRECTION('',(0.,1.,0.));
#2507=DIRECTION('',(0.,0.,1.));
#2508=DIRECTION('',(-1.,0.,0.));
#2509=DIRECTION('',(1.,0.,0.));
#2510=DIRECTION('',(0.,-1.,0.));
#2511=DIRECTION('',(0.,0.,-1.));
#2512=DIRECTION('',(0.,1.,0.));
#2513=DIRECTION('',(1.,0.,0.));
#2514=DIRECTION('',(0.,0.,-1.));
#2515=DIRECTION('',(0.,0.,-1.));
#2516=DIRECTION('',(0.,0.,-1.));
#2517=DIRECTION('',(0.,1.,0.));
#2518=DIRECTION('',(0.,0.,1.));
#2519=DIRECTION('',(1.,0.,0.));
#2520=DIRECTION('',(0.,0.,-1.));
#2521=DIRECTION('',(1.,0.,0.));
#2522=DIRECTION('',(1.,0.,0.));
#2523=DIRECTION('',(0.,-1.,0.));
#2524=DIRECTION('',(0.,1.,0.));
#2525=DIRECTION('',(0.,0.,1.));
#2526=DIRECTION('',(0.,0.,1.));
#2527=DIRECTION('',(1.,0.,-2.65915313315886E-16));
#2528=DIRECTION('',(0.,0.,-1.));
#2529=DIRECTION('',(1.,0.,0.));
#2530=DIRECTION('',(-1.,0.,0.));
#2531=DIRECTION('',(0.,0.,1.));
#2532=DIRECTION('',(0.,0.,-1.));
#2533=DIRECTION('',(-1.,0.,0.));
#2534=DIRECTION('',(0.,1.,0.));
#2535=DIRECTION('',(-1.,0.,0.));
#2536=DIRECTION('',(0.,1.,0.));
#2537=DIRECTION('',(0.,0.,-1.));
#2538=DIRECTION('',(0.,1.,0.));
#2539=DIRECTION('',(1.,0.,0.));
#2540=DIRECTION('',(0.,0.,-1.));
#2541=DIRECTION('',(1.,0.,0.));
#2542=DIRECTION('',(0.,-1.,0.));
#2543=DIRECTION('',(0.,-1.,0.));
#2544=DIRECTION('',(0.,0.,-1.));
#2545=DIRECTION('',(0.,0.,-1.));
#2546=DIRECTION('',(-1.,0.,0.));
#2547=DIRECTION('',(0.,0.,1.));
#2548=DIRECTION('',(0.,0.,1.));
#2549=DIRECTION('',(0.,-1.,0.));
#2550=DIRECTION('',(0.,0.,-1.));
#2551=DIRECTION('',(0.,0.,-1.));
#2552=DIRECTION('',(0.,0.,-1.));
#2553=DIRECTION('',(0.,0.,-1.));
#2554=DIRECTION('',(0.,0.,-1.));
#2555=DIRECTION('',(-1.,0.,0.));
#2556=DIRECTION('',(0.,-1.,0.));
#2557=DIRECTION('',(0.,0.,-1.));
#2558=DIRECTION('',(0.,0.,1.));
#2559=DIRECTION('',(1.,0.,0.));
#2560=DIRECTION('',(0.,-1.,1.18872096697129E-31));
#2561=DIRECTION('',(-1.,0.,0.));
#2562=DIRECTION('',(0.,1.,-4.1409740014084E-31));
#2563=DIRECTION('',(0.,0.,1.));
#2564=DIRECTION('',(-1.,0.,0.));
#2565=DIRECTION('',(0.,-1.,2.36962218074613E-31));
#2566=DIRECTION('',(0.,0.,1.));
#2567=DIRECTION('',(0.,0.,1.));
#2568=DIRECTION('',(0.,1.,0.));
#2569=DIRECTION('',(0.,0.,1.));
#2570=DIRECTION('',(1.,0.,0.));
#2571=DIRECTION('',(1.,0.,0.));
#2572=DIRECTION('',(-1.,6.3011882463338E-47,0.));
#2573=DIRECTION('',(-1.48029736616688E-16,1.,0.));
#2574=DIRECTION('',(0.,0.,1.));
#2575=DIRECTION('',(1.,0.,0.));
#2576=DIRECTION('',(1.,-6.3011882463338E-47,0.));
#2577=DIRECTION('',(4.03717463500057E-16,-1.,0.));
#2578=DIRECTION('',(-1.,6.3011882463338E-47,0.));
#2579=DIRECTION('',(0.,-1.,0.));
#2580=DIRECTION('',(1.,0.,0.));
#2581=DIRECTION('',(0.,1.,-2.36962218074613E-31));
#2582=DIRECTION('',(0.,0.,1.));
#2583=DIRECTION('',(0.,0.,1.));
#2584=DIRECTION('',(0.,1.,0.));
#2585=DIRECTION('',(0.,0.,1.));
#2586=DIRECTION('',(0.707106781186548,-4.4556129385156E-47,-0.707106781186547));
#2587=DIRECTION('',(0.,0.,-1.));
#2588=DIRECTION('',(1.,0.,0.));
#2589=DIRECTION('',(-2.65915313315886E-16,-2.36962218074613E-31,-1.));
#2590=DIRECTION('',(-1.,0.,0.));
#2591=DIRECTION('',(0.,0.,-1.));
#2592=DIRECTION('',(0.,0.,-1.));
#2593=DIRECTION('',(-2.65915313315886E-16,-2.36962218074613E-31,-1.));
#2594=DIRECTION('',(1.,0.,0.));
#2595=DIRECTION('',(1.,0.,0.));
#2596=DIRECTION('',(0.,-1.,0.));
#2597=DIRECTION('',(-2.37904933848248E-16,-1.,3.00224783098265E-31));
#2598=DIRECTION('',(0.,0.,-1.));
#2599=DIRECTION('',(0.,-1.,0.));
#2600=DIRECTION('',(-1.,0.,0.));
#2601=DIRECTION('',(-1.,-2.64338815386942E-16,2.65915313315886E-16));
#2602=DIRECTION('',(0.,0.,-1.));
#2603=DIRECTION('',(-1.,0.,0.));
#2604=DIRECTION('',(0.,1.,0.));
#2605=DIRECTION('',(0.,1.,-2.36962218074613E-31));
#2606=DIRECTION('',(0.707106781186548,0.,0.707106781186548));
#2607=DIRECTION('',(0.707106781186548,0.,-0.707106781186548));
#2608=DIRECTION('',(0.707106781186549,0.,-0.707106781186546));
#2609=DIRECTION('',(-0.577350269189627,0.577350269189625,0.577350269189626));
#2610=DIRECTION('',(0.,0.,-1.));
#2611=DIRECTION('',(-1.,4.16691480805945E-47,1.75847223321796E-16));
#2612=DIRECTION('',(0.,-0.707106781186548,0.707106781186548));
#2613=DIRECTION('',(1.,-2.65127064351414E-16,-2.65127064351414E-16));
#2614=DIRECTION('',(0.577350269189626,0.577350269189626,0.577350269189626));
#2615=DIRECTION('',(0.,0.,-1.));
#2616=DIRECTION('',(-1.,4.16691480805945E-47,1.75847223321796E-16));
#2617=DIRECTION('',(-0.707106781186548,0.,-0.707106781186547));
#2618=DIRECTION('',(-0.707106781186548,0.,0.707106781186548));
#2619=DIRECTION('',(0.707106781186548,0.,0.707106781186548));
#2620=DIRECTION('',(0.,1.,0.));
#2621=DIRECTION('',(0.,0.,1.));
#2622=DIRECTION('',(-0.707106781186547,4.4556129385156E-47,-0.707106781186548));
#2623=DIRECTION('',(0.707106781186548,0.,-0.707106781186548));
#2624=DIRECTION('',(-0.707106781186548,0.,-0.707106781186548));
#2625=DIRECTION('',(-0.707106781186548,0.,-0.707106781186548));
#2626=DIRECTION('',(0.,1.,0.));
#2627=DIRECTION('',(0.,0.,1.));
#2628=DIRECTION('',(-0.707106781186548,4.4556129385156E-47,0.707106781186547));
#2629=DIRECTION('',(-0.707106781186548,0.,-0.707106781186548));
#2630=DIRECTION('',(-0.707106781186548,0.,0.707106781186548));
#2631=DIRECTION('',(-1.,0.,0.));
#2632=DIRECTION('',(0.,0.,1.));
#2633=DIRECTION('',(-1.,0.,0.));
#2634=DIRECTION('',(0.,0.,1.));
#2635=DIRECTION('',(0.,-1.,0.));
#2636=DIRECTION('',(0.,0.,-1.));
#2637=DIRECTION('',(0.,0.,1.));
#2638=DIRECTION('',(0.,-1.,0.));
#2639=DIRECTION('',(0.,0.,-1.));
#2640=DIRECTION('',(0.,0.,1.));
#2641=DIRECTION('',(-1.,0.,0.));
#2642=DIRECTION('',(0.,0.,1.));
#2643=DIRECTION('',(0.,-1.,0.));
#2644=DIRECTION('',(0.,0.,-1.));
#2645=CARTESIAN_POINT('',(0.,0.,0.));
#2646=CARTESIAN_POINT('',(0.014,-0.028,-0.00975));
#2647=CARTESIAN_POINT('',(0.014,-0.0255,-0.0123));
#2648=CARTESIAN_POINT('',(0.014,-0.022,-0.0123));
#2649=CARTESIAN_POINT('',(0.014,-0.018,-0.0123));
#2650=CARTESIAN_POINT('',(0.014,-0.022,-0.01375));
#2651=CARTESIAN_POINT('',(0.014,-0.022,-0.00975));
#2652=CARTESIAN_POINT('',(0.014,-0.018,-0.00975));
#2653=CARTESIAN_POINT('',(0.014,-0.018,-0.00975));
#2654=CARTESIAN_POINT('',(0.014,-0.018,-0.004875));
#2655=CARTESIAN_POINT('',(-3.2707583537854E-18,-2.91463528231774E-33,-0.0123));
#2656=CARTESIAN_POINT('',(0.022,-0.025,-0.0123));
#2657=CARTESIAN_POINT('',(0.0204,-0.025,-0.0123));
#2658=CARTESIAN_POINT('',(0.018,-2.91463528231774E-33,-0.0123));
#2659=CARTESIAN_POINT('',(0.018,-0.025,-0.0123));
#2660=CARTESIAN_POINT('',(0.018,-0.022,-0.0123));
#2661=CARTESIAN_POINT('',(-3.2707583537854E-18,-0.022,-0.0123));
#2662=CARTESIAN_POINT('',(0.01675,-0.018,-0.0123));
#2663=CARTESIAN_POINT('',(-0.00499456419050693,-0.018,-0.0123));
#2664=CARTESIAN_POINT('',(-0.00499456419050693,-2.91463528231774E-33,-0.0123));
#2665=CARTESIAN_POINT('',(-0.00499456419050693,-0.0115,-0.0123));
#2666=CARTESIAN_POINT('',(0.006875,-0.0115,-0.0123));
#2667=CARTESIAN_POINT('',(0.0260952102884802,-0.0115,-0.0123));
#2668=CARTESIAN_POINT('',(0.0260952102884802,0.,-0.0123));
#2669=CARTESIAN_POINT('',(0.0260952102884802,0.0105,-0.0123));
#2670=CARTESIAN_POINT('',(0.006875,0.0105,-0.0123));
#2671=CARTESIAN_POINT('',(0.01645,0.0105,-0.0123));
#2672=CARTESIAN_POINT('',(0.01645,0.00625,-0.0123));
#2673=CARTESIAN_POINT('',(0.01645,0.0175,-0.0123));
#2674=CARTESIAN_POINT('',(0.012625,0.0175,-0.0123));
#2675=CARTESIAN_POINT('',(0.02525,0.0175,-0.0123));
#2676=CARTESIAN_POINT('',(0.02525,-1.13741864675814E-33,-0.0123));
#2677=CARTESIAN_POINT('',(0.02525,0.02344,-0.0123));
#2678=CARTESIAN_POINT('',(0.01225,0.02344,-0.0123));
#2679=CARTESIAN_POINT('',(0.021,0.02344,-0.0123));
#2680=CARTESIAN_POINT('',(0.021,0.02553,-0.0123));
#2681=CARTESIAN_POINT('',(0.021,0.0318,-0.0123));
#2682=CARTESIAN_POINT('',(0.02265,0.0318,-0.0123));
#2683=CARTESIAN_POINT('',(0.0276,0.0318,-0.0123));
#2684=CARTESIAN_POINT('',(0.0276,0.02971,-0.0123));
#2685=CARTESIAN_POINT('',(0.0276,0.0275,-0.0123));
#2686=CARTESIAN_POINT('',(0.007,0.0275,-0.0123));
#2687=CARTESIAN_POINT('',(0.0411895945760846,0.0275,-0.0123));
#2688=CARTESIAN_POINT('',(0.0411895945760846,0.,-0.0123));
#2689=CARTESIAN_POINT('',(0.0411895945760846,-0.018,-0.0123));
#2690=CARTESIAN_POINT('',(0.01675,-0.018,-0.0123));
#2691=CARTESIAN_POINT('',(0.026,-0.018,-0.0123));
#2692=CARTESIAN_POINT('',(0.026,-0.0205,-0.0123));
#2693=CARTESIAN_POINT('',(0.026,-0.028,-0.0123));
#2694=CARTESIAN_POINT('',(0.023,-0.028,-0.0123));
#2695=CARTESIAN_POINT('',(0.014,-0.028,-0.0123));
#2696=CARTESIAN_POINT('',(0.014,-0.0255,-0.0123));
#2697=CARTESIAN_POINT('',(0.014,-0.025,-0.0123));
#2698=CARTESIAN_POINT('',(-3.2707583537854E-18,-0.025,-0.0123));
#2699=CARTESIAN_POINT('',(0.02175,-0.021,-0.00975));
#2700=CARTESIAN_POINT('',(0.016,-0.022,-0.00975));
#2701=CARTESIAN_POINT('',(0.018,-0.022,-0.00975));
#2702=CARTESIAN_POINT('',(0.018,-0.0235,-0.00975));
#2703=CARTESIAN_POINT('',(0.018,-0.025,-0.00975));
#2704=CARTESIAN_POINT('',(0.016,-0.025,-0.00975));
#2705=CARTESIAN_POINT('',(0.014,-0.025,-0.00975));
#2706=CARTESIAN_POINT('',(0.014,-0.018,-0.00975));
#2707=CARTESIAN_POINT('',(0.014,-0.028,-0.00975));
#2708=CARTESIAN_POINT('',(0.014,-0.028,-0.00975));
#2709=CARTESIAN_POINT('',(0.02125,-0.028,-0.00975));
#2710=CARTESIAN_POINT('',(0.02125,-0.026,-0.00975));
#2711=CARTESIAN_POINT('',(0.01925,-0.026,-0.00975));
#2712=CARTESIAN_POINT('',(0.01925,-0.0245,-0.00975));
#2713=CARTESIAN_POINT('',(0.01925,-0.024,-0.00975));
#2714=CARTESIAN_POINT('',(0.02125,-0.024,-0.00975));
#2715=CARTESIAN_POINT('',(0.02125,-0.022,-0.00975));
#2716=CARTESIAN_POINT('',(0.0215,-0.022,-0.00975));
#2717=CARTESIAN_POINT('',(0.02425,-0.022,-0.00975));
#2718=CARTESIAN_POINT('',(0.02425,-0.0255,-0.00975));
#2719=CARTESIAN_POINT('',(0.02425,-0.028,-0.00975));
#2720=CARTESIAN_POINT('',(0.014,-0.028,-0.00975));
#2721=CARTESIAN_POINT('',(0.026,-0.028,-0.00975));
#2722=CARTESIAN_POINT('',(0.026,-0.028,-0.00975));
#2723=CARTESIAN_POINT('',(0.026,-0.018,-0.00975));
#2724=CARTESIAN_POINT('',(0.01675,-0.018,-0.00975));
#2725=CARTESIAN_POINT('',(0.04175,-0.018,-0.00975));
#2726=CARTESIAN_POINT('',(0.04175,0.,-0.00975));
#2727=CARTESIAN_POINT('',(0.04175,0.0275,-0.00975));
#2728=CARTESIAN_POINT('',(0.029375,0.0275,-0.00975));
#2729=CARTESIAN_POINT('',(0.0276,0.0275,-0.00975));
#2730=CARTESIAN_POINT('',(0.0276,0.0275,-0.00975));
#2731=CARTESIAN_POINT('',(0.0276,0.0318,-0.00975));
#2732=CARTESIAN_POINT('',(0.0276,0.0318,-0.00975));
#2733=CARTESIAN_POINT('',(0.021,0.0318,-0.00975));
#2734=CARTESIAN_POINT('',(0.021,0.0318,-0.00975));
#2735=CARTESIAN_POINT('',(0.021,0.02344,-0.00975));
#2736=CARTESIAN_POINT('',(0.021,0.02344,-0.00975));
#2737=CARTESIAN_POINT('',(0.02525,0.02344,-0.00975));
#2738=CARTESIAN_POINT('',(0.02525,0.01572,-0.00975));
#2739=CARTESIAN_POINT('',(0.02525,0.0175,-0.00975));
#2740=CARTESIAN_POINT('',(5.03447668592398E-18,0.0175,-0.00975));
#2741=CARTESIAN_POINT('',(-0.02525,0.0175,-0.00975));
#2742=CARTESIAN_POINT('',(-0.02525,0.01572,-0.00975));
#2743=CARTESIAN_POINT('',(-0.02525,0.022,-0.00975));
#2744=CARTESIAN_POINT('',(-0.0235,0.022,-0.00975));
#2745=CARTESIAN_POINT('',(-0.02475,0.022,-0.00975));
#2746=CARTESIAN_POINT('',(-0.02475,0.03144,-0.00975));
#2747=CARTESIAN_POINT('',(-0.02475,0.0275,-0.00975));
#2748=CARTESIAN_POINT('',(-0.007,0.0275,-0.00975));
#2749=CARTESIAN_POINT('',(-0.04175,0.0275,-0.00975));
#2750=CARTESIAN_POINT('',(-0.04175,0.,-0.00975));
#2751=CARTESIAN_POINT('',(-0.04175,-0.018,-0.00975));
#2752=CARTESIAN_POINT('',(0.01675,-0.018,-0.00975));
#2753=CARTESIAN_POINT('',(-0.0189945641905069,-0.018,-0.00975));
#2754=CARTESIAN_POINT('',(-0.0189945641905069,-0.01475,-0.00975));
#2755=CARTESIAN_POINT('',(-0.0189945641905069,-0.0115,-0.00975));
#2756=CARTESIAN_POINT('',(-3.04943994609041E-18,-0.0115,-0.00975));
#2757=CARTESIAN_POINT('',(-0.024,-0.0115,-0.00975));
#2758=CARTESIAN_POINT('',(-0.001625,-0.0115,-0.00975));
#2759=CARTESIAN_POINT('',(-0.025,-0.0115,-0.00975));
#2760=CARTESIAN_POINT('',(-0.025,-0.00525,-0.00975));
#2761=CARTESIAN_POINT('',(-0.025,-0.0005,-0.00975));
#2762=CARTESIAN_POINT('',(-0.022,-0.0005,-0.00975));
#2763=CARTESIAN_POINT('',(-0.024,-0.0005,-0.00975));
#2764=CARTESIAN_POINT('',(-0.024,0.,-0.00975));
#2765=CARTESIAN_POINT('',(-0.024,0.0105,-0.00975));
#2766=CARTESIAN_POINT('',(5.03447668592398E-18,0.0105,-0.00975));
#2767=CARTESIAN_POINT('',(0.024,0.0105,-0.00975));
#2768=CARTESIAN_POINT('',(0.023375,0.0105,-0.00975));
#2769=CARTESIAN_POINT('',(0.025,0.0105,-0.00975));
#2770=CARTESIAN_POINT('',(0.025,-0.01625,-0.00975));
#2771=CARTESIAN_POINT('',(0.025,-0.0115,-0.00975));
#2772=CARTESIAN_POINT('',(0.022875,-0.0115,-0.00975));
#2773=CARTESIAN_POINT('',(0.024,-0.0115,-0.00975));
#2774=CARTESIAN_POINT('',(-3.04943994609041E-18,-0.0115,-0.00975));
#2775=CARTESIAN_POINT('',(0.0138558599581347,-0.0115,-0.00975));
#2776=CARTESIAN_POINT('',(0.0098,-0.0121,-0.00975));
#2777=CARTESIAN_POINT('',(0.0139,-0.0121,-0.00975));
#2778=CARTESIAN_POINT('',(0.0139,-0.01655,-0.00975));
#2779=CARTESIAN_POINT('',(0.0139,-0.0178,-0.00975));
#2780=CARTESIAN_POINT('',(0.016825,-0.0178,-0.00975));
#2781=CARTESIAN_POINT('',(0.0057,-0.0178,-0.00975));
#2782=CARTESIAN_POINT('',(0.0057,-0.018,-0.00975));
#2783=CARTESIAN_POINT('',(0.0057,-0.0121,-0.00975));
#2784=CARTESIAN_POINT('',(0.0098,-0.0121,-0.00975));
#2785=CARTESIAN_POINT('',(0.00574414004186535,-0.0115,-0.00975));
#2786=CARTESIAN_POINT('',(-3.04943994609041E-18,-0.0115,-0.00975));
#2787=CARTESIAN_POINT('',(-0.00499456419050693,-0.0115,-0.00975));
#2788=CARTESIAN_POINT('',(-0.00499456419050693,-0.01475,-0.00975));
#2789=CARTESIAN_POINT('',(-0.00499456419050693,-0.018,-0.00975));
#2790=CARTESIAN_POINT('',(0.01675,-0.018,-0.00975));
#2791=CARTESIAN_POINT('',(0.01375,-0.0115,-0.0155));
#2792=CARTESIAN_POINT('',(-0.00499456419050693,-0.0115,-0.01575));
#2793=CARTESIAN_POINT('',(0.0077875388202502,-0.0115,-0.00775));
#2794=CARTESIAN_POINT('',(0.00709541987918529,-0.0115,-0.0084132678574584));
#2795=CARTESIAN_POINT('',(0.00574414004186535,-0.0115,-0.00975));
#2796=CARTESIAN_POINT('',(0.00778753882025019,-0.0115,-0.00775));
#2797=CARTESIAN_POINT('',(0.00778753882025019,-0.0115,0.));
#2798=CARTESIAN_POINT('',(0.00778753882025019,-0.0115,-0.0100833703050002));
#2799=CARTESIAN_POINT('',(0.00778753882025019,-0.0115,-0.0100833703050002));
#2800=CARTESIAN_POINT('',(0.00778753882025019,-0.0115,-0.0103477504024335));
#2801=CARTESIAN_POINT('',(0.00787692811666102,-0.0115,-0.0108340119379703));
#2802=CARTESIAN_POINT('',(0.00831359738699164,-0.0115,-0.011470786006125));
#2803=CARTESIAN_POINT('',(0.00894959967359094,-0.0115,-0.0119103086106131));
#2804=CARTESIAN_POINT('',(0.00943559558800071,-0.0115,-0.012));
#2805=CARTESIAN_POINT('',(0.0097,-0.0115,-0.012));
#2806=CARTESIAN_POINT('',(0.0097,-0.0115,-0.012));
#2807=CARTESIAN_POINT('',(-3.67394039744206E-18,-0.0115,-0.012));
#2808=CARTESIAN_POINT('',(0.0099,-0.0115,-0.012));
#2809=CARTESIAN_POINT('',(0.0099,-0.0115,-0.012));
#2810=CARTESIAN_POINT('',(0.0101641690232199,-0.0115,-0.012));
#2811=CARTESIAN_POINT('',(0.0106498538881712,-0.0115,-0.0119103506987971));
#2812=CARTESIAN_POINT('',(0.0112865500570766,-0.0115,-0.0114706383703978));
#2813=CARTESIAN_POINT('',(0.0117230298496284,-0.0115,-0.0108345590843623));
#2814=CARTESIAN_POINT('',(0.0118124611797498,-0.0115,-0.0103479860962639));
#2815=CARTESIAN_POINT('',(0.0118124611797498,-0.0115,-0.0100833703050002));
#2816=CARTESIAN_POINT('',(0.0118124611797515,-0.0115000000000058,-0.0100833703050003));
#2817=CARTESIAN_POINT('',(0.0118124611797498,-0.0115,0.));
#2818=CARTESIAN_POINT('',(0.0118124611797498,-0.0115,-0.00775));
#2819=CARTESIAN_POINT('',(0.0138558599581347,-0.0115,-0.00975));
#2820=CARTESIAN_POINT('',(0.0125045801208154,-0.0115,-0.00841326785745911));
#2821=CARTESIAN_POINT('',(0.0118124611797498,-0.0115,-0.00775));
#2822=CARTESIAN_POINT('',(0.024,-0.0115,-0.013175));
#2823=CARTESIAN_POINT('',(0.024,-0.0115,-0.00985049669418775));
#2824=CARTESIAN_POINT('',(0.,-0.0115,-0.0325));
#2825=CARTESIAN_POINT('',(0.0335,-0.018,0.));
#2826=CARTESIAN_POINT('',(0.01675,-0.018,-0.0123));
#2827=CARTESIAN_POINT('',(-0.0189945641905069,-0.018,-0.0123));
#2828=CARTESIAN_POINT('',(-0.0411895945760846,-0.018,-0.0123));
#2829=CARTESIAN_POINT('',(-0.0189945641905069,-0.018,-0.01575));
#2830=CARTESIAN_POINT('',(-0.04175,-0.018,0.015));
#2831=CARTESIAN_POINT('',(-0.04175,-0.018,-0.01));
#2832=CARTESIAN_POINT('',(-0.03675,-0.018,-0.01));
#2833=CARTESIAN_POINT('',(0.,0.,-0.0325));
#2834=CARTESIAN_POINT('',(-0.024,0.,-0.00985049669418775));
#2835=CARTESIAN_POINT('',(-0.024,0.0105,-0.00985049669418775));
#2836=CARTESIAN_POINT('',(-0.024,-0.0115,-0.00985049669418775));
#2837=CARTESIAN_POINT('',(0.,-0.0115,-0.0325));
#2838=CARTESIAN_POINT('',(-0.0260952102884802,-0.0115,-0.0123));
#2839=CARTESIAN_POINT('',(-0.0260952102884801,0.,-0.0123));
#2840=CARTESIAN_POINT('',(-0.0260952102884801,0.0105,-0.0123));
#2841=CARTESIAN_POINT('',(0.,0.0105,-0.0325));
#2842=CARTESIAN_POINT('',(0.00990000295976029,-0.0114999991927927,-0.0120000025667558));
#2843=CARTESIAN_POINT('',(0.0099,-0.0115,-0.012));
#2844=CARTESIAN_POINT('',(0.0098936008349562,-0.0115,-0.012));
#2845=CARTESIAN_POINT('',(0.00986539037123972,-0.0115,-0.012));
#2846=CARTESIAN_POINT('',(0.009823535841014,-0.0115,-0.012));
#2847=CARTESIAN_POINT('',(0.00977654120420818,-0.0115,-0.012));
#2848=CARTESIAN_POINT('',(0.00973446955699669,-0.0115,-0.012));
#2849=CARTESIAN_POINT('',(0.00970645325391162,-0.0115,-0.012));
#2850=CARTESIAN_POINT('',(0.0097,-0.0115,-0.012));
#2851=CARTESIAN_POINT('',(0.00969999704023971,-0.0114999991927927,-0.0120000025667558));
#2852=CARTESIAN_POINT('',(0.0104983986006838,-0.0115,-0.012));
#2853=CARTESIAN_POINT('',(0.0104813936424931,-0.0114206439690202,-0.0119743140631848));
#2854=CARTESIAN_POINT('',(0.0104102674653028,-0.0112725367008087,-0.0119308026272579));
#2855=CARTESIAN_POINT('',(0.0102087154790512,-0.0111030752341174,-0.0118896542725914));
#2856=CARTESIAN_POINT('',(0.00994478297163764,-0.0110100652713257,-0.0118705278164346));
#2857=CARTESIAN_POINT('',(0.00965605227171484,-0.0110100175792773,-0.0118705007737522));
#2858=CARTESIAN_POINT('',(0.00939016385535577,-0.0111033770223749,-0.0118897502629984));
#2859=CARTESIAN_POINT('',(0.00919033491238302,-0.0112723265567886,-0.0119307373540919));
#2860=CARTESIAN_POINT('',(0.00911856523672713,-0.0114208358649273,-0.0119743761759957));
#2861=CARTESIAN_POINT('',(0.00910160139931623,-0.0115,-0.012));
#2862=CARTESIAN_POINT('',(0.0115348052556755,-0.0116504894102888,-0.0115214741737583));
#2863=CARTESIAN_POINT('',(0.0114907398109818,-0.0114215426605478,-0.0114806763842739));
#2864=CARTESIAN_POINT('',(0.0113078236432306,-0.0109946190132895,-0.0114125171986268));
#2865=CARTESIAN_POINT('',(0.0108083367542324,-0.0105087508603631,-0.0113492313025478));
#2866=CARTESIAN_POINT('',(0.0101553706099157,-0.0102434400024788,-0.0113199945495372));
#2867=CARTESIAN_POINT('',(0.00944559505849119,-0.0102432927645578,-0.0113199298774135));
#2868=CARTESIAN_POINT('',(0.00878958888490841,-0.0105096232445657,-0.0113493691778568));
#2869=CARTESIAN_POINT('',(0.0082929603423297,-0.0109940133399577,-0.0114124131338534));
#2870=CARTESIAN_POINT('',(0.00810915363154077,-0.0114220962913642,-0.0114807750400247));
#2871=CARTESIAN_POINT('',(0.00806519474432451,-0.0116504894102887,-0.0115214741737583));
#2872=CARTESIAN_POINT('',(0.0119,-0.0119653603148462,-0.0105202485096151));
#2873=CARTESIAN_POINT('',(0.0118802306771936,-0.011666441723692,-0.0105049219143653));
#2874=CARTESIAN_POINT('',(0.0117136812688413,-0.0110816457499214,-0.0104784953375363));
#2875=CARTESIAN_POINT('',(0.0111154417983158,-0.0103775409110358,-0.010452623898351));
#2876=CARTESIAN_POINT('',(0.0102702374090765,-0.00998277251173051,-0.0104401635783464));
#2877=CARTESIAN_POINT('',(0.00933150241819249,-0.00998264640558937,-0.0104401408672279));
#2878=CARTESIAN_POINT('',(0.00848158971071771,-0.0103787404459207,-0.0104526773206991));
#2879=CARTESIAN_POINT('',(0.00788757416085062,-0.0110808352681683,-0.0104784557166783));
#2880=CARTESIAN_POINT('',(0.00771972151733927,-0.011667164557905,-0.0105049589765881));
#2881=CARTESIAN_POINT('',(0.0077,-0.0119653603148462,-0.0105202485096151));
#2882=CARTESIAN_POINT('',(0.0119,-0.0121,-0.0100921215971661));
#2883=CARTESIAN_POINT('',(0.0119,-0.0117943442774899,-0.0100875442506066));
#2884=CARTESIAN_POINT('',(0.0117656175340803,-0.0111800121096053,-0.0100787351518204));
#2885=CARTESIAN_POINT('',(0.0111731977960342,-0.0104165167866508,-0.0100686609687961));
#2886=CARTESIAN_POINT('',(0.010294252661294,-0.00998191863886792,-0.0100632887423255));
#2887=CARTESIAN_POINT('',(0.00930736528837179,-0.00998183010723921,-0.0100632847998175));
#2888=CARTESIAN_POINT('',(0.00842386069693052,-0.0104177729299254,-0.0100686793236994));
#2889=CARTESIAN_POINT('',(0.00783551833214411,-0.0111791704281815,-0.0100787227817693));
#2890=CARTESIAN_POINT('',(0.0077,-0.0117950834031922,-0.0100875553193818));
#2891=CARTESIAN_POINT('',(0.0077,-0.0121,-0.0100921215971661));
#2892=CARTESIAN_POINT('',(0.0118124611808562,-0.0115000000037111,-0.0100833728935305));
#2893=CARTESIAN_POINT('',(0.0116734791751566,-0.0110338401819811,-0.0100767525433014));
#2894=CARTESIAN_POINT('',(0.0110691553501942,-0.0102487605770297,-0.0100668219443937));
#2895=CARTESIAN_POINT('',(0.00980109502049903,-0.00987572349861932,-0.0100618558660552));
#2896=CARTESIAN_POINT('',(0.00853083155057563,-0.0102483461852604,-0.0100668210616265));
#2897=CARTESIAN_POINT('',(0.00792653568367492,-0.0110337905002386,-0.0100767530129629));
#2898=CARTESIAN_POINT('',(0.00778753887421851,-0.0114999998189848,-0.0100833743628965));
#2899=CARTESIAN_POINT('',(0.024,0.,-0.015));
#2900=CARTESIAN_POINT('',(0.024,-0.00025,-0.0096));
#2901=CARTESIAN_POINT('',(0.024,-0.0115,-0.0096));
#2902=CARTESIAN_POINT('',(0.024,0.0105,-0.0096));
#2903=CARTESIAN_POINT('',(0.024,0.0105,-0.00975));
#2904=CARTESIAN_POINT('',(0.024,0.0105,-0.02375));
#2905=CARTESIAN_POINT('',(0.024,0.0105,-0.00985049669418775));
#2906=CARTESIAN_POINT('',(0.024,0.,-0.00985049669418775));
#2907=CARTESIAN_POINT('',(0.024,-0.0115,-0.00975));
#2908=CARTESIAN_POINT('',(0.,0.,-0.0325));
#2909=CARTESIAN_POINT('',(0.,0.0105,-0.0325));
#2910=CARTESIAN_POINT('',(0.01375,0.0105,-0.017));
#2911=CARTESIAN_POINT('',(-0.024,0.0105,-0.02375));
#2912=CARTESIAN_POINT('',(0.006875,0.0105,-0.0123));
#2913=CARTESIAN_POINT('',(0.00605,0.0105,-0.0123));
#2914=CARTESIAN_POINT('',(0.00605,0.0105,-0.0145));
#2915=CARTESIAN_POINT('',(0.00605,0.0105,-0.0118));
#2916=CARTESIAN_POINT('',(0.015,0.0105,-0.0118));
#2917=CARTESIAN_POINT('',(0.01645,0.0105,-0.0118));
#2918=CARTESIAN_POINT('',(0.01645,0.0105,-0.01775));
#2919=CARTESIAN_POINT('',(-0.024,0.,-0.015));
#2920=CARTESIAN_POINT('',(-0.024,-0.0005,-0.015));
#2921=CARTESIAN_POINT('',(-0.024,-0.0005,-0.0096));
#2922=CARTESIAN_POINT('',(-0.024,-0.002,-0.0096));
#2923=CARTESIAN_POINT('',(-0.024,-0.0115,-0.0096));
#2924=CARTESIAN_POINT('',(-0.024,-0.0115,-0.00975));
#2925=CARTESIAN_POINT('',(-0.024,-0.0115,-0.01525));
#2926=CARTESIAN_POINT('',(3.58990991282713E-18,-0.0005,-0.0046));
#2927=CARTESIAN_POINT('',(0.0098,-0.0121,-0.0046));
#2928=CARTESIAN_POINT('',(0.0108,-0.0121,-0.0046));
#2929=CARTESIAN_POINT('',(0.0098,-0.0121,-0.0046));
#2930=CARTESIAN_POINT('',(0.0077,-0.0121,-0.0046));
#2931=CARTESIAN_POINT('',(0.0119,-0.0121,-0.0046));
#2932=CARTESIAN_POINT('',(0.0077,-0.0115,-0.0046));
#2933=CARTESIAN_POINT('',(0.0077,-0.0158,-0.0046));
#2934=CARTESIAN_POINT('',(0.0077,-0.0158,-0.0046));
#2935=CARTESIAN_POINT('',(0.0119,-0.0158,-0.0046));
#2936=CARTESIAN_POINT('',(0.0119,-0.015,-0.0046));
#2937=CARTESIAN_POINT('',(-0.02525,0.,-0.015));
#2938=CARTESIAN_POINT('',(-0.02525,0.011,-0.01044));
#2939=CARTESIAN_POINT('',(-0.02525,0.0175,-0.01044));
#2940=CARTESIAN_POINT('',(-0.02525,0.022,-0.01044));
#2941=CARTESIAN_POINT('',(-0.02525,0.022,-0.0098));
#2942=CARTESIAN_POINT('',(-0.02525,0.0175,-0.016));
#2943=CARTESIAN_POINT('',(-0.02125,0.022,-0.0046));
#2944=CARTESIAN_POINT('',(-0.02225,0.022,-0.01044));
#2945=CARTESIAN_POINT('',(-0.02325,0.022,-0.01044));
#2946=CARTESIAN_POINT('',(-0.021625,0.022,-0.01044));
#2947=CARTESIAN_POINT('',(-0.02125,0.022,-0.01044));
#2948=CARTESIAN_POINT('',(-0.02125,0.022,-0.0046));
#2949=CARTESIAN_POINT('',(-0.02125,0.022,-0.0046));
#2950=CARTESIAN_POINT('',(-0.02525,0.022,-0.0046));
#2951=CARTESIAN_POINT('',(-0.02475,0.022,-0.0046));
#2952=CARTESIAN_POINT('',(-0.02475,0.022,-0.0098));
#2953=CARTESIAN_POINT('',(-0.02475,0.,-0.015));
#2954=CARTESIAN_POINT('',(-0.02475,0.0275,-0.012885));
#2955=CARTESIAN_POINT('',(-0.02475,0.0275,-0.0046));
#2956=CARTESIAN_POINT('',(-0.02475,0.0125,-0.0046));
#2957=CARTESIAN_POINT('',(-0.014,0.0275,-0.01944));
#2958=CARTESIAN_POINT('',(-0.007,0.0275,-0.0123));
#2959=CARTESIAN_POINT('',(-0.0411895945760846,0.0275,-0.0123));
#2960=CARTESIAN_POINT('',(-0.0199233440342705,0.0275,-0.0123));
#2961=CARTESIAN_POINT('',(-0.03675,0.0275,-0.01));
#2962=CARTESIAN_POINT('',(-0.04175,0.0275,-0.01));
#2963=CARTESIAN_POINT('',(-0.04175,0.0275,0.015));
#2964=CARTESIAN_POINT('',(-0.02225,0.0275,-0.0046));
#2965=CARTESIAN_POINT('',(-0.0199271243444677,0.0275,-0.0046));
#2966=CARTESIAN_POINT('',(-0.0199271243444677,0.0275,-0.0046));
#2967=CARTESIAN_POINT('',(-0.0199271243444677,0.0275,-0.01044));
#2968=CARTESIAN_POINT('',(-0.0240766559657295,0.0275,-0.01044));
#2969=CARTESIAN_POINT('',(-0.0199233440342705,0.0275,-0.01044));
#2970=CARTESIAN_POINT('',(-0.0199233440342705,0.0275,-0.02044));
#2971=CARTESIAN_POINT('',(-0.04175,0.,0.015));
#2972=CARTESIAN_POINT('',(-0.04175,0.,-0.01));
#2973=CARTESIAN_POINT('',(0.04175,0.,0.015));
#2974=CARTESIAN_POINT('',(0.04175,-0.018,0.015));
#2975=CARTESIAN_POINT('',(0.04175,-0.018,-0.01));
#2976=CARTESIAN_POINT('',(0.04175,0.,-0.01));
#2977=CARTESIAN_POINT('',(0.04175,0.0275,-0.01));
#2978=CARTESIAN_POINT('',(0.04175,0.0275,0.015));
#2979=CARTESIAN_POINT('',(-0.014,0.0275,-0.01944));
#2980=CARTESIAN_POINT('',(0.0276,0.0275,0.004845));
#2981=CARTESIAN_POINT('',(0.03675,0.0275,-0.01));
#2982=CARTESIAN_POINT('',(0.02525,0.0175,-0.015));
#2983=CARTESIAN_POINT('',(0.01645,0.0175,-0.0185));
#2984=CARTESIAN_POINT('',(0.01645,0.0175,-0.0115));
#2985=CARTESIAN_POINT('',(0.00575,0.0175,-0.0115));
#2986=CARTESIAN_POINT('',(0.01725,0.0175,-0.0115));
#2987=CARTESIAN_POINT('',(0.01725,0.0175,-0.0135));
#2988=CARTESIAN_POINT('',(0.01725,0.0175,-0.01));
#2989=CARTESIAN_POINT('',(0.0065,0.0175,-0.01));
#2990=CARTESIAN_POINT('',(0.00325,0.0175,-0.01));
#2991=CARTESIAN_POINT('',(0.00325,0.0175,-0.01225));
#2992=CARTESIAN_POINT('',(0.00325,0.0175,-0.0115));
#2993=CARTESIAN_POINT('',(0.00575,0.0175,-0.0115));
#2994=CARTESIAN_POINT('',(0.00605,0.0175,-0.0115));
#2995=CARTESIAN_POINT('',(0.00605,0.0175,-0.013));
#2996=CARTESIAN_POINT('',(0.00605,0.0175,-0.0123));
#2997=CARTESIAN_POINT('',(0.012625,0.0175,-0.0123));
#2998=CARTESIAN_POINT('',(-0.02325,0.0175,-0.0123));
#2999=CARTESIAN_POINT('',(-0.02325,0.0175,-0.0148229751891129));
#3000=CARTESIAN_POINT('',(-0.02325,0.0175,-0.01044));
#3001=CARTESIAN_POINT('',(0.00100000000000002,0.0175,-0.01044));
#3002=CARTESIAN_POINT('',(0.02525,0.0175,-0.016));
#3003=CARTESIAN_POINT('',(0.022,-0.025,-0.0046));
#3004=CARTESIAN_POINT('',(0.022,-0.025,-0.0046));
#3005=CARTESIAN_POINT('',(0.0204,-0.025,-0.0046));
#3006=CARTESIAN_POINT('',(-0.022,0.025,-0.0046));
#3007=CARTESIAN_POINT('',(-0.022,0.025,-0.0046));
#3008=CARTESIAN_POINT('',(-0.0236,0.025,-0.0046));
#3009=CARTESIAN_POINT('',(-0.022,0.025,-0.0123));
#3010=CARTESIAN_POINT('',(-0.0236,0.025,-0.0123));
#3011=CARTESIAN_POINT('',(0.01645,0.0125,-0.0185));
#3012=CARTESIAN_POINT('',(0.01645,0.0125,-0.0118));
#3013=CARTESIAN_POINT('',(0.01645,0.0135,-0.0118));
#3014=CARTESIAN_POINT('',(0.01645,0.0135,-0.011725));
#3015=CARTESIAN_POINT('',(0.01645,0.0135,-0.0115));
#3016=CARTESIAN_POINT('',(0.01645,0.0175,-0.0115));
#3017=CARTESIAN_POINT('',(0.0245,0.02344,-0.0154747448713916));
#3018=CARTESIAN_POINT('',(0.02525,0.02344,-0.012375));
#3019=CARTESIAN_POINT('',(0.021,0.02344,-0.00975));
#3020=CARTESIAN_POINT('',(0.03675,0.,-0.01));
#3021=CARTESIAN_POINT('',(0.03675,-0.018,-0.01));
#3022=CARTESIAN_POINT('',(0.01925,-0.026,-0.0046));
#3023=CARTESIAN_POINT('',(0.01925,-0.026,-0.0046));
#3024=CARTESIAN_POINT('',(0.01925,-0.026,-0.0046));
#3025=CARTESIAN_POINT('',(0.01925,-0.024,-0.0046));
#3026=CARTESIAN_POINT('',(0.01925,-0.024,-0.0046));
#3027=CARTESIAN_POINT('',(0.01925,-0.024,-0.0046));
#3028=CARTESIAN_POINT('',(-0.03675,0.,-0.01));
#3029=CARTESIAN_POINT('',(-0.0411895945760846,0.,-0.0123));
#3030=CARTESIAN_POINT('',(-0.022,0.025,-0.02044));
#3031=CARTESIAN_POINT('',(-0.022,0.025,-0.0123));
#3032=CARTESIAN_POINT('',(-0.02325,0.022,-0.0123));
#3033=CARTESIAN_POINT('',(-0.022,0.025,-0.01044));
#3034=CARTESIAN_POINT('',(-0.02005,0.0224,-0.01044));
#3035=CARTESIAN_POINT('',(-0.022,0.025,-0.01044));
#3036=CARTESIAN_POINT('',(-0.02325,0.022,-0.02044));
#3037=CARTESIAN_POINT('',(-0.02325,0.022,-0.0146459503782261));
#3038=CARTESIAN_POINT('',(-0.02325,0.011,-0.0123));
#3039=CARTESIAN_POINT('',(-0.02325,0.022,-0.01044));
#3040=CARTESIAN_POINT('',(0.00605,0.0125,-0.012));
#3041=CARTESIAN_POINT('',(0.00605,0.00625,-0.0123));
#3042=CARTESIAN_POINT('',(0.00605,0.0175,-0.0115));
#3043=CARTESIAN_POINT('',(0.00605,0.0135,-0.0115));
#3044=CARTESIAN_POINT('',(0.00605,0.0135,-0.011575));
#3045=CARTESIAN_POINT('',(0.00605,0.0135,-0.0118));
#3046=CARTESIAN_POINT('',(0.00605,0.0125,-0.0118));
#3047=CARTESIAN_POINT('',(0.01625,0.0125,-0.0118));
#3048=CARTESIAN_POINT('',(0.01375,0.0135,-0.0118));
#3049=CARTESIAN_POINT('',(-0.022,0.024625,-0.01044));
#3050=CARTESIAN_POINT('',(-0.022,0.024625,-0.01044));
#3051=CARTESIAN_POINT('',(-0.02125,0.024,-0.01044));
#3052=CARTESIAN_POINT('',(-0.02125,0.024,-0.0046));
#3053=CARTESIAN_POINT('',(-0.02125,0.024,-0.01044));
#3054=CARTESIAN_POINT('',(-0.01925,0.024,-0.01044));
#3055=CARTESIAN_POINT('',(-0.01925,0.024,-0.0046));
#3056=CARTESIAN_POINT('',(-0.01925,0.024,-0.0046));
#3057=CARTESIAN_POINT('',(-0.02125,0.024,-0.0046));
#3058=CARTESIAN_POINT('',(3.58990991282713E-18,-0.0005,-0.0046));
#3059=CARTESIAN_POINT('',(-0.01925,0.024,-0.0046));
#3060=CARTESIAN_POINT('',(-0.01925,0.026,-0.0046));
#3061=CARTESIAN_POINT('',(-0.02125,0.026,-0.0046));
#3062=CARTESIAN_POINT('',(-0.02125,0.026,-0.0046));
#3063=CARTESIAN_POINT('',(-0.02125,0.026,-0.01044));
#3064=CARTESIAN_POINT('',(-0.01925,0.026,-0.01044));
#3065=CARTESIAN_POINT('',(-0.01925,0.026,-0.0046));
#3066=CARTESIAN_POINT('',(-0.022,0.024625,-0.01044));
#3067=CARTESIAN_POINT('',(-0.01925,0.0253125,-0.01044));
#3068=CARTESIAN_POINT('',(0.00325,0.0175,-0.0115));
#3069=CARTESIAN_POINT('',(0.01725,0.0135,-0.0115));
#3070=CARTESIAN_POINT('',(0.01725,0.0135,-0.0115));
#3071=CARTESIAN_POINT('',(0.01725,0.015,-0.0115));
#3072=CARTESIAN_POINT('',(0.01725,0.0125,-0.01));
#3073=CARTESIAN_POINT('',(0.01725,0.0135,-0.010375));
#3074=CARTESIAN_POINT('',(0.01725,0.0135,-0.01));
#3075=CARTESIAN_POINT('',(0.01725,0.0125,-0.01));
#3076=CARTESIAN_POINT('',(-0.00075,0.0125,-0.01));
#3077=CARTESIAN_POINT('',(0.00325,0.015,-0.01));
#3078=CARTESIAN_POINT('',(0.00325,0.0135,-0.01));
#3079=CARTESIAN_POINT('',(0.00475,0.0135,-0.01));
#3080=CARTESIAN_POINT('',(0.00325,0.0175,-0.01));
#3081=CARTESIAN_POINT('',(0.00325,0.0135,-0.0115));
#3082=CARTESIAN_POINT('',(0.00325,0.0135,-0.0115));
#3083=CARTESIAN_POINT('',(0.00325,0.0175,-0.0115));
#3084=CARTESIAN_POINT('',(0.00325,0.0175,-0.0115));
#3085=CARTESIAN_POINT('',(0.01725,0.0135,-0.0115));
#3086=CARTESIAN_POINT('',(3.58990991282713E-18,-0.0005,-0.0046));
#3087=CARTESIAN_POINT('',(0.02425,-0.0265,-0.0046));
#3088=CARTESIAN_POINT('',(0.02425,-0.028,-0.0046));
#3089=CARTESIAN_POINT('',(0.02425,-0.022,-0.0046));
#3090=CARTESIAN_POINT('',(0.02525,-0.022,-0.0046));
#3091=CARTESIAN_POINT('',(0.02125,-0.022,-0.0046));
#3092=CARTESIAN_POINT('',(0.02125,-0.024,-0.0046));
#3093=CARTESIAN_POINT('',(0.02125,-0.026,-0.0046));
#3094=CARTESIAN_POINT('',(0.02125,-0.028,-0.0046));
#3095=CARTESIAN_POINT('',(0.02125,-0.028,-0.0046));
#3096=CARTESIAN_POINT('',(0.01025,0.0135,-0.01075));
#3097=CARTESIAN_POINT('',(0.02125,-0.022,-0.0046));
#3098=CARTESIAN_POINT('',(0.02125,-0.022,-0.0046));
#3099=CARTESIAN_POINT('',(0.02425,-0.022,-0.008025));
#3100=CARTESIAN_POINT('',(0.02125,-0.024,-0.0046));
#3101=CARTESIAN_POINT('',(0.0098,-0.0121,-0.00982532273213534));
#3102=CARTESIAN_POINT('',(0.0098,-0.0121,-0.0100506454642707));
#3103=CARTESIAN_POINT('',(0.0098,-0.0121,-0.0094497848452431));
#3104=CARTESIAN_POINT('',(0.0108,-0.0121,-0.0094497848452431));
#3105=CARTESIAN_POINT('',(-0.01925,0.026,-0.0046));
#3106=CARTESIAN_POINT('',(0.01375,-0.0115,-0.0155));
#3107=CARTESIAN_POINT('',(-0.0189945641905069,-0.0115,-0.01575));
#3108=CARTESIAN_POINT('',(-0.0189945641905069,-0.0115,-0.0123));
#3109=CARTESIAN_POINT('',(0.006875,-0.0115,-0.0123));
#3110=CARTESIAN_POINT('',(0.0098,-0.0121,-0.0046));
#3111=CARTESIAN_POINT('',(0.02525,0.,-0.015));
#3112=CARTESIAN_POINT('',(-3.2707583537854E-18,-2.91463528231774E-33,-0.0123));
#3113=CARTESIAN_POINT('',(-0.0189945641905069,-2.91463528231774E-33,-0.0123));
#3114=CARTESIAN_POINT('',(0.021,0.02344,-0.00975));
#3115=CARTESIAN_POINT('',(0.021,0.0318,-0.00975));
#3116=CARTESIAN_POINT('',(0.021,0.0318,-0.00975));
#3117=CARTESIAN_POINT('',(0.0276,0.0318,-0.00975));
#3118=CARTESIAN_POINT('',(0.0276,0.0318,-0.00975));
#3119=CARTESIAN_POINT('',(0.0335,-0.018,0.));
#3120=CARTESIAN_POINT('',(0.026,-0.018,-0.004875));
#3121=CARTESIAN_POINT('',(0.02425,-0.028,-0.01145));
#3122=CARTESIAN_POINT('',(0.02425,-0.028,-0.0123375));
#3123=CARTESIAN_POINT('',(0.0335,-0.028,-0.013225));
#3124=CARTESIAN_POINT('',(0.02125,-0.028,-0.0046));
#3125=CARTESIAN_POINT('',(0.014,-0.028,-0.00975));
#3126=CARTESIAN_POINT('',(0.026,-0.028,-0.00975));
#3127=CARTESIAN_POINT('',(0.02125,-0.026,-0.0046));
#3128=CARTESIAN_POINT('',(0.0335,-0.018,0.));
#3129=CARTESIAN_POINT('',(-0.00499456419050693,-0.018,-0.01575));
#3130=CARTESIAN_POINT('',(0.026,-0.018,-0.00975));
#3131=CARTESIAN_POINT('',(0.014,-0.028,-0.00975));
#3132=CARTESIAN_POINT('',(0.014,-0.025,-0.01375));
#3133=CARTESIAN_POINT('',(-0.025,0.0105,-0.00975));
#3134=CARTESIAN_POINT('',(-0.025,-0.0005,-0.009752));
#3135=CARTESIAN_POINT('',(-0.025,-0.0005,-0.0046));
#3136=CARTESIAN_POINT('',(-0.025,-0.0115,-0.00975));
#3137=CARTESIAN_POINT('',(-0.025,-0.0115,-0.0046));
#3138=CARTESIAN_POINT('',(-0.025,0.005,-0.0046));
#3139=CARTESIAN_POINT('',(3.58990991282713E-18,-0.0005,-0.0046));
#3140=CARTESIAN_POINT('',(-0.022,-0.0005,-0.0046));
#3141=CARTESIAN_POINT('',(-0.019,-0.0005,-0.0046));
#3142=CARTESIAN_POINT('',(-0.0125,-0.0115,-0.0046));
#3143=CARTESIAN_POINT('',(-0.019,-0.0115,-0.0046));
#3144=CARTESIAN_POINT('',(-0.019,-0.0115,-0.0046));
#3145=CARTESIAN_POINT('',(3.58990991282713E-18,-0.0005,-0.0046));
#3146=CARTESIAN_POINT('',(0.0125,0.0105,-0.0046));
#3147=CARTESIAN_POINT('',(0.019,0.0105,-0.0046));
#3148=CARTESIAN_POINT('',(0.025,0.0105,-0.0046));
#3149=CARTESIAN_POINT('',(0.019,0.0105,-0.0046));
#3150=CARTESIAN_POINT('',(0.019,-0.0115,-0.0046));
#3151=CARTESIAN_POINT('',(0.012,-0.0115,-0.0046));
#3152=CARTESIAN_POINT('',(0.025,-0.0115,-0.0046));
#3153=CARTESIAN_POINT('',(0.025,-0.006,-0.0046));
#3154=CARTESIAN_POINT('',(0.025,-0.0115,-0.00975));
#3155=CARTESIAN_POINT('',(0.025,-0.0115,-0.00975));
#3156=CARTESIAN_POINT('',(0.025,0.0105,-0.00975));
#3157=CARTESIAN_POINT('',(0.01375,0.0105,-0.017));
#3158=CARTESIAN_POINT('',(0.0230375,0.0105,-0.0086375));
#3159=CARTESIAN_POINT('',(0.0098,-0.0121,0.));
#3160=CARTESIAN_POINT('',(0.0098,-0.0121,-0.00775));
#3161=CARTESIAN_POINT('',(0.0077,-0.0121,-0.00775));
#3162=CARTESIAN_POINT('',(0.0077,-0.0121,0.));
#3163=CARTESIAN_POINT('',(0.0119,-0.0121,0.));
#3164=CARTESIAN_POINT('',(0.0119,-0.0121,-0.00775));
#3165=CARTESIAN_POINT('',(0.0098,-0.0121,-0.00775));
#3166=CARTESIAN_POINT('',(0.0119,-0.0121,-0.0046));
#3167=CARTESIAN_POINT('',(0.0119,-0.01655,-0.00775));
#3168=CARTESIAN_POINT('',(0.0119,-0.0158,-0.00775));
#3169=CARTESIAN_POINT('',(0.0119,-0.0158,-0.0046));
#3170=CARTESIAN_POINT('',(0.0119,-0.0158,-0.0046));
#3171=CARTESIAN_POINT('',(0.016825,-0.0158,-0.00775));
#3172=CARTESIAN_POINT('',(0.0077,-0.0158,-0.00775));
#3173=CARTESIAN_POINT('',(0.0077,-0.0158,-0.0046));
#3174=CARTESIAN_POINT('',(0.0077,-0.015,-0.0046));
#3175=CARTESIAN_POINT('',(0.0077,-0.018,-0.00775));
#3176=CARTESIAN_POINT('',(0.0129,-0.01655,-0.00875));
#3177=CARTESIAN_POINT('',(0.0119,-0.0121,-0.00775));
#3178=CARTESIAN_POINT('',(0.0139,-0.0178,-0.00975));
#3179=CARTESIAN_POINT('',(0.0098,-0.0121,-0.00875));
#3180=CARTESIAN_POINT('',(0.016825,-0.0168,-0.00875));
#3181=CARTESIAN_POINT('',(0.0057,-0.0178,-0.00975));
#3182=CARTESIAN_POINT('',(0.0098,-0.0121,-0.00875));
#3183=CARTESIAN_POINT('',(0.0077,-0.0121,-0.00775));
#3184=CARTESIAN_POINT('',(0.0067,-0.018,-0.00875));
#3185=CARTESIAN_POINT('',(0.01375,-0.0115,-0.0155));
#3186=CARTESIAN_POINT('',(-0.0230375,-0.0115,-0.0086375));
#3187=CARTESIAN_POINT('',(-0.0215,-0.00025,-0.0071));
#3188=CARTESIAN_POINT('',(-0.0215,-0.0005,-0.0071));
#3189=CARTESIAN_POINT('',(0.01375,-0.0115,-0.0155));
#3190=CARTESIAN_POINT('',(0.0227875,-0.0115,-0.0083875));
#3191=CARTESIAN_POINT('',(0.0215,-0.006,-0.0071));
#3192=CARTESIAN_POINT('',(-0.00499456419050693,-0.01475,-0.01575));
#3193=CARTESIAN_POINT('',(-0.0189945641905069,-0.01475,-0.01575));
#3194=CARTESIAN_POINT('',(0.016,-0.022,-0.01375));
#3195=CARTESIAN_POINT('',(0.018,-0.022,-0.01375));
#3196=CARTESIAN_POINT('',(0.016,-0.025,-0.01375));
#3197=CARTESIAN_POINT('',(0.018,-0.025,-0.01375));
#3198=CARTESIAN_POINT('',(0.018,-0.0235,-0.01375));
#3199=CARTESIAN_POINT('',(-0.022,-0.0005,-0.009752));
#3200=MECHANICAL_DESIGN_GEOMETRIC_PRESENTATION_REPRESENTATION('',(#1744,
#35,#36,#37,#38,#39,#40,#41,#42,#43,#44,#45,#46,#47,#48,#49,#50,#51,#52,
#53,#54,#55,#56,#57,#58,#59,#60,#61,#62,#63,#64,#65,#66,#67,#68,#69,#70,
#71,#72,#73,#74,#75,#76,#77,#78,#79,#80,#81,#82,#83,#84,#85,#86,#87,#88,
#89,#90),#3201);
#3201=(
GEOMETRIC_REPRESENTATION_CONTEXT(3)
GLOBAL_UNCERTAINTY_ASSIGNED_CONTEXT((#3202))
GLOBAL_UNIT_ASSIGNED_CONTEXT((#3205,#3204,#3203))
REPRESENTATION_CONTEXT('electronics_frame_split_1',
'TOP_LEVEL_ASSEMBLY_PART')
);
#3202=UNCERTAINTY_MEASURE_WITH_UNIT(LENGTH_MEASURE(2.21163189515834E-5),
#3205,'DISTANCE_ACCURACY_VALUE','Maximum Tolerance applied to model');
#3203=(
NAMED_UNIT(*)
SI_UNIT($,.STERADIAN.)
SOLID_ANGLE_UNIT()
);
#3204=(
NAMED_UNIT(*)
PLANE_ANGLE_UNIT()
SI_UNIT($,.RADIAN.)
);
#3205=(
LENGTH_UNIT()
NAMED_UNIT(*)
SI_UNIT($,.METRE.)
);
#3206=PRODUCT_DEFINITION_SHAPE('','',#3207);
#3207=PRODUCT_DEFINITION('','',#3209,#3208);
#3208=PRODUCT_DEFINITION_CONTEXT('',#3215,'design');
#3209=PRODUCT_DEFINITION_FORMATION_WITH_SPECIFIED_SOURCE('','',#3211,
 .NOT_KNOWN.);
#3210=PRODUCT_RELATED_PRODUCT_CATEGORY('','',(#3211));
#3211=PRODUCT('electronics_frame_split_1','electronics_frame_split_1',
'electronics_frame_split_1',(#3213));
#3212=PRODUCT_CATEGORY('','');
#3213=PRODUCT_CONTEXT('',#3215,'mechanical');
#3214=APPLICATION_PROTOCOL_DEFINITION('international standard',
'ap242_managed_model_based_3d_engineering',2020,#3215);
#3215=APPLICATION_CONTEXT('managed model based 3d engineering');
ENDSEC;
END-ISO-10303-21;
