ISO-10303-21;
HEADER;
/* Generated by software containing ST-Developer
 * from STEP Tools, Inc. (www.steptools.com) 
 */
/* OPTION: using custom renumber hook */

FILE_DESCRIPTION(
/* description */ ('STEP AP242 Edition 2',
'CAx-IF Rec.Pracs.---Representation and Presentation of Product Manufa
cturing Information (PMI)---4.0---2014-10-13',
'CAx-IF Rec.Pracs.---3D Tessellated Geometry---0.4---2014-09-14','2;1',
'CAx-IF Rec.Pracs.---User Defined Attributes---1.5---2016-08-15'),
/* implementation_level */ '2;1');

FILE_NAME(
/* name */ 'electronics_frame_split_2 - electronics_frame_split_2',
/* time_stamp */ '2026-09-30T17:33:59Z',
/* author */ (''),
/* organization */ (''),
/* preprocessor_version */ 'ST-DEVELOPER v20',
/* originating_system */ 'ONSHAPE BY PTC INC, 1.221',
/* authorisation */ '  ');

FILE_SCHEMA (('AP242_MANAGED_MODEL_BASED_3D_ENGINEERING_MIM_LF { 1 0 10303 442 3 1 4 }'));
ENDSEC;

DATA;
#10=SHAPE_REPRESENTATION_RELATIONSHIP('','',#3890,#11);
#11=ADVANCED_BREP_SHAPE_REPRESENTATION('',(#3888),#6099);
#12=SPHERICAL_SURFACE('',#4125,0.0007);
#13=B_SPLINE_SURFACE_WITH_KNOTS('',3,1,((#5731,#5732),(#5733,#5734),(#5735,
#5736),(#5737,#5738)),.SURF_OF_LINEAR_EXTRUSION.,.F.,.F.,.F.,(4,4),(2,2),
(-1.7627612941871,-1.44345137907424),(0.,1.),.PIECEWISE_BEZIER_KNOTS.);
#14=B_SPLINE_SURFACE_WITH_KNOTS('',3,1,((#5775,#5776),(#5777,#5778),(#5779,
#5780),(#5781,#5782)),.SURF_OF_LINEAR_EXTRUSION.,.F.,.F.,.F.,(4,4),(2,2),
(-1.99999999938602,-1.54905540495785),(0.,1.),.PIECEWISE_BEZIER_KNOTS.);
#15=TOROIDAL_SURFACE('',#3910,0.004,0.002);
#16=TOROIDAL_SURFACE('',#3915,0.004,0.002);
#17=TOROIDAL_SURFACE('',#4088,0.0014,0.0007);
#18=TOROIDAL_SURFACE('',#4130,0.0012,0.0006);
#19=ELLIPSE('',#3900,0.00270508195889385,0.002);
#20=ELLIPSE('',#3901,0.00486914752600893,0.0036);
#21=ELLIPSE('',#3902,0.00742586474358631,0.005);
#22=ELLIPSE('',#3906,0.00297034589743452,0.002);
#23=ELLIPSE('',#3928,0.00676270489723461,0.005);
#24=ELLIPSE('',#3929,0.00534662261538216,0.0036);
#25=ELLIPSE('',#3957,0.00204727094679601,0.001);
#26=ELLIPSE('',#3958,0.00229202977797885,0.002);
#27=ELLIPSE('',#3975,0.000989949493661169,0.0007);
#28=ELLIPSE('',#3976,0.000757674540204675,0.0007);
#29=ELLIPSE('',#3979,0.000989949493661169,0.0007);
#30=ELLIPSE('',#3980,0.000989949493661169,0.0007);
#31=ELLIPSE('',#3996,0.00742586474358631,0.005);
#32=ELLIPSE('',#3998,0.00270508195889385,0.002);
#33=PLANE('',#3897);
#34=PLANE('',#3899);
#35=PLANE('',#3903);
#36=PLANE('',#3904);
#37=PLANE('',#3905);
#38=PLANE('',#3913);
#39=PLANE('',#3920);
#40=PLANE('',#3921);
#41=PLANE('',#3923);
#42=PLANE('',#3926);
#43=PLANE('',#3927);
#44=PLANE('',#3934);
#45=PLANE('',#3944);
#46=PLANE('',#3946);
#47=PLANE('',#3951);
#48=PLANE('',#3952);
#49=PLANE('',#3954);
#50=PLANE('',#3955);
#51=PLANE('',#3956);
#52=PLANE('',#3959);
#53=PLANE('',#3960);
#54=PLANE('',#3961);
#55=PLANE('',#3965);
#56=PLANE('',#3966);
#57=PLANE('',#3969);
#58=PLANE('',#3970);
#59=PLANE('',#3971);
#60=PLANE('',#3972);
#61=PLANE('',#3973);
#62=PLANE('',#3977);
#63=PLANE('',#3981);
#64=PLANE('',#3982);
#65=PLANE('',#3983);
#66=PLANE('',#3989);
#67=PLANE('',#3991);
#68=PLANE('',#3992);
#69=PLANE('',#3997);
#70=PLANE('',#3999);
#71=PLANE('',#4000);
#72=PLANE('',#4001);
#73=PLANE('',#4004);
#74=PLANE('',#4007);
#75=PLANE('',#4011);
#76=PLANE('',#4012);
#77=PLANE('',#4015);
#78=PLANE('',#4016);
#79=PLANE('',#4018);
#80=PLANE('',#4019);
#81=PLANE('',#4030);
#82=PLANE('',#4035);
#83=PLANE('',#4037);
#84=PLANE('',#4038);
#85=PLANE('',#4047);
#86=PLANE('',#4052);
#87=PLANE('',#4053);
#88=PLANE('',#4055);
#89=PLANE('',#4056);
#90=PLANE('',#4058);
#91=PLANE('',#4060);
#92=PLANE('',#4061);
#93=PLANE('',#4062);
#94=PLANE('',#4066);
#95=PLANE('',#4070);
#96=PLANE('',#4071);
#97=PLANE('',#4072);
#98=PLANE('',#4073);
#99=PLANE('',#4076);
#100=PLANE('',#4080);
#101=PLANE('',#4081);
#102=PLANE('',#4082);
#103=PLANE('',#4083);
#104=PLANE('',#4086);
#105=PLANE('',#4093);
#106=PLANE('',#4094);
#107=PLANE('',#4096);
#108=PLANE('',#4101);
#109=PLANE('',#4102);
#110=PLANE('',#4107);
#111=PLANE('',#4109);
#112=PLANE('',#4115);
#113=PLANE('',#4116);
#114=PLANE('',#4117);
#115=PLANE('',#4118);
#116=PLANE('',#4119);
#117=PLANE('',#4120);
#118=PLANE('',#4121);
#119=PLANE('',#4123);
#120=PLANE('',#4126);
#121=PLANE('',#4127);
#122=PLANE('',#4131);
#123=PLANE('',#4132);
#124=PLANE('',#4133);
#125=PLANE('',#4134);
#126=PLANE('',#4135);
#127=PLANE('',#4136);
#128=PLANE('',#4137);
#129=PLANE('',#4138);
#130=PLANE('',#4139);
#131=PLANE('',#4141);
#132=PLANE('',#4142);
#133=PLANE('',#4143);
#134=PLANE('',#4144);
#135=PLANE('',#4145);
#136=PLANE('',#4146);
#137=PLANE('',#4149);
#138=PLANE('',#4150);
#139=PLANE('',#4151);
#140=PLANE('',#4152);
#141=PLANE('',#4153);
#142=PLANE('',#4154);
#143=PLANE('',#4155);
#144=PLANE('',#4157);
#145=B_SPLINE_CURVE_WITH_KNOTS('',3,(#5055,#5056,#5057,#5058),
 .UNSPECIFIED.,.F.,.F.,(4,4),(0.,0.000498429321617305),.UNSPECIFIED.);
#146=B_SPLINE_CURVE_WITH_KNOTS('',3,(#5161,#5162,#5163,#5164,#5165),
 .UNSPECIFIED.,.F.,.F.,(4,1,4),(4.9065389333868E-17,0.00204748163821393,
0.00409496327642781),.UNSPECIFIED.);
#147=B_SPLINE_CURVE_WITH_KNOTS('',3,(#5189,#5190,#5191,#5192,#5193),
 .UNSPECIFIED.,.F.,.F.,(4,1,4),(0.,0.00204748163821395,0.0040949632764279),
 .UNSPECIFIED.);
#148=B_SPLINE_CURVE_WITH_KNOTS('',3,(#5219,#5220,#5221,#5222),
 .UNSPECIFIED.,.F.,.F.,(4,4),(-0.21101896453332,0.),.UNSPECIFIED.);
#149=B_SPLINE_CURVE_WITH_KNOTS('',3,(#5298,#5299,#5300,#5301,#5302,#5303,
#5304,#5305,#5306,#5307),.UNSPECIFIED.,.F.,.F.,(4,1,1,1,1,1,1,4),(0.,0.00111748013269064,
0.00223496026538128,0.00335244039807192,0.00446992053076256,0.0055874006634532,
0.00670488079614383,0.00893984106152511),.UNSPECIFIED.);
#150=B_SPLINE_CURVE_WITH_KNOTS('',3,(#5312,#5313,#5314,#5315,#5316),
 .UNSPECIFIED.,.F.,.F.,(4,1,4),(0.,0.001995729245882,0.00399145849176399),
 .UNSPECIFIED.);
#151=B_SPLINE_CURVE_WITH_KNOTS('',3,(#5335,#5336,#5337,#5338,#5339,#5340,
#5341,#5342,#5343,#5344,#5345),.UNSPECIFIED.,.F.,.F.,(4,1,1,1,1,1,1,1,4),
(0.,0.00137662307640395,0.00275324615280789,0.00412986922921184,0.00550649230561579,
0.00688311538201974,0.00825973845842368,0.00963636153482763,0.0110129846112316),
 .UNSPECIFIED.);
#152=B_SPLINE_CURVE_WITH_KNOTS('',3,(#5353,#5354,#5355,#5356,#5357),
 .UNSPECIFIED.,.F.,.F.,(4,1,4),(3.46944695195361E-18,0.00146487146866812,
0.00292974293733623),.UNSPECIFIED.);
#153=B_SPLINE_CURVE_WITH_KNOTS('',3,(#5364,#5365,#5366,#5367,#5368,#5369,
#5370),.UNSPECIFIED.,.F.,.F.,(4,1,1,1,4),(0.,0.000395846797818382,0.000791693595636764,
0.00118754039345515,0.00158338719127353),.UNSPECIFIED.);
#154=B_SPLINE_CURVE_WITH_KNOTS('',3,(#5523,#5524,#5525,#5526,#5527),
 .UNSPECIFIED.,.F.,.F.,(4,1,4),(0.,0.000716620090371886,0.00143324018074377),
 .UNSPECIFIED.);
#155=B_SPLINE_CURVE_WITH_KNOTS('',3,(#5741,#5742,#5743,#5744),
 .UNSPECIFIED.,.F.,.F.,(4,4),(-0.207128588771052,-0.170490643514693),
 .UNSPECIFIED.);
#156=B_SPLINE_CURVE_WITH_KNOTS('',3,(#5750,#5751,#5752,#5753,#5754,#5755,
#5756),.UNSPECIFIED.,.F.,.F.,(4,3,4),(0.170508507020847,0.206348946868332,
0.210649287617002),.UNSPECIFIED.);
#157=B_SPLINE_CURVE_WITH_KNOTS('',2,(#5783,#5784,#5785),.UNSPECIFIED.,.F.,
 .F.,(3,3),(-2.,-1.54905540563649),.UNSPECIFIED.);
#158=B_SPLINE_CURVE_WITH_KNOTS('',3,(#5805,#5806,#5807,#5808),
 .UNSPECIFIED.,.F.,.F.,(4,4),(3.46944695195361E-18,0.000443624488531579),
 .UNSPECIFIED.);
#159=B_SPLINE_CURVE_WITH_KNOTS('',3,(#5812,#5813,#5814,#5815,#5816),
 .UNSPECIFIED.,.F.,.F.,(4,1,4),(0.,0.00123066331719755,0.00246132663439511),
 .UNSPECIFIED.);
#160=B_SPLINE_CURVE_WITH_KNOTS('',3,(#5824,#5825,#5826,#5827),
 .UNSPECIFIED.,.F.,.F.,(4,4),(0.,0.000443624488531582),.UNSPECIFIED.);
#161=B_SPLINE_CURVE_WITH_KNOTS('',3,(#5833,#5834,#5835,#5836),
 .UNSPECIFIED.,.F.,.F.,(4,4),(6.93889390390723E-18,0.000443314519639567),
 .UNSPECIFIED.);
#162=B_SPLINE_CURVE_WITH_KNOTS('',3,(#5837,#5838,#5839,#5840),
 .UNSPECIFIED.,.F.,.F.,(4,4),(0.,0.000443314519639574),.UNSPECIFIED.);
#163=B_SPLINE_CURVE_WITH_KNOTS('',3,(#5993,#5994,#5995,#5996,#5997,#5998,
#5999,#6000,#6001,#6002),.UNSPECIFIED.,.F.,.F.,(4,1,1,1,1,1,1,4),(-0.00521911419882742,
-0.00438045624818011,-0.00354179829753281,-0.00270314034688551,-0.00186448239623821,
-0.00102582444559091,-0.00018716649494361,0.00149014940635099),
 .UNSPECIFIED.);
#164=B_SPLINE_CURVE_WITH_KNOTS('',3,(#6004,#6005,#6006,#6007),
 .UNSPECIFIED.,.F.,.F.,(4,4),(6.93889390390723E-18,0.000801560527066168),
 .UNSPECIFIED.);
#165=B_SPLINE_CURVE_WITH_KNOTS('',3,(#6009,#6010,#6011,#6012),
 .UNSPECIFIED.,.F.,.F.,(4,4),(0.,0.00060555722427658),.UNSPECIFIED.);
#166=LINE('',#5044,#513);
#167=LINE('',#5048,#514);
#168=LINE('',#5053,#515);
#169=LINE('',#5060,#516);
#170=LINE('',#5062,#517);
#171=LINE('',#5064,#518);
#172=LINE('',#5067,#519);
#173=LINE('',#5069,#520);
#174=LINE('',#5071,#521);
#175=LINE('',#5073,#522);
#176=LINE('',#5076,#523);
#177=LINE('',#5078,#524);
#178=LINE('',#5080,#525);
#179=LINE('',#5082,#526);
#180=LINE('',#5084,#527);
#181=LINE('',#5088,#528);
#182=LINE('',#5090,#529);
#183=LINE('',#5094,#530);
#184=LINE('',#5098,#531);
#185=LINE('',#5100,#532);
#186=LINE('',#5102,#533);
#187=LINE('',#5104,#534);
#188=LINE('',#5106,#535);
#189=LINE('',#5108,#536);
#190=LINE('',#5110,#537);
#191=LINE('',#5112,#538);
#192=LINE('',#5114,#539);
#193=LINE('',#5117,#540);
#194=LINE('',#5119,#541);
#195=LINE('',#5121,#542);
#196=LINE('',#5123,#543);
#197=LINE('',#5125,#544);
#198=LINE('',#5127,#545);
#199=LINE('',#5129,#546);
#200=LINE('',#5131,#547);
#201=LINE('',#5133,#548);
#202=LINE('',#5135,#549);
#203=LINE('',#5137,#550);
#204=LINE('',#5139,#551);
#205=LINE('',#5141,#552);
#206=LINE('',#5143,#553);
#207=LINE('',#5145,#554);
#208=LINE('',#5150,#555);
#209=LINE('',#5151,#556);
#210=LINE('',#5156,#557);
#211=LINE('',#5159,#558);
#212=LINE('',#5171,#559);
#213=LINE('',#5174,#560);
#214=LINE('',#5178,#561);
#215=LINE('',#5179,#562);
#216=LINE('',#5181,#563);
#217=LINE('',#5183,#564);
#218=LINE('',#5195,#565);
#219=LINE('',#5199,#566);
#220=LINE('',#5201,#567);
#221=LINE('',#5202,#568);
#222=LINE('',#5204,#569);
#223=LINE('',#5206,#570);
#224=LINE('',#5208,#571);
#225=LINE('',#5210,#572);
#226=LINE('',#5213,#573);
#227=LINE('',#5217,#574);
#228=LINE('',#5224,#575);
#229=LINE('',#5226,#576);
#230=LINE('',#5227,#577);
#231=LINE('',#5229,#578);
#232=LINE('',#5231,#579);
#233=LINE('',#5233,#580);
#234=LINE('',#5236,#581);
#235=LINE('',#5237,#582);
#236=LINE('',#5239,#583);
#237=LINE('',#5241,#584);
#238=LINE('',#5243,#585);
#239=LINE('',#5245,#586);
#240=LINE('',#5249,#587);
#241=LINE('',#5251,#588);
#242=LINE('',#5254,#589);
#243=LINE('',#5256,#590);
#244=LINE('',#5258,#591);
#245=LINE('',#5260,#592);
#246=LINE('',#5262,#593);
#247=LINE('',#5264,#594);
#248=LINE('',#5266,#595);
#249=LINE('',#5268,#596);
#250=LINE('',#5270,#597);
#251=LINE('',#5272,#598);
#252=LINE('',#5274,#599);
#253=LINE('',#5275,#600);
#254=LINE('',#5277,#601);
#255=LINE('',#5279,#602);
#256=LINE('',#5281,#603);
#257=LINE('',#5283,#604);
#258=LINE('',#5287,#605);
#259=LINE('',#5291,#606);
#260=LINE('',#5309,#607);
#261=LINE('',#5310,#608);
#262=LINE('',#5324,#609);
#263=LINE('',#5329,#610);
#264=LINE('',#5332,#611);
#265=LINE('',#5347,#612);
#266=LINE('',#5351,#613);
#267=LINE('',#5358,#614);
#268=LINE('',#5362,#615);
#269=LINE('',#5372,#616);
#270=LINE('',#5376,#617);
#271=LINE('',#5378,#618);
#272=LINE('',#5380,#619);
#273=LINE('',#5382,#620);
#274=LINE('',#5384,#621);
#275=LINE('',#5386,#622);
#276=LINE('',#5388,#623);
#277=LINE('',#5392,#624);
#278=LINE('',#5394,#625);
#279=LINE('',#5396,#626);
#280=LINE('',#5398,#627);
#281=LINE('',#5400,#628);
#282=LINE('',#5402,#629);
#283=LINE('',#5405,#630);
#284=LINE('',#5407,#631);
#285=LINE('',#5409,#632);
#286=LINE('',#5411,#633);
#287=LINE('',#5419,#634);
#288=LINE('',#5420,#635);
#289=LINE('',#5422,#636);
#290=LINE('',#5425,#637);
#291=LINE('',#5427,#638);
#292=LINE('',#5430,#639);
#293=LINE('',#5432,#640);
#294=LINE('',#5434,#641);
#295=LINE('',#5436,#642);
#296=LINE('',#5438,#643);
#297=LINE('',#5440,#644);
#298=LINE('',#5441,#645);
#299=LINE('',#5442,#646);
#300=LINE('',#5444,#647);
#301=LINE('',#5447,#648);
#302=LINE('',#5451,#649);
#303=LINE('',#5454,#650);
#304=LINE('',#5456,#651);
#305=LINE('',#5458,#652);
#306=LINE('',#5460,#653);
#307=LINE('',#5462,#654);
#308=LINE('',#5466,#655);
#309=LINE('',#5471,#656);
#310=LINE('',#5472,#657);
#311=LINE('',#5475,#658);
#312=LINE('',#5477,#659);
#313=LINE('',#5479,#660);
#314=LINE('',#5482,#661);
#315=LINE('',#5483,#662);
#316=LINE('',#5485,#663);
#317=LINE('',#5487,#664);
#318=LINE('',#5489,#665);
#319=LINE('',#5491,#666);
#320=LINE('',#5493,#667);
#321=LINE('',#5495,#668);
#322=LINE('',#5497,#669);
#323=LINE('',#5499,#670);
#324=LINE('',#5505,#671);
#325=LINE('',#5507,#672);
#326=LINE('',#5509,#673);
#327=LINE('',#5511,#674);
#328=LINE('',#5517,#675);
#329=LINE('',#5519,#676);
#330=LINE('',#5521,#677);
#331=LINE('',#5529,#678);
#332=LINE('',#5531,#679);
#333=LINE('',#5533,#680);
#334=LINE('',#5535,#681);
#335=LINE('',#5537,#682);
#336=LINE('',#5539,#683);
#337=LINE('',#5541,#684);
#338=LINE('',#5543,#685);
#339=LINE('',#5545,#686);
#340=LINE('',#5547,#687);
#341=LINE('',#5551,#688);
#342=LINE('',#5555,#689);
#343=LINE('',#5560,#690);
#344=LINE('',#5562,#691);
#345=LINE('',#5564,#692);
#346=LINE('',#5567,#693);
#347=LINE('',#5569,#694);
#348=LINE('',#5571,#695);
#349=LINE('',#5573,#696);
#350=LINE('',#5574,#697);
#351=LINE('',#5576,#698);
#352=LINE('',#5578,#699);
#353=LINE('',#5579,#700);
#354=LINE('',#5586,#701);
#355=LINE('',#5588,#702);
#356=LINE('',#5590,#703);
#357=LINE('',#5594,#704);
#358=LINE('',#5596,#705);
#359=LINE('',#5598,#706);
#360=LINE('',#5600,#707);
#361=LINE('',#5602,#708);
#362=LINE('',#5604,#709);
#363=LINE('',#5606,#710);
#364=LINE('',#5608,#711);
#365=LINE('',#5610,#712);
#366=LINE('',#5612,#713);
#367=LINE('',#5614,#714);
#368=LINE('',#5616,#715);
#369=LINE('',#5624,#716);
#370=LINE('',#5626,#717);
#371=LINE('',#5627,#718);
#372=LINE('',#5629,#719);
#373=LINE('',#5631,#720);
#374=LINE('',#5633,#721);
#375=LINE('',#5636,#722);
#376=LINE('',#5637,#723);
#377=LINE('',#5639,#724);
#378=LINE('',#5644,#725);
#379=LINE('',#5648,#726);
#380=LINE('',#5651,#727);
#381=LINE('',#5653,#728);
#382=LINE('',#5655,#729);
#383=LINE('',#5657,#730);
#384=LINE('',#5659,#731);
#385=LINE('',#5661,#732);
#386=LINE('',#5663,#733);
#387=LINE('',#5665,#734);
#388=LINE('',#5669,#735);
#389=LINE('',#5671,#736);
#390=LINE('',#5672,#737);
#391=LINE('',#5675,#738);
#392=LINE('',#5677,#739);
#393=LINE('',#5679,#740);
#394=LINE('',#5681,#741);
#395=LINE('',#5683,#742);
#396=LINE('',#5687,#743);
#397=LINE('',#5690,#744);
#398=LINE('',#5692,#745);
#399=LINE('',#5693,#746);
#400=LINE('',#5695,#747);
#401=LINE('',#5697,#748);
#402=LINE('',#5699,#749);
#403=LINE('',#5701,#750);
#404=LINE('',#5703,#751);
#405=LINE('',#5705,#752);
#406=LINE('',#5707,#753);
#407=LINE('',#5713,#754);
#408=LINE('',#5717,#755);
#409=LINE('',#5726,#756);
#410=LINE('',#5728,#757);
#411=LINE('',#5730,#758);
#412=LINE('',#5739,#759);
#413=LINE('',#5746,#760);
#414=LINE('',#5748,#761);
#415=LINE('',#5763,#762);
#416=LINE('',#5765,#763);
#417=LINE('',#5767,#764);
#418=LINE('',#5768,#765);
#419=LINE('',#5770,#766);
#420=LINE('',#5774,#767);
#421=LINE('',#5787,#768);
#422=LINE('',#5789,#769);
#423=LINE('',#5791,#770);
#424=LINE('',#5795,#771);
#425=LINE('',#5797,#772);
#426=LINE('',#5799,#773);
#427=LINE('',#5801,#774);
#428=LINE('',#5820,#775);
#429=LINE('',#5829,#776);
#430=LINE('',#5845,#777);
#431=LINE('',#5851,#778);
#432=LINE('',#5857,#779);
#433=LINE('',#5859,#780);
#434=LINE('',#5863,#781);
#435=LINE('',#5869,#782);
#436=LINE('',#5873,#783);
#437=LINE('',#5875,#784);
#438=LINE('',#5877,#785);
#439=LINE('',#5880,#786);
#440=LINE('',#5882,#787);
#441=LINE('',#5886,#788);
#442=LINE('',#5894,#789);
#443=LINE('',#5896,#790);
#444=LINE('',#5897,#791);
#445=LINE('',#5898,#792);
#446=LINE('',#5900,#793);
#447=LINE('',#5902,#794);
#448=LINE('',#5904,#795);
#449=LINE('',#5905,#796);
#450=LINE('',#5909,#797);
#451=LINE('',#5911,#798);
#452=LINE('',#5914,#799);
#453=LINE('',#5920,#800);
#454=LINE('',#5924,#801);
#455=LINE('',#5926,#802);
#456=LINE('',#5928,#803);
#457=LINE('',#5930,#804);
#458=LINE('',#5934,#805);
#459=LINE('',#5936,#806);
#460=LINE('',#5941,#807);
#461=LINE('',#5946,#808);
#462=LINE('',#5952,#809);
#463=LINE('',#5954,#810);
#464=LINE('',#5956,#811);
#465=LINE('',#5959,#812);
#466=LINE('',#5960,#813);
#467=LINE('',#5964,#814);
#468=LINE('',#5976,#815);
#469=LINE('',#5978,#816);
#470=LINE('',#5980,#817);
#471=LINE('',#5982,#818);
#472=LINE('',#5986,#819);
#473=LINE('',#6015,#820);
#474=LINE('',#6016,#821);
#475=LINE('',#6018,#822);
#476=LINE('',#6019,#823);
#477=LINE('',#6021,#824);
#478=LINE('',#6023,#825);
#479=LINE('',#6026,#826);
#480=LINE('',#6028,#827);
#481=LINE('',#6029,#828);
#482=LINE('',#6030,#829);
#483=LINE('',#6032,#830);
#484=LINE('',#6034,#831);
#485=LINE('',#6036,#832);
#486=LINE('',#6038,#833);
#487=LINE('',#6041,#834);
#488=LINE('',#6043,#835);
#489=LINE('',#6044,#836);
#490=LINE('',#6048,#837);
#491=LINE('',#6050,#838);
#492=LINE('',#6052,#839);
#493=LINE('',#6054,#840);
#494=LINE('',#6057,#841);
#495=LINE('',#6058,#842);
#496=LINE('',#6060,#843);
#497=LINE('',#6061,#844);
#498=LINE('',#6063,#845);
#499=LINE('',#6065,#846);
#500=LINE('',#6068,#847);
#501=LINE('',#6071,#848);
#502=LINE('',#6072,#849);
#503=LINE('',#6076,#850);
#504=LINE('',#6079,#851);
#505=LINE('',#6080,#852);
#506=LINE('',#6082,#853);
#507=LINE('',#6084,#854);
#508=LINE('',#6086,#855);
#509=LINE('',#6088,#856);
#510=LINE('',#6090,#857);
#511=LINE('',#6092,#858);
#512=LINE('',#6093,#859);
#513=VECTOR('',#4164,1.);
#514=VECTOR('',#4167,1.);
#515=VECTOR('',#4172,1.);
#516=VECTOR('',#4173,1.);
#517=VECTOR('',#4176,1.);
#518=VECTOR('',#4177,1.);
#519=VECTOR('',#4180,1.);
#520=VECTOR('',#4181,1.);
#521=VECTOR('',#4182,1.);
#522=VECTOR('',#4185,1.);
#523=VECTOR('',#4186,1.);
#524=VECTOR('',#4187,1.);
#525=VECTOR('',#4188,1.);
#526=VECTOR('',#4189,1.);
#527=VECTOR('',#4190,1.);
#528=VECTOR('',#4193,1.);
#529=VECTOR('',#4194,1.);
#530=VECTOR('',#4197,1.);
#531=VECTOR('',#4200,1.);
#532=VECTOR('',#4203,1.);
#533=VECTOR('',#4204,1.);
#534=VECTOR('',#4205,1.);
#535=VECTOR('',#4206,1.);
#536=VECTOR('',#4207,1.);
#537=VECTOR('',#4208,1.);
#538=VECTOR('',#4209,1.);
#539=VECTOR('',#4212,1.);
#540=VECTOR('',#4213,1.);
#541=VECTOR('',#4214,1.);
#542=VECTOR('',#4215,1.);
#543=VECTOR('',#4216,1.);
#544=VECTOR('',#4217,1.);
#545=VECTOR('',#4218,1.);
#546=VECTOR('',#4219,1.);
#547=VECTOR('',#4220,1.);
#548=VECTOR('',#4221,1.);
#549=VECTOR('',#4222,1.);
#550=VECTOR('',#4223,1.);
#551=VECTOR('',#4224,1.);
#552=VECTOR('',#4225,1.);
#553=VECTOR('',#4226,1.);
#554=VECTOR('',#4229,1.);
#555=VECTOR('',#4232,1.);
#556=VECTOR('',#4233,1.);
#557=VECTOR('',#4238,1.);
#558=VECTOR('',#4241,1.);
#559=VECTOR('',#4250,1.);
#560=VECTOR('',#4251,1.);
#561=VECTOR('',#4254,1.);
#562=VECTOR('',#4255,1.);
#563=VECTOR('',#4256,1.);
#564=VECTOR('',#4257,1.);
#565=VECTOR('',#4266,1.);
#566=VECTOR('',#4269,1.);
#567=VECTOR('',#4272,1.);
#568=VECTOR('',#4273,1.);
#569=VECTOR('',#4274,1.);
#570=VECTOR('',#4275,1.);
#571=VECTOR('',#4276,1.);
#572=VECTOR('',#4279,1.);
#573=VECTOR('',#4280,1.);
#574=VECTOR('',#4283,1.);
#575=VECTOR('',#4284,1.);
#576=VECTOR('',#4285,1.);
#577=VECTOR('',#4286,1.);
#578=VECTOR('',#4287,1.);
#579=VECTOR('',#4288,1.);
#580=VECTOR('',#4291,1.);
#581=VECTOR('',#4292,1.);
#582=VECTOR('',#4293,1.);
#583=VECTOR('',#4294,1.);
#584=VECTOR('',#4295,1.);
#585=VECTOR('',#4296,1.);
#586=VECTOR('',#4299,1.);
#587=VECTOR('',#4302,1.);
#588=VECTOR('',#4305,1.);
#589=VECTOR('',#4306,1.);
#590=VECTOR('',#4307,1.);
#591=VECTOR('',#4308,1.);
#592=VECTOR('',#4309,1.);
#593=VECTOR('',#4310,1.);
#594=VECTOR('',#4311,1.);
#595=VECTOR('',#4312,1.);
#596=VECTOR('',#4313,1.);
#597=VECTOR('',#4314,1.);
#598=VECTOR('',#4315,1.);
#599=VECTOR('',#4316,1.);
#600=VECTOR('',#4317,1.);
#601=VECTOR('',#4318,1.);
#602=VECTOR('',#4319,1.);
#603=VECTOR('',#4320,1.);
#604=VECTOR('',#4323,1.);
#605=VECTOR('',#4326,1.);
#606=VECTOR('',#4331,1.);
#607=VECTOR('',#4336,1.);
#608=VECTOR('',#4337,1.);
#609=VECTOR('',#4350,1.);
#610=VECTOR('',#4353,1.);
#611=VECTOR('',#4356,1.);
#612=VECTOR('',#4357,1.);
#613=VECTOR('',#4360,1.);
#614=VECTOR('',#4361,1.);
#615=VECTOR('',#4364,1.);
#616=VECTOR('',#4365,1.);
#617=VECTOR('',#4370,1.);
#618=VECTOR('',#4371,1.);
#619=VECTOR('',#4372,1.);
#620=VECTOR('',#4373,1.);
#621=VECTOR('',#4374,1.);
#622=VECTOR('',#4375,1.);
#623=VECTOR('',#4376,1.);
#624=VECTOR('',#4379,1.);
#625=VECTOR('',#4380,1.);
#626=VECTOR('',#4381,1.);
#627=VECTOR('',#4382,1.);
#628=VECTOR('',#4383,1.);
#629=VECTOR('',#4386,1.);
#630=VECTOR('',#4387,1.);
#631=VECTOR('',#4388,1.);
#632=VECTOR('',#4389,1.);
#633=VECTOR('',#4392,1.);
#634=VECTOR('',#4401,1.);
#635=VECTOR('',#4402,1.);
#636=VECTOR('',#4405,1.);
#637=VECTOR('',#4406,1.);
#638=VECTOR('',#4407,1.);
#639=VECTOR('',#4410,1.);
#640=VECTOR('',#4411,1.);
#641=VECTOR('',#4414,1.);
#642=VECTOR('',#4415,1.);
#643=VECTOR('',#4416,1.);
#644=VECTOR('',#4419,1.);
#645=VECTOR('',#4420,1.);
#646=VECTOR('',#4421,1.);
#647=VECTOR('',#4424,1.);
#648=VECTOR('',#4425,1.);
#649=VECTOR('',#4428,1.);
#650=VECTOR('',#4433,1.);
#651=VECTOR('',#4434,1.);
#652=VECTOR('',#4437,1.);
#653=VECTOR('',#4438,1.);
#654=VECTOR('',#4441,1.);
#655=VECTOR('',#4446,1.);
#656=VECTOR('',#4453,1.);
#657=VECTOR('',#4454,1.);
#658=VECTOR('',#4459,1.);
#659=VECTOR('',#4462,1.);
#660=VECTOR('',#4465,1.);
#661=VECTOR('',#4466,1.);
#662=VECTOR('',#4467,1.);
#663=VECTOR('',#4470,1.);
#664=VECTOR('',#4471,1.);
#665=VECTOR('',#4474,1.);
#666=VECTOR('',#4475,1.);
#667=VECTOR('',#4478,1.);
#668=VECTOR('',#4479,1.);
#669=VECTOR('',#4480,1.);
#670=VECTOR('',#4481,1.);
#671=VECTOR('',#4488,1.);
#672=VECTOR('',#4491,1.);
#673=VECTOR('',#4492,1.);
#674=VECTOR('',#4493,1.);
#675=VECTOR('',#4500,1.);
#676=VECTOR('',#4503,1.);
#677=VECTOR('',#4504,1.);
#678=VECTOR('',#4505,1.);
#679=VECTOR('',#4506,1.);
#680=VECTOR('',#4507,1.);
#681=VECTOR('',#4510,1.);
#682=VECTOR('',#4511,1.);
#683=VECTOR('',#4512,1.);
#684=VECTOR('',#4513,1.);
#685=VECTOR('',#4514,1.);
#686=VECTOR('',#4517,1.);
#687=VECTOR('',#4518,1.);
#688=VECTOR('',#4521,1.);
#689=VECTOR('',#4524,1.);
#690=VECTOR('',#4531,1.);
#691=VECTOR('',#4534,1.);
#692=VECTOR('',#4535,1.);
#693=VECTOR('',#4538,1.);
#694=VECTOR('',#4539,1.);
#695=VECTOR('',#4540,1.);
#696=VECTOR('',#4543,1.);
#697=VECTOR('',#4544,1.);
#698=VECTOR('',#4547,1.);
#699=VECTOR('',#4548,1.);
#700=VECTOR('',#4549,1.);
#701=VECTOR('',#4560,1.);
#702=VECTOR('',#4561,1.);
#703=VECTOR('',#4562,1.);
#704=VECTOR('',#4565,1.);
#705=VECTOR('',#4566,1.);
#706=VECTOR('',#4567,1.);
#707=VECTOR('',#4568,1.);
#708=VECTOR('',#4569,1.);
#709=VECTOR('',#4572,1.);
#710=VECTOR('',#4573,1.);
#711=VECTOR('',#4576,1.);
#712=VECTOR('',#4577,1.);
#713=VECTOR('',#4580,1.);
#714=VECTOR('',#4583,1.);
#715=VECTOR('',#4584,1.);
#716=VECTOR('',#4593,1.);
#717=VECTOR('',#4594,1.);
#718=VECTOR('',#4595,1.);
#719=VECTOR('',#4596,1.);
#720=VECTOR('',#4597,1.);
#721=VECTOR('',#4600,1.);
#722=VECTOR('',#4601,1.);
#723=VECTOR('',#4602,1.);
#724=VECTOR('',#4605,1.);
#725=VECTOR('',#4608,1.);
#726=VECTOR('',#4613,1.);
#727=VECTOR('',#4614,1.);
#728=VECTOR('',#4615,1.);
#729=VECTOR('',#4616,1.);
#730=VECTOR('',#4617,1.);
#731=VECTOR('',#4618,1.);
#732=VECTOR('',#4619,1.);
#733=VECTOR('',#4620,1.);
#734=VECTOR('',#4623,1.);
#735=VECTOR('',#4626,1.);
#736=VECTOR('',#4627,1.);
#737=VECTOR('',#4628,1.);
#738=VECTOR('',#4631,1.);
#739=VECTOR('',#4632,1.);
#740=VECTOR('',#4635,1.);
#741=VECTOR('',#4636,1.);
#742=VECTOR('',#4637,1.);
#743=VECTOR('',#4642,1.);
#744=VECTOR('',#4643,1.);
#745=VECTOR('',#4644,1.);
#746=VECTOR('',#4645,1.);
#747=VECTOR('',#4646,1.);
#748=VECTOR('',#4649,1.);
#749=VECTOR('',#4650,1.);
#750=VECTOR('',#4651,1.);
#751=VECTOR('',#4654,1.);
#752=VECTOR('',#4655,1.);
#753=VECTOR('',#4656,1.);
#754=VECTOR('',#4663,1.);
#755=VECTOR('',#4668,1.);
#756=VECTOR('',#4681,1.);
#757=VECTOR('',#4682,1.);
#758=VECTOR('',#4683,1.);
#759=VECTOR('',#4684,1.);
#760=VECTOR('',#4685,1.);
#761=VECTOR('',#4686,1.);
#762=VECTOR('',#4697,1.);
#763=VECTOR('',#4698,1.);
#764=VECTOR('',#4699,1.);
#765=VECTOR('',#4700,1.);
#766=VECTOR('',#4701,1.);
#767=VECTOR('',#4704,1.);
#768=VECTOR('',#4707,1.);
#769=VECTOR('',#4708,1.);
#770=VECTOR('',#4709,1.);
#771=VECTOR('',#4714,1.);
#772=VECTOR('',#4715,1.);
#773=VECTOR('',#4716,1.);
#774=VECTOR('',#4719,1.);
#775=VECTOR('',#4728,1.);
#776=VECTOR('',#4733,1.);
#777=VECTOR('',#4748,1.);
#778=VECTOR('',#4757,1.);
#779=VECTOR('',#4766,1.);
#780=VECTOR('',#4767,1.);
#781=VECTOR('',#4772,1.);
#782=VECTOR('',#4783,1.);
#783=VECTOR('',#4788,1.);
#784=VECTOR('',#4789,1.);
#785=VECTOR('',#4792,1.);
#786=VECTOR('',#4797,1.);
#787=VECTOR('',#4798,1.);
#788=VECTOR('',#4805,1.);
#789=VECTOR('',#4816,1.);
#790=VECTOR('',#4817,1.);
#791=VECTOR('',#4818,1.);
#792=VECTOR('',#4819,1.);
#793=VECTOR('',#4820,1.);
#794=VECTOR('',#4823,1.);
#795=VECTOR('',#4826,1.);
#796=VECTOR('',#4827,1.);
#797=VECTOR('',#4832,1.);
#798=VECTOR('',#4835,1.);
#799=VECTOR('',#4838,1.);
#800=VECTOR('',#4847,1.);
#801=VECTOR('',#4852,1.);
#802=VECTOR('',#4853,1.);
#803=VECTOR('',#4856,1.);
#804=VECTOR('',#4857,1.);
#805=VECTOR('',#4862,1.);
#806=VECTOR('',#4865,1.);
#807=VECTOR('',#4874,1.);
#808=VECTOR('',#4883,1.);
#809=VECTOR('',#4890,1.);
#810=VECTOR('',#4891,1.);
#811=VECTOR('',#4894,1.);
#812=VECTOR('',#4895,1.);
#813=VECTOR('',#4896,1.);
#814=VECTOR('',#4901,1.);
#815=VECTOR('',#4920,1.);
#816=VECTOR('',#4921,1.);
#817=VECTOR('',#4924,1.);
#818=VECTOR('',#4925,1.);
#819=VECTOR('',#4930,1.);
#820=VECTOR('',#4949,1.);
#821=VECTOR('',#4950,1.);
#822=VECTOR('',#4953,1.);
#823=VECTOR('',#4954,1.);
#824=VECTOR('',#4955,1.);
#825=VECTOR('',#4958,1.);
#826=VECTOR('',#4963,1.);
#827=VECTOR('',#4964,1.);
#828=VECTOR('',#4965,1.);
#829=VECTOR('',#4966,1.);
#830=VECTOR('',#4969,1.);
#831=VECTOR('',#4970,1.);
#832=VECTOR('',#4971,1.);
#833=VECTOR('',#4974,1.);
#834=VECTOR('',#4975,1.);
#835=VECTOR('',#4976,1.);
#836=VECTOR('',#4977,1.);
#837=VECTOR('',#4982,1.);
#838=VECTOR('',#4983,1.);
#839=VECTOR('',#4986,1.);
#840=VECTOR('',#4989,1.);
#841=VECTOR('',#4990,1.);
#842=VECTOR('',#4991,1.);
#843=VECTOR('',#4992,1.);
#844=VECTOR('',#4993,1.);
#845=VECTOR('',#4996,1.);
#846=VECTOR('',#4999,1.);
#847=VECTOR('',#5004,1.);
#848=VECTOR('',#5005,1.);
#849=VECTOR('',#5006,1.);
#850=VECTOR('',#5013,1.);
#851=VECTOR('',#5014,1.);
#852=VECTOR('',#5015,1.);
#853=VECTOR('',#5018,1.);
#854=VECTOR('',#5019,1.);
#855=VECTOR('',#5022,1.);
#856=VECTOR('',#5023,1.);
#857=VECTOR('',#5026,1.);
#858=VECTOR('',#5029,1.);
#859=VECTOR('',#5030,1.);
#860=ORIENTED_EDGE('',*,*,#1808,.F.);
#861=ORIENTED_EDGE('',*,*,#1809,.T.);
#862=ORIENTED_EDGE('',*,*,#1810,.T.);
#863=ORIENTED_EDGE('',*,*,#1811,.T.);
#864=ORIENTED_EDGE('',*,*,#1812,.F.);
#865=ORIENTED_EDGE('',*,*,#1813,.T.);
#866=ORIENTED_EDGE('',*,*,#1814,.F.);
#867=ORIENTED_EDGE('',*,*,#1815,.F.);
#868=ORIENTED_EDGE('',*,*,#1816,.T.);
#869=ORIENTED_EDGE('',*,*,#1817,.T.);
#870=ORIENTED_EDGE('',*,*,#1811,.F.);
#871=ORIENTED_EDGE('',*,*,#1818,.F.);
#872=ORIENTED_EDGE('',*,*,#1819,.T.);
#873=ORIENTED_EDGE('',*,*,#1820,.T.);
#874=ORIENTED_EDGE('',*,*,#1821,.F.);
#875=ORIENTED_EDGE('',*,*,#1813,.F.);
#876=ORIENTED_EDGE('',*,*,#1822,.T.);
#877=ORIENTED_EDGE('',*,*,#1823,.T.);
#878=ORIENTED_EDGE('',*,*,#1824,.T.);
#879=ORIENTED_EDGE('',*,*,#1825,.T.);
#880=ORIENTED_EDGE('',*,*,#1826,.T.);
#881=ORIENTED_EDGE('',*,*,#1827,.T.);
#882=ORIENTED_EDGE('',*,*,#1828,.F.);
#883=ORIENTED_EDGE('',*,*,#1829,.F.);
#884=ORIENTED_EDGE('',*,*,#1830,.T.);
#885=ORIENTED_EDGE('',*,*,#1831,.F.);
#886=ORIENTED_EDGE('',*,*,#1832,.T.);
#887=ORIENTED_EDGE('',*,*,#1833,.T.);
#888=ORIENTED_EDGE('',*,*,#1834,.F.);
#889=ORIENTED_EDGE('',*,*,#1834,.T.);
#890=ORIENTED_EDGE('',*,*,#1835,.T.);
#891=ORIENTED_EDGE('',*,*,#1836,.T.);
#892=ORIENTED_EDGE('',*,*,#1837,.T.);
#893=ORIENTED_EDGE('',*,*,#1838,.T.);
#894=ORIENTED_EDGE('',*,*,#1839,.F.);
#895=ORIENTED_EDGE('',*,*,#1840,.F.);
#896=ORIENTED_EDGE('',*,*,#1841,.F.);
#897=ORIENTED_EDGE('',*,*,#1842,.T.);
#898=ORIENTED_EDGE('',*,*,#1843,.T.);
#899=ORIENTED_EDGE('',*,*,#1844,.T.);
#900=ORIENTED_EDGE('',*,*,#1845,.F.);
#901=ORIENTED_EDGE('',*,*,#1846,.F.);
#902=ORIENTED_EDGE('',*,*,#1847,.T.);
#903=ORIENTED_EDGE('',*,*,#1848,.F.);
#904=ORIENTED_EDGE('',*,*,#1849,.F.);
#905=ORIENTED_EDGE('',*,*,#1850,.F.);
#906=ORIENTED_EDGE('',*,*,#1851,.F.);
#907=ORIENTED_EDGE('',*,*,#1852,.F.);
#908=ORIENTED_EDGE('',*,*,#1853,.F.);
#909=ORIENTED_EDGE('',*,*,#1854,.T.);
#910=ORIENTED_EDGE('',*,*,#1855,.F.);
#911=ORIENTED_EDGE('',*,*,#1856,.T.);
#912=ORIENTED_EDGE('',*,*,#1857,.T.);
#913=ORIENTED_EDGE('',*,*,#1858,.T.);
#914=ORIENTED_EDGE('',*,*,#1859,.T.);
#915=ORIENTED_EDGE('',*,*,#1851,.T.);
#916=ORIENTED_EDGE('',*,*,#1860,.T.);
#917=ORIENTED_EDGE('',*,*,#1861,.F.);
#918=ORIENTED_EDGE('',*,*,#1862,.T.);
#919=ORIENTED_EDGE('',*,*,#1858,.F.);
#920=ORIENTED_EDGE('',*,*,#1863,.T.);
#921=ORIENTED_EDGE('',*,*,#1864,.T.);
#922=ORIENTED_EDGE('',*,*,#1865,.T.);
#923=ORIENTED_EDGE('',*,*,#1861,.T.);
#924=ORIENTED_EDGE('',*,*,#1866,.F.);
#925=ORIENTED_EDGE('',*,*,#1867,.T.);
#926=ORIENTED_EDGE('',*,*,#1868,.T.);
#927=ORIENTED_EDGE('',*,*,#1869,.F.);
#928=ORIENTED_EDGE('',*,*,#1870,.F.);
#929=ORIENTED_EDGE('',*,*,#1871,.F.);
#930=ORIENTED_EDGE('',*,*,#1867,.F.);
#931=ORIENTED_EDGE('',*,*,#1872,.F.);
#932=ORIENTED_EDGE('',*,*,#1873,.F.);
#933=ORIENTED_EDGE('',*,*,#1874,.F.);
#934=ORIENTED_EDGE('',*,*,#1875,.T.);
#935=ORIENTED_EDGE('',*,*,#1876,.T.);
#936=ORIENTED_EDGE('',*,*,#1877,.T.);
#937=ORIENTED_EDGE('',*,*,#1870,.T.);
#938=ORIENTED_EDGE('',*,*,#1876,.F.);
#939=ORIENTED_EDGE('',*,*,#1878,.T.);
#940=ORIENTED_EDGE('',*,*,#1879,.T.);
#941=ORIENTED_EDGE('',*,*,#1880,.T.);
#942=ORIENTED_EDGE('',*,*,#1881,.T.);
#943=ORIENTED_EDGE('',*,*,#1860,.F.);
#944=ORIENTED_EDGE('',*,*,#1850,.T.);
#945=ORIENTED_EDGE('',*,*,#1882,.F.);
#946=ORIENTED_EDGE('',*,*,#1883,.F.);
#947=ORIENTED_EDGE('',*,*,#1884,.T.);
#948=ORIENTED_EDGE('',*,*,#1885,.F.);
#949=ORIENTED_EDGE('',*,*,#1824,.F.);
#950=ORIENTED_EDGE('',*,*,#1886,.F.);
#951=ORIENTED_EDGE('',*,*,#1887,.F.);
#952=ORIENTED_EDGE('',*,*,#1888,.T.);
#953=ORIENTED_EDGE('',*,*,#1889,.F.);
#954=ORIENTED_EDGE('',*,*,#1890,.T.);
#955=ORIENTED_EDGE('',*,*,#1891,.F.);
#956=ORIENTED_EDGE('',*,*,#1892,.F.);
#957=ORIENTED_EDGE('',*,*,#1825,.F.);
#958=ORIENTED_EDGE('',*,*,#1885,.T.);
#959=ORIENTED_EDGE('',*,*,#1893,.F.);
#960=ORIENTED_EDGE('',*,*,#1894,.T.);
#961=ORIENTED_EDGE('',*,*,#1895,.F.);
#962=ORIENTED_EDGE('',*,*,#1896,.T.);
#963=ORIENTED_EDGE('',*,*,#1897,.T.);
#964=ORIENTED_EDGE('',*,*,#1826,.F.);
#965=ORIENTED_EDGE('',*,*,#1892,.T.);
#966=ORIENTED_EDGE('',*,*,#1898,.F.);
#967=ORIENTED_EDGE('',*,*,#1899,.F.);
#968=ORIENTED_EDGE('',*,*,#1900,.T.);
#969=ORIENTED_EDGE('',*,*,#1901,.F.);
#970=ORIENTED_EDGE('',*,*,#1902,.T.);
#971=ORIENTED_EDGE('',*,*,#1903,.F.);
#972=ORIENTED_EDGE('',*,*,#1904,.F.);
#973=ORIENTED_EDGE('',*,*,#1828,.T.);
#974=ORIENTED_EDGE('',*,*,#1905,.T.);
#975=ORIENTED_EDGE('',*,*,#1906,.F.);
#976=ORIENTED_EDGE('',*,*,#1907,.T.);
#977=ORIENTED_EDGE('',*,*,#1908,.T.);
#978=ORIENTED_EDGE('',*,*,#1909,.T.);
#979=ORIENTED_EDGE('',*,*,#1910,.F.);
#980=ORIENTED_EDGE('',*,*,#1911,.F.);
#981=ORIENTED_EDGE('',*,*,#1912,.F.);
#982=ORIENTED_EDGE('',*,*,#1913,.F.);
#983=ORIENTED_EDGE('',*,*,#1914,.T.);
#984=ORIENTED_EDGE('',*,*,#1915,.F.);
#985=ORIENTED_EDGE('',*,*,#1916,.F.);
#986=ORIENTED_EDGE('',*,*,#1829,.T.);
#987=ORIENTED_EDGE('',*,*,#1904,.T.);
#988=ORIENTED_EDGE('',*,*,#1917,.F.);
#989=ORIENTED_EDGE('',*,*,#1918,.F.);
#990=ORIENTED_EDGE('',*,*,#1919,.T.);
#991=ORIENTED_EDGE('',*,*,#1920,.T.);
#992=ORIENTED_EDGE('',*,*,#1916,.T.);
#993=ORIENTED_EDGE('',*,*,#1921,.F.);
#994=ORIENTED_EDGE('',*,*,#1922,.T.);
#995=ORIENTED_EDGE('',*,*,#1923,.T.);
#996=ORIENTED_EDGE('',*,*,#1924,.F.);
#997=ORIENTED_EDGE('',*,*,#1830,.F.);
#998=ORIENTED_EDGE('',*,*,#1925,.T.);
#999=ORIENTED_EDGE('',*,*,#1926,.T.);
#1000=ORIENTED_EDGE('',*,*,#1927,.T.);
#1001=ORIENTED_EDGE('',*,*,#1928,.T.);
#1002=ORIENTED_EDGE('',*,*,#1929,.T.);
#1003=ORIENTED_EDGE('',*,*,#1831,.T.);
#1004=ORIENTED_EDGE('',*,*,#1924,.T.);
#1005=ORIENTED_EDGE('',*,*,#1930,.T.);
#1006=ORIENTED_EDGE('',*,*,#1931,.T.);
#1007=ORIENTED_EDGE('',*,*,#1932,.F.);
#1008=ORIENTED_EDGE('',*,*,#1933,.T.);
#1009=ORIENTED_EDGE('',*,*,#1836,.F.);
#1010=ORIENTED_EDGE('',*,*,#1934,.T.);
#1011=ORIENTED_EDGE('',*,*,#1832,.F.);
#1012=ORIENTED_EDGE('',*,*,#1929,.F.);
#1013=ORIENTED_EDGE('',*,*,#1835,.F.);
#1014=ORIENTED_EDGE('',*,*,#1833,.F.);
#1015=ORIENTED_EDGE('',*,*,#1934,.F.);
#1016=ORIENTED_EDGE('',*,*,#1935,.F.);
#1017=ORIENTED_EDGE('',*,*,#1936,.T.);
#1018=ORIENTED_EDGE('',*,*,#1937,.F.);
#1019=ORIENTED_EDGE('',*,*,#1938,.F.);
#1020=ORIENTED_EDGE('',*,*,#1939,.F.);
#1021=ORIENTED_EDGE('',*,*,#1940,.F.);
#1022=ORIENTED_EDGE('',*,*,#1941,.F.);
#1023=ORIENTED_EDGE('',*,*,#1942,.F.);
#1024=ORIENTED_EDGE('',*,*,#1943,.F.);
#1025=ORIENTED_EDGE('',*,*,#1944,.F.);
#1026=ORIENTED_EDGE('',*,*,#1928,.F.);
#1027=ORIENTED_EDGE('',*,*,#1945,.F.);
#1028=ORIENTED_EDGE('',*,*,#1946,.F.);
#1029=ORIENTED_EDGE('',*,*,#1947,.F.);
#1030=ORIENTED_EDGE('',*,*,#1948,.F.);
#1031=ORIENTED_EDGE('',*,*,#1949,.F.);
#1032=ORIENTED_EDGE('',*,*,#1950,.F.);
#1033=ORIENTED_EDGE('',*,*,#1837,.F.);
#1034=ORIENTED_EDGE('',*,*,#1933,.F.);
#1035=ORIENTED_EDGE('',*,*,#1951,.F.);
#1036=ORIENTED_EDGE('',*,*,#1838,.F.);
#1037=ORIENTED_EDGE('',*,*,#1950,.T.);
#1038=ORIENTED_EDGE('',*,*,#1952,.T.);
#1039=ORIENTED_EDGE('',*,*,#1953,.T.);
#1040=ORIENTED_EDGE('',*,*,#1954,.T.);
#1041=ORIENTED_EDGE('',*,*,#1955,.F.);
#1042=ORIENTED_EDGE('',*,*,#1956,.T.);
#1043=ORIENTED_EDGE('',*,*,#1957,.T.);
#1044=ORIENTED_EDGE('',*,*,#1958,.F.);
#1045=ORIENTED_EDGE('',*,*,#1959,.T.);
#1046=ORIENTED_EDGE('',*,*,#1960,.F.);
#1047=ORIENTED_EDGE('',*,*,#1961,.F.);
#1048=ORIENTED_EDGE('',*,*,#1962,.F.);
#1049=ORIENTED_EDGE('',*,*,#1963,.F.);
#1050=ORIENTED_EDGE('',*,*,#1964,.F.);
#1051=ORIENTED_EDGE('',*,*,#1965,.T.);
#1052=ORIENTED_EDGE('',*,*,#1966,.F.);
#1053=ORIENTED_EDGE('',*,*,#1967,.F.);
#1054=ORIENTED_EDGE('',*,*,#1968,.F.);
#1055=ORIENTED_EDGE('',*,*,#1969,.F.);
#1056=ORIENTED_EDGE('',*,*,#1967,.T.);
#1057=ORIENTED_EDGE('',*,*,#1970,.F.);
#1058=ORIENTED_EDGE('',*,*,#1971,.F.);
#1059=ORIENTED_EDGE('',*,*,#1972,.F.);
#1060=ORIENTED_EDGE('',*,*,#1968,.T.);
#1061=ORIENTED_EDGE('',*,*,#1973,.F.);
#1062=ORIENTED_EDGE('',*,*,#1854,.F.);
#1063=ORIENTED_EDGE('',*,*,#1974,.T.);
#1064=ORIENTED_EDGE('',*,*,#1975,.F.);
#1065=ORIENTED_EDGE('',*,*,#1976,.F.);
#1066=ORIENTED_EDGE('',*,*,#1977,.F.);
#1067=ORIENTED_EDGE('',*,*,#1868,.F.);
#1068=ORIENTED_EDGE('',*,*,#1978,.F.);
#1069=ORIENTED_EDGE('',*,*,#1979,.F.);
#1070=ORIENTED_EDGE('',*,*,#1874,.T.);
#1071=ORIENTED_EDGE('',*,*,#1980,.F.);
#1072=ORIENTED_EDGE('',*,*,#1981,.F.);
#1073=ORIENTED_EDGE('',*,*,#1982,.F.);
#1074=ORIENTED_EDGE('',*,*,#1978,.T.);
#1075=ORIENTED_EDGE('',*,*,#1983,.T.);
#1076=ORIENTED_EDGE('',*,*,#1856,.F.);
#1077=ORIENTED_EDGE('',*,*,#1984,.F.);
#1078=ORIENTED_EDGE('',*,*,#1965,.F.);
#1079=ORIENTED_EDGE('',*,*,#1985,.F.);
#1080=ORIENTED_EDGE('',*,*,#1981,.T.);
#1081=ORIENTED_EDGE('',*,*,#1986,.T.);
#1082=ORIENTED_EDGE('',*,*,#1987,.T.);
#1083=ORIENTED_EDGE('',*,*,#1988,.F.);
#1084=ORIENTED_EDGE('',*,*,#1989,.T.);
#1085=ORIENTED_EDGE('',*,*,#1842,.F.);
#1086=ORIENTED_EDGE('',*,*,#1983,.F.);
#1087=ORIENTED_EDGE('',*,*,#1980,.T.);
#1088=ORIENTED_EDGE('',*,*,#1873,.T.);
#1089=ORIENTED_EDGE('',*,*,#1990,.F.);
#1090=ORIENTED_EDGE('',*,*,#1991,.T.);
#1091=ORIENTED_EDGE('',*,*,#1992,.F.);
#1092=ORIENTED_EDGE('',*,*,#1844,.F.);
#1093=ORIENTED_EDGE('',*,*,#1993,.T.);
#1094=ORIENTED_EDGE('',*,*,#1994,.T.);
#1095=ORIENTED_EDGE('',*,*,#1845,.T.);
#1096=ORIENTED_EDGE('',*,*,#1992,.T.);
#1097=ORIENTED_EDGE('',*,*,#1995,.T.);
#1098=ORIENTED_EDGE('',*,*,#1846,.T.);
#1099=ORIENTED_EDGE('',*,*,#1994,.F.);
#1100=ORIENTED_EDGE('',*,*,#1996,.T.);
#1101=ORIENTED_EDGE('',*,*,#1997,.T.);
#1102=ORIENTED_EDGE('',*,*,#1998,.F.);
#1103=ORIENTED_EDGE('',*,*,#1848,.T.);
#1104=ORIENTED_EDGE('',*,*,#1970,.T.);
#1105=ORIENTED_EDGE('',*,*,#1966,.T.);
#1106=ORIENTED_EDGE('',*,*,#1984,.T.);
#1107=ORIENTED_EDGE('',*,*,#1855,.T.);
#1108=ORIENTED_EDGE('',*,*,#1973,.T.);
#1109=ORIENTED_EDGE('',*,*,#1999,.F.);
#1110=ORIENTED_EDGE('',*,*,#1864,.F.);
#1111=ORIENTED_EDGE('',*,*,#2000,.F.);
#1112=ORIENTED_EDGE('',*,*,#1986,.F.);
#1113=ORIENTED_EDGE('',*,*,#1866,.T.);
#1114=ORIENTED_EDGE('',*,*,#1999,.T.);
#1115=ORIENTED_EDGE('',*,*,#1990,.T.);
#1116=ORIENTED_EDGE('',*,*,#1872,.T.);
#1117=ORIENTED_EDGE('',*,*,#1977,.T.);
#1118=ORIENTED_EDGE('',*,*,#2001,.T.);
#1119=ORIENTED_EDGE('',*,*,#1875,.F.);
#1120=ORIENTED_EDGE('',*,*,#1869,.T.);
#1121=ORIENTED_EDGE('',*,*,#2001,.F.);
#1122=ORIENTED_EDGE('',*,*,#1976,.T.);
#1123=ORIENTED_EDGE('',*,*,#2002,.F.);
#1124=ORIENTED_EDGE('',*,*,#1878,.F.);
#1125=ORIENTED_EDGE('',*,*,#2003,.T.);
#1126=ORIENTED_EDGE('',*,*,#2004,.T.);
#1127=ORIENTED_EDGE('',*,*,#1962,.T.);
#1128=ORIENTED_EDGE('',*,*,#2005,.F.);
#1129=ORIENTED_EDGE('',*,*,#2006,.T.);
#1130=ORIENTED_EDGE('',*,*,#2005,.T.);
#1131=ORIENTED_EDGE('',*,*,#1961,.T.);
#1132=ORIENTED_EDGE('',*,*,#2007,.F.);
#1133=ORIENTED_EDGE('',*,*,#2008,.T.);
#1134=ORIENTED_EDGE('',*,*,#2007,.T.);
#1135=ORIENTED_EDGE('',*,*,#1960,.T.);
#1136=ORIENTED_EDGE('',*,*,#2009,.T.);
#1137=ORIENTED_EDGE('',*,*,#2010,.T.);
#1138=ORIENTED_EDGE('',*,*,#2009,.F.);
#1139=ORIENTED_EDGE('',*,*,#1959,.F.);
#1140=ORIENTED_EDGE('',*,*,#2011,.F.);
#1141=ORIENTED_EDGE('',*,*,#2012,.F.);
#1142=ORIENTED_EDGE('',*,*,#2013,.F.);
#1143=ORIENTED_EDGE('',*,*,#2014,.T.);
#1144=ORIENTED_EDGE('',*,*,#2013,.T.);
#1145=ORIENTED_EDGE('',*,*,#2015,.T.);
#1146=ORIENTED_EDGE('',*,*,#2016,.T.);
#1147=ORIENTED_EDGE('',*,*,#2017,.T.);
#1148=ORIENTED_EDGE('',*,*,#2016,.F.);
#1149=ORIENTED_EDGE('',*,*,#2018,.T.);
#1150=ORIENTED_EDGE('',*,*,#2019,.F.);
#1151=ORIENTED_EDGE('',*,*,#2020,.T.);
#1152=ORIENTED_EDGE('',*,*,#2019,.T.);
#1153=ORIENTED_EDGE('',*,*,#2021,.T.);
#1154=ORIENTED_EDGE('',*,*,#2022,.T.);
#1155=ORIENTED_EDGE('',*,*,#2023,.T.);
#1156=ORIENTED_EDGE('',*,*,#2022,.F.);
#1157=ORIENTED_EDGE('',*,*,#2024,.T.);
#1158=ORIENTED_EDGE('',*,*,#2025,.F.);
#1159=ORIENTED_EDGE('',*,*,#2026,.F.);
#1160=ORIENTED_EDGE('',*,*,#2027,.F.);
#1161=ORIENTED_EDGE('',*,*,#2028,.F.);
#1162=ORIENTED_EDGE('',*,*,#2029,.T.);
#1163=ORIENTED_EDGE('',*,*,#2028,.T.);
#1164=ORIENTED_EDGE('',*,*,#2030,.F.);
#1165=ORIENTED_EDGE('',*,*,#2031,.T.);
#1166=ORIENTED_EDGE('',*,*,#2032,.T.);
#1167=ORIENTED_EDGE('',*,*,#2033,.T.);
#1168=ORIENTED_EDGE('',*,*,#2034,.T.);
#1169=ORIENTED_EDGE('',*,*,#2033,.F.);
#1170=ORIENTED_EDGE('',*,*,#2035,.F.);
#1171=ORIENTED_EDGE('',*,*,#2036,.F.);
#1172=ORIENTED_EDGE('',*,*,#2037,.T.);
#1173=ORIENTED_EDGE('',*,*,#2038,.F.);
#1174=ORIENTED_EDGE('',*,*,#2039,.F.);
#1175=ORIENTED_EDGE('',*,*,#1956,.F.);
#1176=ORIENTED_EDGE('',*,*,#2040,.T.);
#1177=ORIENTED_EDGE('',*,*,#2040,.F.);
#1178=ORIENTED_EDGE('',*,*,#1955,.T.);
#1179=ORIENTED_EDGE('',*,*,#2041,.T.);
#1180=ORIENTED_EDGE('',*,*,#2042,.T.);
#1181=ORIENTED_EDGE('',*,*,#2043,.T.);
#1182=ORIENTED_EDGE('',*,*,#2041,.F.);
#1183=ORIENTED_EDGE('',*,*,#1954,.F.);
#1184=ORIENTED_EDGE('',*,*,#2044,.T.);
#1185=ORIENTED_EDGE('',*,*,#2045,.T.);
#1186=ORIENTED_EDGE('',*,*,#1926,.F.);
#1187=ORIENTED_EDGE('',*,*,#2046,.T.);
#1188=ORIENTED_EDGE('',*,*,#2047,.T.);
#1189=ORIENTED_EDGE('',*,*,#2048,.F.);
#1190=ORIENTED_EDGE('',*,*,#2049,.T.);
#1191=ORIENTED_EDGE('',*,*,#2048,.T.);
#1192=ORIENTED_EDGE('',*,*,#2050,.T.);
#1193=ORIENTED_EDGE('',*,*,#1937,.T.);
#1194=ORIENTED_EDGE('',*,*,#2051,.T.);
#1195=ORIENTED_EDGE('',*,*,#1935,.T.);
#1196=ORIENTED_EDGE('',*,*,#2052,.F.);
#1197=ORIENTED_EDGE('',*,*,#2046,.F.);
#1198=ORIENTED_EDGE('',*,*,#1925,.F.);
#1199=ORIENTED_EDGE('',*,*,#2053,.F.);
#1200=ORIENTED_EDGE('',*,*,#2054,.T.);
#1201=ORIENTED_EDGE('',*,*,#2053,.T.);
#1202=ORIENTED_EDGE('',*,*,#1931,.F.);
#1203=ORIENTED_EDGE('',*,*,#2055,.F.);
#1204=ORIENTED_EDGE('',*,*,#1922,.F.);
#1205=ORIENTED_EDGE('',*,*,#2056,.F.);
#1206=ORIENTED_EDGE('',*,*,#2057,.T.);
#1207=ORIENTED_EDGE('',*,*,#2058,.F.);
#1208=ORIENTED_EDGE('',*,*,#2059,.F.);
#1209=ORIENTED_EDGE('',*,*,#2060,.F.);
#1210=ORIENTED_EDGE('',*,*,#2061,.T.);
#1211=ORIENTED_EDGE('',*,*,#2062,.T.);
#1212=ORIENTED_EDGE('',*,*,#2063,.T.);
#1213=ORIENTED_EDGE('',*,*,#2064,.T.);
#1214=ORIENTED_EDGE('',*,*,#2065,.T.);
#1215=ORIENTED_EDGE('',*,*,#2056,.T.);
#1216=ORIENTED_EDGE('',*,*,#1921,.T.);
#1217=ORIENTED_EDGE('',*,*,#1915,.T.);
#1218=ORIENTED_EDGE('',*,*,#2066,.T.);
#1219=ORIENTED_EDGE('',*,*,#2064,.F.);
#1220=ORIENTED_EDGE('',*,*,#2067,.F.);
#1221=ORIENTED_EDGE('',*,*,#2068,.T.);
#1222=ORIENTED_EDGE('',*,*,#2067,.T.);
#1223=ORIENTED_EDGE('',*,*,#2063,.F.);
#1224=ORIENTED_EDGE('',*,*,#2069,.F.);
#1225=ORIENTED_EDGE('',*,*,#2070,.T.);
#1226=ORIENTED_EDGE('',*,*,#2069,.T.);
#1227=ORIENTED_EDGE('',*,*,#2062,.F.);
#1228=ORIENTED_EDGE('',*,*,#2071,.T.);
#1229=ORIENTED_EDGE('',*,*,#2060,.T.);
#1230=ORIENTED_EDGE('',*,*,#2072,.F.);
#1231=ORIENTED_EDGE('',*,*,#2073,.F.);
#1232=ORIENTED_EDGE('',*,*,#2074,.T.);
#1233=ORIENTED_EDGE('',*,*,#2075,.T.);
#1234=ORIENTED_EDGE('',*,*,#2076,.T.);
#1235=ORIENTED_EDGE('',*,*,#2077,.T.);
#1236=ORIENTED_EDGE('',*,*,#2073,.T.);
#1237=ORIENTED_EDGE('',*,*,#2078,.T.);
#1238=ORIENTED_EDGE('',*,*,#2079,.T.);
#1239=ORIENTED_EDGE('',*,*,#2080,.T.);
#1240=ORIENTED_EDGE('',*,*,#1913,.T.);
#1241=ORIENTED_EDGE('',*,*,#2081,.F.);
#1242=ORIENTED_EDGE('',*,*,#2082,.F.);
#1243=ORIENTED_EDGE('',*,*,#2076,.F.);
#1244=ORIENTED_EDGE('',*,*,#2083,.F.);
#1245=ORIENTED_EDGE('',*,*,#2084,.T.);
#1246=ORIENTED_EDGE('',*,*,#2085,.T.);
#1247=ORIENTED_EDGE('',*,*,#2086,.F.);
#1248=ORIENTED_EDGE('',*,*,#2087,.T.);
#1249=ORIENTED_EDGE('',*,*,#2088,.F.);
#1250=ORIENTED_EDGE('',*,*,#2089,.T.);
#1251=ORIENTED_EDGE('',*,*,#2090,.F.);
#1252=ORIENTED_EDGE('',*,*,#2091,.F.);
#1253=ORIENTED_EDGE('',*,*,#2092,.F.);
#1254=ORIENTED_EDGE('',*,*,#2093,.T.);
#1255=ORIENTED_EDGE('',*,*,#2094,.T.);
#1256=ORIENTED_EDGE('',*,*,#2095,.T.);
#1257=ORIENTED_EDGE('',*,*,#2096,.T.);
#1258=ORIENTED_EDGE('',*,*,#2097,.T.);
#1259=ORIENTED_EDGE('',*,*,#2098,.F.);
#1260=ORIENTED_EDGE('',*,*,#2099,.F.);
#1261=ORIENTED_EDGE('',*,*,#1899,.T.);
#1262=ORIENTED_EDGE('',*,*,#2100,.F.);
#1263=ORIENTED_EDGE('',*,*,#2101,.T.);
#1264=ORIENTED_EDGE('',*,*,#1917,.T.);
#1265=ORIENTED_EDGE('',*,*,#1903,.T.);
#1266=ORIENTED_EDGE('',*,*,#2102,.T.);
#1267=ORIENTED_EDGE('',*,*,#2103,.T.);
#1268=ORIENTED_EDGE('',*,*,#1816,.F.);
#1269=ORIENTED_EDGE('',*,*,#1812,.T.);
#1270=ORIENTED_EDGE('',*,*,#2104,.F.);
#1271=ORIENTED_EDGE('',*,*,#1896,.F.);
#1272=ORIENTED_EDGE('',*,*,#2105,.F.);
#1273=ORIENTED_EDGE('',*,*,#2106,.F.);
#1274=ORIENTED_EDGE('',*,*,#2107,.T.);
#1275=ORIENTED_EDGE('',*,*,#2108,.F.);
#1276=ORIENTED_EDGE('',*,*,#2109,.F.);
#1277=ORIENTED_EDGE('',*,*,#2110,.F.);
#1278=ORIENTED_EDGE('',*,*,#2106,.T.);
#1279=ORIENTED_EDGE('',*,*,#2111,.F.);
#1280=ORIENTED_EDGE('',*,*,#2112,.T.);
#1281=ORIENTED_EDGE('',*,*,#2109,.T.);
#1282=ORIENTED_EDGE('',*,*,#2113,.T.);
#1283=ORIENTED_EDGE('',*,*,#2114,.F.);
#1284=ORIENTED_EDGE('',*,*,#2115,.T.);
#1285=ORIENTED_EDGE('',*,*,#2116,.T.);
#1286=ORIENTED_EDGE('',*,*,#2114,.T.);
#1287=ORIENTED_EDGE('',*,*,#2117,.F.);
#1288=ORIENTED_EDGE('',*,*,#2118,.F.);
#1289=ORIENTED_EDGE('',*,*,#2119,.T.);
#1290=ORIENTED_EDGE('',*,*,#2118,.T.);
#1291=ORIENTED_EDGE('',*,*,#2120,.F.);
#1292=ORIENTED_EDGE('',*,*,#2121,.F.);
#1293=ORIENTED_EDGE('',*,*,#2121,.T.);
#1294=ORIENTED_EDGE('',*,*,#2122,.F.);
#1295=ORIENTED_EDGE('',*,*,#2123,.T.);
#1296=ORIENTED_EDGE('',*,*,#2124,.F.);
#1297=ORIENTED_EDGE('',*,*,#1997,.F.);
#1298=ORIENTED_EDGE('',*,*,#2125,.T.);
#1299=ORIENTED_EDGE('',*,*,#2126,.T.);
#1300=ORIENTED_EDGE('',*,*,#1988,.T.);
#1301=ORIENTED_EDGE('',*,*,#2127,.T.);
#1302=ORIENTED_EDGE('',*,*,#2128,.T.);
#1303=ORIENTED_EDGE('',*,*,#1886,.T.);
#1304=ORIENTED_EDGE('',*,*,#2129,.F.);
#1305=ORIENTED_EDGE('',*,*,#2130,.T.);
#1306=ORIENTED_EDGE('',*,*,#1887,.T.);
#1307=ORIENTED_EDGE('',*,*,#2128,.F.);
#1308=ORIENTED_EDGE('',*,*,#2131,.F.);
#1309=ORIENTED_EDGE('',*,*,#2132,.T.);
#1310=ORIENTED_EDGE('',*,*,#2133,.T.);
#1311=ORIENTED_EDGE('',*,*,#2134,.F.);
#1312=ORIENTED_EDGE('',*,*,#2135,.T.);
#1313=ORIENTED_EDGE('',*,*,#2083,.T.);
#1314=ORIENTED_EDGE('',*,*,#2075,.F.);
#1315=ORIENTED_EDGE('',*,*,#1912,.T.);
#1316=ORIENTED_EDGE('',*,*,#2136,.T.);
#1317=ORIENTED_EDGE('',*,*,#1888,.F.);
#1318=ORIENTED_EDGE('',*,*,#2137,.T.);
#1319=ORIENTED_EDGE('',*,*,#2138,.F.);
#1320=ORIENTED_EDGE('',*,*,#1898,.T.);
#1321=ORIENTED_EDGE('',*,*,#1891,.T.);
#1322=ORIENTED_EDGE('',*,*,#2139,.T.);
#1323=ORIENTED_EDGE('',*,*,#2140,.T.);
#1324=ORIENTED_EDGE('',*,*,#2141,.T.);
#1325=ORIENTED_EDGE('',*,*,#1889,.T.);
#1326=ORIENTED_EDGE('',*,*,#2142,.T.);
#1327=ORIENTED_EDGE('',*,*,#2143,.F.);
#1328=ORIENTED_EDGE('',*,*,#2144,.T.);
#1329=ORIENTED_EDGE('',*,*,#2145,.T.);
#1330=ORIENTED_EDGE('',*,*,#2100,.T.);
#1331=ORIENTED_EDGE('',*,*,#1890,.F.);
#1332=ORIENTED_EDGE('',*,*,#2141,.F.);
#1333=ORIENTED_EDGE('',*,*,#2146,.F.);
#1334=ORIENTED_EDGE('',*,*,#2139,.F.);
#1335=ORIENTED_EDGE('',*,*,#2147,.F.);
#1336=ORIENTED_EDGE('',*,*,#2148,.T.);
#1337=ORIENTED_EDGE('',*,*,#2149,.F.);
#1338=ORIENTED_EDGE('',*,*,#1894,.F.);
#1339=ORIENTED_EDGE('',*,*,#1895,.T.);
#1340=ORIENTED_EDGE('',*,*,#2149,.T.);
#1341=ORIENTED_EDGE('',*,*,#2150,.T.);
#1342=ORIENTED_EDGE('',*,*,#2151,.T.);
#1343=ORIENTED_EDGE('',*,*,#2152,.T.);
#1344=ORIENTED_EDGE('',*,*,#2153,.T.);
#1345=ORIENTED_EDGE('',*,*,#2129,.T.);
#1346=ORIENTED_EDGE('',*,*,#2154,.T.);
#1347=ORIENTED_EDGE('',*,*,#2150,.F.);
#1348=ORIENTED_EDGE('',*,*,#2148,.F.);
#1349=ORIENTED_EDGE('',*,*,#2155,.F.);
#1350=ORIENTED_EDGE('',*,*,#1905,.F.);
#1351=ORIENTED_EDGE('',*,*,#2156,.F.);
#1352=ORIENTED_EDGE('',*,*,#1907,.F.);
#1353=ORIENTED_EDGE('',*,*,#2157,.F.);
#1354=ORIENTED_EDGE('',*,*,#2158,.F.);
#1355=ORIENTED_EDGE('',*,*,#2159,.F.);
#1356=ORIENTED_EDGE('',*,*,#2160,.F.);
#1357=ORIENTED_EDGE('',*,*,#2161,.F.);
#1358=ORIENTED_EDGE('',*,*,#2162,.F.);
#1359=ORIENTED_EDGE('',*,*,#2163,.F.);
#1360=ORIENTED_EDGE('',*,*,#2163,.T.);
#1361=ORIENTED_EDGE('',*,*,#2164,.T.);
#1362=ORIENTED_EDGE('',*,*,#2157,.T.);
#1363=ORIENTED_EDGE('',*,*,#1906,.T.);
#1364=ORIENTED_EDGE('',*,*,#1920,.F.);
#1365=ORIENTED_EDGE('',*,*,#2165,.T.);
#1366=ORIENTED_EDGE('',*,*,#1908,.F.);
#1367=ORIENTED_EDGE('',*,*,#2156,.T.);
#1368=ORIENTED_EDGE('',*,*,#1919,.F.);
#1369=ORIENTED_EDGE('',*,*,#2166,.F.);
#1370=ORIENTED_EDGE('',*,*,#2144,.F.);
#1371=ORIENTED_EDGE('',*,*,#2167,.F.);
#1372=ORIENTED_EDGE('',*,*,#1909,.F.);
#1373=ORIENTED_EDGE('',*,*,#2165,.F.);
#1374=ORIENTED_EDGE('',*,*,#2167,.T.);
#1375=ORIENTED_EDGE('',*,*,#2143,.T.);
#1376=ORIENTED_EDGE('',*,*,#2168,.F.);
#1377=ORIENTED_EDGE('',*,*,#1910,.T.);
#1378=ORIENTED_EDGE('',*,*,#1911,.T.);
#1379=ORIENTED_EDGE('',*,*,#2168,.T.);
#1380=ORIENTED_EDGE('',*,*,#2142,.F.);
#1381=ORIENTED_EDGE('',*,*,#2136,.F.);
#1382=ORIENTED_EDGE('',*,*,#2057,.F.);
#1383=ORIENTED_EDGE('',*,*,#1914,.F.);
#1384=ORIENTED_EDGE('',*,*,#2080,.F.);
#1385=ORIENTED_EDGE('',*,*,#2169,.T.);
#1386=ORIENTED_EDGE('',*,*,#2166,.T.);
#1387=ORIENTED_EDGE('',*,*,#1918,.T.);
#1388=ORIENTED_EDGE('',*,*,#2101,.F.);
#1389=ORIENTED_EDGE('',*,*,#2145,.F.);
#1390=ORIENTED_EDGE('',*,*,#1930,.F.);
#1391=ORIENTED_EDGE('',*,*,#1923,.F.);
#1392=ORIENTED_EDGE('',*,*,#2055,.T.);
#1393=ORIENTED_EDGE('',*,*,#1945,.T.);
#1394=ORIENTED_EDGE('',*,*,#1927,.F.);
#1395=ORIENTED_EDGE('',*,*,#2170,.T.);
#1396=ORIENTED_EDGE('',*,*,#2171,.T.);
#1397=ORIENTED_EDGE('',*,*,#2172,.T.);
#1398=ORIENTED_EDGE('',*,*,#1932,.T.);
#1399=ORIENTED_EDGE('',*,*,#1938,.T.);
#1400=ORIENTED_EDGE('',*,*,#2050,.F.);
#1401=ORIENTED_EDGE('',*,*,#2047,.F.);
#1402=ORIENTED_EDGE('',*,*,#2052,.T.);
#1403=ORIENTED_EDGE('',*,*,#1946,.T.);
#1404=ORIENTED_EDGE('',*,*,#2171,.F.);
#1405=ORIENTED_EDGE('',*,*,#2173,.T.);
#1406=ORIENTED_EDGE('',*,*,#2174,.F.);
#1407=ORIENTED_EDGE('',*,*,#1947,.T.);
#1408=ORIENTED_EDGE('',*,*,#2174,.T.);
#1409=ORIENTED_EDGE('',*,*,#2175,.T.);
#1410=ORIENTED_EDGE('',*,*,#2176,.T.);
#1411=ORIENTED_EDGE('',*,*,#1952,.F.);
#1412=ORIENTED_EDGE('',*,*,#1949,.T.);
#1413=ORIENTED_EDGE('',*,*,#2177,.T.);
#1414=ORIENTED_EDGE('',*,*,#1948,.T.);
#1415=ORIENTED_EDGE('',*,*,#2177,.F.);
#1416=ORIENTED_EDGE('',*,*,#1939,.T.);
#1417=ORIENTED_EDGE('',*,*,#2178,.F.);
#1418=ORIENTED_EDGE('',*,*,#1940,.T.);
#1419=ORIENTED_EDGE('',*,*,#2178,.T.);
#1420=ORIENTED_EDGE('',*,*,#1944,.T.);
#1421=ORIENTED_EDGE('',*,*,#2179,.T.);
#1422=ORIENTED_EDGE('',*,*,#2180,.T.);
#1423=ORIENTED_EDGE('',*,*,#2172,.F.);
#1424=ORIENTED_EDGE('',*,*,#1941,.T.);
#1425=ORIENTED_EDGE('',*,*,#2180,.F.);
#1426=ORIENTED_EDGE('',*,*,#2181,.T.);
#1427=ORIENTED_EDGE('',*,*,#2182,.F.);
#1428=ORIENTED_EDGE('',*,*,#1942,.T.);
#1429=ORIENTED_EDGE('',*,*,#2182,.T.);
#1430=ORIENTED_EDGE('',*,*,#2183,.T.);
#1431=ORIENTED_EDGE('',*,*,#1943,.T.);
#1432=ORIENTED_EDGE('',*,*,#2183,.F.);
#1433=ORIENTED_EDGE('',*,*,#2181,.F.);
#1434=ORIENTED_EDGE('',*,*,#2179,.F.);
#1435=ORIENTED_EDGE('',*,*,#2039,.T.);
#1436=ORIENTED_EDGE('',*,*,#2184,.T.);
#1437=ORIENTED_EDGE('',*,*,#2185,.F.);
#1438=ORIENTED_EDGE('',*,*,#1957,.F.);
#1439=ORIENTED_EDGE('',*,*,#2011,.T.);
#1440=ORIENTED_EDGE('',*,*,#1958,.T.);
#1441=ORIENTED_EDGE('',*,*,#2185,.T.);
#1442=ORIENTED_EDGE('',*,*,#2186,.F.);
#1443=ORIENTED_EDGE('',*,*,#1953,.F.);
#1444=ORIENTED_EDGE('',*,*,#2176,.F.);
#1445=ORIENTED_EDGE('',*,*,#2187,.F.);
#1446=ORIENTED_EDGE('',*,*,#2044,.F.);
#1447=ORIENTED_EDGE('',*,*,#2188,.T.);
#1448=ORIENTED_EDGE('',*,*,#2189,.F.);
#1449=ORIENTED_EDGE('',*,*,#2126,.F.);
#1450=ORIENTED_EDGE('',*,*,#1971,.T.);
#1451=ORIENTED_EDGE('',*,*,#2190,.T.);
#1452=ORIENTED_EDGE('',*,*,#2191,.T.);
#1453=ORIENTED_EDGE('',*,*,#2192,.T.);
#1454=ORIENTED_EDGE('',*,*,#2152,.F.);
#1455=ORIENTED_EDGE('',*,*,#2193,.F.);
#1456=ORIENTED_EDGE('',*,*,#2194,.F.);
#1457=ORIENTED_EDGE('',*,*,#2098,.T.);
#1458=ORIENTED_EDGE('',*,*,#2195,.F.);
#1459=ORIENTED_EDGE('',*,*,#2193,.T.);
#1460=ORIENTED_EDGE('',*,*,#2151,.F.);
#1461=ORIENTED_EDGE('',*,*,#2154,.F.);
#1462=ORIENTED_EDGE('',*,*,#2196,.F.);
#1463=ORIENTED_EDGE('',*,*,#2112,.F.);
#1464=ORIENTED_EDGE('',*,*,#2197,.F.);
#1465=ORIENTED_EDGE('',*,*,#2123,.F.);
#1466=ORIENTED_EDGE('',*,*,#2012,.T.);
#1467=ORIENTED_EDGE('',*,*,#2198,.F.);
#1468=ORIENTED_EDGE('',*,*,#2199,.T.);
#1469=ORIENTED_EDGE('',*,*,#2015,.F.);
#1470=ORIENTED_EDGE('',*,*,#2200,.F.);
#1471=ORIENTED_EDGE('',*,*,#2201,.F.);
#1472=ORIENTED_EDGE('',*,*,#2024,.F.);
#1473=ORIENTED_EDGE('',*,*,#2021,.F.);
#1474=ORIENTED_EDGE('',*,*,#2018,.F.);
#1475=ORIENTED_EDGE('',*,*,#2199,.F.);
#1476=ORIENTED_EDGE('',*,*,#2202,.F.);
#1477=ORIENTED_EDGE('',*,*,#2037,.F.);
#1478=ORIENTED_EDGE('',*,*,#2203,.T.);
#1479=ORIENTED_EDGE('',*,*,#2204,.T.);
#1480=ORIENTED_EDGE('',*,*,#2025,.T.);
#1481=ORIENTED_EDGE('',*,*,#2201,.T.);
#1482=ORIENTED_EDGE('',*,*,#2204,.F.);
#1483=ORIENTED_EDGE('',*,*,#2205,.T.);
#1484=ORIENTED_EDGE('',*,*,#2206,.T.);
#1485=ORIENTED_EDGE('',*,*,#2026,.T.);
#1486=ORIENTED_EDGE('',*,*,#2206,.F.);
#1487=ORIENTED_EDGE('',*,*,#2207,.T.);
#1488=ORIENTED_EDGE('',*,*,#2208,.T.);
#1489=ORIENTED_EDGE('',*,*,#2030,.T.);
#1490=ORIENTED_EDGE('',*,*,#2027,.T.);
#1491=ORIENTED_EDGE('',*,*,#2209,.T.);
#1492=ORIENTED_EDGE('',*,*,#2031,.F.);
#1493=ORIENTED_EDGE('',*,*,#2208,.F.);
#1494=ORIENTED_EDGE('',*,*,#2210,.T.);
#1495=ORIENTED_EDGE('',*,*,#2211,.F.);
#1496=ORIENTED_EDGE('',*,*,#2035,.T.);
#1497=ORIENTED_EDGE('',*,*,#2032,.F.);
#1498=ORIENTED_EDGE('',*,*,#2209,.F.);
#1499=ORIENTED_EDGE('',*,*,#2212,.T.);
#1500=ORIENTED_EDGE('',*,*,#2036,.T.);
#1501=ORIENTED_EDGE('',*,*,#2212,.F.);
#1502=ORIENTED_EDGE('',*,*,#2211,.T.);
#1503=ORIENTED_EDGE('',*,*,#2213,.T.);
#1504=ORIENTED_EDGE('',*,*,#2203,.F.);
#1505=ORIENTED_EDGE('',*,*,#2200,.T.);
#1506=ORIENTED_EDGE('',*,*,#2038,.T.);
#1507=ORIENTED_EDGE('',*,*,#2202,.T.);
#1508=ORIENTED_EDGE('',*,*,#2214,.F.);
#1509=ORIENTED_EDGE('',*,*,#2184,.F.);
#1510=ORIENTED_EDGE('',*,*,#2045,.F.);
#1511=ORIENTED_EDGE('',*,*,#2187,.T.);
#1512=ORIENTED_EDGE('',*,*,#2175,.F.);
#1513=ORIENTED_EDGE('',*,*,#2173,.F.);
#1514=ORIENTED_EDGE('',*,*,#2170,.F.);
#1515=ORIENTED_EDGE('',*,*,#2058,.T.);
#1516=ORIENTED_EDGE('',*,*,#2169,.F.);
#1517=ORIENTED_EDGE('',*,*,#2079,.F.);
#1518=ORIENTED_EDGE('',*,*,#2215,.T.);
#1519=ORIENTED_EDGE('',*,*,#2059,.T.);
#1520=ORIENTED_EDGE('',*,*,#2215,.F.);
#1521=ORIENTED_EDGE('',*,*,#2078,.F.);
#1522=ORIENTED_EDGE('',*,*,#2072,.T.);
#1523=ORIENTED_EDGE('',*,*,#2216,.F.);
#1524=ORIENTED_EDGE('',*,*,#2134,.T.);
#1525=ORIENTED_EDGE('',*,*,#2133,.F.);
#1526=ORIENTED_EDGE('',*,*,#2217,.F.);
#1527=ORIENTED_EDGE('',*,*,#2190,.F.);
#1528=ORIENTED_EDGE('',*,*,#2097,.F.);
#1529=ORIENTED_EDGE('',*,*,#2218,.F.);
#1530=ORIENTED_EDGE('',*,*,#2219,.F.);
#1531=ORIENTED_EDGE('',*,*,#1815,.T.);
#1532=ORIENTED_EDGE('',*,*,#2220,.F.);
#1533=ORIENTED_EDGE('',*,*,#2221,.F.);
#1534=ORIENTED_EDGE('',*,*,#2222,.F.);
#1535=ORIENTED_EDGE('',*,*,#2218,.T.);
#1536=ORIENTED_EDGE('',*,*,#2096,.F.);
#1537=ORIENTED_EDGE('',*,*,#2223,.T.);
#1538=ORIENTED_EDGE('',*,*,#2224,.F.);
#1539=ORIENTED_EDGE('',*,*,#2221,.T.);
#1540=ORIENTED_EDGE('',*,*,#2225,.F.);
#1541=ORIENTED_EDGE('',*,*,#2092,.T.);
#1542=ORIENTED_EDGE('',*,*,#2226,.T.);
#1543=ORIENTED_EDGE('',*,*,#2227,.T.);
#1544=ORIENTED_EDGE('',*,*,#2228,.T.);
#1545=ORIENTED_EDGE('',*,*,#2229,.T.);
#1546=ORIENTED_EDGE('',*,*,#2107,.F.);
#1547=ORIENTED_EDGE('',*,*,#2120,.T.);
#1548=ORIENTED_EDGE('',*,*,#2117,.T.);
#1549=ORIENTED_EDGE('',*,*,#2113,.F.);
#1550=ORIENTED_EDGE('',*,*,#2108,.T.);
#1551=ORIENTED_EDGE('',*,*,#2196,.T.);
#1552=ORIENTED_EDGE('',*,*,#2122,.T.);
#1553=ORIENTED_EDGE('',*,*,#2131,.T.);
#1554=ORIENTED_EDGE('',*,*,#2130,.F.);
#1555=ORIENTED_EDGE('',*,*,#2153,.F.);
#1556=ORIENTED_EDGE('',*,*,#2192,.F.);
#1557=ORIENTED_EDGE('',*,*,#2217,.T.);
#1558=ORIENTED_EDGE('',*,*,#2132,.F.);
#1559=ORIENTED_EDGE('',*,*,#2191,.F.);
#1560=ORIENTED_EDGE('',*,*,#2216,.T.);
#1561=ORIENTED_EDGE('',*,*,#2137,.F.);
#1562=ORIENTED_EDGE('',*,*,#2135,.F.);
#1563=ORIENTED_EDGE('',*,*,#2140,.F.);
#1564=ORIENTED_EDGE('',*,*,#2146,.T.);
#1565=ORIENTED_EDGE('',*,*,#2162,.T.);
#1566=ORIENTED_EDGE('',*,*,#2230,.T.);
#1567=ORIENTED_EDGE('',*,*,#2231,.T.);
#1568=ORIENTED_EDGE('',*,*,#2158,.T.);
#1569=ORIENTED_EDGE('',*,*,#2164,.F.);
#1570=ORIENTED_EDGE('',*,*,#2232,.F.);
#1571=ORIENTED_EDGE('',*,*,#2160,.T.);
#1572=ORIENTED_EDGE('',*,*,#2233,.F.);
#1573=ORIENTED_EDGE('',*,*,#2234,.T.);
#1574=ORIENTED_EDGE('',*,*,#2161,.T.);
#1575=ORIENTED_EDGE('',*,*,#2232,.T.);
#1576=ORIENTED_EDGE('',*,*,#2235,.T.);
#1577=ORIENTED_EDGE('',*,*,#2236,.F.);
#1578=ORIENTED_EDGE('',*,*,#2230,.F.);
#1579=ORIENTED_EDGE('',*,*,#2198,.T.);
#1580=ORIENTED_EDGE('',*,*,#2186,.T.);
#1581=ORIENTED_EDGE('',*,*,#2214,.T.);
#1582=ORIENTED_EDGE('',*,*,#2188,.F.);
#1583=ORIENTED_EDGE('',*,*,#2213,.F.);
#1584=ORIENTED_EDGE('',*,*,#2210,.F.);
#1585=ORIENTED_EDGE('',*,*,#2207,.F.);
#1586=ORIENTED_EDGE('',*,*,#2205,.F.);
#1587=ORIENTED_EDGE('',*,*,#2235,.F.);
#1588=ORIENTED_EDGE('',*,*,#2234,.F.);
#1589=ORIENTED_EDGE('',*,*,#2237,.F.);
#1590=ORIENTED_EDGE('',*,*,#2238,.T.);
#1591=ORIENTED_EDGE('',*,*,#2225,.T.);
#1592=ORIENTED_EDGE('',*,*,#2220,.T.);
#1593=ORIENTED_EDGE('',*,*,#1814,.T.);
#1594=ORIENTED_EDGE('',*,*,#1821,.T.);
#1595=ORIENTED_EDGE('',*,*,#2239,.T.);
#1596=ORIENTED_EDGE('',*,*,#1818,.T.);
#1597=ORIENTED_EDGE('',*,*,#1810,.F.);
#1598=ORIENTED_EDGE('',*,*,#2229,.F.);
#1599=ORIENTED_EDGE('',*,*,#1822,.F.);
#1600=ORIENTED_EDGE('',*,*,#1841,.T.);
#1601=ORIENTED_EDGE('',*,*,#2240,.F.);
#1602=ORIENTED_EDGE('',*,*,#1852,.T.);
#1603=ORIENTED_EDGE('',*,*,#1859,.F.);
#1604=ORIENTED_EDGE('',*,*,#1862,.F.);
#1605=ORIENTED_EDGE('',*,*,#1865,.F.);
#1606=ORIENTED_EDGE('',*,*,#1871,.T.);
#1607=ORIENTED_EDGE('',*,*,#1877,.F.);
#1608=ORIENTED_EDGE('',*,*,#1880,.F.);
#1609=ORIENTED_EDGE('',*,*,#2241,.T.);
#1610=ORIENTED_EDGE('',*,*,#1963,.T.);
#1611=ORIENTED_EDGE('',*,*,#2004,.F.);
#1612=ORIENTED_EDGE('',*,*,#2242,.F.);
#1613=ORIENTED_EDGE('',*,*,#1974,.F.);
#1614=ORIENTED_EDGE('',*,*,#2243,.F.);
#1615=ORIENTED_EDGE('',*,*,#2244,.T.);
#1616=ORIENTED_EDGE('',*,*,#2189,.T.);
#1617=ORIENTED_EDGE('',*,*,#1951,.T.);
#1618=ORIENTED_EDGE('',*,*,#2244,.F.);
#1619=ORIENTED_EDGE('',*,*,#2245,.F.);
#1620=ORIENTED_EDGE('',*,*,#1839,.T.);
#1621=ORIENTED_EDGE('',*,*,#1979,.T.);
#1622=ORIENTED_EDGE('',*,*,#1982,.T.);
#1623=ORIENTED_EDGE('',*,*,#1985,.T.);
#1624=ORIENTED_EDGE('',*,*,#1964,.T.);
#1625=ORIENTED_EDGE('',*,*,#1969,.T.);
#1626=ORIENTED_EDGE('',*,*,#1972,.T.);
#1627=ORIENTED_EDGE('',*,*,#1853,.T.);
#1628=ORIENTED_EDGE('',*,*,#2240,.T.);
#1629=ORIENTED_EDGE('',*,*,#1840,.T.);
#1630=ORIENTED_EDGE('',*,*,#2245,.T.);
#1631=ORIENTED_EDGE('',*,*,#2243,.T.);
#1632=ORIENTED_EDGE('',*,*,#2089,.F.);
#1633=ORIENTED_EDGE('',*,*,#2246,.T.);
#1634=ORIENTED_EDGE('',*,*,#2247,.F.);
#1635=ORIENTED_EDGE('',*,*,#2102,.F.);
#1636=ORIENTED_EDGE('',*,*,#1902,.F.);
#1637=ORIENTED_EDGE('',*,*,#1827,.F.);
#1638=ORIENTED_EDGE('',*,*,#1897,.F.);
#1639=ORIENTED_EDGE('',*,*,#2104,.T.);
#1640=ORIENTED_EDGE('',*,*,#2110,.T.);
#1641=ORIENTED_EDGE('',*,*,#2115,.F.);
#1642=ORIENTED_EDGE('',*,*,#2116,.F.);
#1643=ORIENTED_EDGE('',*,*,#2119,.F.);
#1644=ORIENTED_EDGE('',*,*,#2125,.F.);
#1645=ORIENTED_EDGE('',*,*,#1996,.F.);
#1646=ORIENTED_EDGE('',*,*,#1847,.F.);
#1647=ORIENTED_EDGE('',*,*,#1995,.F.);
#1648=ORIENTED_EDGE('',*,*,#1993,.F.);
#1649=ORIENTED_EDGE('',*,*,#1991,.F.);
#1650=ORIENTED_EDGE('',*,*,#1843,.F.);
#1651=ORIENTED_EDGE('',*,*,#1989,.F.);
#1652=ORIENTED_EDGE('',*,*,#2127,.F.);
#1653=ORIENTED_EDGE('',*,*,#1987,.F.);
#1654=ORIENTED_EDGE('',*,*,#2000,.T.);
#1655=ORIENTED_EDGE('',*,*,#1863,.F.);
#1656=ORIENTED_EDGE('',*,*,#1857,.F.);
#1657=ORIENTED_EDGE('',*,*,#1881,.F.);
#1658=ORIENTED_EDGE('',*,*,#1823,.F.);
#1659=ORIENTED_EDGE('',*,*,#2241,.F.);
#1660=ORIENTED_EDGE('',*,*,#1879,.F.);
#1661=ORIENTED_EDGE('',*,*,#2002,.T.);
#1662=ORIENTED_EDGE('',*,*,#1975,.T.);
#1663=ORIENTED_EDGE('',*,*,#2242,.T.);
#1664=ORIENTED_EDGE('',*,*,#2003,.F.);
#1665=ORIENTED_EDGE('',*,*,#2006,.F.);
#1666=ORIENTED_EDGE('',*,*,#2008,.F.);
#1667=ORIENTED_EDGE('',*,*,#2010,.F.);
#1668=ORIENTED_EDGE('',*,*,#2014,.F.);
#1669=ORIENTED_EDGE('',*,*,#2017,.F.);
#1670=ORIENTED_EDGE('',*,*,#2020,.F.);
#1671=ORIENTED_EDGE('',*,*,#2023,.F.);
#1672=ORIENTED_EDGE('',*,*,#2029,.F.);
#1673=ORIENTED_EDGE('',*,*,#2034,.F.);
#1674=ORIENTED_EDGE('',*,*,#2042,.F.);
#1675=ORIENTED_EDGE('',*,*,#2043,.F.);
#1676=ORIENTED_EDGE('',*,*,#2049,.F.);
#1677=ORIENTED_EDGE('',*,*,#1936,.F.);
#1678=ORIENTED_EDGE('',*,*,#2051,.F.);
#1679=ORIENTED_EDGE('',*,*,#2054,.F.);
#1680=ORIENTED_EDGE('',*,*,#2065,.F.);
#1681=ORIENTED_EDGE('',*,*,#2066,.F.);
#1682=ORIENTED_EDGE('',*,*,#2068,.F.);
#1683=ORIENTED_EDGE('',*,*,#2070,.F.);
#1684=ORIENTED_EDGE('',*,*,#2061,.F.);
#1685=ORIENTED_EDGE('',*,*,#2071,.F.);
#1686=ORIENTED_EDGE('',*,*,#2077,.F.);
#1687=ORIENTED_EDGE('',*,*,#2082,.T.);
#1688=ORIENTED_EDGE('',*,*,#2248,.F.);
#1689=ORIENTED_EDGE('',*,*,#2084,.F.);
#1690=ORIENTED_EDGE('',*,*,#2249,.F.);
#1691=ORIENTED_EDGE('',*,*,#2250,.T.);
#1692=ORIENTED_EDGE('',*,*,#2094,.F.);
#1693=ORIENTED_EDGE('',*,*,#2251,.F.);
#1694=ORIENTED_EDGE('',*,*,#2252,.T.);
#1695=ORIENTED_EDGE('',*,*,#2253,.F.);
#1696=ORIENTED_EDGE('',*,*,#2254,.F.);
#1697=ORIENTED_EDGE('',*,*,#2255,.T.);
#1698=ORIENTED_EDGE('',*,*,#2252,.F.);
#1699=ORIENTED_EDGE('',*,*,#2256,.F.);
#1700=ORIENTED_EDGE('',*,*,#2257,.F.);
#1701=ORIENTED_EDGE('',*,*,#2258,.F.);
#1702=ORIENTED_EDGE('',*,*,#2259,.F.);
#1703=ORIENTED_EDGE('',*,*,#2085,.F.);
#1704=ORIENTED_EDGE('',*,*,#2248,.T.);
#1705=ORIENTED_EDGE('',*,*,#2081,.T.);
#1706=ORIENTED_EDGE('',*,*,#2138,.T.);
#1707=ORIENTED_EDGE('',*,*,#2219,.T.);
#1708=ORIENTED_EDGE('',*,*,#2222,.T.);
#1709=ORIENTED_EDGE('',*,*,#2224,.T.);
#1710=ORIENTED_EDGE('',*,*,#2260,.F.);
#1711=ORIENTED_EDGE('',*,*,#2095,.F.);
#1712=ORIENTED_EDGE('',*,*,#2250,.F.);
#1713=ORIENTED_EDGE('',*,*,#2255,.F.);
#1714=ORIENTED_EDGE('',*,*,#2261,.F.);
#1715=ORIENTED_EDGE('',*,*,#2262,.F.);
#1716=ORIENTED_EDGE('',*,*,#2086,.T.);
#1717=ORIENTED_EDGE('',*,*,#2259,.T.);
#1718=ORIENTED_EDGE('',*,*,#2263,.F.);
#1719=ORIENTED_EDGE('',*,*,#2264,.F.);
#1720=ORIENTED_EDGE('',*,*,#2256,.T.);
#1721=ORIENTED_EDGE('',*,*,#2251,.T.);
#1722=ORIENTED_EDGE('',*,*,#2093,.F.);
#1723=ORIENTED_EDGE('',*,*,#2228,.F.);
#1724=ORIENTED_EDGE('',*,*,#2265,.T.);
#1725=ORIENTED_EDGE('',*,*,#2266,.T.);
#1726=ORIENTED_EDGE('',*,*,#2099,.T.);
#1727=ORIENTED_EDGE('',*,*,#2194,.T.);
#1728=ORIENTED_EDGE('',*,*,#2195,.T.);
#1729=ORIENTED_EDGE('',*,*,#2155,.T.);
#1730=ORIENTED_EDGE('',*,*,#2147,.T.);
#1731=ORIENTED_EDGE('',*,*,#1893,.T.);
#1732=ORIENTED_EDGE('',*,*,#1884,.F.);
#1733=ORIENTED_EDGE('',*,*,#2267,.T.);
#1734=ORIENTED_EDGE('',*,*,#1882,.T.);
#1735=ORIENTED_EDGE('',*,*,#1849,.T.);
#1736=ORIENTED_EDGE('',*,*,#1998,.T.);
#1737=ORIENTED_EDGE('',*,*,#2124,.T.);
#1738=ORIENTED_EDGE('',*,*,#2197,.T.);
#1739=ORIENTED_EDGE('',*,*,#2111,.T.);
#1740=ORIENTED_EDGE('',*,*,#2105,.T.);
#1741=ORIENTED_EDGE('',*,*,#1901,.T.);
#1742=ORIENTED_EDGE('',*,*,#2266,.F.);
#1743=ORIENTED_EDGE('',*,*,#1883,.T.);
#1744=ORIENTED_EDGE('',*,*,#2267,.F.);
#1745=ORIENTED_EDGE('',*,*,#1900,.F.);
#1746=ORIENTED_EDGE('',*,*,#2268,.T.);
#1747=ORIENTED_EDGE('',*,*,#2269,.T.);
#1748=ORIENTED_EDGE('',*,*,#2263,.T.);
#1749=ORIENTED_EDGE('',*,*,#2258,.T.);
#1750=ORIENTED_EDGE('',*,*,#2270,.F.);
#1751=ORIENTED_EDGE('',*,*,#2271,.T.);
#1752=ORIENTED_EDGE('',*,*,#2270,.T.);
#1753=ORIENTED_EDGE('',*,*,#2257,.T.);
#1754=ORIENTED_EDGE('',*,*,#2223,.F.);
#1755=ORIENTED_EDGE('',*,*,#2238,.F.);
#1756=ORIENTED_EDGE('',*,*,#1820,.F.);
#1757=ORIENTED_EDGE('',*,*,#2272,.T.);
#1758=ORIENTED_EDGE('',*,*,#2273,.T.);
#1759=ORIENTED_EDGE('',*,*,#2265,.F.);
#1760=ORIENTED_EDGE('',*,*,#2227,.F.);
#1761=ORIENTED_EDGE('',*,*,#2274,.F.);
#1762=ORIENTED_EDGE('',*,*,#2275,.T.);
#1763=ORIENTED_EDGE('',*,*,#2276,.T.);
#1764=ORIENTED_EDGE('',*,*,#2274,.T.);
#1765=ORIENTED_EDGE('',*,*,#2226,.F.);
#1766=ORIENTED_EDGE('',*,*,#2091,.T.);
#1767=ORIENTED_EDGE('',*,*,#2277,.T.);
#1768=ORIENTED_EDGE('',*,*,#2278,.F.);
#1769=ORIENTED_EDGE('',*,*,#2272,.F.);
#1770=ORIENTED_EDGE('',*,*,#2276,.F.);
#1771=ORIENTED_EDGE('',*,*,#2279,.T.);
#1772=ORIENTED_EDGE('',*,*,#2261,.T.);
#1773=ORIENTED_EDGE('',*,*,#2273,.F.);
#1774=ORIENTED_EDGE('',*,*,#2278,.T.);
#1775=ORIENTED_EDGE('',*,*,#1809,.F.);
#1776=ORIENTED_EDGE('',*,*,#2280,.F.);
#1777=ORIENTED_EDGE('',*,*,#2246,.F.);
#1778=ORIENTED_EDGE('',*,*,#2088,.T.);
#1779=ORIENTED_EDGE('',*,*,#2260,.T.);
#1780=ORIENTED_EDGE('',*,*,#2254,.T.);
#1781=ORIENTED_EDGE('',*,*,#2281,.F.);
#1782=ORIENTED_EDGE('',*,*,#2268,.F.);
#1783=ORIENTED_EDGE('',*,*,#2271,.F.);
#1784=ORIENTED_EDGE('',*,*,#1819,.F.);
#1785=ORIENTED_EDGE('',*,*,#2239,.F.);
#1786=ORIENTED_EDGE('',*,*,#2253,.T.);
#1787=ORIENTED_EDGE('',*,*,#2264,.T.);
#1788=ORIENTED_EDGE('',*,*,#2269,.F.);
#1789=ORIENTED_EDGE('',*,*,#2281,.T.);
#1790=ORIENTED_EDGE('',*,*,#2279,.F.);
#1791=ORIENTED_EDGE('',*,*,#2277,.F.);
#1792=ORIENTED_EDGE('',*,*,#2275,.F.);
#1793=ORIENTED_EDGE('',*,*,#2090,.T.);
#1794=ORIENTED_EDGE('',*,*,#2249,.T.);
#1795=ORIENTED_EDGE('',*,*,#2087,.F.);
#1796=ORIENTED_EDGE('',*,*,#2262,.T.);
#1797=ORIENTED_EDGE('',*,*,#2236,.T.);
#1798=ORIENTED_EDGE('',*,*,#2237,.T.);
#1799=ORIENTED_EDGE('',*,*,#2233,.T.);
#1800=ORIENTED_EDGE('',*,*,#2159,.T.);
#1801=ORIENTED_EDGE('',*,*,#2231,.F.);
#1802=ORIENTED_EDGE('',*,*,#2074,.F.);
#1803=ORIENTED_EDGE('',*,*,#2247,.T.);
#1804=ORIENTED_EDGE('',*,*,#2280,.T.);
#1805=ORIENTED_EDGE('',*,*,#1808,.T.);
#1806=ORIENTED_EDGE('',*,*,#1817,.F.);
#1807=ORIENTED_EDGE('',*,*,#2103,.F.);
#1808=EDGE_CURVE('',#2282,#2283,#2597,.F.);
#1809=EDGE_CURVE('',#2282,#2284,#166,.T.);
#1810=EDGE_CURVE('',#2284,#2285,#2598,.T.);
#1811=EDGE_CURVE('',#2285,#2283,#167,.T.);
#1812=EDGE_CURVE('',#2286,#2287,#2599,.F.);
#1813=EDGE_CURVE('',#2286,#2288,#168,.T.);
#1814=EDGE_CURVE('',#2289,#2288,#145,.T.);
#1815=EDGE_CURVE('',#2287,#2289,#169,.T.);
#1816=EDGE_CURVE('',#2286,#2290,#170,.F.);
#1817=EDGE_CURVE('',#2290,#2283,#171,.F.);
#1818=EDGE_CURVE('',#2291,#2285,#2600,.T.);
#1819=EDGE_CURVE('',#2291,#2292,#172,.T.);
#1820=EDGE_CURVE('',#2292,#2293,#173,.T.);
#1821=EDGE_CURVE('',#2288,#2293,#174,.T.);
#1822=EDGE_CURVE('',#2294,#2295,#175,.T.);
#1823=EDGE_CURVE('',#2295,#2296,#176,.T.);
#1824=EDGE_CURVE('',#2296,#2297,#177,.T.);
#1825=EDGE_CURVE('',#2297,#2298,#178,.T.);
#1826=EDGE_CURVE('',#2298,#2299,#179,.T.);
#1827=EDGE_CURVE('',#2299,#2300,#180,.T.);
#1828=EDGE_CURVE('',#2301,#2300,#19,.T.);
#1829=EDGE_CURVE('',#2302,#2301,#181,.T.);
#1830=EDGE_CURVE('',#2302,#2303,#182,.T.);
#1831=EDGE_CURVE('',#2304,#2303,#20,.T.);
#1832=EDGE_CURVE('',#2304,#2305,#183,.T.);
#1833=EDGE_CURVE('',#2305,#2306,#21,.T.);
#1834=EDGE_CURVE('',#2294,#2306,#184,.T.);
#1835=EDGE_CURVE('',#2306,#2307,#185,.T.);
#1836=EDGE_CURVE('',#2307,#2308,#186,.T.);
#1837=EDGE_CURVE('',#2308,#2309,#187,.T.);
#1838=EDGE_CURVE('',#2309,#2310,#188,.T.);
#1839=EDGE_CURVE('',#2311,#2310,#189,.T.);
#1840=EDGE_CURVE('',#2312,#2311,#190,.T.);
#1841=EDGE_CURVE('',#2294,#2312,#191,.T.);
#1842=EDGE_CURVE('',#2313,#2314,#192,.T.);
#1843=EDGE_CURVE('',#2314,#2315,#193,.T.);
#1844=EDGE_CURVE('',#2315,#2316,#194,.T.);
#1845=EDGE_CURVE('',#2317,#2316,#195,.T.);
#1846=EDGE_CURVE('',#2318,#2317,#196,.T.);
#1847=EDGE_CURVE('',#2318,#2319,#197,.T.);
#1848=EDGE_CURVE('',#2320,#2319,#198,.T.);
#1849=EDGE_CURVE('',#2321,#2320,#199,.T.);
#1850=EDGE_CURVE('',#2322,#2321,#200,.T.);
#1851=EDGE_CURVE('',#2323,#2322,#201,.T.);
#1852=EDGE_CURVE('',#2324,#2323,#202,.T.);
#1853=EDGE_CURVE('',#2325,#2324,#203,.T.);
#1854=EDGE_CURVE('',#2325,#2326,#204,.T.);
#1855=EDGE_CURVE('',#2327,#2326,#205,.T.);
#1856=EDGE_CURVE('',#2327,#2313,#206,.T.);
#1857=EDGE_CURVE('',#2328,#2329,#207,.T.);
#1858=EDGE_CURVE('',#2329,#2330,#22,.T.);
#1859=EDGE_CURVE('',#2330,#2323,#208,.T.);
#1860=EDGE_CURVE('',#2322,#2328,#209,.T.);
#1861=EDGE_CURVE('',#2331,#2332,#2601,.T.);
#1862=EDGE_CURVE('',#2331,#2330,#210,.T.);
#1863=EDGE_CURVE('',#2329,#2333,#2602,.T.);
#1864=EDGE_CURVE('',#2333,#2332,#211,.T.);
#1865=EDGE_CURVE('',#2334,#2331,#146,.T.);
#1866=EDGE_CURVE('',#2335,#2332,#2603,.T.);
#1867=EDGE_CURVE('',#2335,#2334,#2604,.T.);
#1868=EDGE_CURVE('',#2336,#2337,#212,.T.);
#1869=EDGE_CURVE('',#2338,#2337,#213,.T.);
#1870=EDGE_CURVE('',#2339,#2338,#2605,.T.);
#1871=EDGE_CURVE('',#2334,#2339,#214,.T.);
#1872=EDGE_CURVE('',#2340,#2335,#215,.T.);
#1873=EDGE_CURVE('',#2341,#2340,#216,.T.);
#1874=EDGE_CURVE('',#2336,#2341,#217,.T.);
#1875=EDGE_CURVE('',#2338,#2342,#2606,.T.);
#1876=EDGE_CURVE('',#2342,#2343,#2607,.T.);
#1877=EDGE_CURVE('',#2343,#2339,#147,.F.);
#1878=EDGE_CURVE('',#2342,#2344,#218,.T.);
#1879=EDGE_CURVE('',#2344,#2345,#2608,.T.);
#1880=EDGE_CURVE('',#2345,#2343,#219,.T.);
#1881=EDGE_CURVE('',#2296,#2328,#220,.T.);
#1882=EDGE_CURVE('',#2346,#2321,#221,.T.);
#1883=EDGE_CURVE('',#2347,#2346,#222,.T.);
#1884=EDGE_CURVE('',#2347,#2348,#223,.T.);
#1885=EDGE_CURVE('',#2297,#2348,#224,.T.);
#1886=EDGE_CURVE('',#2349,#2350,#225,.T.);
#1887=EDGE_CURVE('',#2351,#2349,#226,.T.);
#1888=EDGE_CURVE('',#2351,#2352,#2609,.T.);
#1889=EDGE_CURVE('',#2353,#2352,#227,.T.);
#1890=EDGE_CURVE('',#2353,#2354,#148,.T.);
#1891=EDGE_CURVE('',#2355,#2354,#228,.T.);
#1892=EDGE_CURVE('',#2298,#2355,#229,.T.);
#1893=EDGE_CURVE('',#2356,#2348,#230,.T.);
#1894=EDGE_CURVE('',#2356,#2357,#231,.T.);
#1895=EDGE_CURVE('',#2350,#2357,#232,.T.);
#1896=EDGE_CURVE('',#2358,#2359,#233,.T.);
#1897=EDGE_CURVE('',#2359,#2299,#234,.T.);
#1898=EDGE_CURVE('',#2360,#2355,#235,.T.);
#1899=EDGE_CURVE('',#2361,#2360,#236,.T.);
#1900=EDGE_CURVE('',#2361,#2362,#237,.T.);
#1901=EDGE_CURVE('',#2358,#2362,#238,.T.);
#1902=EDGE_CURVE('',#2300,#2363,#239,.T.);
#1903=EDGE_CURVE('',#2364,#2363,#2610,.T.);
#1904=EDGE_CURVE('',#2301,#2364,#240,.T.);
#1905=EDGE_CURVE('',#2365,#2366,#241,.T.);
#1906=EDGE_CURVE('',#2367,#2366,#242,.T.);
#1907=EDGE_CURVE('',#2367,#2368,#243,.T.);
#1908=EDGE_CURVE('',#2368,#2369,#244,.T.);
#1909=EDGE_CURVE('',#2369,#2370,#245,.T.);
#1910=EDGE_CURVE('',#2371,#2370,#246,.T.);
#1911=EDGE_CURVE('',#2372,#2371,#247,.T.);
#1912=EDGE_CURVE('',#2373,#2372,#248,.T.);
#1913=EDGE_CURVE('',#2374,#2373,#249,.T.);
#1914=EDGE_CURVE('',#2374,#2375,#250,.T.);
#1915=EDGE_CURVE('',#2376,#2375,#251,.T.);
#1916=EDGE_CURVE('',#2302,#2376,#252,.T.);
#1917=EDGE_CURVE('',#2377,#2364,#253,.T.);
#1918=EDGE_CURVE('',#2378,#2377,#254,.T.);
#1919=EDGE_CURVE('',#2378,#2379,#255,.T.);
#1920=EDGE_CURVE('',#2379,#2365,#256,.T.);
#1921=EDGE_CURVE('',#2380,#2376,#257,.T.);
#1922=EDGE_CURVE('',#2380,#2381,#23,.T.);
#1923=EDGE_CURVE('',#2381,#2382,#258,.T.);
#1924=EDGE_CURVE('',#2303,#2382,#24,.T.);
#1925=EDGE_CURVE('',#2383,#2384,#259,.T.);
#1926=EDGE_CURVE('',#2384,#2385,#2611,.T.);
#1927=EDGE_CURVE('',#2385,#2386,#2612,.T.);
#1928=EDGE_CURVE('',#2386,#2387,#149,.T.);
#1929=EDGE_CURVE('',#2387,#2304,#260,.T.);
#1930=EDGE_CURVE('',#2382,#2388,#261,.T.);
#1931=EDGE_CURVE('',#2388,#2383,#150,.T.);
#1932=EDGE_CURVE('',#2389,#2389,#2613,.T.);
#1933=EDGE_CURVE('',#2387,#2308,#2614,.T.);
#1934=EDGE_CURVE('',#2307,#2305,#2615,.T.);
#1935=EDGE_CURVE('',#2390,#2391,#262,.T.);
#1936=EDGE_CURVE('',#2390,#2392,#2616,.T.);
#1937=EDGE_CURVE('',#2393,#2392,#263,.T.);
#1938=EDGE_CURVE('',#2391,#2393,#2617,.T.);
#1939=EDGE_CURVE('',#2394,#2395,#264,.T.);
#1940=EDGE_CURVE('',#2396,#2394,#151,.T.);
#1941=EDGE_CURVE('',#2397,#2396,#265,.T.);
#1942=EDGE_CURVE('',#2398,#2397,#2618,.T.);
#1943=EDGE_CURVE('',#2399,#2398,#266,.T.);
#1944=EDGE_CURVE('',#2395,#2399,#152,.T.);
#1945=EDGE_CURVE('',#2400,#2386,#267,.T.);
#1946=EDGE_CURVE('',#2401,#2400,#2619,.T.);
#1947=EDGE_CURVE('',#2402,#2401,#268,.T.);
#1948=EDGE_CURVE('',#2403,#2402,#153,.T.);
#1949=EDGE_CURVE('',#2404,#2403,#269,.T.);
#1950=EDGE_CURVE('',#2309,#2404,#2620,.T.);
#1951=EDGE_CURVE('',#2310,#2405,#270,.T.);
#1952=EDGE_CURVE('',#2404,#2406,#271,.T.);
#1953=EDGE_CURVE('',#2406,#2407,#272,.T.);
#1954=EDGE_CURVE('',#2407,#2408,#273,.T.);
#1955=EDGE_CURVE('',#2409,#2408,#274,.T.);
#1956=EDGE_CURVE('',#2409,#2410,#275,.T.);
#1957=EDGE_CURVE('',#2410,#2411,#276,.T.);
#1958=EDGE_CURVE('',#2412,#2411,#2621,.T.);
#1959=EDGE_CURVE('',#2412,#2413,#277,.T.);
#1960=EDGE_CURVE('',#2414,#2413,#278,.T.);
#1961=EDGE_CURVE('',#2415,#2414,#279,.T.);
#1962=EDGE_CURVE('',#2416,#2415,#280,.T.);
#1963=EDGE_CURVE('',#2405,#2416,#281,.T.);
#1964=EDGE_CURVE('',#2417,#2418,#282,.T.);
#1965=EDGE_CURVE('',#2417,#2419,#283,.T.);
#1966=EDGE_CURVE('',#2420,#2419,#284,.T.);
#1967=EDGE_CURVE('',#2418,#2420,#285,.T.);
#1968=EDGE_CURVE('',#2421,#2422,#286,.T.);
#1969=EDGE_CURVE('',#2418,#2421,#2622,.T.);
#1970=EDGE_CURVE('',#2422,#2420,#2623,.T.);
#1971=EDGE_CURVE('',#2423,#2423,#2624,.T.);
#1972=EDGE_CURVE('',#2421,#2325,#287,.T.);
#1973=EDGE_CURVE('',#2326,#2422,#288,.T.);
#1974=EDGE_CURVE('',#2424,#2425,#289,.T.);
#1975=EDGE_CURVE('',#2426,#2425,#290,.T.);
#1976=EDGE_CURVE('',#2427,#2426,#291,.T.);
#1977=EDGE_CURVE('',#2337,#2427,#2625,.T.);
#1978=EDGE_CURVE('',#2428,#2336,#292,.T.);
#1979=EDGE_CURVE('',#2424,#2428,#293,.T.);
#1980=EDGE_CURVE('',#2429,#2341,#294,.T.);
#1981=EDGE_CURVE('',#2430,#2429,#295,.T.);
#1982=EDGE_CURVE('',#2428,#2430,#296,.T.);
#1983=EDGE_CURVE('',#2429,#2313,#297,.T.);
#1984=EDGE_CURVE('',#2419,#2327,#298,.T.);
#1985=EDGE_CURVE('',#2430,#2417,#299,.T.);
#1986=EDGE_CURVE('',#2431,#2432,#300,.T.);
#1987=EDGE_CURVE('',#2432,#2433,#301,.T.);
#1988=EDGE_CURVE('',#2434,#2433,#25,.T.);
#1989=EDGE_CURVE('',#2434,#2314,#302,.T.);
#1990=EDGE_CURVE('',#2431,#2340,#26,.T.);
#1991=EDGE_CURVE('',#2315,#2435,#303,.T.);
#1992=EDGE_CURVE('',#2316,#2435,#304,.T.);
#1993=EDGE_CURVE('',#2435,#2436,#305,.T.);
#1994=EDGE_CURVE('',#2436,#2317,#306,.T.);
#1995=EDGE_CURVE('',#2436,#2318,#307,.T.);
#1996=EDGE_CURVE('',#2319,#2437,#2626,.T.);
#1997=EDGE_CURVE('',#2437,#2438,#308,.T.);
#1998=EDGE_CURVE('',#2320,#2438,#2627,.T.);
#1999=EDGE_CURVE('',#2332,#2431,#309,.T.);
#2000=EDGE_CURVE('',#2432,#2333,#310,.T.);
#2001=EDGE_CURVE('',#2427,#2342,#311,.T.);
#2002=EDGE_CURVE('',#2344,#2426,#312,.T.);
#2003=EDGE_CURVE('',#2439,#2440,#313,.T.);
#2004=EDGE_CURVE('',#2440,#2416,#314,.T.);
#2005=EDGE_CURVE('',#2439,#2415,#315,.T.);
#2006=EDGE_CURVE('',#2441,#2439,#316,.T.);
#2007=EDGE_CURVE('',#2441,#2414,#317,.T.);
#2008=EDGE_CURVE('',#2442,#2441,#318,.T.);
#2009=EDGE_CURVE('',#2413,#2442,#319,.T.);
#2010=EDGE_CURVE('',#2443,#2442,#320,.T.);
#2011=EDGE_CURVE('',#2444,#2412,#321,.T.);
#2012=EDGE_CURVE('',#2445,#2444,#322,.T.);
#2013=EDGE_CURVE('',#2443,#2445,#323,.T.);
#2014=EDGE_CURVE('',#2446,#2443,#27,.T.);
#2015=EDGE_CURVE('',#2445,#2447,#28,.T.);
#2016=EDGE_CURVE('',#2447,#2446,#324,.T.);
#2017=EDGE_CURVE('',#2448,#2446,#325,.T.);
#2018=EDGE_CURVE('',#2447,#2449,#326,.T.);
#2019=EDGE_CURVE('',#2448,#2449,#327,.T.);
#2020=EDGE_CURVE('',#2450,#2448,#29,.T.);
#2021=EDGE_CURVE('',#2449,#2451,#30,.T.);
#2022=EDGE_CURVE('',#2451,#2450,#328,.T.);
#2023=EDGE_CURVE('',#2452,#2450,#329,.T.);
#2024=EDGE_CURVE('',#2451,#2453,#330,.T.);
#2025=EDGE_CURVE('',#2454,#2453,#154,.F.);
#2026=EDGE_CURVE('',#2455,#2454,#331,.T.);
#2027=EDGE_CURVE('',#2456,#2455,#332,.T.);
#2028=EDGE_CURVE('',#2452,#2456,#333,.T.);
#2029=EDGE_CURVE('',#2457,#2452,#334,.T.);
#2030=EDGE_CURVE('',#2458,#2456,#335,.T.);
#2031=EDGE_CURVE('',#2458,#2459,#336,.T.);
#2032=EDGE_CURVE('',#2459,#2460,#337,.T.);
#2033=EDGE_CURVE('',#2460,#2457,#338,.T.);
#2034=EDGE_CURVE('',#2461,#2457,#339,.T.);
#2035=EDGE_CURVE('',#2462,#2460,#340,.T.);
#2036=EDGE_CURVE('',#2463,#2462,#2628,.T.);
#2037=EDGE_CURVE('',#2463,#2464,#341,.T.);
#2038=EDGE_CURVE('',#2465,#2464,#2629,.T.);
#2039=EDGE_CURVE('',#2410,#2465,#342,.T.);
#2040=EDGE_CURVE('',#2409,#2461,#2630,.T.);
#2041=EDGE_CURVE('',#2408,#2466,#2631,.T.);
#2042=EDGE_CURVE('',#2466,#2461,#343,.T.);
#2043=EDGE_CURVE('',#2467,#2466,#344,.T.);
#2044=EDGE_CURVE('',#2407,#2468,#345,.T.);
#2045=EDGE_CURVE('',#2468,#2385,#2632,.T.);
#2046=EDGE_CURVE('',#2384,#2469,#346,.T.);
#2047=EDGE_CURVE('',#2469,#2470,#347,.T.);
#2048=EDGE_CURVE('',#2467,#2470,#348,.T.);
#2049=EDGE_CURVE('',#2392,#2467,#349,.T.);
#2050=EDGE_CURVE('',#2470,#2393,#350,.T.);
#2051=EDGE_CURVE('',#2471,#2390,#351,.T.);
#2052=EDGE_CURVE('',#2469,#2391,#352,.T.);
#2053=EDGE_CURVE('',#2471,#2383,#353,.T.);
#2054=EDGE_CURVE('',#2472,#2471,#2633,.T.);
#2055=EDGE_CURVE('',#2381,#2388,#2634,.T.);
#2056=EDGE_CURVE('',#2472,#2380,#31,.T.);
#2057=EDGE_CURVE('',#2375,#2473,#354,.T.);
#2058=EDGE_CURVE('',#2474,#2473,#355,.T.);
#2059=EDGE_CURVE('',#2475,#2474,#356,.T.);
#2060=EDGE_CURVE('',#2476,#2475,#32,.T.);
#2061=EDGE_CURVE('',#2476,#2477,#357,.T.);
#2062=EDGE_CURVE('',#2477,#2478,#358,.T.);
#2063=EDGE_CURVE('',#2478,#2479,#359,.T.);
#2064=EDGE_CURVE('',#2479,#2480,#360,.T.);
#2065=EDGE_CURVE('',#2480,#2472,#361,.T.);
#2066=EDGE_CURVE('',#2481,#2480,#362,.T.);
#2067=EDGE_CURVE('',#2481,#2479,#363,.T.);
#2068=EDGE_CURVE('',#2482,#2481,#364,.T.);
#2069=EDGE_CURVE('',#2482,#2478,#365,.T.);
#2070=EDGE_CURVE('',#2477,#2482,#366,.T.);
#2071=EDGE_CURVE('',#2483,#2476,#367,.T.);
#2072=EDGE_CURVE('',#2484,#2475,#368,.T.);
#2073=EDGE_CURVE('',#2483,#2484,#2635,.T.);
#2074=EDGE_CURVE('',#2485,#2485,#2636,.T.);
#2075=EDGE_CURVE('',#2373,#2486,#2637,.T.);
#2076=EDGE_CURVE('',#2486,#2487,#369,.T.);
#2077=EDGE_CURVE('',#2487,#2483,#370,.T.);
#2078=EDGE_CURVE('',#2484,#2488,#371,.T.);
#2079=EDGE_CURVE('',#2488,#2489,#372,.T.);
#2080=EDGE_CURVE('',#2489,#2374,#373,.T.);
#2081=EDGE_CURVE('',#2490,#2491,#374,.T.);
#2082=EDGE_CURVE('',#2487,#2490,#375,.T.);
#2083=EDGE_CURVE('',#2491,#2486,#376,.T.);
#2084=EDGE_CURVE('',#2492,#2493,#377,.T.);
#2085=EDGE_CURVE('',#2493,#2494,#2638,.T.);
#2086=EDGE_CURVE('',#2495,#2494,#378,.T.);
#2087=EDGE_CURVE('',#2495,#2492,#2639,.T.);
#2088=EDGE_CURVE('',#2496,#2497,#379,.T.);
#2089=EDGE_CURVE('',#2496,#2498,#380,.T.);
#2090=EDGE_CURVE('',#2499,#2498,#381,.T.);
#2091=EDGE_CURVE('',#2500,#2499,#382,.T.);
#2092=EDGE_CURVE('',#2501,#2500,#383,.T.);
#2093=EDGE_CURVE('',#2501,#2502,#384,.T.);
#2094=EDGE_CURVE('',#2502,#2503,#385,.T.);
#2095=EDGE_CURVE('',#2503,#2497,#386,.T.);
#2096=EDGE_CURVE('',#2287,#2504,#387,.T.);
#2097=EDGE_CURVE('',#2504,#2505,#2640,.T.);
#2098=EDGE_CURVE('',#2506,#2505,#388,.T.);
#2099=EDGE_CURVE('',#2361,#2506,#389,.T.);
#2100=EDGE_CURVE('',#2507,#2360,#390,.T.);
#2101=EDGE_CURVE('',#2507,#2377,#2641,.T.);
#2102=EDGE_CURVE('',#2363,#2508,#391,.T.);
#2103=EDGE_CURVE('',#2508,#2290,#392,.T.);
#2104=EDGE_CURVE('',#2359,#2509,#393,.T.);
#2105=EDGE_CURVE('',#2510,#2358,#394,.T.);
#2106=EDGE_CURVE('',#2509,#2510,#395,.T.);
#2107=EDGE_CURVE('',#2511,#2511,#2642,.T.);
#2108=EDGE_CURVE('',#2512,#2513,#396,.T.);
#2109=EDGE_CURVE('',#2514,#2512,#397,.T.);
#2110=EDGE_CURVE('',#2509,#2514,#398,.T.);
#2111=EDGE_CURVE('',#2515,#2510,#399,.T.);
#2112=EDGE_CURVE('',#2515,#2513,#400,.T.);
#2113=EDGE_CURVE('',#2512,#2516,#401,.T.);
#2114=EDGE_CURVE('',#2517,#2516,#402,.T.);
#2115=EDGE_CURVE('',#2517,#2514,#403,.T.);
#2116=EDGE_CURVE('',#2518,#2517,#404,.T.);
#2117=EDGE_CURVE('',#2519,#2516,#405,.T.);
#2118=EDGE_CURVE('',#2518,#2519,#406,.T.);
#2119=EDGE_CURVE('',#2520,#2518,#2643,.T.);
#2120=EDGE_CURVE('',#2521,#2519,#2644,.T.);
#2121=EDGE_CURVE('',#2520,#2521,#407,.T.);
#2122=EDGE_CURVE('',#2522,#2521,#2645,.T.);
#2123=EDGE_CURVE('',#2522,#2523,#408,.T.);
#2124=EDGE_CURVE('',#2438,#2523,#2646,.T.);
#2125=EDGE_CURVE('',#2437,#2520,#2647,.T.);
#2126=EDGE_CURVE('',#2524,#2524,#2648,.T.);
#2127=EDGE_CURVE('',#2433,#2434,#2649,.T.);
#2128=EDGE_CURVE('',#2525,#2349,#409,.T.);
#2129=EDGE_CURVE('',#2526,#2350,#410,.T.);
#2130=EDGE_CURVE('',#2526,#2525,#411,.T.);
#2131=EDGE_CURVE('',#2527,#2525,#412,.T.);
#2132=EDGE_CURVE('',#2527,#2528,#155,.T.);
#2133=EDGE_CURVE('',#2528,#2529,#413,.T.);
#2134=EDGE_CURVE('',#2530,#2529,#414,.T.);
#2135=EDGE_CURVE('',#2530,#2351,#156,.T.);
#2136=EDGE_CURVE('',#2372,#2352,#2650,.T.);
#2137=EDGE_CURVE('',#2351,#2531,#2651,.T.);
#2138=EDGE_CURVE('',#2491,#2531,#2652,.T.);
#2139=EDGE_CURVE('',#2354,#2532,#415,.T.);
#2140=EDGE_CURVE('',#2532,#2533,#416,.T.);
#2141=EDGE_CURVE('',#2533,#2353,#417,.T.);
#2142=EDGE_CURVE('',#2352,#2534,#418,.T.);
#2143=EDGE_CURVE('',#2535,#2534,#419,.T.);
#2144=EDGE_CURVE('',#2535,#2536,#2653,.T.);
#2145=EDGE_CURVE('',#2536,#2507,#420,.T.);
#2146=EDGE_CURVE('',#2532,#2533,#157,.T.);
#2147=EDGE_CURVE('',#2537,#2356,#421,.T.);
#2148=EDGE_CURVE('',#2537,#2538,#422,.T.);
#2149=EDGE_CURVE('',#2357,#2538,#423,.T.);
#2150=EDGE_CURVE('',#2538,#2539,#2654,.T.);
#2151=EDGE_CURVE('',#2539,#2540,#424,.T.);
#2152=EDGE_CURVE('',#2540,#2541,#425,.T.);
#2153=EDGE_CURVE('',#2541,#2526,#426,.T.);
#2154=EDGE_CURVE('',#2542,#2539,#427,.T.);
#2155=EDGE_CURVE('',#2542,#2537,#2655,.T.);
#2156=EDGE_CURVE('',#2368,#2365,#2656,.T.);
#2157=EDGE_CURVE('',#2543,#2367,#158,.T.);
#2158=EDGE_CURVE('',#2544,#2543,#2657,.T.);
#2159=EDGE_CURVE('',#2545,#2544,#159,.T.);
#2160=EDGE_CURVE('',#2546,#2545,#2658,.T.);
#2161=EDGE_CURVE('',#2547,#2546,#428,.T.);
#2162=EDGE_CURVE('',#2548,#2547,#2659,.T.);
#2163=EDGE_CURVE('',#2366,#2548,#160,.T.);
#2164=EDGE_CURVE('',#2548,#2543,#429,.T.);
#2165=EDGE_CURVE('',#2379,#2369,#2660,.T.);
#2166=EDGE_CURVE('',#2536,#2378,#161,.T.);
#2167=EDGE_CURVE('',#2370,#2535,#162,.T.);
#2168=EDGE_CURVE('',#2371,#2534,#2661,.T.);
#2169=EDGE_CURVE('',#2489,#2473,#430,.T.);
#2170=EDGE_CURVE('',#2385,#2549,#2662,.T.);
#2171=EDGE_CURVE('',#2549,#2400,#431,.T.);
#2172=EDGE_CURVE('',#2550,#2550,#2663,.T.);
#2173=EDGE_CURVE('',#2549,#2551,#432,.T.);
#2174=EDGE_CURVE('',#2401,#2551,#433,.T.);
#2175=EDGE_CURVE('',#2551,#2552,#2664,.T.);
#2176=EDGE_CURVE('',#2552,#2406,#434,.T.);
#2177=EDGE_CURVE('',#2403,#2402,#2665,.T.);
#2178=EDGE_CURVE('',#2394,#2395,#2666,.T.);
#2179=EDGE_CURVE('',#2399,#2553,#435,.T.);
#2180=EDGE_CURVE('',#2553,#2396,#2667,.T.);
#2181=EDGE_CURVE('',#2553,#2554,#436,.T.);
#2182=EDGE_CURVE('',#2397,#2554,#437,.T.);
#2183=EDGE_CURVE('',#2554,#2398,#438,.T.);
#2184=EDGE_CURVE('',#2465,#2555,#439,.T.);
#2185=EDGE_CURVE('',#2411,#2555,#440,.T.);
#2186=EDGE_CURVE('',#2444,#2555,#2668,.T.);
#2187=EDGE_CURVE('',#2468,#2552,#441,.T.);
#2188=EDGE_CURVE('',#2556,#2556,#2669,.T.);
#2189=EDGE_CURVE('',#2557,#2557,#2670,.T.);
#2190=EDGE_CURVE('',#2505,#2558,#442,.T.);
#2191=EDGE_CURVE('',#2558,#2527,#443,.T.);
#2192=EDGE_CURVE('',#2527,#2541,#444,.T.);
#2193=EDGE_CURVE('',#2559,#2540,#445,.T.);
#2194=EDGE_CURVE('',#2506,#2559,#446,.T.);
#2195=EDGE_CURVE('',#2559,#2542,#447,.T.);
#2196=EDGE_CURVE('',#2513,#2522,#448,.T.);
#2197=EDGE_CURVE('',#2523,#2515,#449,.T.);
#2198=EDGE_CURVE('',#2560,#2444,#2671,.T.);
#2199=EDGE_CURVE('',#2560,#2447,#450,.T.);
#2200=EDGE_CURVE('',#2561,#2463,#451,.T.);
#2201=EDGE_CURVE('',#2453,#2561,#2672,.T.);
#2202=EDGE_CURVE('',#2464,#2560,#452,.T.);
#2203=EDGE_CURVE('',#2561,#2562,#2673,.T.);
#2204=EDGE_CURVE('',#2562,#2454,#2674,.T.);
#2205=EDGE_CURVE('',#2562,#2563,#453,.T.);
#2206=EDGE_CURVE('',#2563,#2455,#2675,.T.);
#2207=EDGE_CURVE('',#2563,#2564,#454,.T.);
#2208=EDGE_CURVE('',#2564,#2458,#455,.T.);
#2209=EDGE_CURVE('',#2565,#2459,#456,.T.);
#2210=EDGE_CURVE('',#2564,#2566,#457,.T.);
#2211=EDGE_CURVE('',#2565,#2566,#2676,.T.);
#2212=EDGE_CURVE('',#2565,#2462,#458,.T.);
#2213=EDGE_CURVE('',#2566,#2562,#459,.T.);
#2214=EDGE_CURVE('',#2555,#2560,#2677,.T.);
#2215=EDGE_CURVE('',#2488,#2474,#460,.T.);
#2216=EDGE_CURVE('',#2530,#2531,#2678,.T.);
#2217=EDGE_CURVE('',#2558,#2528,#2679,.T.);
#2218=EDGE_CURVE('',#2567,#2504,#461,.T.);
#2219=EDGE_CURVE('',#2531,#2567,#2680,.T.);
#2220=EDGE_CURVE('',#2568,#2289,#2681,.T.);
#2221=EDGE_CURVE('',#2569,#2568,#462,.T.);
#2222=EDGE_CURVE('',#2567,#2569,#463,.T.);
#2223=EDGE_CURVE('',#2570,#2571,#464,.T.);
#2224=EDGE_CURVE('',#2569,#2571,#465,.T.);
#2225=EDGE_CURVE('',#2570,#2568,#466,.T.);
#2226=EDGE_CURVE('',#2500,#2572,#2682,.T.);
#2227=EDGE_CURVE('',#2572,#2573,#467,.T.);
#2228=EDGE_CURVE('',#2573,#2501,#2683,.T.);
#2229=EDGE_CURVE('',#2574,#2574,#2684,.T.);
#2230=EDGE_CURVE('',#2547,#2575,#468,.T.);
#2231=EDGE_CURVE('',#2575,#2544,#469,.T.);
#2232=EDGE_CURVE('',#2546,#2576,#470,.T.);
#2233=EDGE_CURVE('',#2577,#2545,#471,.T.);
#2234=EDGE_CURVE('',#2577,#2576,#2685,.T.);
#2235=EDGE_CURVE('',#2576,#2578,#472,.T.);
#2236=EDGE_CURVE('',#2575,#2578,#2686,.T.);
#2237=EDGE_CURVE('',#2578,#2577,#163,.T.);
#2238=EDGE_CURVE('',#2293,#2570,#164,.T.);
#2239=EDGE_CURVE('',#2284,#2291,#165,.F.);
#2240=EDGE_CURVE('',#2324,#2312,#473,.T.);
#2241=EDGE_CURVE('',#2345,#2295,#474,.T.);
#2242=EDGE_CURVE('',#2425,#2440,#475,.T.);
#2243=EDGE_CURVE('',#2579,#2424,#476,.T.);
#2244=EDGE_CURVE('',#2579,#2405,#477,.T.);
#2245=EDGE_CURVE('',#2311,#2579,#478,.T.);
#2246=EDGE_CURVE('',#2496,#2580,#479,.T.);
#2247=EDGE_CURVE('',#2508,#2580,#480,.T.);
#2248=EDGE_CURVE('',#2493,#2490,#481,.T.);
#2249=EDGE_CURVE('',#2498,#2492,#482,.T.);
#2250=EDGE_CURVE('',#2581,#2503,#483,.T.);
#2251=EDGE_CURVE('',#2582,#2502,#484,.T.);
#2252=EDGE_CURVE('',#2582,#2581,#485,.T.);
#2253=EDGE_CURVE('',#2583,#2584,#486,.T.);
#2254=EDGE_CURVE('',#2585,#2583,#487,.T.);
#2255=EDGE_CURVE('',#2585,#2581,#488,.T.);
#2256=EDGE_CURVE('',#2584,#2582,#489,.T.);
#2257=EDGE_CURVE('',#2586,#2571,#2687,.T.);
#2258=EDGE_CURVE('',#2587,#2586,#490,.T.);
#2259=EDGE_CURVE('',#2494,#2587,#491,.T.);
#2260=EDGE_CURVE('',#2497,#2585,#492,.T.);
#2261=EDGE_CURVE('',#2588,#2589,#493,.T.);
#2262=EDGE_CURVE('',#2495,#2588,#494,.T.);
#2263=EDGE_CURVE('',#2590,#2587,#495,.T.);
#2264=EDGE_CURVE('',#2584,#2590,#496,.T.);
#2265=EDGE_CURVE('',#2573,#2589,#497,.T.);
#2266=EDGE_CURVE('',#2347,#2361,#498,.T.);
#2267=EDGE_CURVE('',#2362,#2346,#499,.T.);
#2268=EDGE_CURVE('',#2591,#2592,#500,.T.);
#2269=EDGE_CURVE('',#2592,#2590,#501,.T.);
#2270=EDGE_CURVE('',#2591,#2586,#502,.T.);
#2271=EDGE_CURVE('',#2292,#2591,#2688,.T.);
#2272=EDGE_CURVE('',#2593,#2594,#503,.T.);
#2273=EDGE_CURVE('',#2594,#2589,#504,.T.);
#2274=EDGE_CURVE('',#2593,#2572,#505,.T.);
#2275=EDGE_CURVE('',#2499,#2595,#506,.T.);
#2276=EDGE_CURVE('',#2595,#2593,#507,.T.);
#2277=EDGE_CURVE('',#2595,#2596,#508,.T.);
#2278=EDGE_CURVE('',#2594,#2596,#509,.T.);
#2279=EDGE_CURVE('',#2596,#2588,#510,.T.);
#2280=EDGE_CURVE('',#2580,#2282,#511,.T.);
#2281=EDGE_CURVE('',#2592,#2583,#512,.T.);
#2282=VERTEX_POINT('',#5042);
#2283=VERTEX_POINT('',#5043);
#2284=VERTEX_POINT('',#5045);
#2285=VERTEX_POINT('',#5047);
#2286=VERTEX_POINT('',#5051);
#2287=VERTEX_POINT('',#5052);
#2288=VERTEX_POINT('',#5054);
#2289=VERTEX_POINT('',#5059);
#2290=VERTEX_POINT('',#5063);
#2291=VERTEX_POINT('',#5066);
#2292=VERTEX_POINT('',#5068);
#2293=VERTEX_POINT('',#5070);
#2294=VERTEX_POINT('',#5074);
#2295=VERTEX_POINT('',#5075);
#2296=VERTEX_POINT('',#5077);
#2297=VERTEX_POINT('',#5079);
#2298=VERTEX_POINT('',#5081);
#2299=VERTEX_POINT('',#5083);
#2300=VERTEX_POINT('',#5085);
#2301=VERTEX_POINT('',#5087);
#2302=VERTEX_POINT('',#5089);
#2303=VERTEX_POINT('',#5091);
#2304=VERTEX_POINT('',#5093);
#2305=VERTEX_POINT('',#5095);
#2306=VERTEX_POINT('',#5097);
#2307=VERTEX_POINT('',#5101);
#2308=VERTEX_POINT('',#5103);
#2309=VERTEX_POINT('',#5105);
#2310=VERTEX_POINT('',#5107);
#2311=VERTEX_POINT('',#5109);
#2312=VERTEX_POINT('',#5111);
#2313=VERTEX_POINT('',#5115);
#2314=VERTEX_POINT('',#5116);
#2315=VERTEX_POINT('',#5118);
#2316=VERTEX_POINT('',#5120);
#2317=VERTEX_POINT('',#5122);
#2318=VERTEX_POINT('',#5124);
#2319=VERTEX_POINT('',#5126);
#2320=VERTEX_POINT('',#5128);
#2321=VERTEX_POINT('',#5130);
#2322=VERTEX_POINT('',#5132);
#2323=VERTEX_POINT('',#5134);
#2324=VERTEX_POINT('',#5136);
#2325=VERTEX_POINT('',#5138);
#2326=VERTEX_POINT('',#5140);
#2327=VERTEX_POINT('',#5142);
#2328=VERTEX_POINT('',#5146);
#2329=VERTEX_POINT('',#5147);
#2330=VERTEX_POINT('',#5149);
#2331=VERTEX_POINT('',#5154);
#2332=VERTEX_POINT('',#5155);
#2333=VERTEX_POINT('',#5158);
#2334=VERTEX_POINT('',#5166);
#2335=VERTEX_POINT('',#5168);
#2336=VERTEX_POINT('',#5172);
#2337=VERTEX_POINT('',#5173);
#2338=VERTEX_POINT('',#5175);
#2339=VERTEX_POINT('',#5177);
#2340=VERTEX_POINT('',#5180);
#2341=VERTEX_POINT('',#5182);
#2342=VERTEX_POINT('',#5186);
#2343=VERTEX_POINT('',#5188);
#2344=VERTEX_POINT('',#5196);
#2345=VERTEX_POINT('',#5198);
#2346=VERTEX_POINT('',#5203);
#2347=VERTEX_POINT('',#5205);
#2348=VERTEX_POINT('',#5207);
#2349=VERTEX_POINT('',#5211);
#2350=VERTEX_POINT('',#5212);
#2351=VERTEX_POINT('',#5214);
#2352=VERTEX_POINT('',#5216);
#2353=VERTEX_POINT('',#5218);
#2354=VERTEX_POINT('',#5223);
#2355=VERTEX_POINT('',#5225);
#2356=VERTEX_POINT('',#5228);
#2357=VERTEX_POINT('',#5230);
#2358=VERTEX_POINT('',#5234);
#2359=VERTEX_POINT('',#5235);
#2360=VERTEX_POINT('',#5238);
#2361=VERTEX_POINT('',#5240);
#2362=VERTEX_POINT('',#5242);
#2363=VERTEX_POINT('',#5246);
#2364=VERTEX_POINT('',#5248);
#2365=VERTEX_POINT('',#5252);
#2366=VERTEX_POINT('',#5253);
#2367=VERTEX_POINT('',#5255);
#2368=VERTEX_POINT('',#5257);
#2369=VERTEX_POINT('',#5259);
#2370=VERTEX_POINT('',#5261);
#2371=VERTEX_POINT('',#5263);
#2372=VERTEX_POINT('',#5265);
#2373=VERTEX_POINT('',#5267);
#2374=VERTEX_POINT('',#5269);
#2375=VERTEX_POINT('',#5271);
#2376=VERTEX_POINT('',#5273);
#2377=VERTEX_POINT('',#5276);
#2378=VERTEX_POINT('',#5278);
#2379=VERTEX_POINT('',#5280);
#2380=VERTEX_POINT('',#5284);
#2381=VERTEX_POINT('',#5286);
#2382=VERTEX_POINT('',#5288);
#2383=VERTEX_POINT('',#5292);
#2384=VERTEX_POINT('',#5293);
#2385=VERTEX_POINT('',#5295);
#2386=VERTEX_POINT('',#5297);
#2387=VERTEX_POINT('',#5308);
#2388=VERTEX_POINT('',#5311);
#2389=VERTEX_POINT('',#5318);
#2390=VERTEX_POINT('',#5325);
#2391=VERTEX_POINT('',#5326);
#2392=VERTEX_POINT('',#5328);
#2393=VERTEX_POINT('',#5330);
#2394=VERTEX_POINT('',#5333);
#2395=VERTEX_POINT('',#5334);
#2396=VERTEX_POINT('',#5346);
#2397=VERTEX_POINT('',#5348);
#2398=VERTEX_POINT('',#5350);
#2399=VERTEX_POINT('',#5352);
#2400=VERTEX_POINT('',#5359);
#2401=VERTEX_POINT('',#5361);
#2402=VERTEX_POINT('',#5363);
#2403=VERTEX_POINT('',#5371);
#2404=VERTEX_POINT('',#5373);
#2405=VERTEX_POINT('',#5377);
#2406=VERTEX_POINT('',#5379);
#2407=VERTEX_POINT('',#5381);
#2408=VERTEX_POINT('',#5383);
#2409=VERTEX_POINT('',#5385);
#2410=VERTEX_POINT('',#5387);
#2411=VERTEX_POINT('',#5389);
#2412=VERTEX_POINT('',#5391);
#2413=VERTEX_POINT('',#5393);
#2414=VERTEX_POINT('',#5395);
#2415=VERTEX_POINT('',#5397);
#2416=VERTEX_POINT('',#5399);
#2417=VERTEX_POINT('',#5403);
#2418=VERTEX_POINT('',#5404);
#2419=VERTEX_POINT('',#5406);
#2420=VERTEX_POINT('',#5408);
#2421=VERTEX_POINT('',#5412);
#2422=VERTEX_POINT('',#5413);
#2423=VERTEX_POINT('',#5417);
#2424=VERTEX_POINT('',#5423);
#2425=VERTEX_POINT('',#5424);
#2426=VERTEX_POINT('',#5426);
#2427=VERTEX_POINT('',#5428);
#2428=VERTEX_POINT('',#5431);
#2429=VERTEX_POINT('',#5435);
#2430=VERTEX_POINT('',#5437);
#2431=VERTEX_POINT('',#5445);
#2432=VERTEX_POINT('',#5446);
#2433=VERTEX_POINT('',#5448);
#2434=VERTEX_POINT('',#5450);
#2435=VERTEX_POINT('',#5455);
#2436=VERTEX_POINT('',#5459);
#2437=VERTEX_POINT('',#5465);
#2438=VERTEX_POINT('',#5467);
#2439=VERTEX_POINT('',#5480);
#2440=VERTEX_POINT('',#5481);
#2441=VERTEX_POINT('',#5486);
#2442=VERTEX_POINT('',#5490);
#2443=VERTEX_POINT('',#5494);
#2444=VERTEX_POINT('',#5496);
#2445=VERTEX_POINT('',#5498);
#2446=VERTEX_POINT('',#5502);
#2447=VERTEX_POINT('',#5504);
#2448=VERTEX_POINT('',#5508);
#2449=VERTEX_POINT('',#5510);
#2450=VERTEX_POINT('',#5514);
#2451=VERTEX_POINT('',#5516);
#2452=VERTEX_POINT('',#5520);
#2453=VERTEX_POINT('',#5522);
#2454=VERTEX_POINT('',#5528);
#2455=VERTEX_POINT('',#5530);
#2456=VERTEX_POINT('',#5532);
#2457=VERTEX_POINT('',#5536);
#2458=VERTEX_POINT('',#5538);
#2459=VERTEX_POINT('',#5540);
#2460=VERTEX_POINT('',#5542);
#2461=VERTEX_POINT('',#5546);
#2462=VERTEX_POINT('',#5548);
#2463=VERTEX_POINT('',#5550);
#2464=VERTEX_POINT('',#5552);
#2465=VERTEX_POINT('',#5554);
#2466=VERTEX_POINT('',#5559);
#2467=VERTEX_POINT('',#5563);
#2468=VERTEX_POINT('',#5565);
#2469=VERTEX_POINT('',#5568);
#2470=VERTEX_POINT('',#5570);
#2471=VERTEX_POINT('',#5577);
#2472=VERTEX_POINT('',#5582);
#2473=VERTEX_POINT('',#5587);
#2474=VERTEX_POINT('',#5589);
#2475=VERTEX_POINT('',#5591);
#2476=VERTEX_POINT('',#5593);
#2477=VERTEX_POINT('',#5595);
#2478=VERTEX_POINT('',#5597);
#2479=VERTEX_POINT('',#5599);
#2480=VERTEX_POINT('',#5601);
#2481=VERTEX_POINT('',#5605);
#2482=VERTEX_POINT('',#5609);
#2483=VERTEX_POINT('',#5615);
#2484=VERTEX_POINT('',#5617);
#2485=VERTEX_POINT('',#5621);
#2486=VERTEX_POINT('',#5623);
#2487=VERTEX_POINT('',#5625);
#2488=VERTEX_POINT('',#5628);
#2489=VERTEX_POINT('',#5630);
#2490=VERTEX_POINT('',#5634);
#2491=VERTEX_POINT('',#5635);
#2492=VERTEX_POINT('',#5640);
#2493=VERTEX_POINT('',#5641);
#2494=VERTEX_POINT('',#5643);
#2495=VERTEX_POINT('',#5645);
#2496=VERTEX_POINT('',#5649);
#2497=VERTEX_POINT('',#5650);
#2498=VERTEX_POINT('',#5652);
#2499=VERTEX_POINT('',#5654);
#2500=VERTEX_POINT('',#5656);
#2501=VERTEX_POINT('',#5658);
#2502=VERTEX_POINT('',#5660);
#2503=VERTEX_POINT('',#5662);
#2504=VERTEX_POINT('',#5666);
#2505=VERTEX_POINT('',#5668);
#2506=VERTEX_POINT('',#5670);
#2507=VERTEX_POINT('',#5673);
#2508=VERTEX_POINT('',#5676);
#2509=VERTEX_POINT('',#5680);
#2510=VERTEX_POINT('',#5682);
#2511=VERTEX_POINT('',#5686);
#2512=VERTEX_POINT('',#5688);
#2513=VERTEX_POINT('',#5689);
#2514=VERTEX_POINT('',#5691);
#2515=VERTEX_POINT('',#5694);
#2516=VERTEX_POINT('',#5698);
#2517=VERTEX_POINT('',#5700);
#2518=VERTEX_POINT('',#5704);
#2519=VERTEX_POINT('',#5706);
#2520=VERTEX_POINT('',#5710);
#2521=VERTEX_POINT('',#5712);
#2522=VERTEX_POINT('',#5716);
#2523=VERTEX_POINT('',#5718);
#2524=VERTEX_POINT('',#5723);
#2525=VERTEX_POINT('',#5727);
#2526=VERTEX_POINT('',#5729);
#2527=VERTEX_POINT('',#5740);
#2528=VERTEX_POINT('',#5745);
#2529=VERTEX_POINT('',#5747);
#2530=VERTEX_POINT('',#5749);
#2531=VERTEX_POINT('',#5760);
#2532=VERTEX_POINT('',#5764);
#2533=VERTEX_POINT('',#5766);
#2534=VERTEX_POINT('',#5769);
#2535=VERTEX_POINT('',#5771);
#2536=VERTEX_POINT('',#5773);
#2537=VERTEX_POINT('',#5788);
#2538=VERTEX_POINT('',#5790);
#2539=VERTEX_POINT('',#5794);
#2540=VERTEX_POINT('',#5796);
#2541=VERTEX_POINT('',#5798);
#2542=VERTEX_POINT('',#5802);
#2543=VERTEX_POINT('',#5809);
#2544=VERTEX_POINT('',#5811);
#2545=VERTEX_POINT('',#5817);
#2546=VERTEX_POINT('',#5819);
#2547=VERTEX_POINT('',#5821);
#2548=VERTEX_POINT('',#5823);
#2549=VERTEX_POINT('',#5850);
#2550=VERTEX_POINT('',#5854);
#2551=VERTEX_POINT('',#5858);
#2552=VERTEX_POINT('',#5862);
#2553=VERTEX_POINT('',#5870);
#2554=VERTEX_POINT('',#5874);
#2555=VERTEX_POINT('',#5881);
#2556=VERTEX_POINT('',#5889);
#2557=VERTEX_POINT('',#5891);
#2558=VERTEX_POINT('',#5895);
#2559=VERTEX_POINT('',#5899);
#2560=VERTEX_POINT('',#5908);
#2561=VERTEX_POINT('',#5912);
#2562=VERTEX_POINT('',#5917);
#2563=VERTEX_POINT('',#5921);
#2564=VERTEX_POINT('',#5925);
#2565=VERTEX_POINT('',#5929);
#2566=VERTEX_POINT('',#5931);
#2567=VERTEX_POINT('',#5947);
#2568=VERTEX_POINT('',#5951);
#2569=VERTEX_POINT('',#5953);
#2570=VERTEX_POINT('',#5957);
#2571=VERTEX_POINT('',#5958);
#2572=VERTEX_POINT('',#5963);
#2573=VERTEX_POINT('',#5965);
#2574=VERTEX_POINT('',#5969);
#2575=VERTEX_POINT('',#5977);
#2576=VERTEX_POINT('',#5981);
#2577=VERTEX_POINT('',#5983);
#2578=VERTEX_POINT('',#5987);
#2579=VERTEX_POINT('',#6020);
#2580=VERTEX_POINT('',#6027);
#2581=VERTEX_POINT('',#6033);
#2582=VERTEX_POINT('',#6035);
#2583=VERTEX_POINT('',#6039);
#2584=VERTEX_POINT('',#6040);
#2585=VERTEX_POINT('',#6042);
#2586=VERTEX_POINT('',#6047);
#2587=VERTEX_POINT('',#6049);
#2588=VERTEX_POINT('',#6055);
#2589=VERTEX_POINT('',#6056);
#2590=VERTEX_POINT('',#6059);
#2591=VERTEX_POINT('',#6069);
#2592=VERTEX_POINT('',#6070);
#2593=VERTEX_POINT('',#6077);
#2594=VERTEX_POINT('',#6078);
#2595=VERTEX_POINT('',#6083);
#2596=VERTEX_POINT('',#6087);
#2597=CIRCLE('',#3893,0.0006);
#2598=CIRCLE('',#3894,0.0006);
#2599=CIRCLE('',#3896,0.0007);
#2600=CIRCLE('',#3898,0.000752786404500045);
#2601=CIRCLE('',#3908,0.002);
#2602=CIRCLE('',#3909,0.002);
#2603=CIRCLE('',#3911,0.002);
#2604=CIRCLE('',#3912,0.004);
#2605=CIRCLE('',#3914,0.004);
#2606=CIRCLE('',#3916,0.002);
#2607=CIRCLE('',#3917,0.002);
#2608=CIRCLE('',#3919,0.002);
#2609=CIRCLE('',#3922,0.0036);
#2610=CIRCLE('',#3925,0.002);
#2611=CIRCLE('',#3931,0.0036);
#2612=CIRCLE('',#3932,0.0036);
#2613=CIRCLE('',#3933,0.0036);
#2614=CIRCLE('',#3935,0.0035);
#2615=CIRCLE('',#3936,0.005);
#2616=CIRCLE('',#3939,0.0035);
#2617=CIRCLE('',#3940,0.0035);
#2618=CIRCLE('',#3941,0.0035);
#2619=CIRCLE('',#3942,0.0035);
#2620=CIRCLE('',#3943,0.0035);
#2621=CIRCLE('',#3945,0.0007);
#2622=CIRCLE('',#3948,0.00195);
#2623=CIRCLE('',#3949,0.00195);
#2624=CIRCLE('',#3950,0.00195);
#2625=CIRCLE('',#3953,0.002);
#2626=CIRCLE('',#3963,0.002);
#2627=CIRCLE('',#3964,0.002);
#2628=CIRCLE('',#3984,0.0007);
#2629=CIRCLE('',#3985,0.0007);
#2630=CIRCLE('',#3986,0.005);
#2631=CIRCLE('',#3988,0.005);
#2632=CIRCLE('',#3990,0.002);
#2633=CIRCLE('',#3994,0.005);
#2634=CIRCLE('',#3995,0.005);
#2635=CIRCLE('',#4003,0.002);
#2636=CIRCLE('',#4005,0.002);
#2637=CIRCLE('',#4006,0.0036);
#2638=CIRCLE('',#4009,0.005);
#2639=CIRCLE('',#4010,0.005);
#2640=CIRCLE('',#4013,0.002);
#2641=CIRCLE('',#4014,0.002);
#2642=CIRCLE('',#4017,0.0016);
#2643=CIRCLE('',#4021,0.002);
#2644=CIRCLE('',#4022,0.002);
#2645=CIRCLE('',#4024,0.00375);
#2646=CIRCLE('',#4025,0.00375);
#2647=CIRCLE('',#4026,0.00375);
#2648=CIRCLE('',#4028,0.001);
#2649=CIRCLE('',#4029,0.001);
#2650=CIRCLE('',#4032,0.0036);
#2651=CIRCLE('',#4033,0.0036);
#2652=CIRCLE('',#4034,0.0036);
#2653=CIRCLE('',#4036,0.0023);
#2654=CIRCLE('',#4039,0.00195);
#2655=CIRCLE('',#4041,0.00195);
#2656=CIRCLE('',#4042,0.00195);
#2657=CIRCLE('',#4043,0.00195);
#2658=CIRCLE('',#4044,0.00195);
#2659=CIRCLE('',#4045,0.00195);
#2660=CIRCLE('',#4048,0.0023);
#2661=CIRCLE('',#4051,0.002);
#2662=CIRCLE('',#4057,0.002);
#2663=CIRCLE('',#4059,0.002);
#2664=CIRCLE('',#4063,0.002);
#2665=CIRCLE('',#4064,0.0013);
#2666=CIRCLE('',#4067,0.002);
#2667=CIRCLE('',#4069,0.002);
#2668=CIRCLE('',#4075,0.0007);
#2669=CIRCLE('',#4078,0.0016);
#2670=CIRCLE('',#4079,0.0016);
#2671=CIRCLE('',#4085,0.0007);
#2672=CIRCLE('',#4087,0.0014);
#2673=CIRCLE('',#4089,0.0007);
#2674=CIRCLE('',#4090,0.0007);
#2675=CIRCLE('',#4092,0.0007);
#2676=CIRCLE('',#4095,0.0007);
#2677=CIRCLE('',#4099,0.0007);
#2678=CIRCLE('',#4104,0.002);
#2679=CIRCLE('',#4105,0.002);
#2680=CIRCLE('',#4106,0.002);
#2681=CIRCLE('',#4108,0.0006);
#2682=CIRCLE('',#4111,0.0006);
#2683=CIRCLE('',#4112,0.0006);
#2684=CIRCLE('',#4114,0.0016);
#2685=CIRCLE('',#4122,0.0023);
#2686=CIRCLE('',#4124,0.002);
#2687=CIRCLE('',#4140,0.0007);
#2688=CIRCLE('',#4148,0.0007);
#2689=EDGE_LOOP('',(#860,#861,#862,#863));
#2690=EDGE_LOOP('',(#864,#865,#866,#867));
#2691=EDGE_LOOP('',(#868,#869,#870,#871,#872,#873,#874,#875));
#2692=EDGE_LOOP('',(#876,#877,#878,#879,#880,#881,#882,#883,#884,#885,#886,
#887,#888));
#2693=EDGE_LOOP('',(#889,#890,#891,#892,#893,#894,#895,#896));
#2694=EDGE_LOOP('',(#897,#898,#899,#900,#901,#902,#903,#904,#905,#906,#907,
#908,#909,#910,#911));
#2695=EDGE_LOOP('',(#912,#913,#914,#915,#916));
#2696=EDGE_LOOP('',(#917,#918,#919,#920,#921));
#2697=EDGE_LOOP('',(#922,#923,#924,#925));
#2698=EDGE_LOOP('',(#926,#927,#928,#929,#930,#931,#932,#933));
#2699=EDGE_LOOP('',(#934,#935,#936,#937));
#2700=EDGE_LOOP('',(#938,#939,#940,#941));
#2701=EDGE_LOOP('',(#942,#943,#944,#945,#946,#947,#948,#949));
#2702=EDGE_LOOP('',(#950,#951,#952,#953,#954,#955,#956,#957,#958,#959,#960,
#961));
#2703=EDGE_LOOP('',(#962,#963,#964,#965,#966,#967,#968,#969));
#2704=EDGE_LOOP('',(#970,#971,#972,#973));
#2705=EDGE_LOOP('',(#974,#975,#976,#977,#978,#979,#980,#981,#982,#983,#984,
#985,#986,#987,#988,#989,#990,#991));
#2706=EDGE_LOOP('',(#992,#993,#994,#995,#996,#997));
#2707=EDGE_LOOP('',(#998,#999,#1000,#1001,#1002,#1003,#1004,#1005,#1006));
#2708=EDGE_LOOP('',(#1007));
#2709=EDGE_LOOP('',(#1008,#1009,#1010,#1011,#1012));
#2710=EDGE_LOOP('',(#1013,#1014,#1015));
#2711=EDGE_LOOP('',(#1016,#1017,#1018,#1019));
#2712=EDGE_LOOP('',(#1020,#1021,#1022,#1023,#1024,#1025));
#2713=EDGE_LOOP('',(#1026,#1027,#1028,#1029,#1030,#1031,#1032,#1033,#1034));
#2714=EDGE_LOOP('',(#1035,#1036,#1037,#1038,#1039,#1040,#1041,#1042,#1043,
#1044,#1045,#1046,#1047,#1048,#1049));
#2715=EDGE_LOOP('',(#1050,#1051,#1052,#1053));
#2716=EDGE_LOOP('',(#1054,#1055,#1056,#1057));
#2717=EDGE_LOOP('',(#1058));
#2718=EDGE_LOOP('',(#1059,#1060,#1061,#1062));
#2719=EDGE_LOOP('',(#1063,#1064,#1065,#1066,#1067,#1068,#1069));
#2720=EDGE_LOOP('',(#1070,#1071,#1072,#1073,#1074));
#2721=EDGE_LOOP('',(#1075,#1076,#1077,#1078,#1079,#1080));
#2722=EDGE_LOOP('',(#1081,#1082,#1083,#1084,#1085,#1086,#1087,#1088,#1089));
#2723=EDGE_LOOP('',(#1090,#1091,#1092));
#2724=EDGE_LOOP('',(#1093,#1094,#1095,#1096));
#2725=EDGE_LOOP('',(#1097,#1098,#1099));
#2726=EDGE_LOOP('',(#1100,#1101,#1102,#1103));
#2727=EDGE_LOOP('',(#1104,#1105,#1106,#1107,#1108));
#2728=EDGE_LOOP('',(#1109,#1110,#1111,#1112));
#2729=EDGE_LOOP('',(#1113,#1114,#1115,#1116));
#2730=EDGE_LOOP('',(#1117,#1118,#1119,#1120));
#2731=EDGE_LOOP('',(#1121,#1122,#1123,#1124));
#2732=EDGE_LOOP('',(#1125,#1126,#1127,#1128));
#2733=EDGE_LOOP('',(#1129,#1130,#1131,#1132));
#2734=EDGE_LOOP('',(#1133,#1134,#1135,#1136));
#2735=EDGE_LOOP('',(#1137,#1138,#1139,#1140,#1141,#1142));
#2736=EDGE_LOOP('',(#1143,#1144,#1145,#1146));
#2737=EDGE_LOOP('',(#1147,#1148,#1149,#1150));
#2738=EDGE_LOOP('',(#1151,#1152,#1153,#1154));
#2739=EDGE_LOOP('',(#1155,#1156,#1157,#1158,#1159,#1160,#1161));
#2740=EDGE_LOOP('',(#1162,#1163,#1164,#1165,#1166,#1167));
#2741=EDGE_LOOP('',(#1168,#1169,#1170,#1171,#1172,#1173,#1174,#1175,#1176));
#2742=EDGE_LOOP('',(#1177,#1178,#1179,#1180));
#2743=EDGE_LOOP('',(#1181,#1182,#1183,#1184,#1185,#1186,#1187,#1188,#1189));
#2744=EDGE_LOOP('',(#1190,#1191,#1192,#1193));
#2745=EDGE_LOOP('',(#1194,#1195,#1196,#1197,#1198,#1199));
#2746=EDGE_LOOP('',(#1200,#1201,#1202,#1203,#1204,#1205));
#2747=EDGE_LOOP('',(#1206,#1207,#1208,#1209,#1210,#1211,#1212,#1213,#1214,
#1215,#1216,#1217));
#2748=EDGE_LOOP('',(#1218,#1219,#1220));
#2749=EDGE_LOOP('',(#1221,#1222,#1223,#1224));
#2750=EDGE_LOOP('',(#1225,#1226,#1227));
#2751=EDGE_LOOP('',(#1228,#1229,#1230,#1231));
#2752=EDGE_LOOP('',(#1232));
#2753=EDGE_LOOP('',(#1233,#1234,#1235,#1236,#1237,#1238,#1239,#1240));
#2754=EDGE_LOOP('',(#1241,#1242,#1243,#1244));
#2755=EDGE_LOOP('',(#1245,#1246,#1247,#1248));
#2756=EDGE_LOOP('',(#1249,#1250,#1251,#1252,#1253,#1254,#1255,#1256));
#2757=EDGE_LOOP('',(#1257,#1258,#1259,#1260,#1261,#1262,#1263,#1264,#1265,
#1266,#1267,#1268,#1269));
#2758=EDGE_LOOP('',(#1270,#1271,#1272,#1273));
#2759=EDGE_LOOP('',(#1274));
#2760=EDGE_LOOP('',(#1275,#1276,#1277,#1278,#1279,#1280));
#2761=EDGE_LOOP('',(#1281,#1282,#1283,#1284));
#2762=EDGE_LOOP('',(#1285,#1286,#1287,#1288));
#2763=EDGE_LOOP('',(#1289,#1290,#1291,#1292));
#2764=EDGE_LOOP('',(#1293,#1294,#1295,#1296,#1297,#1298));
#2765=EDGE_LOOP('',(#1299));
#2766=EDGE_LOOP('',(#1300,#1301));
#2767=EDGE_LOOP('',(#1302,#1303,#1304,#1305));
#2768=EDGE_LOOP('',(#1306,#1307,#1308,#1309,#1310,#1311,#1312));
#2769=EDGE_LOOP('',(#1313,#1314,#1315,#1316,#1317,#1318,#1319));
#2770=EDGE_LOOP('',(#1320,#1321,#1322,#1323,#1324,#1325,#1326,#1327,#1328,
#1329,#1330));
#2771=EDGE_LOOP('',(#1331,#1332,#1333,#1334));
#2772=EDGE_LOOP('',(#1335,#1336,#1337,#1338));
#2773=EDGE_LOOP('',(#1339,#1340,#1341,#1342,#1343,#1344,#1345));
#2774=EDGE_LOOP('',(#1346,#1347,#1348,#1349));
#2775=EDGE_LOOP('',(#1350,#1351,#1352,#1353,#1354,#1355,#1356,#1357,#1358,
#1359));
#2776=EDGE_LOOP('',(#1360,#1361,#1362,#1363));
#2777=EDGE_LOOP('',(#1364,#1365,#1366,#1367));
#2778=EDGE_LOOP('',(#1368,#1369,#1370,#1371,#1372,#1373));
#2779=EDGE_LOOP('',(#1374,#1375,#1376,#1377));
#2780=EDGE_LOOP('',(#1378,#1379,#1380,#1381));
#2781=EDGE_LOOP('',(#1382,#1383,#1384,#1385));
#2782=EDGE_LOOP('',(#1386,#1387,#1388,#1389));
#2783=EDGE_LOOP('',(#1390,#1391,#1392));
#2784=EDGE_LOOP('',(#1393,#1394,#1395,#1396));
#2785=EDGE_LOOP('',(#1397));
#2786=EDGE_LOOP('',(#1398));
#2787=EDGE_LOOP('',(#1399,#1400,#1401,#1402));
#2788=EDGE_LOOP('',(#1403,#1404,#1405,#1406));
#2789=EDGE_LOOP('',(#1407,#1408,#1409,#1410,#1411,#1412,#1413));
#2790=EDGE_LOOP('',(#1414,#1415));
#2791=EDGE_LOOP('',(#1416,#1417));
#2792=EDGE_LOOP('',(#1418,#1419,#1420,#1421,#1422));
#2793=EDGE_LOOP('',(#1423));
#2794=EDGE_LOOP('',(#1424,#1425,#1426,#1427));
#2795=EDGE_LOOP('',(#1428,#1429,#1430));
#2796=EDGE_LOOP('',(#1431,#1432,#1433,#1434));
#2797=EDGE_LOOP('',(#1435,#1436,#1437,#1438));
#2798=EDGE_LOOP('',(#1439,#1440,#1441,#1442));
#2799=EDGE_LOOP('',(#1443,#1444,#1445,#1446));
#2800=EDGE_LOOP('',(#1447));
#2801=EDGE_LOOP('',(#1448));
#2802=EDGE_LOOP('',(#1449));
#2803=EDGE_LOOP('',(#1450));
#2804=EDGE_LOOP('',(#1451,#1452,#1453,#1454,#1455,#1456,#1457));
#2805=EDGE_LOOP('',(#1458,#1459,#1460,#1461));
#2806=EDGE_LOOP('',(#1462,#1463,#1464,#1465));
#2807=EDGE_LOOP('',(#1466,#1467,#1468,#1469));
#2808=EDGE_LOOP('',(#1470,#1471,#1472,#1473,#1474,#1475,#1476,#1477));
#2809=EDGE_LOOP('',(#1478,#1479,#1480,#1481));
#2810=EDGE_LOOP('',(#1482,#1483,#1484,#1485));
#2811=EDGE_LOOP('',(#1486,#1487,#1488,#1489,#1490));
#2812=EDGE_LOOP('',(#1491,#1492,#1493,#1494,#1495));
#2813=EDGE_LOOP('',(#1496,#1497,#1498,#1499));
#2814=EDGE_LOOP('',(#1500,#1501,#1502,#1503,#1504,#1505));
#2815=EDGE_LOOP('',(#1506,#1507,#1508,#1509));
#2816=EDGE_LOOP('',(#1510,#1511,#1512,#1513,#1514));
#2817=EDGE_LOOP('',(#1515,#1516,#1517,#1518));
#2818=EDGE_LOOP('',(#1519,#1520,#1521,#1522));
#2819=EDGE_LOOP('',(#1523,#1524,#1525,#1526,#1527,#1528,#1529,#1530));
#2820=EDGE_LOOP('',(#1531,#1532,#1533,#1534,#1535,#1536));
#2821=EDGE_LOOP('',(#1537,#1538,#1539,#1540));
#2822=EDGE_LOOP('',(#1541,#1542,#1543,#1544));
#2823=EDGE_LOOP('',(#1545));
#2824=EDGE_LOOP('',(#1546));
#2825=EDGE_LOOP('',(#1547,#1548,#1549,#1550,#1551,#1552));
#2826=EDGE_LOOP('',(#1553,#1554,#1555,#1556));
#2827=EDGE_LOOP('',(#1557,#1558,#1559));
#2828=EDGE_LOOP('',(#1560,#1561,#1562));
#2829=EDGE_LOOP('',(#1563,#1564));
#2830=EDGE_LOOP('',(#1565,#1566,#1567,#1568,#1569));
#2831=EDGE_LOOP('',(#1570,#1571,#1572,#1573));
#2832=EDGE_LOOP('',(#1574,#1575,#1576,#1577,#1578));
#2833=EDGE_LOOP('',(#1579,#1580,#1581));
#2834=EDGE_LOOP('',(#1582));
#2835=EDGE_LOOP('',(#1583,#1584,#1585,#1586));
#2836=EDGE_LOOP('',(#1587,#1588,#1589));
#2837=EDGE_LOOP('',(#1590,#1591,#1592,#1593,#1594));
#2838=EDGE_LOOP('',(#1595,#1596,#1597));
#2839=EDGE_LOOP('',(#1598));
#2840=EDGE_LOOP('',(#1599,#1600,#1601,#1602,#1603,#1604,#1605,#1606,#1607,
#1608,#1609));
#2841=EDGE_LOOP('',(#1610,#1611,#1612,#1613,#1614,#1615));
#2842=EDGE_LOOP('',(#1616));
#2843=EDGE_LOOP('',(#1617,#1618,#1619,#1620));
#2844=EDGE_LOOP('',(#1621,#1622,#1623,#1624,#1625,#1626,#1627,#1628,#1629,
#1630,#1631));
#2845=EDGE_LOOP('',(#1632,#1633,#1634,#1635,#1636,#1637,#1638,#1639,#1640,
#1641,#1642,#1643,#1644,#1645,#1646,#1647,#1648,#1649,#1650,#1651,#1652,
#1653,#1654,#1655,#1656,#1657,#1658,#1659,#1660,#1661,#1662,#1663,#1664,
#1665,#1666,#1667,#1668,#1669,#1670,#1671,#1672,#1673,#1674,#1675,#1676,
#1677,#1678,#1679,#1680,#1681,#1682,#1683,#1684,#1685,#1686,#1687,#1688,
#1689,#1690));
#2846=EDGE_LOOP('',(#1691,#1692,#1693,#1694));
#2847=EDGE_LOOP('',(#1695,#1696,#1697,#1698,#1699));
#2848=EDGE_LOOP('',(#1700,#1701,#1702,#1703,#1704,#1705,#1706,#1707,#1708,
#1709));
#2849=EDGE_LOOP('',(#1710,#1711,#1712,#1713));
#2850=EDGE_LOOP('',(#1714,#1715,#1716,#1717,#1718,#1719,#1720,#1721,#1722,
#1723,#1724));
#2851=EDGE_LOOP('',(#1725,#1726,#1727,#1728,#1729,#1730,#1731,#1732));
#2852=EDGE_LOOP('',(#1733,#1734,#1735,#1736,#1737,#1738,#1739,#1740,#1741));
#2853=EDGE_LOOP('',(#1742,#1743,#1744,#1745));
#2854=EDGE_LOOP('',(#1746,#1747,#1748,#1749,#1750));
#2855=EDGE_LOOP('',(#1751,#1752,#1753,#1754,#1755,#1756));
#2856=EDGE_LOOP('',(#1757,#1758,#1759,#1760,#1761));
#2857=EDGE_LOOP('',(#1762,#1763,#1764,#1765,#1766));
#2858=EDGE_LOOP('',(#1767,#1768,#1769,#1770));
#2859=EDGE_LOOP('',(#1771,#1772,#1773,#1774));
#2860=EDGE_LOOP('',(#1775,#1776,#1777,#1778,#1779,#1780,#1781,#1782,#1783,
#1784,#1785));
#2861=EDGE_LOOP('',(#1786,#1787,#1788,#1789));
#2862=EDGE_LOOP('',(#1790,#1791,#1792,#1793,#1794,#1795,#1796));
#2863=EDGE_LOOP('',(#1797,#1798,#1799,#1800,#1801));
#2864=EDGE_LOOP('',(#1802));
#2865=EDGE_LOOP('',(#1803,#1804,#1805,#1806,#1807));
#2866=FACE_BOUND('',#2689,.T.);
#2867=FACE_BOUND('',#2690,.T.);
#2868=FACE_BOUND('',#2691,.T.);
#2869=FACE_BOUND('',#2692,.T.);
#2870=FACE_BOUND('',#2693,.T.);
#2871=FACE_BOUND('',#2694,.T.);
#2872=FACE_BOUND('',#2695,.T.);
#2873=FACE_BOUND('',#2696,.T.);
#2874=FACE_BOUND('',#2697,.T.);
#2875=FACE_BOUND('',#2698,.T.);
#2876=FACE_BOUND('',#2699,.T.);
#2877=FACE_BOUND('',#2700,.T.);
#2878=FACE_BOUND('',#2701,.T.);
#2879=FACE_BOUND('',#2702,.T.);
#2880=FACE_BOUND('',#2703,.T.);
#2881=FACE_BOUND('',#2704,.T.);
#2882=FACE_BOUND('',#2705,.T.);
#2883=FACE_BOUND('',#2706,.T.);
#2884=FACE_BOUND('',#2707,.T.);
#2885=FACE_BOUND('',#2708,.T.);
#2886=FACE_BOUND('',#2709,.T.);
#2887=FACE_BOUND('',#2710,.T.);
#2888=FACE_BOUND('',#2711,.T.);
#2889=FACE_BOUND('',#2712,.T.);
#2890=FACE_BOUND('',#2713,.T.);
#2891=FACE_BOUND('',#2714,.T.);
#2892=FACE_BOUND('',#2715,.T.);
#2893=FACE_BOUND('',#2716,.T.);
#2894=FACE_BOUND('',#2717,.T.);
#2895=FACE_BOUND('',#2718,.T.);
#2896=FACE_BOUND('',#2719,.T.);
#2897=FACE_BOUND('',#2720,.T.);
#2898=FACE_BOUND('',#2721,.T.);
#2899=FACE_BOUND('',#2722,.T.);
#2900=FACE_BOUND('',#2723,.T.);
#2901=FACE_BOUND('',#2724,.T.);
#2902=FACE_BOUND('',#2725,.T.);
#2903=FACE_BOUND('',#2726,.T.);
#2904=FACE_BOUND('',#2727,.T.);
#2905=FACE_BOUND('',#2728,.T.);
#2906=FACE_BOUND('',#2729,.T.);
#2907=FACE_BOUND('',#2730,.T.);
#2908=FACE_BOUND('',#2731,.T.);
#2909=FACE_BOUND('',#2732,.T.);
#2910=FACE_BOUND('',#2733,.T.);
#2911=FACE_BOUND('',#2734,.T.);
#2912=FACE_BOUND('',#2735,.T.);
#2913=FACE_BOUND('',#2736,.T.);
#2914=FACE_BOUND('',#2737,.T.);
#2915=FACE_BOUND('',#2738,.T.);
#2916=FACE_BOUND('',#2739,.T.);
#2917=FACE_BOUND('',#2740,.T.);
#2918=FACE_BOUND('',#2741,.T.);
#2919=FACE_BOUND('',#2742,.T.);
#2920=FACE_BOUND('',#2743,.T.);
#2921=FACE_BOUND('',#2744,.T.);
#2922=FACE_BOUND('',#2745,.T.);
#2923=FACE_BOUND('',#2746,.T.);
#2924=FACE_BOUND('',#2747,.T.);
#2925=FACE_BOUND('',#2748,.T.);
#2926=FACE_BOUND('',#2749,.T.);
#2927=FACE_BOUND('',#2750,.T.);
#2928=FACE_BOUND('',#2751,.T.);
#2929=FACE_BOUND('',#2752,.T.);
#2930=FACE_BOUND('',#2753,.T.);
#2931=FACE_BOUND('',#2754,.T.);
#2932=FACE_BOUND('',#2755,.T.);
#2933=FACE_BOUND('',#2756,.T.);
#2934=FACE_BOUND('',#2757,.T.);
#2935=FACE_BOUND('',#2758,.T.);
#2936=FACE_BOUND('',#2759,.T.);
#2937=FACE_BOUND('',#2760,.T.);
#2938=FACE_BOUND('',#2761,.T.);
#2939=FACE_BOUND('',#2762,.T.);
#2940=FACE_BOUND('',#2763,.T.);
#2941=FACE_BOUND('',#2764,.T.);
#2942=FACE_BOUND('',#2765,.T.);
#2943=FACE_BOUND('',#2766,.T.);
#2944=FACE_BOUND('',#2767,.T.);
#2945=FACE_BOUND('',#2768,.T.);
#2946=FACE_BOUND('',#2769,.T.);
#2947=FACE_BOUND('',#2770,.T.);
#2948=FACE_BOUND('',#2771,.T.);
#2949=FACE_BOUND('',#2772,.T.);
#2950=FACE_BOUND('',#2773,.T.);
#2951=FACE_BOUND('',#2774,.T.);
#2952=FACE_BOUND('',#2775,.T.);
#2953=FACE_BOUND('',#2776,.T.);
#2954=FACE_BOUND('',#2777,.T.);
#2955=FACE_BOUND('',#2778,.T.);
#2956=FACE_BOUND('',#2779,.T.);
#2957=FACE_BOUND('',#2780,.T.);
#2958=FACE_BOUND('',#2781,.T.);
#2959=FACE_BOUND('',#2782,.T.);
#2960=FACE_BOUND('',#2783,.T.);
#2961=FACE_BOUND('',#2784,.T.);
#2962=FACE_BOUND('',#2785,.T.);
#2963=FACE_BOUND('',#2786,.T.);
#2964=FACE_BOUND('',#2787,.T.);
#2965=FACE_BOUND('',#2788,.T.);
#2966=FACE_BOUND('',#2789,.T.);
#2967=FACE_BOUND('',#2790,.T.);
#2968=FACE_BOUND('',#2791,.T.);
#2969=FACE_BOUND('',#2792,.T.);
#2970=FACE_BOUND('',#2793,.T.);
#2971=FACE_BOUND('',#2794,.T.);
#2972=FACE_BOUND('',#2795,.T.);
#2973=FACE_BOUND('',#2796,.T.);
#2974=FACE_BOUND('',#2797,.T.);
#2975=FACE_BOUND('',#2798,.T.);
#2976=FACE_BOUND('',#2799,.T.);
#2977=FACE_BOUND('',#2800,.T.);
#2978=FACE_BOUND('',#2801,.T.);
#2979=FACE_BOUND('',#2802,.T.);
#2980=FACE_BOUND('',#2803,.T.);
#2981=FACE_BOUND('',#2804,.T.);
#2982=FACE_BOUND('',#2805,.T.);
#2983=FACE_BOUND('',#2806,.T.);
#2984=FACE_BOUND('',#2807,.T.);
#2985=FACE_BOUND('',#2808,.T.);
#2986=FACE_BOUND('',#2809,.T.);
#2987=FACE_BOUND('',#2810,.T.);
#2988=FACE_BOUND('',#2811,.T.);
#2989=FACE_BOUND('',#2812,.T.);
#2990=FACE_BOUND('',#2813,.T.);
#2991=FACE_BOUND('',#2814,.T.);
#2992=FACE_BOUND('',#2815,.T.);
#2993=FACE_BOUND('',#2816,.T.);
#2994=FACE_BOUND('',#2817,.T.);
#2995=FACE_BOUND('',#2818,.T.);
#2996=FACE_BOUND('',#2819,.T.);
#2997=FACE_BOUND('',#2820,.T.);
#2998=FACE_BOUND('',#2821,.T.);
#2999=FACE_BOUND('',#2822,.T.);
#3000=FACE_BOUND('',#2823,.T.);
#3001=FACE_BOUND('',#2824,.T.);
#3002=FACE_BOUND('',#2825,.T.);
#3003=FACE_BOUND('',#2826,.T.);
#3004=FACE_BOUND('',#2827,.T.);
#3005=FACE_BOUND('',#2828,.T.);
#3006=FACE_BOUND('',#2829,.T.);
#3007=FACE_BOUND('',#2830,.T.);
#3008=FACE_BOUND('',#2831,.T.);
#3009=FACE_BOUND('',#2832,.T.);
#3010=FACE_BOUND('',#2833,.T.);
#3011=FACE_BOUND('',#2834,.T.);
#3012=FACE_BOUND('',#2835,.T.);
#3013=FACE_BOUND('',#2836,.T.);
#3014=FACE_BOUND('',#2837,.T.);
#3015=FACE_BOUND('',#2838,.T.);
#3016=FACE_BOUND('',#2839,.T.);
#3017=FACE_BOUND('',#2840,.T.);
#3018=FACE_BOUND('',#2841,.T.);
#3019=FACE_BOUND('',#2842,.T.);
#3020=FACE_BOUND('',#2843,.T.);
#3021=FACE_BOUND('',#2844,.T.);
#3022=FACE_BOUND('',#2845,.T.);
#3023=FACE_BOUND('',#2846,.T.);
#3024=FACE_BOUND('',#2847,.T.);
#3025=FACE_BOUND('',#2848,.T.);
#3026=FACE_BOUND('',#2849,.T.);
#3027=FACE_BOUND('',#2850,.T.);
#3028=FACE_BOUND('',#2851,.T.);
#3029=FACE_BOUND('',#2852,.T.);
#3030=FACE_BOUND('',#2853,.T.);
#3031=FACE_BOUND('',#2854,.T.);
#3032=FACE_BOUND('',#2855,.T.);
#3033=FACE_BOUND('',#2856,.T.);
#3034=FACE_BOUND('',#2857,.T.);
#3035=FACE_BOUND('',#2858,.T.);
#3036=FACE_BOUND('',#2859,.T.);
#3037=FACE_BOUND('',#2860,.T.);
#3038=FACE_BOUND('',#2861,.T.);
#3039=FACE_BOUND('',#2862,.T.);
#3040=FACE_BOUND('',#2863,.T.);
#3041=FACE_BOUND('',#2864,.T.);
#3042=FACE_BOUND('',#2865,.T.);
#3043=CYLINDRICAL_SURFACE('',#3892,0.0006);
#3044=CYLINDRICAL_SURFACE('',#3895,0.0007);
#3045=CYLINDRICAL_SURFACE('',#3907,0.002);
#3046=CYLINDRICAL_SURFACE('',#3918,0.002);
#3047=CYLINDRICAL_SURFACE('',#3924,0.002);
#3048=CYLINDRICAL_SURFACE('',#3930,0.0036);
#3049=CYLINDRICAL_SURFACE('',#3937,0.005);
#3050=CYLINDRICAL_SURFACE('',#3938,0.0035);
#3051=CYLINDRICAL_SURFACE('',#3947,0.00195);
#3052=CYLINDRICAL_SURFACE('',#3962,0.002);
#3053=CYLINDRICAL_SURFACE('',#3967,0.002);
#3054=CYLINDRICAL_SURFACE('',#3968,0.002);
#3055=CYLINDRICAL_SURFACE('',#3974,0.0007);
#3056=CYLINDRICAL_SURFACE('',#3978,0.0007);
#3057=CYLINDRICAL_SURFACE('',#3987,0.005);
#3058=CYLINDRICAL_SURFACE('',#3993,0.005);
#3059=CYLINDRICAL_SURFACE('',#4002,0.002);
#3060=CYLINDRICAL_SURFACE('',#4008,0.005);
#3061=CYLINDRICAL_SURFACE('',#4020,0.002);
#3062=CYLINDRICAL_SURFACE('',#4023,0.00375);
#3063=CYLINDRICAL_SURFACE('',#4027,0.001);
#3064=CYLINDRICAL_SURFACE('',#4031,0.0036);
#3065=CYLINDRICAL_SURFACE('',#4040,0.00195);
#3066=CYLINDRICAL_SURFACE('',#4046,0.002);
#3067=CYLINDRICAL_SURFACE('',#4049,0.0023);
#3068=CYLINDRICAL_SURFACE('',#4050,0.002);
#3069=CYLINDRICAL_SURFACE('',#4054,0.002);
#3070=CYLINDRICAL_SURFACE('',#4065,0.0013);
#3071=CYLINDRICAL_SURFACE('',#4068,0.002);
#3072=CYLINDRICAL_SURFACE('',#4074,0.0007);
#3073=CYLINDRICAL_SURFACE('',#4077,0.0016);
#3074=CYLINDRICAL_SURFACE('',#4084,0.0007);
#3075=CYLINDRICAL_SURFACE('',#4091,0.0007);
#3076=CYLINDRICAL_SURFACE('',#4097,0.0007);
#3077=CYLINDRICAL_SURFACE('',#4098,0.0007);
#3078=CYLINDRICAL_SURFACE('',#4100,0.002);
#3079=CYLINDRICAL_SURFACE('',#4103,0.002);
#3080=CYLINDRICAL_SURFACE('',#4110,0.0006);
#3081=CYLINDRICAL_SURFACE('',#4113,0.0016);
#3082=CYLINDRICAL_SURFACE('',#4128,0.0023);
#3083=CYLINDRICAL_SURFACE('',#4129,0.0006);
#3084=CYLINDRICAL_SURFACE('',#4147,0.0007);
#3085=CYLINDRICAL_SURFACE('',#4156,0.002);
#3086=OVER_RIDING_STYLED_ITEM('',(#3341),#3176,#3339);
#3087=OVER_RIDING_STYLED_ITEM('',(#3342),#3180,#3339);
#3088=OVER_RIDING_STYLED_ITEM('',(#3343),#3181,#3339);
#3089=OVER_RIDING_STYLED_ITEM('',(#3344),#3189,#3339);
#3090=OVER_RIDING_STYLED_ITEM('',(#3345),#3191,#3339);
#3091=OVER_RIDING_STYLED_ITEM('',(#3346),#3192,#3339);
#3092=OVER_RIDING_STYLED_ITEM('',(#3347),#3194,#3339);
#3093=OVER_RIDING_STYLED_ITEM('',(#3348),#3198,#3339);
#3094=OVER_RIDING_STYLED_ITEM('',(#3349),#3202,#3339);
#3095=OVER_RIDING_STYLED_ITEM('',(#3350),#3203,#3339);
#3096=OVER_RIDING_STYLED_ITEM('',(#3351),#3204,#3339);
#3097=OVER_RIDING_STYLED_ITEM('',(#3352),#3215,#3339);
#3098=OVER_RIDING_STYLED_ITEM('',(#3353),#3216,#3339);
#3099=OVER_RIDING_STYLED_ITEM('',(#3354),#3217,#3339);
#3100=OVER_RIDING_STYLED_ITEM('',(#3355),#3218,#3339);
#3101=OVER_RIDING_STYLED_ITEM('',(#3356),#3219,#3339);
#3102=OVER_RIDING_STYLED_ITEM('',(#3357),#3220,#3339);
#3103=OVER_RIDING_STYLED_ITEM('',(#3358),#3221,#3339);
#3104=OVER_RIDING_STYLED_ITEM('',(#3359),#3222,#3339);
#3105=OVER_RIDING_STYLED_ITEM('',(#3360),#3223,#3339);
#3106=OVER_RIDING_STYLED_ITEM('',(#3361),#3224,#3339);
#3107=OVER_RIDING_STYLED_ITEM('',(#3362),#3225,#3339);
#3108=OVER_RIDING_STYLED_ITEM('',(#3363),#3226,#3339);
#3109=OVER_RIDING_STYLED_ITEM('',(#3364),#3227,#3339);
#3110=OVER_RIDING_STYLED_ITEM('',(#3365),#3234,#3339);
#3111=OVER_RIDING_STYLED_ITEM('',(#3366),#3235,#3339);
#3112=OVER_RIDING_STYLED_ITEM('',(#3367),#3237,#3339);
#3113=OVER_RIDING_STYLED_ITEM('',(#3368),#3238,#3339);
#3114=OVER_RIDING_STYLED_ITEM('',(#3369),#3239,#3339);
#3115=OVER_RIDING_STYLED_ITEM('',(#3370),#3246,#3339);
#3116=OVER_RIDING_STYLED_ITEM('',(#3371),#3247,#3339);
#3117=OVER_RIDING_STYLED_ITEM('',(#3372),#3248,#3339);
#3118=OVER_RIDING_STYLED_ITEM('',(#3373),#3249,#3339);
#3119=OVER_RIDING_STYLED_ITEM('',(#3374),#3250,#3339);
#3120=OVER_RIDING_STYLED_ITEM('',(#3375),#3251,#3339);
#3121=OVER_RIDING_STYLED_ITEM('',(#3376),#3255,#3339);
#3122=OVER_RIDING_STYLED_ITEM('',(#3377),#3258,#3339);
#3123=OVER_RIDING_STYLED_ITEM('',(#3378),#3259,#3339);
#3124=OVER_RIDING_STYLED_ITEM('',(#3379),#3261,#3339);
#3125=OVER_RIDING_STYLED_ITEM('',(#3380),#3263,#3339);
#3126=OVER_RIDING_STYLED_ITEM('',(#3381),#3264,#3339);
#3127=OVER_RIDING_STYLED_ITEM('',(#3382),#3265,#3339);
#3128=OVER_RIDING_STYLED_ITEM('',(#3383),#3266,#3339);
#3129=OVER_RIDING_STYLED_ITEM('',(#3384),#3267,#3339);
#3130=OVER_RIDING_STYLED_ITEM('',(#3385),#3268,#3339);
#3131=OVER_RIDING_STYLED_ITEM('',(#3386),#3269,#3339);
#3132=OVER_RIDING_STYLED_ITEM('',(#3387),#3270,#3339);
#3133=OVER_RIDING_STYLED_ITEM('',(#3388),#3274,#3339);
#3134=OVER_RIDING_STYLED_ITEM('',(#3389),#3275,#3339);
#3135=OVER_RIDING_STYLED_ITEM('',(#3390),#3276,#3339);
#3136=OVER_RIDING_STYLED_ITEM('',(#3391),#3278,#3339);
#3137=OVER_RIDING_STYLED_ITEM('',(#3392),#3279,#3339);
#3138=OVER_RIDING_STYLED_ITEM('',(#3393),#3282,#3339);
#3139=OVER_RIDING_STYLED_ITEM('',(#3394),#3283,#3339);
#3140=OVER_RIDING_STYLED_ITEM('',(#3395),#3284,#3339);
#3141=OVER_RIDING_STYLED_ITEM('',(#3396),#3285,#3339);
#3142=OVER_RIDING_STYLED_ITEM('',(#3397),#3286,#3339);
#3143=OVER_RIDING_STYLED_ITEM('',(#3398),#3287,#3339);
#3144=OVER_RIDING_STYLED_ITEM('',(#3399),#3288,#3339);
#3145=OVER_RIDING_STYLED_ITEM('',(#3400),#3289,#3339);
#3146=OVER_RIDING_STYLED_ITEM('',(#3401),#3290,#3339);
#3147=OVER_RIDING_STYLED_ITEM('',(#3402),#3291,#3339);
#3148=OVER_RIDING_STYLED_ITEM('',(#3403),#3294,#3339);
#3149=OVER_RIDING_STYLED_ITEM('',(#3404),#3295,#3339);
#3150=OVER_RIDING_STYLED_ITEM('',(#3405),#3296,#3339);
#3151=OVER_RIDING_STYLED_ITEM('',(#3406),#3297,#3339);
#3152=OVER_RIDING_STYLED_ITEM('',(#3407),#3300,#3339);
#3153=OVER_RIDING_STYLED_ITEM('',(#3408),#3301,#3339);
#3154=OVER_RIDING_STYLED_ITEM('',(#3409),#3302,#3339);
#3155=OVER_RIDING_STYLED_ITEM('',(#3410),#3303,#3339);
#3156=OVER_RIDING_STYLED_ITEM('',(#3411),#3304,#3339);
#3157=OVER_RIDING_STYLED_ITEM('',(#3412),#3306,#3339);
#3158=OVER_RIDING_STYLED_ITEM('',(#3413),#3307,#3339);
#3159=OVER_RIDING_STYLED_ITEM('',(#3414),#3309,#3339);
#3160=OVER_RIDING_STYLED_ITEM('',(#3415),#3311,#3339);
#3161=OVER_RIDING_STYLED_ITEM('',(#3416),#3312,#3339);
#3162=OVER_RIDING_STYLED_ITEM('',(#3417),#3314,#3339);
#3163=OVER_RIDING_STYLED_ITEM('',(#3418),#3315,#3339);
#3164=OVER_RIDING_STYLED_ITEM('',(#3419),#3317,#3339);
#3165=OVER_RIDING_STYLED_ITEM('',(#3420),#3318,#3339);
#3166=OVER_RIDING_STYLED_ITEM('',(#3421),#3319,#3339);
#3167=OVER_RIDING_STYLED_ITEM('',(#3422),#3320,#3339);
#3168=OVER_RIDING_STYLED_ITEM('',(#3423),#3321,#3339);
#3169=OVER_RIDING_STYLED_ITEM('',(#3424),#3323,#3339);
#3170=OVER_RIDING_STYLED_ITEM('',(#3425),#3324,#3339);
#3171=OVER_RIDING_STYLED_ITEM('',(#3426),#3329,#3339);
#3172=OVER_RIDING_STYLED_ITEM('',(#3427),#3330,#3339);
#3173=OVER_RIDING_STYLED_ITEM('',(#3428),#3333,#3339);
#3174=OVER_RIDING_STYLED_ITEM('',(#3429),#3335,#3339);
#3175=OVER_RIDING_STYLED_ITEM('',(#3430),#3336,#3339);
#3176=ADVANCED_FACE('',(#2866),#3043,.F.);
#3177=ADVANCED_FACE('',(#2867),#3044,.F.);
#3178=ADVANCED_FACE('',(#2868),#33,.F.);
#3179=ADVANCED_FACE('',(#2869),#34,.T.);
#3180=ADVANCED_FACE('',(#2870),#35,.F.);
#3181=ADVANCED_FACE('',(#2871),#36,.T.);
#3182=ADVANCED_FACE('',(#2872),#37,.T.);
#3183=ADVANCED_FACE('',(#2873),#3045,.T.);
#3184=ADVANCED_FACE('',(#2874),#15,.F.);
#3185=ADVANCED_FACE('',(#2875),#38,.F.);
#3186=ADVANCED_FACE('',(#2876),#16,.F.);
#3187=ADVANCED_FACE('',(#2877),#3046,.T.);
#3188=ADVANCED_FACE('',(#2878),#39,.T.);
#3189=ADVANCED_FACE('',(#2879),#40,.T.);
#3190=ADVANCED_FACE('',(#2880),#41,.T.);
#3191=ADVANCED_FACE('',(#2881),#3047,.T.);
#3192=ADVANCED_FACE('',(#2882),#42,.T.);
#3193=ADVANCED_FACE('',(#2883),#43,.T.);
#3194=ADVANCED_FACE('',(#2884,#2885),#3048,.T.);
#3195=ADVANCED_FACE('',(#2886),#44,.F.);
#3196=ADVANCED_FACE('',(#2887),#3049,.T.);
#3197=ADVANCED_FACE('',(#2888,#2889,#2890),#3050,.F.);
#3198=ADVANCED_FACE('',(#2891),#45,.F.);
#3199=ADVANCED_FACE('',(#2892),#46,.T.);
#3200=ADVANCED_FACE('',(#2893,#2894),#3051,.F.);
#3201=ADVANCED_FACE('',(#2895),#47,.T.);
#3202=ADVANCED_FACE('',(#2896),#48,.T.);
#3203=ADVANCED_FACE('',(#2897),#49,.T.);
#3204=ADVANCED_FACE('',(#2898),#50,.T.);
#3205=ADVANCED_FACE('',(#2899),#51,.F.);
#3206=ADVANCED_FACE('',(#2900),#52,.T.);
#3207=ADVANCED_FACE('',(#2901),#53,.T.);
#3208=ADVANCED_FACE('',(#2902),#54,.T.);
#3209=ADVANCED_FACE('',(#2903),#3052,.T.);
#3210=ADVANCED_FACE('',(#2904),#55,.T.);
#3211=ADVANCED_FACE('',(#2905),#56,.F.);
#3212=ADVANCED_FACE('',(#2906),#3053,.F.);
#3213=ADVANCED_FACE('',(#2907),#3054,.F.);
#3214=ADVANCED_FACE('',(#2908),#57,.F.);
#3215=ADVANCED_FACE('',(#2909),#58,.T.);
#3216=ADVANCED_FACE('',(#2910),#59,.T.);
#3217=ADVANCED_FACE('',(#2911),#60,.T.);
#3218=ADVANCED_FACE('',(#2912),#61,.F.);
#3219=ADVANCED_FACE('',(#2913),#3055,.F.);
#3220=ADVANCED_FACE('',(#2914),#62,.T.);
#3221=ADVANCED_FACE('',(#2915),#3056,.F.);
#3222=ADVANCED_FACE('',(#2916),#63,.F.);
#3223=ADVANCED_FACE('',(#2917),#64,.F.);
#3224=ADVANCED_FACE('',(#2918),#65,.T.);
#3225=ADVANCED_FACE('',(#2919),#3057,.T.);
#3226=ADVANCED_FACE('',(#2920),#66,.T.);
#3227=ADVANCED_FACE('',(#2921),#67,.F.);
#3228=ADVANCED_FACE('',(#2922),#68,.T.);
#3229=ADVANCED_FACE('',(#2923),#3058,.T.);
#3230=ADVANCED_FACE('',(#2924),#69,.T.);
#3231=ADVANCED_FACE('',(#2925),#70,.T.);
#3232=ADVANCED_FACE('',(#2926),#71,.T.);
#3233=ADVANCED_FACE('',(#2927),#72,.T.);
#3234=ADVANCED_FACE('',(#2928),#3059,.T.);
#3235=ADVANCED_FACE('',(#2929,#2930),#73,.T.);
#3236=ADVANCED_FACE('',(#2931),#74,.T.);
#3237=ADVANCED_FACE('',(#2932),#3060,.T.);
#3238=ADVANCED_FACE('',(#2933),#75,.T.);
#3239=ADVANCED_FACE('',(#2934),#76,.T.);
#3240=ADVANCED_FACE('',(#2935),#77,.T.);
#3241=ADVANCED_FACE('',(#2936,#2937),#78,.F.);
#3242=ADVANCED_FACE('',(#2938),#79,.F.);
#3243=ADVANCED_FACE('',(#2939),#80,.T.);
#3244=ADVANCED_FACE('',(#2940),#3061,.T.);
#3245=ADVANCED_FACE('',(#2941),#3062,.F.);
#3246=ADVANCED_FACE('',(#2942,#2943),#3063,.F.);
#3247=ADVANCED_FACE('',(#2944),#81,.T.);
#3248=ADVANCED_FACE('',(#2945),#13,.T.);
#3249=ADVANCED_FACE('',(#2946),#3064,.T.);
#3250=ADVANCED_FACE('',(#2947),#82,.T.);
#3251=ADVANCED_FACE('',(#2948),#14,.T.);
#3252=ADVANCED_FACE('',(#2949),#83,.T.);
#3253=ADVANCED_FACE('',(#2950),#84,.T.);
#3254=ADVANCED_FACE('',(#2951,#2952),#3065,.F.);
#3255=ADVANCED_FACE('',(#2953),#3066,.T.);
#3256=ADVANCED_FACE('',(#2954),#85,.F.);
#3257=ADVANCED_FACE('',(#2955),#3067,.T.);
#3258=ADVANCED_FACE('',(#2956),#3068,.T.);
#3259=ADVANCED_FACE('',(#2957),#86,.F.);
#3260=ADVANCED_FACE('',(#2958),#87,.T.);
#3261=ADVANCED_FACE('',(#2959),#3069,.T.);
#3262=ADVANCED_FACE('',(#2960),#88,.F.);
#3263=ADVANCED_FACE('',(#2961),#89,.F.);
#3264=ADVANCED_FACE('',(#2962,#2963),#90,.T.);
#3265=ADVANCED_FACE('',(#2964),#91,.T.);
#3266=ADVANCED_FACE('',(#2965),#92,.T.);
#3267=ADVANCED_FACE('',(#2966),#93,.F.);
#3268=ADVANCED_FACE('',(#2967),#3070,.F.);
#3269=ADVANCED_FACE('',(#2968),#94,.T.);
#3270=ADVANCED_FACE('',(#2969,#2970),#3071,.F.);
#3271=ADVANCED_FACE('',(#2971),#95,.T.);
#3272=ADVANCED_FACE('',(#2972),#96,.F.);
#3273=ADVANCED_FACE('',(#2973),#97,.T.);
#3274=ADVANCED_FACE('',(#2974),#98,.F.);
#3275=ADVANCED_FACE('',(#2975),#3072,.F.);
#3276=ADVANCED_FACE('',(#2976),#99,.T.);
#3277=ADVANCED_FACE('',(#2977,#2978),#3073,.F.);
#3278=ADVANCED_FACE('',(#2979,#2980),#100,.F.);
#3279=ADVANCED_FACE('',(#2981),#101,.T.);
#3280=ADVANCED_FACE('',(#2982),#102,.T.);
#3281=ADVANCED_FACE('',(#2983),#103,.F.);
#3282=ADVANCED_FACE('',(#2984),#3074,.F.);
#3283=ADVANCED_FACE('',(#2985),#104,.F.);
#3284=ADVANCED_FACE('',(#2986),#17,.F.);
#3285=ADVANCED_FACE('',(#2987),#3075,.T.);
#3286=ADVANCED_FACE('',(#2988),#105,.F.);
#3287=ADVANCED_FACE('',(#2989),#106,.F.);
#3288=ADVANCED_FACE('',(#2990),#107,.T.);
#3289=ADVANCED_FACE('',(#2991),#3076,.F.);
#3290=ADVANCED_FACE('',(#2992),#3077,.F.);
#3291=ADVANCED_FACE('',(#2993),#3078,.T.);
#3292=ADVANCED_FACE('',(#2994),#108,.T.);
#3293=ADVANCED_FACE('',(#2995),#109,.T.);
#3294=ADVANCED_FACE('',(#2996),#3079,.T.);
#3295=ADVANCED_FACE('',(#2997),#110,.F.);
#3296=ADVANCED_FACE('',(#2998),#111,.F.);
#3297=ADVANCED_FACE('',(#2999),#3080,.T.);
#3298=ADVANCED_FACE('',(#3000,#3001),#3081,.F.);
#3299=ADVANCED_FACE('',(#3002),#112,.F.);
#3300=ADVANCED_FACE('',(#3003),#113,.T.);
#3301=ADVANCED_FACE('',(#3004),#114,.F.);
#3302=ADVANCED_FACE('',(#3005),#115,.F.);
#3303=ADVANCED_FACE('',(#3006),#116,.F.);
#3304=ADVANCED_FACE('',(#3007),#117,.F.);
#3305=ADVANCED_FACE('',(#3008),#118,.F.);
#3306=ADVANCED_FACE('',(#3009),#119,.T.);
#3307=ADVANCED_FACE('',(#3010),#12,.F.);
#3308=ADVANCED_FACE('',(#3011),#120,.T.);
#3309=ADVANCED_FACE('',(#3012),#121,.F.);
#3310=ADVANCED_FACE('',(#3013),#3082,.T.);
#3311=ADVANCED_FACE('',(#3014),#3083,.F.);
#3312=ADVANCED_FACE('',(#3015),#18,.F.);
#3313=ADVANCED_FACE('',(#3016),#122,.T.);
#3314=ADVANCED_FACE('',(#3017),#123,.T.);
#3315=ADVANCED_FACE('',(#3018),#124,.T.);
#3316=ADVANCED_FACE('',(#3019,#3020),#125,.T.);
#3317=ADVANCED_FACE('',(#3021),#126,.T.);
#3318=ADVANCED_FACE('',(#3022),#127,.F.);
#3319=ADVANCED_FACE('',(#3023),#128,.F.);
#3320=ADVANCED_FACE('',(#3024),#129,.F.);
#3321=ADVANCED_FACE('',(#3025),#130,.T.);
#3322=ADVANCED_FACE('',(#3026),#131,.T.);
#3323=ADVANCED_FACE('',(#3027),#132,.F.);
#3324=ADVANCED_FACE('',(#3028),#133,.T.);
#3325=ADVANCED_FACE('',(#3029),#134,.T.);
#3326=ADVANCED_FACE('',(#3030),#135,.F.);
#3327=ADVANCED_FACE('',(#3031),#136,.T.);
#3328=ADVANCED_FACE('',(#3032),#3084,.F.);
#3329=ADVANCED_FACE('',(#3033),#137,.F.);
#3330=ADVANCED_FACE('',(#3034),#138,.T.);
#3331=ADVANCED_FACE('',(#3035),#139,.F.);
#3332=ADVANCED_FACE('',(#3036),#140,.T.);
#3333=ADVANCED_FACE('',(#3037),#141,.F.);
#3334=ADVANCED_FACE('',(#3038),#142,.T.);
#3335=ADVANCED_FACE('',(#3039),#143,.T.);
#3336=ADVANCED_FACE('',(#3040,#3041),#3085,.F.);
#3337=ADVANCED_FACE('',(#3042),#144,.T.);
#3338=CLOSED_SHELL('',(#3176,#3177,#3178,#3179,#3180,#3181,#3182,#3183,
#3184,#3185,#3186,#3187,#3188,#3189,#3190,#3191,#3192,#3193,#3194,#3195,
#3196,#3197,#3198,#3199,#3200,#3201,#3202,#3203,#3204,#3205,#3206,#3207,
#3208,#3209,#3210,#3211,#3212,#3213,#3214,#3215,#3216,#3217,#3218,#3219,
#3220,#3221,#3222,#3223,#3224,#3225,#3226,#3227,#3228,#3229,#3230,#3231,
#3232,#3233,#3234,#3235,#3236,#3237,#3238,#3239,#3240,#3241,#3242,#3243,
#3244,#3245,#3246,#3247,#3248,#3249,#3250,#3251,#3252,#3253,#3254,#3255,
#3256,#3257,#3258,#3259,#3260,#3261,#3262,#3263,#3264,#3265,#3266,#3267,
#3268,#3269,#3270,#3271,#3272,#3273,#3274,#3275,#3276,#3277,#3278,#3279,
#3280,#3281,#3282,#3283,#3284,#3285,#3286,#3287,#3288,#3289,#3290,#3291,
#3292,#3293,#3294,#3295,#3296,#3297,#3298,#3299,#3300,#3301,#3302,#3303,
#3304,#3305,#3306,#3307,#3308,#3309,#3310,#3311,#3312,#3313,#3314,#3315,
#3316,#3317,#3318,#3319,#3320,#3321,#3322,#3323,#3324,#3325,#3326,#3327,
#3328,#3329,#3330,#3331,#3332,#3333,#3334,#3335,#3336,#3337));
#3339=STYLED_ITEM('',(#3340),#3888);
#3340=PRESENTATION_STYLE_ASSIGNMENT((#3431));
#3341=PRESENTATION_STYLE_ASSIGNMENT((#3432));
#3342=PRESENTATION_STYLE_ASSIGNMENT((#3433));
#3343=PRESENTATION_STYLE_ASSIGNMENT((#3434));
#3344=PRESENTATION_STYLE_ASSIGNMENT((#3435));
#3345=PRESENTATION_STYLE_ASSIGNMENT((#3436));
#3346=PRESENTATION_STYLE_ASSIGNMENT((#3437));
#3347=PRESENTATION_STYLE_ASSIGNMENT((#3438));
#3348=PRESENTATION_STYLE_ASSIGNMENT((#3439));
#3349=PRESENTATION_STYLE_ASSIGNMENT((#3440));
#3350=PRESENTATION_STYLE_ASSIGNMENT((#3441));
#3351=PRESENTATION_STYLE_ASSIGNMENT((#3442));
#3352=PRESENTATION_STYLE_ASSIGNMENT((#3443));
#3353=PRESENTATION_STYLE_ASSIGNMENT((#3444));
#3354=PRESENTATION_STYLE_ASSIGNMENT((#3445));
#3355=PRESENTATION_STYLE_ASSIGNMENT((#3446));
#3356=PRESENTATION_STYLE_ASSIGNMENT((#3447));
#3357=PRESENTATION_STYLE_ASSIGNMENT((#3448));
#3358=PRESENTATION_STYLE_ASSIGNMENT((#3449));
#3359=PRESENTATION_STYLE_ASSIGNMENT((#3450));
#3360=PRESENTATION_STYLE_ASSIGNMENT((#3451));
#3361=PRESENTATION_STYLE_ASSIGNMENT((#3452));
#3362=PRESENTATION_STYLE_ASSIGNMENT((#3453));
#3363=PRESENTATION_STYLE_ASSIGNMENT((#3454));
#3364=PRESENTATION_STYLE_ASSIGNMENT((#3455));
#3365=PRESENTATION_STYLE_ASSIGNMENT((#3456));
#3366=PRESENTATION_STYLE_ASSIGNMENT((#3457));
#3367=PRESENTATION_STYLE_ASSIGNMENT((#3458));
#3368=PRESENTATION_STYLE_ASSIGNMENT((#3459));
#3369=PRESENTATION_STYLE_ASSIGNMENT((#3460));
#3370=PRESENTATION_STYLE_ASSIGNMENT((#3461));
#3371=PRESENTATION_STYLE_ASSIGNMENT((#3462));
#3372=PRESENTATION_STYLE_ASSIGNMENT((#3463));
#3373=PRESENTATION_STYLE_ASSIGNMENT((#3464));
#3374=PRESENTATION_STYLE_ASSIGNMENT((#3465));
#3375=PRESENTATION_STYLE_ASSIGNMENT((#3466));
#3376=PRESENTATION_STYLE_ASSIGNMENT((#3467));
#3377=PRESENTATION_STYLE_ASSIGNMENT((#3468));
#3378=PRESENTATION_STYLE_ASSIGNMENT((#3469));
#3379=PRESENTATION_STYLE_ASSIGNMENT((#3470));
#3380=PRESENTATION_STYLE_ASSIGNMENT((#3471));
#3381=PRESENTATION_STYLE_ASSIGNMENT((#3472));
#3382=PRESENTATION_STYLE_ASSIGNMENT((#3473));
#3383=PRESENTATION_STYLE_ASSIGNMENT((#3474));
#3384=PRESENTATION_STYLE_ASSIGNMENT((#3475));
#3385=PRESENTATION_STYLE_ASSIGNMENT((#3476));
#3386=PRESENTATION_STYLE_ASSIGNMENT((#3477));
#3387=PRESENTATION_STYLE_ASSIGNMENT((#3478));
#3388=PRESENTATION_STYLE_ASSIGNMENT((#3479));
#3389=PRESENTATION_STYLE_ASSIGNMENT((#3480));
#3390=PRESENTATION_STYLE_ASSIGNMENT((#3481));
#3391=PRESENTATION_STYLE_ASSIGNMENT((#3482));
#3392=PRESENTATION_STYLE_ASSIGNMENT((#3483));
#3393=PRESENTATION_STYLE_ASSIGNMENT((#3484));
#3394=PRESENTATION_STYLE_ASSIGNMENT((#3485));
#3395=PRESENTATION_STYLE_ASSIGNMENT((#3486));
#3396=PRESENTATION_STYLE_ASSIGNMENT((#3487));
#3397=PRESENTATION_STYLE_ASSIGNMENT((#3488));
#3398=PRESENTATION_STYLE_ASSIGNMENT((#3489));
#3399=PRESENTATION_STYLE_ASSIGNMENT((#3490));
#3400=PRESENTATION_STYLE_ASSIGNMENT((#3491));
#3401=PRESENTATION_STYLE_ASSIGNMENT((#3492));
#3402=PRESENTATION_STYLE_ASSIGNMENT((#3493));
#3403=PRESENTATION_STYLE_ASSIGNMENT((#3494));
#3404=PRESENTATION_STYLE_ASSIGNMENT((#3495));
#3405=PRESENTATION_STYLE_ASSIGNMENT((#3496));
#3406=PRESENTATION_STYLE_ASSIGNMENT((#3497));
#3407=PRESENTATION_STYLE_ASSIGNMENT((#3498));
#3408=PRESENTATION_STYLE_ASSIGNMENT((#3499));
#3409=PRESENTATION_STYLE_ASSIGNMENT((#3500));
#3410=PRESENTATION_STYLE_ASSIGNMENT((#3501));
#3411=PRESENTATION_STYLE_ASSIGNMENT((#3502));
#3412=PRESENTATION_STYLE_ASSIGNMENT((#3503));
#3413=PRESENTATION_STYLE_ASSIGNMENT((#3504));
#3414=PRESENTATION_STYLE_ASSIGNMENT((#3505));
#3415=PRESENTATION_STYLE_ASSIGNMENT((#3506));
#3416=PRESENTATION_STYLE_ASSIGNMENT((#3507));
#3417=PRESENTATION_STYLE_ASSIGNMENT((#3508));
#3418=PRESENTATION_STYLE_ASSIGNMENT((#3509));
#3419=PRESENTATION_STYLE_ASSIGNMENT((#3510));
#3420=PRESENTATION_STYLE_ASSIGNMENT((#3511));
#3421=PRESENTATION_STYLE_ASSIGNMENT((#3512));
#3422=PRESENTATION_STYLE_ASSIGNMENT((#3513));
#3423=PRESENTATION_STYLE_ASSIGNMENT((#3514));
#3424=PRESENTATION_STYLE_ASSIGNMENT((#3515));
#3425=PRESENTATION_STYLE_ASSIGNMENT((#3516));
#3426=PRESENTATION_STYLE_ASSIGNMENT((#3517));
#3427=PRESENTATION_STYLE_ASSIGNMENT((#3518));
#3428=PRESENTATION_STYLE_ASSIGNMENT((#3519));
#3429=PRESENTATION_STYLE_ASSIGNMENT((#3520));
#3430=PRESENTATION_STYLE_ASSIGNMENT((#3521));
#3431=SURFACE_STYLE_USAGE(.BOTH.,#3522);
#3432=SURFACE_STYLE_USAGE(.BOTH.,#3523);
#3433=SURFACE_STYLE_USAGE(.BOTH.,#3524);
#3434=SURFACE_STYLE_USAGE(.BOTH.,#3525);
#3435=SURFACE_STYLE_USAGE(.BOTH.,#3526);
#3436=SURFACE_STYLE_USAGE(.BOTH.,#3527);
#3437=SURFACE_STYLE_USAGE(.BOTH.,#3528);
#3438=SURFACE_STYLE_USAGE(.BOTH.,#3529);
#3439=SURFACE_STYLE_USAGE(.BOTH.,#3530);
#3440=SURFACE_STYLE_USAGE(.BOTH.,#3531);
#3441=SURFACE_STYLE_USAGE(.BOTH.,#3532);
#3442=SURFACE_STYLE_USAGE(.BOTH.,#3533);
#3443=SURFACE_STYLE_USAGE(.BOTH.,#3534);
#3444=SURFACE_STYLE_USAGE(.BOTH.,#3535);
#3445=SURFACE_STYLE_USAGE(.BOTH.,#3536);
#3446=SURFACE_STYLE_USAGE(.BOTH.,#3537);
#3447=SURFACE_STYLE_USAGE(.BOTH.,#3538);
#3448=SURFACE_STYLE_USAGE(.BOTH.,#3539);
#3449=SURFACE_STYLE_USAGE(.BOTH.,#3540);
#3450=SURFACE_STYLE_USAGE(.BOTH.,#3541);
#3451=SURFACE_STYLE_USAGE(.BOTH.,#3542);
#3452=SURFACE_STYLE_USAGE(.BOTH.,#3543);
#3453=SURFACE_STYLE_USAGE(.BOTH.,#3544);
#3454=SURFACE_STYLE_USAGE(.BOTH.,#3545);
#3455=SURFACE_STYLE_USAGE(.BOTH.,#3546);
#3456=SURFACE_STYLE_USAGE(.BOTH.,#3547);
#3457=SURFACE_STYLE_USAGE(.BOTH.,#3548);
#3458=SURFACE_STYLE_USAGE(.BOTH.,#3549);
#3459=SURFACE_STYLE_USAGE(.BOTH.,#3550);
#3460=SURFACE_STYLE_USAGE(.BOTH.,#3551);
#3461=SURFACE_STYLE_USAGE(.BOTH.,#3552);
#3462=SURFACE_STYLE_USAGE(.BOTH.,#3553);
#3463=SURFACE_STYLE_USAGE(.BOTH.,#3554);
#3464=SURFACE_STYLE_USAGE(.BOTH.,#3555);
#3465=SURFACE_STYLE_USAGE(.BOTH.,#3556);
#3466=SURFACE_STYLE_USAGE(.BOTH.,#3557);
#3467=SURFACE_STYLE_USAGE(.BOTH.,#3558);
#3468=SURFACE_STYLE_USAGE(.BOTH.,#3559);
#3469=SURFACE_STYLE_USAGE(.BOTH.,#3560);
#3470=SURFACE_STYLE_USAGE(.BOTH.,#3561);
#3471=SURFACE_STYLE_USAGE(.BOTH.,#3562);
#3472=SURFACE_STYLE_USAGE(.BOTH.,#3563);
#3473=SURFACE_STYLE_USAGE(.BOTH.,#3564);
#3474=SURFACE_STYLE_USAGE(.BOTH.,#3565);
#3475=SURFACE_STYLE_USAGE(.BOTH.,#3566);
#3476=SURFACE_STYLE_USAGE(.BOTH.,#3567);
#3477=SURFACE_STYLE_USAGE(.BOTH.,#3568);
#3478=SURFACE_STYLE_USAGE(.BOTH.,#3569);
#3479=SURFACE_STYLE_USAGE(.BOTH.,#3570);
#3480=SURFACE_STYLE_USAGE(.BOTH.,#3571);
#3481=SURFACE_STYLE_USAGE(.BOTH.,#3572);
#3482=SURFACE_STYLE_USAGE(.BOTH.,#3573);
#3483=SURFACE_STYLE_USAGE(.BOTH.,#3574);
#3484=SURFACE_STYLE_USAGE(.BOTH.,#3575);
#3485=SURFACE_STYLE_USAGE(.BOTH.,#3576);
#3486=SURFACE_STYLE_USAGE(.BOTH.,#3577);
#3487=SURFACE_STYLE_USAGE(.BOTH.,#3578);
#3488=SURFACE_STYLE_USAGE(.BOTH.,#3579);
#3489=SURFACE_STYLE_USAGE(.BOTH.,#3580);
#3490=SURFACE_STYLE_USAGE(.BOTH.,#3581);
#3491=SURFACE_STYLE_USAGE(.BOTH.,#3582);
#3492=SURFACE_STYLE_USAGE(.BOTH.,#3583);
#3493=SURFACE_STYLE_USAGE(.BOTH.,#3584);
#3494=SURFACE_STYLE_USAGE(.BOTH.,#3585);
#3495=SURFACE_STYLE_USAGE(.BOTH.,#3586);
#3496=SURFACE_STYLE_USAGE(.BOTH.,#3587);
#3497=SURFACE_STYLE_USAGE(.BOTH.,#3588);
#3498=SURFACE_STYLE_USAGE(.BOTH.,#3589);
#3499=SURFACE_STYLE_USAGE(.BOTH.,#3590);
#3500=SURFACE_STYLE_USAGE(.BOTH.,#3591);
#3501=SURFACE_STYLE_USAGE(.BOTH.,#3592);
#3502=SURFACE_STYLE_USAGE(.BOTH.,#3593);
#3503=SURFACE_STYLE_USAGE(.BOTH.,#3594);
#3504=SURFACE_STYLE_USAGE(.BOTH.,#3595);
#3505=SURFACE_STYLE_USAGE(.BOTH.,#3596);
#3506=SURFACE_STYLE_USAGE(.BOTH.,#3597);
#3507=SURFACE_STYLE_USAGE(.BOTH.,#3598);
#3508=SURFACE_STYLE_USAGE(.BOTH.,#3599);
#3509=SURFACE_STYLE_USAGE(.BOTH.,#3600);
#3510=SURFACE_STYLE_USAGE(.BOTH.,#3601);
#3511=SURFACE_STYLE_USAGE(.BOTH.,#3602);
#3512=SURFACE_STYLE_USAGE(.BOTH.,#3603);
#3513=SURFACE_STYLE_USAGE(.BOTH.,#3604);
#3514=SURFACE_STYLE_USAGE(.BOTH.,#3605);
#3515=SURFACE_STYLE_USAGE(.BOTH.,#3606);
#3516=SURFACE_STYLE_USAGE(.BOTH.,#3607);
#3517=SURFACE_STYLE_USAGE(.BOTH.,#3608);
#3518=SURFACE_STYLE_USAGE(.BOTH.,#3609);
#3519=SURFACE_STYLE_USAGE(.BOTH.,#3610);
#3520=SURFACE_STYLE_USAGE(.BOTH.,#3611);
#3521=SURFACE_STYLE_USAGE(.BOTH.,#3612);
#3522=SURFACE_SIDE_STYLE('',(#3613));
#3523=SURFACE_SIDE_STYLE('',(#3614));
#3524=SURFACE_SIDE_STYLE('',(#3615));
#3525=SURFACE_SIDE_STYLE('',(#3616));
#3526=SURFACE_SIDE_STYLE('',(#3617));
#3527=SURFACE_SIDE_STYLE('',(#3618));
#3528=SURFACE_SIDE_STYLE('',(#3619));
#3529=SURFACE_SIDE_STYLE('',(#3620));
#3530=SURFACE_SIDE_STYLE('',(#3621));
#3531=SURFACE_SIDE_STYLE('',(#3622));
#3532=SURFACE_SIDE_STYLE('',(#3623));
#3533=SURFACE_SIDE_STYLE('',(#3624));
#3534=SURFACE_SIDE_STYLE('',(#3625));
#3535=SURFACE_SIDE_STYLE('',(#3626));
#3536=SURFACE_SIDE_STYLE('',(#3627));
#3537=SURFACE_SIDE_STYLE('',(#3628));
#3538=SURFACE_SIDE_STYLE('',(#3629));
#3539=SURFACE_SIDE_STYLE('',(#3630));
#3540=SURFACE_SIDE_STYLE('',(#3631));
#3541=SURFACE_SIDE_STYLE('',(#3632));
#3542=SURFACE_SIDE_STYLE('',(#3633));
#3543=SURFACE_SIDE_STYLE('',(#3634));
#3544=SURFACE_SIDE_STYLE('',(#3635));
#3545=SURFACE_SIDE_STYLE('',(#3636));
#3546=SURFACE_SIDE_STYLE('',(#3637));
#3547=SURFACE_SIDE_STYLE('',(#3638));
#3548=SURFACE_SIDE_STYLE('',(#3639));
#3549=SURFACE_SIDE_STYLE('',(#3640));
#3550=SURFACE_SIDE_STYLE('',(#3641));
#3551=SURFACE_SIDE_STYLE('',(#3642));
#3552=SURFACE_SIDE_STYLE('',(#3643));
#3553=SURFACE_SIDE_STYLE('',(#3644));
#3554=SURFACE_SIDE_STYLE('',(#3645));
#3555=SURFACE_SIDE_STYLE('',(#3646));
#3556=SURFACE_SIDE_STYLE('',(#3647));
#3557=SURFACE_SIDE_STYLE('',(#3648));
#3558=SURFACE_SIDE_STYLE('',(#3649));
#3559=SURFACE_SIDE_STYLE('',(#3650));
#3560=SURFACE_SIDE_STYLE('',(#3651));
#3561=SURFACE_SIDE_STYLE('',(#3652));
#3562=SURFACE_SIDE_STYLE('',(#3653));
#3563=SURFACE_SIDE_STYLE('',(#3654));
#3564=SURFACE_SIDE_STYLE('',(#3655));
#3565=SURFACE_SIDE_STYLE('',(#3656));
#3566=SURFACE_SIDE_STYLE('',(#3657));
#3567=SURFACE_SIDE_STYLE('',(#3658));
#3568=SURFACE_SIDE_STYLE('',(#3659));
#3569=SURFACE_SIDE_STYLE('',(#3660));
#3570=SURFACE_SIDE_STYLE('',(#3661));
#3571=SURFACE_SIDE_STYLE('',(#3662));
#3572=SURFACE_SIDE_STYLE('',(#3663));
#3573=SURFACE_SIDE_STYLE('',(#3664));
#3574=SURFACE_SIDE_STYLE('',(#3665));
#3575=SURFACE_SIDE_STYLE('',(#3666));
#3576=SURFACE_SIDE_STYLE('',(#3667));
#3577=SURFACE_SIDE_STYLE('',(#3668));
#3578=SURFACE_SIDE_STYLE('',(#3669));
#3579=SURFACE_SIDE_STYLE('',(#3670));
#3580=SURFACE_SIDE_STYLE('',(#3671));
#3581=SURFACE_SIDE_STYLE('',(#3672));
#3582=SURFACE_SIDE_STYLE('',(#3673));
#3583=SURFACE_SIDE_STYLE('',(#3674));
#3584=SURFACE_SIDE_STYLE('',(#3675));
#3585=SURFACE_SIDE_STYLE('',(#3676));
#3586=SURFACE_SIDE_STYLE('',(#3677));
#3587=SURFACE_SIDE_STYLE('',(#3678));
#3588=SURFACE_SIDE_STYLE('',(#3679));
#3589=SURFACE_SIDE_STYLE('',(#3680));
#3590=SURFACE_SIDE_STYLE('',(#3681));
#3591=SURFACE_SIDE_STYLE('',(#3682));
#3592=SURFACE_SIDE_STYLE('',(#3683));
#3593=SURFACE_SIDE_STYLE('',(#3684));
#3594=SURFACE_SIDE_STYLE('',(#3685));
#3595=SURFACE_SIDE_STYLE('',(#3686));
#3596=SURFACE_SIDE_STYLE('',(#3687));
#3597=SURFACE_SIDE_STYLE('',(#3688));
#3598=SURFACE_SIDE_STYLE('',(#3689));
#3599=SURFACE_SIDE_STYLE('',(#3690));
#3600=SURFACE_SIDE_STYLE('',(#3691));
#3601=SURFACE_SIDE_STYLE('',(#3692));
#3602=SURFACE_SIDE_STYLE('',(#3693));
#3603=SURFACE_SIDE_STYLE('',(#3694));
#3604=SURFACE_SIDE_STYLE('',(#3695));
#3605=SURFACE_SIDE_STYLE('',(#3696));
#3606=SURFACE_SIDE_STYLE('',(#3697));
#3607=SURFACE_SIDE_STYLE('',(#3698));
#3608=SURFACE_SIDE_STYLE('',(#3699));
#3609=SURFACE_SIDE_STYLE('',(#3700));
#3610=SURFACE_SIDE_STYLE('',(#3701));
#3611=SURFACE_SIDE_STYLE('',(#3702));
#3612=SURFACE_SIDE_STYLE('',(#3703));
#3613=SURFACE_STYLE_FILL_AREA(#3704);
#3614=SURFACE_STYLE_FILL_AREA(#3705);
#3615=SURFACE_STYLE_FILL_AREA(#3706);
#3616=SURFACE_STYLE_FILL_AREA(#3707);
#3617=SURFACE_STYLE_FILL_AREA(#3708);
#3618=SURFACE_STYLE_FILL_AREA(#3709);
#3619=SURFACE_STYLE_FILL_AREA(#3710);
#3620=SURFACE_STYLE_FILL_AREA(#3711);
#3621=SURFACE_STYLE_FILL_AREA(#3712);
#3622=SURFACE_STYLE_FILL_AREA(#3713);
#3623=SURFACE_STYLE_FILL_AREA(#3714);
#3624=SURFACE_STYLE_FILL_AREA(#3715);
#3625=SURFACE_STYLE_FILL_AREA(#3716);
#3626=SURFACE_STYLE_FILL_AREA(#3717);
#3627=SURFACE_STYLE_FILL_AREA(#3718);
#3628=SURFACE_STYLE_FILL_AREA(#3719);
#3629=SURFACE_STYLE_FILL_AREA(#3720);
#3630=SURFACE_STYLE_FILL_AREA(#3721);
#3631=SURFACE_STYLE_FILL_AREA(#3722);
#3632=SURFACE_STYLE_FILL_AREA(#3723);
#3633=SURFACE_STYLE_FILL_AREA(#3724);
#3634=SURFACE_STYLE_FILL_AREA(#3725);
#3635=SURFACE_STYLE_FILL_AREA(#3726);
#3636=SURFACE_STYLE_FILL_AREA(#3727);
#3637=SURFACE_STYLE_FILL_AREA(#3728);
#3638=SURFACE_STYLE_FILL_AREA(#3729);
#3639=SURFACE_STYLE_FILL_AREA(#3730);
#3640=SURFACE_STYLE_FILL_AREA(#3731);
#3641=SURFACE_STYLE_FILL_AREA(#3732);
#3642=SURFACE_STYLE_FILL_AREA(#3733);
#3643=SURFACE_STYLE_FILL_AREA(#3734);
#3644=SURFACE_STYLE_FILL_AREA(#3735);
#3645=SURFACE_STYLE_FILL_AREA(#3736);
#3646=SURFACE_STYLE_FILL_AREA(#3737);
#3647=SURFACE_STYLE_FILL_AREA(#3738);
#3648=SURFACE_STYLE_FILL_AREA(#3739);
#3649=SURFACE_STYLE_FILL_AREA(#3740);
#3650=SURFACE_STYLE_FILL_AREA(#3741);
#3651=SURFACE_STYLE_FILL_AREA(#3742);
#3652=SURFACE_STYLE_FILL_AREA(#3743);
#3653=SURFACE_STYLE_FILL_AREA(#3744);
#3654=SURFACE_STYLE_FILL_AREA(#3745);
#3655=SURFACE_STYLE_FILL_AREA(#3746);
#3656=SURFACE_STYLE_FILL_AREA(#3747);
#3657=SURFACE_STYLE_FILL_AREA(#3748);
#3658=SURFACE_STYLE_FILL_AREA(#3749);
#3659=SURFACE_STYLE_FILL_AREA(#3750);
#3660=SURFACE_STYLE_FILL_AREA(#3751);
#3661=SURFACE_STYLE_FILL_AREA(#3752);
#3662=SURFACE_STYLE_FILL_AREA(#3753);
#3663=SURFACE_STYLE_FILL_AREA(#3754);
#3664=SURFACE_STYLE_FILL_AREA(#3755);
#3665=SURFACE_STYLE_FILL_AREA(#3756);
#3666=SURFACE_STYLE_FILL_AREA(#3757);
#3667=SURFACE_STYLE_FILL_AREA(#3758);
#3668=SURFACE_STYLE_FILL_AREA(#3759);
#3669=SURFACE_STYLE_FILL_AREA(#3760);
#3670=SURFACE_STYLE_FILL_AREA(#3761);
#3671=SURFACE_STYLE_FILL_AREA(#3762);
#3672=SURFACE_STYLE_FILL_AREA(#3763);
#3673=SURFACE_STYLE_FILL_AREA(#3764);
#3674=SURFACE_STYLE_FILL_AREA(#3765);
#3675=SURFACE_STYLE_FILL_AREA(#3766);
#3676=SURFACE_STYLE_FILL_AREA(#3767);
#3677=SURFACE_STYLE_FILL_AREA(#3768);
#3678=SURFACE_STYLE_FILL_AREA(#3769);
#3679=SURFACE_STYLE_FILL_AREA(#3770);
#3680=SURFACE_STYLE_FILL_AREA(#3771);
#3681=SURFACE_STYLE_FILL_AREA(#3772);
#3682=SURFACE_STYLE_FILL_AREA(#3773);
#3683=SURFACE_STYLE_FILL_AREA(#3774);
#3684=SURFACE_STYLE_FILL_AREA(#3775);
#3685=SURFACE_STYLE_FILL_AREA(#3776);
#3686=SURFACE_STYLE_FILL_AREA(#3777);
#3687=SURFACE_STYLE_FILL_AREA(#3778);
#3688=SURFACE_STYLE_FILL_AREA(#3779);
#3689=SURFACE_STYLE_FILL_AREA(#3780);
#3690=SURFACE_STYLE_FILL_AREA(#3781);
#3691=SURFACE_STYLE_FILL_AREA(#3782);
#3692=SURFACE_STYLE_FILL_AREA(#3783);
#3693=SURFACE_STYLE_FILL_AREA(#3784);
#3694=SURFACE_STYLE_FILL_AREA(#3785);
#3695=SURFACE_STYLE_FILL_AREA(#3786);
#3696=SURFACE_STYLE_FILL_AREA(#3787);
#3697=SURFACE_STYLE_FILL_AREA(#3788);
#3698=SURFACE_STYLE_FILL_AREA(#3789);
#3699=SURFACE_STYLE_FILL_AREA(#3790);
#3700=SURFACE_STYLE_FILL_AREA(#3791);
#3701=SURFACE_STYLE_FILL_AREA(#3792);
#3702=SURFACE_STYLE_FILL_AREA(#3793);
#3703=SURFACE_STYLE_FILL_AREA(#3794);
#3704=FILL_AREA_STYLE('',(#3795));
#3705=FILL_AREA_STYLE('',(#3796));
#3706=FILL_AREA_STYLE('',(#3797));
#3707=FILL_AREA_STYLE('',(#3798));
#3708=FILL_AREA_STYLE('',(#3799));
#3709=FILL_AREA_STYLE('',(#3800));
#3710=FILL_AREA_STYLE('',(#3801));
#3711=FILL_AREA_STYLE('',(#3802));
#3712=FILL_AREA_STYLE('',(#3803));
#3713=FILL_AREA_STYLE('',(#3804));
#3714=FILL_AREA_STYLE('',(#3805));
#3715=FILL_AREA_STYLE('',(#3806));
#3716=FILL_AREA_STYLE('',(#3807));
#3717=FILL_AREA_STYLE('',(#3808));
#3718=FILL_AREA_STYLE('',(#3809));
#3719=FILL_AREA_STYLE('',(#3810));
#3720=FILL_AREA_STYLE('',(#3811));
#3721=FILL_AREA_STYLE('',(#3812));
#3722=FILL_AREA_STYLE('',(#3813));
#3723=FILL_AREA_STYLE('',(#3814));
#3724=FILL_AREA_STYLE('',(#3815));
#3725=FILL_AREA_STYLE('',(#3816));
#3726=FILL_AREA_STYLE('',(#3817));
#3727=FILL_AREA_STYLE('',(#3818));
#3728=FILL_AREA_STYLE('',(#3819));
#3729=FILL_AREA_STYLE('',(#3820));
#3730=FILL_AREA_STYLE('',(#3821));
#3731=FILL_AREA_STYLE('',(#3822));
#3732=FILL_AREA_STYLE('',(#3823));
#3733=FILL_AREA_STYLE('',(#3824));
#3734=FILL_AREA_STYLE('',(#3825));
#3735=FILL_AREA_STYLE('',(#3826));
#3736=FILL_AREA_STYLE('',(#3827));
#3737=FILL_AREA_STYLE('',(#3828));
#3738=FILL_AREA_STYLE('',(#3829));
#3739=FILL_AREA_STYLE('',(#3830));
#3740=FILL_AREA_STYLE('',(#3831));
#3741=FILL_AREA_STYLE('',(#3832));
#3742=FILL_AREA_STYLE('',(#3833));
#3743=FILL_AREA_STYLE('',(#3834));
#3744=FILL_AREA_STYLE('',(#3835));
#3745=FILL_AREA_STYLE('',(#3836));
#3746=FILL_AREA_STYLE('',(#3837));
#3747=FILL_AREA_STYLE('',(#3838));
#3748=FILL_AREA_STYLE('',(#3839));
#3749=FILL_AREA_STYLE('',(#3840));
#3750=FILL_AREA_STYLE('',(#3841));
#3751=FILL_AREA_STYLE('',(#3842));
#3752=FILL_AREA_STYLE('',(#3843));
#3753=FILL_AREA_STYLE('',(#3844));
#3754=FILL_AREA_STYLE('',(#3845));
#3755=FILL_AREA_STYLE('',(#3846));
#3756=FILL_AREA_STYLE('',(#3847));
#3757=FILL_AREA_STYLE('',(#3848));
#3758=FILL_AREA_STYLE('',(#3849));
#3759=FILL_AREA_STYLE('',(#3850));
#3760=FILL_AREA_STYLE('',(#3851));
#3761=FILL_AREA_STYLE('',(#3852));
#3762=FILL_AREA_STYLE('',(#3853));
#3763=FILL_AREA_STYLE('',(#3854));
#3764=FILL_AREA_STYLE('',(#3855));
#3765=FILL_AREA_STYLE('',(#3856));
#3766=FILL_AREA_STYLE('',(#3857));
#3767=FILL_AREA_STYLE('',(#3858));
#3768=FILL_AREA_STYLE('',(#3859));
#3769=FILL_AREA_STYLE('',(#3860));
#3770=FILL_AREA_STYLE('',(#3861));
#3771=FILL_AREA_STYLE('',(#3862));
#3772=FILL_AREA_STYLE('',(#3863));
#3773=FILL_AREA_STYLE('',(#3864));
#3774=FILL_AREA_STYLE('',(#3865));
#3775=FILL_AREA_STYLE('',(#3866));
#3776=FILL_AREA_STYLE('',(#3867));
#3777=FILL_AREA_STYLE('',(#3868));
#3778=FILL_AREA_STYLE('',(#3869));
#3779=FILL_AREA_STYLE('',(#3870));
#3780=FILL_AREA_STYLE('',(#3871));
#3781=FILL_AREA_STYLE('',(#3872));
#3782=FILL_AREA_STYLE('',(#3873));
#3783=FILL_AREA_STYLE('',(#3874));
#3784=FILL_AREA_STYLE('',(#3875));
#3785=FILL_AREA_STYLE('',(#3876));
#3786=FILL_AREA_STYLE('',(#3877));
#3787=FILL_AREA_STYLE('',(#3878));
#3788=FILL_AREA_STYLE('',(#3879));
#3789=FILL_AREA_STYLE('',(#3880));
#3790=FILL_AREA_STYLE('',(#3881));
#3791=FILL_AREA_STYLE('',(#3882));
#3792=FILL_AREA_STYLE('',(#3883));
#3793=FILL_AREA_STYLE('',(#3884));
#3794=FILL_AREA_STYLE('',(#3885));
#3795=FILL_AREA_STYLE_COLOUR('',#3886);
#3796=FILL_AREA_STYLE_COLOUR('',#3887);
#3797=FILL_AREA_STYLE_COLOUR('',#3887);
#3798=FILL_AREA_STYLE_COLOUR('',#3887);
#3799=FILL_AREA_STYLE_COLOUR('',#3887);
#3800=FILL_AREA_STYLE_COLOUR('',#3887);
#3801=FILL_AREA_STYLE_COLOUR('',#3887);
#3802=FILL_AREA_STYLE_COLOUR('',#3887);
#3803=FILL_AREA_STYLE_COLOUR('',#3887);
#3804=FILL_AREA_STYLE_COLOUR('',#3887);
#3805=FILL_AREA_STYLE_COLOUR('',#3887);
#3806=FILL_AREA_STYLE_COLOUR('',#3887);
#3807=FILL_AREA_STYLE_COLOUR('',#3887);
#3808=FILL_AREA_STYLE_COLOUR('',#3887);
#3809=FILL_AREA_STYLE_COLOUR('',#3887);
#3810=FILL_AREA_STYLE_COLOUR('',#3887);
#3811=FILL_AREA_STYLE_COLOUR('',#3887);
#3812=FILL_AREA_STYLE_COLOUR('',#3887);
#3813=FILL_AREA_STYLE_COLOUR('',#3887);
#3814=FILL_AREA_STYLE_COLOUR('',#3887);
#3815=FILL_AREA_STYLE_COLOUR('',#3887);
#3816=FILL_AREA_STYLE_COLOUR('',#3887);
#3817=FILL_AREA_STYLE_COLOUR('',#3887);
#3818=FILL_AREA_STYLE_COLOUR('',#3887);
#3819=FILL_AREA_STYLE_COLOUR('',#3887);
#3820=FILL_AREA_STYLE_COLOUR('',#3887);
#3821=FILL_AREA_STYLE_COLOUR('',#3887);
#3822=FILL_AREA_STYLE_COLOUR('',#3887);
#3823=FILL_AREA_STYLE_COLOUR('',#3887);
#3824=FILL_AREA_STYLE_COLOUR('',#3887);
#3825=FILL_AREA_STYLE_COLOUR('',#3887);
#3826=FILL_AREA_STYLE_COLOUR('',#3887);
#3827=FILL_AREA_STYLE_COLOUR('',#3887);
#3828=FILL_AREA_STYLE_COLOUR('',#3887);
#3829=FILL_AREA_STYLE_COLOUR('',#3887);
#3830=FILL_AREA_STYLE_COLOUR('',#3887);
#3831=FILL_AREA_STYLE_COLOUR('',#3887);
#3832=FILL_AREA_STYLE_COLOUR('',#3887);
#3833=FILL_AREA_STYLE_COLOUR('',#3887);
#3834=FILL_AREA_STYLE_COLOUR('',#3887);
#3835=FILL_AREA_STYLE_COLOUR('',#3887);
#3836=FILL_AREA_STYLE_COLOUR('',#3887);
#3837=FILL_AREA_STYLE_COLOUR('',#3887);
#3838=FILL_AREA_STYLE_COLOUR('',#3887);
#3839=FILL_AREA_STYLE_COLOUR('',#3887);
#3840=FILL_AREA_STYLE_COLOUR('',#3887);
#3841=FILL_AREA_STYLE_COLOUR('',#3887);
#3842=FILL_AREA_STYLE_COLOUR('',#3887);
#3843=FILL_AREA_STYLE_COLOUR('',#3887);
#3844=FILL_AREA_STYLE_COLOUR('',#3887);
#3845=FILL_AREA_STYLE_COLOUR('',#3887);
#3846=FILL_AREA_STYLE_COLOUR('',#3887);
#3847=FILL_AREA_STYLE_COLOUR('',#3887);
#3848=FILL_AREA_STYLE_COLOUR('',#3887);
#3849=FILL_AREA_STYLE_COLOUR('',#3887);
#3850=FILL_AREA_STYLE_COLOUR('',#3887);
#3851=FILL_AREA_STYLE_COLOUR('',#3887);
#3852=FILL_AREA_STYLE_COLOUR('',#3887);
#3853=FILL_AREA_STYLE_COLOUR('',#3887);
#3854=FILL_AREA_STYLE_COLOUR('',#3887);
#3855=FILL_AREA_STYLE_COLOUR('',#3887);
#3856=FILL_AREA_STYLE_COLOUR('',#3887);
#3857=FILL_AREA_STYLE_COLOUR('',#3887);
#3858=FILL_AREA_STYLE_COLOUR('',#3887);
#3859=FILL_AREA_STYLE_COLOUR('',#3887);
#3860=FILL_AREA_STYLE_COLOUR('',#3887);
#3861=FILL_AREA_STYLE_COLOUR('',#3887);
#3862=FILL_AREA_STYLE_COLOUR('',#3887);
#3863=FILL_AREA_STYLE_COLOUR('',#3887);
#3864=FILL_AREA_STYLE_COLOUR('',#3887);
#3865=FILL_AREA_STYLE_COLOUR('',#3887);
#3866=FILL_AREA_STYLE_COLOUR('',#3887);
#3867=FILL_AREA_STYLE_COLOUR('',#3887);
#3868=FILL_AREA_STYLE_COLOUR('',#3887);
#3869=FILL_AREA_STYLE_COLOUR('',#3887);
#3870=FILL_AREA_STYLE_COLOUR('',#3887);
#3871=FILL_AREA_STYLE_COLOUR('',#3887);
#3872=FILL_AREA_STYLE_COLOUR('',#3887);
#3873=FILL_AREA_STYLE_COLOUR('',#3887);
#3874=FILL_AREA_STYLE_COLOUR('',#3887);
#3875=FILL_AREA_STYLE_COLOUR('',#3887);
#3876=FILL_AREA_STYLE_COLOUR('',#3887);
#3877=FILL_AREA_STYLE_COLOUR('',#3887);
#3878=FILL_AREA_STYLE_COLOUR('',#3887);
#3879=FILL_AREA_STYLE_COLOUR('',#3887);
#3880=FILL_AREA_STYLE_COLOUR('',#3887);
#3881=FILL_AREA_STYLE_COLOUR('',#3887);
#3882=FILL_AREA_STYLE_COLOUR('',#3887);
#3883=FILL_AREA_STYLE_COLOUR('',#3887);
#3884=FILL_AREA_STYLE_COLOUR('',#3887);
#3885=FILL_AREA_STYLE_COLOUR('',#3887);
#3886=COLOUR_RGB('',0.749019607843137,0.749019607843137,0.749019607843137);
#3887=COLOUR_RGB('',1.,0.501960784313726,0.501960784313726);
#3888=MANIFOLD_SOLID_BREP('electronics_frame_split_2',#3338);
#3889=SHAPE_DEFINITION_REPRESENTATION(#6104,#3890);
#3890=SHAPE_REPRESENTATION('electronics_frame_split_2',(#3891),#6099);
#3891=AXIS2_PLACEMENT_3D('',#5039,#4158,#4159);
#3892=AXIS2_PLACEMENT_3D('',#5040,#4160,#4161);
#3893=AXIS2_PLACEMENT_3D('',#5041,#4162,#4163);
#3894=AXIS2_PLACEMENT_3D('',#5046,#4165,#4166);
#3895=AXIS2_PLACEMENT_3D('',#5049,#4168,#4169);
#3896=AXIS2_PLACEMENT_3D('',#5050,#4170,#4171);
#3897=AXIS2_PLACEMENT_3D('',#5061,#4174,#4175);
#3898=AXIS2_PLACEMENT_3D('',#5065,#4178,#4179);
#3899=AXIS2_PLACEMENT_3D('',#5072,#4183,#4184);
#3900=AXIS2_PLACEMENT_3D('',#5086,#4191,#4192);
#3901=AXIS2_PLACEMENT_3D('',#5092,#4195,#4196);
#3902=AXIS2_PLACEMENT_3D('',#5096,#4198,#4199);
#3903=AXIS2_PLACEMENT_3D('',#5099,#4201,#4202);
#3904=AXIS2_PLACEMENT_3D('',#5113,#4210,#4211);
#3905=AXIS2_PLACEMENT_3D('',#5144,#4227,#4228);
#3906=AXIS2_PLACEMENT_3D('',#5148,#4230,#4231);
#3907=AXIS2_PLACEMENT_3D('',#5152,#4234,#4235);
#3908=AXIS2_PLACEMENT_3D('',#5153,#4236,#4237);
#3909=AXIS2_PLACEMENT_3D('',#5157,#4239,#4240);
#3910=AXIS2_PLACEMENT_3D('',#5160,#4242,#4243);
#3911=AXIS2_PLACEMENT_3D('',#5167,#4244,#4245);
#3912=AXIS2_PLACEMENT_3D('',#5169,#4246,#4247);
#3913=AXIS2_PLACEMENT_3D('',#5170,#4248,#4249);
#3914=AXIS2_PLACEMENT_3D('',#5176,#4252,#4253);
#3915=AXIS2_PLACEMENT_3D('',#5184,#4258,#4259);
#3916=AXIS2_PLACEMENT_3D('',#5185,#4260,#4261);
#3917=AXIS2_PLACEMENT_3D('',#5187,#4262,#4263);
#3918=AXIS2_PLACEMENT_3D('',#5194,#4264,#4265);
#3919=AXIS2_PLACEMENT_3D('',#5197,#4267,#4268);
#3920=AXIS2_PLACEMENT_3D('',#5200,#4270,#4271);
#3921=AXIS2_PLACEMENT_3D('',#5209,#4277,#4278);
#3922=AXIS2_PLACEMENT_3D('',#5215,#4281,#4282);
#3923=AXIS2_PLACEMENT_3D('',#5232,#4289,#4290);
#3924=AXIS2_PLACEMENT_3D('',#5244,#4297,#4298);
#3925=AXIS2_PLACEMENT_3D('',#5247,#4300,#4301);
#3926=AXIS2_PLACEMENT_3D('',#5250,#4303,#4304);
#3927=AXIS2_PLACEMENT_3D('',#5282,#4321,#4322);
#3928=AXIS2_PLACEMENT_3D('',#5285,#4324,#4325);
#3929=AXIS2_PLACEMENT_3D('',#5289,#4327,#4328);
#3930=AXIS2_PLACEMENT_3D('',#5290,#4329,#4330);
#3931=AXIS2_PLACEMENT_3D('',#5294,#4332,#4333);
#3932=AXIS2_PLACEMENT_3D('',#5296,#4334,#4335);
#3933=AXIS2_PLACEMENT_3D('',#5317,#4338,#4339);
#3934=AXIS2_PLACEMENT_3D('',#5319,#4340,#4341);
#3935=AXIS2_PLACEMENT_3D('',#5320,#4342,#4343);
#3936=AXIS2_PLACEMENT_3D('',#5321,#4344,#4345);
#3937=AXIS2_PLACEMENT_3D('',#5322,#4346,#4347);
#3938=AXIS2_PLACEMENT_3D('',#5323,#4348,#4349);
#3939=AXIS2_PLACEMENT_3D('',#5327,#4351,#4352);
#3940=AXIS2_PLACEMENT_3D('',#5331,#4354,#4355);
#3941=AXIS2_PLACEMENT_3D('',#5349,#4358,#4359);
#3942=AXIS2_PLACEMENT_3D('',#5360,#4362,#4363);
#3943=AXIS2_PLACEMENT_3D('',#5374,#4366,#4367);
#3944=AXIS2_PLACEMENT_3D('',#5375,#4368,#4369);
#3945=AXIS2_PLACEMENT_3D('',#5390,#4377,#4378);
#3946=AXIS2_PLACEMENT_3D('',#5401,#4384,#4385);
#3947=AXIS2_PLACEMENT_3D('',#5410,#4390,#4391);
#3948=AXIS2_PLACEMENT_3D('',#5414,#4393,#4394);
#3949=AXIS2_PLACEMENT_3D('',#5415,#4395,#4396);
#3950=AXIS2_PLACEMENT_3D('',#5416,#4397,#4398);
#3951=AXIS2_PLACEMENT_3D('',#5418,#4399,#4400);
#3952=AXIS2_PLACEMENT_3D('',#5421,#4403,#4404);
#3953=AXIS2_PLACEMENT_3D('',#5429,#4408,#4409);
#3954=AXIS2_PLACEMENT_3D('',#5433,#4412,#4413);
#3955=AXIS2_PLACEMENT_3D('',#5439,#4417,#4418);
#3956=AXIS2_PLACEMENT_3D('',#5443,#4422,#4423);
#3957=AXIS2_PLACEMENT_3D('',#5449,#4426,#4427);
#3958=AXIS2_PLACEMENT_3D('',#5452,#4429,#4430);
#3959=AXIS2_PLACEMENT_3D('',#5453,#4431,#4432);
#3960=AXIS2_PLACEMENT_3D('',#5457,#4435,#4436);
#3961=AXIS2_PLACEMENT_3D('',#5461,#4439,#4440);
#3962=AXIS2_PLACEMENT_3D('',#5463,#4442,#4443);
#3963=AXIS2_PLACEMENT_3D('',#5464,#4444,#4445);
#3964=AXIS2_PLACEMENT_3D('',#5468,#4447,#4448);
#3965=AXIS2_PLACEMENT_3D('',#5469,#4449,#4450);
#3966=AXIS2_PLACEMENT_3D('',#5470,#4451,#4452);
#3967=AXIS2_PLACEMENT_3D('',#5473,#4455,#4456);
#3968=AXIS2_PLACEMENT_3D('',#5474,#4457,#4458);
#3969=AXIS2_PLACEMENT_3D('',#5476,#4460,#4461);
#3970=AXIS2_PLACEMENT_3D('',#5478,#4463,#4464);
#3971=AXIS2_PLACEMENT_3D('',#5484,#4468,#4469);
#3972=AXIS2_PLACEMENT_3D('',#5488,#4472,#4473);
#3973=AXIS2_PLACEMENT_3D('',#5492,#4476,#4477);
#3974=AXIS2_PLACEMENT_3D('',#5500,#4482,#4483);
#3975=AXIS2_PLACEMENT_3D('',#5501,#4484,#4485);
#3976=AXIS2_PLACEMENT_3D('',#5503,#4486,#4487);
#3977=AXIS2_PLACEMENT_3D('',#5506,#4489,#4490);
#3978=AXIS2_PLACEMENT_3D('',#5512,#4494,#4495);
#3979=AXIS2_PLACEMENT_3D('',#5513,#4496,#4497);
#3980=AXIS2_PLACEMENT_3D('',#5515,#4498,#4499);
#3981=AXIS2_PLACEMENT_3D('',#5518,#4501,#4502);
#3982=AXIS2_PLACEMENT_3D('',#5534,#4508,#4509);
#3983=AXIS2_PLACEMENT_3D('',#5544,#4515,#4516);
#3984=AXIS2_PLACEMENT_3D('',#5549,#4519,#4520);
#3985=AXIS2_PLACEMENT_3D('',#5553,#4522,#4523);
#3986=AXIS2_PLACEMENT_3D('',#5556,#4525,#4526);
#3987=AXIS2_PLACEMENT_3D('',#5557,#4527,#4528);
#3988=AXIS2_PLACEMENT_3D('',#5558,#4529,#4530);
#3989=AXIS2_PLACEMENT_3D('',#5561,#4532,#4533);
#3990=AXIS2_PLACEMENT_3D('',#5566,#4536,#4537);
#3991=AXIS2_PLACEMENT_3D('',#5572,#4541,#4542);
#3992=AXIS2_PLACEMENT_3D('',#5575,#4545,#4546);
#3993=AXIS2_PLACEMENT_3D('',#5580,#4550,#4551);
#3994=AXIS2_PLACEMENT_3D('',#5581,#4552,#4553);
#3995=AXIS2_PLACEMENT_3D('',#5583,#4554,#4555);
#3996=AXIS2_PLACEMENT_3D('',#5584,#4556,#4557);
#3997=AXIS2_PLACEMENT_3D('',#5585,#4558,#4559);
#3998=AXIS2_PLACEMENT_3D('',#5592,#4563,#4564);
#3999=AXIS2_PLACEMENT_3D('',#5603,#4570,#4571);
#4000=AXIS2_PLACEMENT_3D('',#5607,#4574,#4575);
#4001=AXIS2_PLACEMENT_3D('',#5611,#4578,#4579);
#4002=AXIS2_PLACEMENT_3D('',#5613,#4581,#4582);
#4003=AXIS2_PLACEMENT_3D('',#5618,#4585,#4586);
#4004=AXIS2_PLACEMENT_3D('',#5619,#4587,#4588);
#4005=AXIS2_PLACEMENT_3D('',#5620,#4589,#4590);
#4006=AXIS2_PLACEMENT_3D('',#5622,#4591,#4592);
#4007=AXIS2_PLACEMENT_3D('',#5632,#4598,#4599);
#4008=AXIS2_PLACEMENT_3D('',#5638,#4603,#4604);
#4009=AXIS2_PLACEMENT_3D('',#5642,#4606,#4607);
#4010=AXIS2_PLACEMENT_3D('',#5646,#4609,#4610);
#4011=AXIS2_PLACEMENT_3D('',#5647,#4611,#4612);
#4012=AXIS2_PLACEMENT_3D('',#5664,#4621,#4622);
#4013=AXIS2_PLACEMENT_3D('',#5667,#4624,#4625);
#4014=AXIS2_PLACEMENT_3D('',#5674,#4629,#4630);
#4015=AXIS2_PLACEMENT_3D('',#5678,#4633,#4634);
#4016=AXIS2_PLACEMENT_3D('',#5684,#4638,#4639);
#4017=AXIS2_PLACEMENT_3D('',#5685,#4640,#4641);
#4018=AXIS2_PLACEMENT_3D('',#5696,#4647,#4648);
#4019=AXIS2_PLACEMENT_3D('',#5702,#4652,#4653);
#4020=AXIS2_PLACEMENT_3D('',#5708,#4657,#4658);
#4021=AXIS2_PLACEMENT_3D('',#5709,#4659,#4660);
#4022=AXIS2_PLACEMENT_3D('',#5711,#4661,#4662);
#4023=AXIS2_PLACEMENT_3D('',#5714,#4664,#4665);
#4024=AXIS2_PLACEMENT_3D('',#5715,#4666,#4667);
#4025=AXIS2_PLACEMENT_3D('',#5719,#4669,#4670);
#4026=AXIS2_PLACEMENT_3D('',#5720,#4671,#4672);
#4027=AXIS2_PLACEMENT_3D('',#5721,#4673,#4674);
#4028=AXIS2_PLACEMENT_3D('',#5722,#4675,#4676);
#4029=AXIS2_PLACEMENT_3D('',#5724,#4677,#4678);
#4030=AXIS2_PLACEMENT_3D('',#5725,#4679,#4680);
#4031=AXIS2_PLACEMENT_3D('',#5757,#4687,#4688);
#4032=AXIS2_PLACEMENT_3D('',#5758,#4689,#4690);
#4033=AXIS2_PLACEMENT_3D('',#5759,#4691,#4692);
#4034=AXIS2_PLACEMENT_3D('',#5761,#4693,#4694);
#4035=AXIS2_PLACEMENT_3D('',#5762,#4695,#4696);
#4036=AXIS2_PLACEMENT_3D('',#5772,#4702,#4703);
#4037=AXIS2_PLACEMENT_3D('',#5786,#4705,#4706);
#4038=AXIS2_PLACEMENT_3D('',#5792,#4710,#4711);
#4039=AXIS2_PLACEMENT_3D('',#5793,#4712,#4713);
#4040=AXIS2_PLACEMENT_3D('',#5800,#4717,#4718);
#4041=AXIS2_PLACEMENT_3D('',#5803,#4720,#4721);
#4042=AXIS2_PLACEMENT_3D('',#5804,#4722,#4723);
#4043=AXIS2_PLACEMENT_3D('',#5810,#4724,#4725);
#4044=AXIS2_PLACEMENT_3D('',#5818,#4726,#4727);
#4045=AXIS2_PLACEMENT_3D('',#5822,#4729,#4730);
#4046=AXIS2_PLACEMENT_3D('',#5828,#4731,#4732);
#4047=AXIS2_PLACEMENT_3D('',#5830,#4734,#4735);
#4048=AXIS2_PLACEMENT_3D('',#5831,#4736,#4737);
#4049=AXIS2_PLACEMENT_3D('',#5832,#4738,#4739);
#4050=AXIS2_PLACEMENT_3D('',#5841,#4740,#4741);
#4051=AXIS2_PLACEMENT_3D('',#5842,#4742,#4743);
#4052=AXIS2_PLACEMENT_3D('',#5843,#4744,#4745);
#4053=AXIS2_PLACEMENT_3D('',#5844,#4746,#4747);
#4054=AXIS2_PLACEMENT_3D('',#5846,#4749,#4750);
#4055=AXIS2_PLACEMENT_3D('',#5847,#4751,#4752);
#4056=AXIS2_PLACEMENT_3D('',#5848,#4753,#4754);
#4057=AXIS2_PLACEMENT_3D('',#5849,#4755,#4756);
#4058=AXIS2_PLACEMENT_3D('',#5852,#4758,#4759);
#4059=AXIS2_PLACEMENT_3D('',#5853,#4760,#4761);
#4060=AXIS2_PLACEMENT_3D('',#5855,#4762,#4763);
#4061=AXIS2_PLACEMENT_3D('',#5856,#4764,#4765);
#4062=AXIS2_PLACEMENT_3D('',#5860,#4768,#4769);
#4063=AXIS2_PLACEMENT_3D('',#5861,#4770,#4771);
#4064=AXIS2_PLACEMENT_3D('',#5864,#4773,#4774);
#4065=AXIS2_PLACEMENT_3D('',#5865,#4775,#4776);
#4066=AXIS2_PLACEMENT_3D('',#5866,#4777,#4778);
#4067=AXIS2_PLACEMENT_3D('',#5867,#4779,#4780);
#4068=AXIS2_PLACEMENT_3D('',#5868,#4781,#4782);
#4069=AXIS2_PLACEMENT_3D('',#5871,#4784,#4785);
#4070=AXIS2_PLACEMENT_3D('',#5872,#4786,#4787);
#4071=AXIS2_PLACEMENT_3D('',#5876,#4790,#4791);
#4072=AXIS2_PLACEMENT_3D('',#5878,#4793,#4794);
#4073=AXIS2_PLACEMENT_3D('',#5879,#4795,#4796);
#4074=AXIS2_PLACEMENT_3D('',#5883,#4799,#4800);
#4075=AXIS2_PLACEMENT_3D('',#5884,#4801,#4802);
#4076=AXIS2_PLACEMENT_3D('',#5885,#4803,#4804);
#4077=AXIS2_PLACEMENT_3D('',#5887,#4806,#4807);
#4078=AXIS2_PLACEMENT_3D('',#5888,#4808,#4809);
#4079=AXIS2_PLACEMENT_3D('',#5890,#4810,#4811);
#4080=AXIS2_PLACEMENT_3D('',#5892,#4812,#4813);
#4081=AXIS2_PLACEMENT_3D('',#5893,#4814,#4815);
#4082=AXIS2_PLACEMENT_3D('',#5901,#4821,#4822);
#4083=AXIS2_PLACEMENT_3D('',#5903,#4824,#4825);
#4084=AXIS2_PLACEMENT_3D('',#5906,#4828,#4829);
#4085=AXIS2_PLACEMENT_3D('',#5907,#4830,#4831);
#4086=AXIS2_PLACEMENT_3D('',#5910,#4833,#4834);
#4087=AXIS2_PLACEMENT_3D('',#5913,#4836,#4837);
#4088=AXIS2_PLACEMENT_3D('',#5915,#4839,#4840);
#4089=AXIS2_PLACEMENT_3D('',#5916,#4841,#4842);
#4090=AXIS2_PLACEMENT_3D('',#5918,#4843,#4844);
#4091=AXIS2_PLACEMENT_3D('',#5919,#4845,#4846);
#4092=AXIS2_PLACEMENT_3D('',#5922,#4848,#4849);
#4093=AXIS2_PLACEMENT_3D('',#5923,#4850,#4851);
#4094=AXIS2_PLACEMENT_3D('',#5927,#4854,#4855);
#4095=AXIS2_PLACEMENT_3D('',#5932,#4858,#4859);
#4096=AXIS2_PLACEMENT_3D('',#5933,#4860,#4861);
#4097=AXIS2_PLACEMENT_3D('',#5935,#4863,#4864);
#4098=AXIS2_PLACEMENT_3D('',#5937,#4866,#4867);
#4099=AXIS2_PLACEMENT_3D('',#5938,#4868,#4869);
#4100=AXIS2_PLACEMENT_3D('',#5939,#4870,#4871);
#4101=AXIS2_PLACEMENT_3D('',#5940,#4872,#4873);
#4102=AXIS2_PLACEMENT_3D('',#5942,#4875,#4876);
#4103=AXIS2_PLACEMENT_3D('',#5943,#4877,#4878);
#4104=AXIS2_PLACEMENT_3D('',#5944,#4879,#4880);
#4105=AXIS2_PLACEMENT_3D('',#5945,#4881,#4882);
#4106=AXIS2_PLACEMENT_3D('',#5948,#4884,#4885);
#4107=AXIS2_PLACEMENT_3D('',#5949,#4886,#4887);
#4108=AXIS2_PLACEMENT_3D('',#5950,#4888,#4889);
#4109=AXIS2_PLACEMENT_3D('',#5955,#4892,#4893);
#4110=AXIS2_PLACEMENT_3D('',#5961,#4897,#4898);
#4111=AXIS2_PLACEMENT_3D('',#5962,#4899,#4900);
#4112=AXIS2_PLACEMENT_3D('',#5966,#4902,#4903);
#4113=AXIS2_PLACEMENT_3D('',#5967,#4904,#4905);
#4114=AXIS2_PLACEMENT_3D('',#5968,#4906,#4907);
#4115=AXIS2_PLACEMENT_3D('',#5970,#4908,#4909);
#4116=AXIS2_PLACEMENT_3D('',#5971,#4910,#4911);
#4117=AXIS2_PLACEMENT_3D('',#5972,#4912,#4913);
#4118=AXIS2_PLACEMENT_3D('',#5973,#4914,#4915);
#4119=AXIS2_PLACEMENT_3D('',#5974,#4916,#4917);
#4120=AXIS2_PLACEMENT_3D('',#5975,#4918,#4919);
#4121=AXIS2_PLACEMENT_3D('',#5979,#4922,#4923);
#4122=AXIS2_PLACEMENT_3D('',#5984,#4926,#4927);
#4123=AXIS2_PLACEMENT_3D('',#5985,#4928,#4929);
#4124=AXIS2_PLACEMENT_3D('',#5988,#4931,#4932);
#4125=AXIS2_PLACEMENT_3D('',#5989,#4933,#4934);
#4126=AXIS2_PLACEMENT_3D('',#5990,#4935,#4936);
#4127=AXIS2_PLACEMENT_3D('',#5991,#4937,#4938);
#4128=AXIS2_PLACEMENT_3D('',#5992,#4939,#4940);
#4129=AXIS2_PLACEMENT_3D('',#6003,#4941,#4942);
#4130=AXIS2_PLACEMENT_3D('',#6008,#4943,#4944);
#4131=AXIS2_PLACEMENT_3D('',#6013,#4945,#4946);
#4132=AXIS2_PLACEMENT_3D('',#6014,#4947,#4948);
#4133=AXIS2_PLACEMENT_3D('',#6017,#4951,#4952);
#4134=AXIS2_PLACEMENT_3D('',#6022,#4956,#4957);
#4135=AXIS2_PLACEMENT_3D('',#6024,#4959,#4960);
#4136=AXIS2_PLACEMENT_3D('',#6025,#4961,#4962);
#4137=AXIS2_PLACEMENT_3D('',#6031,#4967,#4968);
#4138=AXIS2_PLACEMENT_3D('',#6037,#4972,#4973);
#4139=AXIS2_PLACEMENT_3D('',#6045,#4978,#4979);
#4140=AXIS2_PLACEMENT_3D('',#6046,#4980,#4981);
#4141=AXIS2_PLACEMENT_3D('',#6051,#4984,#4985);
#4142=AXIS2_PLACEMENT_3D('',#6053,#4987,#4988);
#4143=AXIS2_PLACEMENT_3D('',#6062,#4994,#4995);
#4144=AXIS2_PLACEMENT_3D('',#6064,#4997,#4998);
#4145=AXIS2_PLACEMENT_3D('',#6066,#5000,#5001);
#4146=AXIS2_PLACEMENT_3D('',#6067,#5002,#5003);
#4147=AXIS2_PLACEMENT_3D('',#6073,#5007,#5008);
#4148=AXIS2_PLACEMENT_3D('',#6074,#5009,#5010);
#4149=AXIS2_PLACEMENT_3D('',#6075,#5011,#5012);
#4150=AXIS2_PLACEMENT_3D('',#6081,#5016,#5017);
#4151=AXIS2_PLACEMENT_3D('',#6085,#5020,#5021);
#4152=AXIS2_PLACEMENT_3D('',#6089,#5024,#5025);
#4153=AXIS2_PLACEMENT_3D('',#6091,#5027,#5028);
#4154=AXIS2_PLACEMENT_3D('',#6094,#5031,#5032);
#4155=AXIS2_PLACEMENT_3D('',#6095,#5033,#5034);
#4156=AXIS2_PLACEMENT_3D('',#6096,#5035,#5036);
#4157=AXIS2_PLACEMENT_3D('',#6097,#5037,#5038);
#4158=DIRECTION('',(0.,0.,1.));
#4159=DIRECTION('',(1.,0.,0.));
#4160=DIRECTION('',(-1.,0.,0.));
#4161=DIRECTION('',(0.,-0.707106781186548,-0.707106781186548));
#4162=DIRECTION('',(-1.,0.,0.));
#4163=DIRECTION('',(0.,0.,1.));
#4164=DIRECTION('',(1.,0.,0.));
#4165=DIRECTION('',(1.,0.,0.));
#4166=DIRECTION('',(0.,-1.,0.));
#4167=DIRECTION('',(-1.,0.,0.));
#4168=DIRECTION('',(0.,1.,0.));
#4169=DIRECTION('',(0.934049773615858,0.,0.357142857142858));
#4170=DIRECTION('',(9.11308066046483E-16,-1.,0.));
#4171=DIRECTION('',(1.,9.11308066046483E-16,0.));
#4172=DIRECTION('',(0.,1.,0.));
#4173=DIRECTION('',(0.,1.,0.));
#4174=DIRECTION('',(0.,0.,-1.));
#4175=DIRECTION('',(-1.,0.,0.));
#4176=DIRECTION('',(-1.,-9.11308066046483E-16,0.));
#4177=DIRECTION('',(0.,1.,0.));
#4178=DIRECTION('',(0.,0.,1.));
#4179=DIRECTION('',(1.,0.,0.));
#4180=DIRECTION('',(1.,0.,0.));
#4181=DIRECTION('',(0.,1.,0.));
#4182=DIRECTION('',(1.,0.,0.));
#4183=DIRECTION('',(0.,-0.739349132629545,0.673322255743815));
#4184=DIRECTION('',(0.,-0.673322255743815,-0.739349132629545));
#4185=DIRECTION('',(7.47537871319332E-16,-0.673322255743815,-0.739349132629545));
#4186=DIRECTION('',(1.,0.,0.));
#4187=DIRECTION('',(-2.15506413353321E-16,0.673322255743815,0.739349132629545));
#4188=DIRECTION('',(1.,0.,0.));
#4189=DIRECTION('',(1.0775320667666E-16,-0.673322255743815,-0.739349132629545));
#4190=DIRECTION('',(1.,0.,0.));
#4191=DIRECTION('',(0.,-0.739349132629545,0.673322255743815));
#4192=DIRECTION('',(0.,-0.673322255743815,-0.739349132629545));
#4193=DIRECTION('',(0.,-0.673322255743815,-0.739349132629545));
#4194=DIRECTION('',(-1.,0.,0.));
#4195=DIRECTION('',(0.,-0.739349132629545,0.673322255743815));
#4196=DIRECTION('',(0.,-0.673322255743815,-0.739349132629545));
#4197=DIRECTION('',(1.,-1.30461368341667E-16,-1.43254583822601E-16));
#4198=DIRECTION('',(0.,0.739349132629545,-0.673322255743815));
#4199=DIRECTION('',(3.73768935659666E-17,0.673322255743815,0.739349132629545));
#4200=DIRECTION('',(-1.,0.,0.));
#4201=DIRECTION('',(0.,-1.,0.));
#4202=DIRECTION('',(0.,0.,-1.));
#4203=DIRECTION('',(0.,0.,1.));
#4204=DIRECTION('',(-1.,0.,1.43254583822601E-16));
#4205=DIRECTION('',(0.,0.,1.));
#4206=DIRECTION('',(1.,0.,0.));
#4207=DIRECTION('',(0.,0.,-1.));
#4208=DIRECTION('',(-1.,-2.12857891678045E-15,0.));
#4209=DIRECTION('',(0.,0.,1.));
#4210=DIRECTION('',(0.,-1.,0.));
#4211=DIRECTION('',(0.,0.,-1.));
#4212=DIRECTION('',(0.488455131727925,0.,-0.872589012243826));
#4213=DIRECTION('',(1.,0.,0.));
#4214=DIRECTION('',(0.,0.,1.));
#4215=DIRECTION('',(-1.,0.,1.34473729481422E-16));
#4216=DIRECTION('',(0.,0.,1.));
#4217=DIRECTION('',(1.,0.,0.));
#4218=DIRECTION('',(0.,0.,-1.));
#4219=DIRECTION('',(1.,1.34387178096525E-15,0.));
#4220=DIRECTION('',(0.,0.,1.));
#4221=DIRECTION('',(1.,0.,-1.34473729481422E-16));
#4222=DIRECTION('',(0.,0.,-1.));
#4223=DIRECTION('',(1.,3.51123218698653E-15,0.));
#4224=DIRECTION('',(0.,0.,1.));
#4225=DIRECTION('',(1.,-5.07530525542928E-15,0.));
#4226=DIRECTION('',(0.,0.,-1.));
#4227=DIRECTION('',(9.05441548727144E-17,0.739349132629545,0.673322255743815));
#4228=DIRECTION('',(8.24581945291339E-17,0.673322255743815,-0.739349132629545));
#4229=DIRECTION('',(-1.,1.22464679914735E-16,0.));
#4230=DIRECTION('',(-9.05441548727144E-17,-0.739349132629545,-0.673322255743815));
#4231=DIRECTION('',(9.34422339149164E-17,0.673322255743815,-0.739349132629545));
#4232=DIRECTION('',(5.70413179178434E-16,-0.673322255743815,0.739349132629545));
#4233=DIRECTION('',(-2.15506413353321E-16,0.673322255743815,-0.739349132629545));
#4234=DIRECTION('',(0.,0.,1.));
#4235=DIRECTION('',(0.707106781186546,0.707106781186549,0.));
#4236=DIRECTION('',(0.,0.,1.));
#4237=DIRECTION('',(0.707106781186547,0.707106781186548,0.));
#4238=DIRECTION('',(0.,0.,-1.));
#4239=DIRECTION('',(0.,0.,1.));
#4240=DIRECTION('',(0.707106781186546,0.707106781186549,0.));
#4241=DIRECTION('',(0.,0.,1.));
#4242=DIRECTION('',(0.,0.,-1.));
#4243=DIRECTION('',(-1.,0.,0.));
#4244=DIRECTION('',(1.,0.,0.));
#4245=DIRECTION('',(0.,0.,1.));
#4246=DIRECTION('',(0.,0.,-1.));
#4247=DIRECTION('',(0.707106781186547,0.707106781186548,0.));
#4248=DIRECTION('',(0.,0.,1.));
#4249=DIRECTION('',(1.,0.,0.));
#4250=DIRECTION('',(5.63188825734293E-16,-1.,0.));
#4251=DIRECTION('',(-1.,4.44089209850062E-16,0.));
#4252=DIRECTION('',(0.,0.,-1.));
#4253=DIRECTION('',(0.707106781186549,-0.707106781186546,0.));
#4254=DIRECTION('',(-1.11022302462516E-15,1.,0.));
#4255=DIRECTION('',(1.,-4.44089209850062E-16,0.));
#4256=DIRECTION('',(0.,-1.,0.));
#4257=DIRECTION('',(-1.,-5.70971841235796E-16,0.));
#4258=DIRECTION('',(0.,0.,-1.));
#4259=DIRECTION('',(-1.,0.,0.));
#4260=DIRECTION('',(-1.,0.,0.));
#4261=DIRECTION('',(0.,0.,1.));
#4262=DIRECTION('',(0.,0.,1.));
#4263=DIRECTION('',(0.707106781186549,-0.707106781186546,0.));
#4264=DIRECTION('',(0.,0.,-1.));
#4265=DIRECTION('',(0.707106781186548,-0.707106781186547,0.));
#4266=DIRECTION('',(0.,0.,-1.));
#4267=DIRECTION('',(0.,0.,1.));
#4268=DIRECTION('',(0.707106781186548,-0.707106781186547,0.));
#4269=DIRECTION('',(0.,0.,1.));
#4270=DIRECTION('',(-1.,0.,0.));
#4271=DIRECTION('',(0.,-1.,0.));
#4272=DIRECTION('',(3.20064295387433E-16,-1.,0.));
#4273=DIRECTION('',(3.20064295387432E-16,-1.,0.));
#4274=DIRECTION('',(0.,0.,1.));
#4275=DIRECTION('',(-3.20064295387433E-16,1.,0.));
#4276=DIRECTION('',(0.,0.,1.));
#4277=DIRECTION('',(0.,1.,0.));
#4278=DIRECTION('',(1.,0.,-3.2627210314017E-32));
#4279=DIRECTION('',(0.,0.,1.));
#4280=DIRECTION('',(-0.188395655683846,0.,0.982093211930239));
#4281=DIRECTION('',(1.07321559047099E-15,-1.,0.));
#4282=DIRECTION('',(1.,0.,0.));
#4283=DIRECTION('',(1.,1.07321559047099E-15,-3.2627210314017E-32));
#4284=DIRECTION('',(1.,1.07321559047099E-15,-3.2627210314017E-32));
#4285=DIRECTION('',(0.,0.,1.));
#4286=DIRECTION('',(-1.,-7.07917912816469E-16,0.));
#4287=DIRECTION('',(0.,0.,1.));
#4288=DIRECTION('',(-1.,-6.73800842909479E-16,0.));
#4289=DIRECTION('',(1.,0.,0.));
#4290=DIRECTION('',(0.,1.,0.));
#4291=DIRECTION('',(0.,0.,-1.));
#4292=DIRECTION('',(-1.60032147693716E-16,1.,0.));
#4293=DIRECTION('',(-1.60032147693716E-16,1.,-2.26847935262084E-17));
#4294=DIRECTION('',(0.,0.,-1.));
#4295=DIRECTION('',(0.,0.,1.));
#4296=DIRECTION('',(-1.27442487473972E-16,1.,0.));
#4297=DIRECTION('',(0.,-1.,0.));
#4298=DIRECTION('',(0.,0.,-1.));
#4299=DIRECTION('',(0.,-1.,0.));
#4300=DIRECTION('',(9.11308066046483E-16,-1.,0.));
#4301=DIRECTION('',(-1.,-9.11308066046483E-16,0.));
#4302=DIRECTION('',(0.,-1.,0.));
#4303=DIRECTION('',(-1.,0.,0.));
#4304=DIRECTION('',(0.,0.,-1.));
#4305=DIRECTION('',(0.,0.,1.));
#4306=DIRECTION('',(0.,-1.,0.));
#4307=DIRECTION('',(0.,0.,-1.));
#4308=DIRECTION('',(0.,1.,0.));
#4309=DIRECTION('',(0.,0.,1.));
#4310=DIRECTION('',(0.,-1.,0.));
#4311=DIRECTION('',(0.,0.,1.));
#4312=DIRECTION('',(0.,-1.,0.));
#4313=DIRECTION('',(0.,0.,1.));
#4314=DIRECTION('',(0.,-1.,0.));
#4315=DIRECTION('',(0.,-0.673322255743815,-0.739349132629545));
#4316=DIRECTION('',(0.,0.739349132629547,-0.673322255743813));
#4317=DIRECTION('',(0.,0.,-1.));
#4318=DIRECTION('',(0.,-1.,0.));
#4319=DIRECTION('',(0.,0.,-1.));
#4320=DIRECTION('',(0.,1.,0.));
#4321=DIRECTION('',(0.,0.673322255743813,0.739349132629547));
#4322=DIRECTION('',(0.,-0.739349132629547,0.673322255743813));
#4323=DIRECTION('',(1.,0.,0.));
#4324=DIRECTION('',(0.,-0.673322255743813,-0.739349132629547));
#4325=DIRECTION('',(-1.23126364542294E-16,0.739349132629547,-0.673322255743813));
#4326=DIRECTION('',(-1.,-1.57302319046982E-16,1.43254583822601E-16));
#4327=DIRECTION('',(0.,0.673322255743813,0.739349132629547));
#4328=DIRECTION('',(0.,0.739349132629547,-0.673322255743813));
#4329=DIRECTION('',(0.,1.,0.));
#4330=DIRECTION('',(1.,0.,0.));
#4331=DIRECTION('',(0.,-1.,0.));
#4332=DIRECTION('',(-3.70074341541719E-17,1.,0.));
#4333=DIRECTION('',(1.,3.70074341541719E-17,0.));
#4334=DIRECTION('',(-3.70074341541719E-17,1.,0.));
#4335=DIRECTION('',(1.,3.70074341541719E-17,0.));
#4336=DIRECTION('',(0.,1.,0.));
#4337=DIRECTION('',(0.,1.,0.));
#4338=DIRECTION('',(-3.70074341541719E-17,1.,0.));
#4339=DIRECTION('',(1.,3.70074341541719E-17,0.));
#4340=DIRECTION('',(0.,0.,-1.));
#4341=DIRECTION('',(-1.,0.,0.));
#4342=DIRECTION('',(-1.43254583822601E-16,0.,-1.));
#4343=DIRECTION('',(1.,8.40139546819836E-16,0.));
#4344=DIRECTION('',(1.43254583822601E-16,0.,1.));
#4345=DIRECTION('',(-0.55,0.835164654424503,7.87900211024306E-17));
#4346=DIRECTION('',(0.,0.,1.));
#4347=DIRECTION('',(-0.55,0.835164654424503,0.));
#4348=DIRECTION('',(0.,0.,-1.));
#4349=DIRECTION('',(1.,8.40139546819836E-16,0.));
#4350=DIRECTION('',(0.,0.,1.));
#4351=DIRECTION('',(0.,0.,-1.));
#4352=DIRECTION('',(1.,8.40139546819836E-16,0.));
#4353=DIRECTION('',(0.,0.,-1.));
#4354=DIRECTION('',(9.86864910777915E-16,0.,1.));
#4355=DIRECTION('',(1.,8.40139546819836E-16,0.));
#4356=DIRECTION('',(0.,0.,-1.));
#4357=DIRECTION('',(0.,0.,-1.));
#4358=DIRECTION('',(-1.43254583822601E-16,0.,-1.));
#4359=DIRECTION('',(1.,8.40139546819836E-16,0.));
#4360=DIRECTION('',(0.,0.,1.));
#4361=DIRECTION('',(0.,0.,1.));
#4362=DIRECTION('',(0.,0.,-1.));
#4363=DIRECTION('',(1.,8.40139546819836E-16,0.));
#4364=DIRECTION('',(0.,0.,1.));
#4365=DIRECTION('',(0.,0.,1.));
#4366=DIRECTION('',(0.,0.,-1.));
#4367=DIRECTION('',(1.,8.40139546819836E-16,0.));
#4368=DIRECTION('',(0.,0.,-1.));
#4369=DIRECTION('',(-1.,0.,0.));
#4370=DIRECTION('',(5.63188825734293E-16,-1.,0.));
#4371=DIRECTION('',(-1.,0.,0.));
#4372=DIRECTION('',(0.,1.,0.));
#4373=DIRECTION('',(-1.,0.,0.));
#4374=DIRECTION('',(0.,1.,0.));
#4375=DIRECTION('',(1.,2.47600100651006E-16,0.));
#4376=DIRECTION('',(0.,1.,0.));
#4377=DIRECTION('',(0.,0.,1.));
#4378=DIRECTION('',(-0.707106781186545,0.70710678118655,0.));
#4379=DIRECTION('',(1.,0.,0.));
#4380=DIRECTION('',(0.,1.,0.));
#4381=DIRECTION('',(-1.,-2.77555756156289E-16,0.));
#4382=DIRECTION('',(0.,1.,0.));
#4383=DIRECTION('',(-1.,0.,0.));
#4384=DIRECTION('',(0.,1.,0.));
#4385=DIRECTION('',(-1.,0.,0.));
#4386=DIRECTION('',(1.,-5.07530525542928E-15,0.));
#4387=DIRECTION('',(0.,0.,1.));
#4388=DIRECTION('',(-1.,5.07530525542928E-15,0.));
#4389=DIRECTION('',(0.,0.,1.));
#4390=DIRECTION('',(0.,0.,-1.));
#4391=DIRECTION('',(-1.,5.07530525542928E-15,0.));
#4392=DIRECTION('',(0.,0.,1.));
#4393=DIRECTION('',(0.,0.,-1.));
#4394=DIRECTION('',(-1.,5.07530525542928E-15,0.));
#4395=DIRECTION('',(0.,0.,-1.));
#4396=DIRECTION('',(-1.,5.07530525542928E-15,0.));
#4397=DIRECTION('',(0.,0.,1.));
#4398=DIRECTION('',(-1.,5.07530525542928E-15,0.));
#4399=DIRECTION('',(1.,0.,0.));
#4400=DIRECTION('',(0.,1.,0.));
#4401=DIRECTION('',(-5.07530525542928E-15,-1.,0.));
#4402=DIRECTION('',(5.07530525542928E-15,1.,0.));
#4403=DIRECTION('',(-1.,0.,0.));
#4404=DIRECTION('',(0.,0.,1.));
#4405=DIRECTION('',(0.,0.,-1.));
#4406=DIRECTION('',(-5.63188825734293E-16,1.,0.));
#4407=DIRECTION('',(0.,0.,-1.));
#4408=DIRECTION('',(-1.,-5.63188825734293E-16,0.));
#4409=DIRECTION('',(0.,0.707106781186548,0.707106781186547));
#4410=DIRECTION('',(0.,0.,-1.));
#4411=DIRECTION('',(6.72353716755331E-16,-1.,0.));
#4412=DIRECTION('',(0.,1.,0.));
#4413=DIRECTION('',(1.,0.,-2.12339145627879E-32));
#4414=DIRECTION('',(0.488455131727924,2.78894125923766E-16,-0.872589012243826));
#4415=DIRECTION('',(0.,0.,-1.));
#4416=DIRECTION('',(-1.,-1.30177472455144E-16,0.));
#4417=DIRECTION('',(-1.,0.,0.));
#4418=DIRECTION('',(0.,1.,-2.26847935262084E-17));
#4419=DIRECTION('',(8.88178419700126E-16,-1.,-1.58666513995006E-15));
#4420=DIRECTION('',(2.8715542892561E-15,-1.,0.));
#4421=DIRECTION('',(7.62150578780326E-16,-1.,0.));
#4422=DIRECTION('',(0.872589012243826,0.,0.488455131727925));
#4423=DIRECTION('',(0.488455131727925,0.,-0.872589012243826));
#4424=DIRECTION('',(0.488455131727925,-2.16917653496262E-16,-0.872589012243826));
#4425=DIRECTION('',(-1.22464679914735E-16,-1.,0.));
#4426=DIRECTION('',(-0.872589012243826,0.,-0.488455131727925));
#4427=DIRECTION('',(-0.488455131727925,-4.33835306992525E-16,0.872589012243826));
#4428=DIRECTION('',(-1.22464679914735E-16,-1.,0.));
#4429=DIRECTION('',(-0.872589012243826,0.,-0.488455131727925));
#4430=DIRECTION('',(-0.488455131727925,5.4493223199076E-16,0.872589012243826));
#4431=DIRECTION('',(1.,0.,0.));
#4432=DIRECTION('',(0.,0.,-1.));
#4433=DIRECTION('',(-8.47162223307623E-16,1.,0.));
#4434=DIRECTION('',(-5.70413179178434E-16,0.673322255743815,-0.739349132629545));
#4435=DIRECTION('',(-9.05441548727144E-17,-0.739349132629545,-0.673322255743815));
#4436=DIRECTION('',(-8.24581945291338E-17,-0.673322255743815,0.739349132629545));
#4437=DIRECTION('',(1.,-1.22464679914735E-16,0.));
#4438=DIRECTION('',(2.15506413353321E-16,-0.673322255743815,0.739349132629545));
#4439=DIRECTION('',(-1.,0.,0.));
#4440=DIRECTION('',(0.,-1.,0.));
#4441=DIRECTION('',(3.20064295387433E-16,-1.,0.));
#4442=DIRECTION('',(0.,0.,1.));
#4443=DIRECTION('',(0.766130877682874,-0.642684586917151,0.));
#4444=DIRECTION('',(0.,0.,1.));
#4445=DIRECTION('',(0.766130877682874,-0.642684586917151,0.));
#4446=DIRECTION('',(0.,0.,1.));
#4447=DIRECTION('',(0.,0.,1.));
#4448=DIRECTION('',(3.20064295387432E-16,-1.,0.));
#4449=DIRECTION('',(0.,0.,1.));
#4450=DIRECTION('',(1.,0.,0.));
#4451=DIRECTION('',(0.,-1.,0.));
#4452=DIRECTION('',(1.,0.,0.));
#4453=DIRECTION('',(-1.,4.44089209850062E-16,0.));
#4454=DIRECTION('',(1.,-4.44089209850062E-16,0.));
#4455=DIRECTION('',(1.,0.,0.));
#4456=DIRECTION('',(0.,-0.707106781186548,0.707106781186547));
#4457=DIRECTION('',(-1.,0.,0.));
#4458=DIRECTION('',(0.,0.707106781186548,0.707106781186547));
#4459=DIRECTION('',(1.,-4.44089209850062E-16,0.));
#4460=DIRECTION('',(0.,1.,0.));
#4461=DIRECTION('',(1.,0.,-2.12339145627879E-32));
#4462=DIRECTION('',(-1.,-8.45884209238211E-16,2.74702448687237E-32));
#4463=DIRECTION('',(-1.,0.,0.));
#4464=DIRECTION('',(0.,-1.,0.));
#4465=DIRECTION('',(0.,-1.,0.));
#4466=DIRECTION('',(0.,0.,1.));
#4467=DIRECTION('',(0.,0.,1.));
#4468=DIRECTION('',(0.,-1.,0.));
#4469=DIRECTION('',(1.,0.,0.));
#4470=DIRECTION('',(1.,2.77555756156289E-16,0.));
#4471=DIRECTION('',(0.,0.,1.));
#4472=DIRECTION('',(-1.,0.,0.));
#4473=DIRECTION('',(0.,0.,1.));
#4474=DIRECTION('',(0.,-1.,0.));
#4475=DIRECTION('',(0.,0.,-1.));
#4476=DIRECTION('',(0.,1.,0.));
#4477=DIRECTION('',(1.,0.,0.));
#4478=DIRECTION('',(1.,0.,0.));
#4479=DIRECTION('',(0.,0.,1.));
#4480=DIRECTION('',(-1.,0.,0.));
#4481=DIRECTION('',(-0.707106781186549,0.,0.707106781186546));
#4482=DIRECTION('',(-0.707106781186548,0.,0.707106781186548));
#4483=DIRECTION('',(-0.5,0.707106781186544,-0.5));
#4484=DIRECTION('',(0.,0.,-1.));
#4485=DIRECTION('',(-1.,-1.40186826668194E-16,0.));
#4486=DIRECTION('',(-0.923879532511286,0.,0.382683432365091));
#4487=DIRECTION('',(-0.382683432365091,0.,-0.923879532511286));
#4488=DIRECTION('',(0.707106781186549,0.,-0.707106781186546));
#4489=DIRECTION('',(0.707106781186548,0.,0.707106781186548));
#4490=DIRECTION('',(0.707106781186548,0.,-0.707106781186548));
#4491=DIRECTION('',(-4.44089209850063E-16,1.,0.));
#4492=DIRECTION('',(4.44089209850063E-16,-1.,0.));
#4493=DIRECTION('',(-0.707106781186549,0.,0.707106781186546));
#4494=DIRECTION('',(0.707106781186548,0.,-0.707106781186548));
#4495=DIRECTION('',(-0.5,-0.707106781186548,-0.5));
#4496=DIRECTION('',(0.,0.,-1.));
#4497=DIRECTION('',(-1.,0.,0.));
#4498=DIRECTION('',(0.,0.,1.));
#4499=DIRECTION('',(-1.,0.,0.));
#4500=DIRECTION('',(0.707106781186549,0.,-0.707106781186546));
#4501=DIRECTION('',(0.,-1.,0.));
#4502=DIRECTION('',(-1.,0.,0.));
#4503=DIRECTION('',(-1.,0.,0.));
#4504=DIRECTION('',(1.,0.,0.));
#4505=DIRECTION('',(0.,0.,-1.));
#4506=DIRECTION('',(-1.,0.,0.));
#4507=DIRECTION('',(0.,0.,1.));
#4508=DIRECTION('',(-1.,0.,0.));
#4509=DIRECTION('',(0.,0.,1.));
#4510=DIRECTION('',(0.,1.,0.));
#4511=DIRECTION('',(0.,1.,0.));
#4512=DIRECTION('',(0.,0.,-1.));
#4513=DIRECTION('',(0.,-1.,0.));
#4514=DIRECTION('',(0.,0.,-1.));
#4515=DIRECTION('',(0.,-1.,0.));
#4516=DIRECTION('',(0.,0.,-1.));
#4517=DIRECTION('',(1.,0.,0.));
#4518=DIRECTION('',(1.,0.,0.));
#4519=DIRECTION('',(0.,-1.,0.));
#4520=DIRECTION('',(0.70710678118655,0.,-0.707106781186545));
#4521=DIRECTION('',(-1.,0.,0.));
#4522=DIRECTION('',(8.88178419700126E-16,-1.,0.));
#4523=DIRECTION('',(-0.707106781186548,0.,-0.707106781186548));
#4524=DIRECTION('',(0.,0.,-1.));
#4525=DIRECTION('',(0.,-1.,0.));
#4526=DIRECTION('',(-0.707106781186548,0.,0.707106781186548));
#4527=DIRECTION('',(0.,-1.,0.));
#4528=DIRECTION('',(-0.707106781186548,0.,0.707106781186548));
#4529=DIRECTION('',(0.,-1.,0.));
#4530=DIRECTION('',(-0.707106781186548,0.,0.707106781186548));
#4531=DIRECTION('',(0.,-1.,0.));
#4532=DIRECTION('',(0.,1.,0.));
#4533=DIRECTION('',(1.,0.,-3.2627210314017E-32));
#4534=DIRECTION('',(-1.,-3.70074341541719E-17,0.));
#4535=DIRECTION('',(2.22044604925032E-15,0.,1.));
#4536=DIRECTION('',(0.,1.,0.));
#4537=DIRECTION('',(-1.,0.,0.));
#4538=DIRECTION('',(0.,0.,-1.));
#4539=DIRECTION('',(-1.,0.,9.86864910777915E-16));
#4540=DIRECTION('',(0.,0.,1.));
#4541=DIRECTION('',(-1.,0.,0.));
#4542=DIRECTION('',(0.,0.,1.));
#4543=DIRECTION('',(0.,1.,0.));
#4544=DIRECTION('',(0.,-1.,0.));
#4545=DIRECTION('',(-1.,0.,0.));
#4546=DIRECTION('',(0.,1.,0.));
#4547=DIRECTION('',(0.,-1.,0.));
#4548=DIRECTION('',(0.,-1.,0.));
#4549=DIRECTION('',(0.,0.,1.));
#4550=DIRECTION('',(0.,0.,1.));
#4551=DIRECTION('',(-0.55,0.835164654424503,0.));
#4552=DIRECTION('',(0.,0.,1.));
#4553=DIRECTION('',(-0.55,0.835164654424503,0.));
#4554=DIRECTION('',(1.43254583822601E-16,0.,1.));
#4555=DIRECTION('',(-0.55,0.835164654424503,7.87900211024306E-17));
#4556=DIRECTION('',(0.,-0.739349132629545,0.673322255743815));
#4557=DIRECTION('',(0.,0.673322255743815,0.739349132629545));
#4558=DIRECTION('',(0.,0.739349132629545,-0.673322255743815));
#4559=DIRECTION('',(0.,0.673322255743815,0.739349132629545));
#4560=DIRECTION('',(1.,4.04430241859165E-15,4.4408920985006E-15));
#4561=DIRECTION('',(0.,0.673322255743815,0.739349132629545));
#4562=DIRECTION('',(1.,1.07321559047099E-15,1.17845654019363E-15));
#4563=DIRECTION('',(0.,0.739349132629545,-0.673322255743815));
#4564=DIRECTION('',(0.,-0.673322255743815,-0.739349132629545));
#4565=DIRECTION('',(-1.,0.,0.));
#4566=DIRECTION('',(-1.0775320667666E-16,0.673322255743815,0.739349132629545));
#4567=DIRECTION('',(-1.,0.,0.));
#4568=DIRECTION('',(2.15506413353321E-16,-0.673322255743815,-0.739349132629545));
#4569=DIRECTION('',(-1.,0.,0.));
#4570=DIRECTION('',(-1.,0.,0.));
#4571=DIRECTION('',(0.,-1.,0.));
#4572=DIRECTION('',(3.20064295387433E-16,-1.,0.));
#4573=DIRECTION('',(0.,0.,1.));
#4574=DIRECTION('',(0.,1.,0.));
#4575=DIRECTION('',(1.,0.,-3.2627210314017E-32));
#4576=DIRECTION('',(-1.,0.,0.));
#4577=DIRECTION('',(0.,0.,1.));
#4578=DIRECTION('',(1.,0.,0.));
#4579=DIRECTION('',(0.,1.,0.));
#4580=DIRECTION('',(-1.60032147693716E-16,1.,0.));
#4581=DIRECTION('',(0.,-1.,0.));
#4582=DIRECTION('',(0.,0.,-1.));
#4583=DIRECTION('',(0.,-1.,0.));
#4584=DIRECTION('',(0.,-1.,0.));
#4585=DIRECTION('',(-3.70074341541719E-17,1.,-3.08148791101958E-33));
#4586=DIRECTION('',(-0.631961232988224,-2.3387263717801E-17,-0.775));
#4587=DIRECTION('',(-3.70074341541719E-17,1.,0.));
#4588=DIRECTION('',(0.,0.,1.));
#4589=DIRECTION('',(3.70074341541719E-17,-1.,0.));
#4590=DIRECTION('',(-1.,-3.70074341541719E-17,0.));
#4591=DIRECTION('',(-3.70074341541719E-17,1.,0.));
#4592=DIRECTION('',(1.,3.70074341541719E-17,0.));
#4593=DIRECTION('',(1.77635683940025E-16,6.57384087684177E-33,-1.));
#4594=DIRECTION('',(-1.,-3.70074341541719E-17,0.));
#4595=DIRECTION('',(1.,3.70074341541719E-17,8.40331896416252E-15));
#4596=DIRECTION('',(0.,0.,1.));
#4597=DIRECTION('',(-1.,-3.70074341541719E-17,-4.4408920985006E-15));
#4598=DIRECTION('',(1.,0.,0.));
#4599=DIRECTION('',(0.,-6.57384087684177E-33,1.));
#4600=DIRECTION('',(-1.77635683940025E-16,-1.90641385428411E-31,1.));
#4601=DIRECTION('',(0.,-1.,0.));
#4602=DIRECTION('',(0.,1.,0.));
#4603=DIRECTION('',(0.,1.,0.));
#4604=DIRECTION('',(0.707106781186548,0.,0.707106781186548));
#4605=DIRECTION('',(0.,1.,0.));
#4606=DIRECTION('',(0.,-1.,0.));
#4607=DIRECTION('',(0.707106781186548,0.,0.707106781186548));
#4608=DIRECTION('',(0.,1.,0.));
#4609=DIRECTION('',(0.,1.,0.));
#4610=DIRECTION('',(0.707106781186548,0.,0.707106781186548));
#4611=DIRECTION('',(-1.,0.,0.));
#4612=DIRECTION('',(0.,0.,1.));
#4613=DIRECTION('',(0.,0.,1.));
#4614=DIRECTION('',(0.,-1.,0.));
#4615=DIRECTION('',(-3.62777101004276E-16,0.,-1.));
#4616=DIRECTION('',(0.,-1.,0.));
#4617=DIRECTION('',(0.,0.,-1.));
#4618=DIRECTION('',(0.,1.,0.));
#4619=DIRECTION('',(0.,0.,-1.));
#4620=DIRECTION('',(0.,1.,0.));
#4621=DIRECTION('',(0.,-1.,0.));
#4622=DIRECTION('',(-1.,0.,2.89543715521076E-32));
#4623=DIRECTION('',(-8.45884209238214E-16,-7.70861102820136E-31,1.));
#4624=DIRECTION('',(9.11308066046483E-16,-1.,0.));
#4625=DIRECTION('',(1.,9.11308066046483E-16,0.));
#4626=DIRECTION('',(0.,0.,-1.));
#4627=DIRECTION('',(1.,1.38843023369699E-15,0.));
#4628=DIRECTION('',(-1.,-9.11308066046483E-16,2.89543715521076E-32));
#4629=DIRECTION('',(9.11308066046483E-16,-1.,0.));
#4630=DIRECTION('',(0.,0.,1.));
#4631=DIRECTION('',(1.,9.11308066046483E-16,0.));
#4632=DIRECTION('',(0.,0.,1.));
#4633=DIRECTION('',(0.,1.,0.));
#4634=DIRECTION('',(1.,0.,0.));
#4635=DIRECTION('',(1.,3.20064295387432E-16,0.));
#4636=DIRECTION('',(-1.,-1.43028732001259E-15,0.));
#4637=DIRECTION('',(0.,0.,1.));
#4638=DIRECTION('',(-1.,0.,0.));
#4639=DIRECTION('',(0.,1.,0.));
#4640=DIRECTION('',(-1.,-3.20064295387432E-16,0.));
#4641=DIRECTION('',(0.,0.,-1.));
#4642=DIRECTION('',(3.20064295387432E-16,-1.,3.23478475416482E-31));
#4643=DIRECTION('',(0.,0.,1.));
#4644=DIRECTION('',(-2.35047216925146E-16,-1.,0.));
#4645=DIRECTION('',(-6.37270873851763E-16,1.,0.));
#4646=DIRECTION('',(0.,0.,-1.));
#4647=DIRECTION('',(0.,-1.,0.));
#4648=DIRECTION('',(-1.,0.,0.));
#4649=DIRECTION('',(1.,1.11022302462516E-15,1.01066716931021E-15));
#4650=DIRECTION('',(0.,0.,1.));
#4651=DIRECTION('',(-1.,-1.11022302462516E-15,0.));
#4652=DIRECTION('',(0.660022871862678,0.751245504890474,0.));
#4653=DIRECTION('',(-0.751245504890474,0.660022871862678,1.07619362151685E-16));
#4654=DIRECTION('',(-0.751245504890474,0.660022871862678,0.));
#4655=DIRECTION('',(-0.751245504890472,0.66002287186268,-7.59259167884671E-16));
#4656=DIRECTION('',(0.,0.,1.));
#4657=DIRECTION('',(0.,0.,-1.));
#4658=DIRECTION('',(0.996037248993136,-0.0889370486253391,0.));
#4659=DIRECTION('',(0.,0.,1.));
#4660=DIRECTION('',(0.996037248993136,-0.0889370486253391,0.));
#4661=DIRECTION('',(-1.01066716931021E-15,0.,1.));
#4662=DIRECTION('',(-0.66002287186268,-0.751245504890472,-5.86218071296933E-16));
#4663=DIRECTION('',(-8.88178419700125E-16,0.,1.));
#4664=DIRECTION('',(0.,0.,-1.));
#4665=DIRECTION('',(-0.91036654394393,0.413802798042237,0.));
#4666=DIRECTION('',(1.01066716931021E-15,0.,-1.));
#4667=DIRECTION('',(1.,1.48029736616687E-15,0.));
#4668=DIRECTION('',(0.,0.,1.));
#4669=DIRECTION('',(0.,0.,-1.));
#4670=DIRECTION('',(0.859377914992402,-0.511340981364991,0.));
#4671=DIRECTION('',(0.,0.,-1.));
#4672=DIRECTION('',(1.,1.48029736616687E-15,0.));
#4673=DIRECTION('',(0.,0.,-1.));
#4674=DIRECTION('',(8.88178419700126E-16,-1.,0.));
#4675=DIRECTION('',(0.,0.,1.));
#4676=DIRECTION('',(8.88178419700126E-16,-1.,0.));
#4677=DIRECTION('',(0.,0.,-1.));
#4678=DIRECTION('',(8.88178419700126E-16,-1.,0.));
#4679=DIRECTION('',(1.,0.,0.));
#4680=DIRECTION('',(0.,1.,0.));
#4681=DIRECTION('',(-1.00613961606655E-13,1.,0.));
#4682=DIRECTION('',(5.07530525542928E-15,1.,0.));
#4683=DIRECTION('',(0.,0.,-1.));
#4684=DIRECTION('',(-0.188395655683519,0.,0.982093211930302));
#4685=DIRECTION('',(0.,1.,0.));
#4686=DIRECTION('',(0.,-1.,0.));
#4687=DIRECTION('',(0.,1.,0.));
#4688=DIRECTION('',(-0.28867513459481,0.,0.957427107756339));
#4689=DIRECTION('',(-3.70074341541719E-17,1.,0.));
#4690=DIRECTION('',(1.,3.70074341541719E-17,0.));
#4691=DIRECTION('',(-3.70074341541719E-17,1.,0.));
#4692=DIRECTION('',(1.,3.70074341541719E-17,0.));
#4693=DIRECTION('',(1.07321559047099E-15,-1.,0.));
#4694=DIRECTION('',(1.,0.,0.));
#4695=DIRECTION('',(-8.28153623507479E-33,-2.26847935262084E-17,-1.));
#4696=DIRECTION('',(-1.,0.,8.28153623507479E-33));
#4697=DIRECTION('',(0.,-1.,0.));
#4698=DIRECTION('',(1.,0.,-8.28153623507479E-33));
#4699=DIRECTION('',(0.,1.,0.));
#4700=DIRECTION('',(1.,1.07321559047099E-15,-3.2627210314017E-32));
#4701=DIRECTION('',(0.,1.,0.));
#4702=DIRECTION('',(8.28153623507479E-33,2.26847935262084E-17,1.));
#4703=DIRECTION('',(1.,6.3441315692866E-16,0.));
#4704=DIRECTION('',(9.9348816521267E-16,-1.,0.));
#4705=DIRECTION('',(-1.,0.,0.));
#4706=DIRECTION('',(0.,-1.,0.));
#4707=DIRECTION('',(5.07530525542928E-15,1.,0.));
#4708=DIRECTION('',(0.,0.,1.));
#4709=DIRECTION('',(-5.07530525542928E-15,-1.,0.));
#4710=DIRECTION('',(0.,0.,1.));
#4711=DIRECTION('',(1.,0.,0.));
#4712=DIRECTION('',(0.,0.,-1.));
#4713=DIRECTION('',(-1.,5.07530525542928E-15,0.));
#4714=DIRECTION('',(1.,-5.07530525542928E-15,0.));
#4715=DIRECTION('',(-4.75809867696508E-16,1.,0.));
#4716=DIRECTION('',(-1.,5.07530525542928E-15,0.));
#4717=DIRECTION('',(0.,0.,-1.));
#4718=DIRECTION('',(-1.,5.07530525542928E-15,0.));
#4719=DIRECTION('',(0.,0.,1.));
#4720=DIRECTION('',(0.,0.,-1.));
#4721=DIRECTION('',(-1.,5.07530525542928E-15,0.));
#4722=DIRECTION('',(0.,0.,1.));
#4723=DIRECTION('',(-1.,5.07530525542928E-15,0.));
#4724=DIRECTION('',(0.,0.,1.));
#4725=DIRECTION('',(-1.,5.07530525542928E-15,0.));
#4726=DIRECTION('',(0.,0.,1.));
#4727=DIRECTION('',(-1.,5.07530525542928E-15,0.));
#4728=DIRECTION('',(0.,0.,-1.));
#4729=DIRECTION('',(0.,0.,1.));
#4730=DIRECTION('',(-1.,5.07530525542928E-15,0.));
#4731=DIRECTION('',(0.,-1.,0.));
#4732=DIRECTION('',(-1.,0.,0.));
#4733=DIRECTION('',(-9.9348816521267E-16,1.,0.));
#4734=DIRECTION('',(0.,0.,1.));
#4735=DIRECTION('',(1.,0.,0.));
#4736=DIRECTION('',(0.,0.,-1.));
#4737=DIRECTION('',(1.,-5.07530525542928E-15,0.));
#4738=DIRECTION('',(0.,0.,-1.));
#4739=DIRECTION('',(1.,-5.07530525542928E-15,0.));
#4740=DIRECTION('',(0.,-1.,0.));
#4741=DIRECTION('',(-1.,0.,0.));
#4742=DIRECTION('',(0.,1.,0.));
#4743=DIRECTION('',(-1.,0.,0.));
#4744=DIRECTION('',(0.,1.,0.));
#4745=DIRECTION('',(1.,0.,-3.2627210314017E-32));
#4746=DIRECTION('',(0.,0.,-1.));
#4747=DIRECTION('',(1.,3.70074341541719E-17,0.));
#4748=DIRECTION('',(0.,-1.,0.));
#4749=DIRECTION('',(0.,-1.,0.));
#4750=DIRECTION('',(-1.,0.,0.));
#4751=DIRECTION('',(0.,0.,-1.));
#4752=DIRECTION('',(-1.,0.,0.));
#4753=DIRECTION('',(0.,1.,0.));
#4754=DIRECTION('',(1.,0.,-3.2627210314017E-32));
#4755=DIRECTION('',(0.,1.,0.));
#4756=DIRECTION('',(-1.,0.,0.));
#4757=DIRECTION('',(1.,0.,0.));
#4758=DIRECTION('',(-3.70074341541719E-17,1.,0.));
#4759=DIRECTION('',(0.,0.,1.));
#4760=DIRECTION('',(3.70074341541719E-17,-1.,0.));
#4761=DIRECTION('',(-1.,-3.70074341541719E-17,0.));
#4762=DIRECTION('',(0.,0.,-1.));
#4763=DIRECTION('',(1.,0.,0.));
#4764=DIRECTION('',(0.,0.,1.));
#4765=DIRECTION('',(-1.,0.,0.));
#4766=DIRECTION('',(0.,-1.,0.));
#4767=DIRECTION('',(-1.,0.,0.));
#4768=DIRECTION('',(0.,1.,0.));
#4769=DIRECTION('',(0.,0.,1.));
#4770=DIRECTION('',(0.,-1.,0.));
#4771=DIRECTION('',(-1.,0.,0.));
#4772=DIRECTION('',(-2.22044604925032E-15,0.,-1.));
#4773=DIRECTION('',(0.,1.,0.));
#4774=DIRECTION('',(1.,0.,0.));
#4775=DIRECTION('',(0.,-1.,0.));
#4776=DIRECTION('',(-1.,0.,-1.01064309961486E-15));
#4777=DIRECTION('',(-3.70074341541719E-17,1.,0.));
#4778=DIRECTION('',(0.,0.,1.));
#4779=DIRECTION('',(3.70074341541719E-17,-1.,0.));
#4780=DIRECTION('',(1.,3.70074341541719E-17,0.));
#4781=DIRECTION('',(0.,-1.,0.));
#4782=DIRECTION('',(1.,0.,0.));
#4783=DIRECTION('',(0.,1.,0.));
#4784=DIRECTION('',(0.,-1.,0.));
#4785=DIRECTION('',(1.,0.,0.));
#4786=DIRECTION('',(0.,1.,0.));
#4787=DIRECTION('',(1.,0.,-3.2627210314017E-32));
#4788=DIRECTION('',(0.,0.,1.));
#4789=DIRECTION('',(-1.,0.,1.43254583822601E-16));
#4790=DIRECTION('',(0.,0.,-1.));
#4791=DIRECTION('',(-1.,0.,0.));
#4792=DIRECTION('',(0.,-1.,0.));
#4793=DIRECTION('',(-1.,0.,0.));
#4794=DIRECTION('',(0.,1.,0.));
#4795=DIRECTION('',(-1.,0.,0.));
#4796=DIRECTION('',(0.,0.,1.));
#4797=DIRECTION('',(0.,1.,0.));
#4798=DIRECTION('',(0.,0.,-1.));
#4799=DIRECTION('',(0.,0.,-1.));
#4800=DIRECTION('',(-0.707106781186545,0.70710678118655,0.));
#4801=DIRECTION('',(0.,0.,1.));
#4802=DIRECTION('',(-1.,0.,0.));
#4803=DIRECTION('',(-1.,0.,0.));
#4804=DIRECTION('',(0.,0.,-1.));
#4805=DIRECTION('',(0.,-1.,0.));
#4806=DIRECTION('',(1.,0.,0.));
#4807=DIRECTION('',(0.,0.,1.));
#4808=DIRECTION('',(1.,-2.71346396203373E-16,0.));
#4809=DIRECTION('',(0.,0.,1.));
#4810=DIRECTION('',(1.,-2.71346396203373E-16,0.));
#4811=DIRECTION('',(0.,0.,1.));
#4812=DIRECTION('',(-8.28153623507479E-33,-2.26847935262084E-17,-1.));
#4813=DIRECTION('',(-1.,0.,8.28153623507479E-33));
#4814=DIRECTION('',(1.,0.,0.));
#4815=DIRECTION('',(0.,-1.,2.26847935262084E-17));
#4816=DIRECTION('',(-9.9348816521267E-16,1.,0.));
#4817=DIRECTION('',(0.,0.,1.));
#4818=DIRECTION('',(0.,0.,1.));
#4819=DIRECTION('',(0.,0.,1.));
#4820=DIRECTION('',(-1.0183558921553E-15,1.,0.));
#4821=DIRECTION('',(0.,-1.,0.));
#4822=DIRECTION('',(1.,0.,0.));
#4823=DIRECTION('',(-1.,5.07530525542928E-15,0.));
#4824=DIRECTION('',(0.,-1.,0.));
#4825=DIRECTION('',(-1.,0.,0.));
#4826=DIRECTION('',(1.,3.20064295387432E-16,1.01066716931021E-15));
#4827=DIRECTION('',(-1.,-2.81869148078581E-15,0.));
#4828=DIRECTION('',(1.,0.,0.));
#4829=DIRECTION('',(0.,0.707106781186548,-0.707106781186548));
#4830=DIRECTION('',(1.,0.,6.3441315692866E-15));
#4831=DIRECTION('',(0.,1.,0.));
#4832=DIRECTION('',(1.,0.,0.));
#4833=DIRECTION('',(0.,0.,-1.));
#4834=DIRECTION('',(-1.,0.,0.));
#4835=DIRECTION('',(0.,-1.,0.));
#4836=DIRECTION('',(0.,0.,1.));
#4837=DIRECTION('',(-0.707106781186548,0.707106781186548,0.));
#4838=DIRECTION('',(0.,1.,0.));
#4839=DIRECTION('',(0.,0.,1.));
#4840=DIRECTION('',(1.,0.,0.));
#4841=DIRECTION('',(0.,-1.,0.));
#4842=DIRECTION('',(0.,0.,-1.));
#4843=DIRECTION('',(0.,0.,-1.));
#4844=DIRECTION('',(-0.707106781186548,0.707106781186548,0.));
#4845=DIRECTION('',(0.,0.,1.));
#4846=DIRECTION('',(-0.707106781186543,0.707106781186552,0.));
#4847=DIRECTION('',(0.,0.,1.));
#4848=DIRECTION('',(0.,0.,-1.));
#4849=DIRECTION('',(-0.707106781186543,0.707106781186552,0.));
#4850=DIRECTION('',(0.,0.,-1.));
#4851=DIRECTION('',(-1.,0.,0.));
#4852=DIRECTION('',(0.,-1.,0.));
#4853=DIRECTION('',(1.,3.53568180045081E-16,0.));
#4854=DIRECTION('',(0.,1.,0.));
#4855=DIRECTION('',(1.,0.,0.));
#4856=DIRECTION('',(1.,3.53568180045081E-16,0.));
#4857=DIRECTION('',(0.,0.,-1.));
#4858=DIRECTION('',(3.53568180045081E-16,-1.,0.));
#4859=DIRECTION('',(0.70710678118655,0.,-0.707106781186545));
#4860=DIRECTION('',(0.,0.,1.));
#4861=DIRECTION('',(1.,0.,0.));
#4862=DIRECTION('',(0.,-1.,0.));
#4863=DIRECTION('',(0.,-1.,0.));
#4864=DIRECTION('',(0.70710678118655,0.,-0.707106781186545));
#4865=DIRECTION('',(0.,1.,0.));
#4866=DIRECTION('',(0.,1.,0.));
#4867=DIRECTION('',(-0.707106781186548,0.,-0.707106781186548));
#4868=DIRECTION('',(3.17206578464329E-15,-1.,0.));
#4869=DIRECTION('',(0.,0.,-1.));
#4870=DIRECTION('',(0.,-1.,0.));
#4871=DIRECTION('',(-1.,0.,0.));
#4872=DIRECTION('',(-1.,0.,0.));
#4873=DIRECTION('',(0.,0.,-1.));
#4874=DIRECTION('',(0.,-1.,0.));
#4875=DIRECTION('',(0.,0.,1.));
#4876=DIRECTION('',(-1.,-3.70074341541719E-17,0.));
#4877=DIRECTION('',(0.,-1.,0.));
#4878=DIRECTION('',(0.,0.,1.));
#4879=DIRECTION('',(0.,1.,0.));
#4880=DIRECTION('',(0.,0.,1.));
#4881=DIRECTION('',(0.,1.,0.));
#4882=DIRECTION('',(1.,9.9348816521267E-16,0.));
#4883=DIRECTION('',(0.,-1.,0.));
#4884=DIRECTION('',(0.,1.,0.));
#4885=DIRECTION('',(0.,0.,1.));
#4886=DIRECTION('',(-1.,0.,0.));
#4887=DIRECTION('',(0.,0.,-1.));
#4888=DIRECTION('',(-1.,-9.9348816521267E-16,-8.45884209238214E-16));
#4889=DIRECTION('',(0.,0.707106781186545,-0.70710678118655));
#4890=DIRECTION('',(0.,-1.,0.));
#4891=DIRECTION('',(7.16272919113004E-16,0.,-1.));
#4892=DIRECTION('',(0.,0.,-1.));
#4893=DIRECTION('',(1.,0.,0.));
#4894=DIRECTION('',(0.,1.,0.));
#4895=DIRECTION('',(1.,0.,0.));
#4896=DIRECTION('',(-1.,0.,0.));
#4897=DIRECTION('',(0.,0.,1.));
#4898=DIRECTION('',(-0.70710678118655,-0.707106781186545,0.));
#4899=DIRECTION('',(0.,0.,1.));
#4900=DIRECTION('',(-0.70710678118655,-0.707106781186545,0.));
#4901=DIRECTION('',(0.,0.,1.));
#4902=DIRECTION('',(0.,0.,-1.));
#4903=DIRECTION('',(-0.70710678118655,-0.707106781186545,0.));
#4904=DIRECTION('',(-1.,0.,0.));
#4905=DIRECTION('',(0.,0.,-1.));
#4906=DIRECTION('',(-1.,-3.20064295387432E-16,0.));
#4907=DIRECTION('',(0.,0.,-1.));
#4908=DIRECTION('',(0.,0.,-1.));
#4909=DIRECTION('',(-1.,0.,0.));
#4910=DIRECTION('',(0.,1.,0.));
#4911=DIRECTION('',(0.,0.,1.));
#4912=DIRECTION('',(0.,1.,0.));
#4913=DIRECTION('',(0.,0.,1.));
#4914=DIRECTION('',(0.,1.,0.));
#4915=DIRECTION('',(1.,0.,-3.2627210314017E-32));
#4916=DIRECTION('',(0.,1.,0.));
#4917=DIRECTION('',(0.,0.,1.));
#4918=DIRECTION('',(-8.28153623507479E-33,-2.26847935262084E-17,-1.));
#4919=DIRECTION('',(-1.,0.,8.28153623507479E-33));
#4920=DIRECTION('',(-1.,-3.70074341541719E-17,0.));
#4921=DIRECTION('',(0.,1.,0.));
#4922=DIRECTION('',(0.,0.,1.));
#4923=DIRECTION('',(1.,0.,0.));
#4924=DIRECTION('',(1.,3.70074341541719E-17,0.));
#4925=DIRECTION('',(0.,-1.,0.));
#4926=DIRECTION('',(0.,0.,-1.));
#4927=DIRECTION('',(1.,-5.07530525542928E-15,0.));
#4928=DIRECTION('',(-3.70074341541719E-17,1.,0.));
#4929=DIRECTION('',(0.,0.,1.));
#4930=DIRECTION('',(0.,0.,1.));
#4931=DIRECTION('',(3.70074341541719E-17,-1.,0.));
#4932=DIRECTION('',(1.,3.70074341541719E-17,0.));
#4933=DIRECTION('',(-0.40824829046386,-0.816496580927725,-0.408248290463868));
#4934=DIRECTION('',(-0.577350269189622,0.577350269189628,-0.577350269189628));
#4935=DIRECTION('',(-1.,0.,0.));
#4936=DIRECTION('',(0.,0.,1.));
#4937=DIRECTION('',(1.,0.,0.));
#4938=DIRECTION('',(0.,-1.,0.));
#4939=DIRECTION('',(0.,0.,-1.));
#4940=DIRECTION('',(1.,-5.07530525542928E-15,0.));
#4941=DIRECTION('',(-1.,0.,0.));
#4942=DIRECTION('',(0.,0.707106781186545,-0.70710678118655));
#4943=DIRECTION('',(0.,0.,1.));
#4944=DIRECTION('',(1.,0.,0.));
#4945=DIRECTION('',(1.,0.,0.));
#4946=DIRECTION('',(0.,0.,-1.));
#4947=DIRECTION('',(1.,0.,0.));
#4948=DIRECTION('',(0.,0.,-1.));
#4949=DIRECTION('',(-8.50057618498702E-16,1.,0.));
#4950=DIRECTION('',(-5.63188825734293E-16,1.,0.));
#4951=DIRECTION('',(0.,-1.,0.));
#4952=DIRECTION('',(1.,0.,0.));
#4953=DIRECTION('',(-1.,0.,0.));
#4954=DIRECTION('',(1.,0.,0.));
#4955=DIRECTION('',(0.,0.,-1.));
#4956=DIRECTION('',(-1.,0.,0.));
#4957=DIRECTION('',(0.,1.,0.));
#4958=DIRECTION('',(-2.71346396203373E-16,-1.,0.));
#4959=DIRECTION('',(0.,0.,1.));
#4960=DIRECTION('',(1.,0.,0.));
#4961=DIRECTION('',(0.,0.,1.));
#4962=DIRECTION('',(1.,0.,0.));
#4963=DIRECTION('',(1.,0.,0.));
#4964=DIRECTION('',(0.,-1.,0.));
#4965=DIRECTION('',(-1.,-1.07321559047099E-15,0.));
#4966=DIRECTION('',(1.,0.,0.));
#4967=DIRECTION('',(0.,-1.,0.));
#4968=DIRECTION('',(-1.,0.,0.));
#4969=DIRECTION('',(-1.,-7.40148683083437E-16,0.));
#4970=DIRECTION('',(-1.,-7.40148683083437E-16,0.));
#4971=DIRECTION('',(0.,0.,-1.));
#4972=DIRECTION('',(1.,0.,0.));
#4973=DIRECTION('',(0.,-1.,0.));
#4974=DIRECTION('',(0.,-0.707106781186548,0.707106781186547));
#4975=DIRECTION('',(0.,0.,1.));
#4976=DIRECTION('',(0.,-1.,0.));
#4977=DIRECTION('',(0.,-1.,0.));
#4978=DIRECTION('',(0.,1.,0.));
#4979=DIRECTION('',(1.,0.,-3.2627210314017E-32));
#4980=DIRECTION('',(-1.07321559047099E-15,1.,0.));
#4981=DIRECTION('',(1.26882631385732E-14,0.,1.));
#4982=DIRECTION('',(2.69144975666705E-15,2.88850583982441E-30,-1.));
#4983=DIRECTION('',(-1.,-1.07321559047099E-15,-1.48029736616687E-15));
#4984=DIRECTION('',(0.,0.,1.));
#4985=DIRECTION('',(1.,0.,0.));
#4986=DIRECTION('',(1.,0.,0.));
#4987=DIRECTION('',(0.,0.,-1.));
#4988=DIRECTION('',(-1.,0.,0.));
#4989=DIRECTION('',(0.,1.,0.));
#4990=DIRECTION('',(-1.,0.,0.));
#4991=DIRECTION('',(0.,1.,0.));
#4992=DIRECTION('',(1.,0.,1.48029736616687E-15));
#4993=DIRECTION('',(1.,0.,0.));
#4994=DIRECTION('',(0.,0.,1.));
#4995=DIRECTION('',(1.,0.,0.));
#4996=DIRECTION('',(1.,3.20064295387432E-16,0.));
#4997=DIRECTION('',(0.,0.,1.));
#4998=DIRECTION('',(1.,0.,0.));
#4999=DIRECTION('',(-1.,-3.20064295387432E-16,0.));
#5000=DIRECTION('',(0.,-1.,0.));
#5001=DIRECTION('',(-1.,0.,2.89543715521076E-32));
#5002=DIRECTION('',(-1.,0.,0.));
#5003=DIRECTION('',(0.,0.,1.));
#5004=DIRECTION('',(-2.69144975666705E-15,0.,1.));
#5005=DIRECTION('',(-1.90314237416215E-15,-0.707106781186548,0.707106781186547));
#5006=DIRECTION('',(0.,1.,0.));
#5007=DIRECTION('',(0.,1.,0.));
#5008=DIRECTION('',(1.26882631385732E-14,0.,1.));
#5009=DIRECTION('',(0.,-1.,0.));
#5010=DIRECTION('',(1.26882631385732E-14,0.,1.));
#5011=DIRECTION('',(0.,1.,0.));
#5012=DIRECTION('',(1.,0.,0.));
#5013=DIRECTION('',(-1.48029736616685E-15,0.,1.));
#5014=DIRECTION('',(0.707106781186546,0.,0.707106781186549));
#5015=DIRECTION('',(-1.,0.,0.));
#5016=DIRECTION('',(0.,0.,1.));
#5017=DIRECTION('',(1.,0.,0.));
#5018=DIRECTION('',(1.,0.,0.));
#5019=DIRECTION('',(0.,1.,0.));
#5020=DIRECTION('',(1.,0.,0.));
#5021=DIRECTION('',(0.,-1.,0.));
#5022=DIRECTION('',(-1.48029736616685E-15,0.,1.));
#5023=DIRECTION('',(0.,-1.,0.));
#5024=DIRECTION('',(-0.707106781186548,0.,0.707106781186548));
#5025=DIRECTION('',(0.707106781186548,0.,0.707106781186548));
#5026=DIRECTION('',(0.707106781186546,0.,0.707106781186549));
#5027=DIRECTION('',(0.,-1.,0.));
#5028=DIRECTION('',(-1.,0.,0.));
#5029=DIRECTION('',(0.,0.,1.));
#5030=DIRECTION('',(-1.,0.,-1.48029736616687E-15));
#5031=DIRECTION('',(0.,0.707106781186548,0.707106781186548));
#5032=DIRECTION('',(1.,-7.40148683083435E-16,7.40148683083435E-16));
#5033=DIRECTION('',(0.,-1.,0.));
#5034=DIRECTION('',(0.,0.,-1.));
#5035=DIRECTION('',(0.,-1.,0.));
#5036=DIRECTION('',(1.,0.,0.));
#5037=DIRECTION('',(-1.,0.,0.));
#5038=DIRECTION('',(0.,0.,1.));
#5039=CARTESIAN_POINT('',(0.,0.,0.));
#5040=CARTESIAN_POINT('',(0.0335,0.0121,0.0114));
#5041=CARTESIAN_POINT('',(0.0284979064017534,0.0121,0.0114));
#5042=CARTESIAN_POINT('',(0.0284979064017534,0.0115,0.0114));
#5043=CARTESIAN_POINT('',(0.0284979064017534,0.0116527864045,0.011));
#5044=CARTESIAN_POINT('',(0.0335,0.0115,0.0114));
#5045=CARTESIAN_POINT('',(0.02965,0.0115,0.0114));
#5046=CARTESIAN_POINT('',(0.02965,0.0121,0.0114));
#5047=CARTESIAN_POINT('',(0.02965,0.0116527864045,0.011));
#5048=CARTESIAN_POINT('',(0.0335,0.0116527864045,0.011));
#5049=CARTESIAN_POINT('',(0.02845,-0.018,0.0117));
#5050=CARTESIAN_POINT('',(0.02845,0.0185,0.0117));
#5051=CARTESIAN_POINT('',(0.02845,0.0185,0.011));
#5052=CARTESIAN_POINT('',(0.028,0.0185,0.0111638097352618));
#5053=CARTESIAN_POINT('',(0.02845,-0.018,0.011));
#5054=CARTESIAN_POINT('',(0.02845,0.0248472135955,0.011));
#5055=CARTESIAN_POINT('',(0.028,0.0249515561248349,0.0111638097352618));
#5056=CARTESIAN_POINT('',(0.0281243782725565,0.0249068558296221,0.0110594247317822));
#5057=CARTESIAN_POINT('',(0.0282810917771577,0.0248472135955,0.011));
#5058=CARTESIAN_POINT('',(0.02845,0.0248472135955,0.011));
#5059=CARTESIAN_POINT('',(0.028,0.0249515561248349,0.0111638097352618));
#5060=CARTESIAN_POINT('',(0.028,-0.018,0.0111638097352618));
#5061=CARTESIAN_POINT('',(-0.0315,0.00325,0.011));
#5062=CARTESIAN_POINT('',(-0.0315,0.0185,0.011));
#5063=CARTESIAN_POINT('',(0.0284979064017534,0.0185,0.011));
#5064=CARTESIAN_POINT('',(0.0284979064017534,0.00325,0.011));
#5065=CARTESIAN_POINT('',(0.02965,0.0109,0.011));
#5066=CARTESIAN_POINT('',(0.0301046288275067,0.0115,0.011));
#5067=CARTESIAN_POINT('',(0.027975,0.0115,0.011));
#5068=CARTESIAN_POINT('',(0.03455,0.0115,0.011));
#5069=CARTESIAN_POINT('',(0.03455,-0.018,0.011));
#5070=CARTESIAN_POINT('',(0.03455,0.0248472135955,0.011));
#5071=CARTESIAN_POINT('',(0.03075,0.0248472135955,0.011));
#5072=CARTESIAN_POINT('',(0.,0.0289585190375902,0.0145015433563454));
#5073=CARTESIAN_POINT('',(-0.012,0.0273091533939912,0.0126904387217054));
#5074=CARTESIAN_POINT('',(-0.012,0.0281089817645253,0.0135686993271767));
#5075=CARTESIAN_POINT('',(-0.012,0.025086655750342,0.01025));
#5076=CARTESIAN_POINT('',(0.,0.025086655750342,0.01025));
#5077=CARTESIAN_POINT('',(0.012,0.025086655750342,0.01025));
#5078=CARTESIAN_POINT('',(0.012,0.025018319062615,0.0101749621256883));
#5079=CARTESIAN_POINT('',(0.012,0.0275,0.0129));
#5080=CARTESIAN_POINT('',(0.008,0.0275,0.0129));
#5081=CARTESIAN_POINT('',(0.015,0.0275,0.0129));
#5082=CARTESIAN_POINT('',(0.015,0.0124374996953967,-0.00363954913927263));
#5083=CARTESIAN_POINT('',(0.015,0.025086655750342,0.01025));
#5084=CARTESIAN_POINT('',(0.,0.025086655750342,0.01025));
#5085=CARTESIAN_POINT('',(0.0217360775340236,0.025086655750342,0.01025));
#5086=CARTESIAN_POINT('',(0.023,0.0264982344624061,0.0118));
#5087=CARTESIAN_POINT('',(0.021,0.0264982344624061,0.0118));
#5088=CARTESIAN_POINT('',(0.021,0.0301429158159695,0.0158020836597646));
#5089=CARTESIAN_POINT('',(0.021,0.0289585190375902,0.0145015433563454));
#5090=CARTESIAN_POINT('',(0.,0.0289585190375902,0.0145015433563454));
#5091=CARTESIAN_POINT('',(-0.0210056434675488,0.0289585190375902,0.0145015433563454));
#5092=CARTESIAN_POINT('',(-0.024,0.0307785053957618,0.0165));
#5093=CARTESIAN_POINT('',(-0.0212728219713411,0.0286383699290839,0.01415));
#5094=CARTESIAN_POINT('',(-0.0104375,0.0286383699290839,0.01415));
#5095=CARTESIAN_POINT('',(-0.0185703842403065,0.0286383699290839,0.01415));
#5096=CARTESIAN_POINT('',(-0.022,0.025,0.0101548466714026));
#5097=CARTESIAN_POINT('',(-0.0180841051612882,0.0281089817645253,0.0135686993271767));
#5098=CARTESIAN_POINT('',(-0.012625,0.0281089817645253,0.0135686993271767));
#5099=CARTESIAN_POINT('',(-0.02525,0.0281089817645253,0.015));
#5100=CARTESIAN_POINT('',(-0.0180841051612882,0.0281089817645253,0.00215));
#5101=CARTESIAN_POINT('',(-0.0180841051612882,0.0281089817645253,0.01415));
#5102=CARTESIAN_POINT('',(-0.0230625,0.0281089817645253,0.01415));
#5103=CARTESIAN_POINT('',(-0.0203924452146663,0.0281089817645253,0.01415));
#5104=CARTESIAN_POINT('',(-0.0203924452146663,0.0281089817645253,0.02014));
#5105=CARTESIAN_POINT('',(-0.0203924452146663,0.0281089817645253,0.015));
#5106=CARTESIAN_POINT('',(-0.02525,0.0281089817645253,0.015));
#5107=CARTESIAN_POINT('',(-0.017,0.0281089817645253,0.015));
#5108=CARTESIAN_POINT('',(-0.017,0.0281089817645253,0.02014));
#5109=CARTESIAN_POINT('',(-0.017,0.0281089817645253,0.02014));
#5110=CARTESIAN_POINT('',(-0.012,0.0281089817645253,0.02014));
#5111=CARTESIAN_POINT('',(-0.012,0.0281089817645253,0.02014));
#5112=CARTESIAN_POINT('',(-0.012,0.0281089817645253,0.0143489261332602));
#5113=CARTESIAN_POINT('',(0.0388934339872219,-0.028,0.012155410228861));
#5114=CARTESIAN_POINT('',(-0.0171418285562006,-0.028,0.00157123557293829));
#5115=CARTESIAN_POINT('',(-0.026,-0.028,0.0173957045330409));
#5116=CARTESIAN_POINT('',(-0.022,-0.028,0.01025));
#5117=CARTESIAN_POINT('',(0.0194467169936109,-0.028,0.01025));
#5118=CARTESIAN_POINT('',(-0.012,-0.028,0.01025));
#5119=CARTESIAN_POINT('',(-0.012,-0.028,0.00967551274026341));
#5120=CARTESIAN_POINT('',(-0.012,-0.028,0.0114623429514509));
#5121=CARTESIAN_POINT('',(0.0123382548073871,-0.028,0.0114623429514509));
#5122=CARTESIAN_POINT('',(0.012,-0.028,0.0114623429514509));
#5123=CARTESIAN_POINT('',(0.012,-0.028,0.));
#5124=CARTESIAN_POINT('',(0.012,-0.028,0.01025));
#5125=CARTESIAN_POINT('',(0.0194467169936109,-0.028,0.01025));
#5126=CARTESIAN_POINT('',(0.0163376241735469,-0.028,0.01025));
#5127=CARTESIAN_POINT('',(0.0163376241735469,-0.028,0.02014));
#5128=CARTESIAN_POINT('',(0.0163376241735469,-0.028,0.0215));
#5129=CARTESIAN_POINT('',(0.012,-0.028,0.0215));
#5130=CARTESIAN_POINT('',(0.012,-0.028,0.0215));
#5131=CARTESIAN_POINT('',(0.012,-0.028,0.02014));
#5132=CARTESIAN_POINT('',(0.012,-0.028,0.0134490306657195));
#5133=CARTESIAN_POINT('',(0.0123382548073871,-0.028,0.0134490306657195));
#5134=CARTESIAN_POINT('',(-0.012,-0.028,0.0134490306657196));
#5135=CARTESIAN_POINT('',(-0.012,-0.028,0.01944));
#5136=CARTESIAN_POINT('',(-0.012,-0.028,0.02014));
#5137=CARTESIAN_POINT('',(-0.026,-0.028,0.02014));
#5138=CARTESIAN_POINT('',(-0.02005,-0.028,0.02014));
#5139=CARTESIAN_POINT('',(-0.02005,-0.028,0.02014));
#5140=CARTESIAN_POINT('',(-0.02005,-0.028,0.02114));
#5141=CARTESIAN_POINT('',(-0.026,-0.028,0.02114));
#5142=CARTESIAN_POINT('',(-0.026,-0.028,0.02114));
#5143=CARTESIAN_POINT('',(-0.026,-0.028,0.0118088765901559));
#5144=CARTESIAN_POINT('',(-3.54639576474326E-18,-0.0289585190375902,0.0145015433563454));
#5145=CARTESIAN_POINT('',(-3.07222926659679E-18,-0.025086655750342,0.01025));
#5146=CARTESIAN_POINT('',(0.012,-0.025086655750342,0.01025));
#5147=CARTESIAN_POINT('',(-0.0120431794841441,-0.025086655750342,0.01025));
#5148=CARTESIAN_POINT('',(-0.014,-0.0255,0.0107038773371221));
#5149=CARTESIAN_POINT('',(-0.012,-0.0255,0.0107038773371222));
#5150=CARTESIAN_POINT('',(-0.012,-0.0275399927460069,0.0129439144879283));
#5151=CARTESIAN_POINT('',(0.012,-0.0125508404104167,-0.00351509408283153));
#5152=CARTESIAN_POINT('',(-0.014,-0.0255,0.0109239261332602));
#5153=CARTESIAN_POINT('',(-0.014,-0.0255,0.01515));
#5154=CARTESIAN_POINT('',(-0.012,-0.0255,0.01515));
#5155=CARTESIAN_POINT('',(-0.014,-0.0235,0.01515));
#5156=CARTESIAN_POINT('',(-0.012,-0.0255,0.0109239261332602));
#5157=CARTESIAN_POINT('',(-0.014,-0.0255,0.01025));
#5158=CARTESIAN_POINT('',(-0.014,-0.0235,0.01025));
#5159=CARTESIAN_POINT('',(-0.014,-0.0235,0.0109239261332602));
#5160=CARTESIAN_POINT('',(-0.014,-0.0255,0.01515));
#5161=CARTESIAN_POINT('',(-0.012,-0.0220358983848623,0.01715));
#5162=CARTESIAN_POINT('',(-0.012,-0.0227292057180418,0.01715));
#5163=CARTESIAN_POINT('',(-0.012,-0.0240356687884103,0.0166156937413235));
#5164=CARTESIAN_POINT('',(-0.012,-0.0250174033467633,0.0156325954472532));
#5165=CARTESIAN_POINT('',(-0.012,-0.0255,0.01515));
#5166=CARTESIAN_POINT('',(-0.012,-0.0220358983848623,0.01715));
#5167=CARTESIAN_POINT('',(-0.014,-0.0215,0.01515));
#5168=CARTESIAN_POINT('',(-0.014,-0.0215,0.01715));
#5169=CARTESIAN_POINT('',(-0.014,-0.0255,0.01715));
#5170=CARTESIAN_POINT('',(-0.019,-0.021,0.01715));
#5171=CARTESIAN_POINT('',(-0.015,-0.01975,0.01715));
#5172=CARTESIAN_POINT('',(-0.015,-0.0185,0.01715));
#5173=CARTESIAN_POINT('',(-0.015,-0.0205,0.01715));
#5174=CARTESIAN_POINT('',(-0.0155,-0.0205,0.01715));
#5175=CARTESIAN_POINT('',(-0.014,-0.0205,0.01715));
#5176=CARTESIAN_POINT('',(-0.014,-0.0165,0.01715));
#5177=CARTESIAN_POINT('',(-0.012,-0.0199641016151378,0.01715));
#5178=CARTESIAN_POINT('',(-0.012,0.000782440962787409,0.01715));
#5179=CARTESIAN_POINT('',(-0.0225,-0.0215,0.01715));
#5180=CARTESIAN_POINT('',(-0.0258624602895881,-0.0215,0.01715));
#5181=CARTESIAN_POINT('',(-0.0258624602895881,-0.0245,0.01715));
#5182=CARTESIAN_POINT('',(-0.0258624602895881,-0.0185,0.01715));
#5183=CARTESIAN_POINT('',(-0.0225,-0.0185,0.01715));
#5184=CARTESIAN_POINT('',(-0.014,-0.0165,0.01515));
#5185=CARTESIAN_POINT('',(-0.014,-0.0205,0.01515));
#5186=CARTESIAN_POINT('',(-0.014,-0.0185,0.01515));
#5187=CARTESIAN_POINT('',(-0.014,-0.0165,0.01515));
#5188=CARTESIAN_POINT('',(-0.012,-0.0165,0.01515));
#5189=CARTESIAN_POINT('',(-0.012,-0.0199641016151378,0.01715));
#5190=CARTESIAN_POINT('',(-0.012,-0.0192707942819582,0.01715));
#5191=CARTESIAN_POINT('',(-0.012,-0.0179643312115812,0.0166156937413322));
#5192=CARTESIAN_POINT('',(-0.012,-0.016982596653254,0.015632595447236));
#5193=CARTESIAN_POINT('',(-0.012,-0.0165,0.01515));
#5194=CARTESIAN_POINT('',(-0.014,-0.0165,0.0109239261332602));
#5195=CARTESIAN_POINT('',(-0.014,-0.0185,0.0109239261332602));
#5196=CARTESIAN_POINT('',(-0.014,-0.0185,0.01025));
#5197=CARTESIAN_POINT('',(-0.014,-0.0165,0.01025));
#5198=CARTESIAN_POINT('',(-0.012,-0.0165,0.01025));
#5199=CARTESIAN_POINT('',(-0.012,-0.0165,0.0109239261332602));
#5200=CARTESIAN_POINT('',(0.012,0.0275,0.));
#5201=CARTESIAN_POINT('',(0.012,0.01375,0.01025));
#5202=CARTESIAN_POINT('',(0.012,0.0275,0.0215));
#5203=CARTESIAN_POINT('',(0.012,0.0185,0.0215));
#5204=CARTESIAN_POINT('',(0.012,0.0185,0.02014));
#5205=CARTESIAN_POINT('',(0.012,0.0185,0.02014));
#5206=CARTESIAN_POINT('',(0.012,0.013625,0.02014));
#5207=CARTESIAN_POINT('',(0.012,0.0275,0.02014));
#5208=CARTESIAN_POINT('',(0.012,0.0275,0.));
#5209=CARTESIAN_POINT('',(0.014,0.0275,0.01944));
#5210=CARTESIAN_POINT('',(0.0259040846360635,0.0275,0.01994));
#5211=CARTESIAN_POINT('',(0.0259040846674627,0.0274999998333334,0.0199399998363179));
#5212=CARTESIAN_POINT('',(0.0259040846360635,0.0275,0.02114));
#5213=CARTESIAN_POINT('',(0.0259461792377496,0.0275,0.0197205638223198));
#5214=CARTESIAN_POINT('',(0.0259882738394358,0.0275,0.0195011276446389));
#5215=CARTESIAN_POINT('',(0.024,0.0275,0.0165));
#5216=CARTESIAN_POINT('',(0.0205248884909977,0.0275,0.01744));
#5217=CARTESIAN_POINT('',(0.014,0.0275,0.01744));
#5218=CARTESIAN_POINT('',(0.0196490339577824,0.0275,0.0174400000000028));
#5219=CARTESIAN_POINT('',(0.0196490339577824,0.0275,0.0174400000000042));
#5220=CARTESIAN_POINT('',(0.0190678780002647,0.0275,0.0172654283993195));
#5221=CARTESIAN_POINT('',(0.0183693900655682,0.0275,0.0172654283993181));
#5222=CARTESIAN_POINT('',(0.0175535701536928,0.0275,0.01744));
#5223=CARTESIAN_POINT('',(0.0175535701536928,0.0275,0.01744));
#5224=CARTESIAN_POINT('',(0.014,0.0275,0.01744));
#5225=CARTESIAN_POINT('',(0.015,0.0275,0.01744));
#5226=CARTESIAN_POINT('',(0.015,0.0275,0.));
#5227=CARTESIAN_POINT('',(0.0259040846360635,0.0275,0.02014));
#5228=CARTESIAN_POINT('',(0.02005,0.0275,0.02014));
#5229=CARTESIAN_POINT('',(0.02005,0.0275,0.02014));
#5230=CARTESIAN_POINT('',(0.02005,0.0275,0.02114));
#5231=CARTESIAN_POINT('',(0.0259040846360636,0.0275,0.02114));
#5232=CARTESIAN_POINT('',(0.015,-0.028,0.));
#5233=CARTESIAN_POINT('',(0.015,-0.0160824713198813,0.01007));
#5234=CARTESIAN_POINT('',(0.015,-0.0160824713198813,0.0215));
#5235=CARTESIAN_POINT('',(0.015,-0.0160824713198813,0.01025));
#5236=CARTESIAN_POINT('',(0.015,-0.014,0.01025));
#5237=CARTESIAN_POINT('',(0.015,-0.00225,0.01744));
#5238=CARTESIAN_POINT('',(0.015,0.0185,0.01744));
#5239=CARTESIAN_POINT('',(0.015,0.0185,0.00972));
#5240=CARTESIAN_POINT('',(0.015,0.0185,0.02014));
#5241=CARTESIAN_POINT('',(0.015,0.0185,0.02014));
#5242=CARTESIAN_POINT('',(0.015,0.0185,0.0215));
#5243=CARTESIAN_POINT('',(0.015,-0.0160824713198813,0.0215));
#5244=CARTESIAN_POINT('',(0.023,0.03144,0.0118));
#5245=CARTESIAN_POINT('',(0.0217360775340236,0.03144,0.01025));
#5246=CARTESIAN_POINT('',(0.0217360775340236,0.0185,0.01025));
#5247=CARTESIAN_POINT('',(0.023,0.0185,0.0118));
#5248=CARTESIAN_POINT('',(0.021,0.0185,0.0118));
#5249=CARTESIAN_POINT('',(0.021,0.03144,0.0118));
#5250=CARTESIAN_POINT('',(0.021,0.03144,0.017));
#5251=CARTESIAN_POINT('',(0.021,0.0233259330957217,0.02014));
#5252=CARTESIAN_POINT('',(0.021,0.0233259330957217,0.01514));
#5253=CARTESIAN_POINT('',(0.021,0.0233259330957217,0.017));
#5254=CARTESIAN_POINT('',(0.021,0.03144,0.017));
#5255=CARTESIAN_POINT('',(0.021,0.0266740669042783,0.017));
#5256=CARTESIAN_POINT('',(0.021,0.0266740669042784,0.02014));
#5257=CARTESIAN_POINT('',(0.021,0.0266740669042784,0.01514));
#5258=CARTESIAN_POINT('',(0.021,0.02822,0.01514));
#5259=CARTESIAN_POINT('',(0.021,0.0270712315177208,0.01514));
#5260=CARTESIAN_POINT('',(0.021,0.0270712315177208,0.02014));
#5261=CARTESIAN_POINT('',(0.021,0.0270712315177208,0.017));
#5262=CARTESIAN_POINT('',(0.021,0.03144,0.017));
#5263=CARTESIAN_POINT('',(0.021,0.0275,0.017));
#5264=CARTESIAN_POINT('',(0.021,0.0275,0.0118));
#5265=CARTESIAN_POINT('',(0.021,0.0275,0.0145100251257868));
#5266=CARTESIAN_POINT('',(0.021,0.0275,0.0145100251257868));
#5267=CARTESIAN_POINT('',(0.021,0.0318,0.0145100251257868));
#5268=CARTESIAN_POINT('',(0.021,0.0318,0.0129));
#5269=CARTESIAN_POINT('',(0.021,0.0318,0.0129));
#5270=CARTESIAN_POINT('',(0.021,0.0318,0.0129));
#5271=CARTESIAN_POINT('',(0.021,0.0293092684419231,0.0129));
#5272=CARTESIAN_POINT('',(0.021,0.0266199883481948,0.00994700551966839));
#5273=CARTESIAN_POINT('',(0.021,0.0299475323640307,0.0136008529321189));
#5274=CARTESIAN_POINT('',(0.021,0.0302275440158359,0.0133458474567524));
#5275=CARTESIAN_POINT('',(0.021,0.0185,0.017));
#5276=CARTESIAN_POINT('',(0.021,0.0185,0.017));
#5277=CARTESIAN_POINT('',(0.021,0.03144,0.017));
#5278=CARTESIAN_POINT('',(0.021,0.0229287684822792,0.017));
#5279=CARTESIAN_POINT('',(0.021,0.0229287684822792,0.02014));
#5280=CARTESIAN_POINT('',(0.021,0.0229287684822792,0.01514));
#5281=CARTESIAN_POINT('',(0.021,0.02822,0.01514));
#5282=CARTESIAN_POINT('',(0.,0.0299475323640307,0.0136008529321189));
#5283=CARTESIAN_POINT('',(0.,0.0299475323640307,0.0136008529321189));
#5284=CARTESIAN_POINT('',(-0.021277557263952,0.0299475323640307,0.0136008529321189));
#5285=CARTESIAN_POINT('',(-0.022,0.025,0.0181065505852246));
#5286=CARTESIAN_POINT('',(-0.0195251234646152,0.0293445352035174,0.01415));
#5287=CARTESIAN_POINT('',(-0.0104375,0.0293445352035174,0.01415));
#5288=CARTESIAN_POINT('',(-0.0212728219713411,0.0293445352035174,0.01415));
#5289=CARTESIAN_POINT('',(-0.024,0.0267640910746358,0.0165));
#5290=CARTESIAN_POINT('',(-0.024,0.0275,0.0165));
#5291=CARTESIAN_POINT('',(-0.02475,0.0275,0.0129789916217084));
#5292=CARTESIAN_POINT('',(-0.02475,0.0291758232721225,0.0129789916217084));
#5293=CARTESIAN_POINT('',(-0.02475,0.0275,0.0129789916217084));
#5294=CARTESIAN_POINT('',(-0.024,0.0275,0.0165));
#5295=CARTESIAN_POINT('',(-0.0267100738620934,0.0275,0.0188697045516262));
#5296=CARTESIAN_POINT('',(-0.024,0.0275,0.0165));
#5297=CARTESIAN_POINT('',(-0.0244494897427832,0.0275,0.0200718285192787));
#5298=CARTESIAN_POINT('',(-0.0244494897427832,0.0275,0.0200718285192787));
#5299=CARTESIAN_POINT('',(-0.024181278911131,0.0277627918724142,0.0201055809844601));
#5300=CARTESIAN_POINT('',(-0.0235601895140254,0.0282007826058897,0.0201221303691064));
#5301=CARTESIAN_POINT('',(-0.0224945761167463,0.0285173132954933,0.0198354547802726));
#5302=CARTESIAN_POINT('',(-0.0215382928167775,0.0285033458097719,0.0192067461291216));
#5303=CARTESIAN_POINT('',(-0.0208358947032462,0.0283179950995289,0.0183324146552049));
#5304=CARTESIAN_POINT('',(-0.020428863888468,0.0281307969880774,0.0172927869618379));
#5305=CARTESIAN_POINT('',(-0.0203336803372431,0.028075023074891,0.0157786270334163));
#5306=CARTESIAN_POINT('',(-0.0207853910817061,0.0283200952657694,0.0147156641756322));
#5307=CARTESIAN_POINT('',(-0.0212728219713118,0.0284236255803742,0.014150000000034));
#5308=CARTESIAN_POINT('',(-0.0212728219713411,0.0284236255803805,0.01415));
#5309=CARTESIAN_POINT('',(-0.0212728219713411,0.0275,0.01415));
#5310=CARTESIAN_POINT('',(-0.0212728219713411,0.0275,0.01415));
#5311=CARTESIAN_POINT('',(-0.0212728219713411,0.0299468385979973,0.01415));
#5312=CARTESIAN_POINT('',(-0.0212728219713411,0.0299468385979973,0.01415));
#5313=CARTESIAN_POINT('',(-0.0217106444384717,0.0300111978594212,0.0136419064626333));
#5314=CARTESIAN_POINT('',(-0.0228830974645307,0.03005396637394,0.0128813588866979));
#5315=CARTESIAN_POINT('',(-0.0241958477011126,0.0295407618058277,0.0128609532135273));
#5316=CARTESIAN_POINT('',(-0.02475,0.0291758232721225,0.0129789916217083));
#5317=CARTESIAN_POINT('',(-0.024,0.0318,0.0165));
#5318=CARTESIAN_POINT('',(-0.0204,0.0318,0.0165));
#5319=CARTESIAN_POINT('',(-0.020875,0.025,0.01415));
#5320=CARTESIAN_POINT('',(-0.022,0.025,0.01415));
#5321=CARTESIAN_POINT('',(-0.022,0.025,0.01415));
#5322=CARTESIAN_POINT('',(-0.022,0.025,0.00215));
#5323=CARTESIAN_POINT('',(-0.022,0.025,0.02014));
#5324=CARTESIAN_POINT('',(-0.02475,0.0271650635094611,0.02014));
#5325=CARTESIAN_POINT('',(-0.02475,0.0271650635094611,0.01025));
#5326=CARTESIAN_POINT('',(-0.02475,0.0271650635094611,0.012));
#5327=CARTESIAN_POINT('',(-0.022,0.025,0.01025));
#5328=CARTESIAN_POINT('',(-0.02525,0.0262990381056766,0.01025));
#5329=CARTESIAN_POINT('',(-0.02525,0.0262990381056766,0.02014));
#5330=CARTESIAN_POINT('',(-0.02525,0.0262990381056767,0.012));
#5331=CARTESIAN_POINT('',(-0.022,0.025,0.012));
#5332=CARTESIAN_POINT('',(-0.0254641016151378,0.0245,0.02014));
#5333=CARTESIAN_POINT('',(-0.0254641016151378,0.0245,0.0178625000772664));
#5334=CARTESIAN_POINT('',(-0.0254641016151378,0.0245,0.0151374999227336));
#5335=CARTESIAN_POINT('',(-0.0244494897427832,0.0275,0.0145511647142119));
#5336=CARTESIAN_POINT('',(-0.0241222058731377,0.02782067139267,0.0144756782205832));
#5337=CARTESIAN_POINT('',(-0.0233016413750457,0.0283462826594233,0.0144673298549924));
#5338=CARTESIAN_POINT('',(-0.0221390936896929,0.0285232511851619,0.0153809421781635));
#5339=CARTESIAN_POINT('',(-0.0218582376236012,0.0284904635071939,0.0168246825473055));
#5340=CARTESIAN_POINT('',(-0.0225645844255734,0.0285144503200024,0.018125990739378));
#5341=CARTESIAN_POINT('',(-0.0238889399417076,0.0280661924562216,0.0186205563514075));
#5342=CARTESIAN_POINT('',(-0.024909545271976,0.027090909636497,0.0183525064731569));
#5343=CARTESIAN_POINT('',(-0.0254704111443666,0.0259023991284106,0.0178792606590524));
#5344=CARTESIAN_POINT('',(-0.0255297754662591,0.0249550017874832,0.0177919289315444));
#5345=CARTESIAN_POINT('',(-0.0254641016151377,0.0245,0.0178625000772665));
#5346=CARTESIAN_POINT('',(-0.0244494897427832,0.0275,0.0145511647142119));
#5347=CARTESIAN_POINT('',(-0.0244494897427832,0.0275,0.02014));
#5348=CARTESIAN_POINT('',(-0.0244494897427832,0.0275,0.015));
#5349=CARTESIAN_POINT('',(-0.022,0.025,0.015));
#5350=CARTESIAN_POINT('',(-0.02475,0.0271650635094611,0.015));
#5351=CARTESIAN_POINT('',(-0.02475,0.0271650635094611,0.02014));
#5352=CARTESIAN_POINT('',(-0.02475,0.0271650635094611,0.0146459503782261));
#5353=CARTESIAN_POINT('',(-0.0254641016151377,0.0245,0.0151374999227336));
#5354=CARTESIAN_POINT('',(-0.0255334119061682,0.0249801957822084,0.0152119786774408));
#5355=CARTESIAN_POINT('',(-0.025460118329471,0.0259731853670951,0.0151055431020869));
#5356=CARTESIAN_POINT('',(-0.0250433431149888,0.026792467711373,0.014764613510893));
#5357=CARTESIAN_POINT('',(-0.0247500000000003,0.0271650635094609,0.0146459503782251));
#5358=CARTESIAN_POINT('',(-0.0244494897427832,0.0275,0.02014));
#5359=CARTESIAN_POINT('',(-0.0244494897427832,0.0275,0.019));
#5360=CARTESIAN_POINT('',(-0.022,0.025,0.019));
#5361=CARTESIAN_POINT('',(-0.0251331134674633,0.02344,0.019));
#5362=CARTESIAN_POINT('',(-0.0251331134674633,0.02344,0.02014));
#5363=CARTESIAN_POINT('',(-0.0251331134674633,0.02344,0.0171372235634793));
#5364=CARTESIAN_POINT('',(-0.0251331134674633,0.02344,0.0158627764365207));
#5365=CARTESIAN_POINT('',(-0.0251794076461151,0.0235329775093585,0.0159450969285771));
#5366=CARTESIAN_POINT('',(-0.0252581372501674,0.023713133732592,0.0161190160952728));
#5367=CARTESIAN_POINT('',(-0.0253210702149838,0.0238944991228412,0.0165013055076017));
#5368=CARTESIAN_POINT('',(-0.0252575791992878,0.0237117198885442,0.0168822405703131));
#5369=CARTESIAN_POINT('',(-0.0251793044890115,0.0235327703280054,0.0170550865057937));
#5370=CARTESIAN_POINT('',(-0.0251331134674633,0.02344,0.0171372235634793));
#5371=CARTESIAN_POINT('',(-0.0251331134674633,0.02344,0.0158627764365207));
#5372=CARTESIAN_POINT('',(-0.0251331134674633,0.02344,0.02014));
#5373=CARTESIAN_POINT('',(-0.0251331134674633,0.02344,0.015));
#5374=CARTESIAN_POINT('',(-0.022,0.025,0.015));
#5375=CARTESIAN_POINT('',(-0.02525,0.,0.015));
#5376=CARTESIAN_POINT('',(-0.017,-0.00925,0.015));
#5377=CARTESIAN_POINT('',(-0.017,0.01635,0.015));
#5378=CARTESIAN_POINT('',(-0.024875,0.02344,0.015));
#5379=CARTESIAN_POINT('',(-0.028,0.02344,0.015));
#5380=CARTESIAN_POINT('',(-0.028,0.01572,0.015));
#5381=CARTESIAN_POINT('',(-0.028,0.0275,0.015));
#5382=CARTESIAN_POINT('',(-0.02525,0.0275,0.015));
#5383=CARTESIAN_POINT('',(-0.03675,0.0275,0.015));
#5384=CARTESIAN_POINT('',(-0.03675,-0.028,0.015));
#5385=CARTESIAN_POINT('',(-0.03675,-0.018,0.015));
#5386=CARTESIAN_POINT('',(-0.0302292108470551,-0.018,0.015));
#5387=CARTESIAN_POINT('',(-0.03525,-0.018,0.015));
#5388=CARTESIAN_POINT('',(-0.03525,0.,0.015));
#5389=CARTESIAN_POINT('',(-0.03525,0.0168,0.015));
#5390=CARTESIAN_POINT('',(-0.03455,0.0168,0.015));
#5391=CARTESIAN_POINT('',(-0.03455,0.0175,0.015));
#5392=CARTESIAN_POINT('',(-0.02775,0.0175,0.015));
#5393=CARTESIAN_POINT('',(-0.02525,0.0175,0.015));
#5394=CARTESIAN_POINT('',(-0.02525,0.018,0.015));
#5395=CARTESIAN_POINT('',(-0.02525,0.01735,0.015));
#5396=CARTESIAN_POINT('',(-0.02295,0.01735,0.015));
#5397=CARTESIAN_POINT('',(-0.01725,0.01735,0.015));
#5398=CARTESIAN_POINT('',(-0.01725,0.0174,0.015));
#5399=CARTESIAN_POINT('',(-0.01725,0.01635,0.015));
#5400=CARTESIAN_POINT('',(-0.01895,0.01635,0.015));
#5401=CARTESIAN_POINT('',(-0.022,-0.02305,0.02014));
#5402=CARTESIAN_POINT('',(-0.0205,-0.02305,0.02014));
#5403=CARTESIAN_POINT('',(-0.026,-0.02305,0.02014));
#5404=CARTESIAN_POINT('',(-0.022,-0.02305,0.02014));
#5405=CARTESIAN_POINT('',(-0.026,-0.02305,0.02014));
#5406=CARTESIAN_POINT('',(-0.026,-0.02305,0.02114));
#5407=CARTESIAN_POINT('',(-0.022,-0.02305,0.02114));
#5408=CARTESIAN_POINT('',(-0.022,-0.02305,0.02114));
#5409=CARTESIAN_POINT('',(-0.022,-0.02305,0.02014));
#5410=CARTESIAN_POINT('',(-0.022,-0.025,0.02014));
#5411=CARTESIAN_POINT('',(-0.02005,-0.025,0.02014));
#5412=CARTESIAN_POINT('',(-0.02005,-0.025,0.02014));
#5413=CARTESIAN_POINT('',(-0.02005,-0.025,0.02114));
#5414=CARTESIAN_POINT('',(-0.022,-0.025,0.02014));
#5415=CARTESIAN_POINT('',(-0.022,-0.025,0.02114));
#5416=CARTESIAN_POINT('',(-0.022,-0.025,0.01744));
#5417=CARTESIAN_POINT('',(-0.02395,-0.025,0.01744));
#5418=CARTESIAN_POINT('',(-0.02005,-0.028,0.02014));
#5419=CARTESIAN_POINT('',(-0.02005,-0.0147852545588687,0.02014));
#5420=CARTESIAN_POINT('',(-0.02005,-0.028,0.02114));
#5421=CARTESIAN_POINT('',(-0.015,-0.0185,0.01744));
#5422=CARTESIAN_POINT('',(-0.015,0.01635,0.01879));
#5423=CARTESIAN_POINT('',(-0.015,0.01635,0.02014));
#5424=CARTESIAN_POINT('',(-0.015,0.01635,0.01025));
#5425=CARTESIAN_POINT('',(-0.015,-0.0185,0.01025));
#5426=CARTESIAN_POINT('',(-0.015,-0.0185,0.01025));
#5427=CARTESIAN_POINT('',(-0.015,-0.0185,0.01844));
#5428=CARTESIAN_POINT('',(-0.015,-0.0185,0.01515));
#5429=CARTESIAN_POINT('',(-0.015,-0.0205,0.01515));
#5430=CARTESIAN_POINT('',(-0.015,-0.0185,0.01844));
#5431=CARTESIAN_POINT('',(-0.015,-0.0185,0.02014));
#5432=CARTESIAN_POINT('',(-0.015,0.0248589817645253,0.02014));
#5433=CARTESIAN_POINT('',(-0.026,-0.0185,0.01944));
#5434=CARTESIAN_POINT('',(-0.023,-0.0185,0.0120364261332602));
#5435=CARTESIAN_POINT('',(-0.026,-0.0185,0.0173957045330408));
#5436=CARTESIAN_POINT('',(-0.026,-0.0185,0.01944));
#5437=CARTESIAN_POINT('',(-0.026,-0.0185,0.02014));
#5438=CARTESIAN_POINT('',(-0.016,-0.0185,0.02014));
#5439=CARTESIAN_POINT('',(-0.026,-0.0285,0.01944));
#5440=CARTESIAN_POINT('',(-0.026,-0.02825,0.0173957045330409));
#5441=CARTESIAN_POINT('',(-0.026,-0.0185,0.02114));
#5442=CARTESIAN_POINT('',(-0.026,-0.0185,0.02014));
#5443=CARTESIAN_POINT('',(-0.026,-0.028,0.0173957045330409));
#5444=CARTESIAN_POINT('',(-0.0240296452214568,-0.0235,0.0138758112648572));
#5445=CARTESIAN_POINT('',(-0.0247429065824611,-0.0235,0.01515));
#5446=CARTESIAN_POINT('',(-0.022,-0.0235,0.01025));
#5447=CARTESIAN_POINT('',(-0.022,-0.0129868830910077,0.01025));
#5448=CARTESIAN_POINT('',(-0.022,-0.024,0.01025));
#5449=CARTESIAN_POINT('',(-0.022,-0.025,0.01025));
#5450=CARTESIAN_POINT('',(-0.022,-0.026,0.01025));
#5451=CARTESIAN_POINT('',(-0.022,-0.0129868830910077,0.01025));
#5452=CARTESIAN_POINT('',(-0.0247429065824611,-0.0215,0.01515));
#5453=CARTESIAN_POINT('',(-0.012,0.0225648819255749,0.0136978522665204));
#5454=CARTESIAN_POINT('',(-0.012,-0.014,0.01025));
#5455=CARTESIAN_POINT('',(-0.012,-0.0268959241922652,0.01025));
#5456=CARTESIAN_POINT('',(-0.012,-0.0245552398904321,0.00767978507905083));
#5457=CARTESIAN_POINT('',(-2.69422295812418E-18,-0.022,0.00487397496281702));
#5458=CARTESIAN_POINT('',(-3.29380074721674E-18,-0.0268959241922652,0.01025));
#5459=CARTESIAN_POINT('',(0.012,-0.0268959241922652,0.01025));
#5460=CARTESIAN_POINT('',(0.012,-0.0095660875548418,-0.00877922349170898));
#5461=CARTESIAN_POINT('',(0.012,0.0275,0.));
#5462=CARTESIAN_POINT('',(0.012,0.01375,0.01025));
#5463=CARTESIAN_POINT('',(0.0163376241735469,-0.026,0.02014));
#5464=CARTESIAN_POINT('',(0.0163376241735469,-0.026,0.01025));
#5465=CARTESIAN_POINT('',(0.0183071462001393,-0.0256521739130435,0.01025));
#5466=CARTESIAN_POINT('',(0.0183071462001393,-0.0256521739130435,0.02014));
#5467=CARTESIAN_POINT('',(0.0183071462001393,-0.0256521739130435,0.0215));
#5468=CARTESIAN_POINT('',(0.0163376241735469,-0.026,0.0215));
#5469=CARTESIAN_POINT('',(-0.023025,-0.025525,0.02114));
#5470=CARTESIAN_POINT('',(-0.026,-0.0235,0.00815));
#5471=CARTESIAN_POINT('',(-0.0225,-0.0235,0.01515));
#5472=CARTESIAN_POINT('',(-0.013,-0.0235,0.01025));
#5473=CARTESIAN_POINT('',(-0.0225,-0.0215,0.01515));
#5474=CARTESIAN_POINT('',(-0.0155,-0.0205,0.01515));
#5475=CARTESIAN_POINT('',(-0.0155,-0.0185,0.01515));
#5476=CARTESIAN_POINT('',(-0.026,-0.0185,0.01944));
#5477=CARTESIAN_POINT('',(-0.0225,-0.0185,0.01025));
#5478=CARTESIAN_POINT('',(-0.01725,0.01735,0.));
#5479=CARTESIAN_POINT('',(-0.01725,0.008675,0.01025));
#5480=CARTESIAN_POINT('',(-0.01725,0.01735,0.01025));
#5481=CARTESIAN_POINT('',(-0.01725,0.01635,0.01025));
#5482=CARTESIAN_POINT('',(-0.01725,0.01635,0.));
#5483=CARTESIAN_POINT('',(-0.01725,0.01735,0.));
#5484=CARTESIAN_POINT('',(-0.02525,0.01735,0.));
#5485=CARTESIAN_POINT('',(-0.012625,0.01735,0.01025));
#5486=CARTESIAN_POINT('',(-0.02525,0.01735,0.01025));
#5487=CARTESIAN_POINT('',(-0.02525,0.01735,0.));
#5488=CARTESIAN_POINT('',(-0.02525,0.,-0.015));
#5489=CARTESIAN_POINT('',(-0.02525,0.009275,0.01025));
#5490=CARTESIAN_POINT('',(-0.02525,0.0175,0.01025));
#5491=CARTESIAN_POINT('',(-0.02525,0.0175,-1.11022302462516E-18));
#5492=CARTESIAN_POINT('',(-0.03025,0.0175,0.015));
#5493=CARTESIAN_POINT('',(-0.015125,0.0175,0.01025));
#5494=CARTESIAN_POINT('',(-0.0295100505063388,0.0175,0.01025));
#5495=CARTESIAN_POINT('',(-0.03455,0.0175,-1.11022302462516E-18));
#5496=CARTESIAN_POINT('',(-0.03455,0.0175,0.0117));
#5497=CARTESIAN_POINT('',(-0.030875,0.0175,0.0117));
#5498=CARTESIAN_POINT('',(-0.0309600505063388,0.0175,0.0117));
#5499=CARTESIAN_POINT('',(-0.0312550252531694,0.0175,0.0119949747468306));
#5500=CARTESIAN_POINT('',(-0.0312550252531694,0.0168,0.0119949747468306));
#5501=CARTESIAN_POINT('',(-0.0295100505063388,0.0168,0.01025));
#5502=CARTESIAN_POINT('',(-0.0305,0.0168,0.01025));
#5503=CARTESIAN_POINT('',(-0.0309600505063388,0.0168,0.0117));
#5504=CARTESIAN_POINT('',(-0.03125,0.0168,0.011));
#5505=CARTESIAN_POINT('',(-0.03175,0.0168,0.0115));
#5506=CARTESIAN_POINT('',(-0.03075,0.007875,0.0105));
#5507=CARTESIAN_POINT('',(-0.0305,0.0039375,0.01025));
#5508=CARTESIAN_POINT('',(-0.0305,0.0132,0.01025));
#5509=CARTESIAN_POINT('',(-0.03125,0.007875,0.011));
#5510=CARTESIAN_POINT('',(-0.03125,0.0132,0.011));
#5511=CARTESIAN_POINT('',(-0.0299203161288951,0.0132,0.00967031612889506));
#5512=CARTESIAN_POINT('',(-0.0294253413820645,0.0132,0.0101652908757256));
#5513=CARTESIAN_POINT('',(-0.0295100505063388,0.0132,0.01025));
#5514=CARTESIAN_POINT('',(-0.0295100505063388,0.0125,0.01025));
#5515=CARTESIAN_POINT('',(-0.0302600505063388,0.0132,0.011));
#5516=CARTESIAN_POINT('',(-0.0302600505063388,0.0125,0.011));
#5517=CARTESIAN_POINT('',(-0.0294253413820645,0.0125,0.0101652908757256));
#5518=CARTESIAN_POINT('',(-0.0229312645155803,0.0125,0.015));
#5519=CARTESIAN_POINT('',(-0.0114656322577901,0.0125,0.01025));
#5520=CARTESIAN_POINT('',(-0.02525,0.0125,0.01025));
#5521=CARTESIAN_POINT('',(-0.0272156322577901,0.0125,0.011));
#5522=CARTESIAN_POINT('',(-0.0282624355652982,0.0125,0.011));
#5523=CARTESIAN_POINT('',(-0.0282624355652982,0.0125,0.011));
#5524=CARTESIAN_POINT('',(-0.0280197774850079,0.0125,0.011));
#5525=CARTESIAN_POINT('',(-0.0275625132761329,0.0125,0.0111870088560678));
#5526=CARTESIAN_POINT('',(-0.027218909578395,0.0125,0.0115310916281061));
#5527=CARTESIAN_POINT('',(-0.02705,0.0125,0.0117));
#5528=CARTESIAN_POINT('',(-0.02705,0.0125,0.0117));
#5529=CARTESIAN_POINT('',(-0.02705,0.0125,0.015));
#5530=CARTESIAN_POINT('',(-0.02705,0.0125,0.015));
#5531=CARTESIAN_POINT('',(-0.0240906322577901,0.0125,0.015));
#5532=CARTESIAN_POINT('',(-0.02525,0.0125,0.015));
#5533=CARTESIAN_POINT('',(-0.02525,0.0125,-1.11022302462516E-18));
#5534=CARTESIAN_POINT('',(-0.02525,0.,-0.015));
#5535=CARTESIAN_POINT('',(-0.02525,0.,0.01025));
#5536=CARTESIAN_POINT('',(-0.02525,-0.018,0.01025));
#5537=CARTESIAN_POINT('',(-0.02525,0.,0.015));
#5538=CARTESIAN_POINT('',(-0.02525,-0.011,0.015));
#5539=CARTESIAN_POINT('',(-0.02525,-0.011,-1.11022302462516E-18));
#5540=CARTESIAN_POINT('',(-0.02525,-0.011,0.01145));
#5541=CARTESIAN_POINT('',(-0.02525,-0.01,0.01145));
#5542=CARTESIAN_POINT('',(-0.02525,-0.018,0.01145));
#5543=CARTESIAN_POINT('',(-0.02525,-0.018,-0.015));
#5544=CARTESIAN_POINT('',(0.0335,-0.018,0.));
#5545=CARTESIAN_POINT('',(0.01675,-0.018,0.01025));
#5546=CARTESIAN_POINT('',(-0.0417437460888595,-0.018,0.01025));
#5547=CARTESIAN_POINT('',(-0.029375,-0.018,0.01145));
#5548=CARTESIAN_POINT('',(-0.0277961651584689,-0.018,0.01145));
#5549=CARTESIAN_POINT('',(-0.02845,-0.018,0.0117));
#5550=CARTESIAN_POINT('',(-0.02845,-0.018,0.011));
#5551=CARTESIAN_POINT('',(-0.0325,-0.018,0.011));
#5552=CARTESIAN_POINT('',(-0.03455,-0.018,0.011));
#5553=CARTESIAN_POINT('',(-0.03455,-0.018,0.0117));
#5554=CARTESIAN_POINT('',(-0.03525,-0.018,0.0117));
#5555=CARTESIAN_POINT('',(-0.03525,-0.018,-0.00176882852427457));
#5556=CARTESIAN_POINT('',(-0.03675,-0.018,0.01));
#5557=CARTESIAN_POINT('',(-0.03675,0.,0.01));
#5558=CARTESIAN_POINT('',(-0.03675,0.0275,0.01));
#5559=CARTESIAN_POINT('',(-0.0417437460888595,0.0275,0.01025));
#5560=CARTESIAN_POINT('',(-0.0417437460888595,0.,0.01025));
#5561=CARTESIAN_POINT('',(0.014,0.0275,0.01944));
#5562=CARTESIAN_POINT('',(-0.007,0.0275,0.01025));
#5563=CARTESIAN_POINT('',(-0.02525,0.0275,0.01025));
#5564=CARTESIAN_POINT('',(-0.028,0.0275,0.015));
#5565=CARTESIAN_POINT('',(-0.028,0.0275,0.017));
#5566=CARTESIAN_POINT('',(-0.026,0.0275,0.017));
#5567=CARTESIAN_POINT('',(-0.02475,0.0275,-0.008645));
#5568=CARTESIAN_POINT('',(-0.02475,0.0275,0.012));
#5569=CARTESIAN_POINT('',(-0.023,0.0275,0.012));
#5570=CARTESIAN_POINT('',(-0.02525,0.0275,0.012));
#5571=CARTESIAN_POINT('',(-0.02525,0.0275,-0.015));
#5572=CARTESIAN_POINT('',(-0.02525,0.,-0.015));
#5573=CARTESIAN_POINT('',(-0.02525,0.,0.01025));
#5574=CARTESIAN_POINT('',(-0.02525,0.01572,0.012));
#5575=CARTESIAN_POINT('',(-0.02475,0.022,0.));
#5576=CARTESIAN_POINT('',(-0.02475,0.011,0.01025));
#5577=CARTESIAN_POINT('',(-0.02475,0.0291758232721225,0.01025));
#5578=CARTESIAN_POINT('',(-0.02475,0.02672,0.012));
#5579=CARTESIAN_POINT('',(-0.02475,0.0291758232721225,0.00215));
#5580=CARTESIAN_POINT('',(-0.022,0.025,0.00215));
#5581=CARTESIAN_POINT('',(-0.022,0.025,0.01025));
#5582=CARTESIAN_POINT('',(-0.0173733952560021,0.0268959241922652,0.01025));
#5583=CARTESIAN_POINT('',(-0.022,0.025,0.01415));
#5584=CARTESIAN_POINT('',(-0.022,0.025,0.00816815895713393));
#5585=CARTESIAN_POINT('',(0.,0.022,0.00487397496281702));
#5586=CARTESIAN_POINT('',(0.0105,0.0293092684419231,0.0129));
#5587=CARTESIAN_POINT('',(0.022,0.0293092684419232,0.0129));
#5588=CARTESIAN_POINT('',(0.022,0.022,0.00487397496281702));
#5589=CARTESIAN_POINT('',(0.022,0.0275,0.0109133122857314));
#5590=CARTESIAN_POINT('',(0.007,0.0275,0.0109133122857313));
#5591=CARTESIAN_POINT('',(0.0212072967626054,0.0275,0.0109133122857314));
#5592=CARTESIAN_POINT('',(0.023,0.0283075029043293,0.0118));
#5593=CARTESIAN_POINT('',(0.0217360775340236,0.0268959241922652,0.01025));
#5594=CARTESIAN_POINT('',(0.,0.0268959241922652,0.01025));
#5595=CARTESIAN_POINT('',(0.015,0.0268959241922652,0.01025));
#5596=CARTESIAN_POINT('',(0.015,0.00945274683982181,-0.00890367854815008));
#5597=CARTESIAN_POINT('',(0.015,0.0275,0.0109133122857314));
#5598=CARTESIAN_POINT('',(0.008,0.0275,0.0109133122857314));
#5599=CARTESIAN_POINT('',(0.012,0.0275,0.0109133122857314));
#5600=CARTESIAN_POINT('',(0.012,0.0220335662070401,0.00491083271681086));
#5601=CARTESIAN_POINT('',(0.012,0.0268959241922652,0.01025));
#5602=CARTESIAN_POINT('',(0.,0.0268959241922652,0.01025));
#5603=CARTESIAN_POINT('',(0.012,0.0275,0.));
#5604=CARTESIAN_POINT('',(0.012,0.01375,0.01025));
#5605=CARTESIAN_POINT('',(0.012,0.0275,0.01025));
#5606=CARTESIAN_POINT('',(0.012,0.0275,0.));
#5607=CARTESIAN_POINT('',(0.014,0.0275,0.01944));
#5608=CARTESIAN_POINT('',(0.008,0.0275,0.01025));
#5609=CARTESIAN_POINT('',(0.015,0.0275,0.01025));
#5610=CARTESIAN_POINT('',(0.015,0.0275,0.));
#5611=CARTESIAN_POINT('',(0.015,-0.028,0.));
#5612=CARTESIAN_POINT('',(0.015,-0.014,0.01025));
#5613=CARTESIAN_POINT('',(0.023,0.03144,0.0118));
#5614=CARTESIAN_POINT('',(0.0217360775340236,0.03144,0.01025));
#5615=CARTESIAN_POINT('',(0.0217360775340236,0.0318,0.01025));
#5616=CARTESIAN_POINT('',(0.0212072967626054,0.0318,0.0109133122857314));
#5617=CARTESIAN_POINT('',(0.0212072967626054,0.0318,0.0109133122857314));
#5618=CARTESIAN_POINT('',(0.023,0.0318,0.0118));
#5619=CARTESIAN_POINT('',(0.024,0.0318,0.0165));
#5620=CARTESIAN_POINT('',(0.024,0.0318,0.0165));
#5621=CARTESIAN_POINT('',(0.022,0.0318,0.0165));
#5622=CARTESIAN_POINT('',(0.024,0.0318,0.0165));
#5623=CARTESIAN_POINT('',(0.0276,0.0318,0.0165));
#5624=CARTESIAN_POINT('',(0.0276,0.0318,0.0165));
#5625=CARTESIAN_POINT('',(0.0276,0.0318,0.01025));
#5626=CARTESIAN_POINT('',(0.0417437460888595,0.0318,0.01025));
#5627=CARTESIAN_POINT('',(0.0212072967626054,0.0318,0.0109133122857314));
#5628=CARTESIAN_POINT('',(0.022,0.0318,0.0109133122857314));
#5629=CARTESIAN_POINT('',(0.022,0.0318,0.0109133122857314));
#5630=CARTESIAN_POINT('',(0.022,0.0318,0.0129));
#5631=CARTESIAN_POINT('',(0.022,0.0318,0.0129));
#5632=CARTESIAN_POINT('',(0.0276,0.0318,0.01025));
#5633=CARTESIAN_POINT('',(0.0276,0.0275,0.014845));
#5634=CARTESIAN_POINT('',(0.0276,0.0275,0.01025));
#5635=CARTESIAN_POINT('',(0.0276,0.0275,0.0165));
#5636=CARTESIAN_POINT('',(0.0276,0.0318,0.01025));
#5637=CARTESIAN_POINT('',(0.0276,0.0275,0.0165));
#5638=CARTESIAN_POINT('',(0.03675,0.,0.01));
#5639=CARTESIAN_POINT('',(0.0417437460888595,0.,0.01025));
#5640=CARTESIAN_POINT('',(0.0417437460888595,-0.018,0.01025));
#5641=CARTESIAN_POINT('',(0.0417437460888595,0.0275,0.01025));
#5642=CARTESIAN_POINT('',(0.03675,0.0275,0.01));
#5643=CARTESIAN_POINT('',(0.03675,0.0275,0.015));
#5644=CARTESIAN_POINT('',(0.03675,-0.018,0.015));
#5645=CARTESIAN_POINT('',(0.03675,-0.018,0.015));
#5646=CARTESIAN_POINT('',(0.03675,-0.018,0.01));
#5647=CARTESIAN_POINT('',(0.02525,0.,-0.015));
#5648=CARTESIAN_POINT('',(0.02525,0.0115,-0.0941424218620221));
#5649=CARTESIAN_POINT('',(0.02525,0.0115,0.01025));
#5650=CARTESIAN_POINT('',(0.02525,0.0115,0.01145));
#5651=CARTESIAN_POINT('',(0.02525,0.,0.01025));
#5652=CARTESIAN_POINT('',(0.02525,-0.018,0.01025));
#5653=CARTESIAN_POINT('',(0.02525,-0.018,0.015));
#5654=CARTESIAN_POINT('',(0.02525,-0.018,0.01145));
#5655=CARTESIAN_POINT('',(0.02525,-0.01,0.01145));
#5656=CARTESIAN_POINT('',(0.02525,-0.0119,0.01145));
#5657=CARTESIAN_POINT('',(0.02525,-0.0119,-1.11022302462516E-18));
#5658=CARTESIAN_POINT('',(0.02525,-0.0119,0.015));
#5659=CARTESIAN_POINT('',(0.02525,0.,0.015));
#5660=CARTESIAN_POINT('',(0.02525,0.0025,0.015));
#5661=CARTESIAN_POINT('',(0.02525,0.0025,-1.11022302462516E-18));
#5662=CARTESIAN_POINT('',(0.02525,0.0025,0.01145));
#5663=CARTESIAN_POINT('',(0.02525,-0.018,0.01145));
#5664=CARTESIAN_POINT('',(0.026,0.0185,0.01944));
#5665=CARTESIAN_POINT('',(0.028,0.0185,0.00975));
#5666=CARTESIAN_POINT('',(0.028,0.0185,0.017));
#5667=CARTESIAN_POINT('',(0.026,0.0185,0.017));
#5668=CARTESIAN_POINT('',(0.026,0.0185,0.019));
#5669=CARTESIAN_POINT('',(0.026,0.0185,0.01944));
#5670=CARTESIAN_POINT('',(0.026,0.0185,0.02014));
#5671=CARTESIAN_POINT('',(0.014,0.0185,0.02014));
#5672=CARTESIAN_POINT('',(0.026,0.0185,0.01744));
#5673=CARTESIAN_POINT('',(0.0210490002562789,0.0185,0.01744));
#5674=CARTESIAN_POINT('',(0.023,0.0185,0.017));
#5675=CARTESIAN_POINT('',(0.013,0.0185,0.01025));
#5676=CARTESIAN_POINT('',(0.0284979064017534,0.0185,0.01025));
#5677=CARTESIAN_POINT('',(0.0284979064017534,0.0185,-0.0941424218620221));
#5678=CARTESIAN_POINT('',(0.015,-0.0160824713198813,0.02014));
#5679=CARTESIAN_POINT('',(0.0155,-0.0160824713198813,0.01025));
#5680=CARTESIAN_POINT('',(0.017,-0.0160824713198813,0.01025));
#5681=CARTESIAN_POINT('',(0.017,-0.0160824713198813,0.0215));
#5682=CARTESIAN_POINT('',(0.017,-0.0160824713198813,0.0215));
#5683=CARTESIAN_POINT('',(0.017,-0.0160824713198813,0.02014));
#5684=CARTESIAN_POINT('',(0.017,-0.0230824713198813,0.02014));
#5685=CARTESIAN_POINT('',(0.017,-0.0198,0.01814));
#5686=CARTESIAN_POINT('',(0.017,-0.0198,0.01654));
#5687=CARTESIAN_POINT('',(0.017,-0.0218324713198813,0.0129442627860762));
#5688=CARTESIAN_POINT('',(0.017,-0.0180824713198813,0.0129442627860762));
#5689=CARTESIAN_POINT('',(0.017,-0.0230824713198813,0.0129442627860762));
#5690=CARTESIAN_POINT('',(0.017,-0.0180824713198813,0.02014));
#5691=CARTESIAN_POINT('',(0.017,-0.0180824713198813,0.01025));
#5692=CARTESIAN_POINT('',(0.017,-0.0165824713198813,0.01025));
#5693=CARTESIAN_POINT('',(0.017,-0.0230824713198813,0.0215));
#5694=CARTESIAN_POINT('',(0.017,-0.0230824713198813,0.0215));
#5695=CARTESIAN_POINT('',(0.017,-0.0230824713198813,0.02014));
#5696=CARTESIAN_POINT('',(0.0197910245058432,-0.0180824713198813,0.02014));
#5697=CARTESIAN_POINT('',(0.0194030665160669,-0.0180824713198813,0.0129442627860762));
#5698=CARTESIAN_POINT('',(0.0197910245058431,-0.0180824713198813,0.0129442627860762));
#5699=CARTESIAN_POINT('',(0.0197910245058432,-0.0180824713198813,0.010145));
#5700=CARTESIAN_POINT('',(0.0197910245058431,-0.0180824713198813,0.01025));
#5701=CARTESIAN_POINT('',(0.0098955122529216,-0.0180824713198813,0.01025));
#5702=CARTESIAN_POINT('',(0.02425,-0.022,0.000149999999999992));
#5703=CARTESIAN_POINT('',(0.0119527846987759,-0.0111960174055073,0.01025));
#5704=CARTESIAN_POINT('',(0.0203502627963065,-0.018573802130015,0.01025));
#5705=CARTESIAN_POINT('',(0.0251563827739507,-0.0227963220512808,0.0129442627860762));
#5706=CARTESIAN_POINT('',(0.0203502627963065,-0.018573802130015,0.0129442627860762));
#5707=CARTESIAN_POINT('',(0.0203502627963065,-0.018573802130015,0.02014));
#5708=CARTESIAN_POINT('',(0.0190302170525811,-0.020076293139796,0.02014));
#5709=CARTESIAN_POINT('',(0.0190302170525811,-0.020076293139796,0.01025));
#5710=CARTESIAN_POINT('',(0.020063185034292,-0.0217888868303017,0.01025));
#5711=CARTESIAN_POINT('',(0.0190302170525811,-0.020076293139796,0.0129442627860762));
#5712=CARTESIAN_POINT('',(0.020063185034292,-0.0217888868303017,0.0129442627860762));
#5713=CARTESIAN_POINT('',(0.020063185034292,-0.0217888868303017,0.0114442627860762));
#5714=CARTESIAN_POINT('',(0.022,-0.025,0.02014));
#5715=CARTESIAN_POINT('',(0.022,-0.025,0.0129442627860762));
#5716=CARTESIAN_POINT('',(0.0187773328187785,-0.0230824713198813,0.0129442627860762));
#5717=CARTESIAN_POINT('',(0.0187773328187785,-0.0230824713198813,0.02014));
#5718=CARTESIAN_POINT('',(0.0187773328187785,-0.0230824713198813,0.0215));
#5719=CARTESIAN_POINT('',(0.022,-0.025,0.0215));
#5720=CARTESIAN_POINT('',(0.022,-0.025,0.01025));
#5721=CARTESIAN_POINT('',(-0.022,-0.025,0.01944));
#5722=CARTESIAN_POINT('',(-0.022,-0.025,0.01744));
#5723=CARTESIAN_POINT('',(-0.022,-0.026,0.01744));
#5724=CARTESIAN_POINT('',(-0.022,-0.025,0.01025));
#5725=CARTESIAN_POINT('',(0.0259040846360636,0.0265,0.01994));
#5726=CARTESIAN_POINT('',(0.0259040846360635,0.027,0.01994));
#5727=CARTESIAN_POINT('',(0.0259040846360635,0.0265,0.01994));
#5728=CARTESIAN_POINT('',(0.0259040846360635,0.0265,0.02114));
#5729=CARTESIAN_POINT('',(0.0259040846360635,0.0265,0.02114));
#5730=CARTESIAN_POINT('',(0.0259040846360635,0.0265,0.01994));
#5731=CARTESIAN_POINT('',(0.0259040846360635,0.0265,0.01994));
#5732=CARTESIAN_POINT('',(0.0259040846360635,0.0274999999166667,0.01994));
#5733=CARTESIAN_POINT('',(0.0259686329706442,0.0265,0.0196035141027908));
#5734=CARTESIAN_POINT('',(0.0259686329706442,0.0274999999166667,0.0196035141027908));
#5735=CARTESIAN_POINT('',(0.0260319847857139,0.0265,0.0192455617479757));
#5736=CARTESIAN_POINT('',(0.0260319847857139,0.0274999999166667,0.0192455617479757));
#5737=CARTESIAN_POINT('',(0.0261014576122408,0.0265,0.0189974249304372));
#5738=CARTESIAN_POINT('',(0.0261014576122408,0.0274999999166667,0.0189974249304372));
#5739=CARTESIAN_POINT('',(0.0259520423180318,0.0265,0.01969));
#5740=CARTESIAN_POINT('',(0.026,0.0265,0.01944));
#5741=CARTESIAN_POINT('',(0.026,0.0265,0.01944));
#5742=CARTESIAN_POINT('',(0.0260325765465977,0.0265,0.0192701807694788));
#5743=CARTESIAN_POINT('',(0.0260663957506736,0.0265,0.019122655746307));
#5744=CARTESIAN_POINT('',(0.0261014576122276,0.0265,0.0189974249304845));
#5745=CARTESIAN_POINT('',(0.0261014576122276,0.0265,0.0189974249304845));
#5746=CARTESIAN_POINT('',(0.0261014576122276,0.02697,0.0189974249304845));
#5747=CARTESIAN_POINT('',(0.0261014576122276,0.02744,0.0189974249304845));
#5748=CARTESIAN_POINT('',(0.0261014576122276,0.02747,0.0189974249304845));
#5749=CARTESIAN_POINT('',(0.0261014576122267,0.0275,0.0189974249304875));
#5750=CARTESIAN_POINT('',(0.0261014576122251,0.0275,0.0189974249304935));
#5751=CARTESIAN_POINT('',(0.026066395750672,0.0275,0.019122655746314));
#5752=CARTESIAN_POINT('',(0.0260325765465969,0.0275,0.0192701807694828));
#5753=CARTESIAN_POINT('',(0.026,0.0275,0.01944));
#5754=CARTESIAN_POINT('',(0.0259960912798119,0.0275,0.0194603758815463));
#5755=CARTESIAN_POINT('',(0.0259921825596238,0.0275,0.0194807517630927));
#5756=CARTESIAN_POINT('',(0.0259882738394358,0.0275,0.019501127644639));
#5757=CARTESIAN_POINT('',(0.024,0.0275,0.0165));
#5758=CARTESIAN_POINT('',(0.024,0.0275,0.0165));
#5759=CARTESIAN_POINT('',(0.024,0.0275,0.0165));
#5760=CARTESIAN_POINT('',(0.0267100738620934,0.0275,0.0188697045516262));
#5761=CARTESIAN_POINT('',(0.024,0.0275,0.0165));
#5762=CARTESIAN_POINT('',(0.02,0.0235,0.01744));
#5763=CARTESIAN_POINT('',(0.0175535701536928,0.0285,0.01744));
#5764=CARTESIAN_POINT('',(0.0175535701536928,0.0265,0.01744));
#5765=CARTESIAN_POINT('',(0.0193006510278688,0.0265,0.01744));
#5766=CARTESIAN_POINT('',(0.0196490339577824,0.0265,0.0174400000000028));
#5767=CARTESIAN_POINT('',(0.0196490339577824,0.0285,0.0174400000000042));
#5768=CARTESIAN_POINT('',(0.014,0.0275,0.01744));
#5769=CARTESIAN_POINT('',(0.0210490002562789,0.0275,0.01744));
#5770=CARTESIAN_POINT('',(0.0210490002562789,0.03144,0.01744));
#5771=CARTESIAN_POINT('',(0.0210490002562789,0.0270941822956568,0.01744));
#5772=CARTESIAN_POINT('',(0.022,0.025,0.01744));
#5773=CARTESIAN_POINT('',(0.0210490002562789,0.0229058177043432,0.01744));
#5774=CARTESIAN_POINT('',(0.0210490002562789,0.0185,0.01744));
#5775=CARTESIAN_POINT('',(0.0175535701570251,0.0275,0.0174399999992869));
#5776=CARTESIAN_POINT('',(0.0175535701570251,0.0265,0.0174399999992869));
#5777=CARTESIAN_POINT('',(0.018369390068698,0.0275,0.0172654283990554));
#5778=CARTESIAN_POINT('',(0.018369390068698,0.0265,0.0172654283990554));
#5779=CARTESIAN_POINT('',(0.0190678780031583,0.0275,0.0172654283995571));
#5780=CARTESIAN_POINT('',(0.0190678780031583,0.0265,0.0172654283995571));
#5781=CARTESIAN_POINT('',(0.0196490339604062,0.0275,0.0174400000007924));
#5782=CARTESIAN_POINT('',(0.0196490339604062,0.0265,0.0174400000007924));
#5783=CARTESIAN_POINT('',(0.0175535701536928,0.0265,0.01744));
#5784=CARTESIAN_POINT('',(0.0187773000215059,0.0265,0.0171781425989771));
#5785=CARTESIAN_POINT('',(0.0196490339577824,0.0265,0.0174400000000042));
#5786=CARTESIAN_POINT('',(0.02005,0.0275,0.02014));
#5787=CARTESIAN_POINT('',(0.02005,0.0255,0.02014));
#5788=CARTESIAN_POINT('',(0.02005,0.025,0.02014));
#5789=CARTESIAN_POINT('',(0.02005,0.025,0.02014));
#5790=CARTESIAN_POINT('',(0.02005,0.025,0.02114));
#5791=CARTESIAN_POINT('',(0.02005,0.0275,0.02114));
#5792=CARTESIAN_POINT('',(-0.023025,-0.025525,0.02114));
#5793=CARTESIAN_POINT('',(0.022,0.025,0.02114));
#5794=CARTESIAN_POINT('',(0.022,0.02305,0.02114));
#5795=CARTESIAN_POINT('',(0.022,0.02305,0.02114));
#5796=CARTESIAN_POINT('',(0.026,0.02305,0.02114));
#5797=CARTESIAN_POINT('',(0.026,0.0185,0.02114));
#5798=CARTESIAN_POINT('',(0.026,0.0265,0.02114));
#5799=CARTESIAN_POINT('',(0.026,0.0265,0.02114));
#5800=CARTESIAN_POINT('',(0.022,0.025,0.02014));
#5801=CARTESIAN_POINT('',(0.022,0.02305,0.02014));
#5802=CARTESIAN_POINT('',(0.022,0.02305,0.02014));
#5803=CARTESIAN_POINT('',(0.022,0.025,0.02014));
#5804=CARTESIAN_POINT('',(0.022,0.025,0.01514));
#5805=CARTESIAN_POINT('',(0.0210490002562789,0.0267023805354392,0.01744));
#5806=CARTESIAN_POINT('',(0.0210164571726136,0.0266842010135395,0.0172957010275208));
#5807=CARTESIAN_POINT('',(0.021,0.0266740669042783,0.0171490929445643));
#5808=CARTESIAN_POINT('',(0.021,0.0266740669042783,0.017));
#5809=CARTESIAN_POINT('',(0.0210490002562789,0.0267023805354392,0.01744));
#5810=CARTESIAN_POINT('',(0.022,0.025,0.01744));
#5811=CARTESIAN_POINT('',(0.0222346671701914,0.0269358283289678,0.01744));
#5812=CARTESIAN_POINT('',(0.0225335757776141,0.0268755790811223,0.01514));
#5813=CARTESIAN_POINT('',(0.0222552462025541,0.0269547599170254,0.015440109728437));
#5814=CARTESIAN_POINT('',(0.0218870898743253,0.0269427160259738,0.016219954376997));
#5815=CARTESIAN_POINT('',(0.0220393542365101,0.0269595047742202,0.0170731996447726));
#5816=CARTESIAN_POINT('',(0.0222346671701914,0.0269358283289679,0.01744));
#5817=CARTESIAN_POINT('',(0.0225335757776141,0.0268755790811223,0.01514));
#5818=CARTESIAN_POINT('',(0.022,0.025,0.01514));
#5819=CARTESIAN_POINT('',(0.0238848076824971,0.0245,0.01514));
#5820=CARTESIAN_POINT('',(0.0238848076824971,0.0245,0.02014));
#5821=CARTESIAN_POINT('',(0.0238848076824971,0.0245,0.01744));
#5822=CARTESIAN_POINT('',(0.022,0.025,0.01744));
#5823=CARTESIAN_POINT('',(0.0210490002562789,0.0232976194645608,0.01744));
#5824=CARTESIAN_POINT('',(0.021,0.0233259330957217,0.017));
#5825=CARTESIAN_POINT('',(0.021,0.0233259330957217,0.0171490929445643));
#5826=CARTESIAN_POINT('',(0.0210164571726136,0.0233157989864605,0.0172957010275208));
#5827=CARTESIAN_POINT('',(0.0210490002562789,0.0232976194645608,0.01744));
#5828=CARTESIAN_POINT('',(0.023,0.03144,0.017));
#5829=CARTESIAN_POINT('',(0.0210490002562789,0.0185,0.01744));
#5830=CARTESIAN_POINT('',(0.022,0.025,0.01514));
#5831=CARTESIAN_POINT('',(0.022,0.025,0.01514));
#5832=CARTESIAN_POINT('',(0.022,0.025,0.02014));
#5833=CARTESIAN_POINT('',(0.0210490002562789,0.0229058177043432,0.01744));
#5834=CARTESIAN_POINT('',(0.0210164154333633,0.0229206149635437,0.0172955159519149));
#5835=CARTESIAN_POINT('',(0.021,0.0229287684822792,0.0171488846691843));
#5836=CARTESIAN_POINT('',(0.021,0.0229287684822792,0.017));
#5837=CARTESIAN_POINT('',(0.021,0.0270712315177208,0.017));
#5838=CARTESIAN_POINT('',(0.021,0.0270712315177208,0.0171488846691843));
#5839=CARTESIAN_POINT('',(0.0210164154333633,0.0270793850364563,0.0172955159519149));
#5840=CARTESIAN_POINT('',(0.0210490002562789,0.0270941822956568,0.01744));
#5841=CARTESIAN_POINT('',(0.023,0.03144,0.017));
#5842=CARTESIAN_POINT('',(0.023,0.0275,0.017));
#5843=CARTESIAN_POINT('',(0.014,0.0275,0.01944));
#5844=CARTESIAN_POINT('',(0.021,0.0318,0.0129));
#5845=CARTESIAN_POINT('',(0.022,0.0318,0.0129));
#5846=CARTESIAN_POINT('',(0.023,0.03144,0.017));
#5847=CARTESIAN_POINT('',(-0.020875,0.025,0.01415));
#5848=CARTESIAN_POINT('',(0.014,0.0275,0.01944));
#5849=CARTESIAN_POINT('',(-0.026,0.0275,0.017));
#5850=CARTESIAN_POINT('',(-0.026,0.0275,0.019));
#5851=CARTESIAN_POINT('',(-0.026,0.0275,0.019));
#5852=CARTESIAN_POINT('',(0.024,0.0318,0.0165));
#5853=CARTESIAN_POINT('',(-0.024,0.0318,0.0165));
#5854=CARTESIAN_POINT('',(-0.026,0.0318,0.0165));
#5855=CARTESIAN_POINT('',(-0.02525,0.03144,0.012));
#5856=CARTESIAN_POINT('',(-0.023,0.03144,0.019));
#5857=CARTESIAN_POINT('',(-0.026,0.03144,0.019));
#5858=CARTESIAN_POINT('',(-0.026,0.02344,0.019));
#5859=CARTESIAN_POINT('',(-0.026,0.02344,0.019));
#5860=CARTESIAN_POINT('',(-0.0245,0.02344,0.0155));
#5861=CARTESIAN_POINT('',(-0.026,0.02344,0.017));
#5862=CARTESIAN_POINT('',(-0.028,0.02344,0.017));
#5863=CARTESIAN_POINT('',(-0.028,0.02344,0.015));
#5864=CARTESIAN_POINT('',(-0.024,0.02344,0.0165));
#5865=CARTESIAN_POINT('',(-0.024,0.136871801593504,0.0165));
#5866=CARTESIAN_POINT('',(0.024,0.0245,0.0165));
#5867=CARTESIAN_POINT('',(-0.024,0.0245,0.0165));
#5868=CARTESIAN_POINT('',(-0.024,0.0285,0.0165));
#5869=CARTESIAN_POINT('',(-0.02475,0.0285,0.0146459503782261));
#5870=CARTESIAN_POINT('',(-0.02475,0.0275,0.0146459503782261));
#5871=CARTESIAN_POINT('',(-0.024,0.0275,0.0165));
#5872=CARTESIAN_POINT('',(0.014,0.0275,0.01944));
#5873=CARTESIAN_POINT('',(-0.02475,0.0275,0.));
#5874=CARTESIAN_POINT('',(-0.02475,0.0275,0.015));
#5875=CARTESIAN_POINT('',(-0.0125,0.0275,0.015));
#5876=CARTESIAN_POINT('',(-0.02525,0.,0.015));
#5877=CARTESIAN_POINT('',(-0.02475,0.010875,0.015));
#5878=CARTESIAN_POINT('',(-0.02475,0.022,0.));
#5879=CARTESIAN_POINT('',(-0.03525,0.,-0.015));
#5880=CARTESIAN_POINT('',(-0.03525,-0.028,0.0117));
#5881=CARTESIAN_POINT('',(-0.03525,0.0168,0.0117));
#5882=CARTESIAN_POINT('',(-0.03525,0.0168,-1.11022302462516E-18));
#5883=CARTESIAN_POINT('',(-0.03455,0.0168,-1.11022302462516E-18));
#5884=CARTESIAN_POINT('',(-0.03455,0.0168,0.0117));
#5885=CARTESIAN_POINT('',(-0.028,0.03144,0.017));
#5886=CARTESIAN_POINT('',(-0.028,0.03144,0.017));
#5887=CARTESIAN_POINT('',(-0.017,0.0195589817645253,0.01814));
#5888=CARTESIAN_POINT('',(-0.013,0.0195589817645253,0.01814));
#5889=CARTESIAN_POINT('',(-0.013,0.0195589817645253,0.01974));
#5890=CARTESIAN_POINT('',(-0.017,0.0195589817645253,0.01814));
#5891=CARTESIAN_POINT('',(-0.017,0.0195589817645253,0.01974));
#5892=CARTESIAN_POINT('',(0.02,0.0235,0.01744));
#5893=CARTESIAN_POINT('',(0.026,0.0285,0.01944));
#5894=CARTESIAN_POINT('',(0.026,0.0185,0.019));
#5895=CARTESIAN_POINT('',(0.026,0.0265,0.019));
#5896=CARTESIAN_POINT('',(0.026,0.0265,0.0178925));
#5897=CARTESIAN_POINT('',(0.026,0.0265,0.0178925));
#5898=CARTESIAN_POINT('',(0.026,0.02305,0.02014));
#5899=CARTESIAN_POINT('',(0.026,0.02305,0.02014));
#5900=CARTESIAN_POINT('',(0.026,0.0185,0.02014));
#5901=CARTESIAN_POINT('',(0.022,0.02305,0.02014));
#5902=CARTESIAN_POINT('',(0.021,0.02305,0.02014));
#5903=CARTESIAN_POINT('',(0.0187773328187785,-0.0230824713198813,0.02014));
#5904=CARTESIAN_POINT('',(0.0188962206725345,-0.0230824713198813,0.0129442627860762));
#5905=CARTESIAN_POINT('',(0.0187773328187785,-0.0230824713198813,0.0215));
#5906=CARTESIAN_POINT('',(-0.030875,0.0168,0.0117));
#5907=CARTESIAN_POINT('',(-0.03455,0.0168,0.0117));
#5908=CARTESIAN_POINT('',(-0.03455,0.0168,0.011));
#5909=CARTESIAN_POINT('',(-0.030875,0.0168,0.011));
#5910=CARTESIAN_POINT('',(-0.0315,0.00325,0.011));
#5911=CARTESIAN_POINT('',(-0.02845,0.010375,0.011));
#5912=CARTESIAN_POINT('',(-0.02845,0.0118,0.011));
#5913=CARTESIAN_POINT('',(-0.02705,0.0118,0.011));
#5914=CARTESIAN_POINT('',(-0.03455,0.001625,0.011));
#5915=CARTESIAN_POINT('',(-0.02705,0.0118,0.0117));
#5916=CARTESIAN_POINT('',(-0.02845,0.0118,0.0117));
#5917=CARTESIAN_POINT('',(-0.02775,0.0118,0.0117));
#5918=CARTESIAN_POINT('',(-0.02705,0.0118,0.0117));
#5919=CARTESIAN_POINT('',(-0.02705,0.0118,0.015));
#5920=CARTESIAN_POINT('',(-0.02775,0.0118,0.015));
#5921=CARTESIAN_POINT('',(-0.02775,0.0118,0.015));
#5922=CARTESIAN_POINT('',(-0.02705,0.0118,0.015));
#5923=CARTESIAN_POINT('',(-0.02525,0.,0.015));
#5924=CARTESIAN_POINT('',(-0.02775,0.00875,0.015));
#5925=CARTESIAN_POINT('',(-0.02775,-0.011,0.015));
#5926=CARTESIAN_POINT('',(-0.03025,-0.011,0.015));
#5927=CARTESIAN_POINT('',(-0.03525,-0.011,0.015));
#5928=CARTESIAN_POINT('',(-0.03025,-0.011,0.01145));
#5929=CARTESIAN_POINT('',(-0.0277961651584689,-0.011,0.01145));
#5930=CARTESIAN_POINT('',(-0.02775,-0.011,0.015));
#5931=CARTESIAN_POINT('',(-0.02775,-0.011,0.0117));
#5932=CARTESIAN_POINT('',(-0.02845,-0.011,0.0117));
#5933=CARTESIAN_POINT('',(0.02525,-0.018,0.01145));
#5934=CARTESIAN_POINT('',(-0.0277961651584689,0.010375,0.01145));
#5935=CARTESIAN_POINT('',(-0.02845,0.010375,0.0117));
#5936=CARTESIAN_POINT('',(-0.02775,0.010375,0.0117));
#5937=CARTESIAN_POINT('',(-0.03455,0.001625,0.0117));
#5938=CARTESIAN_POINT('',(-0.03455,0.0168,0.0117));
#5939=CARTESIAN_POINT('',(-0.026,0.03144,0.017));
#5940=CARTESIAN_POINT('',(0.022,0.0318,0.0129));
#5941=CARTESIAN_POINT('',(0.022,0.0318,0.0109133122857314));
#5942=CARTESIAN_POINT('',(0.022,0.0318,0.0109133122857314));
#5943=CARTESIAN_POINT('',(0.026,0.03144,0.017));
#5944=CARTESIAN_POINT('',(0.026,0.0275,0.017));
#5945=CARTESIAN_POINT('',(0.026,0.0265,0.017));
#5946=CARTESIAN_POINT('',(0.028,0.03144,0.017));
#5947=CARTESIAN_POINT('',(0.028,0.0275,0.017));
#5948=CARTESIAN_POINT('',(0.026,0.0275,0.017));
#5949=CARTESIAN_POINT('',(0.028,0.025,0.015));
#5950=CARTESIAN_POINT('',(0.028,0.0244,0.0114));
#5951=CARTESIAN_POINT('',(0.028,0.025,0.0114));
#5952=CARTESIAN_POINT('',(0.028,0.025,0.0114));
#5953=CARTESIAN_POINT('',(0.028,0.0275,0.0114));
#5954=CARTESIAN_POINT('',(0.028,0.0275,0.017));
#5955=CARTESIAN_POINT('',(0.0284201831532805,0.025,0.0114));
#5956=CARTESIAN_POINT('',(0.0351824555320337,-0.018,0.0114));
#5957=CARTESIAN_POINT('',(0.0351824555320337,0.025,0.0114));
#5958=CARTESIAN_POINT('',(0.0351824555320337,0.0275,0.0114));
#5959=CARTESIAN_POINT('',(0.0309600915766403,0.0275,0.0114));
#5960=CARTESIAN_POINT('',(0.03075,0.025,0.0114));
#5961=CARTESIAN_POINT('',(0.02585,-0.0119,-1.11022302462516E-18));
#5962=CARTESIAN_POINT('',(0.02585,-0.0119,0.01145));
#5963=CARTESIAN_POINT('',(0.02585,-0.0125,0.01145));
#5964=CARTESIAN_POINT('',(0.02585,-0.0125,-1.11022302462516E-18));
#5965=CARTESIAN_POINT('',(0.02585,-0.0125,0.015));
#5966=CARTESIAN_POINT('',(0.02585,-0.0119,0.015));
#5967=CARTESIAN_POINT('',(0.017,-0.0198,0.01814));
#5968=CARTESIAN_POINT('',(0.013,-0.0198,0.01814));
#5969=CARTESIAN_POINT('',(0.013,-0.0198,0.01654));
#5970=CARTESIAN_POINT('',(0.0328934339872219,-0.025,0.0129442627860762));
#5971=CARTESIAN_POINT('',(0.024,0.0265,0.016345));
#5972=CARTESIAN_POINT('',(0.024,0.0265,0.016345));
#5973=CARTESIAN_POINT('',(0.014,0.0275,0.01944));
#5974=CARTESIAN_POINT('',(0.024,0.0265,0.016345));
#5975=CARTESIAN_POINT('',(0.02,0.0235,0.01744));
#5976=CARTESIAN_POINT('',(0.023,0.0245,0.01744));
#5977=CARTESIAN_POINT('',(0.0222346671701914,0.0245,0.01744));
#5978=CARTESIAN_POINT('',(0.0222346671701914,0.0285,0.01744));
#5979=CARTESIAN_POINT('',(0.022,0.025,0.01514));
#5980=CARTESIAN_POINT('',(0.023,0.0245,0.01514));
#5981=CARTESIAN_POINT('',(0.0242449944320644,0.0245,0.01514));
#5982=CARTESIAN_POINT('',(0.0225335757776141,0.0285,0.01514));
#5983=CARTESIAN_POINT('',(0.0225335757776141,0.0272372520844874,0.01514));
#5984=CARTESIAN_POINT('',(0.022,0.025,0.01514));
#5985=CARTESIAN_POINT('',(0.024,0.0245,0.0165));
#5986=CARTESIAN_POINT('',(0.0242449944320644,0.0245,0.02014));
#5987=CARTESIAN_POINT('',(0.0242449944320644,0.0245,0.0184849377139491));
#5988=CARTESIAN_POINT('',(0.024,0.0245,0.0165));
#5989=CARTESIAN_POINT('',(-0.03455,0.0168,0.0117));
#5990=CARTESIAN_POINT('',(-0.013,0.0195589817645253,0.01814));
#5991=CARTESIAN_POINT('',(-0.02775,0.0175,0.015));
#5992=CARTESIAN_POINT('',(0.022,0.025,0.02014));
#5993=CARTESIAN_POINT('',(0.0242449944320644,0.0245,0.0184849377139491));
#5994=CARTESIAN_POINT('',(0.0243064775914658,0.0247760587010438,0.0184773490467515));
#5995=CARTESIAN_POINT('',(0.0243261685473271,0.0253426198222447,0.0184733983545343));
#5996=CARTESIAN_POINT('',(0.0240507271547391,0.0261521786209271,0.0185128209315055));
#5997=CARTESIAN_POINT('',(0.0235004433736776,0.0268111087125611,0.0184752816084606));
#5998=CARTESIAN_POINT('',(0.0227872439815128,0.0272005047625452,0.0181624417954598));
#5999=CARTESIAN_POINT('',(0.0222077139887285,0.0273038477430862,0.0175175367105467));
#6000=CARTESIAN_POINT('',(0.0218609897382227,0.0272920361724233,0.016419758494703));
#6001=CARTESIAN_POINT('',(0.0221525772522327,0.0273281187265882,0.015550812842877));
#6002=CARTESIAN_POINT('',(0.0225335757776141,0.0272372520844874,0.01514));
#6003=CARTESIAN_POINT('',(0.03075,0.0244,0.0114));
#6004=CARTESIAN_POINT('',(0.03455,0.0248472135955,0.011));
#6005=CARTESIAN_POINT('',(0.0348219918410523,0.0248472135955,0.011));
#6006=CARTESIAN_POINT('',(0.0350658833280826,0.025,0.0111542442157659));
#6007=CARTESIAN_POINT('',(0.0351824555320337,0.025,0.0114));
#6008=CARTESIAN_POINT('',(0.02965,0.0109,0.0114));
#6009=CARTESIAN_POINT('',(0.0301046288275067,0.0115,0.011));
#6010=CARTESIAN_POINT('',(0.0299359787604133,0.0115,0.011113874564261));
#6011=CARTESIAN_POINT('',(0.0297927317954004,0.0115,0.0112572693822812));
#6012=CARTESIAN_POINT('',(0.02965,0.0115,0.0114));
#6013=CARTESIAN_POINT('',(0.013,-0.0198,0.01814));
#6014=CARTESIAN_POINT('',(-0.012,0.0225648819255749,0.0136978522665204));
#6015=CARTESIAN_POINT('',(-0.012,-0.028,0.02014));
#6016=CARTESIAN_POINT('',(-0.012,-0.0185,0.01025));
#6017=CARTESIAN_POINT('',(-0.01725,0.01635,0.));
#6018=CARTESIAN_POINT('',(-0.0155,0.01635,0.01025));
#6019=CARTESIAN_POINT('',(-0.017,0.01635,0.02014));
#6020=CARTESIAN_POINT('',(-0.017,0.01635,0.02014));
#6021=CARTESIAN_POINT('',(-0.017,0.01635,0.02014));
#6022=CARTESIAN_POINT('',(-0.017,0.01735,0.02014));
#6023=CARTESIAN_POINT('',(-0.017,0.0248589817645253,0.02014));
#6024=CARTESIAN_POINT('',(-0.019,-0.00157050911773741,0.02014));
#6025=CARTESIAN_POINT('',(0.,0.,0.01025));
#6026=CARTESIAN_POINT('',(0.,0.0115,0.01025));
#6027=CARTESIAN_POINT('',(0.0284979064017534,0.0115,0.01025));
#6028=CARTESIAN_POINT('',(0.0284979064017534,0.,0.01025));
#6029=CARTESIAN_POINT('',(0.007,0.0275,0.01025));
#6030=CARTESIAN_POINT('',(0.01675,-0.018,0.01025));
#6031=CARTESIAN_POINT('',(0.0275,0.0025,0.015));
#6032=CARTESIAN_POINT('',(0.026375,0.0025,0.01145));
#6033=CARTESIAN_POINT('',(0.0275,0.0025,0.01145));
#6034=CARTESIAN_POINT('',(0.026375,0.0025,0.015));
#6035=CARTESIAN_POINT('',(0.0275,0.0025,0.015));
#6036=CARTESIAN_POINT('',(0.0275,0.0025,0.015));
#6037=CARTESIAN_POINT('',(0.0275,0.0115,0.015));
#6038=CARTESIAN_POINT('',(0.0275,0.01,0.0135));
#6039=CARTESIAN_POINT('',(0.0275,0.0115,0.012));
#6040=CARTESIAN_POINT('',(0.0275,0.0085,0.015));
#6041=CARTESIAN_POINT('',(0.0275,0.0115,0.015));
#6042=CARTESIAN_POINT('',(0.0275,0.0115,0.01145));
#6043=CARTESIAN_POINT('',(0.0275,-0.00325,0.01145));
#6044=CARTESIAN_POINT('',(0.0275,0.00575,0.015));
#6045=CARTESIAN_POINT('',(0.014,0.0275,0.01944));
#6046=CARTESIAN_POINT('',(0.03455,0.0275,0.0117));
#6047=CARTESIAN_POINT('',(0.03525,0.0275,0.0117));
#6048=CARTESIAN_POINT('',(0.03525,0.0275,0.0121625));
#6049=CARTESIAN_POINT('',(0.03525,0.0275,0.015));
#6050=CARTESIAN_POINT('',(0.0343734365222149,0.0275,0.015));
#6051=CARTESIAN_POINT('',(0.02525,-0.018,0.01145));
#6052=CARTESIAN_POINT('',(0.0268739532008767,0.0115,0.01145));
#6053=CARTESIAN_POINT('',(-0.02525,0.,0.015));
#6054=CARTESIAN_POINT('',(0.0305,-0.017,0.015));
#6055=CARTESIAN_POINT('',(0.0305,-0.018,0.015));
#6056=CARTESIAN_POINT('',(0.0305,-0.0125,0.015));
#6057=CARTESIAN_POINT('',(0.03525,-0.018,0.015));
#6058=CARTESIAN_POINT('',(0.03525,-0.018,0.015));
#6059=CARTESIAN_POINT('',(0.03525,0.0085,0.015));
#6060=CARTESIAN_POINT('',(0.03575,0.0085,0.015));
#6061=CARTESIAN_POINT('',(0.02525,-0.0125,0.015));
#6062=CARTESIAN_POINT('',(-0.019,-0.00157050911773741,0.02014));
#6063=CARTESIAN_POINT('',(0.0175,0.0185,0.02014));
#6064=CARTESIAN_POINT('',(0.0153886664093892,-0.00475,0.0215));
#6065=CARTESIAN_POINT('',(0.015,0.0185,0.0215));
#6066=CARTESIAN_POINT('',(0.026,0.0185,0.01944));
#6067=CARTESIAN_POINT('',(0.03525,-0.018,0.0117));
#6068=CARTESIAN_POINT('',(0.03525,0.0115,0.01335));
#6069=CARTESIAN_POINT('',(0.03525,0.0115,0.0117));
#6070=CARTESIAN_POINT('',(0.03525,0.0115,0.012));
#6071=CARTESIAN_POINT('',(0.03525,0.00345,0.02005));
#6072=CARTESIAN_POINT('',(0.03525,-0.018,0.0117));
#6073=CARTESIAN_POINT('',(0.03455,-0.018,0.0117));
#6074=CARTESIAN_POINT('',(0.03455,0.0115,0.0117));
#6075=CARTESIAN_POINT('',(0.02525,-0.0125,0.015));
#6076=CARTESIAN_POINT('',(0.0275,-0.0125,0.015));
#6077=CARTESIAN_POINT('',(0.0275,-0.0125,0.01145));
#6078=CARTESIAN_POINT('',(0.0275,-0.0125,0.012));
#6079=CARTESIAN_POINT('',(0.0284375,-0.0125,0.0129375));
#6080=CARTESIAN_POINT('',(0.02525,-0.0125,0.01145));
#6081=CARTESIAN_POINT('',(0.02525,-0.018,0.01145));
#6082=CARTESIAN_POINT('',(0.029375,-0.018,0.01145));
#6083=CARTESIAN_POINT('',(0.0275,-0.018,0.01145));
#6084=CARTESIAN_POINT('',(0.0275,-0.013,0.01145));
#6085=CARTESIAN_POINT('',(0.0275,0.0115,0.015));
#6086=CARTESIAN_POINT('',(0.0275,-0.018,0.0075));
#6087=CARTESIAN_POINT('',(0.0275,-0.018,0.012));
#6088=CARTESIAN_POINT('',(0.0275,-0.017,0.012));
#6089=CARTESIAN_POINT('',(0.029,-0.017,0.0135));
#6090=CARTESIAN_POINT('',(0.02675,-0.018,0.01125));
#6091=CARTESIAN_POINT('',(0.03625,0.0115,0.015));
#6092=CARTESIAN_POINT('',(0.0284979064017534,0.0115,-0.0941424218620221));
#6093=CARTESIAN_POINT('',(0.03575,0.0115,0.012));
#6094=CARTESIAN_POINT('',(0.03575,0.01,0.0135));
#6095=CARTESIAN_POINT('',(0.0335,-0.018,0.));
#6096=CARTESIAN_POINT('',(0.024,0.0285,0.0165));
#6097=CARTESIAN_POINT('',(0.0284979064017534,0.015,-0.0941424218620221));
#6098=MECHANICAL_DESIGN_GEOMETRIC_PRESENTATION_REPRESENTATION('',(#3339,
#3086,#3087,#3088,#3089,#3090,#3091,#3092,#3093,#3094,#3095,#3096,#3097,
#3098,#3099,#3100,#3101,#3102,#3103,#3104,#3105,#3106,#3107,#3108,#3109,
#3110,#3111,#3112,#3113,#3114,#3115,#3116,#3117,#3118,#3119,#3120,#3121,
#3122,#3123,#3124,#3125,#3126,#3127,#3128,#3129,#3130,#3131,#3132,#3133,
#3134,#3135,#3136,#3137,#3138,#3139,#3140,#3141,#3142,#3143,#3144,#3145,
#3146,#3147,#3148,#3149,#3150,#3151,#3152,#3153,#3154,#3155,#3156,#3157,
#3158,#3159,#3160,#3161,#3162,#3163,#3164,#3165,#3166,#3167,#3168,#3169,
#3170,#3171,#3172,#3173,#3174,#3175),#6099);
#6099=(
GEOMETRIC_REPRESENTATION_CONTEXT(3)
GLOBAL_UNCERTAINTY_ASSIGNED_CONTEXT((#6100))
GLOBAL_UNIT_ASSIGNED_CONTEXT((#6103,#6102,#6101))
REPRESENTATION_CONTEXT('electronics_frame_split_2',
'TOP_LEVEL_ASSEMBLY_PART')
);
#6100=UNCERTAINTY_MEASURE_WITH_UNIT(LENGTH_MEASURE(2.E-5),#6103,
'DISTANCE_ACCURACY_VALUE','Maximum Tolerance applied to model');
#6101=(
NAMED_UNIT(*)
SI_UNIT($,.STERADIAN.)
SOLID_ANGLE_UNIT()
);
#6102=(
NAMED_UNIT(*)
PLANE_ANGLE_UNIT()
SI_UNIT($,.RADIAN.)
);
#6103=(
LENGTH_UNIT()
NAMED_UNIT(*)
SI_UNIT($,.METRE.)
);
#6104=PRODUCT_DEFINITION_SHAPE('','',#6105);
#6105=PRODUCT_DEFINITION('','',#6107,#6106);
#6106=PRODUCT_DEFINITION_CONTEXT('',#6113,'design');
#6107=PRODUCT_DEFINITION_FORMATION_WITH_SPECIFIED_SOURCE('','',#6109,
 .NOT_KNOWN.);
#6108=PRODUCT_RELATED_PRODUCT_CATEGORY('','',(#6109));
#6109=PRODUCT('electronics_frame_split_2','electronics_frame_split_2',
'electronics_frame_split_2',(#6111));
#6110=PRODUCT_CATEGORY('','');
#6111=PRODUCT_CONTEXT('',#6113,'mechanical');
#6112=APPLICATION_PROTOCOL_DEFINITION('international standard',
'ap242_managed_model_based_3d_engineering',2020,#6113);
#6113=APPLICATION_CONTEXT('managed model based 3d engineering');
ENDSEC;
END-ISO-10303-21;
