ISO-10303-21;
HEADER;
/* Generated by software containing ST-Developer
 * from STEP Tools, Inc. (www.steptools.com) 
 */

FILE_DESCRIPTION(
/* description */ (''),
/* implementation_level */ '2;1');

FILE_NAME(
/* name */ 'upper_shell_vertical_center_derived.stp',
/* time_stamp */ '2023-10-16T14:31:45+02:00',
/* author */ ('Henrik Hose'),
/* organization */ (''),
/* preprocessor_version */ 'ST-DEVELOPER v19.2',
/* originating_system */ 'Autodesk Inventor 2024',
/* authorisation */ '');

FILE_SCHEMA (('AUTOMOTIVE_DESIGN { 1 0 10303 214 3 1 1 }'));
ENDSEC;

DATA;
#10=MECHANICAL_DESIGN_GEOMETRIC_PRESENTATION_REPRESENTATION('',(#94,#95,
#96,#97,#98,#99,#100,#101,#102,#103,#104,#105,#106,#107,#108,#109,#110,
#111,#112,#113,#114,#115,#116,#117,#118,#119,#120,#121,#122,#123,#124,#125,
#126,#127,#128,#129,#130,#131,#132,#133,#134,#135,#136,#137,#138,#139,#140,
#141,#142,#143,#144,#145,#146,#147,#148,#149,#150,#151,#152,#153,#154,#155,
#156,#157,#158,#159,#160,#161,#162,#163,#164,#165,#166,#167,#168,#169,#170,
#171,#172,#173,#174,#175,#176,#177,#178,#179,#180,#181,#182,#183,#184,#185,
#186,#187,#188,#189,#190,#191,#192,#193,#194,#195,#196,#197,#198,#199),
#6624);
#11=SHAPE_REPRESENTATION_RELATIONSHIP('SRR','None',#6631,#12);
#12=ADVANCED_BREP_SHAPE_REPRESENTATION('',(#13),#6623);
#13=MANIFOLD_SOLID_BREP('Volumenk\X\F6rper9',#3321);
#14=ELLIPSE('',#3438,3.83545874722345,2.);
#15=ELLIPSE('',#3453,3.83545874722345,2.);
#16=ELLIPSE('',#3456,3.83545874722345,2.);
#17=ELLIPSE('',#3459,3.83545874722345,2.);
#18=B_SPLINE_SURFACE_WITH_KNOTS('',3,3,((#4850,#4851,#4852,#4853,#4854,
#4855,#4856,#4857,#4858),(#4859,#4860,#4861,#4862,#4863,#4864,#4865,#4866,
#4867),(#4868,#4869,#4870,#4871,#4872,#4873,#4874,#4875,#4876),(#4877,#4878,
#4879,#4880,#4881,#4882,#4883,#4884,#4885),(#4886,#4887,#4888,#4889,#4890,
#4891,#4892,#4893,#4894)),.UNSPECIFIED.,.F.,.F.,.F.,(4,1,4),(4,1,1,1,1,
1,4),(0.,0.571428571428571,1.),(0.,0.392015911558249,0.784031823116498,
1.17604773467475,1.96007955779125,2.3520954693495,2.74411138090774),
 .UNSPECIFIED.);
#19=B_SPLINE_SURFACE_WITH_KNOTS('',3,3,((#4947,#4948,#4949,#4950),(#4951,
#4952,#4953,#4954),(#4955,#4956,#4957,#4958),(#4959,#4960,#4961,#4962),
(#4963,#4964,#4965,#4966),(#4967,#4968,#4969,#4970),(#4971,#4972,#4973,
#4974),(#4975,#4976,#4977,#4978),(#4979,#4980,#4981,#4982),(#4983,#4984,
#4985,#4986)),.UNSPECIFIED.,.F.,.F.,.F.,(4,1,1,1,1,1,1,4),(4,4),(0.,0.142857142857143,
0.285714285714286,0.428571428571429,0.571428571428571,0.714285714285714,
0.857142857142857,1.),(-1.315,-0.214999999999999),.UNSPECIFIED.);
#20=B_SPLINE_SURFACE_WITH_KNOTS('',3,3,((#5011,#5012,#5013,#5014,#5015,
#5016,#5017,#5018,#5019),(#5020,#5021,#5022,#5023,#5024,#5025,#5026,#5027,
#5028),(#5029,#5030,#5031,#5032,#5033,#5034,#5035,#5036,#5037),(#5038,#5039,
#5040,#5041,#5042,#5043,#5044,#5045,#5046),(#5047,#5048,#5049,#5050,#5051,
#5052,#5053,#5054,#5055)),.UNSPECIFIED.,.F.,.F.,.F.,(4,1,4),(4,1,1,1,1,
1,4),(0.,0.571428571428571,1.),(-3.36536523694391E-15,0.392015911558246,
0.784031823116496,1.17604773467475,1.96007955779125,2.35209546934949,2.74411138090774),
 .UNSPECIFIED.);
#21=B_SPLINE_SURFACE_WITH_KNOTS('',3,3,((#5123,#5124,#5125,#5126,#5127,
#5128,#5129,#5130,#5131),(#5132,#5133,#5134,#5135,#5136,#5137,#5138,#5139,
#5140),(#5141,#5142,#5143,#5144,#5145,#5146,#5147,#5148,#5149),(#5150,#5151,
#5152,#5153,#5154,#5155,#5156,#5157,#5158),(#5159,#5160,#5161,#5162,#5163,
#5164,#5165,#5166,#5167)),.UNSPECIFIED.,.F.,.F.,.F.,(4,1,4),(4,1,1,1,1,
1,4),(0.,0.571428571428571,1.),(7.6397221882099E-16,0.39201591155825,0.7840318231165,
1.568063646233,1.96007955779125,2.3520954693495,2.74411138090775),
 .UNSPECIFIED.);
#22=B_SPLINE_SURFACE_WITH_KNOTS('',3,3,((#5227,#5228,#5229,#5230,#5231,
#5232,#5233,#5234,#5235),(#5236,#5237,#5238,#5239,#5240,#5241,#5242,#5243,
#5244),(#5245,#5246,#5247,#5248,#5249,#5250,#5251,#5252,#5253),(#5254,#5255,
#5256,#5257,#5258,#5259,#5260,#5261,#5262),(#5263,#5264,#5265,#5266,#5267,
#5268,#5269,#5270,#5271)),.UNSPECIFIED.,.F.,.F.,.F.,(4,1,4),(4,1,1,1,1,
1,4),(0.,0.571428571428571,1.),(0.,0.39201591155825,0.784031823116499,1.17604773467475,
1.96007955779125,2.3520954693495,2.74411138090775),.UNSPECIFIED.);
#23=B_SPLINE_SURFACE_WITH_KNOTS('',3,3,((#5316,#5317,#5318,#5319),(#5320,
#5321,#5322,#5323),(#5324,#5325,#5326,#5327),(#5328,#5329,#5330,#5331),
(#5332,#5333,#5334,#5335),(#5336,#5337,#5338,#5339),(#5340,#5341,#5342,
#5343),(#5344,#5345,#5346,#5347),(#5348,#5349,#5350,#5351),(#5352,#5353,
#5354,#5355)),.UNSPECIFIED.,.F.,.F.,.F.,(4,1,1,1,1,1,1,4),(4,4),(0.,0.142857142857143,
0.285714285714286,0.428571428571429,0.571428571428571,0.714285714285714,
0.857142857142857,1.),(0.485,2.485),.UNSPECIFIED.);
#24=B_SPLINE_SURFACE_WITH_KNOTS('',3,3,((#5454,#5455,#5456,#5457),(#5458,
#5459,#5460,#5461),(#5462,#5463,#5464,#5465),(#5466,#5467,#5468,#5469),
(#5470,#5471,#5472,#5473),(#5474,#5475,#5476,#5477),(#5478,#5479,#5480,
#5481),(#5482,#5483,#5484,#5485),(#5486,#5487,#5488,#5489),(#5490,#5491,
#5492,#5493)),.UNSPECIFIED.,.F.,.F.,.F.,(4,1,1,1,1,1,1,4),(4,4),(0.,0.142857142857143,
0.285714285714286,0.428571428571429,0.571428571428571,0.714285714285714,
0.857142857142857,1.),(-4.96,0.640000000000002),.UNSPECIFIED.);
#25=B_SPLINE_SURFACE_WITH_KNOTS('',3,3,((#5645,#5646,#5647,#5648),(#5649,
#5650,#5651,#5652),(#5653,#5654,#5655,#5656),(#5657,#5658,#5659,#5660),
(#5661,#5662,#5663,#5664),(#5665,#5666,#5667,#5668),(#5669,#5670,#5671,
#5672),(#5673,#5674,#5675,#5676),(#5677,#5678,#5679,#5680),(#5681,#5682,
#5683,#5684)),.UNSPECIFIED.,.F.,.F.,.F.,(4,1,1,1,1,1,1,4),(4,4),(0.,0.142857142857143,
0.285714285714286,0.428571428571429,0.571428571428571,0.714285714285714,
0.857142857142857,1.),(-2.8,2.8),.UNSPECIFIED.);
#26=B_SPLINE_SURFACE_WITH_KNOTS('',3,3,((#5854,#5855,#5856,#5857),(#5858,
#5859,#5860,#5861),(#5862,#5863,#5864,#5865),(#5866,#5867,#5868,#5869),
(#5870,#5871,#5872,#5873),(#5874,#5875,#5876,#5877),(#5878,#5879,#5880,
#5881),(#5882,#5883,#5884,#5885),(#5886,#5887,#5888,#5889),(#5890,#5891,
#5892,#5893)),.UNSPECIFIED.,.F.,.F.,.F.,(4,1,1,1,1,1,1,4),(4,4),(0.,0.142857142857143,
0.285714285714286,0.428571428571429,0.571428571428571,0.714285714285714,
0.857142857142857,1.),(-1.48958765795754,-1.06041234204245),
 .UNSPECIFIED.);
#27=B_SPLINE_SURFACE_WITH_KNOTS('',3,3,((#5944,#5945,#5946,#5947),(#5948,
#5949,#5950,#5951),(#5952,#5953,#5954,#5955),(#5956,#5957,#5958,#5959),
(#5960,#5961,#5962,#5963),(#5964,#5965,#5966,#5967),(#5968,#5969,#5970,
#5971),(#5972,#5973,#5974,#5975),(#5976,#5977,#5978,#5979),(#5980,#5981,
#5982,#5983)),.UNSPECIFIED.,.F.,.F.,.F.,(4,1,1,1,1,1,1,4),(4,4),(0.,0.142857142857143,
0.285714285714286,0.428571428571429,0.571428571428571,0.714285714285714,
0.857142857142857,1.),(1.21041234204245,1.63958765795754),.UNSPECIFIED.);
#28=B_SPLINE_SURFACE_WITH_KNOTS('',3,3,((#6017,#6018,#6019,#6020),(#6021,
#6022,#6023,#6024),(#6025,#6026,#6027,#6028),(#6029,#6030,#6031,#6032),
(#6033,#6034,#6035,#6036),(#6037,#6038,#6039,#6040),(#6041,#6042,#6043,
#6044),(#6045,#6046,#6047,#6048),(#6049,#6050,#6051,#6052),(#6053,#6054,
#6055,#6056)),.UNSPECIFIED.,.F.,.F.,.F.,(4,1,1,1,1,1,1,4),(4,4),(0.,0.142857142857143,
0.285714285714286,0.428571428571429,0.571428571428571,0.714285714285714,
0.857142857142857,1.),(-2.125,3.475),.UNSPECIFIED.);
#29=B_SPLINE_SURFACE_WITH_KNOTS('',3,3,((#6172,#6173,#6174,#6175),(#6176,
#6177,#6178,#6179),(#6180,#6181,#6182,#6183),(#6184,#6185,#6186,#6187),
(#6188,#6189,#6190,#6191),(#6192,#6193,#6194,#6195),(#6196,#6197,#6198,
#6199),(#6200,#6201,#6202,#6203),(#6204,#6205,#6206,#6207),(#6208,#6209,
#6210,#6211)),.UNSPECIFIED.,.F.,.F.,.F.,(4,1,1,1,1,1,1,4),(4,4),(0.,0.142857142857143,
0.285714285714286,0.428571428571429,0.571428571428571,0.714285714285714,
0.857142857142857,1.),(3.185,4.285),.UNSPECIFIED.);
#30=B_SPLINE_SURFACE_WITH_KNOTS('',3,3,((#6296,#6297,#6298,#6299),(#6300,
#6301,#6302,#6303),(#6304,#6305,#6306,#6307),(#6308,#6309,#6310,#6311)),
 .UNSPECIFIED.,.F.,.F.,.F.,(4,4),(4,4),(0.7855548769744,1.),(-0.640000000000002,
4.96),.UNSPECIFIED.);
#31=B_SPLINE_SURFACE_WITH_KNOTS('',3,3,((#6447,#6448,#6449,#6450),(#6451,
#6452,#6453,#6454),(#6455,#6456,#6457,#6458),(#6459,#6460,#6461,#6462)),
 .UNSPECIFIED.,.F.,.F.,.F.,(4,4),(4,4),(0.,0.214445122957818),(-2.8,2.8),
 .UNSPECIFIED.);
#32=B_SPLINE_SURFACE_WITH_KNOTS('',3,3,((#6464,#6465,#6466,#6467),(#6468,
#6469,#6470,#6471),(#6472,#6473,#6474,#6475),(#6476,#6477,#6478,#6479)),
 .UNSPECIFIED.,.F.,.F.,.F.,(4,4),(4,4),(0.785554876970423,1.),(-2.8,2.8),
 .UNSPECIFIED.);
#33=B_SPLINE_SURFACE_WITH_KNOTS('',3,3,((#6484,#6485,#6486,#6487),(#6488,
#6489,#6490,#6491),(#6492,#6493,#6494,#6495),(#6496,#6497,#6498,#6499)),
 .UNSPECIFIED.,.F.,.F.,.F.,(4,4),(4,4),(0.785554876968714,1.),(-4.96,0.64),
 .UNSPECIFIED.);
#34=(
BOUNDED_CURVE()
B_SPLINE_CURVE(2,(#4786,#4787,#4788),.UNSPECIFIED.,.F.,.F.)
B_SPLINE_CURVE_WITH_KNOTS((3,3),(0.,0.19442222095224),.UNSPECIFIED.)
CURVE()
GEOMETRIC_REPRESENTATION_ITEM()
RATIONAL_B_SPLINE_CURVE((1.,1.05000000000001,1.))
REPRESENTATION_ITEM('')
);
#35=(
BOUNDED_CURVE()
B_SPLINE_CURVE(2,(#5554,#5555,#5556),.UNSPECIFIED.,.F.,.F.)
B_SPLINE_CURVE_WITH_KNOTS((3,3),(0.,0.194422220952243),.UNSPECIFIED.)
CURVE()
GEOMETRIC_REPRESENTATION_ITEM()
RATIONAL_B_SPLINE_CURVE((1.,1.05000000000007,1.))
REPRESENTATION_ITEM('')
);
#36=B_SPLINE_CURVE_WITH_KNOTS('',3,(#4687,#4688,#4689,#4690,#4691,#4692),
 .UNSPECIFIED.,.F.,.F.,(4,2,4),(-1.94352508943858,-1.58351839103788,-1.50008335163388),
 .UNSPECIFIED.);
#37=B_SPLINE_CURVE_WITH_KNOTS('',3,(#4696,#4697,#4698,#4699),
 .UNSPECIFIED.,.F.,.F.,(4,4),(-0.458306730782165,0.),.UNSPECIFIED.);
#38=B_SPLINE_CURVE_WITH_KNOTS('',3,(#4715,#4716,#4717,#4718,#4719,#4720),
 .UNSPECIFIED.,.F.,.F.,(4,2,4),(-2.24987332228132,-1.8334845830453,-1.70955431646513),
 .UNSPECIFIED.);
#39=B_SPLINE_CURVE_WITH_KNOTS('',3,(#4724,#4725,#4726,#4727),
 .UNSPECIFIED.,.F.,.F.,(4,4),(-0.458306730774383,0.),.UNSPECIFIED.);
#40=B_SPLINE_CURVE_WITH_KNOTS('',3,(#4736,#4737,#4738,#4739,#4740,#4741,
#4742,#4743,#4744,#4745,#4746,#4747,#4748,#4749,#4750,#4751,#4752,#4753,
#4754,#4755,#4756,#4757),.UNSPECIFIED.,.F.,.F.,(4,3,3,3,3,3,3,4),(0.,0.291414935177985,
0.58282987035597,0.874244805533955,1.16565974071194,1.45707467588992,1.74848961106791,
2.03990454624589),.UNSPECIFIED.);
#41=B_SPLINE_CURVE_WITH_KNOTS('',3,(#4761,#4762,#4763,#4764,#4765,#4766,
#4767,#4768,#4769,#4770,#4771,#4772,#4773,#4774,#4775,#4776,#4777,#4778,
#4779,#4780,#4781,#4782),.UNSPECIFIED.,.F.,.F.,(4,3,3,3,3,3,3,4),(0.,0.29141493517786,
0.58282987035572,0.87424480553358,1.16565974071144,1.4570746758893,1.74848961106716,
2.03990454624502),.UNSPECIFIED.);
#42=B_SPLINE_CURVE_WITH_KNOTS('',3,(#4792,#4793,#4794,#4795,#4796,#4797,
#4798,#4799,#4800,#4801,#4802,#4803,#4804,#4805,#4806,#4807,#4808,#4809,
#4810,#4811,#4812,#4813),.UNSPECIFIED.,.F.,.F.,(4,3,3,3,3,3,3,4),(0.,0.291414935177789,
0.582829870355579,0.874244805533368,1.16565974071116,1.45707467588895,1.74848961106674,
2.03990454624453),.UNSPECIFIED.);
#43=B_SPLINE_CURVE_WITH_KNOTS('',3,(#4817,#4818,#4819,#4820,#4821,#4822,
#4823,#4824,#4825,#4826,#4827,#4828,#4829,#4830,#4831,#4832,#4833,#4834,
#4835,#4836,#4837,#4838),.UNSPECIFIED.,.F.,.F.,(4,3,3,3,3,3,3,4),(0.,0.291414935177677,
0.582829870355354,0.874244805533031,1.16565974071071,1.45707467588839,1.74848961106606,
2.03990454624374),.UNSPECIFIED.);
#44=B_SPLINE_CURVE_WITH_KNOTS('',3,(#4897,#4898,#4899,#4900,#4901,#4902,
#4903,#4904,#4905,#4906),.UNSPECIFIED.,.F.,.F.,(4,2,2,2,4),(0.391713319958455,
0.915376043181215,0.947459822422507,0.98404919242887,0.999373225403785),
 .UNSPECIFIED.);
#45=B_SPLINE_CURVE_WITH_KNOTS('',3,(#4908,#4909,#4910,#4911,#4912,#4913,
#4914,#4915,#4916),.UNSPECIFIED.,.F.,.F.,(4,1,1,1,1,1,4),(-2.74411138090774,
-2.3520954693495,-1.96007955779125,-1.17604773467475,-0.784031823116498,
-0.392015911558249,0.),.UNSPECIFIED.);
#46=B_SPLINE_CURVE_WITH_KNOTS('',3,(#4920,#4921,#4922,#4923,#4924,#4925,
#4926),.UNSPECIFIED.,.F.,.F.,(4,1,1,1,4),(0.,0.392015911558249,0.784031823116498,
1.17604773467475,1.72648510995871),.UNSPECIFIED.);
#47=B_SPLINE_CURVE_WITH_KNOTS('',3,(#4927,#4928,#4929,#4930,#4931,#4932),
 .UNSPECIFIED.,.F.,.F.,(4,2,4),(0.,0.219266844218106,0.46755419271794),
 .UNSPECIFIED.);
#48=B_SPLINE_CURVE_WITH_KNOTS('',3,(#4989,#4990,#4991,#4992,#4993,#4994,
#4995,#4996,#4997,#4998,#4999,#5000,#5001,#5002,#5003,#5004,#5005,#5006,
#5007,#5008,#5009,#5010),.UNSPECIFIED.,.F.,.F.,(4,3,3,3,3,3,3,4),(0.,0.291414935177789,
0.582829870355579,0.874244805533368,1.16565974071116,1.45707467588895,1.74848961106674,
2.03990454624453),.UNSPECIFIED.);
#49=B_SPLINE_CURVE_WITH_KNOTS('',3,(#5058,#5059,#5060,#5061,#5062,#5063),
 .UNSPECIFIED.,.F.,.F.,(4,2,4),(0.,0.173807695533233,0.327308332662483),
 .UNSPECIFIED.);
#50=B_SPLINE_CURVE_WITH_KNOTS('',3,(#5065,#5066,#5067,#5068,#5069,#5070,
#5071),.UNSPECIFIED.,.F.,.F.,(4,1,1,1,4),(1.01753684884345,1.17604773467475,
1.96007955779125,2.35209546934949,2.74411138090774),.UNSPECIFIED.);
#51=B_SPLINE_CURVE_WITH_KNOTS('',3,(#5075,#5076,#5077,#5078,#5079,#5080,
#5081,#5082,#5083),.UNSPECIFIED.,.F.,.F.,(4,1,1,1,1,1,4),(-2.74411138090774,
-2.35209546934949,-1.96007955779125,-1.17604773467475,-0.784031823116496,
-0.392015911558246,3.36536523694391E-15),.UNSPECIFIED.);
#52=B_SPLINE_CURVE_WITH_KNOTS('',3,(#5084,#5085,#5086,#5087,#5088,#5089,
#5090,#5091,#5092,#5093),.UNSPECIFIED.,.F.,.F.,(4,2,2,2,4),(-0.0126274355479154,
0.,0.0301506732801577,0.0565886126496987,0.488101472260831),
 .UNSPECIFIED.);
#53=B_SPLINE_CURVE_WITH_KNOTS('',3,(#5102,#5103,#5104,#5105,#5106,#5107,
#5108,#5109,#5110,#5111),.UNSPECIFIED.,.F.,.F.,(4,2,2,2,4),(0.,0.546761782546634,
0.963420650874326,1.34676569318333,1.63608644135757),.UNSPECIFIED.);
#54=B_SPLINE_CURVE_WITH_KNOTS('',3,(#5170,#5171,#5172,#5173,#5174,#5175),
 .UNSPECIFIED.,.F.,.F.,(4,2,4),(0.,0.173807695534023,0.327308332664304),
 .UNSPECIFIED.);
#55=B_SPLINE_CURVE_WITH_KNOTS('',3,(#5177,#5178,#5179,#5180,#5181,#5182,
#5183),.UNSPECIFIED.,.F.,.F.,(4,1,1,1,4),(1.01762481388252,1.568063646233,
1.96007955779125,2.3520954693495,2.74411138090775),.UNSPECIFIED.);
#56=B_SPLINE_CURVE_WITH_KNOTS('',3,(#5187,#5188,#5189,#5190,#5191,#5192,
#5193,#5194,#5195),.UNSPECIFIED.,.F.,.F.,(4,1,1,1,1,1,4),(-2.74411138090775,
-2.3520954693495,-1.96007955779125,-1.568063646233,-0.7840318231165,-0.39201591155825,
-7.6397221882099E-16),.UNSPECIFIED.);
#57=B_SPLINE_CURVE_WITH_KNOTS('',3,(#5196,#5197,#5198,#5199,#5200,#5201,
#5202,#5203,#5204,#5205),.UNSPECIFIED.,.F.,.F.,(4,2,2,2,4),(-0.0126274355634505,
0.,0.0301506734796333,0.056588613041084,0.488101476081211),
 .UNSPECIFIED.);
#58=B_SPLINE_CURVE_WITH_KNOTS('',3,(#5214,#5215,#5216,#5217,#5218,#5219,
#5220,#5221,#5222,#5223),.UNSPECIFIED.,.F.,.F.,(4,2,2,2,4),(0.,0.546761782546634,
0.963420650874326,1.34676569318333,1.63608644135766),.UNSPECIFIED.);
#59=B_SPLINE_CURVE_WITH_KNOTS('',3,(#5274,#5275,#5276,#5277,#5278,#5279,
#5280,#5281,#5282,#5283),.UNSPECIFIED.,.F.,.F.,(4,2,2,2,4),(0.391713319959159,
0.915376043208472,0.947459822420948,0.984049192367756,0.999373225210423),
 .UNSPECIFIED.);
#60=B_SPLINE_CURVE_WITH_KNOTS('',3,(#5285,#5286,#5287,#5288,#5289,#5290,
#5291,#5292,#5293),.UNSPECIFIED.,.F.,.F.,(4,1,1,1,1,1,4),(-2.74411138090775,
-2.3520954693495,-1.96007955779125,-1.17604773467475,-0.784031823116499,
-0.39201591155825,0.),.UNSPECIFIED.);
#61=B_SPLINE_CURVE_WITH_KNOTS('',3,(#5297,#5298,#5299,#5300,#5301,#5302,
#5303),.UNSPECIFIED.,.F.,.F.,(4,1,1,1,4),(0.,0.39201591155825,0.784031823116499,
1.17604773467475,1.72648656702522),.UNSPECIFIED.);
#62=B_SPLINE_CURVE_WITH_KNOTS('',3,(#5304,#5305,#5306,#5307,#5308,#5309),
 .UNSPECIFIED.,.F.,.F.,(4,2,4),(0.,0.219266844218115,0.467554192717881),
 .UNSPECIFIED.);
#63=B_SPLINE_CURVE_WITH_KNOTS('',3,(#5496,#5497,#5498,#5499,#5500,#5501,
#5502,#5503,#5504,#5505,#5506,#5507,#5508,#5509,#5510,#5511,#5512,#5513,
#5514,#5515,#5516,#5517),.UNSPECIFIED.,.F.,.F.,(4,3,3,3,3,3,3,4),(0.,0.291414935177831,
0.582829870355663,0.874244805533494,1.16565974071133,1.45707467588916,1.74848961106699,
2.03990454624482),.UNSPECIFIED.);
#64=B_SPLINE_CURVE_WITH_KNOTS('',3,(#5529,#5530,#5531,#5532,#5533,#5534,
#5535,#5536,#5537,#5538,#5539,#5540,#5541,#5542,#5543,#5544,#5545,#5546,
#5547,#5548,#5549,#5550),.UNSPECIFIED.,.F.,.F.,(4,3,3,3,3,3,3,4),(0.,0.291414935177765,
0.58282987035553,0.874244805533296,1.16565974071106,1.45707467588883,1.74848961106659,
2.03990454624436),.UNSPECIFIED.);
#65=B_SPLINE_CURVE_WITH_KNOTS('',3,(#5559,#5560,#5561,#5562,#5563,#5564,
#5565,#5566,#5567,#5568,#5569,#5570,#5571,#5572,#5573,#5574,#5575,#5576,
#5577,#5578,#5579,#5580),.UNSPECIFIED.,.F.,.F.,(4,3,3,3,3,3,3,4),(0.,0.291414935177937,
0.582829870355874,0.874244805533811,1.16565974071175,1.45707467588969,1.74848961106762,
2.03990454624556),.UNSPECIFIED.);
#66=B_SPLINE_CURVE_WITH_KNOTS('',3,(#5589,#5590,#5591,#5592,#5593,#5594),
 .UNSPECIFIED.,.F.,.F.,(4,2,4),(-1.94352508944206,-1.58351839103955,-1.50008335171148),
 .UNSPECIFIED.);
#67=B_SPLINE_CURVE_WITH_KNOTS('',3,(#5598,#5599,#5600,#5601),
 .UNSPECIFIED.,.F.,.F.,(4,4),(-0.459713133481324,0.),.UNSPECIFIED.);
#68=B_SPLINE_CURVE_WITH_KNOTS('',3,(#5621,#5622,#5623,#5624,#5625,#5626),
 .UNSPECIFIED.,.F.,.F.,(4,2,4),(-1.94352508943891,-1.58351839103805,-1.50008335163326),
 .UNSPECIFIED.);
#69=B_SPLINE_CURVE_WITH_KNOTS('',3,(#5630,#5631,#5632,#5633),
 .UNSPECIFIED.,.F.,.F.,(4,4),(-0.458306730785507,0.),.UNSPECIFIED.);
#70=B_SPLINE_CURVE_WITH_KNOTS('',3,(#5688,#5689,#5690,#5691),
 .UNSPECIFIED.,.F.,.F.,(4,4),(0.,0.0498110313188181),.UNSPECIFIED.);
#71=B_SPLINE_CURVE_WITH_KNOTS('',3,(#5693,#5694,#5695,#5696,#5697,#5698,
#5699,#5700,#5701,#5702,#5703,#5704,#5705,#5706,#5707,#5708,#5709,#5710,
#5711,#5712,#5713,#5714,#5715,#5716,#5717,#5718,#5719,#5720,#5721,#5722,
#5723,#5724,#5725,#5726,#5727,#5728,#5729),.UNSPECIFIED.,.F.,.F.,(4,3,3,
3,3,3,3,3,3,3,3,3,4),(0.0507038155813796,0.0761108931503438,0.109349135018808,
0.140888646329295,0.155295177879613,0.187697057691536,0.22292838405189,
0.231919849622486,0.275257983209909,0.308119971598798,0.340311377270656,
0.356564009255472,0.365716193845349),.UNSPECIFIED.);
#72=B_SPLINE_CURVE_WITH_KNOTS('',3,(#5731,#5732,#5733,#5734),
 .UNSPECIFIED.,.F.,.F.,(4,4),(0.0499999999999998,1.85),.UNSPECIFIED.);
#73=B_SPLINE_CURVE_WITH_KNOTS('',3,(#5736,#5737,#5738,#5739,#5740,#5741,
#5742,#5743,#5744,#5745,#5746,#5747,#5748,#5749,#5750,#5751,#5752,#5753,
#5754,#5755,#5756,#5757,#5758,#5759,#5760,#5761,#5762,#5763,#5764,#5765,
#5766,#5767,#5768,#5769,#5770,#5771,#5772,#5773,#5774,#5775),
 .UNSPECIFIED.,.F.,.F.,(4,3,3,3,3,3,3,3,3,3,3,3,3,4),(0.365716193845403,
0.369328099563207,0.383365946014485,0.405818301567322,0.441164045353629,
0.467505798995469,0.510075478529386,0.530543228907162,0.562919131367898,
0.59440032682281,0.599609563526204,0.632882897297974,0.666061219051836,
0.68053408849976),.UNSPECIFIED.);
#74=B_SPLINE_CURVE_WITH_KNOTS('',3,(#5776,#5777,#5778,#5779),
 .UNSPECIFIED.,.F.,.F.,(4,4),(0.0502274297957473,0.100871982997782),
 .UNSPECIFIED.);
#75=B_SPLINE_CURVE_WITH_KNOTS('',3,(#5798,#5799,#5800,#5801),
 .UNSPECIFIED.,.F.,.F.,(4,4),(0.,0.0498110313188228),.UNSPECIFIED.);
#76=B_SPLINE_CURVE_WITH_KNOTS('',3,(#5820,#5821,#5822,#5823,#5824,#5825,
#5826,#5827,#5828,#5829,#5830,#5831,#5832,#5833),.UNSPECIFIED.,.F.,.F.,
(4,2,2,2,2,2,4),(1.02506652451665,1.13470984157386,1.24435315863107,1.34893287470856,
1.4012227327473,1.42736766176667,1.45351259078604),.UNSPECIFIED.);
#77=B_SPLINE_CURVE_WITH_KNOTS('',3,(#5895,#5896,#5897,#5898),
 .UNSPECIFIED.,.F.,.F.,(4,4),(-1.48958765795754,-1.425),.UNSPECIFIED.);
#78=B_SPLINE_CURVE_WITH_KNOTS('',3,(#5901,#5902,#5903,#5904),
 .UNSPECIFIED.,.F.,.F.,(4,4),(-1.125,-1.06041234204245),.UNSPECIFIED.);
#79=B_SPLINE_CURVE_WITH_KNOTS('',3,(#5906,#5907,#5908,#5909,#5910,#5911,
#5912,#5913,#5914,#5915,#5916,#5917,#5918,#5919,#5920,#5921,#5922,#5923,
#5924),.UNSPECIFIED.,.F.,.F.,(4,3,3,3,3,3,4),(0.404874693743562,0.611028436502229,
0.896803658450636,1.18257888039904,1.46835410234745,1.75412932429585,2.03990454624426),
 .UNSPECIFIED.);
#80=B_SPLINE_CURVE_WITH_KNOTS('',3,(#5934,#5935,#5936,#5937),
 .UNSPECIFIED.,.F.,.F.,(4,4),(1.575,1.63958765795754),.UNSPECIFIED.);
#81=B_SPLINE_CURVE_WITH_KNOTS('',3,(#5940,#5941,#5942,#5943),
 .UNSPECIFIED.,.F.,.F.,(4,4),(1.21041234204245,1.275),.UNSPECIFIED.);
#82=B_SPLINE_CURVE_WITH_KNOTS('',3,(#5985,#5986,#5987,#5988,#5989,#5990,
#5991,#5992,#5993,#5994,#5995,#5996,#5997,#5998,#5999,#6000,#6001,#6002,
#6003),.UNSPECIFIED.,.F.,.F.,(4,3,3,3,3,3,4),(0.404874693743557,0.611028436502273,
0.896803658450733,1.18257888039919,1.46835410234765,1.75412932429611,2.03990454624457),
 .UNSPECIFIED.);
#83=B_SPLINE_CURVE_WITH_KNOTS('',3,(#6058,#6059,#6060,#6061,#6062,#6063,
#6064,#6065,#6066,#6067,#6068,#6069,#6070,#6071,#6072,#6073,#6074,#6075,
#6076,#6077,#6078,#6079,#6080,#6081,#6082,#6083,#6084,#6085,#6086,#6087,
#6088,#6089,#6090,#6091,#6092,#6093,#6094),.UNSPECIFIED.,.F.,.F.,(4,3,3,
3,3,3,3,3,3,3,3,3,4),(0.0507038155813692,0.0761108931503254,0.109349135018755,
0.140888646329214,0.155295177879572,0.187697057691485,0.222928384051844,
0.231919849622446,0.275257983209931,0.308119971598766,0.340311377270595,
0.356564009255411,0.365716193845286),.UNSPECIFIED.);
#84=B_SPLINE_CURVE_WITH_KNOTS('',3,(#6096,#6097,#6098,#6099),
 .UNSPECIFIED.,.F.,.F.,(4,4),(0.0500000000000008,1.85),.UNSPECIFIED.);
#85=B_SPLINE_CURVE_WITH_KNOTS('',3,(#6101,#6102,#6103,#6104,#6105,#6106,
#6107,#6108,#6109,#6110,#6111,#6112,#6113,#6114,#6115,#6116,#6117,#6118,
#6119,#6120,#6121,#6122,#6123,#6124,#6125,#6126,#6127,#6128,#6129,#6130,
#6131,#6132,#6133,#6134,#6135,#6136,#6137,#6138,#6139,#6140),
 .UNSPECIFIED.,.F.,.F.,(4,3,3,3,3,3,3,3,3,3,3,3,3,4),(0.365716193845357,
0.369328099563147,0.383365946014404,0.405818301567297,0.441164045353697,
0.467505798995476,0.510075478529131,0.530543228907228,0.562919131367969,
0.594400326822878,0.59960956352633,0.632882897298138,0.666061219052002,
0.680534088499933),.UNSPECIFIED.);
#86=B_SPLINE_CURVE_WITH_KNOTS('',3,(#6141,#6142,#6143,#6144),
 .UNSPECIFIED.,.F.,.F.,(4,4),(0.0502274297957479,0.100871982997792),
 .UNSPECIFIED.);
#87=B_SPLINE_CURVE_WITH_KNOTS('',3,(#6158,#6159,#6160,#6161,#6162,#6163,
#6164,#6165,#6166,#6167,#6168,#6169,#6170,#6171),.UNSPECIFIED.,.F.,.F.,
(4,2,2,2,2,2,4),(0.309632874266439,0.418409992810727,0.527187111355014,
0.629162803429947,0.680150649467414,0.705644572486147,0.731138495504881),
 .UNSPECIFIED.);
#88=B_SPLINE_CURVE_WITH_KNOTS('',3,(#6225,#6226,#6227,#6228,#6229,#6230,
#6231,#6232,#6233,#6234,#6235,#6236,#6237,#6238),.UNSPECIFIED.,.F.,.F.,
(4,2,2,2,2,2,4),(0.715232736928221,0.741377665947593,0.767522594966964,
0.819812453005708,0.924392169083195,1.03403548614041,1.14367880319762),
 .UNSPECIFIED.);
#89=B_SPLINE_CURVE_WITH_KNOTS('',3,(#6312,#6313,#6314,#6315,#6316,#6317),
 .UNSPECIFIED.,.F.,.F.,(4,2,4),(-5.6,-2.8,0.),.UNSPECIFIED.);
#90=B_SPLINE_CURVE_WITH_KNOTS('',3,(#6340,#6341,#6342,#6343,#6344,#6345,
#6346,#6347,#6348,#6349,#6350,#6351,#6352,#6353),.UNSPECIFIED.,.F.,.F.,
(4,2,2,2,2,2,4),(0.,0.0261449290193718,0.0522898580387435,0.104579716077487,
0.209159432154974,0.318802749212187,0.4284460662694),.UNSPECIFIED.);
#91=B_SPLINE_CURVE_WITH_KNOTS('',3,(#6424,#6425,#6426,#6427,#6428,#6429),
 .UNSPECIFIED.,.F.,.F.,(4,2,4),(-5.6,-2.8,0.),.UNSPECIFIED.);
#92=B_SPLINE_CURVE_WITH_KNOTS('',3,(#6434,#6435,#6436,#6437,#6438,#6439),
 .UNSPECIFIED.,.F.,.F.,(4,2,4),(-5.6,-2.8,0.),.UNSPECIFIED.);
#93=B_SPLINE_CURVE_WITH_KNOTS('',3,(#6441,#6442,#6443,#6444,#6445,#6446),
 .UNSPECIFIED.,.F.,.F.,(4,2,4),(-5.6,-2.8,0.),.UNSPECIFIED.);
#94=STYLED_ITEM('',(#6641),#3184);
#95=STYLED_ITEM('',(#6641),#3187);
#96=STYLED_ITEM('',(#6641),#3188);
#97=STYLED_ITEM('',(#6641),#3191);
#98=STYLED_ITEM('',(#6641),#3194);
#99=STYLED_ITEM('',(#6641),#3197);
#100=STYLED_ITEM('',(#6641),#3199);
#101=STYLED_ITEM('',(#6641),#3200);
#102=STYLED_ITEM('',(#6641),#3202);
#103=STYLED_ITEM('',(#6641),#3205);
#104=STYLED_ITEM('',(#6641),#3206);
#105=STYLED_ITEM('',(#6641),#3207);
#106=STYLED_ITEM('',(#6641),#3208);
#107=STYLED_ITEM('',(#6641),#3209);
#108=STYLED_ITEM('',(#6641),#3210);
#109=STYLED_ITEM('',(#6641),#3211);
#110=STYLED_ITEM('',(#6641),#3212);
#111=STYLED_ITEM('',(#6641),#3213);
#112=STYLED_ITEM('',(#6641),#3214);
#113=STYLED_ITEM('',(#6641),#3216);
#114=STYLED_ITEM('',(#6641),#3217);
#115=STYLED_ITEM('',(#6641),#3219);
#116=STYLED_ITEM('',(#6641),#3220);
#117=STYLED_ITEM('',(#6641),#3221);
#118=STYLED_ITEM('',(#6641),#3222);
#119=STYLED_ITEM('',(#6641),#3223);
#120=STYLED_ITEM('',(#6641),#3224);
#121=STYLED_ITEM('',(#6641),#3225);
#122=STYLED_ITEM('',(#6641),#3239);
#123=STYLED_ITEM('',(#6641),#3240);
#124=STYLED_ITEM('',(#6641),#3242);
#125=STYLED_ITEM('',(#6641),#3244);
#126=STYLED_ITEM('',(#6641),#3245);
#127=STYLED_ITEM('',(#6641),#3246);
#128=STYLED_ITEM('',(#6641),#3247);
#129=STYLED_ITEM('',(#6641),#3248);
#130=STYLED_ITEM('',(#6641),#3250);
#131=STYLED_ITEM('',(#6641),#3253);
#132=STYLED_ITEM('',(#6641),#3254);
#133=STYLED_ITEM('',(#6641),#3255);
#134=STYLED_ITEM('',(#6641),#3256);
#135=STYLED_ITEM('',(#6641),#3257);
#136=STYLED_ITEM('',(#6641),#3258);
#137=STYLED_ITEM('',(#6641),#3259);
#138=STYLED_ITEM('',(#6641),#3260);
#139=STYLED_ITEM('',(#6641),#3261);
#140=STYLED_ITEM('',(#6641),#3262);
#141=STYLED_ITEM('',(#6641),#3263);
#142=STYLED_ITEM('',(#6641),#3264);
#143=STYLED_ITEM('',(#6641),#3265);
#144=STYLED_ITEM('',(#6641),#3266);
#145=STYLED_ITEM('',(#6641),#3267);
#146=STYLED_ITEM('',(#6641),#3268);
#147=STYLED_ITEM('',(#6641),#3269);
#148=STYLED_ITEM('',(#6641),#3270);
#149=STYLED_ITEM('',(#6641),#3271);
#150=STYLED_ITEM('',(#6641),#3272);
#151=STYLED_ITEM('',(#6641),#3273);
#152=STYLED_ITEM('',(#6641),#3274);
#153=STYLED_ITEM('',(#6641),#3275);
#154=STYLED_ITEM('',(#6641),#3276);
#155=STYLED_ITEM('',(#6641),#3277);
#156=STYLED_ITEM('',(#6641),#3278);
#157=STYLED_ITEM('',(#6641),#3279);
#158=STYLED_ITEM('',(#6641),#3280);
#159=STYLED_ITEM('',(#6641),#3281);
#160=STYLED_ITEM('',(#6641),#3282);
#161=STYLED_ITEM('',(#6641),#3283);
#162=STYLED_ITEM('',(#6641),#3284);
#163=STYLED_ITEM('',(#6641),#3285);
#164=STYLED_ITEM('',(#6641),#3286);
#165=STYLED_ITEM('',(#6641),#3287);
#166=STYLED_ITEM('',(#6641),#3288);
#167=STYLED_ITEM('',(#6641),#3289);
#168=STYLED_ITEM('',(#6641),#3290);
#169=STYLED_ITEM('',(#6641),#3291);
#170=STYLED_ITEM('',(#6641),#3292);
#171=STYLED_ITEM('',(#6641),#3293);
#172=STYLED_ITEM('',(#6641),#3294);
#173=STYLED_ITEM('',(#6641),#3295);
#174=STYLED_ITEM('',(#6641),#3296);
#175=STYLED_ITEM('',(#6641),#3297);
#176=STYLED_ITEM('',(#6641),#3298);
#177=STYLED_ITEM('',(#6641),#3299);
#178=STYLED_ITEM('',(#6641),#3300);
#179=STYLED_ITEM('',(#6641),#3301);
#180=STYLED_ITEM('',(#6641),#3302);
#181=STYLED_ITEM('',(#6641),#3303);
#182=STYLED_ITEM('',(#6641),#3304);
#183=STYLED_ITEM('',(#6641),#3305);
#184=STYLED_ITEM('',(#6641),#3306);
#185=STYLED_ITEM('',(#6641),#3307);
#186=STYLED_ITEM('',(#6641),#3308);
#187=STYLED_ITEM('',(#6641),#3309);
#188=STYLED_ITEM('',(#6641),#3310);
#189=STYLED_ITEM('',(#6641),#3311);
#190=STYLED_ITEM('',(#6641),#3312);
#191=STYLED_ITEM('',(#6641),#3313);
#192=STYLED_ITEM('',(#6641),#3314);
#193=STYLED_ITEM('',(#6641),#3315);
#194=STYLED_ITEM('',(#6641),#3316);
#195=STYLED_ITEM('',(#6641),#3317);
#196=STYLED_ITEM('',(#6641),#3318);
#197=STYLED_ITEM('',(#6641),#3319);
#198=STYLED_ITEM('',(#6641),#3320);
#199=STYLED_ITEM('',(#6641),#13);
#200=FACE_BOUND('',#570,.T.);
#201=FACE_BOUND('',#571,.T.);
#202=FACE_BOUND('',#573,.T.);
#203=FACE_BOUND('',#575,.T.);
#204=FACE_BOUND('',#576,.T.);
#205=FACE_BOUND('',#577,.T.);
#206=FACE_BOUND('',#578,.T.);
#207=FACE_BOUND('',#582,.T.);
#208=FACE_BOUND('',#595,.T.);
#209=FACE_BOUND('',#596,.T.);
#210=FACE_BOUND('',#597,.T.);
#211=FACE_BOUND('',#599,.T.);
#212=FACE_BOUND('',#608,.T.);
#213=FACE_BOUND('',#609,.T.);
#214=FACE_BOUND('',#610,.T.);
#215=FACE_BOUND('',#611,.T.);
#216=FACE_BOUND('',#614,.T.);
#217=FACE_BOUND('',#615,.T.);
#218=FACE_BOUND('',#616,.T.);
#219=FACE_BOUND('',#617,.T.);
#220=FACE_BOUND('',#618,.T.);
#221=FACE_BOUND('',#620,.T.);
#222=FACE_BOUND('',#621,.T.);
#223=FACE_BOUND('',#622,.T.);
#224=FACE_BOUND('',#623,.T.);
#225=FACE_BOUND('',#624,.T.);
#226=FACE_BOUND('',#625,.T.);
#227=FACE_BOUND('',#629,.T.);
#228=FACE_BOUND('',#640,.T.);
#229=FACE_BOUND('',#659,.T.);
#230=FACE_BOUND('',#660,.T.);
#231=FACE_BOUND('',#666,.T.);
#232=FACE_BOUND('',#667,.T.);
#233=FACE_BOUND('',#668,.T.);
#234=FACE_BOUND('',#669,.T.);
#235=FACE_BOUND('',#670,.T.);
#236=FACE_BOUND('',#671,.T.);
#237=FACE_BOUND('',#675,.T.);
#238=FACE_BOUND('',#676,.T.);
#239=FACE_BOUND('',#677,.T.);
#240=FACE_BOUND('',#678,.T.);
#241=FACE_BOUND('',#679,.T.);
#242=FACE_BOUND('',#680,.T.);
#243=FACE_BOUND('',#732,.T.);
#244=FACE_BOUND('',#733,.T.);
#245=FACE_BOUND('',#734,.T.);
#246=FACE_BOUND('',#744,.T.);
#247=FACE_BOUND('',#745,.T.);
#248=FACE_BOUND('',#746,.T.);
#249=FACE_BOUND('',#753,.T.);
#250=FACE_BOUND('',#754,.T.);
#251=FACE_BOUND('',#755,.T.);
#252=PLANE('',#3357);
#253=PLANE('',#3361);
#254=PLANE('',#3365);
#255=PLANE('',#3369);
#256=PLANE('',#3373);
#257=PLANE('',#3377);
#258=PLANE('',#3381);
#259=PLANE('',#3385);
#260=PLANE('',#3395);
#261=PLANE('',#3399);
#262=PLANE('',#3405);
#263=PLANE('',#3423);
#264=PLANE('',#3428);
#265=PLANE('',#3432);
#266=PLANE('',#3439);
#267=PLANE('',#3447);
#268=PLANE('',#3454);
#269=PLANE('',#3461);
#270=PLANE('',#3462);
#271=PLANE('',#3463);
#272=PLANE('',#3479);
#273=PLANE('',#3482);
#274=PLANE('',#3493);
#275=PLANE('',#3494);
#276=PLANE('',#3500);
#277=PLANE('',#3501);
#278=PLANE('',#3502);
#279=PLANE('',#3503);
#280=PLANE('',#3507);
#281=PLANE('',#3528);
#282=PLANE('',#3530);
#283=PLANE('',#3531);
#284=PLANE('',#3532);
#285=PLANE('',#3533);
#286=PLANE('',#3536);
#287=PLANE('',#3539);
#288=PLANE('',#3547);
#289=PLANE('',#3549);
#290=PLANE('',#3553);
#291=PLANE('',#3584);
#292=PLANE('',#3585);
#293=PLANE('',#3586);
#294=PLANE('',#3587);
#295=PLANE('',#3588);
#296=PLANE('',#3589);
#297=PLANE('',#3591);
#298=PLANE('',#3593);
#299=PLANE('',#3595);
#300=PLANE('',#3597);
#301=PLANE('',#3612);
#302=PLANE('',#3627);
#303=PLANE('',#3628);
#304=PLANE('',#3632);
#305=PLANE('',#3636);
#306=PLANE('',#3637);
#307=PLANE('',#3641);
#308=CYLINDRICAL_SURFACE('',#3347,1.2);
#309=CYLINDRICAL_SURFACE('',#3352,1.2);
#310=CYLINDRICAL_SURFACE('',#3354,2.00000000000001);
#311=CYLINDRICAL_SURFACE('',#3358,2.00000000000001);
#312=CYLINDRICAL_SURFACE('',#3362,2.);
#313=CYLINDRICAL_SURFACE('',#3366,2.00000000000001);
#314=CYLINDRICAL_SURFACE('',#3370,2.);
#315=CYLINDRICAL_SURFACE('',#3374,2.);
#316=CYLINDRICAL_SURFACE('',#3378,2.);
#317=CYLINDRICAL_SURFACE('',#3382,2.);
#318=CYLINDRICAL_SURFACE('',#3386,1.);
#319=CYLINDRICAL_SURFACE('',#3389,4.);
#320=CYLINDRICAL_SURFACE('',#3392,4.);
#321=CYLINDRICAL_SURFACE('',#3421,2.);
#322=CYLINDRICAL_SURFACE('',#3426,2.);
#323=CYLINDRICAL_SURFACE('',#3430,2.);
#324=CYLINDRICAL_SURFACE('',#3434,2.);
#325=CYLINDRICAL_SURFACE('',#3436,2.);
#326=CYLINDRICAL_SURFACE('',#3452,2.);
#327=CYLINDRICAL_SURFACE('',#3455,2.);
#328=CYLINDRICAL_SURFACE('',#3458,2.);
#329=CYLINDRICAL_SURFACE('',#3492,2.);
#330=CYLINDRICAL_SURFACE('',#3506,2.);
#331=CYLINDRICAL_SURFACE('',#3510,2.);
#332=CYLINDRICAL_SURFACE('',#3513,1.2);
#333=CYLINDRICAL_SURFACE('',#3516,1.2);
#334=CYLINDRICAL_SURFACE('',#3519,1.7);
#335=CYLINDRICAL_SURFACE('',#3523,1.7);
#336=CYLINDRICAL_SURFACE('',#3525,10.);
#337=CYLINDRICAL_SURFACE('',#3526,10.);
#338=CYLINDRICAL_SURFACE('',#3527,10.);
#339=CYLINDRICAL_SURFACE('',#3529,10.);
#340=CYLINDRICAL_SURFACE('',#3537,4.00001059340881);
#341=CYLINDRICAL_SURFACE('',#3538,3.);
#342=CYLINDRICAL_SURFACE('',#3548,4.);
#343=CYLINDRICAL_SURFACE('',#3550,4.);
#344=CYLINDRICAL_SURFACE('',#3551,4.);
#345=CYLINDRICAL_SURFACE('',#3552,2.);
#346=CYLINDRICAL_SURFACE('',#3554,3.);
#347=CYLINDRICAL_SURFACE('',#3557,1.2295);
#348=CYLINDRICAL_SURFACE('',#3560,1.2295);
#349=CYLINDRICAL_SURFACE('',#3563,1.2295);
#350=CYLINDRICAL_SURFACE('',#3566,1.2295);
#351=CYLINDRICAL_SURFACE('',#3569,1.2295);
#352=CYLINDRICAL_SURFACE('',#3572,1.2295);
#353=CYLINDRICAL_SURFACE('',#3575,1.2295);
#354=CYLINDRICAL_SURFACE('',#3578,1.2295);
#355=CYLINDRICAL_SURFACE('',#3579,4.00001059340881);
#356=CYLINDRICAL_SURFACE('',#3580,3.);
#357=CYLINDRICAL_SURFACE('',#3581,3.);
#358=CYLINDRICAL_SURFACE('',#3582,4.00001059340881);
#359=CYLINDRICAL_SURFACE('',#3583,4.00001059340881);
#360=CYLINDRICAL_SURFACE('',#3590,2.5);
#361=CYLINDRICAL_SURFACE('',#3592,2.5);
#362=CYLINDRICAL_SURFACE('',#3594,2.5);
#363=CYLINDRICAL_SURFACE('',#3596,2.5);
#364=CYLINDRICAL_SURFACE('',#3598,15.);
#365=CYLINDRICAL_SURFACE('',#3600,6.);
#366=CYLINDRICAL_SURFACE('',#3602,1.6);
#367=CYLINDRICAL_SURFACE('',#3604,1.6);
#368=CYLINDRICAL_SURFACE('',#3606,1.6);
#369=CYLINDRICAL_SURFACE('',#3608,1.0065);
#370=CYLINDRICAL_SURFACE('',#3610,1.0065);
#371=CYLINDRICAL_SURFACE('',#3616,15.);
#372=CYLINDRICAL_SURFACE('',#3618,6.);
#373=CYLINDRICAL_SURFACE('',#3619,1.6);
#374=CYLINDRICAL_SURFACE('',#3621,1.6);
#375=CYLINDRICAL_SURFACE('',#3623,1.6);
#376=CYLINDRICAL_SURFACE('',#3625,1.0065);
#377=CYLINDRICAL_SURFACE('',#3626,1.0065);
#378=CYLINDRICAL_SURFACE('',#3633,3.25);
#379=CYLINDRICAL_SURFACE('',#3634,9.25);
#380=CYLINDRICAL_SURFACE('',#3635,3.25);
#381=CYLINDRICAL_SURFACE('',#3642,3.25);
#382=CYLINDRICAL_SURFACE('',#3643,9.25);
#383=CYLINDRICAL_SURFACE('',#3644,3.25);
#384=FACE_OUTER_BOUND('',#546,.T.);
#385=FACE_OUTER_BOUND('',#547,.T.);
#386=FACE_OUTER_BOUND('',#548,.T.);
#387=FACE_OUTER_BOUND('',#549,.T.);
#388=FACE_OUTER_BOUND('',#550,.T.);
#389=FACE_OUTER_BOUND('',#551,.T.);
#390=FACE_OUTER_BOUND('',#552,.T.);
#391=FACE_OUTER_BOUND('',#553,.T.);
#392=FACE_OUTER_BOUND('',#554,.T.);
#393=FACE_OUTER_BOUND('',#555,.T.);
#394=FACE_OUTER_BOUND('',#556,.T.);
#395=FACE_OUTER_BOUND('',#557,.T.);
#396=FACE_OUTER_BOUND('',#558,.T.);
#397=FACE_OUTER_BOUND('',#559,.T.);
#398=FACE_OUTER_BOUND('',#560,.T.);
#399=FACE_OUTER_BOUND('',#561,.T.);
#400=FACE_OUTER_BOUND('',#562,.T.);
#401=FACE_OUTER_BOUND('',#563,.T.);
#402=FACE_OUTER_BOUND('',#564,.T.);
#403=FACE_OUTER_BOUND('',#565,.T.);
#404=FACE_OUTER_BOUND('',#566,.T.);
#405=FACE_OUTER_BOUND('',#567,.T.);
#406=FACE_OUTER_BOUND('',#568,.T.);
#407=FACE_OUTER_BOUND('',#569,.T.);
#408=FACE_OUTER_BOUND('',#572,.T.);
#409=FACE_OUTER_BOUND('',#574,.T.);
#410=FACE_OUTER_BOUND('',#579,.T.);
#411=FACE_OUTER_BOUND('',#580,.T.);
#412=FACE_OUTER_BOUND('',#581,.T.);
#413=FACE_OUTER_BOUND('',#583,.T.);
#414=FACE_OUTER_BOUND('',#584,.T.);
#415=FACE_OUTER_BOUND('',#585,.T.);
#416=FACE_OUTER_BOUND('',#586,.T.);
#417=FACE_OUTER_BOUND('',#587,.T.);
#418=FACE_OUTER_BOUND('',#588,.T.);
#419=FACE_OUTER_BOUND('',#589,.T.);
#420=FACE_OUTER_BOUND('',#590,.T.);
#421=FACE_OUTER_BOUND('',#591,.T.);
#422=FACE_OUTER_BOUND('',#592,.T.);
#423=FACE_OUTER_BOUND('',#593,.T.);
#424=FACE_OUTER_BOUND('',#594,.T.);
#425=FACE_OUTER_BOUND('',#598,.T.);
#426=FACE_OUTER_BOUND('',#600,.T.);
#427=FACE_OUTER_BOUND('',#601,.T.);
#428=FACE_OUTER_BOUND('',#602,.T.);
#429=FACE_OUTER_BOUND('',#603,.T.);
#430=FACE_OUTER_BOUND('',#604,.T.);
#431=FACE_OUTER_BOUND('',#605,.T.);
#432=FACE_OUTER_BOUND('',#606,.T.);
#433=FACE_OUTER_BOUND('',#607,.T.);
#434=FACE_OUTER_BOUND('',#612,.T.);
#435=FACE_OUTER_BOUND('',#613,.T.);
#436=FACE_OUTER_BOUND('',#619,.T.);
#437=FACE_OUTER_BOUND('',#626,.T.);
#438=FACE_OUTER_BOUND('',#627,.T.);
#439=FACE_OUTER_BOUND('',#628,.T.);
#440=FACE_OUTER_BOUND('',#630,.T.);
#441=FACE_OUTER_BOUND('',#631,.T.);
#442=FACE_OUTER_BOUND('',#632,.T.);
#443=FACE_OUTER_BOUND('',#633,.T.);
#444=FACE_OUTER_BOUND('',#634,.T.);
#445=FACE_OUTER_BOUND('',#635,.T.);
#446=FACE_OUTER_BOUND('',#636,.T.);
#447=FACE_OUTER_BOUND('',#637,.T.);
#448=FACE_OUTER_BOUND('',#638,.T.);
#449=FACE_OUTER_BOUND('',#639,.T.);
#450=FACE_OUTER_BOUND('',#641,.T.);
#451=FACE_OUTER_BOUND('',#642,.T.);
#452=FACE_OUTER_BOUND('',#643,.T.);
#453=FACE_OUTER_BOUND('',#644,.T.);
#454=FACE_OUTER_BOUND('',#645,.T.);
#455=FACE_OUTER_BOUND('',#646,.T.);
#456=FACE_OUTER_BOUND('',#647,.T.);
#457=FACE_OUTER_BOUND('',#648,.T.);
#458=FACE_OUTER_BOUND('',#649,.T.);
#459=FACE_OUTER_BOUND('',#650,.T.);
#460=FACE_OUTER_BOUND('',#651,.T.);
#461=FACE_OUTER_BOUND('',#652,.T.);
#462=FACE_OUTER_BOUND('',#653,.T.);
#463=FACE_OUTER_BOUND('',#654,.T.);
#464=FACE_OUTER_BOUND('',#655,.T.);
#465=FACE_OUTER_BOUND('',#656,.T.);
#466=FACE_OUTER_BOUND('',#657,.T.);
#467=FACE_OUTER_BOUND('',#658,.T.);
#468=FACE_OUTER_BOUND('',#661,.T.);
#469=FACE_OUTER_BOUND('',#662,.T.);
#470=FACE_OUTER_BOUND('',#663,.T.);
#471=FACE_OUTER_BOUND('',#664,.T.);
#472=FACE_OUTER_BOUND('',#665,.T.);
#473=FACE_OUTER_BOUND('',#672,.T.);
#474=FACE_OUTER_BOUND('',#673,.T.);
#475=FACE_OUTER_BOUND('',#674,.T.);
#476=FACE_OUTER_BOUND('',#681,.T.);
#477=FACE_OUTER_BOUND('',#682,.T.);
#478=FACE_OUTER_BOUND('',#683,.T.);
#479=FACE_OUTER_BOUND('',#684,.T.);
#480=FACE_OUTER_BOUND('',#685,.T.);
#481=FACE_OUTER_BOUND('',#686,.T.);
#482=FACE_OUTER_BOUND('',#687,.T.);
#483=FACE_OUTER_BOUND('',#688,.T.);
#484=FACE_OUTER_BOUND('',#689,.T.);
#485=FACE_OUTER_BOUND('',#690,.T.);
#486=FACE_OUTER_BOUND('',#691,.T.);
#487=FACE_OUTER_BOUND('',#692,.T.);
#488=FACE_OUTER_BOUND('',#693,.T.);
#489=FACE_OUTER_BOUND('',#694,.T.);
#490=FACE_OUTER_BOUND('',#695,.T.);
#491=FACE_OUTER_BOUND('',#696,.T.);
#492=FACE_OUTER_BOUND('',#697,.T.);
#493=FACE_OUTER_BOUND('',#698,.T.);
#494=FACE_OUTER_BOUND('',#699,.T.);
#495=FACE_OUTER_BOUND('',#700,.T.);
#496=FACE_OUTER_BOUND('',#701,.T.);
#497=FACE_OUTER_BOUND('',#702,.T.);
#498=FACE_OUTER_BOUND('',#703,.T.);
#499=FACE_OUTER_BOUND('',#704,.T.);
#500=FACE_OUTER_BOUND('',#705,.T.);
#501=FACE_OUTER_BOUND('',#706,.T.);
#502=FACE_OUTER_BOUND('',#707,.T.);
#503=FACE_OUTER_BOUND('',#708,.T.);
#504=FACE_OUTER_BOUND('',#709,.T.);
#505=FACE_OUTER_BOUND('',#710,.T.);
#506=FACE_OUTER_BOUND('',#711,.T.);
#507=FACE_OUTER_BOUND('',#712,.T.);
#508=FACE_OUTER_BOUND('',#713,.T.);
#509=FACE_OUTER_BOUND('',#714,.T.);
#510=FACE_OUTER_BOUND('',#715,.T.);
#511=FACE_OUTER_BOUND('',#716,.T.);
#512=FACE_OUTER_BOUND('',#717,.T.);
#513=FACE_OUTER_BOUND('',#718,.T.);
#514=FACE_OUTER_BOUND('',#719,.T.);
#515=FACE_OUTER_BOUND('',#720,.T.);
#516=FACE_OUTER_BOUND('',#721,.T.);
#517=FACE_OUTER_BOUND('',#722,.T.);
#518=FACE_OUTER_BOUND('',#723,.T.);
#519=FACE_OUTER_BOUND('',#724,.T.);
#520=FACE_OUTER_BOUND('',#725,.T.);
#521=FACE_OUTER_BOUND('',#726,.T.);
#522=FACE_OUTER_BOUND('',#727,.T.);
#523=FACE_OUTER_BOUND('',#728,.T.);
#524=FACE_OUTER_BOUND('',#729,.T.);
#525=FACE_OUTER_BOUND('',#730,.T.);
#526=FACE_OUTER_BOUND('',#731,.T.);
#527=FACE_OUTER_BOUND('',#735,.T.);
#528=FACE_OUTER_BOUND('',#736,.T.);
#529=FACE_OUTER_BOUND('',#737,.T.);
#530=FACE_OUTER_BOUND('',#738,.T.);
#531=FACE_OUTER_BOUND('',#739,.T.);
#532=FACE_OUTER_BOUND('',#740,.T.);
#533=FACE_OUTER_BOUND('',#741,.T.);
#534=FACE_OUTER_BOUND('',#742,.T.);
#535=FACE_OUTER_BOUND('',#743,.T.);
#536=FACE_OUTER_BOUND('',#747,.T.);
#537=FACE_OUTER_BOUND('',#748,.T.);
#538=FACE_OUTER_BOUND('',#749,.T.);
#539=FACE_OUTER_BOUND('',#750,.T.);
#540=FACE_OUTER_BOUND('',#751,.T.);
#541=FACE_OUTER_BOUND('',#752,.T.);
#542=FACE_OUTER_BOUND('',#756,.T.);
#543=FACE_OUTER_BOUND('',#757,.T.);
#544=FACE_OUTER_BOUND('',#758,.T.);
#545=FACE_OUTER_BOUND('',#759,.T.);
#546=EDGE_LOOP('',(#2205,#2206,#2207,#2208));
#547=EDGE_LOOP('',(#2209,#2210,#2211,#2212));
#548=EDGE_LOOP('',(#2213,#2214,#2215,#2216));
#549=EDGE_LOOP('',(#2217,#2218,#2219,#2220));
#550=EDGE_LOOP('',(#2221,#2222,#2223,#2224));
#551=EDGE_LOOP('',(#2225,#2226,#2227,#2228));
#552=EDGE_LOOP('',(#2229,#2230,#2231,#2232));
#553=EDGE_LOOP('',(#2233,#2234,#2235,#2236));
#554=EDGE_LOOP('',(#2237,#2238,#2239,#2240));
#555=EDGE_LOOP('',(#2241,#2242,#2243,#2244));
#556=EDGE_LOOP('',(#2245,#2246,#2247,#2248));
#557=EDGE_LOOP('',(#2249,#2250,#2251,#2252));
#558=EDGE_LOOP('',(#2253,#2254,#2255,#2256));
#559=EDGE_LOOP('',(#2257,#2258,#2259,#2260));
#560=EDGE_LOOP('',(#2261,#2262,#2263,#2264));
#561=EDGE_LOOP('',(#2265,#2266,#2267,#2268));
#562=EDGE_LOOP('',(#2269,#2270,#2271,#2272));
#563=EDGE_LOOP('',(#2273,#2274,#2275,#2276));
#564=EDGE_LOOP('',(#2277,#2278,#2279,#2280));
#565=EDGE_LOOP('',(#2281,#2282,#2283,#2284));
#566=EDGE_LOOP('',(#2285,#2286,#2287,#2288));
#567=EDGE_LOOP('',(#2289,#2290,#2291,#2292));
#568=EDGE_LOOP('',(#2293,#2294,#2295,#2296));
#569=EDGE_LOOP('',(#2297,#2298,#2299,#2300));
#570=EDGE_LOOP('',(#2301));
#571=EDGE_LOOP('',(#2302,#2303,#2304,#2305));
#572=EDGE_LOOP('',(#2306,#2307,#2308,#2309,#2310,#2311,#2312,#2313,#2314,
#2315));
#573=EDGE_LOOP('',(#2316));
#574=EDGE_LOOP('',(#2317,#2318,#2319,#2320,#2321,#2322,#2323,#2324,#2325,
#2326,#2327,#2328,#2329,#2330,#2331,#2332,#2333,#2334,#2335,#2336,#2337,
#2338,#2339,#2340,#2341,#2342,#2343,#2344,#2345,#2346,#2347,#2348,#2349,
#2350));
#575=EDGE_LOOP('',(#2351));
#576=EDGE_LOOP('',(#2352));
#577=EDGE_LOOP('',(#2353));
#578=EDGE_LOOP('',(#2354));
#579=EDGE_LOOP('',(#2355,#2356,#2357,#2358,#2359));
#580=EDGE_LOOP('',(#2360,#2361,#2362,#2363));
#581=EDGE_LOOP('',(#2364,#2365,#2366,#2367));
#582=EDGE_LOOP('',(#2368));
#583=EDGE_LOOP('',(#2369,#2370,#2371,#2372));
#584=EDGE_LOOP('',(#2373,#2374,#2375,#2376,#2377));
#585=EDGE_LOOP('',(#2378,#2379,#2380,#2381));
#586=EDGE_LOOP('',(#2382,#2383,#2384,#2385,#2386,#2387,#2388,#2389,#2390));
#587=EDGE_LOOP('',(#2391,#2392,#2393,#2394,#2395));
#588=EDGE_LOOP('',(#2396,#2397,#2398,#2399));
#589=EDGE_LOOP('',(#2400,#2401,#2402,#2403,#2404));
#590=EDGE_LOOP('',(#2405,#2406,#2407,#2408,#2409));
#591=EDGE_LOOP('',(#2410,#2411,#2412,#2413));
#592=EDGE_LOOP('',(#2414,#2415,#2416,#2417));
#593=EDGE_LOOP('',(#2418,#2419,#2420,#2421));
#594=EDGE_LOOP('',(#2422,#2423,#2424,#2425,#2426,#2427,#2428,#2429,#2430,
#2431,#2432,#2433,#2434,#2435));
#595=EDGE_LOOP('',(#2436));
#596=EDGE_LOOP('',(#2437));
#597=EDGE_LOOP('',(#2438));
#598=EDGE_LOOP('',(#2439,#2440,#2441,#2442,#2443,#2444,#2445,#2446,#2447,
#2448,#2449,#2450,#2451,#2452,#2453));
#599=EDGE_LOOP('',(#2454,#2455,#2456,#2457));
#600=EDGE_LOOP('',(#2458,#2459,#2460,#2461));
#601=EDGE_LOOP('',(#2462,#2463,#2464));
#602=EDGE_LOOP('',(#2465,#2466,#2467,#2468));
#603=EDGE_LOOP('',(#2469,#2470,#2471,#2472));
#604=EDGE_LOOP('',(#2473,#2474,#2475,#2476,#2477,#2478,#2479));
#605=EDGE_LOOP('',(#2480,#2481,#2482,#2483));
#606=EDGE_LOOP('',(#2484,#2485,#2486,#2487));
#607=EDGE_LOOP('',(#2488,#2489,#2490,#2491,#2492,#2493,#2494,#2495,#2496,
#2497,#2498,#2499,#2500,#2501,#2502,#2503,#2504,#2505,#2506,#2507,#2508,
#2509,#2510,#2511,#2512,#2513,#2514,#2515,#2516,#2517,#2518,#2519,#2520,
#2521,#2522,#2523));
#608=EDGE_LOOP('',(#2524));
#609=EDGE_LOOP('',(#2525));
#610=EDGE_LOOP('',(#2526));
#611=EDGE_LOOP('',(#2527));
#612=EDGE_LOOP('',(#2528,#2529,#2530,#2531,#2532,#2533,#2534,#2535,#2536,
#2537));
#613=EDGE_LOOP('',(#2538,#2539,#2540,#2541,#2542,#2543,#2544));
#614=EDGE_LOOP('',(#2545));
#615=EDGE_LOOP('',(#2546));
#616=EDGE_LOOP('',(#2547,#2548,#2549,#2550,#2551,#2552,#2553,#2554));
#617=EDGE_LOOP('',(#2555,#2556,#2557,#2558,#2559,#2560,#2561,#2562));
#618=EDGE_LOOP('',(#2563));
#619=EDGE_LOOP('',(#2564,#2565,#2566,#2567,#2568,#2569,#2570,#2571,#2572,
#2573,#2574,#2575,#2576,#2577));
#620=EDGE_LOOP('',(#2578));
#621=EDGE_LOOP('',(#2579));
#622=EDGE_LOOP('',(#2580));
#623=EDGE_LOOP('',(#2581));
#624=EDGE_LOOP('',(#2582));
#625=EDGE_LOOP('',(#2583));
#626=EDGE_LOOP('',(#2584,#2585,#2586,#2587));
#627=EDGE_LOOP('',(#2588,#2589,#2590,#2591));
#628=EDGE_LOOP('',(#2592,#2593,#2594,#2595,#2596,#2597,#2598,#2599,#2600,
#2601));
#629=EDGE_LOOP('',(#2602));
#630=EDGE_LOOP('',(#2603,#2604,#2605,#2606,#2607,#2608,#2609,#2610));
#631=EDGE_LOOP('',(#2611,#2612,#2613,#2614,#2615));
#632=EDGE_LOOP('',(#2616,#2617,#2618,#2619,#2620,#2621,#2622,#2623,#2624,
#2625,#2626,#2627,#2628,#2629,#2630,#2631));
#633=EDGE_LOOP('',(#2632,#2633,#2634,#2635,#2636,#2637,#2638,#2639));
#634=EDGE_LOOP('',(#2640,#2641,#2642,#2643,#2644,#2645,#2646,#2647,#2648));
#635=EDGE_LOOP('',(#2649,#2650,#2651,#2652,#2653,#2654,#2655,#2656,#2657,
#2658));
#636=EDGE_LOOP('',(#2659,#2660,#2661,#2662,#2663,#2664,#2665,#2666));
#637=EDGE_LOOP('',(#2667,#2668,#2669,#2670));
#638=EDGE_LOOP('',(#2671,#2672,#2673,#2674));
#639=EDGE_LOOP('',(#2675,#2676,#2677,#2678));
#640=EDGE_LOOP('',(#2679,#2680,#2681,#2682));
#641=EDGE_LOOP('',(#2683,#2684,#2685,#2686));
#642=EDGE_LOOP('',(#2687,#2688,#2689,#2690));
#643=EDGE_LOOP('',(#2691,#2692,#2693,#2694));
#644=EDGE_LOOP('',(#2695,#2696,#2697,#2698));
#645=EDGE_LOOP('',(#2699,#2700,#2701,#2702));
#646=EDGE_LOOP('',(#2703,#2704,#2705,#2706,#2707,#2708));
#647=EDGE_LOOP('',(#2709,#2710,#2711,#2712));
#648=EDGE_LOOP('',(#2713,#2714,#2715,#2716,#2717,#2718));
#649=EDGE_LOOP('',(#2719,#2720,#2721,#2722));
#650=EDGE_LOOP('',(#2723,#2724,#2725,#2726));
#651=EDGE_LOOP('',(#2727,#2728,#2729,#2730));
#652=EDGE_LOOP('',(#2731,#2732,#2733,#2734));
#653=EDGE_LOOP('',(#2735,#2736,#2737,#2738));
#654=EDGE_LOOP('',(#2739,#2740,#2741,#2742));
#655=EDGE_LOOP('',(#2743,#2744,#2745,#2746));
#656=EDGE_LOOP('',(#2747,#2748,#2749,#2750));
#657=EDGE_LOOP('',(#2751,#2752,#2753,#2754));
#658=EDGE_LOOP('',(#2755,#2756,#2757,#2758));
#659=EDGE_LOOP('',(#2759));
#660=EDGE_LOOP('',(#2760,#2761,#2762,#2763));
#661=EDGE_LOOP('',(#2764,#2765,#2766,#2767));
#662=EDGE_LOOP('',(#2768,#2769,#2770,#2771));
#663=EDGE_LOOP('',(#2772,#2773,#2774,#2775));
#664=EDGE_LOOP('',(#2776,#2777,#2778,#2779));
#665=EDGE_LOOP('',(#2780,#2781,#2782,#2783,#2784,#2785,#2786,#2787,#2788,
#2789));
#666=EDGE_LOOP('',(#2790));
#667=EDGE_LOOP('',(#2791));
#668=EDGE_LOOP('',(#2792));
#669=EDGE_LOOP('',(#2793));
#670=EDGE_LOOP('',(#2794));
#671=EDGE_LOOP('',(#2795));
#672=EDGE_LOOP('',(#2796,#2797,#2798,#2799));
#673=EDGE_LOOP('',(#2800,#2801,#2802,#2803,#2804,#2805,#2806,#2807,#2808,
#2809));
#674=EDGE_LOOP('',(#2810,#2811,#2812,#2813));
#675=EDGE_LOOP('',(#2814));
#676=EDGE_LOOP('',(#2815));
#677=EDGE_LOOP('',(#2816,#2817,#2818,#2819,#2820,#2821,#2822,#2823));
#678=EDGE_LOOP('',(#2824,#2825,#2826,#2827,#2828,#2829,#2830,#2831));
#679=EDGE_LOOP('',(#2832));
#680=EDGE_LOOP('',(#2833));
#681=EDGE_LOOP('',(#2834,#2835,#2836,#2837,#2838));
#682=EDGE_LOOP('',(#2839,#2840,#2841,#2842,#2843,#2844,#2845));
#683=EDGE_LOOP('',(#2846,#2847,#2848,#2849));
#684=EDGE_LOOP('',(#2850,#2851,#2852,#2853,#2854,#2855));
#685=EDGE_LOOP('',(#2856,#2857,#2858,#2859));
#686=EDGE_LOOP('',(#2860,#2861,#2862));
#687=EDGE_LOOP('',(#2863,#2864,#2865,#2866));
#688=EDGE_LOOP('',(#2867,#2868,#2869));
#689=EDGE_LOOP('',(#2870,#2871,#2872,#2873));
#690=EDGE_LOOP('',(#2874,#2875,#2876));
#691=EDGE_LOOP('',(#2877,#2878,#2879,#2880));
#692=EDGE_LOOP('',(#2881,#2882,#2883));
#693=EDGE_LOOP('',(#2884,#2885,#2886,#2887));
#694=EDGE_LOOP('',(#2888,#2889,#2890));
#695=EDGE_LOOP('',(#2891,#2892,#2893,#2894));
#696=EDGE_LOOP('',(#2895,#2896,#2897));
#697=EDGE_LOOP('',(#2898,#2899,#2900,#2901));
#698=EDGE_LOOP('',(#2902,#2903,#2904));
#699=EDGE_LOOP('',(#2905,#2906,#2907,#2908));
#700=EDGE_LOOP('',(#2909,#2910,#2911));
#701=EDGE_LOOP('',(#2912,#2913,#2914,#2915));
#702=EDGE_LOOP('',(#2916,#2917,#2918,#2919));
#703=EDGE_LOOP('',(#2920,#2921,#2922,#2923));
#704=EDGE_LOOP('',(#2924,#2925,#2926,#2927));
#705=EDGE_LOOP('',(#2928,#2929,#2930,#2931));
#706=EDGE_LOOP('',(#2932,#2933,#2934,#2935));
#707=EDGE_LOOP('',(#2936,#2937,#2938,#2939));
#708=EDGE_LOOP('',(#2940,#2941,#2942,#2943));
#709=EDGE_LOOP('',(#2944,#2945,#2946,#2947));
#710=EDGE_LOOP('',(#2948,#2949,#2950,#2951));
#711=EDGE_LOOP('',(#2952,#2953,#2954,#2955));
#712=EDGE_LOOP('',(#2956,#2957,#2958,#2959,#2960,#2961,#2962));
#713=EDGE_LOOP('',(#2963,#2964,#2965,#2966,#2967,#2968));
#714=EDGE_LOOP('',(#2969,#2970,#2971));
#715=EDGE_LOOP('',(#2972,#2973,#2974,#2975,#2976,#2977));
#716=EDGE_LOOP('',(#2978,#2979,#2980,#2981));
#717=EDGE_LOOP('',(#2982,#2983,#2984,#2985));
#718=EDGE_LOOP('',(#2986,#2987,#2988,#2989));
#719=EDGE_LOOP('',(#2990,#2991,#2992,#2993));
#720=EDGE_LOOP('',(#2994,#2995,#2996,#2997));
#721=EDGE_LOOP('',(#2998,#2999,#3000,#3001));
#722=EDGE_LOOP('',(#3002,#3003,#3004,#3005));
#723=EDGE_LOOP('',(#3006,#3007,#3008,#3009));
#724=EDGE_LOOP('',(#3010,#3011,#3012,#3013));
#725=EDGE_LOOP('',(#3014,#3015,#3016,#3017));
#726=EDGE_LOOP('',(#3018,#3019,#3020,#3021));
#727=EDGE_LOOP('',(#3022,#3023,#3024,#3025));
#728=EDGE_LOOP('',(#3026,#3027,#3028,#3029));
#729=EDGE_LOOP('',(#3030,#3031,#3032,#3033));
#730=EDGE_LOOP('',(#3034,#3035,#3036,#3037));
#731=EDGE_LOOP('',(#3038,#3039,#3040,#3041,#3042,#3043,#3044,#3045,#3046,
#3047,#3048,#3049,#3050,#3051));
#732=EDGE_LOOP('',(#3052));
#733=EDGE_LOOP('',(#3053));
#734=EDGE_LOOP('',(#3054));
#735=EDGE_LOOP('',(#3055,#3056,#3057,#3058));
#736=EDGE_LOOP('',(#3059,#3060,#3061,#3062));
#737=EDGE_LOOP('',(#3063,#3064,#3065,#3066));
#738=EDGE_LOOP('',(#3067,#3068,#3069,#3070));
#739=EDGE_LOOP('',(#3071,#3072,#3073,#3074));
#740=EDGE_LOOP('',(#3075,#3076,#3077,#3078));
#741=EDGE_LOOP('',(#3079,#3080,#3081,#3082));
#742=EDGE_LOOP('',(#3083,#3084,#3085,#3086));
#743=EDGE_LOOP('',(#3087,#3088,#3089,#3090,#3091,#3092,#3093,#3094));
#744=EDGE_LOOP('',(#3095));
#745=EDGE_LOOP('',(#3096));
#746=EDGE_LOOP('',(#3097));
#747=EDGE_LOOP('',(#3098,#3099,#3100,#3101));
#748=EDGE_LOOP('',(#3102,#3103,#3104,#3105));
#749=EDGE_LOOP('',(#3106,#3107,#3108,#3109));
#750=EDGE_LOOP('',(#3110,#3111,#3112,#3113));
#751=EDGE_LOOP('',(#3114,#3115,#3116,#3117));
#752=EDGE_LOOP('',(#3118,#3119,#3120,#3121,#3122,#3123,#3124,#3125));
#753=EDGE_LOOP('',(#3126));
#754=EDGE_LOOP('',(#3127));
#755=EDGE_LOOP('',(#3128));
#756=EDGE_LOOP('',(#3129,#3130,#3131,#3132));
#757=EDGE_LOOP('',(#3133,#3134,#3135,#3136));
#758=EDGE_LOOP('',(#3137,#3138,#3139,#3140));
#759=EDGE_LOOP('',(#3141,#3142,#3143,#3144));
#760=LINE('',#4509,#1015);
#761=LINE('',#4513,#1016);
#762=LINE('',#4519,#1017);
#763=LINE('',#4523,#1018);
#764=LINE('',#4530,#1019);
#765=LINE('',#4533,#1020);
#766=LINE('',#4536,#1021);
#767=LINE('',#4538,#1022);
#768=LINE('',#4539,#1023);
#769=LINE('',#4544,#1024);
#770=LINE('',#4548,#1025);
#771=LINE('',#4550,#1026);
#772=LINE('',#4551,#1027);
#773=LINE('',#4556,#1028);
#774=LINE('',#4560,#1029);
#775=LINE('',#4562,#1030);
#776=LINE('',#4563,#1031);
#777=LINE('',#4568,#1032);
#778=LINE('',#4571,#1033);
#779=LINE('',#4572,#1034);
#780=LINE('',#4578,#1035);
#781=LINE('',#4581,#1036);
#782=LINE('',#4584,#1037);
#783=LINE('',#4586,#1038);
#784=LINE('',#4587,#1039);
#785=LINE('',#4592,#1040);
#786=LINE('',#4596,#1041);
#787=LINE('',#4598,#1042);
#788=LINE('',#4599,#1043);
#789=LINE('',#4604,#1044);
#790=LINE('',#4608,#1045);
#791=LINE('',#4610,#1046);
#792=LINE('',#4611,#1047);
#793=LINE('',#4616,#1048);
#794=LINE('',#4619,#1049);
#795=LINE('',#4620,#1050);
#796=LINE('',#4625,#1051);
#797=LINE('',#4632,#1052);
#798=LINE('',#4635,#1053);
#799=LINE('',#4641,#1054);
#800=LINE('',#4644,#1055);
#801=LINE('',#4647,#1056);
#802=LINE('',#4649,#1057);
#803=LINE('',#4650,#1058);
#804=LINE('',#4655,#1059);
#805=LINE('',#4659,#1060);
#806=LINE('',#4663,#1061);
#807=LINE('',#4665,#1062);
#808=LINE('',#4671,#1063);
#809=LINE('',#4677,#1064);
#810=LINE('',#4678,#1065);
#811=LINE('',#4694,#1066);
#812=LINE('',#4707,#1067);
#813=LINE('',#4722,#1068);
#814=LINE('',#4732,#1069);
#815=LINE('',#4734,#1070);
#816=LINE('',#4759,#1071);
#817=LINE('',#4784,#1072);
#818=LINE('',#4790,#1073);
#819=LINE('',#4815,#1074);
#820=LINE('',#4840,#1075);
#821=LINE('',#4841,#1076);
#822=LINE('',#4937,#1077);
#823=LINE('',#4938,#1078);
#824=LINE('',#4941,#1079);
#825=LINE('',#4943,#1080);
#826=LINE('',#4944,#1081);
#827=LINE('',#4988,#1082);
#828=LINE('',#5098,#1083);
#829=LINE('',#5099,#1084);
#830=LINE('',#5113,#1085);
#831=LINE('',#5115,#1086);
#832=LINE('',#5117,#1087);
#833=LINE('',#5119,#1088);
#834=LINE('',#5121,#1089);
#835=LINE('',#5122,#1090);
#836=LINE('',#5210,#1091);
#837=LINE('',#5211,#1092);
#838=LINE('',#5225,#1093);
#839=LINE('',#5226,#1094);
#840=LINE('',#5314,#1095);
#841=LINE('',#5315,#1096);
#842=LINE('',#5356,#1097);
#843=LINE('',#5357,#1098);
#844=LINE('',#5363,#1099);
#845=LINE('',#5366,#1100);
#846=LINE('',#5369,#1101);
#847=LINE('',#5373,#1102);
#848=LINE('',#5375,#1103);
#849=LINE('',#5377,#1104);
#850=LINE('',#5379,#1105);
#851=LINE('',#5387,#1106);
#852=LINE('',#5389,#1107);
#853=LINE('',#5391,#1108);
#854=LINE('',#5392,#1109);
#855=LINE('',#5401,#1110);
#856=LINE('',#5403,#1111);
#857=LINE('',#5405,#1112);
#858=LINE('',#5406,#1113);
#859=LINE('',#5411,#1114);
#860=LINE('',#5413,#1115);
#861=LINE('',#5415,#1116);
#862=LINE('',#5417,#1117);
#863=LINE('',#5418,#1118);
#864=LINE('',#5423,#1119);
#865=LINE('',#5426,#1120);
#866=LINE('',#5430,#1121);
#867=LINE('',#5432,#1122);
#868=LINE('',#5438,#1123);
#869=LINE('',#5443,#1124);
#870=LINE('',#5446,#1125);
#871=LINE('',#5448,#1126);
#872=LINE('',#5450,#1127);
#873=LINE('',#5452,#1128);
#874=LINE('',#5453,#1129);
#875=LINE('',#5518,#1130);
#876=LINE('',#5519,#1131);
#877=LINE('',#5522,#1132);
#878=LINE('',#5523,#1133);
#879=LINE('',#5525,#1134);
#880=LINE('',#5527,#1135);
#881=LINE('',#5552,#1136);
#882=LINE('',#5558,#1137);
#883=LINE('',#5582,#1138);
#884=LINE('',#5583,#1139);
#885=LINE('',#5596,#1140);
#886=LINE('',#5609,#1141);
#887=LINE('',#5613,#1142);
#888=LINE('',#5628,#1143);
#889=LINE('',#5686,#1144);
#890=LINE('',#5785,#1145);
#891=LINE('',#5786,#1146);
#892=LINE('',#5789,#1147);
#893=LINE('',#5793,#1148);
#894=LINE('',#5797,#1149);
#895=LINE('',#5804,#1150);
#896=LINE('',#5819,#1151);
#897=LINE('',#5836,#1152);
#898=LINE('',#5837,#1153);
#899=LINE('',#5840,#1154);
#900=LINE('',#5846,#1155);
#901=LINE('',#5851,#1156);
#902=LINE('',#5900,#1157);
#903=LINE('',#5925,#1158);
#904=LINE('',#5928,#1159);
#905=LINE('',#5929,#1160);
#906=LINE('',#5931,#1161);
#907=LINE('',#5932,#1162);
#908=LINE('',#5939,#1163);
#909=LINE('',#6004,#1164);
#910=LINE('',#6007,#1165);
#911=LINE('',#6009,#1166);
#912=LINE('',#6011,#1167);
#913=LINE('',#6013,#1168);
#914=LINE('',#6015,#1169);
#915=LINE('',#6016,#1170);
#916=LINE('',#6147,#1171);
#917=LINE('',#6151,#1172);
#918=LINE('',#6154,#1173);
#919=LINE('',#6157,#1174);
#920=LINE('',#6212,#1175);
#921=LINE('',#6214,#1176);
#922=LINE('',#6219,#1177);
#923=LINE('',#6222,#1178);
#924=LINE('',#6239,#1179);
#925=LINE('',#6242,#1180);
#926=LINE('',#6245,#1181);
#927=LINE('',#6248,#1182);
#928=LINE('',#6251,#1183);
#929=LINE('',#6254,#1184);
#930=LINE('',#6258,#1185);
#931=LINE('',#6262,#1186);
#932=LINE('',#6266,#1187);
#933=LINE('',#6269,#1188);
#934=LINE('',#6270,#1189);
#935=LINE('',#6272,#1190);
#936=LINE('',#6274,#1191);
#937=LINE('',#6275,#1192);
#938=LINE('',#6278,#1193);
#939=LINE('',#6282,#1194);
#940=LINE('',#6284,#1195);
#941=LINE('',#6285,#1196);
#942=LINE('',#6288,#1197);
#943=LINE('',#6292,#1198);
#944=LINE('',#6295,#1199);
#945=LINE('',#6318,#1200);
#946=LINE('',#6320,#1201);
#947=LINE('',#6323,#1202);
#948=LINE('',#6339,#1203);
#949=LINE('',#6354,#1204);
#950=LINE('',#6356,#1205);
#951=LINE('',#6358,#1206);
#952=LINE('',#6360,#1207);
#953=LINE('',#6361,#1208);
#954=LINE('',#6365,#1209);
#955=LINE('',#6370,#1210);
#956=LINE('',#6372,#1211);
#957=LINE('',#6377,#1212);
#958=LINE('',#6379,#1213);
#959=LINE('',#6384,#1214);
#960=LINE('',#6386,#1215);
#961=LINE('',#6391,#1216);
#962=LINE('',#6393,#1217);
#963=LINE('',#6398,#1218);
#964=LINE('',#6400,#1219);
#965=LINE('',#6405,#1220);
#966=LINE('',#6407,#1221);
#967=LINE('',#6412,#1222);
#968=LINE('',#6414,#1223);
#969=LINE('',#6419,#1224);
#970=LINE('',#6421,#1225);
#971=LINE('',#6423,#1226);
#972=LINE('',#6432,#1227);
#973=LINE('',#6463,#1228);
#974=LINE('',#6480,#1229);
#975=LINE('',#6483,#1230);
#976=LINE('',#6502,#1231);
#977=LINE('',#6504,#1232);
#978=LINE('',#6505,#1233);
#979=LINE('',#6506,#1234);
#980=LINE('',#6509,#1235);
#981=LINE('',#6512,#1236);
#982=LINE('',#6513,#1237);
#983=LINE('',#6515,#1238);
#984=LINE('',#6517,#1239);
#985=LINE('',#6520,#1240);
#986=LINE('',#6521,#1241);
#987=LINE('',#6523,#1242);
#988=LINE('',#6525,#1243);
#989=LINE('',#6532,#1244);
#990=LINE('',#6536,#1245);
#991=LINE('',#6540,#1246);
#992=LINE('',#6544,#1247);
#993=LINE('',#6548,#1248);
#994=LINE('',#6552,#1249);
#995=LINE('',#6555,#1250);
#996=LINE('',#6562,#1251);
#997=LINE('',#6566,#1252);
#998=LINE('',#6570,#1253);
#999=LINE('',#6574,#1254);
#1000=LINE('',#6578,#1255);
#1001=LINE('',#6580,#1256);
#1002=LINE('',#6582,#1257);
#1003=LINE('',#6585,#1258);
#1004=LINE('',#6586,#1259);
#1005=LINE('',#6589,#1260);
#1006=LINE('',#6596,#1261);
#1007=LINE('',#6598,#1262);
#1008=LINE('',#6600,#1263);
#1009=LINE('',#6604,#1264);
#1010=LINE('',#6605,#1265);
#1011=LINE('',#6613,#1266);
#1012=LINE('',#6615,#1267);
#1013=LINE('',#6617,#1268);
#1014=LINE('',#6619,#1269);
#1015=VECTOR('',#3651,1.7);
#1016=VECTOR('',#3656,1.2);
#1017=VECTOR('',#3663,1.7);
#1018=VECTOR('',#3668,1.2);
#1019=VECTOR('',#3675,10.);
#1020=VECTOR('',#3678,10.);
#1021=VECTOR('',#3681,10.);
#1022=VECTOR('',#3682,10.);
#1023=VECTOR('',#3683,10.);
#1024=VECTOR('',#3688,10.);
#1025=VECTOR('',#3693,10.);
#1026=VECTOR('',#3694,10.);
#1027=VECTOR('',#3695,10.);
#1028=VECTOR('',#3700,10.);
#1029=VECTOR('',#3705,10.);
#1030=VECTOR('',#3706,10.);
#1031=VECTOR('',#3707,10.);
#1032=VECTOR('',#3712,10.);
#1033=VECTOR('',#3717,10.);
#1034=VECTOR('',#3718,10.);
#1035=VECTOR('',#3723,10.);
#1036=VECTOR('',#3726,10.);
#1037=VECTOR('',#3729,10.);
#1038=VECTOR('',#3730,10.);
#1039=VECTOR('',#3731,10.);
#1040=VECTOR('',#3736,10.);
#1041=VECTOR('',#3741,10.);
#1042=VECTOR('',#3742,10.);
#1043=VECTOR('',#3743,10.);
#1044=VECTOR('',#3748,10.);
#1045=VECTOR('',#3753,10.);
#1046=VECTOR('',#3754,10.);
#1047=VECTOR('',#3755,10.);
#1048=VECTOR('',#3760,10.);
#1049=VECTOR('',#3765,10.);
#1050=VECTOR('',#3766,10.);
#1051=VECTOR('',#3771,1.);
#1052=VECTOR('',#3778,4.);
#1053=VECTOR('',#3781,10.);
#1054=VECTOR('',#3786,4.);
#1055=VECTOR('',#3789,10.);
#1056=VECTOR('',#3792,10.);
#1057=VECTOR('',#3793,10.);
#1058=VECTOR('',#3794,10.);
#1059=VECTOR('',#3797,10.);
#1060=VECTOR('',#3800,10.);
#1061=VECTOR('',#3805,10.);
#1062=VECTOR('',#3806,10.);
#1063=VECTOR('',#3811,10.);
#1064=VECTOR('',#3816,10.);
#1065=VECTOR('',#3817,10.);
#1066=VECTOR('',#3826,10.);
#1067=VECTOR('',#3833,10.);
#1068=VECTOR('',#3840,10.);
#1069=VECTOR('',#3845,10.);
#1070=VECTOR('',#3846,10.);
#1071=VECTOR('',#3847,10.);
#1072=VECTOR('',#3848,10.);
#1073=VECTOR('',#3849,10.);
#1074=VECTOR('',#3850,10.);
#1075=VECTOR('',#3851,10.);
#1076=VECTOR('',#3852,10.);
#1077=VECTOR('',#3867,10.);
#1078=VECTOR('',#3868,10.);
#1079=VECTOR('',#3871,10.);
#1080=VECTOR('',#3872,10.);
#1081=VECTOR('',#3873,10.);
#1082=VECTOR('',#3876,10.);
#1083=VECTOR('',#3883,10.);
#1084=VECTOR('',#3884,10.);
#1085=VECTOR('',#3887,10.);
#1086=VECTOR('',#3888,10.);
#1087=VECTOR('',#3889,10.);
#1088=VECTOR('',#3890,10.);
#1089=VECTOR('',#3891,10.);
#1090=VECTOR('',#3892,10.);
#1091=VECTOR('',#3899,10.);
#1092=VECTOR('',#3900,10.);
#1093=VECTOR('',#3903,10.);
#1094=VECTOR('',#3904,10.);
#1095=VECTOR('',#3911,10.);
#1096=VECTOR('',#3912,10.);
#1097=VECTOR('',#3913,10.);
#1098=VECTOR('',#3914,10.);
#1099=VECTOR('',#3919,10.);
#1100=VECTOR('',#3922,10.);
#1101=VECTOR('',#3925,10.);
#1102=VECTOR('',#3928,10.);
#1103=VECTOR('',#3929,10.);
#1104=VECTOR('',#3930,10.);
#1105=VECTOR('',#3931,10.);
#1106=VECTOR('',#3938,10.);
#1107=VECTOR('',#3939,10.);
#1108=VECTOR('',#3940,10.);
#1109=VECTOR('',#3941,10.);
#1110=VECTOR('',#3950,10.);
#1111=VECTOR('',#3951,10.);
#1112=VECTOR('',#3952,10.);
#1113=VECTOR('',#3953,10.);
#1114=VECTOR('',#3958,10.);
#1115=VECTOR('',#3959,10.);
#1116=VECTOR('',#3960,10.);
#1117=VECTOR('',#3961,10.);
#1118=VECTOR('',#3962,10.);
#1119=VECTOR('',#3965,10.);
#1120=VECTOR('',#3968,10.);
#1121=VECTOR('',#3973,10.);
#1122=VECTOR('',#3976,10.);
#1123=VECTOR('',#3983,10.);
#1124=VECTOR('',#3988,10.);
#1125=VECTOR('',#3993,10.);
#1126=VECTOR('',#3994,10.);
#1127=VECTOR('',#3995,10.);
#1128=VECTOR('',#3996,10.);
#1129=VECTOR('',#3997,10.);
#1130=VECTOR('',#3998,10.);
#1131=VECTOR('',#3999,10.);
#1132=VECTOR('',#4002,10.);
#1133=VECTOR('',#4003,10.);
#1134=VECTOR('',#4006,10.);
#1135=VECTOR('',#4007,10.);
#1136=VECTOR('',#4008,10.);
#1137=VECTOR('',#4009,10.);
#1138=VECTOR('',#4010,10.);
#1139=VECTOR('',#4011,10.);
#1140=VECTOR('',#4016,10.);
#1141=VECTOR('',#4023,10.);
#1142=VECTOR('',#4026,10.);
#1143=VECTOR('',#4033,10.);
#1144=VECTOR('',#4046,10.);
#1145=VECTOR('',#4053,10.);
#1146=VECTOR('',#4054,10.);
#1147=VECTOR('',#4057,10.);
#1148=VECTOR('',#4060,10.);
#1149=VECTOR('',#4063,10.);
#1150=VECTOR('',#4066,10.);
#1151=VECTOR('',#4081,10.);
#1152=VECTOR('',#4084,10.);
#1153=VECTOR('',#4085,10.);
#1154=VECTOR('',#4088,10.);
#1155=VECTOR('',#4093,10.);
#1156=VECTOR('',#4098,10.);
#1157=VECTOR('',#4101,10.);
#1158=VECTOR('',#4102,10.);
#1159=VECTOR('',#4105,10.);
#1160=VECTOR('',#4106,10.);
#1161=VECTOR('',#4109,10.);
#1162=VECTOR('',#4110,10.);
#1163=VECTOR('',#4111,10.);
#1164=VECTOR('',#4112,10.);
#1165=VECTOR('',#4115,10.);
#1166=VECTOR('',#4116,10.);
#1167=VECTOR('',#4117,10.);
#1168=VECTOR('',#4118,10.);
#1169=VECTOR('',#4119,10.);
#1170=VECTOR('',#4120,10.);
#1171=VECTOR('',#4123,10.);
#1172=VECTOR('',#4126,10.);
#1173=VECTOR('',#4129,10.);
#1174=VECTOR('',#4132,10.);
#1175=VECTOR('',#4133,10.);
#1176=VECTOR('',#4136,10.);
#1177=VECTOR('',#4139,10.);
#1178=VECTOR('',#4142,10.);
#1179=VECTOR('',#4145,10.);
#1180=VECTOR('',#4148,1.7);
#1181=VECTOR('',#4153,1.2);
#1182=VECTOR('',#4156,1.7);
#1183=VECTOR('',#4161,1.2);
#1184=VECTOR('',#4164,2.425);
#1185=VECTOR('',#4169,1.7);
#1186=VECTOR('',#4174,2.425);
#1187=VECTOR('',#4179,1.7);
#1188=VECTOR('',#4184,10.);
#1189=VECTOR('',#4185,10.);
#1190=VECTOR('',#4188,10.);
#1191=VECTOR('',#4191,10.);
#1192=VECTOR('',#4192,10.);
#1193=VECTOR('',#4197,10.);
#1194=VECTOR('',#4204,10.);
#1195=VECTOR('',#4207,4.);
#1196=VECTOR('',#4208,4.);
#1197=VECTOR('',#4209,10.);
#1198=VECTOR('',#4212,10.);
#1199=VECTOR('',#4217,10.);
#1200=VECTOR('',#4218,10.);
#1201=VECTOR('',#4221,10.);
#1202=VECTOR('',#4226,10.);
#1203=VECTOR('',#4245,4.);
#1204=VECTOR('',#4246,4.);
#1205=VECTOR('',#4249,4.);
#1206=VECTOR('',#4252,10.);
#1207=VECTOR('',#4255,4.);
#1208=VECTOR('',#4256,10.);
#1209=VECTOR('',#4263,10.);
#1210=VECTOR('',#4268,0.61475);
#1211=VECTOR('',#4271,1.2295);
#1212=VECTOR('',#4276,0.61475);
#1213=VECTOR('',#4279,1.2295);
#1214=VECTOR('',#4284,0.61475);
#1215=VECTOR('',#4287,1.2295);
#1216=VECTOR('',#4292,0.61475);
#1217=VECTOR('',#4295,1.2295);
#1218=VECTOR('',#4300,0.61475);
#1219=VECTOR('',#4303,1.2295);
#1220=VECTOR('',#4308,0.61475);
#1221=VECTOR('',#4311,1.2295);
#1222=VECTOR('',#4316,0.61475);
#1223=VECTOR('',#4319,1.2295);
#1224=VECTOR('',#4324,0.61475);
#1225=VECTOR('',#4327,1.2295);
#1226=VECTOR('',#4330,10.);
#1227=VECTOR('',#4335,10.);
#1228=VECTOR('',#4340,10.);
#1229=VECTOR('',#4341,10.);
#1230=VECTOR('',#4346,10.);
#1231=VECTOR('',#4349,10.);
#1232=VECTOR('',#4350,10.);
#1233=VECTOR('',#4351,10.);
#1234=VECTOR('',#4352,10.);
#1235=VECTOR('',#4357,10.);
#1236=VECTOR('',#4362,2.5);
#1237=VECTOR('',#4363,10.);
#1238=VECTOR('',#4366,10.);
#1239=VECTOR('',#4369,10.);
#1240=VECTOR('',#4374,10.);
#1241=VECTOR('',#4375,10.);
#1242=VECTOR('',#4378,10.);
#1243=VECTOR('',#4381,10.);
#1244=VECTOR('',#4392,6.);
#1245=VECTOR('',#4397,1.6);
#1246=VECTOR('',#4402,1.6);
#1247=VECTOR('',#4407,1.6);
#1248=VECTOR('',#4412,1.0065);
#1249=VECTOR('',#4417,1.0065);
#1250=VECTOR('',#4420,10.);
#1251=VECTOR('',#4427,10.);
#1252=VECTOR('',#4434,6.);
#1253=VECTOR('',#4439,1.6);
#1254=VECTOR('',#4444,1.6);
#1255=VECTOR('',#4449,1.6);
#1256=VECTOR('',#4452,1.0065);
#1257=VECTOR('',#4455,1.0065);
#1258=VECTOR('',#4458,10.);
#1259=VECTOR('',#4459,10.);
#1260=VECTOR('',#4462,10.);
#1261=VECTOR('',#4471,10.);
#1262=VECTOR('',#4474,10.);
#1263=VECTOR('',#4477,10.);
#1264=VECTOR('',#4482,10.);
#1265=VECTOR('',#4483,10.);
#1266=VECTOR('',#4492,10.);
#1267=VECTOR('',#4495,10.);
#1268=VECTOR('',#4498,10.);
#1269=VECTOR('',#4501,10.);
#1270=CIRCLE('',#3345,2.2);
#1271=CIRCLE('',#3346,1.2);
#1272=CIRCLE('',#3348,1.2);
#1273=CIRCLE('',#3350,2.2);
#1274=CIRCLE('',#3351,1.2);
#1275=CIRCLE('',#3353,1.2);
#1276=CIRCLE('',#3355,2.00000000000001);
#1277=CIRCLE('',#3356,2.00000000000001);
#1278=CIRCLE('',#3359,2.00000000000001);
#1279=CIRCLE('',#3360,2.00000000000001);
#1280=CIRCLE('',#3363,2.);
#1281=CIRCLE('',#3364,2.);
#1282=CIRCLE('',#3367,2.00000000000001);
#1283=CIRCLE('',#3368,2.00000000000001);
#1284=CIRCLE('',#3371,2.);
#1285=CIRCLE('',#3372,2.);
#1286=CIRCLE('',#3375,2.);
#1287=CIRCLE('',#3376,2.);
#1288=CIRCLE('',#3379,2.);
#1289=CIRCLE('',#3380,2.);
#1290=CIRCLE('',#3383,2.);
#1291=CIRCLE('',#3384,2.);
#1292=CIRCLE('',#3387,1.);
#1293=CIRCLE('',#3388,1.);
#1294=CIRCLE('',#3390,4.);
#1295=CIRCLE('',#3391,4.);
#1296=CIRCLE('',#3393,4.);
#1297=CIRCLE('',#3394,4.);
#1298=CIRCLE('',#3396,1.2);
#1299=CIRCLE('',#3397,2.5);
#1300=CIRCLE('',#3398,2.5);
#1301=CIRCLE('',#3400,10.);
#1302=CIRCLE('',#3401,10.);
#1303=CIRCLE('',#3402,10.);
#1304=CIRCLE('',#3403,10.);
#1305=CIRCLE('',#3404,1.2);
#1306=CIRCLE('',#3406,3.);
#1307=CIRCLE('',#3407,4.00001059340881);
#1308=CIRCLE('',#3408,4.00001059340881);
#1309=CIRCLE('',#3409,3.);
#1310=CIRCLE('',#3410,4.);
#1311=CIRCLE('',#3411,4.);
#1312=CIRCLE('',#3412,3.);
#1313=CIRCLE('',#3413,4.00001059340881);
#1314=CIRCLE('',#3414,4.00001059340881);
#1315=CIRCLE('',#3415,3.);
#1316=CIRCLE('',#3416,1.2295);
#1317=CIRCLE('',#3417,1.2295);
#1318=CIRCLE('',#3418,1.2295);
#1319=CIRCLE('',#3419,1.2295);
#1320=CIRCLE('',#3420,2.);
#1321=CIRCLE('',#3422,2.);
#1322=CIRCLE('',#3424,2.2);
#1323=CIRCLE('',#3425,2.);
#1324=CIRCLE('',#3427,2.);
#1325=CIRCLE('',#3429,2.);
#1326=CIRCLE('',#3431,2.);
#1327=CIRCLE('',#3433,2.00000000000001);
#1328=CIRCLE('',#3435,2.);
#1329=CIRCLE('',#3437,2.);
#1330=CIRCLE('',#3440,2.);
#1331=CIRCLE('',#3441,3.25);
#1332=CIRCLE('',#3442,9.25);
#1333=CIRCLE('',#3443,3.25);
#1334=CIRCLE('',#3444,1.0065);
#1335=CIRCLE('',#3445,1.0065);
#1336=CIRCLE('',#3446,6.);
#1337=CIRCLE('',#3448,3.15);
#1338=CIRCLE('',#3449,3.15);
#1339=CIRCLE('',#3450,2.5);
#1340=CIRCLE('',#3451,2.5);
#1341=CIRCLE('',#3457,2.);
#1342=CIRCLE('',#3460,2.);
#1343=CIRCLE('',#3464,3.);
#1344=CIRCLE('',#3465,4.00001059340881);
#1345=CIRCLE('',#3466,4.00001059340881);
#1346=CIRCLE('',#3467,3.);
#1347=CIRCLE('',#3468,4.);
#1348=CIRCLE('',#3469,4.);
#1349=CIRCLE('',#3470,4.);
#1350=CIRCLE('',#3471,3.);
#1351=CIRCLE('',#3472,4.00001059340881);
#1352=CIRCLE('',#3473,4.00001059340881);
#1353=CIRCLE('',#3474,3.);
#1354=CIRCLE('',#3475,1.2295);
#1355=CIRCLE('',#3476,1.2295);
#1356=CIRCLE('',#3477,1.2295);
#1357=CIRCLE('',#3478,1.2295);
#1358=CIRCLE('',#3480,3.15);
#1359=CIRCLE('',#3481,3.15);
#1360=CIRCLE('',#3483,4.);
#1361=CIRCLE('',#3484,4.);
#1362=CIRCLE('',#3485,15.);
#1363=CIRCLE('',#3486,6.);
#1364=CIRCLE('',#3487,1.6);
#1365=CIRCLE('',#3488,1.6);
#1366=CIRCLE('',#3489,1.6);
#1367=CIRCLE('',#3490,1.0065);
#1368=CIRCLE('',#3491,1.0065);
#1369=CIRCLE('',#3495,10.);
#1370=CIRCLE('',#3496,10.);
#1371=CIRCLE('',#3497,10.);
#1372=CIRCLE('',#3498,10.);
#1373=CIRCLE('',#3499,2.2);
#1374=CIRCLE('',#3504,4.);
#1375=CIRCLE('',#3505,4.);
#1376=CIRCLE('',#3508,2.5);
#1377=CIRCLE('',#3509,2.5);
#1378=CIRCLE('',#3512,1.2);
#1379=CIRCLE('',#3515,1.2);
#1380=CIRCLE('',#3518,1.7);
#1381=CIRCLE('',#3520,1.7);
#1382=CIRCLE('',#3522,1.7);
#1383=CIRCLE('',#3524,1.7);
#1384=CIRCLE('',#3534,2.5);
#1385=CIRCLE('',#3535,2.5);
#1386=CIRCLE('',#3540,15.);
#1387=CIRCLE('',#3541,6.);
#1388=CIRCLE('',#3542,1.6);
#1389=CIRCLE('',#3543,1.0065);
#1390=CIRCLE('',#3544,1.0065);
#1391=CIRCLE('',#3545,1.6);
#1392=CIRCLE('',#3546,1.6);
#1393=CIRCLE('',#3556,1.2295);
#1394=CIRCLE('',#3559,1.2295);
#1395=CIRCLE('',#3562,1.2295);
#1396=CIRCLE('',#3565,1.2295);
#1397=CIRCLE('',#3568,1.2295);
#1398=CIRCLE('',#3571,1.2295);
#1399=CIRCLE('',#3574,1.2295);
#1400=CIRCLE('',#3577,1.2295);
#1401=CIRCLE('',#3599,15.);
#1402=CIRCLE('',#3601,6.);
#1403=CIRCLE('',#3603,1.6);
#1404=CIRCLE('',#3605,1.6);
#1405=CIRCLE('',#3607,1.6);
#1406=CIRCLE('',#3609,1.0065);
#1407=CIRCLE('',#3611,1.0065);
#1408=CIRCLE('',#3613,3.25);
#1409=CIRCLE('',#3614,9.25);
#1410=CIRCLE('',#3615,3.25);
#1411=CIRCLE('',#3617,15.);
#1412=CIRCLE('',#3620,1.6);
#1413=CIRCLE('',#3622,1.6);
#1414=CIRCLE('',#3624,1.6);
#1415=CIRCLE('',#3629,3.25);
#1416=CIRCLE('',#3630,9.25);
#1417=CIRCLE('',#3631,3.25);
#1418=CIRCLE('',#3638,3.25);
#1419=CIRCLE('',#3639,9.25);
#1420=CIRCLE('',#3640,3.25);
#1421=VERTEX_POINT('',#4506);
#1422=VERTEX_POINT('',#4508);
#1423=VERTEX_POINT('',#4512);
#1424=VERTEX_POINT('',#4516);
#1425=VERTEX_POINT('',#4518);
#1426=VERTEX_POINT('',#4522);
#1427=VERTEX_POINT('',#4526);
#1428=VERTEX_POINT('',#4527);
#1429=VERTEX_POINT('',#4529);
#1430=VERTEX_POINT('',#4531);
#1431=VERTEX_POINT('',#4535);
#1432=VERTEX_POINT('',#4537);
#1433=VERTEX_POINT('',#4541);
#1434=VERTEX_POINT('',#4543);
#1435=VERTEX_POINT('',#4547);
#1436=VERTEX_POINT('',#4549);
#1437=VERTEX_POINT('',#4553);
#1438=VERTEX_POINT('',#4555);
#1439=VERTEX_POINT('',#4559);
#1440=VERTEX_POINT('',#4561);
#1441=VERTEX_POINT('',#4565);
#1442=VERTEX_POINT('',#4567);
#1443=VERTEX_POINT('',#4574);
#1444=VERTEX_POINT('',#4575);
#1445=VERTEX_POINT('',#4577);
#1446=VERTEX_POINT('',#4579);
#1447=VERTEX_POINT('',#4583);
#1448=VERTEX_POINT('',#4585);
#1449=VERTEX_POINT('',#4589);
#1450=VERTEX_POINT('',#4591);
#1451=VERTEX_POINT('',#4595);
#1452=VERTEX_POINT('',#4597);
#1453=VERTEX_POINT('',#4601);
#1454=VERTEX_POINT('',#4603);
#1455=VERTEX_POINT('',#4607);
#1456=VERTEX_POINT('',#4609);
#1457=VERTEX_POINT('',#4613);
#1458=VERTEX_POINT('',#4615);
#1459=VERTEX_POINT('',#4622);
#1460=VERTEX_POINT('',#4624);
#1461=VERTEX_POINT('',#4628);
#1462=VERTEX_POINT('',#4629);
#1463=VERTEX_POINT('',#4631);
#1464=VERTEX_POINT('',#4633);
#1465=VERTEX_POINT('',#4637);
#1466=VERTEX_POINT('',#4638);
#1467=VERTEX_POINT('',#4640);
#1468=VERTEX_POINT('',#4642);
#1469=VERTEX_POINT('',#4646);
#1470=VERTEX_POINT('',#4648);
#1471=VERTEX_POINT('',#4651);
#1472=VERTEX_POINT('',#4653);
#1473=VERTEX_POINT('',#4654);
#1474=VERTEX_POINT('',#4656);
#1475=VERTEX_POINT('',#4658);
#1476=VERTEX_POINT('',#4662);
#1477=VERTEX_POINT('',#4664);
#1478=VERTEX_POINT('',#4666);
#1479=VERTEX_POINT('',#4668);
#1480=VERTEX_POINT('',#4670);
#1481=VERTEX_POINT('',#4672);
#1482=VERTEX_POINT('',#4674);
#1483=VERTEX_POINT('',#4676);
#1484=VERTEX_POINT('',#4679);
#1485=VERTEX_POINT('',#4682);
#1486=VERTEX_POINT('',#4684);
#1487=VERTEX_POINT('',#4686);
#1488=VERTEX_POINT('',#4693);
#1489=VERTEX_POINT('',#4695);
#1490=VERTEX_POINT('',#4700);
#1491=VERTEX_POINT('',#4702);
#1492=VERTEX_POINT('',#4704);
#1493=VERTEX_POINT('',#4706);
#1494=VERTEX_POINT('',#4708);
#1495=VERTEX_POINT('',#4710);
#1496=VERTEX_POINT('',#4712);
#1497=VERTEX_POINT('',#4714);
#1498=VERTEX_POINT('',#4721);
#1499=VERTEX_POINT('',#4723);
#1500=VERTEX_POINT('',#4728);
#1501=VERTEX_POINT('',#4731);
#1502=VERTEX_POINT('',#4733);
#1503=VERTEX_POINT('',#4735);
#1504=VERTEX_POINT('',#4758);
#1505=VERTEX_POINT('',#4760);
#1506=VERTEX_POINT('',#4783);
#1507=VERTEX_POINT('',#4785);
#1508=VERTEX_POINT('',#4789);
#1509=VERTEX_POINT('',#4791);
#1510=VERTEX_POINT('',#4814);
#1511=VERTEX_POINT('',#4816);
#1512=VERTEX_POINT('',#4839);
#1513=VERTEX_POINT('',#4842);
#1514=VERTEX_POINT('',#4844);
#1515=VERTEX_POINT('',#4846);
#1516=VERTEX_POINT('',#4848);
#1517=VERTEX_POINT('',#4895);
#1518=VERTEX_POINT('',#4896);
#1519=VERTEX_POINT('',#4907);
#1520=VERTEX_POINT('',#4917);
#1521=VERTEX_POINT('',#4919);
#1522=VERTEX_POINT('',#4934);
#1523=VERTEX_POINT('',#4935);
#1524=VERTEX_POINT('',#4940);
#1525=VERTEX_POINT('',#4942);
#1526=VERTEX_POINT('',#4945);
#1527=VERTEX_POINT('',#4987);
#1528=VERTEX_POINT('',#5056);
#1529=VERTEX_POINT('',#5057);
#1530=VERTEX_POINT('',#5064);
#1531=VERTEX_POINT('',#5072);
#1532=VERTEX_POINT('',#5074);
#1533=VERTEX_POINT('',#5095);
#1534=VERTEX_POINT('',#5096);
#1535=VERTEX_POINT('',#5101);
#1536=VERTEX_POINT('',#5112);
#1537=VERTEX_POINT('',#5114);
#1538=VERTEX_POINT('',#5116);
#1539=VERTEX_POINT('',#5118);
#1540=VERTEX_POINT('',#5120);
#1541=VERTEX_POINT('',#5168);
#1542=VERTEX_POINT('',#5169);
#1543=VERTEX_POINT('',#5176);
#1544=VERTEX_POINT('',#5184);
#1545=VERTEX_POINT('',#5186);
#1546=VERTEX_POINT('',#5207);
#1547=VERTEX_POINT('',#5208);
#1548=VERTEX_POINT('',#5213);
#1549=VERTEX_POINT('',#5224);
#1550=VERTEX_POINT('',#5272);
#1551=VERTEX_POINT('',#5273);
#1552=VERTEX_POINT('',#5284);
#1553=VERTEX_POINT('',#5294);
#1554=VERTEX_POINT('',#5296);
#1555=VERTEX_POINT('',#5311);
#1556=VERTEX_POINT('',#5312);
#1557=VERTEX_POINT('',#5359);
#1558=VERTEX_POINT('',#5360);
#1559=VERTEX_POINT('',#5362);
#1560=VERTEX_POINT('',#5364);
#1561=VERTEX_POINT('',#5368);
#1562=VERTEX_POINT('',#5370);
#1563=VERTEX_POINT('',#5372);
#1564=VERTEX_POINT('',#5374);
#1565=VERTEX_POINT('',#5376);
#1566=VERTEX_POINT('',#5378);
#1567=VERTEX_POINT('',#5380);
#1568=VERTEX_POINT('',#5382);
#1569=VERTEX_POINT('',#5384);
#1570=VERTEX_POINT('',#5386);
#1571=VERTEX_POINT('',#5388);
#1572=VERTEX_POINT('',#5390);
#1573=VERTEX_POINT('',#5393);
#1574=VERTEX_POINT('',#5395);
#1575=VERTEX_POINT('',#5397);
#1576=VERTEX_POINT('',#5400);
#1577=VERTEX_POINT('',#5402);
#1578=VERTEX_POINT('',#5404);
#1579=VERTEX_POINT('',#5407);
#1580=VERTEX_POINT('',#5410);
#1581=VERTEX_POINT('',#5412);
#1582=VERTEX_POINT('',#5414);
#1583=VERTEX_POINT('',#5416);
#1584=VERTEX_POINT('',#5419);
#1585=VERTEX_POINT('',#5420);
#1586=VERTEX_POINT('',#5422);
#1587=VERTEX_POINT('',#5424);
#1588=VERTEX_POINT('',#5428);
#1589=VERTEX_POINT('',#5434);
#1590=VERTEX_POINT('',#5436);
#1591=VERTEX_POINT('',#5440);
#1592=VERTEX_POINT('',#5442);
#1593=VERTEX_POINT('',#5447);
#1594=VERTEX_POINT('',#5449);
#1595=VERTEX_POINT('',#5451);
#1596=VERTEX_POINT('',#5494);
#1597=VERTEX_POINT('',#5495);
#1598=VERTEX_POINT('',#5521);
#1599=VERTEX_POINT('',#5526);
#1600=VERTEX_POINT('',#5528);
#1601=VERTEX_POINT('',#5551);
#1602=VERTEX_POINT('',#5553);
#1603=VERTEX_POINT('',#5557);
#1604=VERTEX_POINT('',#5581);
#1605=VERTEX_POINT('',#5584);
#1606=VERTEX_POINT('',#5586);
#1607=VERTEX_POINT('',#5588);
#1608=VERTEX_POINT('',#5595);
#1609=VERTEX_POINT('',#5597);
#1610=VERTEX_POINT('',#5602);
#1611=VERTEX_POINT('',#5604);
#1612=VERTEX_POINT('',#5606);
#1613=VERTEX_POINT('',#5608);
#1614=VERTEX_POINT('',#5610);
#1615=VERTEX_POINT('',#5612);
#1616=VERTEX_POINT('',#5614);
#1617=VERTEX_POINT('',#5616);
#1618=VERTEX_POINT('',#5618);
#1619=VERTEX_POINT('',#5620);
#1620=VERTEX_POINT('',#5627);
#1621=VERTEX_POINT('',#5629);
#1622=VERTEX_POINT('',#5634);
#1623=VERTEX_POINT('',#5637);
#1624=VERTEX_POINT('',#5639);
#1625=VERTEX_POINT('',#5641);
#1626=VERTEX_POINT('',#5643);
#1627=VERTEX_POINT('',#5685);
#1628=VERTEX_POINT('',#5687);
#1629=VERTEX_POINT('',#5692);
#1630=VERTEX_POINT('',#5730);
#1631=VERTEX_POINT('',#5735);
#1632=VERTEX_POINT('',#5781);
#1633=VERTEX_POINT('',#5784);
#1634=VERTEX_POINT('',#5788);
#1635=VERTEX_POINT('',#5790);
#1636=VERTEX_POINT('',#5792);
#1637=VERTEX_POINT('',#5794);
#1638=VERTEX_POINT('',#5796);
#1639=VERTEX_POINT('',#5802);
#1640=VERTEX_POINT('',#5805);
#1641=VERTEX_POINT('',#5807);
#1642=VERTEX_POINT('',#5809);
#1643=VERTEX_POINT('',#5811);
#1644=VERTEX_POINT('',#5813);
#1645=VERTEX_POINT('',#5815);
#1646=VERTEX_POINT('',#5818);
#1647=VERTEX_POINT('',#5835);
#1648=VERTEX_POINT('',#5839);
#1649=VERTEX_POINT('',#5841);
#1650=VERTEX_POINT('',#5843);
#1651=VERTEX_POINT('',#5845);
#1652=VERTEX_POINT('',#5847);
#1653=VERTEX_POINT('',#5849);
#1654=VERTEX_POINT('',#5852);
#1655=VERTEX_POINT('',#5894);
#1656=VERTEX_POINT('',#5899);
#1657=VERTEX_POINT('',#5905);
#1658=VERTEX_POINT('',#5927);
#1659=VERTEX_POINT('',#5933);
#1660=VERTEX_POINT('',#5938);
#1661=VERTEX_POINT('',#5984);
#1662=VERTEX_POINT('',#6006);
#1663=VERTEX_POINT('',#6008);
#1664=VERTEX_POINT('',#6010);
#1665=VERTEX_POINT('',#6012);
#1666=VERTEX_POINT('',#6014);
#1667=VERTEX_POINT('',#6057);
#1668=VERTEX_POINT('',#6095);
#1669=VERTEX_POINT('',#6100);
#1670=VERTEX_POINT('',#6146);
#1671=VERTEX_POINT('',#6148);
#1672=VERTEX_POINT('',#6150);
#1673=VERTEX_POINT('',#6152);
#1674=VERTEX_POINT('',#6156);
#1675=VERTEX_POINT('',#6215);
#1676=VERTEX_POINT('',#6216);
#1677=VERTEX_POINT('',#6218);
#1678=VERTEX_POINT('',#6220);
#1679=VERTEX_POINT('',#6224);
#1680=VERTEX_POINT('',#6241);
#1681=VERTEX_POINT('',#6247);
#1682=VERTEX_POINT('',#6253);
#1683=VERTEX_POINT('',#6257);
#1684=VERTEX_POINT('',#6261);
#1685=VERTEX_POINT('',#6265);
#1686=VERTEX_POINT('',#6286);
#1687=VERTEX_POINT('',#6287);
#1688=VERTEX_POINT('',#6289);
#1689=VERTEX_POINT('',#6291);
#1690=VERTEX_POINT('',#6325);
#1691=VERTEX_POINT('',#6327);
#1692=VERTEX_POINT('',#6329);
#1693=VERTEX_POINT('',#6331);
#1694=VERTEX_POINT('',#6333);
#1695=VERTEX_POINT('',#6335);
#1696=VERTEX_POINT('',#6367);
#1697=VERTEX_POINT('',#6369);
#1698=VERTEX_POINT('',#6374);
#1699=VERTEX_POINT('',#6376);
#1700=VERTEX_POINT('',#6381);
#1701=VERTEX_POINT('',#6383);
#1702=VERTEX_POINT('',#6388);
#1703=VERTEX_POINT('',#6390);
#1704=VERTEX_POINT('',#6395);
#1705=VERTEX_POINT('',#6397);
#1706=VERTEX_POINT('',#6402);
#1707=VERTEX_POINT('',#6404);
#1708=VERTEX_POINT('',#6409);
#1709=VERTEX_POINT('',#6411);
#1710=VERTEX_POINT('',#6416);
#1711=VERTEX_POINT('',#6418);
#1712=VERTEX_POINT('',#6501);
#1713=VERTEX_POINT('',#6503);
#1714=VERTEX_POINT('',#6530);
#1715=VERTEX_POINT('',#6534);
#1716=VERTEX_POINT('',#6538);
#1717=VERTEX_POINT('',#6542);
#1718=VERTEX_POINT('',#6546);
#1719=VERTEX_POINT('',#6550);
#1720=VERTEX_POINT('',#6554);
#1721=VERTEX_POINT('',#6556);
#1722=VERTEX_POINT('',#6558);
#1723=VERTEX_POINT('',#6560);
#1724=VERTEX_POINT('',#6568);
#1725=VERTEX_POINT('',#6572);
#1726=VERTEX_POINT('',#6576);
#1727=VERTEX_POINT('',#6584);
#1728=VERTEX_POINT('',#6588);
#1729=VERTEX_POINT('',#6590);
#1730=VERTEX_POINT('',#6592);
#1731=VERTEX_POINT('',#6603);
#1732=VERTEX_POINT('',#6607);
#1733=VERTEX_POINT('',#6609);
#1734=VERTEX_POINT('',#6611);
#1735=EDGE_CURVE('',#1421,#1421,#1270,.T.);
#1736=EDGE_CURVE('',#1421,#1422,#760,.T.);
#1737=EDGE_CURVE('',#1422,#1422,#1271,.T.);
#1738=EDGE_CURVE('',#1422,#1423,#761,.T.);
#1739=EDGE_CURVE('',#1423,#1423,#1272,.T.);
#1740=EDGE_CURVE('',#1424,#1424,#1273,.T.);
#1741=EDGE_CURVE('',#1424,#1425,#762,.T.);
#1742=EDGE_CURVE('',#1425,#1425,#1274,.T.);
#1743=EDGE_CURVE('',#1425,#1426,#763,.T.);
#1744=EDGE_CURVE('',#1426,#1426,#1275,.T.);
#1745=EDGE_CURVE('',#1427,#1428,#1276,.T.);
#1746=EDGE_CURVE('',#1427,#1429,#764,.T.);
#1747=EDGE_CURVE('',#1430,#1429,#1277,.T.);
#1748=EDGE_CURVE('',#1428,#1430,#765,.T.);
#1749=EDGE_CURVE('',#1431,#1427,#766,.T.);
#1750=EDGE_CURVE('',#1431,#1432,#767,.T.);
#1751=EDGE_CURVE('',#1429,#1432,#768,.T.);
#1752=EDGE_CURVE('',#1433,#1431,#1278,.T.);
#1753=EDGE_CURVE('',#1433,#1434,#769,.T.);
#1754=EDGE_CURVE('',#1432,#1434,#1279,.T.);
#1755=EDGE_CURVE('',#1435,#1433,#770,.T.);
#1756=EDGE_CURVE('',#1435,#1436,#771,.T.);
#1757=EDGE_CURVE('',#1434,#1436,#772,.T.);
#1758=EDGE_CURVE('',#1437,#1435,#1280,.T.);
#1759=EDGE_CURVE('',#1437,#1438,#773,.T.);
#1760=EDGE_CURVE('',#1436,#1438,#1281,.T.);
#1761=EDGE_CURVE('',#1439,#1437,#774,.T.);
#1762=EDGE_CURVE('',#1439,#1440,#775,.T.);
#1763=EDGE_CURVE('',#1438,#1440,#776,.T.);
#1764=EDGE_CURVE('',#1441,#1439,#1282,.T.);
#1765=EDGE_CURVE('',#1441,#1442,#777,.T.);
#1766=EDGE_CURVE('',#1440,#1442,#1283,.T.);
#1767=EDGE_CURVE('',#1428,#1441,#778,.T.);
#1768=EDGE_CURVE('',#1442,#1430,#779,.T.);
#1769=EDGE_CURVE('',#1443,#1444,#1284,.T.);
#1770=EDGE_CURVE('',#1443,#1445,#780,.T.);
#1771=EDGE_CURVE('',#1446,#1445,#1285,.T.);
#1772=EDGE_CURVE('',#1444,#1446,#781,.T.);
#1773=EDGE_CURVE('',#1447,#1443,#782,.T.);
#1774=EDGE_CURVE('',#1447,#1448,#783,.T.);
#1775=EDGE_CURVE('',#1445,#1448,#784,.T.);
#1776=EDGE_CURVE('',#1449,#1447,#1286,.T.);
#1777=EDGE_CURVE('',#1449,#1450,#785,.T.);
#1778=EDGE_CURVE('',#1448,#1450,#1287,.T.);
#1779=EDGE_CURVE('',#1451,#1449,#786,.T.);
#1780=EDGE_CURVE('',#1451,#1452,#787,.T.);
#1781=EDGE_CURVE('',#1450,#1452,#788,.T.);
#1782=EDGE_CURVE('',#1453,#1451,#1288,.T.);
#1783=EDGE_CURVE('',#1453,#1454,#789,.T.);
#1784=EDGE_CURVE('',#1452,#1454,#1289,.T.);
#1785=EDGE_CURVE('',#1455,#1453,#790,.T.);
#1786=EDGE_CURVE('',#1455,#1456,#791,.T.);
#1787=EDGE_CURVE('',#1454,#1456,#792,.T.);
#1788=EDGE_CURVE('',#1457,#1455,#1290,.T.);
#1789=EDGE_CURVE('',#1457,#1458,#793,.T.);
#1790=EDGE_CURVE('',#1456,#1458,#1291,.T.);
#1791=EDGE_CURVE('',#1444,#1457,#794,.T.);
#1792=EDGE_CURVE('',#1458,#1446,#795,.T.);
#1793=EDGE_CURVE('',#1459,#1459,#1292,.T.);
#1794=EDGE_CURVE('',#1459,#1460,#796,.T.);
#1795=EDGE_CURVE('',#1460,#1460,#1293,.T.);
#1796=EDGE_CURVE('',#1461,#1462,#1294,.F.);
#1797=EDGE_CURVE('',#1461,#1463,#797,.T.);
#1798=EDGE_CURVE('',#1463,#1464,#1295,.T.);
#1799=EDGE_CURVE('',#1464,#1462,#798,.T.);
#1800=EDGE_CURVE('',#1465,#1466,#1296,.F.);
#1801=EDGE_CURVE('',#1465,#1467,#799,.T.);
#1802=EDGE_CURVE('',#1467,#1468,#1297,.T.);
#1803=EDGE_CURVE('',#1466,#1468,#800,.T.);
#1804=EDGE_CURVE('',#1461,#1469,#801,.T.);
#1805=EDGE_CURVE('',#1469,#1470,#802,.T.);
#1806=EDGE_CURVE('',#1470,#1463,#803,.T.);
#1807=EDGE_CURVE('',#1471,#1471,#1298,.T.);
#1808=EDGE_CURVE('',#1472,#1473,#804,.T.);
#1809=EDGE_CURVE('',#1473,#1474,#1299,.T.);
#1810=EDGE_CURVE('',#1474,#1475,#805,.T.);
#1811=EDGE_CURVE('',#1475,#1472,#1300,.T.);
#1812=EDGE_CURVE('',#1465,#1476,#806,.T.);
#1813=EDGE_CURVE('',#1476,#1477,#807,.T.);
#1814=EDGE_CURVE('',#1477,#1478,#1301,.T.);
#1815=EDGE_CURVE('',#1478,#1479,#1302,.T.);
#1816=EDGE_CURVE('',#1479,#1480,#808,.T.);
#1817=EDGE_CURVE('',#1480,#1481,#1303,.T.);
#1818=EDGE_CURVE('',#1481,#1482,#1304,.T.);
#1819=EDGE_CURVE('',#1482,#1483,#809,.T.);
#1820=EDGE_CURVE('',#1483,#1467,#810,.T.);
#1821=EDGE_CURVE('',#1484,#1484,#1305,.T.);
#1822=EDGE_CURVE('',#1485,#1462,#1306,.T.);
#1823=EDGE_CURVE('',#1486,#1485,#1307,.T.);
#1824=EDGE_CURVE('',#1487,#1486,#36,.T.);
#1825=EDGE_CURVE('',#1488,#1487,#811,.T.);
#1826=EDGE_CURVE('',#1489,#1488,#37,.T.);
#1827=EDGE_CURVE('',#1490,#1489,#1308,.T.);
#1828=EDGE_CURVE('',#1491,#1490,#1309,.T.);
#1829=EDGE_CURVE('',#1492,#1491,#1310,.T.);
#1830=EDGE_CURVE('',#1492,#1493,#812,.T.);
#1831=EDGE_CURVE('',#1494,#1493,#1311,.T.);
#1832=EDGE_CURVE('',#1495,#1494,#1312,.T.);
#1833=EDGE_CURVE('',#1496,#1495,#1313,.T.);
#1834=EDGE_CURVE('',#1497,#1496,#38,.T.);
#1835=EDGE_CURVE('',#1498,#1497,#813,.T.);
#1836=EDGE_CURVE('',#1499,#1498,#39,.T.);
#1837=EDGE_CURVE('',#1500,#1499,#1314,.T.);
#1838=EDGE_CURVE('',#1468,#1500,#1315,.T.);
#1839=EDGE_CURVE('',#1501,#1483,#814,.T.);
#1840=EDGE_CURVE('',#1502,#1501,#815,.T.);
#1841=EDGE_CURVE('',#1503,#1502,#40,.T.);
#1842=EDGE_CURVE('',#1504,#1503,#816,.T.);
#1843=EDGE_CURVE('',#1505,#1504,#41,.T.);
#1844=EDGE_CURVE('',#1506,#1505,#817,.T.);
#1845=EDGE_CURVE('',#1506,#1507,#34,.T.);
#1846=EDGE_CURVE('',#1508,#1507,#818,.T.);
#1847=EDGE_CURVE('',#1509,#1508,#42,.T.);
#1848=EDGE_CURVE('',#1510,#1509,#819,.T.);
#1849=EDGE_CURVE('',#1511,#1510,#43,.T.);
#1850=EDGE_CURVE('',#1512,#1511,#820,.T.);
#1851=EDGE_CURVE('',#1469,#1512,#821,.T.);
#1852=EDGE_CURVE('',#1513,#1513,#1316,.T.);
#1853=EDGE_CURVE('',#1514,#1514,#1317,.T.);
#1854=EDGE_CURVE('',#1515,#1515,#1318,.T.);
#1855=EDGE_CURVE('',#1516,#1516,#1319,.T.);
#1856=EDGE_CURVE('',#1517,#1518,#44,.F.);
#1857=EDGE_CURVE('',#1517,#1519,#45,.T.);
#1858=EDGE_CURVE('',#1519,#1520,#1320,.T.);
#1859=EDGE_CURVE('',#1520,#1521,#46,.T.);
#1860=EDGE_CURVE('',#1521,#1518,#47,.T.);
#1861=EDGE_CURVE('',#1522,#1523,#1321,.T.);
#1862=EDGE_CURVE('',#1523,#1520,#822,.T.);
#1863=EDGE_CURVE('',#1519,#1522,#823,.T.);
#1864=EDGE_CURVE('',#1524,#1519,#824,.T.);
#1865=EDGE_CURVE('',#1524,#1525,#825,.T.);
#1866=EDGE_CURVE('',#1522,#1525,#826,.T.);
#1867=EDGE_CURVE('',#1526,#1526,#1322,.T.);
#1868=EDGE_CURVE('',#1517,#1527,#827,.T.);
#1869=EDGE_CURVE('',#1527,#1524,#48,.T.);
#1870=EDGE_CURVE('',#1528,#1529,#49,.F.);
#1871=EDGE_CURVE('',#1528,#1530,#50,.T.);
#1872=EDGE_CURVE('',#1530,#1531,#1323,.T.);
#1873=EDGE_CURVE('',#1531,#1532,#51,.T.);
#1874=EDGE_CURVE('',#1532,#1529,#52,.T.);
#1875=EDGE_CURVE('',#1533,#1534,#1324,.T.);
#1876=EDGE_CURVE('',#1534,#1531,#828,.T.);
#1877=EDGE_CURVE('',#1530,#1533,#829,.T.);
#1878=EDGE_CURVE('',#1535,#1528,#53,.T.);
#1879=EDGE_CURVE('',#1535,#1536,#830,.T.);
#1880=EDGE_CURVE('',#1536,#1537,#831,.T.);
#1881=EDGE_CURVE('',#1538,#1537,#832,.T.);
#1882=EDGE_CURVE('',#1539,#1538,#833,.T.);
#1883=EDGE_CURVE('',#1540,#1539,#834,.T.);
#1884=EDGE_CURVE('',#1540,#1533,#835,.T.);
#1885=EDGE_CURVE('',#1541,#1542,#54,.F.);
#1886=EDGE_CURVE('',#1541,#1543,#55,.T.);
#1887=EDGE_CURVE('',#1543,#1544,#1325,.T.);
#1888=EDGE_CURVE('',#1544,#1545,#56,.T.);
#1889=EDGE_CURVE('',#1545,#1542,#57,.T.);
#1890=EDGE_CURVE('',#1546,#1547,#1326,.T.);
#1891=EDGE_CURVE('',#1546,#1544,#836,.T.);
#1892=EDGE_CURVE('',#1543,#1547,#837,.T.);
#1893=EDGE_CURVE('',#1548,#1541,#58,.T.);
#1894=EDGE_CURVE('',#1548,#1549,#838,.T.);
#1895=EDGE_CURVE('',#1549,#1547,#839,.T.);
#1896=EDGE_CURVE('',#1550,#1551,#59,.F.);
#1897=EDGE_CURVE('',#1550,#1552,#60,.T.);
#1898=EDGE_CURVE('',#1552,#1553,#1327,.T.);
#1899=EDGE_CURVE('',#1553,#1554,#61,.T.);
#1900=EDGE_CURVE('',#1554,#1551,#62,.T.);
#1901=EDGE_CURVE('',#1555,#1556,#1328,.T.);
#1902=EDGE_CURVE('',#1555,#1553,#840,.T.);
#1903=EDGE_CURVE('',#1552,#1556,#841,.T.);
#1904=EDGE_CURVE('',#1544,#1552,#842,.T.);
#1905=EDGE_CURVE('',#1550,#1545,#843,.T.);
#1906=EDGE_CURVE('',#1557,#1558,#1329,.T.);
#1907=EDGE_CURVE('',#1557,#1559,#844,.T.);
#1908=EDGE_CURVE('',#1559,#1560,#14,.T.);
#1909=EDGE_CURVE('',#1560,#1558,#845,.T.);
#1910=EDGE_CURVE('',#1561,#1558,#846,.T.);
#1911=EDGE_CURVE('',#1561,#1562,#1330,.T.);
#1912=EDGE_CURVE('',#1562,#1563,#847,.T.);
#1913=EDGE_CURVE('',#1563,#1564,#848,.T.);
#1914=EDGE_CURVE('',#1564,#1565,#849,.T.);
#1915=EDGE_CURVE('',#1565,#1566,#850,.T.);
#1916=EDGE_CURVE('',#1566,#1567,#1331,.T.);
#1917=EDGE_CURVE('',#1567,#1568,#1332,.T.);
#1918=EDGE_CURVE('',#1568,#1569,#1333,.T.);
#1919=EDGE_CURVE('',#1569,#1570,#851,.T.);
#1920=EDGE_CURVE('',#1570,#1571,#852,.T.);
#1921=EDGE_CURVE('',#1571,#1572,#853,.T.);
#1922=EDGE_CURVE('',#1572,#1557,#854,.T.);
#1923=EDGE_CURVE('',#1573,#1573,#1334,.T.);
#1924=EDGE_CURVE('',#1574,#1574,#1335,.T.);
#1925=EDGE_CURVE('',#1575,#1575,#1336,.T.);
#1926=EDGE_CURVE('',#1560,#1576,#855,.T.);
#1927=EDGE_CURVE('',#1577,#1576,#856,.T.);
#1928=EDGE_CURVE('',#1577,#1578,#857,.T.);
#1929=EDGE_CURVE('',#1508,#1578,#858,.T.);
#1930=EDGE_CURVE('',#1507,#1579,#1337,.T.);
#1931=EDGE_CURVE('',#1579,#1506,#1338,.T.);
#1932=EDGE_CURVE('',#1580,#1505,#859,.T.);
#1933=EDGE_CURVE('',#1580,#1581,#860,.T.);
#1934=EDGE_CURVE('',#1582,#1581,#861,.T.);
#1935=EDGE_CURVE('',#1582,#1583,#862,.T.);
#1936=EDGE_CURVE('',#1561,#1583,#863,.T.);
#1937=EDGE_CURVE('',#1584,#1585,#1339,.T.);
#1938=EDGE_CURVE('',#1585,#1586,#864,.T.);
#1939=EDGE_CURVE('',#1586,#1587,#1340,.T.);
#1940=EDGE_CURVE('',#1587,#1584,#865,.T.);
#1941=EDGE_CURVE('',#1583,#1588,#15,.T.);
#1942=EDGE_CURVE('',#1588,#1562,#866,.T.);
#1943=EDGE_CURVE('',#1563,#1588,#867,.T.);
#1944=EDGE_CURVE('',#1589,#1582,#16,.T.);
#1945=EDGE_CURVE('',#1581,#1590,#1341,.T.);
#1946=EDGE_CURVE('',#1590,#1589,#868,.T.);
#1947=EDGE_CURVE('',#1576,#1591,#17,.T.);
#1948=EDGE_CURVE('',#1591,#1592,#869,.T.);
#1949=EDGE_CURVE('',#1592,#1577,#1342,.T.);
#1950=EDGE_CURVE('',#1591,#1571,#870,.T.);
#1951=EDGE_CURVE('',#1570,#1593,#871,.T.);
#1952=EDGE_CURVE('',#1593,#1594,#872,.T.);
#1953=EDGE_CURVE('',#1595,#1594,#873,.T.);
#1954=EDGE_CURVE('',#1592,#1595,#874,.T.);
#1955=EDGE_CURVE('',#1596,#1597,#63,.T.);
#1956=EDGE_CURVE('',#1597,#1503,#875,.T.);
#1957=EDGE_CURVE('',#1502,#1596,#876,.T.);
#1958=EDGE_CURVE('',#1597,#1598,#877,.T.);
#1959=EDGE_CURVE('',#1504,#1598,#878,.T.);
#1960=EDGE_CURVE('',#1525,#1470,#879,.T.);
#1961=EDGE_CURVE('',#1599,#1527,#880,.T.);
#1962=EDGE_CURVE('',#1600,#1599,#64,.T.);
#1963=EDGE_CURVE('',#1601,#1600,#881,.T.);
#1964=EDGE_CURVE('',#1601,#1602,#35,.T.);
#1965=EDGE_CURVE('',#1603,#1602,#882,.T.);
#1966=EDGE_CURVE('',#1598,#1603,#65,.T.);
#1967=EDGE_CURVE('',#1604,#1596,#883,.T.);
#1968=EDGE_CURVE('',#1476,#1604,#884,.T.);
#1969=EDGE_CURVE('',#1466,#1605,#1343,.T.);
#1970=EDGE_CURVE('',#1605,#1606,#1344,.T.);
#1971=EDGE_CURVE('',#1607,#1606,#66,.T.);
#1972=EDGE_CURVE('',#1608,#1607,#885,.T.);
#1973=EDGE_CURVE('',#1609,#1608,#67,.T.);
#1974=EDGE_CURVE('',#1609,#1610,#1345,.T.);
#1975=EDGE_CURVE('',#1610,#1611,#1346,.T.);
#1976=EDGE_CURVE('',#1611,#1612,#1347,.F.);
#1977=EDGE_CURVE('',#1612,#1613,#886,.T.);
#1978=EDGE_CURVE('',#1613,#1614,#1348,.F.);
#1979=EDGE_CURVE('',#1615,#1614,#887,.T.);
#1980=EDGE_CURVE('',#1616,#1615,#1349,.T.);
#1981=EDGE_CURVE('',#1616,#1617,#1350,.T.);
#1982=EDGE_CURVE('',#1617,#1618,#1351,.T.);
#1983=EDGE_CURVE('',#1619,#1618,#68,.T.);
#1984=EDGE_CURVE('',#1620,#1619,#888,.T.);
#1985=EDGE_CURVE('',#1621,#1620,#69,.T.);
#1986=EDGE_CURVE('',#1621,#1622,#1352,.T.);
#1987=EDGE_CURVE('',#1622,#1464,#1353,.T.);
#1988=EDGE_CURVE('',#1623,#1623,#1354,.T.);
#1989=EDGE_CURVE('',#1624,#1624,#1355,.T.);
#1990=EDGE_CURVE('',#1625,#1625,#1356,.T.);
#1991=EDGE_CURVE('',#1626,#1626,#1357,.T.);
#1992=EDGE_CURVE('',#1603,#1627,#889,.T.);
#1993=EDGE_CURVE('',#1627,#1628,#70,.T.);
#1994=EDGE_CURVE('',#1628,#1629,#71,.T.);
#1995=EDGE_CURVE('',#1629,#1630,#72,.T.);
#1996=EDGE_CURVE('',#1630,#1631,#73,.T.);
#1997=EDGE_CURVE('',#1631,#1580,#74,.T.);
#1998=EDGE_CURVE('',#1602,#1632,#1358,.T.);
#1999=EDGE_CURVE('',#1632,#1601,#1359,.T.);
#2000=EDGE_CURVE('',#1633,#1600,#890,.T.);
#2001=EDGE_CURVE('',#1633,#1627,#891,.T.);
#2002=EDGE_CURVE('',#1634,#1631,#892,.T.);
#2003=EDGE_CURVE('',#1634,#1635,#1360,.F.);
#2004=EDGE_CURVE('',#1635,#1636,#893,.T.);
#2005=EDGE_CURVE('',#1637,#1636,#1361,.T.);
#2006=EDGE_CURVE('',#1638,#1637,#894,.T.);
#2007=EDGE_CURVE('',#1578,#1638,#75,.T.);
#2008=EDGE_CURVE('',#1595,#1639,#1362,.T.);
#2009=EDGE_CURVE('',#1639,#1590,#895,.T.);
#2010=EDGE_CURVE('',#1640,#1640,#1363,.T.);
#2011=EDGE_CURVE('',#1641,#1641,#1364,.T.);
#2012=EDGE_CURVE('',#1642,#1642,#1365,.T.);
#2013=EDGE_CURVE('',#1643,#1643,#1366,.T.);
#2014=EDGE_CURVE('',#1644,#1644,#1367,.T.);
#2015=EDGE_CURVE('',#1645,#1645,#1368,.T.);
#2016=EDGE_CURVE('',#1646,#1630,#896,.T.);
#2017=EDGE_CURVE('',#1646,#1634,#76,.F.);
#2018=EDGE_CURVE('',#1629,#1647,#897,.T.);
#2019=EDGE_CURVE('',#1647,#1646,#898,.F.);
#2020=EDGE_CURVE('',#1648,#1501,#899,.T.);
#2021=EDGE_CURVE('',#1649,#1648,#1369,.T.);
#2022=EDGE_CURVE('',#1649,#1650,#1370,.F.);
#2023=EDGE_CURVE('',#1650,#1651,#900,.T.);
#2024=EDGE_CURVE('',#1652,#1651,#1371,.T.);
#2025=EDGE_CURVE('',#1653,#1652,#1372,.T.);
#2026=EDGE_CURVE('',#1604,#1653,#901,.T.);
#2027=EDGE_CURVE('',#1654,#1654,#1373,.T.);
#2028=EDGE_CURVE('',#1529,#1655,#77,.T.);
#2029=EDGE_CURVE('',#1655,#1656,#902,.T.);
#2030=EDGE_CURVE('',#1551,#1656,#78,.F.);
#2031=EDGE_CURVE('',#1554,#1657,#79,.T.);
#2032=EDGE_CURVE('',#1657,#1535,#903,.T.);
#2033=EDGE_CURVE('',#1555,#1658,#904,.T.);
#2034=EDGE_CURVE('',#1657,#1658,#905,.T.);
#2035=EDGE_CURVE('',#1510,#1532,#906,.T.);
#2036=EDGE_CURVE('',#1599,#1509,#907,.T.);
#2037=EDGE_CURVE('',#1518,#1659,#80,.F.);
#2038=EDGE_CURVE('',#1660,#1659,#908,.T.);
#2039=EDGE_CURVE('',#1542,#1660,#81,.T.);
#2040=EDGE_CURVE('',#1521,#1661,#82,.T.);
#2041=EDGE_CURVE('',#1661,#1548,#909,.T.);
#2042=EDGE_CURVE('',#1523,#1662,#910,.T.);
#2043=EDGE_CURVE('',#1662,#1663,#911,.T.);
#2044=EDGE_CURVE('',#1664,#1663,#912,.T.);
#2045=EDGE_CURVE('',#1665,#1664,#913,.T.);
#2046=EDGE_CURVE('',#1665,#1666,#914,.T.);
#2047=EDGE_CURVE('',#1661,#1666,#915,.T.);
#2048=EDGE_CURVE('',#1638,#1667,#83,.T.);
#2049=EDGE_CURVE('',#1667,#1668,#84,.T.);
#2050=EDGE_CURVE('',#1668,#1669,#85,.T.);
#2051=EDGE_CURVE('',#1669,#1633,#86,.T.);
#2052=EDGE_CURVE('',#1670,#1669,#916,.F.);
#2053=EDGE_CURVE('',#1670,#1671,#1374,.F.);
#2054=EDGE_CURVE('',#1671,#1672,#917,.T.);
#2055=EDGE_CURVE('',#1673,#1672,#1375,.T.);
#2056=EDGE_CURVE('',#1628,#1673,#918,.T.);
#2057=EDGE_CURVE('',#1668,#1674,#919,.T.);
#2058=EDGE_CURVE('',#1674,#1670,#87,.F.);
#2059=EDGE_CURVE('',#1531,#1511,#920,.T.);
#2060=EDGE_CURVE('',#1556,#1546,#921,.T.);
#2061=EDGE_CURVE('',#1675,#1676,#1376,.T.);
#2062=EDGE_CURVE('',#1677,#1675,#922,.T.);
#2063=EDGE_CURVE('',#1678,#1677,#1377,.T.);
#2064=EDGE_CURVE('',#1676,#1678,#923,.T.);
#2065=EDGE_CURVE('',#1637,#1679,#88,.F.);
#2066=EDGE_CURVE('',#1667,#1679,#924,.F.);
#2067=EDGE_CURVE('',#1526,#1680,#925,.T.);
#2068=EDGE_CURVE('',#1680,#1680,#1378,.T.);
#2069=EDGE_CURVE('',#1680,#1471,#926,.T.);
#2070=EDGE_CURVE('',#1654,#1681,#927,.T.);
#2071=EDGE_CURVE('',#1681,#1681,#1379,.T.);
#2072=EDGE_CURVE('',#1681,#1484,#928,.T.);
#2073=EDGE_CURVE('',#1632,#1682,#929,.T.);
#2074=EDGE_CURVE('',#1682,#1682,#1380,.T.);
#2075=EDGE_CURVE('',#1682,#1683,#930,.T.);
#2076=EDGE_CURVE('',#1683,#1683,#1381,.T.);
#2077=EDGE_CURVE('',#1579,#1684,#931,.T.);
#2078=EDGE_CURVE('',#1684,#1684,#1382,.T.);
#2079=EDGE_CURVE('',#1684,#1685,#932,.T.);
#2080=EDGE_CURVE('',#1685,#1685,#1383,.T.);
#2081=EDGE_CURVE('',#1648,#1482,#933,.T.);
#2082=EDGE_CURVE('',#1649,#1481,#934,.T.);
#2083=EDGE_CURVE('',#1480,#1650,#935,.T.);
#2084=EDGE_CURVE('',#1651,#1479,#936,.T.);
#2085=EDGE_CURVE('',#1652,#1478,#937,.T.);
#2086=EDGE_CURVE('',#1653,#1477,#938,.T.);
#2087=EDGE_CURVE('',#1658,#1536,#939,.T.);
#2088=EDGE_CURVE('',#1493,#1635,#940,.T.);
#2089=EDGE_CURVE('',#1636,#1492,#941,.T.);
#2090=EDGE_CURVE('',#1686,#1687,#942,.T.);
#2091=EDGE_CURVE('',#1688,#1686,#1384,.T.);
#2092=EDGE_CURVE('',#1689,#1688,#943,.T.);
#2093=EDGE_CURVE('',#1687,#1689,#1385,.T.);
#2094=EDGE_CURVE('',#1666,#1549,#944,.T.);
#2095=EDGE_CURVE('',#1606,#1499,#89,.T.);
#2096=EDGE_CURVE('',#1498,#1607,#945,.T.);
#2097=EDGE_CURVE('',#1605,#1500,#946,.T.);
#2098=EDGE_CURVE('',#1512,#1534,#947,.T.);
#2099=EDGE_CURVE('',#1662,#1540,#1386,.T.);
#2100=EDGE_CURVE('',#1690,#1690,#1387,.T.);
#2101=EDGE_CURVE('',#1691,#1691,#1388,.T.);
#2102=EDGE_CURVE('',#1692,#1692,#1389,.T.);
#2103=EDGE_CURVE('',#1693,#1693,#1390,.T.);
#2104=EDGE_CURVE('',#1694,#1694,#1391,.T.);
#2105=EDGE_CURVE('',#1695,#1695,#1392,.T.);
#2106=EDGE_CURVE('',#1611,#1494,#948,.T.);
#2107=EDGE_CURVE('',#1673,#1647,#90,.F.);
#2108=EDGE_CURVE('',#1672,#1612,#949,.T.);
#2109=EDGE_CURVE('',#1613,#1671,#950,.T.);
#2110=EDGE_CURVE('',#1674,#1614,#951,.T.);
#2111=EDGE_CURVE('',#1491,#1616,#952,.T.);
#2112=EDGE_CURVE('',#1679,#1615,#953,.F.);
#2113=EDGE_CURVE('',#1617,#1490,#954,.T.);
#2114=EDGE_CURVE('',#1696,#1696,#1393,.T.);
#2115=EDGE_CURVE('',#1696,#1697,#955,.T.);
#2116=EDGE_CURVE('',#1516,#1696,#956,.T.);
#2117=EDGE_CURVE('',#1698,#1698,#1394,.T.);
#2118=EDGE_CURVE('',#1698,#1699,#957,.T.);
#2119=EDGE_CURVE('',#1515,#1698,#958,.T.);
#2120=EDGE_CURVE('',#1700,#1700,#1395,.T.);
#2121=EDGE_CURVE('',#1700,#1701,#959,.T.);
#2122=EDGE_CURVE('',#1514,#1700,#960,.T.);
#2123=EDGE_CURVE('',#1702,#1702,#1396,.T.);
#2124=EDGE_CURVE('',#1702,#1703,#961,.T.);
#2125=EDGE_CURVE('',#1513,#1702,#962,.T.);
#2126=EDGE_CURVE('',#1704,#1704,#1397,.T.);
#2127=EDGE_CURVE('',#1704,#1705,#963,.T.);
#2128=EDGE_CURVE('',#1623,#1704,#964,.T.);
#2129=EDGE_CURVE('',#1706,#1706,#1398,.T.);
#2130=EDGE_CURVE('',#1706,#1707,#965,.T.);
#2131=EDGE_CURVE('',#1624,#1706,#966,.T.);
#2132=EDGE_CURVE('',#1708,#1708,#1399,.T.);
#2133=EDGE_CURVE('',#1708,#1709,#967,.T.);
#2134=EDGE_CURVE('',#1625,#1708,#968,.T.);
#2135=EDGE_CURVE('',#1710,#1710,#1400,.T.);
#2136=EDGE_CURVE('',#1710,#1711,#969,.T.);
#2137=EDGE_CURVE('',#1626,#1710,#970,.T.);
#2138=EDGE_CURVE('',#1622,#1485,#971,.T.);
#2139=EDGE_CURVE('',#1486,#1621,#91,.T.);
#2140=EDGE_CURVE('',#1610,#1495,#972,.T.);
#2141=EDGE_CURVE('',#1496,#1609,#92,.T.);
#2142=EDGE_CURVE('',#1618,#1489,#93,.T.);
#2143=EDGE_CURVE('',#1497,#1608,#973,.T.);
#2144=EDGE_CURVE('',#1619,#1488,#974,.T.);
#2145=EDGE_CURVE('',#1620,#1487,#975,.T.);
#2146=EDGE_CURVE('',#1639,#1712,#976,.T.);
#2147=EDGE_CURVE('',#1712,#1713,#977,.T.);
#2148=EDGE_CURVE('',#1713,#1565,#978,.T.);
#2149=EDGE_CURVE('',#1589,#1564,#979,.T.);
#2150=EDGE_CURVE('',#1572,#1559,#980,.T.);
#2151=EDGE_CURVE('',#1688,#1584,#981,.T.);
#2152=EDGE_CURVE('',#1686,#1585,#982,.T.);
#2153=EDGE_CURVE('',#1687,#1586,#983,.T.);
#2154=EDGE_CURVE('',#1689,#1587,#984,.T.);
#2155=EDGE_CURVE('',#1676,#1472,#985,.T.);
#2156=EDGE_CURVE('',#1675,#1475,#986,.T.);
#2157=EDGE_CURVE('',#1678,#1473,#987,.T.);
#2158=EDGE_CURVE('',#1677,#1474,#988,.T.);
#2159=EDGE_CURVE('',#1663,#1539,#1401,.T.);
#2160=EDGE_CURVE('',#1714,#1714,#1402,.T.);
#2161=EDGE_CURVE('',#1714,#1690,#989,.T.);
#2162=EDGE_CURVE('',#1715,#1715,#1403,.T.);
#2163=EDGE_CURVE('',#1715,#1695,#990,.T.);
#2164=EDGE_CURVE('',#1716,#1716,#1404,.T.);
#2165=EDGE_CURVE('',#1716,#1691,#991,.T.);
#2166=EDGE_CURVE('',#1717,#1717,#1405,.T.);
#2167=EDGE_CURVE('',#1717,#1694,#992,.T.);
#2168=EDGE_CURVE('',#1718,#1718,#1406,.T.);
#2169=EDGE_CURVE('',#1718,#1692,#993,.T.);
#2170=EDGE_CURVE('',#1719,#1719,#1407,.T.);
#2171=EDGE_CURVE('',#1719,#1693,#994,.T.);
#2172=EDGE_CURVE('',#1720,#1665,#995,.T.);
#2173=EDGE_CURVE('',#1721,#1720,#1408,.T.);
#2174=EDGE_CURVE('',#1722,#1721,#1409,.T.);
#2175=EDGE_CURVE('',#1723,#1722,#1410,.T.);
#2176=EDGE_CURVE('',#1537,#1723,#996,.T.);
#2177=EDGE_CURVE('',#1594,#1712,#1411,.T.);
#2178=EDGE_CURVE('',#1575,#1640,#997,.T.);
#2179=EDGE_CURVE('',#1724,#1724,#1412,.T.);
#2180=EDGE_CURVE('',#1724,#1641,#998,.T.);
#2181=EDGE_CURVE('',#1725,#1725,#1413,.T.);
#2182=EDGE_CURVE('',#1725,#1642,#999,.T.);
#2183=EDGE_CURVE('',#1726,#1726,#1414,.T.);
#2184=EDGE_CURVE('',#1726,#1643,#1000,.T.);
#2185=EDGE_CURVE('',#1574,#1644,#1001,.T.);
#2186=EDGE_CURVE('',#1573,#1645,#1002,.T.);
#2187=EDGE_CURVE('',#1727,#1713,#1003,.T.);
#2188=EDGE_CURVE('',#1566,#1727,#1004,.T.);
#2189=EDGE_CURVE('',#1593,#1728,#1005,.T.);
#2190=EDGE_CURVE('',#1728,#1729,#1415,.T.);
#2191=EDGE_CURVE('',#1729,#1730,#1416,.T.);
#2192=EDGE_CURVE('',#1730,#1727,#1417,.T.);
#2193=EDGE_CURVE('',#1569,#1728,#1006,.T.);
#2194=EDGE_CURVE('',#1567,#1730,#1007,.T.);
#2195=EDGE_CURVE('',#1568,#1729,#1008,.T.);
#2196=EDGE_CURVE('',#1731,#1538,#1009,.T.);
#2197=EDGE_CURVE('',#1723,#1731,#1010,.T.);
#2198=EDGE_CURVE('',#1732,#1731,#1418,.T.);
#2199=EDGE_CURVE('',#1733,#1732,#1419,.T.);
#2200=EDGE_CURVE('',#1734,#1733,#1420,.T.);
#2201=EDGE_CURVE('',#1664,#1734,#1011,.T.);
#2202=EDGE_CURVE('',#1720,#1734,#1012,.T.);
#2203=EDGE_CURVE('',#1721,#1733,#1013,.T.);
#2204=EDGE_CURVE('',#1722,#1732,#1014,.T.);
#2205=ORIENTED_EDGE('',*,*,#1735,.F.);
#2206=ORIENTED_EDGE('',*,*,#1736,.T.);
#2207=ORIENTED_EDGE('',*,*,#1737,.F.);
#2208=ORIENTED_EDGE('',*,*,#1736,.F.);
#2209=ORIENTED_EDGE('',*,*,#1737,.T.);
#2210=ORIENTED_EDGE('',*,*,#1738,.T.);
#2211=ORIENTED_EDGE('',*,*,#1739,.F.);
#2212=ORIENTED_EDGE('',*,*,#1738,.F.);
#2213=ORIENTED_EDGE('',*,*,#1740,.F.);
#2214=ORIENTED_EDGE('',*,*,#1741,.T.);
#2215=ORIENTED_EDGE('',*,*,#1742,.F.);
#2216=ORIENTED_EDGE('',*,*,#1741,.F.);
#2217=ORIENTED_EDGE('',*,*,#1742,.T.);
#2218=ORIENTED_EDGE('',*,*,#1743,.T.);
#2219=ORIENTED_EDGE('',*,*,#1744,.F.);
#2220=ORIENTED_EDGE('',*,*,#1743,.F.);
#2221=ORIENTED_EDGE('',*,*,#1745,.F.);
#2222=ORIENTED_EDGE('',*,*,#1746,.T.);
#2223=ORIENTED_EDGE('',*,*,#1747,.F.);
#2224=ORIENTED_EDGE('',*,*,#1748,.F.);
#2225=ORIENTED_EDGE('',*,*,#1749,.F.);
#2226=ORIENTED_EDGE('',*,*,#1750,.T.);
#2227=ORIENTED_EDGE('',*,*,#1751,.F.);
#2228=ORIENTED_EDGE('',*,*,#1746,.F.);
#2229=ORIENTED_EDGE('',*,*,#1752,.F.);
#2230=ORIENTED_EDGE('',*,*,#1753,.T.);
#2231=ORIENTED_EDGE('',*,*,#1754,.F.);
#2232=ORIENTED_EDGE('',*,*,#1750,.F.);
#2233=ORIENTED_EDGE('',*,*,#1755,.F.);
#2234=ORIENTED_EDGE('',*,*,#1756,.T.);
#2235=ORIENTED_EDGE('',*,*,#1757,.F.);
#2236=ORIENTED_EDGE('',*,*,#1753,.F.);
#2237=ORIENTED_EDGE('',*,*,#1758,.F.);
#2238=ORIENTED_EDGE('',*,*,#1759,.T.);
#2239=ORIENTED_EDGE('',*,*,#1760,.F.);
#2240=ORIENTED_EDGE('',*,*,#1756,.F.);
#2241=ORIENTED_EDGE('',*,*,#1761,.F.);
#2242=ORIENTED_EDGE('',*,*,#1762,.T.);
#2243=ORIENTED_EDGE('',*,*,#1763,.F.);
#2244=ORIENTED_EDGE('',*,*,#1759,.F.);
#2245=ORIENTED_EDGE('',*,*,#1764,.F.);
#2246=ORIENTED_EDGE('',*,*,#1765,.T.);
#2247=ORIENTED_EDGE('',*,*,#1766,.F.);
#2248=ORIENTED_EDGE('',*,*,#1762,.F.);
#2249=ORIENTED_EDGE('',*,*,#1767,.F.);
#2250=ORIENTED_EDGE('',*,*,#1748,.T.);
#2251=ORIENTED_EDGE('',*,*,#1768,.F.);
#2252=ORIENTED_EDGE('',*,*,#1765,.F.);
#2253=ORIENTED_EDGE('',*,*,#1769,.F.);
#2254=ORIENTED_EDGE('',*,*,#1770,.T.);
#2255=ORIENTED_EDGE('',*,*,#1771,.F.);
#2256=ORIENTED_EDGE('',*,*,#1772,.F.);
#2257=ORIENTED_EDGE('',*,*,#1773,.F.);
#2258=ORIENTED_EDGE('',*,*,#1774,.T.);
#2259=ORIENTED_EDGE('',*,*,#1775,.F.);
#2260=ORIENTED_EDGE('',*,*,#1770,.F.);
#2261=ORIENTED_EDGE('',*,*,#1776,.F.);
#2262=ORIENTED_EDGE('',*,*,#1777,.T.);
#2263=ORIENTED_EDGE('',*,*,#1778,.F.);
#2264=ORIENTED_EDGE('',*,*,#1774,.F.);
#2265=ORIENTED_EDGE('',*,*,#1779,.F.);
#2266=ORIENTED_EDGE('',*,*,#1780,.T.);
#2267=ORIENTED_EDGE('',*,*,#1781,.F.);
#2268=ORIENTED_EDGE('',*,*,#1777,.F.);
#2269=ORIENTED_EDGE('',*,*,#1782,.F.);
#2270=ORIENTED_EDGE('',*,*,#1783,.T.);
#2271=ORIENTED_EDGE('',*,*,#1784,.F.);
#2272=ORIENTED_EDGE('',*,*,#1780,.F.);
#2273=ORIENTED_EDGE('',*,*,#1785,.F.);
#2274=ORIENTED_EDGE('',*,*,#1786,.T.);
#2275=ORIENTED_EDGE('',*,*,#1787,.F.);
#2276=ORIENTED_EDGE('',*,*,#1783,.F.);
#2277=ORIENTED_EDGE('',*,*,#1788,.F.);
#2278=ORIENTED_EDGE('',*,*,#1789,.T.);
#2279=ORIENTED_EDGE('',*,*,#1790,.F.);
#2280=ORIENTED_EDGE('',*,*,#1786,.F.);
#2281=ORIENTED_EDGE('',*,*,#1791,.F.);
#2282=ORIENTED_EDGE('',*,*,#1772,.T.);
#2283=ORIENTED_EDGE('',*,*,#1792,.F.);
#2284=ORIENTED_EDGE('',*,*,#1789,.F.);
#2285=ORIENTED_EDGE('',*,*,#1793,.F.);
#2286=ORIENTED_EDGE('',*,*,#1794,.T.);
#2287=ORIENTED_EDGE('',*,*,#1795,.F.);
#2288=ORIENTED_EDGE('',*,*,#1794,.F.);
#2289=ORIENTED_EDGE('',*,*,#1796,.F.);
#2290=ORIENTED_EDGE('',*,*,#1797,.T.);
#2291=ORIENTED_EDGE('',*,*,#1798,.T.);
#2292=ORIENTED_EDGE('',*,*,#1799,.T.);
#2293=ORIENTED_EDGE('',*,*,#1800,.F.);
#2294=ORIENTED_EDGE('',*,*,#1801,.T.);
#2295=ORIENTED_EDGE('',*,*,#1802,.T.);
#2296=ORIENTED_EDGE('',*,*,#1803,.F.);
#2297=ORIENTED_EDGE('',*,*,#1797,.F.);
#2298=ORIENTED_EDGE('',*,*,#1804,.T.);
#2299=ORIENTED_EDGE('',*,*,#1805,.T.);
#2300=ORIENTED_EDGE('',*,*,#1806,.T.);
#2301=ORIENTED_EDGE('',*,*,#1807,.T.);
#2302=ORIENTED_EDGE('',*,*,#1808,.T.);
#2303=ORIENTED_EDGE('',*,*,#1809,.T.);
#2304=ORIENTED_EDGE('',*,*,#1810,.T.);
#2305=ORIENTED_EDGE('',*,*,#1811,.T.);
#2306=ORIENTED_EDGE('',*,*,#1801,.F.);
#2307=ORIENTED_EDGE('',*,*,#1812,.T.);
#2308=ORIENTED_EDGE('',*,*,#1813,.T.);
#2309=ORIENTED_EDGE('',*,*,#1814,.T.);
#2310=ORIENTED_EDGE('',*,*,#1815,.T.);
#2311=ORIENTED_EDGE('',*,*,#1816,.T.);
#2312=ORIENTED_EDGE('',*,*,#1817,.T.);
#2313=ORIENTED_EDGE('',*,*,#1818,.T.);
#2314=ORIENTED_EDGE('',*,*,#1819,.T.);
#2315=ORIENTED_EDGE('',*,*,#1820,.T.);
#2316=ORIENTED_EDGE('',*,*,#1821,.T.);
#2317=ORIENTED_EDGE('',*,*,#1822,.F.);
#2318=ORIENTED_EDGE('',*,*,#1823,.F.);
#2319=ORIENTED_EDGE('',*,*,#1824,.F.);
#2320=ORIENTED_EDGE('',*,*,#1825,.F.);
#2321=ORIENTED_EDGE('',*,*,#1826,.F.);
#2322=ORIENTED_EDGE('',*,*,#1827,.F.);
#2323=ORIENTED_EDGE('',*,*,#1828,.F.);
#2324=ORIENTED_EDGE('',*,*,#1829,.F.);
#2325=ORIENTED_EDGE('',*,*,#1830,.T.);
#2326=ORIENTED_EDGE('',*,*,#1831,.F.);
#2327=ORIENTED_EDGE('',*,*,#1832,.F.);
#2328=ORIENTED_EDGE('',*,*,#1833,.F.);
#2329=ORIENTED_EDGE('',*,*,#1834,.F.);
#2330=ORIENTED_EDGE('',*,*,#1835,.F.);
#2331=ORIENTED_EDGE('',*,*,#1836,.F.);
#2332=ORIENTED_EDGE('',*,*,#1837,.F.);
#2333=ORIENTED_EDGE('',*,*,#1838,.F.);
#2334=ORIENTED_EDGE('',*,*,#1802,.F.);
#2335=ORIENTED_EDGE('',*,*,#1820,.F.);
#2336=ORIENTED_EDGE('',*,*,#1839,.F.);
#2337=ORIENTED_EDGE('',*,*,#1840,.F.);
#2338=ORIENTED_EDGE('',*,*,#1841,.F.);
#2339=ORIENTED_EDGE('',*,*,#1842,.F.);
#2340=ORIENTED_EDGE('',*,*,#1843,.F.);
#2341=ORIENTED_EDGE('',*,*,#1844,.F.);
#2342=ORIENTED_EDGE('',*,*,#1845,.T.);
#2343=ORIENTED_EDGE('',*,*,#1846,.F.);
#2344=ORIENTED_EDGE('',*,*,#1847,.F.);
#2345=ORIENTED_EDGE('',*,*,#1848,.F.);
#2346=ORIENTED_EDGE('',*,*,#1849,.F.);
#2347=ORIENTED_EDGE('',*,*,#1850,.F.);
#2348=ORIENTED_EDGE('',*,*,#1851,.F.);
#2349=ORIENTED_EDGE('',*,*,#1804,.F.);
#2350=ORIENTED_EDGE('',*,*,#1796,.T.);
#2351=ORIENTED_EDGE('',*,*,#1852,.T.);
#2352=ORIENTED_EDGE('',*,*,#1853,.T.);
#2353=ORIENTED_EDGE('',*,*,#1854,.T.);
#2354=ORIENTED_EDGE('',*,*,#1855,.T.);
#2355=ORIENTED_EDGE('',*,*,#1856,.F.);
#2356=ORIENTED_EDGE('',*,*,#1857,.T.);
#2357=ORIENTED_EDGE('',*,*,#1858,.T.);
#2358=ORIENTED_EDGE('',*,*,#1859,.T.);
#2359=ORIENTED_EDGE('',*,*,#1860,.T.);
#2360=ORIENTED_EDGE('',*,*,#1861,.T.);
#2361=ORIENTED_EDGE('',*,*,#1862,.T.);
#2362=ORIENTED_EDGE('',*,*,#1858,.F.);
#2363=ORIENTED_EDGE('',*,*,#1863,.T.);
#2364=ORIENTED_EDGE('',*,*,#1863,.F.);
#2365=ORIENTED_EDGE('',*,*,#1864,.F.);
#2366=ORIENTED_EDGE('',*,*,#1865,.T.);
#2367=ORIENTED_EDGE('',*,*,#1866,.F.);
#2368=ORIENTED_EDGE('',*,*,#1867,.T.);
#2369=ORIENTED_EDGE('',*,*,#1857,.F.);
#2370=ORIENTED_EDGE('',*,*,#1868,.T.);
#2371=ORIENTED_EDGE('',*,*,#1869,.T.);
#2372=ORIENTED_EDGE('',*,*,#1864,.T.);
#2373=ORIENTED_EDGE('',*,*,#1870,.F.);
#2374=ORIENTED_EDGE('',*,*,#1871,.T.);
#2375=ORIENTED_EDGE('',*,*,#1872,.T.);
#2376=ORIENTED_EDGE('',*,*,#1873,.T.);
#2377=ORIENTED_EDGE('',*,*,#1874,.T.);
#2378=ORIENTED_EDGE('',*,*,#1875,.T.);
#2379=ORIENTED_EDGE('',*,*,#1876,.T.);
#2380=ORIENTED_EDGE('',*,*,#1872,.F.);
#2381=ORIENTED_EDGE('',*,*,#1877,.T.);
#2382=ORIENTED_EDGE('',*,*,#1877,.F.);
#2383=ORIENTED_EDGE('',*,*,#1871,.F.);
#2384=ORIENTED_EDGE('',*,*,#1878,.F.);
#2385=ORIENTED_EDGE('',*,*,#1879,.T.);
#2386=ORIENTED_EDGE('',*,*,#1880,.T.);
#2387=ORIENTED_EDGE('',*,*,#1881,.F.);
#2388=ORIENTED_EDGE('',*,*,#1882,.F.);
#2389=ORIENTED_EDGE('',*,*,#1883,.F.);
#2390=ORIENTED_EDGE('',*,*,#1884,.T.);
#2391=ORIENTED_EDGE('',*,*,#1885,.F.);
#2392=ORIENTED_EDGE('',*,*,#1886,.T.);
#2393=ORIENTED_EDGE('',*,*,#1887,.T.);
#2394=ORIENTED_EDGE('',*,*,#1888,.T.);
#2395=ORIENTED_EDGE('',*,*,#1889,.T.);
#2396=ORIENTED_EDGE('',*,*,#1890,.F.);
#2397=ORIENTED_EDGE('',*,*,#1891,.T.);
#2398=ORIENTED_EDGE('',*,*,#1887,.F.);
#2399=ORIENTED_EDGE('',*,*,#1892,.T.);
#2400=ORIENTED_EDGE('',*,*,#1892,.F.);
#2401=ORIENTED_EDGE('',*,*,#1886,.F.);
#2402=ORIENTED_EDGE('',*,*,#1893,.F.);
#2403=ORIENTED_EDGE('',*,*,#1894,.T.);
#2404=ORIENTED_EDGE('',*,*,#1895,.T.);
#2405=ORIENTED_EDGE('',*,*,#1896,.F.);
#2406=ORIENTED_EDGE('',*,*,#1897,.T.);
#2407=ORIENTED_EDGE('',*,*,#1898,.T.);
#2408=ORIENTED_EDGE('',*,*,#1899,.T.);
#2409=ORIENTED_EDGE('',*,*,#1900,.T.);
#2410=ORIENTED_EDGE('',*,*,#1901,.F.);
#2411=ORIENTED_EDGE('',*,*,#1902,.T.);
#2412=ORIENTED_EDGE('',*,*,#1898,.F.);
#2413=ORIENTED_EDGE('',*,*,#1903,.T.);
#2414=ORIENTED_EDGE('',*,*,#1888,.F.);
#2415=ORIENTED_EDGE('',*,*,#1904,.T.);
#2416=ORIENTED_EDGE('',*,*,#1897,.F.);
#2417=ORIENTED_EDGE('',*,*,#1905,.T.);
#2418=ORIENTED_EDGE('',*,*,#1906,.F.);
#2419=ORIENTED_EDGE('',*,*,#1907,.T.);
#2420=ORIENTED_EDGE('',*,*,#1908,.T.);
#2421=ORIENTED_EDGE('',*,*,#1909,.T.);
#2422=ORIENTED_EDGE('',*,*,#1906,.T.);
#2423=ORIENTED_EDGE('',*,*,#1910,.F.);
#2424=ORIENTED_EDGE('',*,*,#1911,.T.);
#2425=ORIENTED_EDGE('',*,*,#1912,.T.);
#2426=ORIENTED_EDGE('',*,*,#1913,.T.);
#2427=ORIENTED_EDGE('',*,*,#1914,.T.);
#2428=ORIENTED_EDGE('',*,*,#1915,.T.);
#2429=ORIENTED_EDGE('',*,*,#1916,.T.);
#2430=ORIENTED_EDGE('',*,*,#1917,.T.);
#2431=ORIENTED_EDGE('',*,*,#1918,.T.);
#2432=ORIENTED_EDGE('',*,*,#1919,.T.);
#2433=ORIENTED_EDGE('',*,*,#1920,.T.);
#2434=ORIENTED_EDGE('',*,*,#1921,.T.);
#2435=ORIENTED_EDGE('',*,*,#1922,.T.);
#2436=ORIENTED_EDGE('',*,*,#1923,.T.);
#2437=ORIENTED_EDGE('',*,*,#1924,.T.);
#2438=ORIENTED_EDGE('',*,*,#1925,.T.);
#2439=ORIENTED_EDGE('',*,*,#1909,.F.);
#2440=ORIENTED_EDGE('',*,*,#1926,.T.);
#2441=ORIENTED_EDGE('',*,*,#1927,.F.);
#2442=ORIENTED_EDGE('',*,*,#1928,.T.);
#2443=ORIENTED_EDGE('',*,*,#1929,.F.);
#2444=ORIENTED_EDGE('',*,*,#1846,.T.);
#2445=ORIENTED_EDGE('',*,*,#1930,.T.);
#2446=ORIENTED_EDGE('',*,*,#1931,.T.);
#2447=ORIENTED_EDGE('',*,*,#1844,.T.);
#2448=ORIENTED_EDGE('',*,*,#1932,.F.);
#2449=ORIENTED_EDGE('',*,*,#1933,.T.);
#2450=ORIENTED_EDGE('',*,*,#1934,.F.);
#2451=ORIENTED_EDGE('',*,*,#1935,.T.);
#2452=ORIENTED_EDGE('',*,*,#1936,.F.);
#2453=ORIENTED_EDGE('',*,*,#1910,.T.);
#2454=ORIENTED_EDGE('',*,*,#1937,.T.);
#2455=ORIENTED_EDGE('',*,*,#1938,.T.);
#2456=ORIENTED_EDGE('',*,*,#1939,.T.);
#2457=ORIENTED_EDGE('',*,*,#1940,.T.);
#2458=ORIENTED_EDGE('',*,*,#1911,.F.);
#2459=ORIENTED_EDGE('',*,*,#1936,.T.);
#2460=ORIENTED_EDGE('',*,*,#1941,.T.);
#2461=ORIENTED_EDGE('',*,*,#1942,.T.);
#2462=ORIENTED_EDGE('',*,*,#1942,.F.);
#2463=ORIENTED_EDGE('',*,*,#1943,.F.);
#2464=ORIENTED_EDGE('',*,*,#1912,.F.);
#2465=ORIENTED_EDGE('',*,*,#1944,.T.);
#2466=ORIENTED_EDGE('',*,*,#1934,.T.);
#2467=ORIENTED_EDGE('',*,*,#1945,.T.);
#2468=ORIENTED_EDGE('',*,*,#1946,.T.);
#2469=ORIENTED_EDGE('',*,*,#1947,.T.);
#2470=ORIENTED_EDGE('',*,*,#1948,.T.);
#2471=ORIENTED_EDGE('',*,*,#1949,.T.);
#2472=ORIENTED_EDGE('',*,*,#1927,.T.);
#2473=ORIENTED_EDGE('',*,*,#1948,.F.);
#2474=ORIENTED_EDGE('',*,*,#1950,.T.);
#2475=ORIENTED_EDGE('',*,*,#1920,.F.);
#2476=ORIENTED_EDGE('',*,*,#1951,.T.);
#2477=ORIENTED_EDGE('',*,*,#1952,.T.);
#2478=ORIENTED_EDGE('',*,*,#1953,.F.);
#2479=ORIENTED_EDGE('',*,*,#1954,.F.);
#2480=ORIENTED_EDGE('',*,*,#1955,.T.);
#2481=ORIENTED_EDGE('',*,*,#1956,.T.);
#2482=ORIENTED_EDGE('',*,*,#1841,.T.);
#2483=ORIENTED_EDGE('',*,*,#1957,.T.);
#2484=ORIENTED_EDGE('',*,*,#1956,.F.);
#2485=ORIENTED_EDGE('',*,*,#1958,.T.);
#2486=ORIENTED_EDGE('',*,*,#1959,.F.);
#2487=ORIENTED_EDGE('',*,*,#1842,.T.);
#2488=ORIENTED_EDGE('',*,*,#1960,.F.);
#2489=ORIENTED_EDGE('',*,*,#1865,.F.);
#2490=ORIENTED_EDGE('',*,*,#1869,.F.);
#2491=ORIENTED_EDGE('',*,*,#1961,.F.);
#2492=ORIENTED_EDGE('',*,*,#1962,.F.);
#2493=ORIENTED_EDGE('',*,*,#1963,.F.);
#2494=ORIENTED_EDGE('',*,*,#1964,.T.);
#2495=ORIENTED_EDGE('',*,*,#1965,.F.);
#2496=ORIENTED_EDGE('',*,*,#1966,.F.);
#2497=ORIENTED_EDGE('',*,*,#1958,.F.);
#2498=ORIENTED_EDGE('',*,*,#1955,.F.);
#2499=ORIENTED_EDGE('',*,*,#1967,.F.);
#2500=ORIENTED_EDGE('',*,*,#1968,.F.);
#2501=ORIENTED_EDGE('',*,*,#1812,.F.);
#2502=ORIENTED_EDGE('',*,*,#1800,.T.);
#2503=ORIENTED_EDGE('',*,*,#1969,.T.);
#2504=ORIENTED_EDGE('',*,*,#1970,.T.);
#2505=ORIENTED_EDGE('',*,*,#1971,.F.);
#2506=ORIENTED_EDGE('',*,*,#1972,.F.);
#2507=ORIENTED_EDGE('',*,*,#1973,.F.);
#2508=ORIENTED_EDGE('',*,*,#1974,.T.);
#2509=ORIENTED_EDGE('',*,*,#1975,.T.);
#2510=ORIENTED_EDGE('',*,*,#1976,.T.);
#2511=ORIENTED_EDGE('',*,*,#1977,.T.);
#2512=ORIENTED_EDGE('',*,*,#1978,.T.);
#2513=ORIENTED_EDGE('',*,*,#1979,.F.);
#2514=ORIENTED_EDGE('',*,*,#1980,.F.);
#2515=ORIENTED_EDGE('',*,*,#1981,.T.);
#2516=ORIENTED_EDGE('',*,*,#1982,.T.);
#2517=ORIENTED_EDGE('',*,*,#1983,.F.);
#2518=ORIENTED_EDGE('',*,*,#1984,.F.);
#2519=ORIENTED_EDGE('',*,*,#1985,.F.);
#2520=ORIENTED_EDGE('',*,*,#1986,.T.);
#2521=ORIENTED_EDGE('',*,*,#1987,.T.);
#2522=ORIENTED_EDGE('',*,*,#1798,.F.);
#2523=ORIENTED_EDGE('',*,*,#1806,.F.);
#2524=ORIENTED_EDGE('',*,*,#1988,.T.);
#2525=ORIENTED_EDGE('',*,*,#1989,.T.);
#2526=ORIENTED_EDGE('',*,*,#1990,.T.);
#2527=ORIENTED_EDGE('',*,*,#1991,.T.);
#2528=ORIENTED_EDGE('',*,*,#1843,.T.);
#2529=ORIENTED_EDGE('',*,*,#1959,.T.);
#2530=ORIENTED_EDGE('',*,*,#1966,.T.);
#2531=ORIENTED_EDGE('',*,*,#1992,.T.);
#2532=ORIENTED_EDGE('',*,*,#1993,.T.);
#2533=ORIENTED_EDGE('',*,*,#1994,.T.);
#2534=ORIENTED_EDGE('',*,*,#1995,.T.);
#2535=ORIENTED_EDGE('',*,*,#1996,.T.);
#2536=ORIENTED_EDGE('',*,*,#1997,.T.);
#2537=ORIENTED_EDGE('',*,*,#1932,.T.);
#2538=ORIENTED_EDGE('',*,*,#1992,.F.);
#2539=ORIENTED_EDGE('',*,*,#1965,.T.);
#2540=ORIENTED_EDGE('',*,*,#1998,.T.);
#2541=ORIENTED_EDGE('',*,*,#1999,.T.);
#2542=ORIENTED_EDGE('',*,*,#1963,.T.);
#2543=ORIENTED_EDGE('',*,*,#2000,.F.);
#2544=ORIENTED_EDGE('',*,*,#2001,.T.);
#2545=ORIENTED_EDGE('',*,*,#1735,.T.);
#2546=ORIENTED_EDGE('',*,*,#1740,.T.);
#2547=ORIENTED_EDGE('',*,*,#1745,.T.);
#2548=ORIENTED_EDGE('',*,*,#1767,.T.);
#2549=ORIENTED_EDGE('',*,*,#1764,.T.);
#2550=ORIENTED_EDGE('',*,*,#1761,.T.);
#2551=ORIENTED_EDGE('',*,*,#1758,.T.);
#2552=ORIENTED_EDGE('',*,*,#1755,.T.);
#2553=ORIENTED_EDGE('',*,*,#1752,.T.);
#2554=ORIENTED_EDGE('',*,*,#1749,.T.);
#2555=ORIENTED_EDGE('',*,*,#1769,.T.);
#2556=ORIENTED_EDGE('',*,*,#1791,.T.);
#2557=ORIENTED_EDGE('',*,*,#1788,.T.);
#2558=ORIENTED_EDGE('',*,*,#1785,.T.);
#2559=ORIENTED_EDGE('',*,*,#1782,.T.);
#2560=ORIENTED_EDGE('',*,*,#1779,.T.);
#2561=ORIENTED_EDGE('',*,*,#1776,.T.);
#2562=ORIENTED_EDGE('',*,*,#1773,.T.);
#2563=ORIENTED_EDGE('',*,*,#1793,.T.);
#2564=ORIENTED_EDGE('',*,*,#1997,.F.);
#2565=ORIENTED_EDGE('',*,*,#2002,.F.);
#2566=ORIENTED_EDGE('',*,*,#2003,.T.);
#2567=ORIENTED_EDGE('',*,*,#2004,.T.);
#2568=ORIENTED_EDGE('',*,*,#2005,.F.);
#2569=ORIENTED_EDGE('',*,*,#2006,.F.);
#2570=ORIENTED_EDGE('',*,*,#2007,.F.);
#2571=ORIENTED_EDGE('',*,*,#1928,.F.);
#2572=ORIENTED_EDGE('',*,*,#1949,.F.);
#2573=ORIENTED_EDGE('',*,*,#1954,.T.);
#2574=ORIENTED_EDGE('',*,*,#2008,.T.);
#2575=ORIENTED_EDGE('',*,*,#2009,.T.);
#2576=ORIENTED_EDGE('',*,*,#1945,.F.);
#2577=ORIENTED_EDGE('',*,*,#1933,.F.);
#2578=ORIENTED_EDGE('',*,*,#2010,.T.);
#2579=ORIENTED_EDGE('',*,*,#2011,.T.);
#2580=ORIENTED_EDGE('',*,*,#2012,.T.);
#2581=ORIENTED_EDGE('',*,*,#2013,.T.);
#2582=ORIENTED_EDGE('',*,*,#2014,.T.);
#2583=ORIENTED_EDGE('',*,*,#2015,.T.);
#2584=ORIENTED_EDGE('',*,*,#1996,.F.);
#2585=ORIENTED_EDGE('',*,*,#2016,.F.);
#2586=ORIENTED_EDGE('',*,*,#2017,.T.);
#2587=ORIENTED_EDGE('',*,*,#2002,.T.);
#2588=ORIENTED_EDGE('',*,*,#1995,.F.);
#2589=ORIENTED_EDGE('',*,*,#2018,.T.);
#2590=ORIENTED_EDGE('',*,*,#2019,.T.);
#2591=ORIENTED_EDGE('',*,*,#2016,.T.);
#2592=ORIENTED_EDGE('',*,*,#1957,.F.);
#2593=ORIENTED_EDGE('',*,*,#1840,.T.);
#2594=ORIENTED_EDGE('',*,*,#2020,.F.);
#2595=ORIENTED_EDGE('',*,*,#2021,.F.);
#2596=ORIENTED_EDGE('',*,*,#2022,.T.);
#2597=ORIENTED_EDGE('',*,*,#2023,.T.);
#2598=ORIENTED_EDGE('',*,*,#2024,.F.);
#2599=ORIENTED_EDGE('',*,*,#2025,.F.);
#2600=ORIENTED_EDGE('',*,*,#2026,.F.);
#2601=ORIENTED_EDGE('',*,*,#1967,.T.);
#2602=ORIENTED_EDGE('',*,*,#2027,.T.);
#2603=ORIENTED_EDGE('',*,*,#1878,.T.);
#2604=ORIENTED_EDGE('',*,*,#1870,.T.);
#2605=ORIENTED_EDGE('',*,*,#2028,.T.);
#2606=ORIENTED_EDGE('',*,*,#2029,.T.);
#2607=ORIENTED_EDGE('',*,*,#2030,.F.);
#2608=ORIENTED_EDGE('',*,*,#1900,.F.);
#2609=ORIENTED_EDGE('',*,*,#2031,.T.);
#2610=ORIENTED_EDGE('',*,*,#2032,.T.);
#2611=ORIENTED_EDGE('',*,*,#1902,.F.);
#2612=ORIENTED_EDGE('',*,*,#2033,.T.);
#2613=ORIENTED_EDGE('',*,*,#2034,.F.);
#2614=ORIENTED_EDGE('',*,*,#2031,.F.);
#2615=ORIENTED_EDGE('',*,*,#1899,.F.);
#2616=ORIENTED_EDGE('',*,*,#2029,.F.);
#2617=ORIENTED_EDGE('',*,*,#2028,.F.);
#2618=ORIENTED_EDGE('',*,*,#1874,.F.);
#2619=ORIENTED_EDGE('',*,*,#2035,.F.);
#2620=ORIENTED_EDGE('',*,*,#1848,.T.);
#2621=ORIENTED_EDGE('',*,*,#2036,.F.);
#2622=ORIENTED_EDGE('',*,*,#1961,.T.);
#2623=ORIENTED_EDGE('',*,*,#1868,.F.);
#2624=ORIENTED_EDGE('',*,*,#1856,.T.);
#2625=ORIENTED_EDGE('',*,*,#2037,.T.);
#2626=ORIENTED_EDGE('',*,*,#2038,.F.);
#2627=ORIENTED_EDGE('',*,*,#2039,.F.);
#2628=ORIENTED_EDGE('',*,*,#1889,.F.);
#2629=ORIENTED_EDGE('',*,*,#1905,.F.);
#2630=ORIENTED_EDGE('',*,*,#1896,.T.);
#2631=ORIENTED_EDGE('',*,*,#2030,.T.);
#2632=ORIENTED_EDGE('',*,*,#2040,.T.);
#2633=ORIENTED_EDGE('',*,*,#2041,.T.);
#2634=ORIENTED_EDGE('',*,*,#1893,.T.);
#2635=ORIENTED_EDGE('',*,*,#1885,.T.);
#2636=ORIENTED_EDGE('',*,*,#2039,.T.);
#2637=ORIENTED_EDGE('',*,*,#2038,.T.);
#2638=ORIENTED_EDGE('',*,*,#2037,.F.);
#2639=ORIENTED_EDGE('',*,*,#1860,.F.);
#2640=ORIENTED_EDGE('',*,*,#1862,.F.);
#2641=ORIENTED_EDGE('',*,*,#2042,.T.);
#2642=ORIENTED_EDGE('',*,*,#2043,.T.);
#2643=ORIENTED_EDGE('',*,*,#2044,.F.);
#2644=ORIENTED_EDGE('',*,*,#2045,.F.);
#2645=ORIENTED_EDGE('',*,*,#2046,.T.);
#2646=ORIENTED_EDGE('',*,*,#2047,.F.);
#2647=ORIENTED_EDGE('',*,*,#2040,.F.);
#2648=ORIENTED_EDGE('',*,*,#1859,.F.);
#2649=ORIENTED_EDGE('',*,*,#1962,.T.);
#2650=ORIENTED_EDGE('',*,*,#2036,.T.);
#2651=ORIENTED_EDGE('',*,*,#1847,.T.);
#2652=ORIENTED_EDGE('',*,*,#1929,.T.);
#2653=ORIENTED_EDGE('',*,*,#2007,.T.);
#2654=ORIENTED_EDGE('',*,*,#2048,.T.);
#2655=ORIENTED_EDGE('',*,*,#2049,.T.);
#2656=ORIENTED_EDGE('',*,*,#2050,.T.);
#2657=ORIENTED_EDGE('',*,*,#2051,.T.);
#2658=ORIENTED_EDGE('',*,*,#2000,.T.);
#2659=ORIENTED_EDGE('',*,*,#1993,.F.);
#2660=ORIENTED_EDGE('',*,*,#2001,.F.);
#2661=ORIENTED_EDGE('',*,*,#2051,.F.);
#2662=ORIENTED_EDGE('',*,*,#2052,.F.);
#2663=ORIENTED_EDGE('',*,*,#2053,.T.);
#2664=ORIENTED_EDGE('',*,*,#2054,.T.);
#2665=ORIENTED_EDGE('',*,*,#2055,.F.);
#2666=ORIENTED_EDGE('',*,*,#2056,.F.);
#2667=ORIENTED_EDGE('',*,*,#2050,.F.);
#2668=ORIENTED_EDGE('',*,*,#2057,.T.);
#2669=ORIENTED_EDGE('',*,*,#2058,.T.);
#2670=ORIENTED_EDGE('',*,*,#2052,.T.);
#2671=ORIENTED_EDGE('',*,*,#1873,.F.);
#2672=ORIENTED_EDGE('',*,*,#2059,.T.);
#2673=ORIENTED_EDGE('',*,*,#1849,.T.);
#2674=ORIENTED_EDGE('',*,*,#2035,.T.);
#2675=ORIENTED_EDGE('',*,*,#1891,.F.);
#2676=ORIENTED_EDGE('',*,*,#2060,.F.);
#2677=ORIENTED_EDGE('',*,*,#1903,.F.);
#2678=ORIENTED_EDGE('',*,*,#1904,.F.);
#2679=ORIENTED_EDGE('',*,*,#2061,.F.);
#2680=ORIENTED_EDGE('',*,*,#2062,.F.);
#2681=ORIENTED_EDGE('',*,*,#2063,.F.);
#2682=ORIENTED_EDGE('',*,*,#2064,.F.);
#2683=ORIENTED_EDGE('',*,*,#2048,.F.);
#2684=ORIENTED_EDGE('',*,*,#2006,.T.);
#2685=ORIENTED_EDGE('',*,*,#2065,.T.);
#2686=ORIENTED_EDGE('',*,*,#2066,.F.);
#2687=ORIENTED_EDGE('',*,*,#1867,.F.);
#2688=ORIENTED_EDGE('',*,*,#2067,.T.);
#2689=ORIENTED_EDGE('',*,*,#2068,.F.);
#2690=ORIENTED_EDGE('',*,*,#2067,.F.);
#2691=ORIENTED_EDGE('',*,*,#2068,.T.);
#2692=ORIENTED_EDGE('',*,*,#2069,.T.);
#2693=ORIENTED_EDGE('',*,*,#1807,.F.);
#2694=ORIENTED_EDGE('',*,*,#2069,.F.);
#2695=ORIENTED_EDGE('',*,*,#2027,.F.);
#2696=ORIENTED_EDGE('',*,*,#2070,.T.);
#2697=ORIENTED_EDGE('',*,*,#2071,.F.);
#2698=ORIENTED_EDGE('',*,*,#2070,.F.);
#2699=ORIENTED_EDGE('',*,*,#2071,.T.);
#2700=ORIENTED_EDGE('',*,*,#2072,.T.);
#2701=ORIENTED_EDGE('',*,*,#1821,.F.);
#2702=ORIENTED_EDGE('',*,*,#2072,.F.);
#2703=ORIENTED_EDGE('',*,*,#1964,.F.);
#2704=ORIENTED_EDGE('',*,*,#1999,.F.);
#2705=ORIENTED_EDGE('',*,*,#2073,.T.);
#2706=ORIENTED_EDGE('',*,*,#2074,.F.);
#2707=ORIENTED_EDGE('',*,*,#2073,.F.);
#2708=ORIENTED_EDGE('',*,*,#1998,.F.);
#2709=ORIENTED_EDGE('',*,*,#2074,.T.);
#2710=ORIENTED_EDGE('',*,*,#2075,.T.);
#2711=ORIENTED_EDGE('',*,*,#2076,.F.);
#2712=ORIENTED_EDGE('',*,*,#2075,.F.);
#2713=ORIENTED_EDGE('',*,*,#1845,.F.);
#2714=ORIENTED_EDGE('',*,*,#1931,.F.);
#2715=ORIENTED_EDGE('',*,*,#2077,.T.);
#2716=ORIENTED_EDGE('',*,*,#2078,.F.);
#2717=ORIENTED_EDGE('',*,*,#2077,.F.);
#2718=ORIENTED_EDGE('',*,*,#1930,.F.);
#2719=ORIENTED_EDGE('',*,*,#2078,.T.);
#2720=ORIENTED_EDGE('',*,*,#2079,.T.);
#2721=ORIENTED_EDGE('',*,*,#2080,.F.);
#2722=ORIENTED_EDGE('',*,*,#2079,.F.);
#2723=ORIENTED_EDGE('',*,*,#2021,.T.);
#2724=ORIENTED_EDGE('',*,*,#2081,.T.);
#2725=ORIENTED_EDGE('',*,*,#1818,.F.);
#2726=ORIENTED_EDGE('',*,*,#2082,.F.);
#2727=ORIENTED_EDGE('',*,*,#2082,.T.);
#2728=ORIENTED_EDGE('',*,*,#1817,.F.);
#2729=ORIENTED_EDGE('',*,*,#2083,.T.);
#2730=ORIENTED_EDGE('',*,*,#2022,.F.);
#2731=ORIENTED_EDGE('',*,*,#2024,.T.);
#2732=ORIENTED_EDGE('',*,*,#2084,.T.);
#2733=ORIENTED_EDGE('',*,*,#1815,.F.);
#2734=ORIENTED_EDGE('',*,*,#2085,.F.);
#2735=ORIENTED_EDGE('',*,*,#2084,.F.);
#2736=ORIENTED_EDGE('',*,*,#2023,.F.);
#2737=ORIENTED_EDGE('',*,*,#2083,.F.);
#2738=ORIENTED_EDGE('',*,*,#1816,.F.);
#2739=ORIENTED_EDGE('',*,*,#2085,.T.);
#2740=ORIENTED_EDGE('',*,*,#1814,.F.);
#2741=ORIENTED_EDGE('',*,*,#2086,.F.);
#2742=ORIENTED_EDGE('',*,*,#2025,.T.);
#2743=ORIENTED_EDGE('',*,*,#2086,.T.);
#2744=ORIENTED_EDGE('',*,*,#1813,.F.);
#2745=ORIENTED_EDGE('',*,*,#1968,.T.);
#2746=ORIENTED_EDGE('',*,*,#2026,.T.);
#2747=ORIENTED_EDGE('',*,*,#2081,.F.);
#2748=ORIENTED_EDGE('',*,*,#2020,.T.);
#2749=ORIENTED_EDGE('',*,*,#1839,.T.);
#2750=ORIENTED_EDGE('',*,*,#1819,.F.);
#2751=ORIENTED_EDGE('',*,*,#2032,.F.);
#2752=ORIENTED_EDGE('',*,*,#2034,.T.);
#2753=ORIENTED_EDGE('',*,*,#2087,.T.);
#2754=ORIENTED_EDGE('',*,*,#1879,.F.);
#2755=ORIENTED_EDGE('',*,*,#2088,.F.);
#2756=ORIENTED_EDGE('',*,*,#1830,.F.);
#2757=ORIENTED_EDGE('',*,*,#2089,.F.);
#2758=ORIENTED_EDGE('',*,*,#2004,.F.);
#2759=ORIENTED_EDGE('',*,*,#2080,.T.);
#2760=ORIENTED_EDGE('',*,*,#2090,.F.);
#2761=ORIENTED_EDGE('',*,*,#2091,.F.);
#2762=ORIENTED_EDGE('',*,*,#2092,.F.);
#2763=ORIENTED_EDGE('',*,*,#2093,.F.);
#2764=ORIENTED_EDGE('',*,*,#2041,.F.);
#2765=ORIENTED_EDGE('',*,*,#2047,.T.);
#2766=ORIENTED_EDGE('',*,*,#2094,.T.);
#2767=ORIENTED_EDGE('',*,*,#1894,.F.);
#2768=ORIENTED_EDGE('',*,*,#2095,.T.);
#2769=ORIENTED_EDGE('',*,*,#1836,.T.);
#2770=ORIENTED_EDGE('',*,*,#2096,.T.);
#2771=ORIENTED_EDGE('',*,*,#1971,.T.);
#2772=ORIENTED_EDGE('',*,*,#2097,.T.);
#2773=ORIENTED_EDGE('',*,*,#1837,.T.);
#2774=ORIENTED_EDGE('',*,*,#2095,.F.);
#2775=ORIENTED_EDGE('',*,*,#1970,.F.);
#2776=ORIENTED_EDGE('',*,*,#1803,.T.);
#2777=ORIENTED_EDGE('',*,*,#1838,.T.);
#2778=ORIENTED_EDGE('',*,*,#2097,.F.);
#2779=ORIENTED_EDGE('',*,*,#1969,.F.);
#2780=ORIENTED_EDGE('',*,*,#1866,.T.);
#2781=ORIENTED_EDGE('',*,*,#1960,.T.);
#2782=ORIENTED_EDGE('',*,*,#1805,.F.);
#2783=ORIENTED_EDGE('',*,*,#1851,.T.);
#2784=ORIENTED_EDGE('',*,*,#2098,.T.);
#2785=ORIENTED_EDGE('',*,*,#1875,.F.);
#2786=ORIENTED_EDGE('',*,*,#1884,.F.);
#2787=ORIENTED_EDGE('',*,*,#2099,.F.);
#2788=ORIENTED_EDGE('',*,*,#2042,.F.);
#2789=ORIENTED_EDGE('',*,*,#1861,.F.);
#2790=ORIENTED_EDGE('',*,*,#2100,.F.);
#2791=ORIENTED_EDGE('',*,*,#2101,.F.);
#2792=ORIENTED_EDGE('',*,*,#2102,.F.);
#2793=ORIENTED_EDGE('',*,*,#2103,.F.);
#2794=ORIENTED_EDGE('',*,*,#2104,.F.);
#2795=ORIENTED_EDGE('',*,*,#2105,.F.);
#2796=ORIENTED_EDGE('',*,*,#1876,.F.);
#2797=ORIENTED_EDGE('',*,*,#2098,.F.);
#2798=ORIENTED_EDGE('',*,*,#1850,.T.);
#2799=ORIENTED_EDGE('',*,*,#2059,.F.);
#2800=ORIENTED_EDGE('',*,*,#1976,.F.);
#2801=ORIENTED_EDGE('',*,*,#2106,.T.);
#2802=ORIENTED_EDGE('',*,*,#1831,.T.);
#2803=ORIENTED_EDGE('',*,*,#2088,.T.);
#2804=ORIENTED_EDGE('',*,*,#2003,.F.);
#2805=ORIENTED_EDGE('',*,*,#2017,.F.);
#2806=ORIENTED_EDGE('',*,*,#2019,.F.);
#2807=ORIENTED_EDGE('',*,*,#2107,.F.);
#2808=ORIENTED_EDGE('',*,*,#2055,.T.);
#2809=ORIENTED_EDGE('',*,*,#2108,.T.);
#2810=ORIENTED_EDGE('',*,*,#2108,.F.);
#2811=ORIENTED_EDGE('',*,*,#2054,.F.);
#2812=ORIENTED_EDGE('',*,*,#2109,.F.);
#2813=ORIENTED_EDGE('',*,*,#1977,.F.);
#2814=ORIENTED_EDGE('',*,*,#1739,.T.);
#2815=ORIENTED_EDGE('',*,*,#1744,.T.);
#2816=ORIENTED_EDGE('',*,*,#1747,.T.);
#2817=ORIENTED_EDGE('',*,*,#1751,.T.);
#2818=ORIENTED_EDGE('',*,*,#1754,.T.);
#2819=ORIENTED_EDGE('',*,*,#1757,.T.);
#2820=ORIENTED_EDGE('',*,*,#1760,.T.);
#2821=ORIENTED_EDGE('',*,*,#1763,.T.);
#2822=ORIENTED_EDGE('',*,*,#1766,.T.);
#2823=ORIENTED_EDGE('',*,*,#1768,.T.);
#2824=ORIENTED_EDGE('',*,*,#1771,.T.);
#2825=ORIENTED_EDGE('',*,*,#1775,.T.);
#2826=ORIENTED_EDGE('',*,*,#1778,.T.);
#2827=ORIENTED_EDGE('',*,*,#1781,.T.);
#2828=ORIENTED_EDGE('',*,*,#1784,.T.);
#2829=ORIENTED_EDGE('',*,*,#1787,.T.);
#2830=ORIENTED_EDGE('',*,*,#1790,.T.);
#2831=ORIENTED_EDGE('',*,*,#1792,.T.);
#2832=ORIENTED_EDGE('',*,*,#1795,.T.);
#2833=ORIENTED_EDGE('',*,*,#2076,.T.);
#2834=ORIENTED_EDGE('',*,*,#1978,.F.);
#2835=ORIENTED_EDGE('',*,*,#2109,.T.);
#2836=ORIENTED_EDGE('',*,*,#2053,.F.);
#2837=ORIENTED_EDGE('',*,*,#2058,.F.);
#2838=ORIENTED_EDGE('',*,*,#2110,.T.);
#2839=ORIENTED_EDGE('',*,*,#1829,.T.);
#2840=ORIENTED_EDGE('',*,*,#2111,.T.);
#2841=ORIENTED_EDGE('',*,*,#1980,.T.);
#2842=ORIENTED_EDGE('',*,*,#2112,.F.);
#2843=ORIENTED_EDGE('',*,*,#2065,.F.);
#2844=ORIENTED_EDGE('',*,*,#2005,.T.);
#2845=ORIENTED_EDGE('',*,*,#2089,.T.);
#2846=ORIENTED_EDGE('',*,*,#1994,.F.);
#2847=ORIENTED_EDGE('',*,*,#2056,.T.);
#2848=ORIENTED_EDGE('',*,*,#2107,.T.);
#2849=ORIENTED_EDGE('',*,*,#2018,.F.);
#2850=ORIENTED_EDGE('',*,*,#2049,.F.);
#2851=ORIENTED_EDGE('',*,*,#2066,.T.);
#2852=ORIENTED_EDGE('',*,*,#2112,.T.);
#2853=ORIENTED_EDGE('',*,*,#1979,.T.);
#2854=ORIENTED_EDGE('',*,*,#2110,.F.);
#2855=ORIENTED_EDGE('',*,*,#2057,.F.);
#2856=ORIENTED_EDGE('',*,*,#2111,.F.);
#2857=ORIENTED_EDGE('',*,*,#1828,.T.);
#2858=ORIENTED_EDGE('',*,*,#2113,.F.);
#2859=ORIENTED_EDGE('',*,*,#1981,.F.);
#2860=ORIENTED_EDGE('',*,*,#2114,.F.);
#2861=ORIENTED_EDGE('',*,*,#2115,.T.);
#2862=ORIENTED_EDGE('',*,*,#2115,.F.);
#2863=ORIENTED_EDGE('',*,*,#1855,.F.);
#2864=ORIENTED_EDGE('',*,*,#2116,.T.);
#2865=ORIENTED_EDGE('',*,*,#2114,.T.);
#2866=ORIENTED_EDGE('',*,*,#2116,.F.);
#2867=ORIENTED_EDGE('',*,*,#2117,.F.);
#2868=ORIENTED_EDGE('',*,*,#2118,.T.);
#2869=ORIENTED_EDGE('',*,*,#2118,.F.);
#2870=ORIENTED_EDGE('',*,*,#1854,.F.);
#2871=ORIENTED_EDGE('',*,*,#2119,.T.);
#2872=ORIENTED_EDGE('',*,*,#2117,.T.);
#2873=ORIENTED_EDGE('',*,*,#2119,.F.);
#2874=ORIENTED_EDGE('',*,*,#2120,.F.);
#2875=ORIENTED_EDGE('',*,*,#2121,.T.);
#2876=ORIENTED_EDGE('',*,*,#2121,.F.);
#2877=ORIENTED_EDGE('',*,*,#1853,.F.);
#2878=ORIENTED_EDGE('',*,*,#2122,.T.);
#2879=ORIENTED_EDGE('',*,*,#2120,.T.);
#2880=ORIENTED_EDGE('',*,*,#2122,.F.);
#2881=ORIENTED_EDGE('',*,*,#2123,.F.);
#2882=ORIENTED_EDGE('',*,*,#2124,.T.);
#2883=ORIENTED_EDGE('',*,*,#2124,.F.);
#2884=ORIENTED_EDGE('',*,*,#1852,.F.);
#2885=ORIENTED_EDGE('',*,*,#2125,.T.);
#2886=ORIENTED_EDGE('',*,*,#2123,.T.);
#2887=ORIENTED_EDGE('',*,*,#2125,.F.);
#2888=ORIENTED_EDGE('',*,*,#2126,.T.);
#2889=ORIENTED_EDGE('',*,*,#2127,.T.);
#2890=ORIENTED_EDGE('',*,*,#2127,.F.);
#2891=ORIENTED_EDGE('',*,*,#1988,.F.);
#2892=ORIENTED_EDGE('',*,*,#2128,.T.);
#2893=ORIENTED_EDGE('',*,*,#2126,.F.);
#2894=ORIENTED_EDGE('',*,*,#2128,.F.);
#2895=ORIENTED_EDGE('',*,*,#2129,.T.);
#2896=ORIENTED_EDGE('',*,*,#2130,.T.);
#2897=ORIENTED_EDGE('',*,*,#2130,.F.);
#2898=ORIENTED_EDGE('',*,*,#1989,.F.);
#2899=ORIENTED_EDGE('',*,*,#2131,.T.);
#2900=ORIENTED_EDGE('',*,*,#2129,.F.);
#2901=ORIENTED_EDGE('',*,*,#2131,.F.);
#2902=ORIENTED_EDGE('',*,*,#2132,.T.);
#2903=ORIENTED_EDGE('',*,*,#2133,.T.);
#2904=ORIENTED_EDGE('',*,*,#2133,.F.);
#2905=ORIENTED_EDGE('',*,*,#1990,.F.);
#2906=ORIENTED_EDGE('',*,*,#2134,.T.);
#2907=ORIENTED_EDGE('',*,*,#2132,.F.);
#2908=ORIENTED_EDGE('',*,*,#2134,.F.);
#2909=ORIENTED_EDGE('',*,*,#2135,.T.);
#2910=ORIENTED_EDGE('',*,*,#2136,.T.);
#2911=ORIENTED_EDGE('',*,*,#2136,.F.);
#2912=ORIENTED_EDGE('',*,*,#1991,.F.);
#2913=ORIENTED_EDGE('',*,*,#2137,.T.);
#2914=ORIENTED_EDGE('',*,*,#2135,.F.);
#2915=ORIENTED_EDGE('',*,*,#2137,.F.);
#2916=ORIENTED_EDGE('',*,*,#2138,.F.);
#2917=ORIENTED_EDGE('',*,*,#1986,.F.);
#2918=ORIENTED_EDGE('',*,*,#2139,.F.);
#2919=ORIENTED_EDGE('',*,*,#1823,.T.);
#2920=ORIENTED_EDGE('',*,*,#1799,.F.);
#2921=ORIENTED_EDGE('',*,*,#1987,.F.);
#2922=ORIENTED_EDGE('',*,*,#2138,.T.);
#2923=ORIENTED_EDGE('',*,*,#1822,.T.);
#2924=ORIENTED_EDGE('',*,*,#2106,.F.);
#2925=ORIENTED_EDGE('',*,*,#1975,.F.);
#2926=ORIENTED_EDGE('',*,*,#2140,.T.);
#2927=ORIENTED_EDGE('',*,*,#1832,.T.);
#2928=ORIENTED_EDGE('',*,*,#2141,.F.);
#2929=ORIENTED_EDGE('',*,*,#1833,.T.);
#2930=ORIENTED_EDGE('',*,*,#2140,.F.);
#2931=ORIENTED_EDGE('',*,*,#1974,.F.);
#2932=ORIENTED_EDGE('',*,*,#2142,.F.);
#2933=ORIENTED_EDGE('',*,*,#1982,.F.);
#2934=ORIENTED_EDGE('',*,*,#2113,.T.);
#2935=ORIENTED_EDGE('',*,*,#1827,.T.);
#2936=ORIENTED_EDGE('',*,*,#2141,.T.);
#2937=ORIENTED_EDGE('',*,*,#1973,.T.);
#2938=ORIENTED_EDGE('',*,*,#2143,.F.);
#2939=ORIENTED_EDGE('',*,*,#1834,.T.);
#2940=ORIENTED_EDGE('',*,*,#2142,.T.);
#2941=ORIENTED_EDGE('',*,*,#1826,.T.);
#2942=ORIENTED_EDGE('',*,*,#2144,.F.);
#2943=ORIENTED_EDGE('',*,*,#1983,.T.);
#2944=ORIENTED_EDGE('',*,*,#1835,.T.);
#2945=ORIENTED_EDGE('',*,*,#2143,.T.);
#2946=ORIENTED_EDGE('',*,*,#1972,.T.);
#2947=ORIENTED_EDGE('',*,*,#2096,.F.);
#2948=ORIENTED_EDGE('',*,*,#1825,.T.);
#2949=ORIENTED_EDGE('',*,*,#2145,.F.);
#2950=ORIENTED_EDGE('',*,*,#1984,.T.);
#2951=ORIENTED_EDGE('',*,*,#2144,.T.);
#2952=ORIENTED_EDGE('',*,*,#2139,.T.);
#2953=ORIENTED_EDGE('',*,*,#1985,.T.);
#2954=ORIENTED_EDGE('',*,*,#2145,.T.);
#2955=ORIENTED_EDGE('',*,*,#1824,.T.);
#2956=ORIENTED_EDGE('',*,*,#1946,.F.);
#2957=ORIENTED_EDGE('',*,*,#2009,.F.);
#2958=ORIENTED_EDGE('',*,*,#2146,.T.);
#2959=ORIENTED_EDGE('',*,*,#2147,.T.);
#2960=ORIENTED_EDGE('',*,*,#2148,.T.);
#2961=ORIENTED_EDGE('',*,*,#1914,.F.);
#2962=ORIENTED_EDGE('',*,*,#2149,.F.);
#2963=ORIENTED_EDGE('',*,*,#2149,.T.);
#2964=ORIENTED_EDGE('',*,*,#1913,.F.);
#2965=ORIENTED_EDGE('',*,*,#1943,.T.);
#2966=ORIENTED_EDGE('',*,*,#1941,.F.);
#2967=ORIENTED_EDGE('',*,*,#1935,.F.);
#2968=ORIENTED_EDGE('',*,*,#1944,.F.);
#2969=ORIENTED_EDGE('',*,*,#1907,.F.);
#2970=ORIENTED_EDGE('',*,*,#1922,.F.);
#2971=ORIENTED_EDGE('',*,*,#2150,.T.);
#2972=ORIENTED_EDGE('',*,*,#1926,.F.);
#2973=ORIENTED_EDGE('',*,*,#1908,.F.);
#2974=ORIENTED_EDGE('',*,*,#2150,.F.);
#2975=ORIENTED_EDGE('',*,*,#1921,.F.);
#2976=ORIENTED_EDGE('',*,*,#1950,.F.);
#2977=ORIENTED_EDGE('',*,*,#1947,.F.);
#2978=ORIENTED_EDGE('',*,*,#1937,.F.);
#2979=ORIENTED_EDGE('',*,*,#2151,.F.);
#2980=ORIENTED_EDGE('',*,*,#2091,.T.);
#2981=ORIENTED_EDGE('',*,*,#2152,.T.);
#2982=ORIENTED_EDGE('',*,*,#1938,.F.);
#2983=ORIENTED_EDGE('',*,*,#2152,.F.);
#2984=ORIENTED_EDGE('',*,*,#2090,.T.);
#2985=ORIENTED_EDGE('',*,*,#2153,.T.);
#2986=ORIENTED_EDGE('',*,*,#1939,.F.);
#2987=ORIENTED_EDGE('',*,*,#2153,.F.);
#2988=ORIENTED_EDGE('',*,*,#2093,.T.);
#2989=ORIENTED_EDGE('',*,*,#2154,.T.);
#2990=ORIENTED_EDGE('',*,*,#1940,.F.);
#2991=ORIENTED_EDGE('',*,*,#2154,.F.);
#2992=ORIENTED_EDGE('',*,*,#2092,.T.);
#2993=ORIENTED_EDGE('',*,*,#2151,.T.);
#2994=ORIENTED_EDGE('',*,*,#2061,.T.);
#2995=ORIENTED_EDGE('',*,*,#2155,.T.);
#2996=ORIENTED_EDGE('',*,*,#1811,.F.);
#2997=ORIENTED_EDGE('',*,*,#2156,.F.);
#2998=ORIENTED_EDGE('',*,*,#2064,.T.);
#2999=ORIENTED_EDGE('',*,*,#2157,.T.);
#3000=ORIENTED_EDGE('',*,*,#1808,.F.);
#3001=ORIENTED_EDGE('',*,*,#2155,.F.);
#3002=ORIENTED_EDGE('',*,*,#2063,.T.);
#3003=ORIENTED_EDGE('',*,*,#2158,.T.);
#3004=ORIENTED_EDGE('',*,*,#1809,.F.);
#3005=ORIENTED_EDGE('',*,*,#2157,.F.);
#3006=ORIENTED_EDGE('',*,*,#2062,.T.);
#3007=ORIENTED_EDGE('',*,*,#2156,.T.);
#3008=ORIENTED_EDGE('',*,*,#1810,.F.);
#3009=ORIENTED_EDGE('',*,*,#2158,.F.);
#3010=ORIENTED_EDGE('',*,*,#2099,.T.);
#3011=ORIENTED_EDGE('',*,*,#1883,.T.);
#3012=ORIENTED_EDGE('',*,*,#2159,.F.);
#3013=ORIENTED_EDGE('',*,*,#2043,.F.);
#3014=ORIENTED_EDGE('',*,*,#2160,.T.);
#3015=ORIENTED_EDGE('',*,*,#2161,.T.);
#3016=ORIENTED_EDGE('',*,*,#2100,.T.);
#3017=ORIENTED_EDGE('',*,*,#2161,.F.);
#3018=ORIENTED_EDGE('',*,*,#2162,.F.);
#3019=ORIENTED_EDGE('',*,*,#2163,.T.);
#3020=ORIENTED_EDGE('',*,*,#2105,.T.);
#3021=ORIENTED_EDGE('',*,*,#2163,.F.);
#3022=ORIENTED_EDGE('',*,*,#2164,.F.);
#3023=ORIENTED_EDGE('',*,*,#2165,.T.);
#3024=ORIENTED_EDGE('',*,*,#2101,.T.);
#3025=ORIENTED_EDGE('',*,*,#2165,.F.);
#3026=ORIENTED_EDGE('',*,*,#2166,.F.);
#3027=ORIENTED_EDGE('',*,*,#2167,.T.);
#3028=ORIENTED_EDGE('',*,*,#2104,.T.);
#3029=ORIENTED_EDGE('',*,*,#2167,.F.);
#3030=ORIENTED_EDGE('',*,*,#2168,.T.);
#3031=ORIENTED_EDGE('',*,*,#2169,.T.);
#3032=ORIENTED_EDGE('',*,*,#2102,.T.);
#3033=ORIENTED_EDGE('',*,*,#2169,.F.);
#3034=ORIENTED_EDGE('',*,*,#2170,.T.);
#3035=ORIENTED_EDGE('',*,*,#2171,.T.);
#3036=ORIENTED_EDGE('',*,*,#2103,.T.);
#3037=ORIENTED_EDGE('',*,*,#2171,.F.);
#3038=ORIENTED_EDGE('',*,*,#1890,.T.);
#3039=ORIENTED_EDGE('',*,*,#1895,.F.);
#3040=ORIENTED_EDGE('',*,*,#2094,.F.);
#3041=ORIENTED_EDGE('',*,*,#2046,.F.);
#3042=ORIENTED_EDGE('',*,*,#2172,.F.);
#3043=ORIENTED_EDGE('',*,*,#2173,.F.);
#3044=ORIENTED_EDGE('',*,*,#2174,.F.);
#3045=ORIENTED_EDGE('',*,*,#2175,.F.);
#3046=ORIENTED_EDGE('',*,*,#2176,.F.);
#3047=ORIENTED_EDGE('',*,*,#1880,.F.);
#3048=ORIENTED_EDGE('',*,*,#2087,.F.);
#3049=ORIENTED_EDGE('',*,*,#2033,.F.);
#3050=ORIENTED_EDGE('',*,*,#1901,.T.);
#3051=ORIENTED_EDGE('',*,*,#2060,.T.);
#3052=ORIENTED_EDGE('',*,*,#2170,.F.);
#3053=ORIENTED_EDGE('',*,*,#2168,.F.);
#3054=ORIENTED_EDGE('',*,*,#2160,.F.);
#3055=ORIENTED_EDGE('',*,*,#2177,.T.);
#3056=ORIENTED_EDGE('',*,*,#2146,.F.);
#3057=ORIENTED_EDGE('',*,*,#2008,.F.);
#3058=ORIENTED_EDGE('',*,*,#1953,.T.);
#3059=ORIENTED_EDGE('',*,*,#1925,.F.);
#3060=ORIENTED_EDGE('',*,*,#2178,.T.);
#3061=ORIENTED_EDGE('',*,*,#2010,.F.);
#3062=ORIENTED_EDGE('',*,*,#2178,.F.);
#3063=ORIENTED_EDGE('',*,*,#2179,.T.);
#3064=ORIENTED_EDGE('',*,*,#2180,.T.);
#3065=ORIENTED_EDGE('',*,*,#2011,.F.);
#3066=ORIENTED_EDGE('',*,*,#2180,.F.);
#3067=ORIENTED_EDGE('',*,*,#2181,.T.);
#3068=ORIENTED_EDGE('',*,*,#2182,.T.);
#3069=ORIENTED_EDGE('',*,*,#2012,.F.);
#3070=ORIENTED_EDGE('',*,*,#2182,.F.);
#3071=ORIENTED_EDGE('',*,*,#2183,.T.);
#3072=ORIENTED_EDGE('',*,*,#2184,.T.);
#3073=ORIENTED_EDGE('',*,*,#2013,.F.);
#3074=ORIENTED_EDGE('',*,*,#2184,.F.);
#3075=ORIENTED_EDGE('',*,*,#1924,.F.);
#3076=ORIENTED_EDGE('',*,*,#2185,.T.);
#3077=ORIENTED_EDGE('',*,*,#2014,.F.);
#3078=ORIENTED_EDGE('',*,*,#2185,.F.);
#3079=ORIENTED_EDGE('',*,*,#1923,.F.);
#3080=ORIENTED_EDGE('',*,*,#2186,.T.);
#3081=ORIENTED_EDGE('',*,*,#2015,.F.);
#3082=ORIENTED_EDGE('',*,*,#2186,.F.);
#3083=ORIENTED_EDGE('',*,*,#2187,.F.);
#3084=ORIENTED_EDGE('',*,*,#2188,.F.);
#3085=ORIENTED_EDGE('',*,*,#1915,.F.);
#3086=ORIENTED_EDGE('',*,*,#2148,.F.);
#3087=ORIENTED_EDGE('',*,*,#2177,.F.);
#3088=ORIENTED_EDGE('',*,*,#1952,.F.);
#3089=ORIENTED_EDGE('',*,*,#2189,.T.);
#3090=ORIENTED_EDGE('',*,*,#2190,.T.);
#3091=ORIENTED_EDGE('',*,*,#2191,.T.);
#3092=ORIENTED_EDGE('',*,*,#2192,.T.);
#3093=ORIENTED_EDGE('',*,*,#2187,.T.);
#3094=ORIENTED_EDGE('',*,*,#2147,.F.);
#3095=ORIENTED_EDGE('',*,*,#2181,.F.);
#3096=ORIENTED_EDGE('',*,*,#2183,.F.);
#3097=ORIENTED_EDGE('',*,*,#2179,.F.);
#3098=ORIENTED_EDGE('',*,*,#2189,.F.);
#3099=ORIENTED_EDGE('',*,*,#1951,.F.);
#3100=ORIENTED_EDGE('',*,*,#1919,.F.);
#3101=ORIENTED_EDGE('',*,*,#2193,.T.);
#3102=ORIENTED_EDGE('',*,*,#2188,.T.);
#3103=ORIENTED_EDGE('',*,*,#2192,.F.);
#3104=ORIENTED_EDGE('',*,*,#2194,.F.);
#3105=ORIENTED_EDGE('',*,*,#1916,.F.);
#3106=ORIENTED_EDGE('',*,*,#2191,.F.);
#3107=ORIENTED_EDGE('',*,*,#2195,.F.);
#3108=ORIENTED_EDGE('',*,*,#1917,.F.);
#3109=ORIENTED_EDGE('',*,*,#2194,.T.);
#3110=ORIENTED_EDGE('',*,*,#2193,.F.);
#3111=ORIENTED_EDGE('',*,*,#1918,.F.);
#3112=ORIENTED_EDGE('',*,*,#2195,.T.);
#3113=ORIENTED_EDGE('',*,*,#2190,.F.);
#3114=ORIENTED_EDGE('',*,*,#2196,.T.);
#3115=ORIENTED_EDGE('',*,*,#1881,.T.);
#3116=ORIENTED_EDGE('',*,*,#2176,.T.);
#3117=ORIENTED_EDGE('',*,*,#2197,.T.);
#3118=ORIENTED_EDGE('',*,*,#2159,.T.);
#3119=ORIENTED_EDGE('',*,*,#1882,.T.);
#3120=ORIENTED_EDGE('',*,*,#2196,.F.);
#3121=ORIENTED_EDGE('',*,*,#2198,.F.);
#3122=ORIENTED_EDGE('',*,*,#2199,.F.);
#3123=ORIENTED_EDGE('',*,*,#2200,.F.);
#3124=ORIENTED_EDGE('',*,*,#2201,.F.);
#3125=ORIENTED_EDGE('',*,*,#2044,.T.);
#3126=ORIENTED_EDGE('',*,*,#2164,.T.);
#3127=ORIENTED_EDGE('',*,*,#2166,.T.);
#3128=ORIENTED_EDGE('',*,*,#2162,.T.);
#3129=ORIENTED_EDGE('',*,*,#2201,.T.);
#3130=ORIENTED_EDGE('',*,*,#2202,.F.);
#3131=ORIENTED_EDGE('',*,*,#2172,.T.);
#3132=ORIENTED_EDGE('',*,*,#2045,.T.);
#3133=ORIENTED_EDGE('',*,*,#2200,.T.);
#3134=ORIENTED_EDGE('',*,*,#2203,.F.);
#3135=ORIENTED_EDGE('',*,*,#2173,.T.);
#3136=ORIENTED_EDGE('',*,*,#2202,.T.);
#3137=ORIENTED_EDGE('',*,*,#2199,.T.);
#3138=ORIENTED_EDGE('',*,*,#2204,.F.);
#3139=ORIENTED_EDGE('',*,*,#2174,.T.);
#3140=ORIENTED_EDGE('',*,*,#2203,.T.);
#3141=ORIENTED_EDGE('',*,*,#2198,.T.);
#3142=ORIENTED_EDGE('',*,*,#2197,.F.);
#3143=ORIENTED_EDGE('',*,*,#2175,.T.);
#3144=ORIENTED_EDGE('',*,*,#2204,.T.);
#3145=CONICAL_SURFACE('',#3344,1.7,0.785398163397448);
#3146=CONICAL_SURFACE('',#3349,1.7,0.785398163397448);
#3147=CONICAL_SURFACE('',#3511,1.7,0.785398163397448);
#3148=CONICAL_SURFACE('',#3514,1.7,0.785398163397448);
#3149=CONICAL_SURFACE('',#3517,2.425,0.785398163397448);
#3150=CONICAL_SURFACE('',#3521,2.425,0.785398163397448);
#3151=CONICAL_SURFACE('',#3555,0.61475,1.02974425867665);
#3152=CONICAL_SURFACE('',#3558,0.61475,1.02974425867665);
#3153=CONICAL_SURFACE('',#3561,0.61475,1.02974425867665);
#3154=CONICAL_SURFACE('',#3564,0.61475,1.02974425867665);
#3155=CONICAL_SURFACE('',#3567,0.61475,1.02974425867665);
#3156=CONICAL_SURFACE('',#3570,0.61475,1.02974425867665);
#3157=CONICAL_SURFACE('',#3573,0.61475,1.02974425867665);
#3158=CONICAL_SURFACE('',#3576,0.61475,1.02974425867665);
#3159=ADVANCED_FACE('',(#384),#3145,.F.);
#3160=ADVANCED_FACE('',(#385),#308,.F.);
#3161=ADVANCED_FACE('',(#386),#3146,.F.);
#3162=ADVANCED_FACE('',(#387),#309,.F.);
#3163=ADVANCED_FACE('',(#388),#310,.F.);
#3164=ADVANCED_FACE('',(#389),#252,.F.);
#3165=ADVANCED_FACE('',(#390),#311,.F.);
#3166=ADVANCED_FACE('',(#391),#253,.F.);
#3167=ADVANCED_FACE('',(#392),#312,.F.);
#3168=ADVANCED_FACE('',(#393),#254,.F.);
#3169=ADVANCED_FACE('',(#394),#313,.F.);
#3170=ADVANCED_FACE('',(#395),#255,.F.);
#3171=ADVANCED_FACE('',(#396),#314,.F.);
#3172=ADVANCED_FACE('',(#397),#256,.F.);
#3173=ADVANCED_FACE('',(#398),#315,.F.);
#3174=ADVANCED_FACE('',(#399),#257,.F.);
#3175=ADVANCED_FACE('',(#400),#316,.F.);
#3176=ADVANCED_FACE('',(#401),#258,.F.);
#3177=ADVANCED_FACE('',(#402),#317,.F.);
#3178=ADVANCED_FACE('',(#403),#259,.F.);
#3179=ADVANCED_FACE('',(#404),#318,.F.);
#3180=ADVANCED_FACE('',(#405),#319,.F.);
#3181=ADVANCED_FACE('',(#406),#320,.F.);
#3182=ADVANCED_FACE('',(#407,#200,#201),#260,.T.);
#3183=ADVANCED_FACE('',(#408,#202),#261,.T.);
#3184=ADVANCED_FACE('',(#409,#203,#204,#205,#206),#262,.F.);
#3185=ADVANCED_FACE('',(#410),#18,.T.);
#3186=ADVANCED_FACE('',(#411),#321,.F.);
#3187=ADVANCED_FACE('',(#412,#207),#263,.F.);
#3188=ADVANCED_FACE('',(#413),#19,.F.);
#3189=ADVANCED_FACE('',(#414),#20,.T.);
#3190=ADVANCED_FACE('',(#415),#322,.F.);
#3191=ADVANCED_FACE('',(#416),#264,.T.);
#3192=ADVANCED_FACE('',(#417),#21,.T.);
#3193=ADVANCED_FACE('',(#418),#323,.F.);
#3194=ADVANCED_FACE('',(#419),#265,.F.);
#3195=ADVANCED_FACE('',(#420),#22,.T.);
#3196=ADVANCED_FACE('',(#421),#324,.F.);
#3197=ADVANCED_FACE('',(#422),#23,.F.);
#3198=ADVANCED_FACE('',(#423),#325,.F.);
#3199=ADVANCED_FACE('',(#424,#208,#209,#210),#266,.F.);
#3200=ADVANCED_FACE('',(#425,#211),#267,.T.);
#3201=ADVANCED_FACE('',(#426),#326,.F.);
#3202=ADVANCED_FACE('',(#427),#268,.F.);
#3203=ADVANCED_FACE('',(#428),#327,.F.);
#3204=ADVANCED_FACE('',(#429),#328,.F.);
#3205=ADVANCED_FACE('',(#430),#269,.T.);
#3206=ADVANCED_FACE('',(#431),#24,.F.);
#3207=ADVANCED_FACE('',(#432),#270,.F.);
#3208=ADVANCED_FACE('',(#433,#212,#213,#214,#215),#271,.F.);
#3209=ADVANCED_FACE('',(#434),#25,.F.);
#3210=ADVANCED_FACE('',(#435,#216,#217,#218,#219,#220),#272,.T.);
#3211=ADVANCED_FACE('',(#436,#221,#222,#223,#224,#225,#226),#273,.F.);
#3212=ADVANCED_FACE('',(#437),#329,.F.);
#3213=ADVANCED_FACE('',(#438),#274,.F.);
#3214=ADVANCED_FACE('',(#439,#227),#275,.F.);
#3215=ADVANCED_FACE('',(#440),#26,.F.);
#3216=ADVANCED_FACE('',(#441),#276,.T.);
#3217=ADVANCED_FACE('',(#442),#277,.T.);
#3218=ADVANCED_FACE('',(#443),#27,.F.);
#3219=ADVANCED_FACE('',(#444),#278,.F.);
#3220=ADVANCED_FACE('',(#445),#28,.F.);
#3221=ADVANCED_FACE('',(#446),#279,.F.);
#3222=ADVANCED_FACE('',(#447),#330,.F.);
#3223=ADVANCED_FACE('',(#448),#29,.F.);
#3224=ADVANCED_FACE('',(#449,#228),#280,.F.);
#3225=ADVANCED_FACE('',(#450),#331,.F.);
#3226=ADVANCED_FACE('',(#451),#3147,.F.);
#3227=ADVANCED_FACE('',(#452),#332,.F.);
#3228=ADVANCED_FACE('',(#453),#3148,.F.);
#3229=ADVANCED_FACE('',(#454),#333,.F.);
#3230=ADVANCED_FACE('',(#455),#3149,.F.);
#3231=ADVANCED_FACE('',(#456),#334,.F.);
#3232=ADVANCED_FACE('',(#457),#3150,.F.);
#3233=ADVANCED_FACE('',(#458),#335,.F.);
#3234=ADVANCED_FACE('',(#459),#336,.T.);
#3235=ADVANCED_FACE('',(#460),#337,.F.);
#3236=ADVANCED_FACE('',(#461),#338,.F.);
#3237=ADVANCED_FACE('',(#462),#281,.F.);
#3238=ADVANCED_FACE('',(#463),#339,.T.);
#3239=ADVANCED_FACE('',(#464),#282,.T.);
#3240=ADVANCED_FACE('',(#465),#283,.T.);
#3241=ADVANCED_FACE('',(#466),#284,.T.);
#3242=ADVANCED_FACE('',(#467,#229,#230),#285,.T.);
#3243=ADVANCED_FACE('',(#468),#286,.T.);
#3244=ADVANCED_FACE('',(#469),#30,.F.);
#3245=ADVANCED_FACE('',(#470),#340,.F.);
#3246=ADVANCED_FACE('',(#471),#341,.T.);
#3247=ADVANCED_FACE('',(#472,#231,#232,#233,#234,#235,#236),#287,.T.);
#3248=ADVANCED_FACE('',(#473),#288,.F.);
#3249=ADVANCED_FACE('',(#474),#342,.F.);
#3250=ADVANCED_FACE('',(#475,#237,#238,#239,#240,#241,#242),#289,.T.);
#3251=ADVANCED_FACE('',(#476),#343,.F.);
#3252=ADVANCED_FACE('',(#477),#344,.F.);
#3253=ADVANCED_FACE('',(#478),#345,.F.);
#3254=ADVANCED_FACE('',(#479),#290,.F.);
#3255=ADVANCED_FACE('',(#480),#346,.T.);
#3256=ADVANCED_FACE('',(#481),#3151,.F.);
#3257=ADVANCED_FACE('',(#482),#347,.F.);
#3258=ADVANCED_FACE('',(#483),#3152,.F.);
#3259=ADVANCED_FACE('',(#484),#348,.F.);
#3260=ADVANCED_FACE('',(#485),#3153,.F.);
#3261=ADVANCED_FACE('',(#486),#349,.F.);
#3262=ADVANCED_FACE('',(#487),#3154,.F.);
#3263=ADVANCED_FACE('',(#488),#350,.F.);
#3264=ADVANCED_FACE('',(#489),#3155,.F.);
#3265=ADVANCED_FACE('',(#490),#351,.F.);
#3266=ADVANCED_FACE('',(#491),#3156,.F.);
#3267=ADVANCED_FACE('',(#492),#352,.F.);
#3268=ADVANCED_FACE('',(#493),#3157,.F.);
#3269=ADVANCED_FACE('',(#494),#353,.F.);
#3270=ADVANCED_FACE('',(#495),#3158,.F.);
#3271=ADVANCED_FACE('',(#496),#354,.F.);
#3272=ADVANCED_FACE('',(#497),#355,.F.);
#3273=ADVANCED_FACE('',(#498),#356,.T.);
#3274=ADVANCED_FACE('',(#499),#357,.T.);
#3275=ADVANCED_FACE('',(#500),#358,.F.);
#3276=ADVANCED_FACE('',(#501),#359,.F.);
#3277=ADVANCED_FACE('',(#502),#31,.T.);
#3278=ADVANCED_FACE('',(#503),#32,.T.);
#3279=ADVANCED_FACE('',(#504),#291,.T.);
#3280=ADVANCED_FACE('',(#505),#292,.T.);
#3281=ADVANCED_FACE('',(#506),#33,.F.);
#3282=ADVANCED_FACE('',(#507),#293,.T.);
#3283=ADVANCED_FACE('',(#508),#294,.F.);
#3284=ADVANCED_FACE('',(#509),#295,.T.);
#3285=ADVANCED_FACE('',(#510),#296,.T.);
#3286=ADVANCED_FACE('',(#511),#360,.F.);
#3287=ADVANCED_FACE('',(#512),#297,.F.);
#3288=ADVANCED_FACE('',(#513),#361,.F.);
#3289=ADVANCED_FACE('',(#514),#298,.F.);
#3290=ADVANCED_FACE('',(#515),#362,.F.);
#3291=ADVANCED_FACE('',(#516),#299,.T.);
#3292=ADVANCED_FACE('',(#517),#363,.F.);
#3293=ADVANCED_FACE('',(#518),#300,.T.);
#3294=ADVANCED_FACE('',(#519),#364,.T.);
#3295=ADVANCED_FACE('',(#520),#365,.F.);
#3296=ADVANCED_FACE('',(#521),#366,.F.);
#3297=ADVANCED_FACE('',(#522),#367,.F.);
#3298=ADVANCED_FACE('',(#523),#368,.F.);
#3299=ADVANCED_FACE('',(#524),#369,.F.);
#3300=ADVANCED_FACE('',(#525),#370,.F.);
#3301=ADVANCED_FACE('',(#526,#243,#244,#245),#301,.T.);
#3302=ADVANCED_FACE('',(#527),#371,.T.);
#3303=ADVANCED_FACE('',(#528),#372,.F.);
#3304=ADVANCED_FACE('',(#529),#373,.F.);
#3305=ADVANCED_FACE('',(#530),#374,.F.);
#3306=ADVANCED_FACE('',(#531),#375,.F.);
#3307=ADVANCED_FACE('',(#532),#376,.F.);
#3308=ADVANCED_FACE('',(#533),#377,.F.);
#3309=ADVANCED_FACE('',(#534),#302,.F.);
#3310=ADVANCED_FACE('',(#535,#246,#247,#248),#303,.T.);
#3311=ADVANCED_FACE('',(#536),#304,.F.);
#3312=ADVANCED_FACE('',(#537),#378,.F.);
#3313=ADVANCED_FACE('',(#538),#379,.T.);
#3314=ADVANCED_FACE('',(#539),#380,.F.);
#3315=ADVANCED_FACE('',(#540),#305,.T.);
#3316=ADVANCED_FACE('',(#541,#249,#250,#251),#306,.F.);
#3317=ADVANCED_FACE('',(#542),#307,.T.);
#3318=ADVANCED_FACE('',(#543),#381,.F.);
#3319=ADVANCED_FACE('',(#544),#382,.T.);
#3320=ADVANCED_FACE('',(#545),#383,.F.);
#3321=CLOSED_SHELL('',(#3159,#3160,#3161,#3162,#3163,#3164,#3165,#3166,
#3167,#3168,#3169,#3170,#3171,#3172,#3173,#3174,#3175,#3176,#3177,#3178,
#3179,#3180,#3181,#3182,#3183,#3184,#3185,#3186,#3187,#3188,#3189,#3190,
#3191,#3192,#3193,#3194,#3195,#3196,#3197,#3198,#3199,#3200,#3201,#3202,
#3203,#3204,#3205,#3206,#3207,#3208,#3209,#3210,#3211,#3212,#3213,#3214,
#3215,#3216,#3217,#3218,#3219,#3220,#3221,#3222,#3223,#3224,#3225,#3226,
#3227,#3228,#3229,#3230,#3231,#3232,#3233,#3234,#3235,#3236,#3237,#3238,
#3239,#3240,#3241,#3242,#3243,#3244,#3245,#3246,#3247,#3248,#3249,#3250,
#3251,#3252,#3253,#3254,#3255,#3256,#3257,#3258,#3259,#3260,#3261,#3262,
#3263,#3264,#3265,#3266,#3267,#3268,#3269,#3270,#3271,#3272,#3273,#3274,
#3275,#3276,#3277,#3278,#3279,#3280,#3281,#3282,#3283,#3284,#3285,#3286,
#3287,#3288,#3289,#3290,#3291,#3292,#3293,#3294,#3295,#3296,#3297,#3298,
#3299,#3300,#3301,#3302,#3303,#3304,#3305,#3306,#3307,#3308,#3309,#3310,
#3311,#3312,#3313,#3314,#3315,#3316,#3317,#3318,#3319,#3320));
#3322=DERIVED_UNIT_ELEMENT(#3325,1.);
#3323=DERIVED_UNIT_ELEMENT(#6626,-3.);
#3324=DIMENSIONAL_EXPONENTS(0.,1.,0.,0.,0.,0.,0.);
#3325=(
CONVERSION_BASED_UNIT('gram',#3327)
MASS_UNIT()
NAMED_UNIT(#3324)
);
#3326=(
MASS_UNIT()
NAMED_UNIT(*)
SI_UNIT(.KILO.,.GRAM.)
);
#3327=MASS_MEASURE_WITH_UNIT(MASS_MEASURE(0.001),#3326);
#3328=DERIVED_UNIT((#3322,#3323));
#3329=MEASURE_REPRESENTATION_ITEM('density measure',
POSITIVE_RATIO_MEASURE(2.7),#3328);
#3330=PROPERTY_DEFINITION_REPRESENTATION(#3335,#3332);
#3331=PROPERTY_DEFINITION_REPRESENTATION(#3336,#3333);
#3332=REPRESENTATION('material name',(#3334),#6623);
#3333=REPRESENTATION('density',(#3329),#6623);
#3334=DESCRIPTIVE_REPRESENTATION_ITEM('Aluminum 6061','Aluminum 6061');
#3335=PROPERTY_DEFINITION('material property','material name',#6633);
#3336=PROPERTY_DEFINITION('material property','density of part',#6633);
#3337=DATE_TIME_ROLE('creation_date');
#3338=APPLIED_DATE_AND_TIME_ASSIGNMENT(#3339,#3337,(#6633));
#3339=DATE_AND_TIME(#3340,#3341);
#3340=CALENDAR_DATE(2023,17,2);
#3341=LOCAL_TIME(0,0,0.,#3342);
#3342=COORDINATED_UNIVERSAL_TIME_OFFSET(0,0,.BEHIND.);
#3343=AXIS2_PLACEMENT_3D('',#4504,#3645,#3646);
#3344=AXIS2_PLACEMENT_3D('',#4505,#3647,#3648);
#3345=AXIS2_PLACEMENT_3D('',#4507,#3649,#3650);
#3346=AXIS2_PLACEMENT_3D('',#4510,#3652,#3653);
#3347=AXIS2_PLACEMENT_3D('',#4511,#3654,#3655);
#3348=AXIS2_PLACEMENT_3D('',#4514,#3657,#3658);
#3349=AXIS2_PLACEMENT_3D('',#4515,#3659,#3660);
#3350=AXIS2_PLACEMENT_3D('',#4517,#3661,#3662);
#3351=AXIS2_PLACEMENT_3D('',#4520,#3664,#3665);
#3352=AXIS2_PLACEMENT_3D('',#4521,#3666,#3667);
#3353=AXIS2_PLACEMENT_3D('',#4524,#3669,#3670);
#3354=AXIS2_PLACEMENT_3D('',#4525,#3671,#3672);
#3355=AXIS2_PLACEMENT_3D('',#4528,#3673,#3674);
#3356=AXIS2_PLACEMENT_3D('',#4532,#3676,#3677);
#3357=AXIS2_PLACEMENT_3D('',#4534,#3679,#3680);
#3358=AXIS2_PLACEMENT_3D('',#4540,#3684,#3685);
#3359=AXIS2_PLACEMENT_3D('',#4542,#3686,#3687);
#3360=AXIS2_PLACEMENT_3D('',#4545,#3689,#3690);
#3361=AXIS2_PLACEMENT_3D('',#4546,#3691,#3692);
#3362=AXIS2_PLACEMENT_3D('',#4552,#3696,#3697);
#3363=AXIS2_PLACEMENT_3D('',#4554,#3698,#3699);
#3364=AXIS2_PLACEMENT_3D('',#4557,#3701,#3702);
#3365=AXIS2_PLACEMENT_3D('',#4558,#3703,#3704);
#3366=AXIS2_PLACEMENT_3D('',#4564,#3708,#3709);
#3367=AXIS2_PLACEMENT_3D('',#4566,#3710,#3711);
#3368=AXIS2_PLACEMENT_3D('',#4569,#3713,#3714);
#3369=AXIS2_PLACEMENT_3D('',#4570,#3715,#3716);
#3370=AXIS2_PLACEMENT_3D('',#4573,#3719,#3720);
#3371=AXIS2_PLACEMENT_3D('',#4576,#3721,#3722);
#3372=AXIS2_PLACEMENT_3D('',#4580,#3724,#3725);
#3373=AXIS2_PLACEMENT_3D('',#4582,#3727,#3728);
#3374=AXIS2_PLACEMENT_3D('',#4588,#3732,#3733);
#3375=AXIS2_PLACEMENT_3D('',#4590,#3734,#3735);
#3376=AXIS2_PLACEMENT_3D('',#4593,#3737,#3738);
#3377=AXIS2_PLACEMENT_3D('',#4594,#3739,#3740);
#3378=AXIS2_PLACEMENT_3D('',#4600,#3744,#3745);
#3379=AXIS2_PLACEMENT_3D('',#4602,#3746,#3747);
#3380=AXIS2_PLACEMENT_3D('',#4605,#3749,#3750);
#3381=AXIS2_PLACEMENT_3D('',#4606,#3751,#3752);
#3382=AXIS2_PLACEMENT_3D('',#4612,#3756,#3757);
#3383=AXIS2_PLACEMENT_3D('',#4614,#3758,#3759);
#3384=AXIS2_PLACEMENT_3D('',#4617,#3761,#3762);
#3385=AXIS2_PLACEMENT_3D('',#4618,#3763,#3764);
#3386=AXIS2_PLACEMENT_3D('',#4621,#3767,#3768);
#3387=AXIS2_PLACEMENT_3D('',#4623,#3769,#3770);
#3388=AXIS2_PLACEMENT_3D('',#4626,#3772,#3773);
#3389=AXIS2_PLACEMENT_3D('',#4627,#3774,#3775);
#3390=AXIS2_PLACEMENT_3D('',#4630,#3776,#3777);
#3391=AXIS2_PLACEMENT_3D('',#4634,#3779,#3780);
#3392=AXIS2_PLACEMENT_3D('',#4636,#3782,#3783);
#3393=AXIS2_PLACEMENT_3D('',#4639,#3784,#3785);
#3394=AXIS2_PLACEMENT_3D('',#4643,#3787,#3788);
#3395=AXIS2_PLACEMENT_3D('',#4645,#3790,#3791);
#3396=AXIS2_PLACEMENT_3D('',#4652,#3795,#3796);
#3397=AXIS2_PLACEMENT_3D('',#4657,#3798,#3799);
#3398=AXIS2_PLACEMENT_3D('',#4660,#3801,#3802);
#3399=AXIS2_PLACEMENT_3D('',#4661,#3803,#3804);
#3400=AXIS2_PLACEMENT_3D('',#4667,#3807,#3808);
#3401=AXIS2_PLACEMENT_3D('',#4669,#3809,#3810);
#3402=AXIS2_PLACEMENT_3D('',#4673,#3812,#3813);
#3403=AXIS2_PLACEMENT_3D('',#4675,#3814,#3815);
#3404=AXIS2_PLACEMENT_3D('',#4680,#3818,#3819);
#3405=AXIS2_PLACEMENT_3D('',#4681,#3820,#3821);
#3406=AXIS2_PLACEMENT_3D('',#4683,#3822,#3823);
#3407=AXIS2_PLACEMENT_3D('',#4685,#3824,#3825);
#3408=AXIS2_PLACEMENT_3D('',#4701,#3827,#3828);
#3409=AXIS2_PLACEMENT_3D('',#4703,#3829,#3830);
#3410=AXIS2_PLACEMENT_3D('',#4705,#3831,#3832);
#3411=AXIS2_PLACEMENT_3D('',#4709,#3834,#3835);
#3412=AXIS2_PLACEMENT_3D('',#4711,#3836,#3837);
#3413=AXIS2_PLACEMENT_3D('',#4713,#3838,#3839);
#3414=AXIS2_PLACEMENT_3D('',#4729,#3841,#3842);
#3415=AXIS2_PLACEMENT_3D('',#4730,#3843,#3844);
#3416=AXIS2_PLACEMENT_3D('',#4843,#3853,#3854);
#3417=AXIS2_PLACEMENT_3D('',#4845,#3855,#3856);
#3418=AXIS2_PLACEMENT_3D('',#4847,#3857,#3858);
#3419=AXIS2_PLACEMENT_3D('',#4849,#3859,#3860);
#3420=AXIS2_PLACEMENT_3D('',#4918,#3861,#3862);
#3421=AXIS2_PLACEMENT_3D('',#4933,#3863,#3864);
#3422=AXIS2_PLACEMENT_3D('',#4936,#3865,#3866);
#3423=AXIS2_PLACEMENT_3D('',#4939,#3869,#3870);
#3424=AXIS2_PLACEMENT_3D('',#4946,#3874,#3875);
#3425=AXIS2_PLACEMENT_3D('',#5073,#3877,#3878);
#3426=AXIS2_PLACEMENT_3D('',#5094,#3879,#3880);
#3427=AXIS2_PLACEMENT_3D('',#5097,#3881,#3882);
#3428=AXIS2_PLACEMENT_3D('',#5100,#3885,#3886);
#3429=AXIS2_PLACEMENT_3D('',#5185,#3893,#3894);
#3430=AXIS2_PLACEMENT_3D('',#5206,#3895,#3896);
#3431=AXIS2_PLACEMENT_3D('',#5209,#3897,#3898);
#3432=AXIS2_PLACEMENT_3D('',#5212,#3901,#3902);
#3433=AXIS2_PLACEMENT_3D('',#5295,#3905,#3906);
#3434=AXIS2_PLACEMENT_3D('',#5310,#3907,#3908);
#3435=AXIS2_PLACEMENT_3D('',#5313,#3909,#3910);
#3436=AXIS2_PLACEMENT_3D('',#5358,#3915,#3916);
#3437=AXIS2_PLACEMENT_3D('',#5361,#3917,#3918);
#3438=AXIS2_PLACEMENT_3D('',#5365,#3920,#3921);
#3439=AXIS2_PLACEMENT_3D('',#5367,#3923,#3924);
#3440=AXIS2_PLACEMENT_3D('',#5371,#3926,#3927);
#3441=AXIS2_PLACEMENT_3D('',#5381,#3932,#3933);
#3442=AXIS2_PLACEMENT_3D('',#5383,#3934,#3935);
#3443=AXIS2_PLACEMENT_3D('',#5385,#3936,#3937);
#3444=AXIS2_PLACEMENT_3D('',#5394,#3942,#3943);
#3445=AXIS2_PLACEMENT_3D('',#5396,#3944,#3945);
#3446=AXIS2_PLACEMENT_3D('',#5398,#3946,#3947);
#3447=AXIS2_PLACEMENT_3D('',#5399,#3948,#3949);
#3448=AXIS2_PLACEMENT_3D('',#5408,#3954,#3955);
#3449=AXIS2_PLACEMENT_3D('',#5409,#3956,#3957);
#3450=AXIS2_PLACEMENT_3D('',#5421,#3963,#3964);
#3451=AXIS2_PLACEMENT_3D('',#5425,#3966,#3967);
#3452=AXIS2_PLACEMENT_3D('',#5427,#3969,#3970);
#3453=AXIS2_PLACEMENT_3D('',#5429,#3971,#3972);
#3454=AXIS2_PLACEMENT_3D('',#5431,#3974,#3975);
#3455=AXIS2_PLACEMENT_3D('',#5433,#3977,#3978);
#3456=AXIS2_PLACEMENT_3D('',#5435,#3979,#3980);
#3457=AXIS2_PLACEMENT_3D('',#5437,#3981,#3982);
#3458=AXIS2_PLACEMENT_3D('',#5439,#3984,#3985);
#3459=AXIS2_PLACEMENT_3D('',#5441,#3986,#3987);
#3460=AXIS2_PLACEMENT_3D('',#5444,#3989,#3990);
#3461=AXIS2_PLACEMENT_3D('',#5445,#3991,#3992);
#3462=AXIS2_PLACEMENT_3D('',#5520,#4000,#4001);
#3463=AXIS2_PLACEMENT_3D('',#5524,#4004,#4005);
#3464=AXIS2_PLACEMENT_3D('',#5585,#4012,#4013);
#3465=AXIS2_PLACEMENT_3D('',#5587,#4014,#4015);
#3466=AXIS2_PLACEMENT_3D('',#5603,#4017,#4018);
#3467=AXIS2_PLACEMENT_3D('',#5605,#4019,#4020);
#3468=AXIS2_PLACEMENT_3D('',#5607,#4021,#4022);
#3469=AXIS2_PLACEMENT_3D('',#5611,#4024,#4025);
#3470=AXIS2_PLACEMENT_3D('',#5615,#4027,#4028);
#3471=AXIS2_PLACEMENT_3D('',#5617,#4029,#4030);
#3472=AXIS2_PLACEMENT_3D('',#5619,#4031,#4032);
#3473=AXIS2_PLACEMENT_3D('',#5635,#4034,#4035);
#3474=AXIS2_PLACEMENT_3D('',#5636,#4036,#4037);
#3475=AXIS2_PLACEMENT_3D('',#5638,#4038,#4039);
#3476=AXIS2_PLACEMENT_3D('',#5640,#4040,#4041);
#3477=AXIS2_PLACEMENT_3D('',#5642,#4042,#4043);
#3478=AXIS2_PLACEMENT_3D('',#5644,#4044,#4045);
#3479=AXIS2_PLACEMENT_3D('',#5780,#4047,#4048);
#3480=AXIS2_PLACEMENT_3D('',#5782,#4049,#4050);
#3481=AXIS2_PLACEMENT_3D('',#5783,#4051,#4052);
#3482=AXIS2_PLACEMENT_3D('',#5787,#4055,#4056);
#3483=AXIS2_PLACEMENT_3D('',#5791,#4058,#4059);
#3484=AXIS2_PLACEMENT_3D('',#5795,#4061,#4062);
#3485=AXIS2_PLACEMENT_3D('',#5803,#4064,#4065);
#3486=AXIS2_PLACEMENT_3D('',#5806,#4067,#4068);
#3487=AXIS2_PLACEMENT_3D('',#5808,#4069,#4070);
#3488=AXIS2_PLACEMENT_3D('',#5810,#4071,#4072);
#3489=AXIS2_PLACEMENT_3D('',#5812,#4073,#4074);
#3490=AXIS2_PLACEMENT_3D('',#5814,#4075,#4076);
#3491=AXIS2_PLACEMENT_3D('',#5816,#4077,#4078);
#3492=AXIS2_PLACEMENT_3D('',#5817,#4079,#4080);
#3493=AXIS2_PLACEMENT_3D('',#5834,#4082,#4083);
#3494=AXIS2_PLACEMENT_3D('',#5838,#4086,#4087);
#3495=AXIS2_PLACEMENT_3D('',#5842,#4089,#4090);
#3496=AXIS2_PLACEMENT_3D('',#5844,#4091,#4092);
#3497=AXIS2_PLACEMENT_3D('',#5848,#4094,#4095);
#3498=AXIS2_PLACEMENT_3D('',#5850,#4096,#4097);
#3499=AXIS2_PLACEMENT_3D('',#5853,#4099,#4100);
#3500=AXIS2_PLACEMENT_3D('',#5926,#4103,#4104);
#3501=AXIS2_PLACEMENT_3D('',#5930,#4107,#4108);
#3502=AXIS2_PLACEMENT_3D('',#6005,#4113,#4114);
#3503=AXIS2_PLACEMENT_3D('',#6145,#4121,#4122);
#3504=AXIS2_PLACEMENT_3D('',#6149,#4124,#4125);
#3505=AXIS2_PLACEMENT_3D('',#6153,#4127,#4128);
#3506=AXIS2_PLACEMENT_3D('',#6155,#4130,#4131);
#3507=AXIS2_PLACEMENT_3D('',#6213,#4134,#4135);
#3508=AXIS2_PLACEMENT_3D('',#6217,#4137,#4138);
#3509=AXIS2_PLACEMENT_3D('',#6221,#4140,#4141);
#3510=AXIS2_PLACEMENT_3D('',#6223,#4143,#4144);
#3511=AXIS2_PLACEMENT_3D('',#6240,#4146,#4147);
#3512=AXIS2_PLACEMENT_3D('',#6243,#4149,#4150);
#3513=AXIS2_PLACEMENT_3D('',#6244,#4151,#4152);
#3514=AXIS2_PLACEMENT_3D('',#6246,#4154,#4155);
#3515=AXIS2_PLACEMENT_3D('',#6249,#4157,#4158);
#3516=AXIS2_PLACEMENT_3D('',#6250,#4159,#4160);
#3517=AXIS2_PLACEMENT_3D('',#6252,#4162,#4163);
#3518=AXIS2_PLACEMENT_3D('',#6255,#4165,#4166);
#3519=AXIS2_PLACEMENT_3D('',#6256,#4167,#4168);
#3520=AXIS2_PLACEMENT_3D('',#6259,#4170,#4171);
#3521=AXIS2_PLACEMENT_3D('',#6260,#4172,#4173);
#3522=AXIS2_PLACEMENT_3D('',#6263,#4175,#4176);
#3523=AXIS2_PLACEMENT_3D('',#6264,#4177,#4178);
#3524=AXIS2_PLACEMENT_3D('',#6267,#4180,#4181);
#3525=AXIS2_PLACEMENT_3D('',#6268,#4182,#4183);
#3526=AXIS2_PLACEMENT_3D('',#6271,#4186,#4187);
#3527=AXIS2_PLACEMENT_3D('',#6273,#4189,#4190);
#3528=AXIS2_PLACEMENT_3D('',#6276,#4193,#4194);
#3529=AXIS2_PLACEMENT_3D('',#6277,#4195,#4196);
#3530=AXIS2_PLACEMENT_3D('',#6279,#4198,#4199);
#3531=AXIS2_PLACEMENT_3D('',#6280,#4200,#4201);
#3532=AXIS2_PLACEMENT_3D('',#6281,#4202,#4203);
#3533=AXIS2_PLACEMENT_3D('',#6283,#4205,#4206);
#3534=AXIS2_PLACEMENT_3D('',#6290,#4210,#4211);
#3535=AXIS2_PLACEMENT_3D('',#6293,#4213,#4214);
#3536=AXIS2_PLACEMENT_3D('',#6294,#4215,#4216);
#3537=AXIS2_PLACEMENT_3D('',#6319,#4219,#4220);
#3538=AXIS2_PLACEMENT_3D('',#6321,#4222,#4223);
#3539=AXIS2_PLACEMENT_3D('',#6322,#4224,#4225);
#3540=AXIS2_PLACEMENT_3D('',#6324,#4227,#4228);
#3541=AXIS2_PLACEMENT_3D('',#6326,#4229,#4230);
#3542=AXIS2_PLACEMENT_3D('',#6328,#4231,#4232);
#3543=AXIS2_PLACEMENT_3D('',#6330,#4233,#4234);
#3544=AXIS2_PLACEMENT_3D('',#6332,#4235,#4236);
#3545=AXIS2_PLACEMENT_3D('',#6334,#4237,#4238);
#3546=AXIS2_PLACEMENT_3D('',#6336,#4239,#4240);
#3547=AXIS2_PLACEMENT_3D('',#6337,#4241,#4242);
#3548=AXIS2_PLACEMENT_3D('',#6338,#4243,#4244);
#3549=AXIS2_PLACEMENT_3D('',#6355,#4247,#4248);
#3550=AXIS2_PLACEMENT_3D('',#6357,#4250,#4251);
#3551=AXIS2_PLACEMENT_3D('',#6359,#4253,#4254);
#3552=AXIS2_PLACEMENT_3D('',#6362,#4257,#4258);
#3553=AXIS2_PLACEMENT_3D('',#6363,#4259,#4260);
#3554=AXIS2_PLACEMENT_3D('',#6364,#4261,#4262);
#3555=AXIS2_PLACEMENT_3D('',#6366,#4264,#4265);
#3556=AXIS2_PLACEMENT_3D('',#6368,#4266,#4267);
#3557=AXIS2_PLACEMENT_3D('',#6371,#4269,#4270);
#3558=AXIS2_PLACEMENT_3D('',#6373,#4272,#4273);
#3559=AXIS2_PLACEMENT_3D('',#6375,#4274,#4275);
#3560=AXIS2_PLACEMENT_3D('',#6378,#4277,#4278);
#3561=AXIS2_PLACEMENT_3D('',#6380,#4280,#4281);
#3562=AXIS2_PLACEMENT_3D('',#6382,#4282,#4283);
#3563=AXIS2_PLACEMENT_3D('',#6385,#4285,#4286);
#3564=AXIS2_PLACEMENT_3D('',#6387,#4288,#4289);
#3565=AXIS2_PLACEMENT_3D('',#6389,#4290,#4291);
#3566=AXIS2_PLACEMENT_3D('',#6392,#4293,#4294);
#3567=AXIS2_PLACEMENT_3D('',#6394,#4296,#4297);
#3568=AXIS2_PLACEMENT_3D('',#6396,#4298,#4299);
#3569=AXIS2_PLACEMENT_3D('',#6399,#4301,#4302);
#3570=AXIS2_PLACEMENT_3D('',#6401,#4304,#4305);
#3571=AXIS2_PLACEMENT_3D('',#6403,#4306,#4307);
#3572=AXIS2_PLACEMENT_3D('',#6406,#4309,#4310);
#3573=AXIS2_PLACEMENT_3D('',#6408,#4312,#4313);
#3574=AXIS2_PLACEMENT_3D('',#6410,#4314,#4315);
#3575=AXIS2_PLACEMENT_3D('',#6413,#4317,#4318);
#3576=AXIS2_PLACEMENT_3D('',#6415,#4320,#4321);
#3577=AXIS2_PLACEMENT_3D('',#6417,#4322,#4323);
#3578=AXIS2_PLACEMENT_3D('',#6420,#4325,#4326);
#3579=AXIS2_PLACEMENT_3D('',#6422,#4328,#4329);
#3580=AXIS2_PLACEMENT_3D('',#6430,#4331,#4332);
#3581=AXIS2_PLACEMENT_3D('',#6431,#4333,#4334);
#3582=AXIS2_PLACEMENT_3D('',#6433,#4336,#4337);
#3583=AXIS2_PLACEMENT_3D('',#6440,#4338,#4339);
#3584=AXIS2_PLACEMENT_3D('',#6481,#4342,#4343);
#3585=AXIS2_PLACEMENT_3D('',#6482,#4344,#4345);
#3586=AXIS2_PLACEMENT_3D('',#6500,#4347,#4348);
#3587=AXIS2_PLACEMENT_3D('',#6507,#4353,#4354);
#3588=AXIS2_PLACEMENT_3D('',#6508,#4355,#4356);
#3589=AXIS2_PLACEMENT_3D('',#6510,#4358,#4359);
#3590=AXIS2_PLACEMENT_3D('',#6511,#4360,#4361);
#3591=AXIS2_PLACEMENT_3D('',#6514,#4364,#4365);
#3592=AXIS2_PLACEMENT_3D('',#6516,#4367,#4368);
#3593=AXIS2_PLACEMENT_3D('',#6518,#4370,#4371);
#3594=AXIS2_PLACEMENT_3D('',#6519,#4372,#4373);
#3595=AXIS2_PLACEMENT_3D('',#6522,#4376,#4377);
#3596=AXIS2_PLACEMENT_3D('',#6524,#4379,#4380);
#3597=AXIS2_PLACEMENT_3D('',#6526,#4382,#4383);
#3598=AXIS2_PLACEMENT_3D('',#6527,#4384,#4385);
#3599=AXIS2_PLACEMENT_3D('',#6528,#4386,#4387);
#3600=AXIS2_PLACEMENT_3D('',#6529,#4388,#4389);
#3601=AXIS2_PLACEMENT_3D('',#6531,#4390,#4391);
#3602=AXIS2_PLACEMENT_3D('',#6533,#4393,#4394);
#3603=AXIS2_PLACEMENT_3D('',#6535,#4395,#4396);
#3604=AXIS2_PLACEMENT_3D('',#6537,#4398,#4399);
#3605=AXIS2_PLACEMENT_3D('',#6539,#4400,#4401);
#3606=AXIS2_PLACEMENT_3D('',#6541,#4403,#4404);
#3607=AXIS2_PLACEMENT_3D('',#6543,#4405,#4406);
#3608=AXIS2_PLACEMENT_3D('',#6545,#4408,#4409);
#3609=AXIS2_PLACEMENT_3D('',#6547,#4410,#4411);
#3610=AXIS2_PLACEMENT_3D('',#6549,#4413,#4414);
#3611=AXIS2_PLACEMENT_3D('',#6551,#4415,#4416);
#3612=AXIS2_PLACEMENT_3D('',#6553,#4418,#4419);
#3613=AXIS2_PLACEMENT_3D('',#6557,#4421,#4422);
#3614=AXIS2_PLACEMENT_3D('',#6559,#4423,#4424);
#3615=AXIS2_PLACEMENT_3D('',#6561,#4425,#4426);
#3616=AXIS2_PLACEMENT_3D('',#6563,#4428,#4429);
#3617=AXIS2_PLACEMENT_3D('',#6564,#4430,#4431);
#3618=AXIS2_PLACEMENT_3D('',#6565,#4432,#4433);
#3619=AXIS2_PLACEMENT_3D('',#6567,#4435,#4436);
#3620=AXIS2_PLACEMENT_3D('',#6569,#4437,#4438);
#3621=AXIS2_PLACEMENT_3D('',#6571,#4440,#4441);
#3622=AXIS2_PLACEMENT_3D('',#6573,#4442,#4443);
#3623=AXIS2_PLACEMENT_3D('',#6575,#4445,#4446);
#3624=AXIS2_PLACEMENT_3D('',#6577,#4447,#4448);
#3625=AXIS2_PLACEMENT_3D('',#6579,#4450,#4451);
#3626=AXIS2_PLACEMENT_3D('',#6581,#4453,#4454);
#3627=AXIS2_PLACEMENT_3D('',#6583,#4456,#4457);
#3628=AXIS2_PLACEMENT_3D('',#6587,#4460,#4461);
#3629=AXIS2_PLACEMENT_3D('',#6591,#4463,#4464);
#3630=AXIS2_PLACEMENT_3D('',#6593,#4465,#4466);
#3631=AXIS2_PLACEMENT_3D('',#6594,#4467,#4468);
#3632=AXIS2_PLACEMENT_3D('',#6595,#4469,#4470);
#3633=AXIS2_PLACEMENT_3D('',#6597,#4472,#4473);
#3634=AXIS2_PLACEMENT_3D('',#6599,#4475,#4476);
#3635=AXIS2_PLACEMENT_3D('',#6601,#4478,#4479);
#3636=AXIS2_PLACEMENT_3D('',#6602,#4480,#4481);
#3637=AXIS2_PLACEMENT_3D('',#6606,#4484,#4485);
#3638=AXIS2_PLACEMENT_3D('',#6608,#4486,#4487);
#3639=AXIS2_PLACEMENT_3D('',#6610,#4488,#4489);
#3640=AXIS2_PLACEMENT_3D('',#6612,#4490,#4491);
#3641=AXIS2_PLACEMENT_3D('',#6614,#4493,#4494);
#3642=AXIS2_PLACEMENT_3D('',#6616,#4496,#4497);
#3643=AXIS2_PLACEMENT_3D('',#6618,#4499,#4500);
#3644=AXIS2_PLACEMENT_3D('',#6620,#4502,#4503);
#3645=DIRECTION('axis',(0.,0.,1.));
#3646=DIRECTION('refdir',(1.,0.,0.));
#3647=DIRECTION('center_axis',(0.,1.,0.));
#3648=DIRECTION('ref_axis',(1.,0.,0.));
#3649=DIRECTION('center_axis',(0.,-1.,0.));
#3650=DIRECTION('ref_axis',(1.,0.,0.));
#3651=DIRECTION('',(0.707106781186547,-0.707106781186548,-8.65956056235493E-17));
#3652=DIRECTION('center_axis',(0.,1.,0.));
#3653=DIRECTION('ref_axis',(1.,0.,0.));
#3654=DIRECTION('center_axis',(0.,1.,0.));
#3655=DIRECTION('ref_axis',(1.,0.,0.));
#3656=DIRECTION('',(0.,-1.,0.));
#3657=DIRECTION('center_axis',(0.,1.,0.));
#3658=DIRECTION('ref_axis',(1.,0.,0.));
#3659=DIRECTION('center_axis',(0.,1.,0.));
#3660=DIRECTION('ref_axis',(1.,0.,0.));
#3661=DIRECTION('center_axis',(0.,-1.,0.));
#3662=DIRECTION('ref_axis',(1.,0.,0.));
#3663=DIRECTION('',(0.707106781186547,-0.707106781186548,-8.65956056235493E-17));
#3664=DIRECTION('center_axis',(0.,1.,0.));
#3665=DIRECTION('ref_axis',(1.,0.,0.));
#3666=DIRECTION('center_axis',(0.,1.,0.));
#3667=DIRECTION('ref_axis',(1.,0.,0.));
#3668=DIRECTION('',(0.,-1.,0.));
#3669=DIRECTION('center_axis',(0.,1.,0.));
#3670=DIRECTION('ref_axis',(1.,0.,0.));
#3671=DIRECTION('center_axis',(0.,-1.,0.));
#3672=DIRECTION('ref_axis',(0.,0.,1.));
#3673=DIRECTION('center_axis',(0.,-1.,0.));
#3674=DIRECTION('ref_axis',(0.,0.,1.));
#3675=DIRECTION('',(0.,-1.,0.));
#3676=DIRECTION('center_axis',(0.,1.,0.));
#3677=DIRECTION('ref_axis',(0.,0.,1.));
#3678=DIRECTION('',(0.,-1.,0.));
#3679=DIRECTION('center_axis',(1.,0.,0.));
#3680=DIRECTION('ref_axis',(0.,0.,1.));
#3681=DIRECTION('',(0.,0.,1.));
#3682=DIRECTION('',(0.,-1.,0.));
#3683=DIRECTION('',(0.,0.,-1.));
#3684=DIRECTION('center_axis',(0.,-1.,0.));
#3685=DIRECTION('ref_axis',(1.,0.,0.));
#3686=DIRECTION('center_axis',(0.,-1.,0.));
#3687=DIRECTION('ref_axis',(1.,0.,0.));
#3688=DIRECTION('',(0.,-1.,0.));
#3689=DIRECTION('center_axis',(0.,1.,0.));
#3690=DIRECTION('ref_axis',(1.,0.,0.));
#3691=DIRECTION('center_axis',(0.,0.,-1.));
#3692=DIRECTION('ref_axis',(1.,0.,0.));
#3693=DIRECTION('',(1.,0.,0.));
#3694=DIRECTION('',(0.,-1.,0.));
#3695=DIRECTION('',(-1.,0.,0.));
#3696=DIRECTION('center_axis',(0.,-1.,0.));
#3697=DIRECTION('ref_axis',(0.,0.,-1.));
#3698=DIRECTION('center_axis',(0.,-1.,0.));
#3699=DIRECTION('ref_axis',(0.,0.,-1.));
#3700=DIRECTION('',(0.,-1.,0.));
#3701=DIRECTION('center_axis',(0.,1.,0.));
#3702=DIRECTION('ref_axis',(0.,0.,-1.));
#3703=DIRECTION('center_axis',(-1.,0.,0.));
#3704=DIRECTION('ref_axis',(0.,0.,-1.));
#3705=DIRECTION('',(0.,0.,-1.));
#3706=DIRECTION('',(0.,-1.,0.));
#3707=DIRECTION('',(0.,0.,1.));
#3708=DIRECTION('center_axis',(0.,-1.,0.));
#3709=DIRECTION('ref_axis',(-1.,0.,0.));
#3710=DIRECTION('center_axis',(0.,-1.,0.));
#3711=DIRECTION('ref_axis',(-1.,0.,0.));
#3712=DIRECTION('',(0.,-1.,0.));
#3713=DIRECTION('center_axis',(0.,1.,0.));
#3714=DIRECTION('ref_axis',(-1.,0.,0.));
#3715=DIRECTION('center_axis',(0.,0.,1.));
#3716=DIRECTION('ref_axis',(-1.,0.,0.));
#3717=DIRECTION('',(-1.,0.,0.));
#3718=DIRECTION('',(1.,0.,0.));
#3719=DIRECTION('center_axis',(0.,-1.,0.));
#3720=DIRECTION('ref_axis',(0.,0.,1.));
#3721=DIRECTION('center_axis',(0.,-1.,0.));
#3722=DIRECTION('ref_axis',(0.,0.,1.));
#3723=DIRECTION('',(0.,-1.,0.));
#3724=DIRECTION('center_axis',(0.,1.,0.));
#3725=DIRECTION('ref_axis',(0.,0.,1.));
#3726=DIRECTION('',(0.,-1.,0.));
#3727=DIRECTION('center_axis',(1.,0.,0.));
#3728=DIRECTION('ref_axis',(0.,0.,1.));
#3729=DIRECTION('',(0.,0.,1.));
#3730=DIRECTION('',(0.,-1.,0.));
#3731=DIRECTION('',(0.,0.,-1.));
#3732=DIRECTION('center_axis',(0.,-1.,0.));
#3733=DIRECTION('ref_axis',(1.,0.,0.));
#3734=DIRECTION('center_axis',(0.,-1.,0.));
#3735=DIRECTION('ref_axis',(1.,0.,0.));
#3736=DIRECTION('',(0.,-1.,0.));
#3737=DIRECTION('center_axis',(0.,1.,0.));
#3738=DIRECTION('ref_axis',(1.,0.,0.));
#3739=DIRECTION('center_axis',(3.36431219583381E-16,0.,-1.));
#3740=DIRECTION('ref_axis',(1.,0.,3.36431219583381E-16));
#3741=DIRECTION('',(1.,0.,3.36431219583381E-16));
#3742=DIRECTION('',(0.,-1.,0.));
#3743=DIRECTION('',(-1.,0.,-3.36431219583381E-16));
#3744=DIRECTION('center_axis',(0.,-1.,0.));
#3745=DIRECTION('ref_axis',(0.,0.,-1.));
#3746=DIRECTION('center_axis',(0.,-1.,0.));
#3747=DIRECTION('ref_axis',(0.,0.,-1.));
#3748=DIRECTION('',(0.,-1.,0.));
#3749=DIRECTION('center_axis',(0.,1.,0.));
#3750=DIRECTION('ref_axis',(0.,0.,-1.));
#3751=DIRECTION('center_axis',(-1.,0.,0.));
#3752=DIRECTION('ref_axis',(0.,0.,-1.));
#3753=DIRECTION('',(0.,0.,-1.));
#3754=DIRECTION('',(0.,-1.,0.));
#3755=DIRECTION('',(0.,0.,1.));
#3756=DIRECTION('center_axis',(0.,-1.,0.));
#3757=DIRECTION('ref_axis',(-1.,0.,0.));
#3758=DIRECTION('center_axis',(0.,-1.,0.));
#3759=DIRECTION('ref_axis',(-1.,0.,0.));
#3760=DIRECTION('',(0.,-1.,0.));
#3761=DIRECTION('center_axis',(0.,1.,0.));
#3762=DIRECTION('ref_axis',(-1.,0.,0.));
#3763=DIRECTION('center_axis',(3.36431219583381E-16,0.,1.));
#3764=DIRECTION('ref_axis',(-1.,0.,3.36431219583381E-16));
#3765=DIRECTION('',(-1.,0.,3.36431219583381E-16));
#3766=DIRECTION('',(1.,0.,-3.36431219583381E-16));
#3767=DIRECTION('center_axis',(0.,-1.,0.));
#3768=DIRECTION('ref_axis',(1.,0.,0.));
#3769=DIRECTION('center_axis',(0.,-1.,0.));
#3770=DIRECTION('ref_axis',(1.,0.,0.));
#3771=DIRECTION('',(0.,-1.,0.));
#3772=DIRECTION('center_axis',(0.,1.,0.));
#3773=DIRECTION('ref_axis',(1.,0.,0.));
#3774=DIRECTION('center_axis',(0.,0.,-1.));
#3775=DIRECTION('ref_axis',(0.997183533758957,-0.0749999999999995,0.));
#3776=DIRECTION('center_axis',(0.,0.,-1.));
#3777=DIRECTION('ref_axis',(0.997183533758957,-0.0749999999999995,0.));
#3778=DIRECTION('',(0.,0.,1.));
#3779=DIRECTION('center_axis',(0.,0.,1.));
#3780=DIRECTION('ref_axis',(0.997183533758957,-0.0749999999999995,0.));
#3781=DIRECTION('',(0.,0.,-1.));
#3782=DIRECTION('center_axis',(0.,0.,1.));
#3783=DIRECTION('ref_axis',(-0.997183533758957,-0.0749999999999995,0.));
#3784=DIRECTION('center_axis',(0.,0.,1.));
#3785=DIRECTION('ref_axis',(-0.997183533758957,-0.0749999999999995,0.));
#3786=DIRECTION('',(0.,0.,-1.));
#3787=DIRECTION('center_axis',(0.,0.,-1.));
#3788=DIRECTION('ref_axis',(-0.997183533758957,-0.0749999999999995,0.));
#3789=DIRECTION('',(0.,0.,-1.));
#3790=DIRECTION('center_axis',(0.,1.,0.));
#3791=DIRECTION('ref_axis',(0.,0.,1.));
#3792=DIRECTION('',(-1.,0.,2.61228946970624E-16));
#3793=DIRECTION('',(-1.35279276109789E-16,0.,1.));
#3794=DIRECTION('',(1.,0.,2.61228946970624E-16));
#3795=DIRECTION('center_axis',(0.,-1.,0.));
#3796=DIRECTION('ref_axis',(-1.,0.,2.61228946970624E-16));
#3797=DIRECTION('',(2.61228946970624E-16,0.,1.));
#3798=DIRECTION('center_axis',(0.,-1.,0.));
#3799=DIRECTION('ref_axis',(1.,0.,-2.61228946970624E-16));
#3800=DIRECTION('',(6.26949472729501E-16,0.,-1.));
#3801=DIRECTION('center_axis',(0.,-1.,0.));
#3802=DIRECTION('ref_axis',(-1.,0.,-1.51512789242963E-15));
#3803=DIRECTION('center_axis',(0.,1.,0.));
#3804=DIRECTION('ref_axis',(0.,0.,1.));
#3805=DIRECTION('',(1.,0.,-2.61228946970624E-16));
#3806=DIRECTION('',(2.52697700742981E-16,0.,-1.));
#3807=DIRECTION('center_axis',(0.,1.,0.));
#3808=DIRECTION('ref_axis',(1.,0.,-2.61228946970624E-16));
#3809=DIRECTION('center_axis',(0.,-1.,0.));
#3810=DIRECTION('ref_axis',(1.,0.,-2.61228946970624E-16));
#3811=DIRECTION('',(1.12662168525912E-16,0.,-1.));
#3812=DIRECTION('center_axis',(0.,-1.,0.));
#3813=DIRECTION('ref_axis',(0.95,0.,0.312249899919921));
#3814=DIRECTION('center_axis',(0.,1.,0.));
#3815=DIRECTION('ref_axis',(0.95,0.,0.312249899919921));
#3816=DIRECTION('',(3.38140993487817E-16,0.,-1.));
#3817=DIRECTION('',(-1.,0.,2.61228946970624E-16));
#3818=DIRECTION('center_axis',(0.,-1.,0.));
#3819=DIRECTION('ref_axis',(-1.,0.,2.61228946970624E-16));
#3820=DIRECTION('center_axis',(0.,0.,1.));
#3821=DIRECTION('ref_axis',(1.,0.,0.));
#3822=DIRECTION('center_axis',(0.,0.,1.));
#3823=DIRECTION('ref_axis',(0.460711478850285,0.887549960991258,0.));
#3824=DIRECTION('center_axis',(0.,0.,-1.));
#3825=DIRECTION('ref_axis',(0.462214052801596,0.886768385426952,0.));
#3826=DIRECTION('',(0.,-1.,0.));
#3827=DIRECTION('center_axis',(0.,0.,-1.));
#3828=DIRECTION('ref_axis',(-0.973613617803609,-0.228202811611442,0.));
#3829=DIRECTION('center_axis',(0.,0.,1.));
#3830=DIRECTION('ref_axis',(-0.999954745659879,0.00951349737413473,0.));
#3831=DIRECTION('center_axis',(0.,0.,-1.));
#3832=DIRECTION('ref_axis',(0.,-1.,0.));
#3833=DIRECTION('',(-1.,0.,0.));
#3834=DIRECTION('center_axis',(0.,0.,-1.));
#3835=DIRECTION('ref_axis',(-0.983727732333857,0.179665657924066,0.));
#3836=DIRECTION('center_axis',(0.,0.,1.));
#3837=DIRECTION('ref_axis',(-0.460711478850285,-0.887549960991258,0.));
#3838=DIRECTION('center_axis',(0.,0.,-1.));
#3839=DIRECTION('ref_axis',(-0.462214052801596,-0.886768385426952,0.));
#3840=DIRECTION('',(0.,1.,0.));
#3841=DIRECTION('center_axis',(0.,0.,-1.));
#3842=DIRECTION('ref_axis',(0.973613617803609,0.228202811611442,0.));
#3843=DIRECTION('center_axis',(0.,0.,1.));
#3844=DIRECTION('ref_axis',(0.999954745659879,-0.00951349737413473,0.));
#3845=DIRECTION('',(0.,1.,0.));
#3846=DIRECTION('',(1.,0.,0.));
#3847=DIRECTION('',(0.,-1.,0.));
#3848=DIRECTION('',(-1.,0.,0.));
#3849=DIRECTION('',(-1.,0.,0.));
#3850=DIRECTION('',(0.,1.,0.));
#3851=DIRECTION('',(1.,0.,0.));
#3852=DIRECTION('',(0.,-1.,0.));
#3853=DIRECTION('center_axis',(0.,0.,1.));
#3854=DIRECTION('ref_axis',(1.,0.,0.));
#3855=DIRECTION('center_axis',(0.,0.,1.));
#3856=DIRECTION('ref_axis',(1.,0.,0.));
#3857=DIRECTION('center_axis',(0.,0.,1.));
#3858=DIRECTION('ref_axis',(1.,0.,0.));
#3859=DIRECTION('center_axis',(0.,0.,1.));
#3860=DIRECTION('ref_axis',(1.,0.,0.));
#3861=DIRECTION('center_axis',(-1.,0.,0.));
#3862=DIRECTION('ref_axis',(0.,1.,0.));
#3863=DIRECTION('center_axis',(-1.,0.,-2.22044604925031E-16));
#3864=DIRECTION('ref_axis',(0.,0.707106781186548,-0.707106781186547));
#3865=DIRECTION('center_axis',(-1.,0.,-2.22044604925031E-16));
#3866=DIRECTION('ref_axis',(0.,0.707106781186548,-0.707106781186547));
#3867=DIRECTION('',(1.,0.,2.22044604925031E-16));
#3868=DIRECTION('',(-1.,0.,-2.22044604925031E-16));
#3869=DIRECTION('center_axis',(0.,1.,0.));
#3870=DIRECTION('ref_axis',(2.22044604925031E-16,0.,-1.));
#3871=DIRECTION('',(2.22044604925031E-16,0.,-1.));
#3872=DIRECTION('',(-1.,0.,0.));
#3873=DIRECTION('',(-2.22044604925031E-16,0.,1.));
#3874=DIRECTION('center_axis',(0.,1.,0.));
#3875=DIRECTION('ref_axis',(1.,0.,0.));
#3876=DIRECTION('',(-2.22044604925031E-16,0.,1.));
#3877=DIRECTION('center_axis',(-1.,0.,0.));
#3878=DIRECTION('ref_axis',(0.,0.,1.));
#3879=DIRECTION('center_axis',(-1.,0.,-2.22724071959309E-16));
#3880=DIRECTION('ref_axis',(0.,0.707106781186548,0.707106781186548));
#3881=DIRECTION('center_axis',(-1.,0.,-2.22044604925031E-16));
#3882=DIRECTION('ref_axis',(0.,0.707106781186548,0.707106781186548));
#3883=DIRECTION('',(1.,0.,2.22724071959309E-16));
#3884=DIRECTION('',(-1.,0.,-2.22724071959309E-16));
#3885=DIRECTION('center_axis',(2.22724071959309E-16,1.26161707343768E-16,
-1.));
#3886=DIRECTION('ref_axis',(-8.96432846842058E-33,-1.,-1.26161707343768E-16));
#3887=DIRECTION('',(-1.,0.,-2.22724071959309E-16));
#3888=DIRECTION('',(1.03797487529081E-31,-1.,-4.67462326157961E-16));
#3889=DIRECTION('',(1.,0.,2.22044604925031E-16));
#3890=DIRECTION('',(-1.03797487529081E-31,1.,4.67462326157961E-16));
#3891=DIRECTION('',(1.,0.,2.22044604925031E-16));
#3892=DIRECTION('',(-1.03797487529081E-31,1.,4.67462326157961E-16));
#3893=DIRECTION('center_axis',(-1.,-2.22044604925031E-15,0.));
#3894=DIRECTION('ref_axis',(0.,0.,1.));
#3895=DIRECTION('center_axis',(-1.,0.,-2.22044604925031E-16));
#3896=DIRECTION('ref_axis',(0.,0.70710678118655,0.707106781186545));
#3897=DIRECTION('center_axis',(1.,0.,2.22044604925031E-16));
#3898=DIRECTION('ref_axis',(0.,0.70710678118655,0.707106781186545));
#3899=DIRECTION('',(1.,0.,2.22044604925031E-16));
#3900=DIRECTION('',(-1.,0.,-2.22044604925031E-16));
#3901=DIRECTION('center_axis',(-2.22044604925031E-16,0.,1.));
#3902=DIRECTION('ref_axis',(-1.,0.,-2.22044604925031E-16));
#3903=DIRECTION('',(-1.,0.,-2.22724071959309E-16));
#3904=DIRECTION('',(0.,1.,0.));
#3905=DIRECTION('center_axis',(-1.,0.,0.));
#3906=DIRECTION('ref_axis',(0.,1.,0.));
#3907=DIRECTION('center_axis',(-1.,0.,-2.22724071959309E-16));
#3908=DIRECTION('ref_axis',(0.,0.707106781186548,-0.707106781186548));
#3909=DIRECTION('center_axis',(1.,0.,2.22044604925031E-16));
#3910=DIRECTION('ref_axis',(0.,0.707106781186548,-0.707106781186548));
#3911=DIRECTION('',(1.,0.,2.22724071959309E-16));
#3912=DIRECTION('',(-1.,0.,-2.22724071959309E-16));
#3913=DIRECTION('',(2.22044604925031E-16,0.,-1.));
#3914=DIRECTION('',(-2.22044604925031E-16,0.,1.));
#3915=DIRECTION('center_axis',(0.,0.,-1.));
#3916=DIRECTION('ref_axis',(0.707106781186546,-0.707106781186549,0.));
#3917=DIRECTION('center_axis',(0.,0.,-1.));
#3918=DIRECTION('ref_axis',(0.707106781186546,-0.707106781186549,0.));
#3919=DIRECTION('',(0.,0.,-1.));
#3920=DIRECTION('center_axis',(0.,0.853281833651959,-0.521450009453975));
#3921=DIRECTION('ref_axis',(3.61828629179255E-17,-0.521450009453975,-0.853281833651959));
#3922=DIRECTION('',(0.,0.,1.));
#3923=DIRECTION('center_axis',(0.,0.,1.));
#3924=DIRECTION('ref_axis',(1.,0.,0.));
#3925=DIRECTION('',(1.,0.,0.));
#3926=DIRECTION('center_axis',(0.,0.,-1.));
#3927=DIRECTION('ref_axis',(-0.707106781186546,-0.707106781186549,0.));
#3928=DIRECTION('',(0.,1.,0.));
#3929=DIRECTION('',(-1.,0.,0.));
#3930=DIRECTION('',(-4.67462326157961E-16,1.,0.));
#3931=DIRECTION('',(1.,1.77635683940024E-15,0.));
#3932=DIRECTION('center_axis',(0.,0.,1.));
#3933=DIRECTION('ref_axis',(-1.,0.,0.));
#3934=DIRECTION('center_axis',(0.,0.,-1.));
#3935=DIRECTION('ref_axis',(1.,0.,0.));
#3936=DIRECTION('center_axis',(0.,0.,1.));
#3937=DIRECTION('ref_axis',(-1.,0.,0.));
#3938=DIRECTION('',(1.,0.,0.));
#3939=DIRECTION('',(0.,-1.,0.));
#3940=DIRECTION('',(-1.,0.,0.));
#3941=DIRECTION('',(0.,-1.,0.));
#3942=DIRECTION('center_axis',(0.,0.,1.));
#3943=DIRECTION('ref_axis',(-1.,0.,0.));
#3944=DIRECTION('center_axis',(0.,0.,1.));
#3945=DIRECTION('ref_axis',(-1.,0.,0.));
#3946=DIRECTION('center_axis',(0.,0.,1.));
#3947=DIRECTION('ref_axis',(-1.,0.,0.));
#3948=DIRECTION('center_axis',(0.,1.,0.));
#3949=DIRECTION('ref_axis',(-1.,0.,0.));
#3950=DIRECTION('',(1.,0.,0.));
#3951=DIRECTION('',(0.,0.,-1.));
#3952=DIRECTION('',(1.,0.,0.));
#3953=DIRECTION('',(-2.22044604925031E-16,0.,1.));
#3954=DIRECTION('center_axis',(0.,-1.,0.));
#3955=DIRECTION('ref_axis',(-1.,0.,0.));
#3956=DIRECTION('center_axis',(0.,-1.,0.));
#3957=DIRECTION('ref_axis',(-1.,0.,0.));
#3958=DIRECTION('',(2.22044604925031E-16,0.,-1.));
#3959=DIRECTION('',(1.,0.,0.));
#3960=DIRECTION('',(0.,0.,1.));
#3961=DIRECTION('',(1.,0.,0.));
#3962=DIRECTION('',(0.,0.,-1.));
#3963=DIRECTION('center_axis',(0.,-1.,0.));
#3964=DIRECTION('ref_axis',(0.,0.,-1.));
#3965=DIRECTION('',(1.,0.,0.));
#3966=DIRECTION('center_axis',(0.,-1.,0.));
#3967=DIRECTION('ref_axis',(0.,0.,1.));
#3968=DIRECTION('',(-1.,0.,0.));
#3969=DIRECTION('center_axis',(0.,0.,1.));
#3970=DIRECTION('ref_axis',(-0.707106781186546,-0.707106781186549,0.));
#3971=DIRECTION('center_axis',(0.,0.853281833651959,-0.521450009453975));
#3972=DIRECTION('ref_axis',(-3.61828629179255E-17,-0.521450009453975,-0.853281833651959));
#3973=DIRECTION('',(0.,0.,1.));
#3974=DIRECTION('center_axis',(-1.,0.,0.));
#3975=DIRECTION('ref_axis',(0.,0.,1.));
#3976=DIRECTION('',(0.,-0.521450009453975,-0.853281833651959));
#3977=DIRECTION('center_axis',(0.,0.,-1.));
#3978=DIRECTION('ref_axis',(0.707106781186547,-0.707106781186548,0.));
#3979=DIRECTION('center_axis',(0.,0.853281833651959,-0.521450009453975));
#3980=DIRECTION('ref_axis',(0.,-0.521450009453975,-0.853281833651959));
#3981=DIRECTION('center_axis',(0.,0.,1.));
#3982=DIRECTION('ref_axis',(0.707106781186547,-0.707106781186548,0.));
#3983=DIRECTION('',(0.,0.,-1.));
#3984=DIRECTION('center_axis',(0.,0.,1.));
#3985=DIRECTION('ref_axis',(-0.707106781186545,-0.70710678118655,0.));
#3986=DIRECTION('center_axis',(0.,0.853281833651959,-0.521450009453975));
#3987=DIRECTION('ref_axis',(0.,-0.521450009453975,-0.853281833651959));
#3988=DIRECTION('',(0.,0.,1.));
#3989=DIRECTION('center_axis',(0.,0.,1.));
#3990=DIRECTION('ref_axis',(-0.707106781186545,-0.70710678118655,0.));
#3991=DIRECTION('center_axis',(1.,0.,0.));
#3992=DIRECTION('ref_axis',(0.,-1.,0.));
#3993=DIRECTION('',(0.,0.521450009453975,0.853281833651959));
#3994=DIRECTION('',(0.,0.,1.));
#3995=DIRECTION('',(0.,1.,0.));
#3996=DIRECTION('',(0.,0.,-1.));
#3997=DIRECTION('',(0.,1.,0.));
#3998=DIRECTION('',(2.22044604925031E-16,0.,-1.));
#3999=DIRECTION('',(-2.22044604925031E-16,0.,1.));
#4000=DIRECTION('center_axis',(1.,0.,2.22044604925031E-16));
#4001=DIRECTION('ref_axis',(-2.22044604925031E-16,0.,1.));
#4002=DIRECTION('',(0.,1.,0.));
#4003=DIRECTION('',(-2.22044604925031E-16,0.,1.));
#4004=DIRECTION('center_axis',(0.,0.,-1.));
#4005=DIRECTION('ref_axis',(-1.,0.,0.));
#4006=DIRECTION('',(0.,1.,0.));
#4007=DIRECTION('',(0.,-1.,0.));
#4008=DIRECTION('',(1.,0.,0.));
#4009=DIRECTION('',(1.,0.,0.));
#4010=DIRECTION('',(-1.,0.,0.));
#4011=DIRECTION('',(0.,-1.,0.));
#4012=DIRECTION('center_axis',(0.,0.,1.));
#4013=DIRECTION('ref_axis',(0.999954745659879,-0.00951349737413473,0.));
#4014=DIRECTION('center_axis',(0.,0.,-1.));
#4015=DIRECTION('ref_axis',(0.973613617803609,0.228202811611442,0.));
#4016=DIRECTION('',(0.,-1.,0.));
#4017=DIRECTION('center_axis',(0.,0.,-1.));
#4018=DIRECTION('ref_axis',(-0.462214052801596,-0.886768385426952,0.));
#4019=DIRECTION('center_axis',(0.,0.,1.));
#4020=DIRECTION('ref_axis',(-0.460711478850285,-0.887549960991258,0.));
#4021=DIRECTION('center_axis',(0.,0.,1.));
#4022=DIRECTION('ref_axis',(0.,-1.,0.));
#4023=DIRECTION('',(1.,0.,0.));
#4024=DIRECTION('center_axis',(0.,0.,1.));
#4025=DIRECTION('ref_axis',(0.979795897113219,0.200000000000258,0.));
#4026=DIRECTION('',(0.,1.,0.));
#4027=DIRECTION('center_axis',(0.,0.,1.));
#4028=DIRECTION('ref_axis',(0.,-1.,0.));
#4029=DIRECTION('center_axis',(0.,0.,1.));
#4030=DIRECTION('ref_axis',(-0.999954745659879,0.00951349737413473,0.));
#4031=DIRECTION('center_axis',(0.,0.,-1.));
#4032=DIRECTION('ref_axis',(-0.973613617803609,-0.228202811611442,0.));
#4033=DIRECTION('',(0.,1.,0.));
#4034=DIRECTION('center_axis',(0.,0.,-1.));
#4035=DIRECTION('ref_axis',(0.462214052801596,0.886768385426952,0.));
#4036=DIRECTION('center_axis',(0.,0.,1.));
#4037=DIRECTION('ref_axis',(0.460711478850285,0.887549960991258,0.));
#4038=DIRECTION('center_axis',(0.,0.,-1.));
#4039=DIRECTION('ref_axis',(1.,0.,0.));
#4040=DIRECTION('center_axis',(0.,0.,-1.));
#4041=DIRECTION('ref_axis',(1.,0.,0.));
#4042=DIRECTION('center_axis',(0.,0.,-1.));
#4043=DIRECTION('ref_axis',(1.,0.,0.));
#4044=DIRECTION('center_axis',(0.,0.,-1.));
#4045=DIRECTION('ref_axis',(1.,0.,0.));
#4046=DIRECTION('',(2.22044604925031E-16,0.,-1.));
#4047=DIRECTION('center_axis',(0.,1.,0.));
#4048=DIRECTION('ref_axis',(-1.,0.,0.));
#4049=DIRECTION('center_axis',(0.,-1.,0.));
#4050=DIRECTION('ref_axis',(-1.,0.,0.));
#4051=DIRECTION('center_axis',(0.,-1.,0.));
#4052=DIRECTION('ref_axis',(-1.,0.,0.));
#4053=DIRECTION('',(-2.22044604925031E-16,0.,1.));
#4054=DIRECTION('',(-1.,0.,0.));
#4055=DIRECTION('center_axis',(0.,0.,-1.));
#4056=DIRECTION('ref_axis',(1.,0.,0.));
#4057=DIRECTION('',(0.,1.,0.));
#4058=DIRECTION('center_axis',(0.,0.,1.));
#4059=DIRECTION('ref_axis',(-0.983727732333857,0.179665657924066,0.));
#4060=DIRECTION('',(1.,0.,0.));
#4061=DIRECTION('center_axis',(0.,0.,1.));
#4062=DIRECTION('ref_axis',(0.,-1.,0.));
#4063=DIRECTION('',(0.,-1.,0.));
#4064=DIRECTION('center_axis',(0.,0.,1.));
#4065=DIRECTION('ref_axis',(1.,0.,0.));
#4066=DIRECTION('',(4.67462326157961E-16,-1.,0.));
#4067=DIRECTION('center_axis',(0.,0.,-1.));
#4068=DIRECTION('ref_axis',(-1.,0.,0.));
#4069=DIRECTION('center_axis',(0.,0.,-1.));
#4070=DIRECTION('ref_axis',(-1.,0.,0.));
#4071=DIRECTION('center_axis',(0.,0.,-1.));
#4072=DIRECTION('ref_axis',(-1.,0.,0.));
#4073=DIRECTION('center_axis',(0.,0.,-1.));
#4074=DIRECTION('ref_axis',(-1.,0.,0.));
#4075=DIRECTION('center_axis',(0.,0.,-1.));
#4076=DIRECTION('ref_axis',(-1.,0.,0.));
#4077=DIRECTION('center_axis',(0.,0.,-1.));
#4078=DIRECTION('ref_axis',(-1.,0.,0.));
#4079=DIRECTION('center_axis',(0.,-1.,0.));
#4080=DIRECTION('ref_axis',(-0.707106781186548,0.,-0.707106781186547));
#4081=DIRECTION('',(0.,1.,0.));
#4082=DIRECTION('center_axis',(-1.,0.,3.1720657846433E-16));
#4083=DIRECTION('ref_axis',(-3.1720657846433E-16,0.,-1.));
#4084=DIRECTION('',(0.,-1.,0.));
#4085=DIRECTION('',(0.,0.,1.));
#4086=DIRECTION('center_axis',(0.,1.,0.));
#4087=DIRECTION('ref_axis',(2.22044604925031E-16,0.,-1.));
#4088=DIRECTION('',(2.22044604925031E-16,0.,-1.));
#4089=DIRECTION('center_axis',(0.,1.,0.));
#4090=DIRECTION('ref_axis',(0.987420882906575,0.,0.15811388300842));
#4091=DIRECTION('center_axis',(0.,-1.,0.));
#4092=DIRECTION('ref_axis',(-0.899999999999999,0.,-0.435889894354069));
#4093=DIRECTION('',(-4.51616145610234E-17,0.,1.));
#4094=DIRECTION('center_axis',(0.,-1.,0.));
#4095=DIRECTION('ref_axis',(-0.987420882906575,0.,0.158113883008419));
#4096=DIRECTION('center_axis',(0.,1.,0.));
#4097=DIRECTION('ref_axis',(0.9,0.,-0.435889894354068));
#4098=DIRECTION('',(2.22044604925031E-16,0.,-1.));
#4099=DIRECTION('center_axis',(0.,1.,0.));
#4100=DIRECTION('ref_axis',(1.,0.,0.));
#4101=DIRECTION('',(-2.22044604925031E-16,2.77555756156289E-16,1.));
#4102=DIRECTION('',(2.22044604925031E-16,-2.77555756156289E-16,-1.));
#4103=DIRECTION('center_axis',(-2.22724071959309E-16,2.77555756156289E-16,
1.));
#4104=DIRECTION('ref_axis',(9.86076131526265E-32,1.,-2.77555756156289E-16));
#4105=DIRECTION('',(0.,-1.,0.));
#4106=DIRECTION('',(-1.,0.,-2.22724071959309E-16));
#4107=DIRECTION('center_axis',(1.,0.,2.22044604925031E-16));
#4108=DIRECTION('ref_axis',(2.22044604925031E-16,0.,-1.));
#4109=DIRECTION('',(-2.22044604925031E-16,0.,1.));
#4110=DIRECTION('',(2.22044604925031E-16,0.,-1.));
#4111=DIRECTION('',(-2.22044604925031E-16,2.77555756156289E-16,1.));
#4112=DIRECTION('',(2.22044604925031E-16,-2.77555756156289E-16,-1.));
#4113=DIRECTION('center_axis',(2.22044604925031E-16,0.,-1.));
#4114=DIRECTION('ref_axis',(0.,1.,0.));
#4115=DIRECTION('',(0.,-1.,0.));
#4116=DIRECTION('',(1.,0.,2.22044604925031E-16));
#4117=DIRECTION('',(0.,-1.,0.));
#4118=DIRECTION('',(-1.,0.,-2.22044604925031E-16));
#4119=DIRECTION('',(0.,1.,0.));
#4120=DIRECTION('',(-1.,0.,-2.22724071959309E-16));
#4121=DIRECTION('center_axis',(0.,0.,1.));
#4122=DIRECTION('ref_axis',(-1.,0.,0.));
#4123=DIRECTION('',(0.,-1.,0.));
#4124=DIRECTION('center_axis',(0.,0.,-1.));
#4125=DIRECTION('ref_axis',(0.979795897113219,0.200000000000258,0.));
#4126=DIRECTION('',(-1.,0.,0.));
#4127=DIRECTION('center_axis',(0.,0.,-1.));
#4128=DIRECTION('ref_axis',(0.,-1.,0.));
#4129=DIRECTION('',(0.,-1.,0.));
#4130=DIRECTION('center_axis',(0.,1.,0.));
#4131=DIRECTION('ref_axis',(0.707106781186548,0.,0.707106781186547));
#4132=DIRECTION('',(0.,-1.,0.));
#4133=DIRECTION('',(2.22044604925031E-16,0.,-1.));
#4134=DIRECTION('center_axis',(0.,1.,0.));
#4135=DIRECTION('ref_axis',(2.22044604925031E-16,0.,-1.));
#4136=DIRECTION('',(-2.22044604925031E-16,0.,1.));
#4137=DIRECTION('center_axis',(0.,-1.,0.));
#4138=DIRECTION('ref_axis',(1.,0.,2.22044604925031E-16));
#4139=DIRECTION('',(2.22044604925031E-16,0.,-1.));
#4140=DIRECTION('center_axis',(0.,-1.,0.));
#4141=DIRECTION('ref_axis',(-1.,0.,-2.22044604925031E-16));
#4142=DIRECTION('',(-2.22044604925031E-16,0.,1.));
#4143=DIRECTION('center_axis',(0.,-1.,0.));
#4144=DIRECTION('ref_axis',(0.707106781186548,0.,-0.707106781186547));
#4145=DIRECTION('',(0.,1.,0.));
#4146=DIRECTION('center_axis',(0.,-1.,0.));
#4147=DIRECTION('ref_axis',(1.,0.,0.));
#4148=DIRECTION('',(0.707106781186547,0.707106781186548,8.65956056235493E-17));
#4149=DIRECTION('center_axis',(0.,-1.,0.));
#4150=DIRECTION('ref_axis',(1.,0.,0.));
#4151=DIRECTION('center_axis',(0.,-1.,0.));
#4152=DIRECTION('ref_axis',(1.,0.,0.));
#4153=DIRECTION('',(0.,1.,0.));
#4154=DIRECTION('center_axis',(0.,-1.,0.));
#4155=DIRECTION('ref_axis',(1.,0.,0.));
#4156=DIRECTION('',(0.707106781186547,0.707106781186548,8.65956056235493E-17));
#4157=DIRECTION('center_axis',(0.,-1.,0.));
#4158=DIRECTION('ref_axis',(1.,0.,0.));
#4159=DIRECTION('center_axis',(0.,-1.,0.));
#4160=DIRECTION('ref_axis',(1.,0.,0.));
#4161=DIRECTION('',(0.,1.,0.));
#4162=DIRECTION('center_axis',(0.,1.,0.));
#4163=DIRECTION('ref_axis',(-1.,0.,0.));
#4164=DIRECTION('',(-0.707106781186547,-0.707106781186548,8.65956056235493E-17));
#4165=DIRECTION('center_axis',(0.,1.,0.));
#4166=DIRECTION('ref_axis',(-1.,0.,0.));
#4167=DIRECTION('center_axis',(0.,1.,0.));
#4168=DIRECTION('ref_axis',(-1.,0.,0.));
#4169=DIRECTION('',(0.,-1.,0.));
#4170=DIRECTION('center_axis',(0.,1.,0.));
#4171=DIRECTION('ref_axis',(-1.,0.,0.));
#4172=DIRECTION('center_axis',(0.,1.,0.));
#4173=DIRECTION('ref_axis',(-1.,0.,0.));
#4174=DIRECTION('',(-0.707106781186547,-0.707106781186548,8.65956056235493E-17));
#4175=DIRECTION('center_axis',(0.,1.,0.));
#4176=DIRECTION('ref_axis',(-1.,0.,0.));
#4177=DIRECTION('center_axis',(0.,1.,0.));
#4178=DIRECTION('ref_axis',(-1.,0.,0.));
#4179=DIRECTION('',(0.,-1.,0.));
#4180=DIRECTION('center_axis',(0.,1.,0.));
#4181=DIRECTION('ref_axis',(-1.,0.,0.));
#4182=DIRECTION('center_axis',(0.,-1.,0.));
#4183=DIRECTION('ref_axis',(0.987420882906575,0.,0.15811388300842));
#4184=DIRECTION('',(0.,1.,0.));
#4185=DIRECTION('',(0.,1.,0.));
#4186=DIRECTION('center_axis',(0.,1.,0.));
#4187=DIRECTION('ref_axis',(-0.899999999999999,0.,-0.435889894354069));
#4188=DIRECTION('',(0.,-1.,0.));
#4189=DIRECTION('center_axis',(0.,1.,0.));
#4190=DIRECTION('ref_axis',(-0.987420882906575,0.,0.158113883008419));
#4191=DIRECTION('',(0.,1.,0.));
#4192=DIRECTION('',(0.,1.,0.));
#4193=DIRECTION('center_axis',(-1.,0.,-4.51616145610234E-17));
#4194=DIRECTION('ref_axis',(-4.51616145610234E-17,0.,1.));
#4195=DIRECTION('center_axis',(0.,-1.,0.));
#4196=DIRECTION('ref_axis',(0.9,0.,-0.435889894354068));
#4197=DIRECTION('',(0.,1.,0.));
#4198=DIRECTION('center_axis',(1.,0.,2.22044604925031E-16));
#4199=DIRECTION('ref_axis',(2.22044604925031E-16,0.,-1.));
#4200=DIRECTION('center_axis',(1.,0.,2.22044604925031E-16));
#4201=DIRECTION('ref_axis',(2.22044604925031E-16,0.,-1.));
#4202=DIRECTION('center_axis',(-6.18183482068736E-32,-1.,2.77555756156289E-16));
#4203=DIRECTION('ref_axis',(-2.22044604925031E-16,2.77555756156289E-16,
1.));
#4204=DIRECTION('',(2.22044604925031E-16,0.,-1.));
#4205=DIRECTION('center_axis',(0.,-1.,0.));
#4206=DIRECTION('ref_axis',(-1.,0.,0.));
#4207=DIRECTION('',(0.,0.,1.));
#4208=DIRECTION('',(0.,0.,-1.));
#4209=DIRECTION('',(1.,0.,0.));
#4210=DIRECTION('center_axis',(0.,-1.,0.));
#4211=DIRECTION('ref_axis',(0.,0.,-1.));
#4212=DIRECTION('',(-1.,0.,0.));
#4213=DIRECTION('center_axis',(0.,-1.,0.));
#4214=DIRECTION('ref_axis',(0.,0.,1.));
#4215=DIRECTION('center_axis',(-6.18183482068736E-32,-1.,2.77555756156289E-16));
#4216=DIRECTION('ref_axis',(-2.22044604925031E-16,2.77555756156289E-16,
1.));
#4217=DIRECTION('',(2.22044604925031E-16,0.,-1.));
#4218=DIRECTION('',(-2.22044604925031E-16,0.,1.));
#4219=DIRECTION('center_axis',(0.,0.,-1.));
#4220=DIRECTION('ref_axis',(0.973613617803609,0.228202811611442,0.));
#4221=DIRECTION('',(0.,0.,-1.));
#4222=DIRECTION('center_axis',(0.,0.,-1.));
#4223=DIRECTION('ref_axis',(0.999954745659879,-0.00951349737413473,0.));
#4224=DIRECTION('center_axis',(-1.,0.,-2.22044604925031E-16));
#4225=DIRECTION('ref_axis',(-2.22044604925031E-16,0.,1.));
#4226=DIRECTION('',(-2.22044604925031E-16,0.,1.));
#4227=DIRECTION('center_axis',(1.,0.,2.22044604925031E-16));
#4228=DIRECTION('ref_axis',(-2.22044604925031E-16,0.,1.));
#4229=DIRECTION('center_axis',(-1.,0.,-2.22044604925031E-16));
#4230=DIRECTION('ref_axis',(2.22044604925031E-16,0.,-1.));
#4231=DIRECTION('center_axis',(-1.,0.,-2.22044604925031E-16));
#4232=DIRECTION('ref_axis',(2.22044604925031E-16,0.,-1.));
#4233=DIRECTION('center_axis',(-1.,0.,-2.22044604925031E-16));
#4234=DIRECTION('ref_axis',(2.22044604925031E-16,0.,-1.));
#4235=DIRECTION('center_axis',(-1.,0.,-2.22044604925031E-16));
#4236=DIRECTION('ref_axis',(2.22044604925031E-16,0.,-1.));
#4237=DIRECTION('center_axis',(-1.,0.,-2.22044604925031E-16));
#4238=DIRECTION('ref_axis',(2.22044604925031E-16,0.,-1.));
#4239=DIRECTION('center_axis',(-1.,0.,-2.22044604925031E-16));
#4240=DIRECTION('ref_axis',(2.22044604925031E-16,0.,-1.));
#4241=DIRECTION('center_axis',(0.,1.,0.));
#4242=DIRECTION('ref_axis',(2.22044604925031E-16,0.,-1.));
#4243=DIRECTION('center_axis',(0.,0.,1.));
#4244=DIRECTION('ref_axis',(0.,-1.,0.));
#4245=DIRECTION('',(0.,0.,-1.));
#4246=DIRECTION('',(0.,0.,1.));
#4247=DIRECTION('center_axis',(0.,-1.,0.));
#4248=DIRECTION('ref_axis',(-1.,0.,0.));
#4249=DIRECTION('',(0.,0.,-1.));
#4250=DIRECTION('center_axis',(0.,0.,1.));
#4251=DIRECTION('ref_axis',(0.979795897113219,0.200000000000258,0.));
#4252=DIRECTION('',(0.,0.,1.));
#4253=DIRECTION('center_axis',(0.,0.,-1.));
#4254=DIRECTION('ref_axis',(0.,-1.,0.));
#4255=DIRECTION('',(0.,0.,1.));
#4256=DIRECTION('',(0.,0.,-1.));
#4257=DIRECTION('center_axis',(0.,1.,0.));
#4258=DIRECTION('ref_axis',(-0.707106781186546,0.,0.707106781186549));
#4259=DIRECTION('center_axis',(1.,0.,4.22942104619107E-16));
#4260=DIRECTION('ref_axis',(-4.22942104619107E-16,0.,1.));
#4261=DIRECTION('center_axis',(0.,0.,-1.));
#4262=DIRECTION('ref_axis',(-0.999954745659879,0.00951349737413473,0.));
#4263=DIRECTION('',(0.,0.,-1.));
#4264=DIRECTION('center_axis',(0.,0.,-1.));
#4265=DIRECTION('ref_axis',(1.,0.,0.));
#4266=DIRECTION('center_axis',(0.,0.,1.));
#4267=DIRECTION('ref_axis',(1.,0.,0.));
#4268=DIRECTION('',(0.857167300702112,1.04972719113862E-16,0.515038074910054));
#4269=DIRECTION('center_axis',(0.,0.,1.));
#4270=DIRECTION('ref_axis',(1.,0.,0.));
#4271=DIRECTION('',(0.,0.,1.));
#4272=DIRECTION('center_axis',(0.,0.,-1.));
#4273=DIRECTION('ref_axis',(1.,0.,0.));
#4274=DIRECTION('center_axis',(0.,0.,1.));
#4275=DIRECTION('ref_axis',(1.,0.,0.));
#4276=DIRECTION('',(0.857167300702112,1.04972719113862E-16,0.515038074910054));
#4277=DIRECTION('center_axis',(0.,0.,1.));
#4278=DIRECTION('ref_axis',(1.,0.,0.));
#4279=DIRECTION('',(0.,0.,1.));
#4280=DIRECTION('center_axis',(0.,0.,-1.));
#4281=DIRECTION('ref_axis',(1.,0.,0.));
#4282=DIRECTION('center_axis',(0.,0.,1.));
#4283=DIRECTION('ref_axis',(1.,0.,0.));
#4284=DIRECTION('',(0.857167300702112,1.04972719113862E-16,0.515038074910054));
#4285=DIRECTION('center_axis',(0.,0.,1.));
#4286=DIRECTION('ref_axis',(1.,0.,0.));
#4287=DIRECTION('',(0.,0.,1.));
#4288=DIRECTION('center_axis',(0.,0.,-1.));
#4289=DIRECTION('ref_axis',(1.,0.,0.));
#4290=DIRECTION('center_axis',(0.,0.,1.));
#4291=DIRECTION('ref_axis',(1.,0.,0.));
#4292=DIRECTION('',(0.857167300702112,1.04972719113862E-16,0.515038074910054));
#4293=DIRECTION('center_axis',(0.,0.,1.));
#4294=DIRECTION('ref_axis',(1.,0.,0.));
#4295=DIRECTION('',(0.,0.,1.));
#4296=DIRECTION('center_axis',(0.,0.,1.));
#4297=DIRECTION('ref_axis',(1.,0.,0.));
#4298=DIRECTION('center_axis',(0.,0.,1.));
#4299=DIRECTION('ref_axis',(1.,0.,0.));
#4300=DIRECTION('',(0.857167300702112,1.04972719113862E-16,-0.515038074910054));
#4301=DIRECTION('center_axis',(0.,0.,1.));
#4302=DIRECTION('ref_axis',(1.,0.,0.));
#4303=DIRECTION('',(0.,0.,-1.));
#4304=DIRECTION('center_axis',(0.,0.,1.));
#4305=DIRECTION('ref_axis',(1.,0.,0.));
#4306=DIRECTION('center_axis',(0.,0.,1.));
#4307=DIRECTION('ref_axis',(1.,0.,0.));
#4308=DIRECTION('',(0.857167300702112,1.04972719113862E-16,-0.515038074910054));
#4309=DIRECTION('center_axis',(0.,0.,1.));
#4310=DIRECTION('ref_axis',(1.,0.,0.));
#4311=DIRECTION('',(0.,0.,-1.));
#4312=DIRECTION('center_axis',(0.,0.,1.));
#4313=DIRECTION('ref_axis',(1.,0.,0.));
#4314=DIRECTION('center_axis',(0.,0.,1.));
#4315=DIRECTION('ref_axis',(1.,0.,0.));
#4316=DIRECTION('',(0.857167300702112,1.04972719113862E-16,-0.515038074910054));
#4317=DIRECTION('center_axis',(0.,0.,1.));
#4318=DIRECTION('ref_axis',(1.,0.,0.));
#4319=DIRECTION('',(0.,0.,-1.));
#4320=DIRECTION('center_axis',(0.,0.,1.));
#4321=DIRECTION('ref_axis',(1.,0.,0.));
#4322=DIRECTION('center_axis',(0.,0.,1.));
#4323=DIRECTION('ref_axis',(1.,0.,0.));
#4324=DIRECTION('',(0.857167300702112,1.04972719113862E-16,-0.515038074910054));
#4325=DIRECTION('center_axis',(0.,0.,1.));
#4326=DIRECTION('ref_axis',(1.,0.,0.));
#4327=DIRECTION('',(0.,0.,-1.));
#4328=DIRECTION('center_axis',(0.,0.,-1.));
#4329=DIRECTION('ref_axis',(0.462214052801596,0.886768385426952,0.));
#4330=DIRECTION('',(0.,0.,-1.));
#4331=DIRECTION('center_axis',(0.,0.,-1.));
#4332=DIRECTION('ref_axis',(0.460711478850285,0.887549960991258,0.));
#4333=DIRECTION('center_axis',(0.,0.,-1.));
#4334=DIRECTION('ref_axis',(-0.460711478850285,-0.887549960991258,0.));
#4335=DIRECTION('',(0.,0.,-1.));
#4336=DIRECTION('center_axis',(0.,0.,-1.));
#4337=DIRECTION('ref_axis',(-0.462214052801596,-0.886768385426952,0.));
#4338=DIRECTION('center_axis',(0.,0.,-1.));
#4339=DIRECTION('ref_axis',(-0.973613617803609,-0.228202811611442,0.));
#4340=DIRECTION('',(0.,0.,1.));
#4341=DIRECTION('',(0.,0.,-1.));
#4342=DIRECTION('center_axis',(1.,0.,2.22044604925031E-16));
#4343=DIRECTION('ref_axis',(-2.22044604925031E-16,0.,1.));
#4344=DIRECTION('center_axis',(-1.,0.,-2.22044604925031E-16));
#4345=DIRECTION('ref_axis',(2.22044604925031E-16,0.,-1.));
#4346=DIRECTION('',(2.22044604925031E-16,0.,-1.));
#4347=DIRECTION('center_axis',(-1.,-4.67462326157961E-16,0.));
#4348=DIRECTION('ref_axis',(-4.67462326157961E-16,1.,0.));
#4349=DIRECTION('',(0.,0.,-1.));
#4350=DIRECTION('',(4.67462326157961E-16,-1.,0.));
#4351=DIRECTION('',(0.,0.,-1.));
#4352=DIRECTION('',(0.,0.521450009453975,0.853281833651959));
#4353=DIRECTION('center_axis',(0.,-0.853281833651959,0.521450009453975));
#4354=DIRECTION('ref_axis',(0.,-0.521450009453975,-0.853281833651959));
#4355=DIRECTION('center_axis',(-1.,0.,0.));
#4356=DIRECTION('ref_axis',(0.,0.,1.));
#4357=DIRECTION('',(0.,-0.521450009453975,-0.853281833651959));
#4358=DIRECTION('center_axis',(0.,0.853281833651959,-0.521450009453975));
#4359=DIRECTION('ref_axis',(0.,-0.521450009453975,-0.853281833651959));
#4360=DIRECTION('center_axis',(0.,1.,0.));
#4361=DIRECTION('ref_axis',(0.,0.,-1.));
#4362=DIRECTION('',(0.,1.,0.));
#4363=DIRECTION('',(0.,1.,0.));
#4364=DIRECTION('center_axis',(0.,0.,-1.));
#4365=DIRECTION('ref_axis',(-1.,0.,0.));
#4366=DIRECTION('',(0.,1.,0.));
#4367=DIRECTION('center_axis',(0.,1.,0.));
#4368=DIRECTION('ref_axis',(0.,0.,1.));
#4369=DIRECTION('',(0.,1.,0.));
#4370=DIRECTION('center_axis',(0.,0.,1.));
#4371=DIRECTION('ref_axis',(1.,0.,0.));
#4372=DIRECTION('center_axis',(0.,1.,0.));
#4373=DIRECTION('ref_axis',(1.,0.,2.22044604925031E-16));
#4374=DIRECTION('',(0.,1.,0.));
#4375=DIRECTION('',(0.,1.,0.));
#4376=DIRECTION('center_axis',(-1.,0.,-2.22044604925031E-16));
#4377=DIRECTION('ref_axis',(2.22044604925031E-16,0.,-1.));
#4378=DIRECTION('',(0.,1.,0.));
#4379=DIRECTION('center_axis',(0.,1.,0.));
#4380=DIRECTION('ref_axis',(-1.,0.,-2.22044604925031E-16));
#4381=DIRECTION('',(0.,1.,0.));
#4382=DIRECTION('center_axis',(1.,0.,2.22044604925031E-16));
#4383=DIRECTION('ref_axis',(-2.22044604925031E-16,0.,1.));
#4384=DIRECTION('center_axis',(-1.,0.,-2.22044604925031E-16));
#4385=DIRECTION('ref_axis',(-2.22044604925031E-16,0.,1.));
#4386=DIRECTION('center_axis',(1.,0.,2.22044604925031E-16));
#4387=DIRECTION('ref_axis',(-2.22044604925031E-16,0.,1.));
#4388=DIRECTION('center_axis',(-1.,0.,-2.22044604925031E-16));
#4389=DIRECTION('ref_axis',(2.22044604925031E-16,0.,-1.));
#4390=DIRECTION('center_axis',(1.,0.,2.22044604925031E-16));
#4391=DIRECTION('ref_axis',(2.22044604925031E-16,0.,-1.));
#4392=DIRECTION('',(-1.,0.,-2.22044604925031E-16));
#4393=DIRECTION('center_axis',(-1.,0.,-2.22044604925031E-16));
#4394=DIRECTION('ref_axis',(2.22044604925031E-16,0.,-1.));
#4395=DIRECTION('center_axis',(-1.,0.,-2.22044604925031E-16));
#4396=DIRECTION('ref_axis',(2.22044604925031E-16,0.,-1.));
#4397=DIRECTION('',(-1.,0.,-2.22044604925031E-16));
#4398=DIRECTION('center_axis',(-1.,0.,-2.22044604925031E-16));
#4399=DIRECTION('ref_axis',(2.22044604925031E-16,0.,-1.));
#4400=DIRECTION('center_axis',(-1.,0.,-2.22044604925031E-16));
#4401=DIRECTION('ref_axis',(2.22044604925031E-16,0.,-1.));
#4402=DIRECTION('',(-1.,0.,-2.22044604925031E-16));
#4403=DIRECTION('center_axis',(-1.,0.,-2.22044604925031E-16));
#4404=DIRECTION('ref_axis',(2.22044604925031E-16,0.,-1.));
#4405=DIRECTION('center_axis',(-1.,0.,-2.22044604925031E-16));
#4406=DIRECTION('ref_axis',(2.22044604925031E-16,0.,-1.));
#4407=DIRECTION('',(-1.,0.,-2.22044604925031E-16));
#4408=DIRECTION('center_axis',(-1.,0.,-2.22044604925031E-16));
#4409=DIRECTION('ref_axis',(2.22044604925031E-16,0.,-1.));
#4410=DIRECTION('center_axis',(1.,0.,2.22044604925031E-16));
#4411=DIRECTION('ref_axis',(2.22044604925031E-16,0.,-1.));
#4412=DIRECTION('',(-1.,0.,-2.22044604925031E-16));
#4413=DIRECTION('center_axis',(-1.,0.,-2.22044604925031E-16));
#4414=DIRECTION('ref_axis',(2.22044604925031E-16,0.,-1.));
#4415=DIRECTION('center_axis',(1.,0.,2.22044604925031E-16));
#4416=DIRECTION('ref_axis',(2.22044604925031E-16,0.,-1.));
#4417=DIRECTION('',(-1.,0.,-2.22044604925031E-16));
#4418=DIRECTION('center_axis',(1.,0.,2.22044604925031E-16));
#4419=DIRECTION('ref_axis',(-2.22044604925031E-16,0.,1.));
#4420=DIRECTION('',(-2.22044604925031E-16,0.,1.));
#4421=DIRECTION('center_axis',(1.,0.,2.22044604925031E-16));
#4422=DIRECTION('ref_axis',(2.22044604925031E-16,0.,-1.));
#4423=DIRECTION('center_axis',(-1.,0.,-2.22044604925031E-16));
#4424=DIRECTION('ref_axis',(-2.22044604925031E-16,0.,1.));
#4425=DIRECTION('center_axis',(1.,0.,2.22044604925031E-16));
#4426=DIRECTION('ref_axis',(2.22044604925031E-16,0.,-1.));
#4427=DIRECTION('',(-2.22044604925031E-16,-1.77635683940024E-15,1.));
#4428=DIRECTION('center_axis',(0.,0.,-1.));
#4429=DIRECTION('ref_axis',(1.,0.,0.));
#4430=DIRECTION('center_axis',(0.,0.,1.));
#4431=DIRECTION('ref_axis',(1.,0.,0.));
#4432=DIRECTION('center_axis',(0.,0.,-1.));
#4433=DIRECTION('ref_axis',(-1.,0.,0.));
#4434=DIRECTION('',(0.,0.,1.));
#4435=DIRECTION('center_axis',(0.,0.,-1.));
#4436=DIRECTION('ref_axis',(-1.,0.,0.));
#4437=DIRECTION('center_axis',(0.,0.,-1.));
#4438=DIRECTION('ref_axis',(-1.,0.,0.));
#4439=DIRECTION('',(0.,0.,1.));
#4440=DIRECTION('center_axis',(0.,0.,-1.));
#4441=DIRECTION('ref_axis',(-1.,0.,0.));
#4442=DIRECTION('center_axis',(0.,0.,-1.));
#4443=DIRECTION('ref_axis',(-1.,0.,0.));
#4444=DIRECTION('',(0.,0.,1.));
#4445=DIRECTION('center_axis',(0.,0.,-1.));
#4446=DIRECTION('ref_axis',(-1.,0.,0.));
#4447=DIRECTION('center_axis',(0.,0.,-1.));
#4448=DIRECTION('ref_axis',(-1.,0.,0.));
#4449=DIRECTION('',(0.,0.,1.));
#4450=DIRECTION('center_axis',(0.,0.,-1.));
#4451=DIRECTION('ref_axis',(-1.,0.,0.));
#4452=DIRECTION('',(0.,0.,1.));
#4453=DIRECTION('center_axis',(0.,0.,-1.));
#4454=DIRECTION('ref_axis',(-1.,0.,0.));
#4455=DIRECTION('',(0.,0.,1.));
#4456=DIRECTION('center_axis',(1.77635683940024E-15,-1.,0.));
#4457=DIRECTION('ref_axis',(1.,1.77635683940024E-15,0.));
#4458=DIRECTION('',(-1.,-1.77635683940024E-15,0.));
#4459=DIRECTION('',(0.,0.,1.));
#4460=DIRECTION('center_axis',(0.,0.,-1.));
#4461=DIRECTION('ref_axis',(-1.,0.,0.));
#4462=DIRECTION('',(-1.,0.,0.));
#4463=DIRECTION('center_axis',(0.,0.,-1.));
#4464=DIRECTION('ref_axis',(-1.,0.,0.));
#4465=DIRECTION('center_axis',(0.,0.,1.));
#4466=DIRECTION('ref_axis',(1.,0.,0.));
#4467=DIRECTION('center_axis',(0.,0.,-1.));
#4468=DIRECTION('ref_axis',(-1.,0.,0.));
#4469=DIRECTION('center_axis',(0.,-1.,0.));
#4470=DIRECTION('ref_axis',(1.,0.,0.));
#4471=DIRECTION('',(0.,0.,1.));
#4472=DIRECTION('center_axis',(0.,0.,-1.));
#4473=DIRECTION('ref_axis',(-1.,0.,0.));
#4474=DIRECTION('',(0.,0.,1.));
#4475=DIRECTION('center_axis',(0.,0.,1.));
#4476=DIRECTION('ref_axis',(1.,0.,0.));
#4477=DIRECTION('',(0.,0.,1.));
#4478=DIRECTION('center_axis',(0.,0.,-1.));
#4479=DIRECTION('ref_axis',(-1.,0.,0.));
#4480=DIRECTION('center_axis',(3.94430452610504E-31,-1.,-1.77635683940024E-15));
#4481=DIRECTION('ref_axis',(-2.22044604925031E-16,-1.77635683940024E-15,
1.));
#4482=DIRECTION('',(2.22044604925031E-16,1.77635683940024E-15,-1.));
#4483=DIRECTION('',(-1.,0.,-2.22044604925031E-16));
#4484=DIRECTION('center_axis',(-1.,0.,-2.22044604925031E-16));
#4485=DIRECTION('ref_axis',(2.22044604925031E-16,0.,-1.));
#4486=DIRECTION('center_axis',(-1.,0.,-2.22044604925031E-16));
#4487=DIRECTION('ref_axis',(2.22044604925031E-16,0.,-1.));
#4488=DIRECTION('center_axis',(1.,0.,2.22044604925031E-16));
#4489=DIRECTION('ref_axis',(-2.22044604925031E-16,0.,1.));
#4490=DIRECTION('center_axis',(-1.,0.,-2.22044604925031E-16));
#4491=DIRECTION('ref_axis',(2.22044604925031E-16,0.,-1.));
#4492=DIRECTION('',(2.22044604925031E-16,0.,-1.));
#4493=DIRECTION('center_axis',(0.,-1.,0.));
#4494=DIRECTION('ref_axis',(-2.22044604925031E-16,0.,1.));
#4495=DIRECTION('',(-1.,0.,-2.22044604925031E-16));
#4496=DIRECTION('center_axis',(-1.,0.,-2.22044604925031E-16));
#4497=DIRECTION('ref_axis',(2.22044604925031E-16,0.,-1.));
#4498=DIRECTION('',(-1.,0.,-2.22044604925031E-16));
#4499=DIRECTION('center_axis',(1.,0.,2.22044604925031E-16));
#4500=DIRECTION('ref_axis',(-2.22044604925031E-16,0.,1.));
#4501=DIRECTION('',(-1.,0.,-2.22044604925031E-16));
#4502=DIRECTION('center_axis',(-1.,0.,-2.22044604925031E-16));
#4503=DIRECTION('ref_axis',(2.22044604925031E-16,0.,-1.));
#4504=CARTESIAN_POINT('',(0.,0.,0.));
#4505=CARTESIAN_POINT('Origin',(22.,22.5,22.));
#4506=CARTESIAN_POINT('',(19.8,23.,22.));
#4507=CARTESIAN_POINT('Origin',(22.,23.,22.));
#4508=CARTESIAN_POINT('',(20.8,22.,22.));
#4509=CARTESIAN_POINT('',(20.3,22.5,22.));
#4510=CARTESIAN_POINT('Origin',(22.,22.,22.));
#4511=CARTESIAN_POINT('Origin',(22.,17.,22.));
#4512=CARTESIAN_POINT('',(20.8,21.,22.));
#4513=CARTESIAN_POINT('',(20.8,17.,22.));
#4514=CARTESIAN_POINT('Origin',(22.,21.,22.));
#4515=CARTESIAN_POINT('Origin',(-9.,22.5,22.));
#4516=CARTESIAN_POINT('',(-11.2,23.,22.));
#4517=CARTESIAN_POINT('Origin',(-9.,23.,22.));
#4518=CARTESIAN_POINT('',(-10.2,22.,22.));
#4519=CARTESIAN_POINT('',(-10.7,22.5,22.));
#4520=CARTESIAN_POINT('Origin',(-9.,22.,22.));
#4521=CARTESIAN_POINT('Origin',(-9.,17.,22.));
#4522=CARTESIAN_POINT('',(-10.2,21.,22.));
#4523=CARTESIAN_POINT('',(-10.2,17.,22.));
#4524=CARTESIAN_POINT('Origin',(-9.,21.,22.));
#4525=CARTESIAN_POINT('Origin',(16.,23.,24.));
#4526=CARTESIAN_POINT('',(18.,23.,24.));
#4527=CARTESIAN_POINT('',(16.,23.,26.));
#4528=CARTESIAN_POINT('Origin',(16.,23.,24.));
#4529=CARTESIAN_POINT('',(18.,21.,24.));
#4530=CARTESIAN_POINT('',(18.,23.,24.));
#4531=CARTESIAN_POINT('',(16.,21.,26.));
#4532=CARTESIAN_POINT('Origin',(16.,21.,24.));
#4533=CARTESIAN_POINT('',(16.,23.,26.));
#4534=CARTESIAN_POINT('Origin',(18.,23.,20.));
#4535=CARTESIAN_POINT('',(18.,23.,20.));
#4536=CARTESIAN_POINT('',(18.,23.,10.));
#4537=CARTESIAN_POINT('',(18.,21.,20.));
#4538=CARTESIAN_POINT('',(18.,23.,20.));
#4539=CARTESIAN_POINT('',(18.,21.,24.));
#4540=CARTESIAN_POINT('Origin',(16.,23.,20.));
#4541=CARTESIAN_POINT('',(16.,23.,18.));
#4542=CARTESIAN_POINT('Origin',(16.,23.,20.));
#4543=CARTESIAN_POINT('',(16.,21.,18.));
#4544=CARTESIAN_POINT('',(16.,23.,18.));
#4545=CARTESIAN_POINT('Origin',(16.,21.,20.));
#4546=CARTESIAN_POINT('Origin',(10.,23.,18.));
#4547=CARTESIAN_POINT('',(10.,23.,18.));
#4548=CARTESIAN_POINT('',(26.6,23.,18.));
#4549=CARTESIAN_POINT('',(10.,21.,18.));
#4550=CARTESIAN_POINT('',(10.,23.,18.));
#4551=CARTESIAN_POINT('',(20.420329308849,21.,18.));
#4552=CARTESIAN_POINT('Origin',(10.,23.,20.));
#4553=CARTESIAN_POINT('',(8.,23.,20.));
#4554=CARTESIAN_POINT('Origin',(10.,23.,20.));
#4555=CARTESIAN_POINT('',(8.,21.,20.));
#4556=CARTESIAN_POINT('',(8.,23.,20.));
#4557=CARTESIAN_POINT('Origin',(10.,21.,20.));
#4558=CARTESIAN_POINT('Origin',(8.,23.,24.));
#4559=CARTESIAN_POINT('',(8.,23.,24.));
#4560=CARTESIAN_POINT('',(8.00000000000001,23.,12.));
#4561=CARTESIAN_POINT('',(8.,21.,24.));
#4562=CARTESIAN_POINT('',(8.,23.,24.));
#4563=CARTESIAN_POINT('',(8.,21.,26.));
#4564=CARTESIAN_POINT('Origin',(10.,23.,24.));
#4565=CARTESIAN_POINT('',(10.,23.,26.));
#4566=CARTESIAN_POINT('Origin',(10.,23.,24.));
#4567=CARTESIAN_POINT('',(10.,21.,26.));
#4568=CARTESIAN_POINT('',(10.,23.,26.));
#4569=CARTESIAN_POINT('Origin',(10.,21.,24.));
#4570=CARTESIAN_POINT('Origin',(16.,23.,26.));
#4571=CARTESIAN_POINT('',(29.6,23.,26.));
#4572=CARTESIAN_POINT('',(23.420329308849,21.,26.));
#4573=CARTESIAN_POINT('Origin',(3.29999999999999,23.,22.75));
#4574=CARTESIAN_POINT('',(5.29999999999999,23.,22.75));
#4575=CARTESIAN_POINT('',(3.29999999999999,23.,24.75));
#4576=CARTESIAN_POINT('Origin',(3.29999999999999,23.,22.75));
#4577=CARTESIAN_POINT('',(5.29999999999999,21.,22.75));
#4578=CARTESIAN_POINT('',(5.29999999999999,23.,22.75));
#4579=CARTESIAN_POINT('',(3.29999999999999,21.,24.75));
#4580=CARTESIAN_POINT('Origin',(3.29999999999999,21.,22.75));
#4581=CARTESIAN_POINT('',(3.29999999999999,23.,24.75));
#4582=CARTESIAN_POINT('Origin',(5.29999999999999,23.,21.25));
#4583=CARTESIAN_POINT('',(5.29999999999999,23.,21.25));
#4584=CARTESIAN_POINT('',(5.29999999999999,23.,10.625));
#4585=CARTESIAN_POINT('',(5.29999999999999,21.,21.25));
#4586=CARTESIAN_POINT('',(5.29999999999999,23.,21.25));
#4587=CARTESIAN_POINT('',(5.29999999999999,21.,24.625));
#4588=CARTESIAN_POINT('Origin',(3.29999999999999,23.,21.25));
#4589=CARTESIAN_POINT('',(3.29999999999999,23.,19.25));
#4590=CARTESIAN_POINT('Origin',(3.29999999999999,23.,21.25));
#4591=CARTESIAN_POINT('',(3.29999999999999,21.,19.25));
#4592=CARTESIAN_POINT('',(3.29999999999999,23.,19.25));
#4593=CARTESIAN_POINT('Origin',(3.29999999999999,21.,21.25));
#4594=CARTESIAN_POINT('Origin',(-3.3,23.,19.25));
#4595=CARTESIAN_POINT('',(-3.3,23.,19.25));
#4596=CARTESIAN_POINT('',(19.95,23.,19.25));
#4597=CARTESIAN_POINT('',(-3.3,21.,19.25));
#4598=CARTESIAN_POINT('',(-3.3,23.,19.25));
#4599=CARTESIAN_POINT('',(13.770329308849,21.,19.25));
#4600=CARTESIAN_POINT('Origin',(-3.3,23.,21.25));
#4601=CARTESIAN_POINT('',(-5.3,23.,21.25));
#4602=CARTESIAN_POINT('Origin',(-3.3,23.,21.25));
#4603=CARTESIAN_POINT('',(-5.3,21.,21.25));
#4604=CARTESIAN_POINT('',(-5.3,23.,21.25));
#4605=CARTESIAN_POINT('Origin',(-3.3,21.,21.25));
#4606=CARTESIAN_POINT('Origin',(-5.3,23.,22.75));
#4607=CARTESIAN_POINT('',(-5.3,23.,22.75));
#4608=CARTESIAN_POINT('',(-5.3,23.,11.375));
#4609=CARTESIAN_POINT('',(-5.3,21.,22.75));
#4610=CARTESIAN_POINT('',(-5.3,23.,22.75));
#4611=CARTESIAN_POINT('',(-5.3,21.,25.375));
#4612=CARTESIAN_POINT('Origin',(-3.3,23.,22.75));
#4613=CARTESIAN_POINT('',(-3.3,23.,24.75));
#4614=CARTESIAN_POINT('Origin',(-3.3,23.,22.75));
#4615=CARTESIAN_POINT('',(-3.3,21.,24.75));
#4616=CARTESIAN_POINT('',(-3.3,23.,24.75));
#4617=CARTESIAN_POINT('Origin',(-3.3,21.,22.75));
#4618=CARTESIAN_POINT('Origin',(3.29999999999999,23.,24.75));
#4619=CARTESIAN_POINT('',(23.25,23.,24.75));
#4620=CARTESIAN_POINT('',(17.070329308849,21.,24.75));
#4621=CARTESIAN_POINT('Origin',(6.49999999999999,23.,24.));
#4622=CARTESIAN_POINT('',(5.49999999999999,23.,24.));
#4623=CARTESIAN_POINT('Origin',(6.49999999999999,23.,24.));
#4624=CARTESIAN_POINT('',(5.49999999999999,21.,24.));
#4625=CARTESIAN_POINT('',(5.49999999999999,23.,24.));
#4626=CARTESIAN_POINT('Origin',(6.49999999999999,21.,24.));
#4627=CARTESIAN_POINT('Origin',(27.5112658649642,-17.5,28.));
#4628=CARTESIAN_POINT('',(27.5112658649642,-21.5,-28.));
#4629=CARTESIAN_POINT('',(31.5000000000001,-17.8,-28.));
#4630=CARTESIAN_POINT('Origin',(27.5112658649642,-17.5,-28.));
#4631=CARTESIAN_POINT('',(27.5112658649642,-21.5,28.));
#4632=CARTESIAN_POINT('',(27.5112658649642,-21.5,28.));
#4633=CARTESIAN_POINT('',(31.5000000000001,-17.8,28.));
#4634=CARTESIAN_POINT('Origin',(27.5112658649642,-17.5,28.));
#4635=CARTESIAN_POINT('',(31.5000000000001,-17.8,28.));
#4636=CARTESIAN_POINT('Origin',(-27.5112658649642,-17.5,28.));
#4637=CARTESIAN_POINT('',(-27.5112658649642,-21.5,28.));
#4638=CARTESIAN_POINT('',(-31.5000000000001,-17.8,28.));
#4639=CARTESIAN_POINT('Origin',(-27.5112658649642,-17.5,28.));
#4640=CARTESIAN_POINT('',(-27.5112658649642,-21.5,-28.));
#4641=CARTESIAN_POINT('',(-27.5112658649642,-21.5,28.));
#4642=CARTESIAN_POINT('',(-31.5000000000001,-17.8,-28.));
#4643=CARTESIAN_POINT('Origin',(-27.5112658649642,-17.5,-28.));
#4644=CARTESIAN_POINT('',(-31.5000000000001,-17.8,28.));
#4645=CARTESIAN_POINT('Origin',(21.,-21.5,4.44089209850063E-15));
#4646=CARTESIAN_POINT('',(10.5,-21.5,-28.));
#4647=CARTESIAN_POINT('',(31.5000000000001,-21.5,-28.));
#4648=CARTESIAN_POINT('',(10.5,-21.5,28.));
#4649=CARTESIAN_POINT('',(10.5,-21.5,-28.));
#4650=CARTESIAN_POINT('',(10.5,-21.5,28.));
#4651=CARTESIAN_POINT('',(20.8,-21.5,25.));
#4652=CARTESIAN_POINT('Origin',(22.,-21.5,25.));
#4653=CARTESIAN_POINT('',(24.6,-21.5,-4.99999999999999));
#4654=CARTESIAN_POINT('',(24.6,-21.5,5.00000000000001));
#4655=CARTESIAN_POINT('',(24.6,-21.5,-4.99999999999999));
#4656=CARTESIAN_POINT('',(19.6,-21.5,5.));
#4657=CARTESIAN_POINT('Origin',(22.1,-21.5,5.));
#4658=CARTESIAN_POINT('',(19.6,-21.5,-5.));
#4659=CARTESIAN_POINT('',(19.6,-21.5,5.));
#4660=CARTESIAN_POINT('Origin',(22.1,-21.5,-5.));
#4661=CARTESIAN_POINT('Origin',(-21.,-21.5,2.22044604925031E-15));
#4662=CARTESIAN_POINT('',(-10.5,-21.5,28.));
#4663=CARTESIAN_POINT('',(-31.5000000000001,-21.5,28.));
#4664=CARTESIAN_POINT('',(-10.5,-21.5,19.3588989435407));
#4665=CARTESIAN_POINT('',(-10.5,-21.5,28.));
#4666=CARTESIAN_POINT('',(-11.,-21.5,16.2363999443415));
#4667=CARTESIAN_POINT('Origin',(-20.5,-21.5,19.3588989435407));
#4668=CARTESIAN_POINT('',(-11.5,-21.5,13.1139009451423));
#4669=CARTESIAN_POINT('Origin',(-1.50000000000001,-21.5,13.1139009451423));
#4670=CARTESIAN_POINT('',(-11.5,-21.5,-10.6411010564593));
#4671=CARTESIAN_POINT('',(-11.5,-21.5,13.1139009451423));
#4672=CARTESIAN_POINT('',(-11.,-21.5,-13.7636000556585));
#4673=CARTESIAN_POINT('Origin',(-1.50000000000001,-21.5,-10.6411010564593));
#4674=CARTESIAN_POINT('',(-10.5,-21.5,-16.8860990548577));
#4675=CARTESIAN_POINT('Origin',(-20.5,-21.5,-16.8860990548577));
#4676=CARTESIAN_POINT('',(-10.5,-21.5,-28.));
#4677=CARTESIAN_POINT('',(-10.5,-21.5,-16.8860990548577));
#4678=CARTESIAN_POINT('',(-10.5,-21.5,-28.));
#4679=CARTESIAN_POINT('',(-23.2,-21.5,-25.));
#4680=CARTESIAN_POINT('Origin',(-22.,-21.5,-25.));
#4681=CARTESIAN_POINT('Origin',(0.,0.,-28.));
#4682=CARTESIAN_POINT('',(35.8754892659006,-15.3369168116648,-28.));
#4683=CARTESIAN_POINT('Origin',(34.4933548293497,-17.9995666946386,-28.));
#4684=CARTESIAN_POINT('',(41.6150707026142,-12.7184780857715,-28.));
#4685=CARTESIAN_POINT('Origin',(37.7243503735294,-11.789833876057,-28.));
#4686=CARTESIAN_POINT('',(42.,-8.00000000000001,-28.));
#4687=CARTESIAN_POINT('Ctrl Pts',(42.0000000000001,-8.00000000000004,-28.));
#4688=CARTESIAN_POINT('Ctrl Pts',(42.0000000000001,-9.24479790867144,-28.));
#4689=CARTESIAN_POINT('Ctrl Pts',(42.0000000000001,-10.4951125831996,-28.));
#4690=CARTESIAN_POINT('Ctrl Pts',(41.7501622611466,-12.0872687514672,-28.));
#4691=CARTESIAN_POINT('Ctrl Pts',(41.6908704493297,-12.3980776600028,-28.));
#4692=CARTESIAN_POINT('Ctrl Pts',(41.6150707026151,-12.7184780857717,-28.));
#4693=CARTESIAN_POINT('',(42.,8.00000000000001,-28.));
#4694=CARTESIAN_POINT('',(42.,-5.75000000000001,-28.));
#4695=CARTESIAN_POINT('',(41.6150707028085,12.718478084954,-28.));
#4696=CARTESIAN_POINT('Ctrl Pts',(41.6150707028086,12.718478084954,-28.));
#4697=CARTESIAN_POINT('Ctrl Pts',(42.0004872031849,11.0893484874175,-28.));
#4698=CARTESIAN_POINT('Ctrl Pts',(42.0000000000001,9.52768910260725,-28.));
#4699=CARTESIAN_POINT('Ctrl Pts',(42.0000000000001,8.00000000000003,-28.));
#4700=CARTESIAN_POINT('',(35.8754892659006,15.3369168116648,-28.));
#4701=CARTESIAN_POINT('Origin',(37.7243503735294,11.789833876057,-28.));
#4702=CARTESIAN_POINT('',(31.5240980756275,17.5711809683649,-28.));
#4703=CARTESIAN_POINT('Origin',(34.4933548293497,17.9995666946386,-28.));
#4704=CARTESIAN_POINT('',(27.5650890706646,21.,-28.));
#4705=CARTESIAN_POINT('Origin',(27.5650890706646,17.,-28.));
#4706=CARTESIAN_POINT('',(-27.5650890706646,21.,-28.));
#4707=CARTESIAN_POINT('',(15.420329308849,21.,-28.));
#4708=CARTESIAN_POINT('',(-31.5240980756275,17.5711809683649,-28.));
#4709=CARTESIAN_POINT('Origin',(-27.5650890706646,17.,-28.));
#4710=CARTESIAN_POINT('',(-35.8754892659006,15.3369168116648,-28.));
#4711=CARTESIAN_POINT('Origin',(-34.4933548293497,17.9995666946386,-28.));
#4712=CARTESIAN_POINT('',(-41.6150707028256,12.7184780848816,-28.));
#4713=CARTESIAN_POINT('Origin',(-37.7243503735294,11.789833876057,-28.));
#4714=CARTESIAN_POINT('',(-42.,8.00000000000001,-28.));
#4715=CARTESIAN_POINT('Ctrl Pts',(-42.,8.00000000000001,-28.));
#4716=CARTESIAN_POINT('Ctrl Pts',(-42.,9.18014722806889,-28.));
#4717=CARTESIAN_POINT('Ctrl Pts',(-42.,10.3646158322874,-28.));
#4718=CARTESIAN_POINT('Ctrl Pts',(-41.7759034341936,11.9490372473978,-28.));
#4719=CARTESIAN_POINT('Ctrl Pts',(-41.7075989617987,12.3273673639897,-28.));
#4720=CARTESIAN_POINT('Ctrl Pts',(-41.6150707028256,12.7184780848816,-28.));
#4721=CARTESIAN_POINT('',(-42.,-8.00000000000001,-28.));
#4722=CARTESIAN_POINT('',(-42.,-5.75000000000001,-28.));
#4723=CARTESIAN_POINT('',(-41.6150707028282,-12.7184780848709,-28.));
#4724=CARTESIAN_POINT('Ctrl Pts',(-41.6150707028282,-12.7184780848709,-28.));
#4725=CARTESIAN_POINT('Ctrl Pts',(-42.0004872031849,-11.0893484873644,-28.));
#4726=CARTESIAN_POINT('Ctrl Pts',(-42.,-9.52768910258128,-28.));
#4727=CARTESIAN_POINT('Ctrl Pts',(-42.0000000000001,-8.,-28.));
#4728=CARTESIAN_POINT('',(-35.8754892659006,-15.3369168116648,-28.));
#4729=CARTESIAN_POINT('Origin',(-37.7243503735294,-11.789833876057,-28.));
#4730=CARTESIAN_POINT('Origin',(-34.4933548293497,-17.9995666946386,-28.));
#4731=CARTESIAN_POINT('',(-10.5,-23.,-28.));
#4732=CARTESIAN_POINT('',(-10.5,-21.8,-28.));
#4733=CARTESIAN_POINT('',(-29.,-23.,-28.));
#4734=CARTESIAN_POINT('',(-4.79616346638068E-15,-23.,-28.));
#4735=CARTESIAN_POINT('',(-44.,-8.00000000000001,-28.));
#4736=CARTESIAN_POINT('Ctrl Pts',(-44.0000000000001,-8.00000000000001,-28.));
#4737=CARTESIAN_POINT('Ctrl Pts',(-44.,-9.12199737628208,-28.));
#4738=CARTESIAN_POINT('Ctrl Pts',(-43.9949747119172,-10.2319480008602,-28.));
#4739=CARTESIAN_POINT('Ctrl Pts',(-43.8688748801775,-11.3380201599482,-28.));
#4740=CARTESIAN_POINT('Ctrl Pts',(-43.7427750484378,-12.4440923190362,-28.));
#4741=CARTESIAN_POINT('Ctrl Pts',(-43.4956006730413,-13.5462860126341,-28.));
#4742=CARTESIAN_POINT('Ctrl Pts',(-43.0785394863189,-14.6228210700118,-28.));
#4743=CARTESIAN_POINT('Ctrl Pts',(-42.6614782995966,-15.6993561273894,-28.));
#4744=CARTESIAN_POINT('Ctrl Pts',(-42.0745303015486,-16.7502325485469,-28.));
#4745=CARTESIAN_POINT('Ctrl Pts',(-41.3333269803951,-17.7231613000479,-28.));
#4746=CARTESIAN_POINT('Ctrl Pts',(-40.5921236592416,-18.6960900515488,-28.));
#4747=CARTESIAN_POINT('Ctrl Pts',(-39.6966650149828,-19.5910711333933,-28.));
#4748=CARTESIAN_POINT('Ctrl Pts',(-38.7233103827827,-20.3327161295843,-28.));
#4749=CARTESIAN_POINT('Ctrl Pts',(-37.7499557505826,-21.0743611257752,-28.));
#4750=CARTESIAN_POINT('Ctrl Pts',(-36.6987051304414,-21.6626700363127,-28.));
#4751=CARTESIAN_POINT('Ctrl Pts',(-35.6222165835228,-22.0797660977312,-28.));
#4752=CARTESIAN_POINT('Ctrl Pts',(-34.5457280366043,-22.4968621591497,-28.));
#4753=CARTESIAN_POINT('Ctrl Pts',(-33.4440015629085,-22.7427453714493,-28.));
#4754=CARTESIAN_POINT('Ctrl Pts',(-32.338068897828,-22.8685298316619,-28.));
#4755=CARTESIAN_POINT('Ctrl Pts',(-31.2321362327474,-22.9943142918745,-28.));
#4756=CARTESIAN_POINT('Ctrl Pts',(-30.1219973762821,-23.,-28.));
#4757=CARTESIAN_POINT('Ctrl Pts',(-29.,-23.,-28.));
#4758=CARTESIAN_POINT('',(-44.,8.00000000000001,-28.));
#4759=CARTESIAN_POINT('',(-44.,-5.75000000000001,-28.));
#4760=CARTESIAN_POINT('',(-29.,23.,-28.));
#4761=CARTESIAN_POINT('Ctrl Pts',(-29.,23.,-28.));
#4762=CARTESIAN_POINT('Ctrl Pts',(-30.1219973762821,23.,-28.));
#4763=CARTESIAN_POINT('Ctrl Pts',(-31.2321362327474,22.9943142918745,-28.));
#4764=CARTESIAN_POINT('Ctrl Pts',(-32.338068897828,22.8685298316619,-28.));
#4765=CARTESIAN_POINT('Ctrl Pts',(-33.4440015629086,22.7427453714493,-28.));
#4766=CARTESIAN_POINT('Ctrl Pts',(-34.5457280366043,22.4968621591497,-28.));
#4767=CARTESIAN_POINT('Ctrl Pts',(-35.6222165835228,22.0797660977312,-28.));
#4768=CARTESIAN_POINT('Ctrl Pts',(-36.6987051304414,21.6626700363127,-28.));
#4769=CARTESIAN_POINT('Ctrl Pts',(-37.7499557505826,21.0743611257752,-28.));
#4770=CARTESIAN_POINT('Ctrl Pts',(-38.7233103827827,20.3327161295843,-28.));
#4771=CARTESIAN_POINT('Ctrl Pts',(-39.6966650149828,19.5910711333933,-28.));
#4772=CARTESIAN_POINT('Ctrl Pts',(-40.5921236592416,18.6960900515488,-28.));
#4773=CARTESIAN_POINT('Ctrl Pts',(-41.3333269803951,17.7231613000479,-28.));
#4774=CARTESIAN_POINT('Ctrl Pts',(-42.0745303015486,16.7502325485469,-28.));
#4775=CARTESIAN_POINT('Ctrl Pts',(-42.6614782995966,15.6993561273894,-28.));
#4776=CARTESIAN_POINT('Ctrl Pts',(-43.078539486319,14.6228210700118,-28.));
#4777=CARTESIAN_POINT('Ctrl Pts',(-43.4956006730413,13.5462860126341,-28.));
#4778=CARTESIAN_POINT('Ctrl Pts',(-43.7427750484378,12.4440923190362,-28.));
#4779=CARTESIAN_POINT('Ctrl Pts',(-43.8688748801775,11.3380201599482,-28.));
#4780=CARTESIAN_POINT('Ctrl Pts',(-43.9949747119172,10.2319480008602,-28.));
#4781=CARTESIAN_POINT('Ctrl Pts',(-44.,9.12199737628208,-28.));
#4782=CARTESIAN_POINT('Ctrl Pts',(-44.0000000000001,8.00000000000001,-28.));
#4783=CARTESIAN_POINT('',(21.0395313643851,23.,-28.));
#4784=CARTESIAN_POINT('',(21.6,23.,-28.));
#4785=CARTESIAN_POINT('',(22.9604686356149,23.,-28.));
#4786=CARTESIAN_POINT('Ctrl Pts',(21.0395313643851,23.,-28.));
#4787=CARTESIAN_POINT('Ctrl Pts',(22.,22.7071428571429,-28.));
#4788=CARTESIAN_POINT('Ctrl Pts',(22.9604686356149,23.,-28.));
#4789=CARTESIAN_POINT('',(29.,23.,-28.));
#4790=CARTESIAN_POINT('',(21.6,23.,-28.));
#4791=CARTESIAN_POINT('',(44.,8.00000000000001,-28.));
#4792=CARTESIAN_POINT('Ctrl Pts',(44.,8.00000000000001,-28.));
#4793=CARTESIAN_POINT('Ctrl Pts',(44.,9.12199737628208,-28.));
#4794=CARTESIAN_POINT('Ctrl Pts',(43.9949747119172,10.2319480008602,-28.));
#4795=CARTESIAN_POINT('Ctrl Pts',(43.8688748801775,11.3380201599482,-28.));
#4796=CARTESIAN_POINT('Ctrl Pts',(43.7427750484378,12.4440923190362,-28.));
#4797=CARTESIAN_POINT('Ctrl Pts',(43.4956006730412,13.5462860126341,-28.));
#4798=CARTESIAN_POINT('Ctrl Pts',(43.0785394863189,14.6228210700118,-28.));
#4799=CARTESIAN_POINT('Ctrl Pts',(42.6614782995966,15.6993561273894,-28.));
#4800=CARTESIAN_POINT('Ctrl Pts',(42.0745303015486,16.7502325485469,-28.));
#4801=CARTESIAN_POINT('Ctrl Pts',(41.3333269803951,17.7231613000479,-28.));
#4802=CARTESIAN_POINT('Ctrl Pts',(40.5921236592416,18.6960900515488,-28.));
#4803=CARTESIAN_POINT('Ctrl Pts',(39.6966650149828,19.5910711333933,-28.));
#4804=CARTESIAN_POINT('Ctrl Pts',(38.7233103827827,20.3327161295843,-28.));
#4805=CARTESIAN_POINT('Ctrl Pts',(37.7499557505827,21.0743611257752,-28.));
#4806=CARTESIAN_POINT('Ctrl Pts',(36.6987051304414,21.6626700363127,-28.));
#4807=CARTESIAN_POINT('Ctrl Pts',(35.6222165835229,22.0797660977312,-28.));
#4808=CARTESIAN_POINT('Ctrl Pts',(34.5457280366043,22.4968621591497,-28.));
#4809=CARTESIAN_POINT('Ctrl Pts',(33.4440015629086,22.7427453714493,-28.));
#4810=CARTESIAN_POINT('Ctrl Pts',(32.338068897828,22.8685298316619,-28.));
#4811=CARTESIAN_POINT('Ctrl Pts',(31.2321362327474,22.9943142918745,-28.));
#4812=CARTESIAN_POINT('Ctrl Pts',(30.1219973762821,23.,-28.));
#4813=CARTESIAN_POINT('Ctrl Pts',(29.,23.,-28.));
#4814=CARTESIAN_POINT('',(44.,-8.00000000000001,-28.));
#4815=CARTESIAN_POINT('',(44.,-5.75000000000001,-28.));
#4816=CARTESIAN_POINT('',(29.,-23.,-28.));
#4817=CARTESIAN_POINT('Ctrl Pts',(29.,-23.,-28.));
#4818=CARTESIAN_POINT('Ctrl Pts',(30.1219973762821,-23.,-28.));
#4819=CARTESIAN_POINT('Ctrl Pts',(31.2321362327474,-22.9943142918745,-28.));
#4820=CARTESIAN_POINT('Ctrl Pts',(32.338068897828,-22.8685298316619,-28.));
#4821=CARTESIAN_POINT('Ctrl Pts',(33.4440015629086,-22.7427453714493,-28.));
#4822=CARTESIAN_POINT('Ctrl Pts',(34.5457280366043,-22.4968621591497,-28.));
#4823=CARTESIAN_POINT('Ctrl Pts',(35.6222165835229,-22.0797660977312,-28.));
#4824=CARTESIAN_POINT('Ctrl Pts',(36.6987051304414,-21.6626700363127,-28.));
#4825=CARTESIAN_POINT('Ctrl Pts',(37.7499557505827,-21.0743611257752,-28.));
#4826=CARTESIAN_POINT('Ctrl Pts',(38.7233103827827,-20.3327161295843,-28.));
#4827=CARTESIAN_POINT('Ctrl Pts',(39.6966650149828,-19.5910711333933,-28.));
#4828=CARTESIAN_POINT('Ctrl Pts',(40.5921236592417,-18.6960900515488,-28.));
#4829=CARTESIAN_POINT('Ctrl Pts',(41.3333269803951,-17.7231613000479,-28.));
#4830=CARTESIAN_POINT('Ctrl Pts',(42.0745303015486,-16.7502325485469,-28.));
#4831=CARTESIAN_POINT('Ctrl Pts',(42.6614782995967,-15.6993561273894,-28.));
#4832=CARTESIAN_POINT('Ctrl Pts',(43.078539486319,-14.6228210700118,-28.));
#4833=CARTESIAN_POINT('Ctrl Pts',(43.4956006730413,-13.5462860126341,-28.));
#4834=CARTESIAN_POINT('Ctrl Pts',(43.7427750484379,-12.4440923190362,-28.));
#4835=CARTESIAN_POINT('Ctrl Pts',(43.8688748801776,-11.3380201599482,-28.));
#4836=CARTESIAN_POINT('Ctrl Pts',(43.9949747119173,-10.2319480008602,-28.));
#4837=CARTESIAN_POINT('Ctrl Pts',(44.0000000000001,-9.12199737628211,-28.));
#4838=CARTESIAN_POINT('Ctrl Pts',(44.0000000000001,-8.00000000000004,-28.));
#4839=CARTESIAN_POINT('',(10.5,-23.,-28.));
#4840=CARTESIAN_POINT('',(-4.79616346638068E-15,-23.,-28.));
#4841=CARTESIAN_POINT('',(10.5,-11.5,-28.));
#4842=CARTESIAN_POINT('',(33.2638548293497,-17.9995666946386,-28.));
#4843=CARTESIAN_POINT('Origin',(34.4933548293497,-17.9995666946386,-28.));
#4844=CARTESIAN_POINT('',(-35.7228548293497,17.9995666946386,-28.));
#4845=CARTESIAN_POINT('Origin',(-34.4933548293497,17.9995666946386,-28.));
#4846=CARTESIAN_POINT('',(33.2638548293497,17.9995666946386,-28.));
#4847=CARTESIAN_POINT('Origin',(34.4933548293497,17.9995666946386,-28.));
#4848=CARTESIAN_POINT('',(-35.7228548293497,-17.9995666946386,-28.));
#4849=CARTESIAN_POINT('Origin',(-34.4933548293497,-17.9995666946386,-28.));
#4850=CARTESIAN_POINT('Ctrl Pts',(29.,-23.,17.));
#4851=CARTESIAN_POINT('Ctrl Pts',(30.3067197051942,-23.,17.));
#4852=CARTESIAN_POINT('Ctrl Pts',(32.698910652561,-22.9621440654638,17.));
#4853=CARTESIAN_POINT('Ctrl Pts',(35.9756787018562,-22.1078183885608,17.));
#4854=CARTESIAN_POINT('Ctrl Pts',(39.8977117679634,-19.7811340867495,17.));
#4855=CARTESIAN_POINT('Ctrl Pts',(42.8260452697275,-16.0606232378277,17.));
#4856=CARTESIAN_POINT('Ctrl Pts',(43.9614787622633,-11.7012372922326,17.));
#4857=CARTESIAN_POINT('Ctrl Pts',(44.,-9.30671970519417,17.));
#4858=CARTESIAN_POINT('Ctrl Pts',(44.,-8.00000000000001,17.));
#4859=CARTESIAN_POINT('Ctrl Pts',(29.,-23.,16.4016013993162));
#4860=CARTESIAN_POINT('Ctrl Pts',(30.3067197051942,-23.,16.4016013993162));
#4861=CARTESIAN_POINT('Ctrl Pts',(32.6996407380149,-22.961661874652,16.4016013993162));
#4862=CARTESIAN_POINT('Ctrl Pts',(35.9752703823219,-22.1074081426542,16.4016013993162));
#4863=CARTESIAN_POINT('Ctrl Pts',(39.896966411429,-19.7810453848419,16.4016013993162));
#4864=CARTESIAN_POINT('Ctrl Pts',(42.8257406718695,-16.059741919535,16.4016013993162));
#4865=CARTESIAN_POINT('Ctrl Pts',(43.9610039654681,-11.7018162807744,16.4016013993162));
#4866=CARTESIAN_POINT('Ctrl Pts',(44.,-9.30671970519418,16.4016013993162));
#4867=CARTESIAN_POINT('Ctrl Pts',(44.,-8.00000000000001,16.4016013993162));
#4868=CARTESIAN_POINT('Ctrl Pts',(29.,-23.5019577019865,15.3654665806216));
#4869=CARTESIAN_POINT('Ctrl Pts',(30.3067197051942,-23.5019577019865,15.3654665806216));
#4870=CARTESIAN_POINT('Ctrl Pts',(32.7559003922468,-23.4665314349291,15.3654665806216));
#4871=CARTESIAN_POINT('Ctrl Pts',(36.1742559078995,-22.5769480827375,15.3654665806216));
#4872=CARTESIAN_POINT('Ctrl Pts',(40.2471936282015,-20.157610762267,15.3654665806216));
#4873=CARTESIAN_POINT('Ctrl Pts',(43.2809822182719,-16.307074036195,15.3654665806216));
#4874=CARTESIAN_POINT('Ctrl Pts',(44.4668421313321,-11.7581846198657,15.3654665806216));
#4875=CARTESIAN_POINT('Ctrl Pts',(44.5019577019865,-9.30671970519417,15.3654665806216));
#4876=CARTESIAN_POINT('Ctrl Pts',(44.5019577019864,-8.00000000000001,15.3654665806216));
#4877=CARTESIAN_POINT('Ctrl Pts',(29.,-24.5512010494872,15.));
#4878=CARTESIAN_POINT('Ctrl Pts',(30.3067197051942,-24.5512010494872,15.));
#4879=CARTESIAN_POINT('Ctrl Pts',(32.8755486106518,-24.520508476586,15.));
#4880=CARTESIAN_POINT('Ctrl Pts',(36.5890501170936,-23.5572774062775,15.));
#4881=CARTESIAN_POINT('Ctrl Pts',(40.9771830092561,-20.9444973562167,15.));
#4882=CARTESIAN_POINT('Ctrl Pts',(44.2317200122099,-16.8216000585792,15.));
#4883=CARTESIAN_POINT('Ctrl Pts',(45.5228645982212,-11.8776360625488,15.));
#4884=CARTESIAN_POINT('Ctrl Pts',(45.5512010494871,-9.30671970519416,15.));
#4885=CARTESIAN_POINT('Ctrl Pts',(45.5512010494871,-8.,15.));
#4886=CARTESIAN_POINT('Ctrl Pts',(29.,-25.,15.));
#4887=CARTESIAN_POINT('Ctrl Pts',(30.3067197051942,-25.,15.));
#4888=CARTESIAN_POINT('Ctrl Pts',(32.9268157340823,-24.9712732212541,15.));
#4889=CARTESIAN_POINT('Ctrl Pts',(36.7664225119061,-23.9765491842844,15.));
#4890=CARTESIAN_POINT('Ctrl Pts',(41.2893344427249,-21.2810660798421,15.));
#4891=CARTESIAN_POINT('Ctrl Pts',(44.6383473551278,-17.0415734689754,15.));
#4892=CARTESIAN_POINT('Ctrl Pts',(45.9745051488584,-11.9288005374256,15.));
#4893=CARTESIAN_POINT('Ctrl Pts',(46.,-9.30671970519416,15.));
#4894=CARTESIAN_POINT('Ctrl Pts',(45.9999999999999,-8.,15.));
#4895=CARTESIAN_POINT('',(44.,-8.00000000000001,17.));
#4896=CARTESIAN_POINT('',(44.,-13.5,15.6458765795755));
#4897=CARTESIAN_POINT('Ctrl Pts',(44.,-13.499999999997,15.6458765795763));
#4898=CARTESIAN_POINT('Ctrl Pts',(44.,-11.8839151343427,16.1010003098959));
#4899=CARTESIAN_POINT('Ctrl Pts',(44.,-10.1551956024958,16.7029091281278));
#4900=CARTESIAN_POINT('Ctrl Pts',(44.,-8.61438512867284,16.9408761072911));
#4901=CARTESIAN_POINT('Ctrl Pts',(44.,-8.52432412877546,16.9535258259229));
#4902=CARTESIAN_POINT('Ctrl Pts',(44.,-8.33332406809568,16.9768664130839));
#4903=CARTESIAN_POINT('Ctrl Pts',(44.,-8.22640370652766,16.9877906714654));
#4904=CARTESIAN_POINT('Ctrl Pts',(44.,-8.08412140614391,16.9972092254578));
#4905=CARTESIAN_POINT('Ctrl Pts',(44.,-8.04206121632335,16.9993023330267));
#4906=CARTESIAN_POINT('Ctrl Pts',(44.,-8.00000000059035,17.));
#4907=CARTESIAN_POINT('',(29.,-23.,17.));
#4908=CARTESIAN_POINT('Ctrl Pts',(44.,-8.00000000000001,17.));
#4909=CARTESIAN_POINT('Ctrl Pts',(44.,-9.30671970519417,17.));
#4910=CARTESIAN_POINT('Ctrl Pts',(43.9614787622633,-11.7012372922326,17.));
#4911=CARTESIAN_POINT('Ctrl Pts',(42.8260452697275,-16.0606232378277,17.));
#4912=CARTESIAN_POINT('Ctrl Pts',(39.8977117679634,-19.7811340867495,17.));
#4913=CARTESIAN_POINT('Ctrl Pts',(35.9756787018562,-22.1078183885608,17.));
#4914=CARTESIAN_POINT('Ctrl Pts',(32.698910652561,-22.9621440654638,17.));
#4915=CARTESIAN_POINT('Ctrl Pts',(30.3067197051942,-23.,17.));
#4916=CARTESIAN_POINT('Ctrl Pts',(29.,-23.,17.));
#4917=CARTESIAN_POINT('',(29.,-25.,15.));
#4918=CARTESIAN_POINT('Origin',(29.,-25.,17.));
#4919=CARTESIAN_POINT('',(43.7345857246042,-17.7609257730872,15.));
#4920=CARTESIAN_POINT('Ctrl Pts',(29.,-25.,15.));
#4921=CARTESIAN_POINT('Ctrl Pts',(30.3067197051942,-25.,15.));
#4922=CARTESIAN_POINT('Ctrl Pts',(32.9268157340823,-24.9712732212541,15.));
#4923=CARTESIAN_POINT('Ctrl Pts',(36.7664225119061,-23.9765491842844,15.));
#4924=CARTESIAN_POINT('Ctrl Pts',(40.6155562337773,-21.6826122090038,15.));
#4925=CARTESIAN_POINT('Ctrl Pts',(42.7685542057454,-19.3188747452148,15.));
#4926=CARTESIAN_POINT('Ctrl Pts',(43.7363700508894,-17.7620310905984,15.));
#4927=CARTESIAN_POINT('Ctrl Pts',(43.7345857246042,-17.7609257730872,15.));
#4928=CARTESIAN_POINT('Ctrl Pts',(43.8627103166301,-17.0413540101923,15.));
#4929=CARTESIAN_POINT('Ctrl Pts',(43.9310527065287,-16.3301891465987,15.0547933504506));
#4930=CARTESIAN_POINT('Ctrl Pts',(44.0050020045611,-14.7840140787529,15.2984435446337));
#4931=CARTESIAN_POINT('Ctrl Pts',(44.,-14.0576754831867,15.4888233507446));
#4932=CARTESIAN_POINT('Ctrl Pts',(44.,-13.5,15.6458765795755));
#4933=CARTESIAN_POINT('Origin',(5.25,-25.,17.));
#4934=CARTESIAN_POINT('',(10.5,-23.,17.));
#4935=CARTESIAN_POINT('',(10.5,-25.,15.));
#4936=CARTESIAN_POINT('Origin',(10.5,-25.,17.));
#4937=CARTESIAN_POINT('',(5.25,-25.,15.));
#4938=CARTESIAN_POINT('',(5.25,-23.,17.));
#4939=CARTESIAN_POINT('Origin',(-9.59232693276135E-15,-23.,43.2));
#4940=CARTESIAN_POINT('',(29.,-23.,28.));
#4941=CARTESIAN_POINT('',(29.,-23.,14.85));
#4942=CARTESIAN_POINT('',(10.5,-23.,28.));
#4943=CARTESIAN_POINT('',(-4.79616346638068E-15,-23.,28.));
#4944=CARTESIAN_POINT('',(10.5,-23.,5.85));
#4945=CARTESIAN_POINT('',(19.8,-23.,25.));
#4946=CARTESIAN_POINT('Origin',(22.,-23.,25.));
#4947=CARTESIAN_POINT('Ctrl Pts',(29.,-23.,28.));
#4948=CARTESIAN_POINT('Ctrl Pts',(29.,-23.,24.3333333333333));
#4949=CARTESIAN_POINT('Ctrl Pts',(29.,-23.,20.6666666666667));
#4950=CARTESIAN_POINT('Ctrl Pts',(29.,-23.,17.));
#4951=CARTESIAN_POINT('Ctrl Pts',(30.1219973762821,-23.,28.));
#4952=CARTESIAN_POINT('Ctrl Pts',(30.1219973762821,-23.,24.3333333333333));
#4953=CARTESIAN_POINT('Ctrl Pts',(30.1219973762821,-23.,20.6666666666667));
#4954=CARTESIAN_POINT('Ctrl Pts',(30.1219973762821,-23.,17.));
#4955=CARTESIAN_POINT('Ctrl Pts',(32.3422750892128,-22.9886285837489,28.));
#4956=CARTESIAN_POINT('Ctrl Pts',(32.3422750892128,-22.9886285837489,24.3333333333334));
#4957=CARTESIAN_POINT('Ctrl Pts',(32.3422750892128,-22.9886285837489,20.6666666666667));
#4958=CARTESIAN_POINT('Ctrl Pts',(32.3422750892128,-22.9886285837489,17.));
#4959=CARTESIAN_POINT('Ctrl Pts',(35.6474545103001,-22.2509789468501,28.));
#4960=CARTESIAN_POINT('Ctrl Pts',(35.6474545103001,-22.2509789468501,24.3333333333333));
#4961=CARTESIAN_POINT('Ctrl Pts',(35.6474545103001,-22.2509789468501,20.6666666666667));
#4962=CARTESIAN_POINT('Ctrl Pts',(35.6474545103001,-22.2509789468501,17.));
#4963=CARTESIAN_POINT('Ctrl Pts',(38.8012063707239,-20.4860522152378,28.));
#4964=CARTESIAN_POINT('Ctrl Pts',(38.8012063707239,-20.4860522152378,24.3333333333333));
#4965=CARTESIAN_POINT('Ctrl Pts',(38.8012063707239,-20.4860522152378,20.6666666666667));
#4966=CARTESIAN_POINT('Ctrl Pts',(38.8012063707239,-20.4860522152378,17.));
#4967=CARTESIAN_POINT('Ctrl Pts',(41.4875823035005,-17.8011089697044,28.));
#4968=CARTESIAN_POINT('Ctrl Pts',(41.4875823035005,-17.8011089697044,24.3333333333333));
#4969=CARTESIAN_POINT('Ctrl Pts',(41.4875823035005,-17.8011089697044,20.6666666666667));
#4970=CARTESIAN_POINT('Ctrl Pts',(41.4875823035005,-17.8011089697044,17.));
#4971=CARTESIAN_POINT('Ctrl Pts',(43.2484262976447,-14.648479706232,28.));
#4972=CARTESIAN_POINT('Ctrl Pts',(43.2484262976447,-14.648479706232,24.3333333333334));
#4973=CARTESIAN_POINT('Ctrl Pts',(43.2484262976447,-14.648479706232,20.6666666666667));
#4974=CARTESIAN_POINT('Ctrl Pts',(43.2484262976447,-14.648479706232,17.));
#4975=CARTESIAN_POINT('Ctrl Pts',(43.9899494238344,-11.3418986254383,28.));
#4976=CARTESIAN_POINT('Ctrl Pts',(43.9899494238344,-11.3418986254383,24.3333333333333));
#4977=CARTESIAN_POINT('Ctrl Pts',(43.9899494238344,-11.3418986254383,20.6666666666667));
#4978=CARTESIAN_POINT('Ctrl Pts',(43.9899494238344,-11.3418986254383,17.));
#4979=CARTESIAN_POINT('Ctrl Pts',(44.,-9.12199737628208,28.));
#4980=CARTESIAN_POINT('Ctrl Pts',(44.,-9.12199737628208,24.3333333333333));
#4981=CARTESIAN_POINT('Ctrl Pts',(44.,-9.12199737628208,20.6666666666667));
#4982=CARTESIAN_POINT('Ctrl Pts',(44.,-9.12199737628208,17.));
#4983=CARTESIAN_POINT('Ctrl Pts',(44.,-8.00000000000001,28.));
#4984=CARTESIAN_POINT('Ctrl Pts',(44.,-8.00000000000001,24.3333333333333));
#4985=CARTESIAN_POINT('Ctrl Pts',(44.,-8.00000000000001,20.6666666666667));
#4986=CARTESIAN_POINT('Ctrl Pts',(44.,-8.00000000000001,17.));
#4987=CARTESIAN_POINT('',(44.,-8.00000000000001,28.));
#4988=CARTESIAN_POINT('',(44.,-8.00000000000001,14.85));
#4989=CARTESIAN_POINT('Ctrl Pts',(44.,-8.00000000000001,28.));
#4990=CARTESIAN_POINT('Ctrl Pts',(44.,-9.12199737628208,28.));
#4991=CARTESIAN_POINT('Ctrl Pts',(43.9949747119172,-10.2319480008602,28.));
#4992=CARTESIAN_POINT('Ctrl Pts',(43.8688748801775,-11.3380201599482,28.));
#4993=CARTESIAN_POINT('Ctrl Pts',(43.7427750484378,-12.4440923190362,28.));
#4994=CARTESIAN_POINT('Ctrl Pts',(43.4956006730412,-13.5462860126341,28.));
#4995=CARTESIAN_POINT('Ctrl Pts',(43.0785394863189,-14.6228210700118,28.));
#4996=CARTESIAN_POINT('Ctrl Pts',(42.6614782995966,-15.6993561273894,28.));
#4997=CARTESIAN_POINT('Ctrl Pts',(42.0745303015485,-16.7502325485469,28.));
#4998=CARTESIAN_POINT('Ctrl Pts',(41.3333269803951,-17.7231613000479,28.));
#4999=CARTESIAN_POINT('Ctrl Pts',(40.5921236592416,-18.6960900515488,28.));
#5000=CARTESIAN_POINT('Ctrl Pts',(39.6966650149828,-19.5910711333933,28.));
#5001=CARTESIAN_POINT('Ctrl Pts',(38.7233103827827,-20.3327161295843,28.));
#5002=CARTESIAN_POINT('Ctrl Pts',(37.7499557505826,-21.0743611257752,28.));
#5003=CARTESIAN_POINT('Ctrl Pts',(36.6987051304413,-21.6626700363127,28.));
#5004=CARTESIAN_POINT('Ctrl Pts',(35.6222165835228,-22.0797660977312,28.));
#5005=CARTESIAN_POINT('Ctrl Pts',(34.5457280366043,-22.4968621591497,28.));
#5006=CARTESIAN_POINT('Ctrl Pts',(33.4440015629085,-22.7427453714493,28.));
#5007=CARTESIAN_POINT('Ctrl Pts',(32.338068897828,-22.8685298316619,28.));
#5008=CARTESIAN_POINT('Ctrl Pts',(31.2321362327474,-22.9943142918745,28.));
#5009=CARTESIAN_POINT('Ctrl Pts',(30.1219973762821,-23.,28.));
#5010=CARTESIAN_POINT('Ctrl Pts',(29.,-23.,28.));
#5011=CARTESIAN_POINT('Ctrl Pts',(44.,-7.99999999999999,-17.));
#5012=CARTESIAN_POINT('Ctrl Pts',(44.,-9.30671970519413,-17.));
#5013=CARTESIAN_POINT('Ctrl Pts',(43.9628184427707,-11.6987077793524,-17.));
#5014=CARTESIAN_POINT('Ctrl Pts',(43.1076315843547,-14.9745829296545,-17.));
#5015=CARTESIAN_POINT('Ctrl Pts',(40.7815326379603,-18.897187397839,-17.));
#5016=CARTESIAN_POINT('Ctrl Pts',(37.0627419512018,-21.8254696626131,-17.));
#5017=CARTESIAN_POINT('Ctrl Pts',(32.7009751488316,-22.9615912925889,-17.));
#5018=CARTESIAN_POINT('Ctrl Pts',(30.3067197051942,-23.,-17.));
#5019=CARTESIAN_POINT('Ctrl Pts',(29.,-23.,-17.));
#5020=CARTESIAN_POINT('Ctrl Pts',(44.,-7.99999999999999,-16.4016013993162));
#5021=CARTESIAN_POINT('Ctrl Pts',(44.,-9.30671970519413,-16.4016013993162));
#5022=CARTESIAN_POINT('Ctrl Pts',(43.9622340713214,-11.6995854780427,-16.4016013993162));
#5023=CARTESIAN_POINT('Ctrl Pts',(43.1072128375595,-14.9743382841917,-16.4016013993162));
#5024=CARTESIAN_POINT('Ctrl Pts',(40.7814715966662,-18.8963723287951,-16.4016013993162));
#5025=CARTESIAN_POINT('Ctrl Pts',(37.0618528907002,-21.8252044569011,-16.4016013993162));
#5026=CARTESIAN_POINT('Ctrl Pts',(32.7015589898982,-22.9611038146407,-16.4016013993162));
#5027=CARTESIAN_POINT('Ctrl Pts',(30.3067197051942,-23.,-16.4016013993162));
#5028=CARTESIAN_POINT('Ctrl Pts',(29.,-23.,-16.4016013993162));
#5029=CARTESIAN_POINT('Ctrl Pts',(44.5019577019864,-7.99999999999999,-15.3654665806215));
#5030=CARTESIAN_POINT('Ctrl Pts',(44.5019577019864,-9.30671970519412,-15.3654665806215));
#5031=CARTESIAN_POINT('Ctrl Pts',(44.4675851816444,-11.7558254724878,-15.3654665806215));
#5032=CARTESIAN_POINT('Ctrl Pts',(43.5763975990888,-15.1729700986971,-15.3654665806215));
#5033=CARTESIAN_POINT('Ctrl Pts',(41.1580895776984,-19.2466361919045,-15.3654665806215));
#5034=CARTESIAN_POINT('Ctrl Pts',(37.3092046676198,-22.2803642161197,-15.3654665806215));
#5035=CARTESIAN_POINT('Ctrl Pts',(32.7579163612065,-23.4669571879356,-15.3654665806215));
#5036=CARTESIAN_POINT('Ctrl Pts',(30.3067197051942,-23.5019577019865,-15.3654665806215));
#5037=CARTESIAN_POINT('Ctrl Pts',(29.,-23.5019577019865,-15.3654665806215));
#5038=CARTESIAN_POINT('Ctrl Pts',(45.5512010494871,-7.99999999999998,-15.));
#5039=CARTESIAN_POINT('Ctrl Pts',(45.5512010494871,-9.30671970519412,-15.));
#5040=CARTESIAN_POINT('Ctrl Pts',(45.5222821017816,-11.8758467811513,-15.));
#5041=CARTESIAN_POINT('Ctrl Pts',(44.555960639594,-15.5874841947639,-15.));
#5042=CARTESIAN_POINT('Ctrl Pts',(41.9451637414759,-19.9765065698852,-15.));
#5043=CARTESIAN_POINT('Ctrl Pts',(37.8237500621746,-23.2310415797873,-15.));
#5044=CARTESIAN_POINT('Ctrl Pts',(32.8773584935136,-24.5229758611483,-15.));
#5045=CARTESIAN_POINT('Ctrl Pts',(30.3067197051942,-24.5512010494872,-15.));
#5046=CARTESIAN_POINT('Ctrl Pts',(29.,-24.5512010494872,-15.));
#5047=CARTESIAN_POINT('Ctrl Pts',(46.,-7.99999999999998,-15.));
#5048=CARTESIAN_POINT('Ctrl Pts',(46.,-9.30671970519412,-15.));
#5049=CARTESIAN_POINT('Ctrl Pts',(45.9733422666281,-11.9272915430908,-15.));
#5050=CARTESIAN_POINT('Ctrl Pts',(44.9749036111719,-15.7647567939944,-15.));
#5051=CARTESIAN_POINT('Ctrl Pts',(42.2818160785785,-20.2885985750019,-15.));
#5052=CARTESIAN_POINT('Ctrl Pts',(38.0437308117989,-23.6376478925336,-15.));
#5053=CARTESIAN_POINT('Ctrl Pts',(32.9285195795173,-24.9746132380735,-15.));
#5054=CARTESIAN_POINT('Ctrl Pts',(30.3067197051942,-25.,-15.));
#5055=CARTESIAN_POINT('Ctrl Pts',(29.,-25.,-15.));
#5056=CARTESIAN_POINT('',(43.7345857246043,-17.7609257730871,-15.));
#5057=CARTESIAN_POINT('',(44.,-13.5,-15.6458765795754));
#5058=CARTESIAN_POINT('Ctrl Pts',(44.,-13.5,-15.6458765795754));
#5059=CARTESIAN_POINT('Ctrl Pts',(44.,-14.0576664886673,-15.4888258837918));
#5060=CARTESIAN_POINT('Ctrl Pts',(44.0050015118216,-14.7839862312881,-15.2984509838065));
#5061=CARTESIAN_POINT('Ctrl Pts',(43.9310559260337,-16.3301555217193,-15.0547959548807));
#5062=CARTESIAN_POINT('Ctrl Pts',(43.8627134039249,-17.0413366713652,-15.));
#5063=CARTESIAN_POINT('Ctrl Pts',(43.7345857246043,-17.7609257730871,-15.));
#5064=CARTESIAN_POINT('',(29.,-25.,-15.));
#5065=CARTESIAN_POINT('Ctrl Pts',(43.7333329895613,-17.7601446143315,-15.));
#5066=CARTESIAN_POINT('Ctrl Pts',(43.4538797773385,-18.2082999194347,-15.));
#5067=CARTESIAN_POINT('Ctrl Pts',(41.6507101846119,-20.7873154790828,-15.));
#5068=CARTESIAN_POINT('Ctrl Pts',(38.0437308117989,-23.6376478925336,-15.));
#5069=CARTESIAN_POINT('Ctrl Pts',(32.9285195795173,-24.9746132380735,-15.));
#5070=CARTESIAN_POINT('Ctrl Pts',(30.3067197051942,-25.,-15.));
#5071=CARTESIAN_POINT('Ctrl Pts',(29.,-25.,-15.));
#5072=CARTESIAN_POINT('',(29.,-23.,-17.));
#5073=CARTESIAN_POINT('Origin',(29.,-25.,-17.));
#5074=CARTESIAN_POINT('',(44.,-8.,-17.));
#5075=CARTESIAN_POINT('Ctrl Pts',(29.,-23.,-17.));
#5076=CARTESIAN_POINT('Ctrl Pts',(30.3067197051942,-23.,-17.));
#5077=CARTESIAN_POINT('Ctrl Pts',(32.7009751488316,-22.9615912925889,-17.));
#5078=CARTESIAN_POINT('Ctrl Pts',(37.0627419512018,-21.8254696626131,-17.));
#5079=CARTESIAN_POINT('Ctrl Pts',(40.7815326379603,-18.897187397839,-17.));
#5080=CARTESIAN_POINT('Ctrl Pts',(43.1076315843547,-14.9745829296545,-17.));
#5081=CARTESIAN_POINT('Ctrl Pts',(43.9628184427707,-11.6987077793524,-17.));
#5082=CARTESIAN_POINT('Ctrl Pts',(44.,-9.30671970519413,-17.));
#5083=CARTESIAN_POINT('Ctrl Pts',(44.,-7.99999999999999,-17.));
#5084=CARTESIAN_POINT('Ctrl Pts',(44.,-8.00000000058856,-17.));
#5085=CARTESIAN_POINT('Ctrl Pts',(44.,-8.04206121632133,-16.9993023330299));
#5086=CARTESIAN_POINT('Ctrl Pts',(44.,-8.08412140614149,-16.9972092254597));
#5087=CARTESIAN_POINT('Ctrl Pts',(44.,-8.2264037065385,-16.9877906714645));
#5088=CARTESIAN_POINT('Ctrl Pts',(44.,-8.3333240680975,-16.9768664130835));
#5089=CARTESIAN_POINT('Ctrl Pts',(44.,-8.52432412876383,-16.9535258259246));
#5090=CARTESIAN_POINT('Ctrl Pts',(44.,-8.61438512867315,-16.9408761072909));
#5091=CARTESIAN_POINT('Ctrl Pts',(44.,-10.1551956024874,-16.7029091281301));
#5092=CARTESIAN_POINT('Ctrl Pts',(44.,-11.883915134341,-16.1010003098964));
#5093=CARTESIAN_POINT('Ctrl Pts',(44.,-13.499999999997,-15.6458765795763));
#5094=CARTESIAN_POINT('Origin',(21.6,-25.,-17.));
#5095=CARTESIAN_POINT('',(10.5,-25.,-15.));
#5096=CARTESIAN_POINT('',(10.5,-23.,-17.));
#5097=CARTESIAN_POINT('Origin',(10.5,-25.,-17.));
#5098=CARTESIAN_POINT('',(21.6,-23.,-17.));
#5099=CARTESIAN_POINT('',(21.6,-25.,-15.));
#5100=CARTESIAN_POINT('Origin',(43.2,-8.00000000000001,-15.));
#5101=CARTESIAN_POINT('',(29.,-28.5,-15.));
#5102=CARTESIAN_POINT('Ctrl Pts',(29.,-28.5,-15.));
#5103=CARTESIAN_POINT('Ctrl Pts',(30.8225392751555,-28.5,-15.));
#5104=CARTESIAN_POINT('Ctrl Pts',(32.7700738300832,-28.5,-15.));
#5105=CARTESIAN_POINT('Ctrl Pts',(36.4503226645075,-27.3475155674201,-15.));
#5106=CARTESIAN_POINT('Ctrl Pts',(37.8899933249982,-26.5496888644237,-15.));
#5107=CARTESIAN_POINT('Ctrl Pts',(40.432766390802,-24.4194710343828,-15.));
#5108=CARTESIAN_POINT('Ctrl Pts',(41.6436283074085,-23.0447843576018,-15.));
#5109=CARTESIAN_POINT('Ctrl Pts',(43.1910686061906,-20.0651652057541,-15.));
#5110=CARTESIAN_POINT('Ctrl Pts',(43.5414379141766,-18.8456801379691,-15.));
#5111=CARTESIAN_POINT('Ctrl Pts',(43.7345857246043,-17.7609257730871,-15.));
#5112=CARTESIAN_POINT('',(18.,-28.5,-15.));
#5113=CARTESIAN_POINT('',(43.2,-28.5,-15.));
#5114=CARTESIAN_POINT('',(18.,-29.25,-15.));
#5115=CARTESIAN_POINT('',(18.,-32.5,-15.));
#5116=CARTESIAN_POINT('',(14.6,-29.25,-15.));
#5117=CARTESIAN_POINT('',(14.25,-29.25,-15.));
#5118=CARTESIAN_POINT('',(14.6,-32.5,-15.));
#5119=CARTESIAN_POINT('',(14.6,-27.75,-15.));
#5120=CARTESIAN_POINT('',(10.5,-32.5,-15.));
#5121=CARTESIAN_POINT('',(10.5,-32.5,-15.));
#5122=CARTESIAN_POINT('',(10.5,-32.5,-15.));
#5123=CARTESIAN_POINT('Ctrl Pts',(44.,-8.00000000000002,10.));
#5124=CARTESIAN_POINT('Ctrl Pts',(44.,-9.30671970519416,10.));
#5125=CARTESIAN_POINT('Ctrl Pts',(43.9614970413272,-11.7012244210153,10.));
#5126=CARTESIAN_POINT('Ctrl Pts',(42.8260623398238,-16.060603851415,10.));
#5127=CARTESIAN_POINT('Ctrl Pts',(39.8977158032124,-19.7811227260366,10.));
#5128=CARTESIAN_POINT('Ctrl Pts',(35.9756615920122,-22.1078339709754,10.));
#5129=CARTESIAN_POINT('Ctrl Pts',(32.6988921668131,-22.9621654466622,10.));
#5130=CARTESIAN_POINT('Ctrl Pts',(30.3067197051942,-23.,10.));
#5131=CARTESIAN_POINT('Ctrl Pts',(29.,-23.,10.));
#5132=CARTESIAN_POINT('Ctrl Pts',(44.,-8.00000000000002,10.5983986006838));
#5133=CARTESIAN_POINT('Ctrl Pts',(44.,-9.30671970519416,10.5983986006838));
#5134=CARTESIAN_POINT('Ctrl Pts',(43.9610318620201,-11.701802555235,10.5983986006838));
#5135=CARTESIAN_POINT('Ctrl Pts',(42.8257688748184,-16.0597306269663,10.5983986006838));
#5136=CARTESIAN_POINT('Ctrl Pts',(39.8969855671818,-19.7810452765048,10.5983986006838));
#5137=CARTESIAN_POINT('Ctrl Pts',(35.9752601732716,-22.1074327874996,10.5983986006838));
#5138=CARTESIAN_POINT('Ctrl Pts',(32.699621010361,-22.9616932058935,10.5983986006838));
#5139=CARTESIAN_POINT('Ctrl Pts',(30.3067197051942,-23.,10.5983986006838));
#5140=CARTESIAN_POINT('Ctrl Pts',(29.,-23.,10.5983986006838));
#5141=CARTESIAN_POINT('Ctrl Pts',(44.5019453512459,-8.00000000000002,11.634543707537));
#5142=CARTESIAN_POINT('Ctrl Pts',(44.5019453512459,-9.30671970519416,11.634543707537));
#5143=CARTESIAN_POINT('Ctrl Pts',(44.4668420713743,-11.7581708182994,11.634543707537));
#5144=CARTESIAN_POINT('Ctrl Pts',(43.280972310064,-16.3070526186841,11.634543707537));
#5145=CARTESIAN_POINT('Ctrl Pts',(40.2471757702725,-20.1575891345867,11.634543707537));
#5146=CARTESIAN_POINT('Ctrl Pts',(36.1742346893262,-22.5769450688418,11.634543707537));
#5147=CARTESIAN_POINT('Ctrl Pts',(32.7558810402391,-23.4665362456849,11.634543707537));
#5148=CARTESIAN_POINT('Ctrl Pts',(30.3067197051942,-23.5019453512458,11.634543707537));
#5149=CARTESIAN_POINT('Ctrl Pts',(29.,-23.5019453512458,11.634543707537));
#5150=CARTESIAN_POINT('Ctrl Pts',(45.5512010494872,-8.00000000000002,12.));
#5151=CARTESIAN_POINT('Ctrl Pts',(45.5512010494872,-9.30671970519416,12.));
#5152=CARTESIAN_POINT('Ctrl Pts',(45.5228687721592,-11.877627440552,12.));
#5153=CARTESIAN_POINT('Ctrl Pts',(44.2316945399771,-16.8215937833437,12.));
#5154=CARTESIAN_POINT('Ctrl Pts',(40.9771524791298,-20.9444904894227,12.));
#5155=CARTESIAN_POINT('Ctrl Pts',(36.5890379829062,-23.5572753130433,12.));
#5156=CARTESIAN_POINT('Ctrl Pts',(32.8755351858049,-24.5205213403973,12.));
#5157=CARTESIAN_POINT('Ctrl Pts',(30.3067197051942,-24.5512010494872,12.));
#5158=CARTESIAN_POINT('Ctrl Pts',(29.,-24.5512010494872,12.));
#5159=CARTESIAN_POINT('Ctrl Pts',(46.,-8.00000000000002,12.));
#5160=CARTESIAN_POINT('Ctrl Pts',(46.,-9.30671970519416,12.));
#5161=CARTESIAN_POINT('Ctrl Pts',(45.9745073707209,-11.9287929557206,12.));
#5162=CARTESIAN_POINT('Ctrl Pts',(44.6383120386999,-17.0415727787164,12.));
#5163=CARTESIAN_POINT('Ctrl Pts',(41.2892972590063,-21.2810630040027,12.));
#5164=CARTESIAN_POINT('Ctrl Pts',(36.7664133448115,-23.9765439830744,12.));
#5165=CARTESIAN_POINT('Ctrl Pts',(32.9268034985723,-24.9712858232666,12.));
#5166=CARTESIAN_POINT('Ctrl Pts',(30.3067197051942,-25.,12.));
#5167=CARTESIAN_POINT('Ctrl Pts',(29.,-25.,12.));
#5168=CARTESIAN_POINT('',(43.7345857246043,-17.7609257730871,12.));
#5169=CARTESIAN_POINT('',(44.,-13.5,11.3541234204245));
#5170=CARTESIAN_POINT('Ctrl Pts',(44.,-13.5,11.3541234204245));
#5171=CARTESIAN_POINT('Ctrl Pts',(44.,-14.0576664886698,11.5111741162089));
#5172=CARTESIAN_POINT('Ctrl Pts',(44.0050015118215,-14.7839862312895,11.7015490161937));
#5173=CARTESIAN_POINT('Ctrl Pts',(43.9310559260337,-16.3301555217194,11.9452040451194));
#5174=CARTESIAN_POINT('Ctrl Pts',(43.8627134039248,-17.0413366713653,12.));
#5175=CARTESIAN_POINT('Ctrl Pts',(43.7345857246042,-17.7609257730872,12.));
#5176=CARTESIAN_POINT('',(29.,-25.,12.));
#5177=CARTESIAN_POINT('Ctrl Pts',(43.7363464304851,-17.7620164994238,12.));
#5178=CARTESIAN_POINT('Ctrl Pts',(42.7685254076167,-19.3188654466575,12.));
#5179=CARTESIAN_POINT('Ctrl Pts',(40.6155274264218,-21.6826063118696,12.));
#5180=CARTESIAN_POINT('Ctrl Pts',(36.7664133448115,-23.9765439830744,12.));
#5181=CARTESIAN_POINT('Ctrl Pts',(32.9268034985723,-24.9712858232666,12.));
#5182=CARTESIAN_POINT('Ctrl Pts',(30.3067197051942,-25.,12.));
#5183=CARTESIAN_POINT('Ctrl Pts',(29.,-25.,12.));
#5184=CARTESIAN_POINT('',(29.,-23.,10.));
#5185=CARTESIAN_POINT('Origin',(29.,-25.,10.));
#5186=CARTESIAN_POINT('',(44.,-8.00000000000002,10.));
#5187=CARTESIAN_POINT('Ctrl Pts',(29.,-23.,10.));
#5188=CARTESIAN_POINT('Ctrl Pts',(30.3067197051942,-23.,10.));
#5189=CARTESIAN_POINT('Ctrl Pts',(32.6988921668131,-22.9621654466622,10.));
#5190=CARTESIAN_POINT('Ctrl Pts',(35.9756615920122,-22.1078339709754,10.));
#5191=CARTESIAN_POINT('Ctrl Pts',(39.8977158032124,-19.7811227260366,10.));
#5192=CARTESIAN_POINT('Ctrl Pts',(42.8260623398238,-16.060603851415,10.));
#5193=CARTESIAN_POINT('Ctrl Pts',(43.9614970413272,-11.7012244210153,10.));
#5194=CARTESIAN_POINT('Ctrl Pts',(44.,-9.30671970519416,10.));
#5195=CARTESIAN_POINT('Ctrl Pts',(44.,-8.00000000000002,10.));
#5196=CARTESIAN_POINT('Ctrl Pts',(44.,-8.00000000000001,10.));
#5197=CARTESIAN_POINT('Ctrl Pts',(44.,-8.04206121578781,10.0006976668575));
#5198=CARTESIAN_POINT('Ctrl Pts',(44.,-8.08412140565798,10.0027907744619));
#5199=CARTESIAN_POINT('Ctrl Pts',(44.,-8.22640370676738,10.0122093285461));
#5200=CARTESIAN_POINT('Ctrl Pts',(44.,-8.33332406827397,10.0231335869307));
#5201=CARTESIAN_POINT('Ctrl Pts',(44.,-8.52432412873442,10.0464741740688));
#5202=CARTESIAN_POINT('Ctrl Pts',(44.,-8.61438512856746,10.0591238926912));
#5203=CARTESIAN_POINT('Ctrl Pts',(44.,-10.1551956024347,10.2970908718427));
#5204=CARTESIAN_POINT('Ctrl Pts',(44.,-11.8839151342807,10.8989996900866));
#5205=CARTESIAN_POINT('Ctrl Pts',(44.,-13.499999999997,11.3541234204237));
#5206=CARTESIAN_POINT('Origin',(11.25,-25.,10.));
#5207=CARTESIAN_POINT('',(18.,-23.,10.));
#5208=CARTESIAN_POINT('',(18.,-25.,12.));
#5209=CARTESIAN_POINT('Origin',(18.,-25.,10.));
#5210=CARTESIAN_POINT('',(11.25,-23.,10.));
#5211=CARTESIAN_POINT('',(11.25,-25.,12.));
#5212=CARTESIAN_POINT('Origin',(22.5,-25.75,12.));
#5213=CARTESIAN_POINT('',(29.,-28.5,12.));
#5214=CARTESIAN_POINT('Ctrl Pts',(29.,-28.4999999999999,12.));
#5215=CARTESIAN_POINT('Ctrl Pts',(30.8225392751554,-28.5,12.));
#5216=CARTESIAN_POINT('Ctrl Pts',(32.7700738300832,-28.5,12.));
#5217=CARTESIAN_POINT('Ctrl Pts',(36.4503226645075,-27.3475155674201,12.));
#5218=CARTESIAN_POINT('Ctrl Pts',(37.8899933249982,-26.5496888644237,12.));
#5219=CARTESIAN_POINT('Ctrl Pts',(40.432766390802,-24.4194710343828,12.));
#5220=CARTESIAN_POINT('Ctrl Pts',(41.6436283074085,-23.0447843576018,12.));
#5221=CARTESIAN_POINT('Ctrl Pts',(43.1910686061908,-20.0651652057537,12.));
#5222=CARTESIAN_POINT('Ctrl Pts',(43.5414379141766,-18.8456801379686,12.));
#5223=CARTESIAN_POINT('Ctrl Pts',(43.7345857246042,-17.7609257730871,12.));
#5224=CARTESIAN_POINT('',(18.,-28.5,12.));
#5225=CARTESIAN_POINT('',(43.2,-28.5,12.));
#5226=CARTESIAN_POINT('',(18.,-30.5,12.));
#5227=CARTESIAN_POINT('Ctrl Pts',(29.,-23.,-9.99999999999998));
#5228=CARTESIAN_POINT('Ctrl Pts',(30.3067197051942,-23.,-9.99999999999998));
#5229=CARTESIAN_POINT('Ctrl Pts',(32.698892166813,-22.9621654466621,-9.99999999999999));
#5230=CARTESIAN_POINT('Ctrl Pts',(35.9756615920122,-22.1078339709754,-9.99999999999998));
#5231=CARTESIAN_POINT('Ctrl Pts',(39.8977158032124,-19.7811227260366,-9.99999999999998));
#5232=CARTESIAN_POINT('Ctrl Pts',(42.8260623398238,-16.060603851415,-9.99999999999999));
#5233=CARTESIAN_POINT('Ctrl Pts',(43.9614970413273,-11.7012244210153,-9.99999999999999));
#5234=CARTESIAN_POINT('Ctrl Pts',(44.0000000000001,-9.30671970519418,-9.99999999999999));
#5235=CARTESIAN_POINT('Ctrl Pts',(44.0000000000001,-8.00000000000002,-9.99999999999999));
#5236=CARTESIAN_POINT('Ctrl Pts',(29.,-23.,-10.5983986006838));
#5237=CARTESIAN_POINT('Ctrl Pts',(30.3067197051942,-23.,-10.5983986006838));
#5238=CARTESIAN_POINT('Ctrl Pts',(32.699621010361,-22.9616932058935,-10.5983986006838));
#5239=CARTESIAN_POINT('Ctrl Pts',(35.9752601732717,-22.1074327874996,-10.5983986006838));
#5240=CARTESIAN_POINT('Ctrl Pts',(39.8969855671818,-19.7810452765048,-10.5983986006838));
#5241=CARTESIAN_POINT('Ctrl Pts',(42.8257688748184,-16.0597306269664,-10.5983986006838));
#5242=CARTESIAN_POINT('Ctrl Pts',(43.9610318620201,-11.701802555235,-10.5983986006838));
#5243=CARTESIAN_POINT('Ctrl Pts',(44.0000000000001,-9.30671970519418,-10.5983986006838));
#5244=CARTESIAN_POINT('Ctrl Pts',(44.0000000000001,-8.00000000000002,-10.5983986006838));
#5245=CARTESIAN_POINT('Ctrl Pts',(29.,-23.5019453512458,-11.634543707537));
#5246=CARTESIAN_POINT('Ctrl Pts',(30.3067197051942,-23.5019453512458,-11.634543707537));
#5247=CARTESIAN_POINT('Ctrl Pts',(32.7558810402391,-23.4665362456849,-11.634543707537));
#5248=CARTESIAN_POINT('Ctrl Pts',(36.1742346893262,-22.5769450688418,-11.634543707537));
#5249=CARTESIAN_POINT('Ctrl Pts',(40.2471757702724,-20.1575891345867,-11.634543707537));
#5250=CARTESIAN_POINT('Ctrl Pts',(43.280972310064,-16.3070526186841,-11.634543707537));
#5251=CARTESIAN_POINT('Ctrl Pts',(44.4668420713743,-11.7581708182994,-11.634543707537));
#5252=CARTESIAN_POINT('Ctrl Pts',(44.5019453512459,-9.30671970519418,-11.634543707537));
#5253=CARTESIAN_POINT('Ctrl Pts',(44.5019453512459,-8.00000000000002,-11.634543707537));
#5254=CARTESIAN_POINT('Ctrl Pts',(29.,-24.5512010494872,-12.));
#5255=CARTESIAN_POINT('Ctrl Pts',(30.3067197051942,-24.5512010494872,-12.));
#5256=CARTESIAN_POINT('Ctrl Pts',(32.8755351858049,-24.5205213403973,-12.));
#5257=CARTESIAN_POINT('Ctrl Pts',(36.5890379829063,-23.5572753130433,-12.));
#5258=CARTESIAN_POINT('Ctrl Pts',(40.9771524791298,-20.9444904894227,-12.));
#5259=CARTESIAN_POINT('Ctrl Pts',(44.2316945399772,-16.8215937833437,-12.));
#5260=CARTESIAN_POINT('Ctrl Pts',(45.5228687721592,-11.877627440552,-12.));
#5261=CARTESIAN_POINT('Ctrl Pts',(45.5512010494872,-9.30671970519419,-12.));
#5262=CARTESIAN_POINT('Ctrl Pts',(45.5512010494873,-8.00000000000003,-12.));
#5263=CARTESIAN_POINT('Ctrl Pts',(29.,-25.,-12.));
#5264=CARTESIAN_POINT('Ctrl Pts',(30.3067197051942,-25.,-12.));
#5265=CARTESIAN_POINT('Ctrl Pts',(32.9268034985723,-24.9712858232666,-12.));
#5266=CARTESIAN_POINT('Ctrl Pts',(36.7664133448115,-23.9765439830744,-12.));
#5267=CARTESIAN_POINT('Ctrl Pts',(41.2892972590063,-21.2810630040027,-12.));
#5268=CARTESIAN_POINT('Ctrl Pts',(44.6383120386999,-17.0415727787164,-12.));
#5269=CARTESIAN_POINT('Ctrl Pts',(45.974507370721,-11.9287929557206,-12.));
#5270=CARTESIAN_POINT('Ctrl Pts',(46.0000000000001,-9.30671970519419,-12.));
#5271=CARTESIAN_POINT('Ctrl Pts',(46.0000000000001,-8.00000000000003,-12.));
#5272=CARTESIAN_POINT('',(44.0000000000001,-8.00000000000003,-9.99999999999999));
#5273=CARTESIAN_POINT('',(44.,-13.5,-11.3541234204245));
#5274=CARTESIAN_POINT('Ctrl Pts',(44.,-13.499999999997,-11.3541234204236));
#5275=CARTESIAN_POINT('Ctrl Pts',(44.,-11.8839151342858,-10.8989996900879));
#5276=CARTESIAN_POINT('Ctrl Pts',(44.,-10.1551956024969,-10.2970908718582));
#5277=CARTESIAN_POINT('Ctrl Pts',(44.,-8.61438512860851,-10.0591238926962));
#5278=CARTESIAN_POINT('Ctrl Pts',(44.,-8.52432412881571,-10.0464741740789));
#5279=CARTESIAN_POINT('Ctrl Pts',(44.,-8.33332406840019,-10.0231335869421));
#5280=CARTESIAN_POINT('Ctrl Pts',(44.,-8.22640370694689,-10.0122093285604));
#5281=CARTESIAN_POINT('Ctrl Pts',(44.,-8.08412140567035,-10.0027907744494));
#5282=CARTESIAN_POINT('Ctrl Pts',(44.,-8.0420612157947,-10.0006976668346));
#5283=CARTESIAN_POINT('Ctrl Pts',(44.,-8.00000000000005,-9.99999999999999));
#5284=CARTESIAN_POINT('',(29.,-23.,-9.99999999999998));
#5285=CARTESIAN_POINT('Ctrl Pts',(44.0000000000001,-8.00000000000002,-9.99999999999999));
#5286=CARTESIAN_POINT('Ctrl Pts',(44.0000000000001,-9.30671970519418,-9.99999999999999));
#5287=CARTESIAN_POINT('Ctrl Pts',(43.9614970413273,-11.7012244210153,-9.99999999999999));
#5288=CARTESIAN_POINT('Ctrl Pts',(42.8260623398238,-16.060603851415,-9.99999999999999));
#5289=CARTESIAN_POINT('Ctrl Pts',(39.8977158032124,-19.7811227260366,-9.99999999999998));
#5290=CARTESIAN_POINT('Ctrl Pts',(35.9756615920122,-22.1078339709754,-9.99999999999998));
#5291=CARTESIAN_POINT('Ctrl Pts',(32.698892166813,-22.9621654466621,-9.99999999999999));
#5292=CARTESIAN_POINT('Ctrl Pts',(30.3067197051942,-23.,-9.99999999999998));
#5293=CARTESIAN_POINT('Ctrl Pts',(29.,-23.,-9.99999999999998));
#5294=CARTESIAN_POINT('',(29.,-25.,-12.));
#5295=CARTESIAN_POINT('Origin',(29.,-25.,-9.99999999999998));
#5296=CARTESIAN_POINT('',(43.7345857246042,-17.7609257730873,-12.));
#5297=CARTESIAN_POINT('Ctrl Pts',(29.,-25.,-12.));
#5298=CARTESIAN_POINT('Ctrl Pts',(30.3067197051942,-25.,-12.));
#5299=CARTESIAN_POINT('Ctrl Pts',(32.9268034985723,-24.9712858232666,-12.));
#5300=CARTESIAN_POINT('Ctrl Pts',(36.7664133448115,-23.9765439830744,-12.));
#5301=CARTESIAN_POINT('Ctrl Pts',(40.6155274264217,-21.6826063118696,-12.));
#5302=CARTESIAN_POINT('Ctrl Pts',(42.7685254076167,-19.3188654466575,-12.));
#5303=CARTESIAN_POINT('Ctrl Pts',(43.736346430485,-17.7620164994239,-12.));
#5304=CARTESIAN_POINT('Ctrl Pts',(43.7345857246042,-17.7609257730873,-12.));
#5305=CARTESIAN_POINT('Ctrl Pts',(43.8627103166301,-17.0413540101924,-12.));
#5306=CARTESIAN_POINT('Ctrl Pts',(43.9310527065287,-16.3301891465987,-11.9452066495494));
#5307=CARTESIAN_POINT('Ctrl Pts',(44.0050020045611,-14.7840140787532,-11.7015564553663));
#5308=CARTESIAN_POINT('Ctrl Pts',(44.,-14.0576754831871,-11.5111766492554));
#5309=CARTESIAN_POINT('Ctrl Pts',(44.,-13.5,-11.3541234204245));
#5310=CARTESIAN_POINT('Origin',(21.6,-25.,-9.99999999999999));
#5311=CARTESIAN_POINT('',(18.,-25.,-12.));
#5312=CARTESIAN_POINT('',(18.,-23.,-9.99999999999999));
#5313=CARTESIAN_POINT('Origin',(18.,-25.,-9.99999999999999));
#5314=CARTESIAN_POINT('',(21.6,-25.,-12.));
#5315=CARTESIAN_POINT('',(21.6,-23.,-9.99999999999999));
#5316=CARTESIAN_POINT('Ctrl Pts',(29.,-23.,10.));
#5317=CARTESIAN_POINT('Ctrl Pts',(29.,-23.,3.33333333333334));
#5318=CARTESIAN_POINT('Ctrl Pts',(29.,-23.,-3.33333333333333));
#5319=CARTESIAN_POINT('Ctrl Pts',(29.,-23.,-9.99999999999999));
#5320=CARTESIAN_POINT('Ctrl Pts',(30.1219973762821,-23.,10.));
#5321=CARTESIAN_POINT('Ctrl Pts',(30.1219973762821,-23.,3.33333333333333));
#5322=CARTESIAN_POINT('Ctrl Pts',(30.1219973762821,-23.,-3.33333333333331));
#5323=CARTESIAN_POINT('Ctrl Pts',(30.1219973762821,-23.,-9.99999999999999));
#5324=CARTESIAN_POINT('Ctrl Pts',(32.3422736477027,-22.9886417966897,10.));
#5325=CARTESIAN_POINT('Ctrl Pts',(32.3422736477027,-22.9886417966897,3.33333333333336));
#5326=CARTESIAN_POINT('Ctrl Pts',(32.3422736477027,-22.9886417966897,-3.33333333333334));
#5327=CARTESIAN_POINT('Ctrl Pts',(32.3422736477027,-22.9886417966897,-9.99999999999999));
#5328=CARTESIAN_POINT('Ctrl Pts',(35.6474624601815,-22.2509774133658,10.));
#5329=CARTESIAN_POINT('Ctrl Pts',(35.6474624601815,-22.2509774133658,3.33333333333333));
#5330=CARTESIAN_POINT('Ctrl Pts',(35.6474624601815,-22.2509774133658,-3.33333333333331));
#5331=CARTESIAN_POINT('Ctrl Pts',(35.6474624601815,-22.2509774133658,-9.99999999999999));
#5332=CARTESIAN_POINT('Ctrl Pts',(38.8012123216816,-20.4860646277523,10.));
#5333=CARTESIAN_POINT('Ctrl Pts',(38.8012123216816,-20.4860646277523,3.33333333333335));
#5334=CARTESIAN_POINT('Ctrl Pts',(38.8012123216816,-20.4860646277523,-3.33333333333333));
#5335=CARTESIAN_POINT('Ctrl Pts',(38.8012123216816,-20.4860646277523,-9.99999999999999));
#5336=CARTESIAN_POINT('Ctrl Pts',(41.487598814953,-17.8011054321657,10.));
#5337=CARTESIAN_POINT('Ctrl Pts',(41.487598814953,-17.8011054321657,3.33333333333333));
#5338=CARTESIAN_POINT('Ctrl Pts',(41.487598814953,-17.8011054321657,-3.33333333333331));
#5339=CARTESIAN_POINT('Ctrl Pts',(41.487598814953,-17.8011054321657,-9.99999999999999));
#5340=CARTESIAN_POINT('Ctrl Pts',(43.2484665412304,-14.6484610607844,10.));
#5341=CARTESIAN_POINT('Ctrl Pts',(43.2484665412304,-14.6484610607844,3.33333333333335));
#5342=CARTESIAN_POINT('Ctrl Pts',(43.2484665412304,-14.6484610607844,-3.33333333333333));
#5343=CARTESIAN_POINT('Ctrl Pts',(43.2484665412304,-14.6484610607844,-9.99999999999999));
#5344=CARTESIAN_POINT('Ctrl Pts',(43.9899722991419,-11.3418878361256,10.));
#5345=CARTESIAN_POINT('Ctrl Pts',(43.9899722991419,-11.3418878361256,3.33333333333334));
#5346=CARTESIAN_POINT('Ctrl Pts',(43.9899722991419,-11.3418878361256,-3.33333333333331));
#5347=CARTESIAN_POINT('Ctrl Pts',(43.9899722991419,-11.3418878361256,-9.99999999999999));
#5348=CARTESIAN_POINT('Ctrl Pts',(44.0000000000001,-9.12199737628211,10.));
#5349=CARTESIAN_POINT('Ctrl Pts',(44.0000000000001,-9.12199737628211,3.33333333333335));
#5350=CARTESIAN_POINT('Ctrl Pts',(44.0000000000001,-9.12199737628211,-3.33333333333333));
#5351=CARTESIAN_POINT('Ctrl Pts',(44.0000000000001,-9.12199737628211,-9.99999999999999));
#5352=CARTESIAN_POINT('Ctrl Pts',(44.0000000000001,-8.00000000000004,10.));
#5353=CARTESIAN_POINT('Ctrl Pts',(44.0000000000001,-8.00000000000004,3.33333333333335));
#5354=CARTESIAN_POINT('Ctrl Pts',(44.0000000000001,-8.00000000000004,-3.33333333333332));
#5355=CARTESIAN_POINT('Ctrl Pts',(44.0000000000001,-8.00000000000004,-9.99999999999999));
#5356=CARTESIAN_POINT('',(29.,-23.,14.85));
#5357=CARTESIAN_POINT('',(44.,-8.00000000000001,14.85));
#5358=CARTESIAN_POINT('Origin',(10.,25.,-11.25));
#5359=CARTESIAN_POINT('',(12.,25.,-18.));
#5360=CARTESIAN_POINT('',(10.,23.,-18.));
#5361=CARTESIAN_POINT('Origin',(10.,25.,-18.));
#5362=CARTESIAN_POINT('',(12.,25.,-23.7272727272727));
#5363=CARTESIAN_POINT('',(12.,25.,-11.25));
#5364=CARTESIAN_POINT('',(10.,23.,-27.));
#5365=CARTESIAN_POINT('Origin',(10.,25.,-23.7272727272727));
#5366=CARTESIAN_POINT('',(10.,23.,-11.25));
#5367=CARTESIAN_POINT('Origin',(-2.22044604925031E-15,35.25,-18.));
#5368=CARTESIAN_POINT('',(-10.,23.,-18.));
#5369=CARTESIAN_POINT('',(21.6,23.,-18.));
#5370=CARTESIAN_POINT('',(-12.,25.,-18.));
#5371=CARTESIAN_POINT('Origin',(-10.,25.,-18.));
#5372=CARTESIAN_POINT('',(-12.,28.5,-18.));
#5373=CARTESIAN_POINT('',(-12.,30.5,-18.));
#5374=CARTESIAN_POINT('',(-15.,28.5,-18.));
#5375=CARTESIAN_POINT('',(-7.5,28.5,-18.));
#5376=CARTESIAN_POINT('',(-15.,29.25,-18.));
#5377=CARTESIAN_POINT('',(-15.,32.5,-18.));
#5378=CARTESIAN_POINT('',(-12.5,29.25,-18.));
#5379=CARTESIAN_POINT('',(-7.5,29.25,-18.));
#5380=CARTESIAN_POINT('',(-9.25,32.5,-18.));
#5381=CARTESIAN_POINT('Origin',(-12.5,32.5,-18.));
#5382=CARTESIAN_POINT('',(9.25,32.5,-18.));
#5383=CARTESIAN_POINT('Origin',(-5.55111512312578E-16,32.5,-18.));
#5384=CARTESIAN_POINT('',(12.5,29.25,-18.));
#5385=CARTESIAN_POINT('Origin',(12.5,32.5,-18.));
#5386=CARTESIAN_POINT('',(15.,29.25,-18.));
#5387=CARTESIAN_POINT('',(6.25,29.25,-18.));
#5388=CARTESIAN_POINT('',(15.,28.5,-18.));
#5389=CARTESIAN_POINT('',(15.,23.,-18.));
#5390=CARTESIAN_POINT('',(12.,28.5,-18.));
#5391=CARTESIAN_POINT('',(7.5,28.5,-18.));
#5392=CARTESIAN_POINT('',(12.,30.5,-18.));
#5393=CARTESIAN_POINT('',(-6.99350000000001,27.5,-18.));
#5394=CARTESIAN_POINT('Origin',(-8.00000000000001,27.5,-18.));
#5395=CARTESIAN_POINT('',(9.0065,27.5,-18.));
#5396=CARTESIAN_POINT('Origin',(8.,27.5,-18.));
#5397=CARTESIAN_POINT('',(6.,32.5,-18.));
#5398=CARTESIAN_POINT('Origin',(0.,32.5,-18.));
#5399=CARTESIAN_POINT('Origin',(43.2,23.,0.));
#5400=CARTESIAN_POINT('',(17.,23.,-27.));
#5401=CARTESIAN_POINT('',(29.1,23.,-27.));
#5402=CARTESIAN_POINT('',(17.,23.,-10.5));
#5403=CARTESIAN_POINT('',(17.,23.,-5.25));
#5404=CARTESIAN_POINT('',(29.,23.,-10.5));
#5405=CARTESIAN_POINT('',(5.85,23.,-10.5));
#5406=CARTESIAN_POINT('',(29.,23.,-6.75));
#5407=CARTESIAN_POINT('',(25.15,23.,-25.));
#5408=CARTESIAN_POINT('Origin',(22.,23.,-25.));
#5409=CARTESIAN_POINT('Origin',(22.,23.,-25.));
#5410=CARTESIAN_POINT('',(-29.,23.,-10.5));
#5411=CARTESIAN_POINT('',(-29.,23.,-1.12354570092066E-14));
#5412=CARTESIAN_POINT('',(-17.,23.,-10.5));
#5413=CARTESIAN_POINT('',(5.85,23.,-10.5));
#5414=CARTESIAN_POINT('',(-17.,23.,-27.));
#5415=CARTESIAN_POINT('',(-17.,23.,-5.25));
#5416=CARTESIAN_POINT('',(-10.,23.,-27.));
#5417=CARTESIAN_POINT('',(14.1,23.,-27.));
#5418=CARTESIAN_POINT('',(-10.,23.,-11.25));
#5419=CARTESIAN_POINT('',(-5.,23.,-19.6));
#5420=CARTESIAN_POINT('',(-5.,23.,-24.6));
#5421=CARTESIAN_POINT('Origin',(-5.,23.,-22.1));
#5422=CARTESIAN_POINT('',(5.,23.,-24.6));
#5423=CARTESIAN_POINT('',(24.1,23.,-24.6));
#5424=CARTESIAN_POINT('',(5.,23.,-19.6));
#5425=CARTESIAN_POINT('Origin',(5.,23.,-22.1));
#5426=CARTESIAN_POINT('',(19.1,23.,-19.6));
#5427=CARTESIAN_POINT('Origin',(-10.,25.,-11.25));
#5428=CARTESIAN_POINT('',(-12.,25.,-23.7272727272727));
#5429=CARTESIAN_POINT('Origin',(-10.,25.,-23.7272727272727));
#5430=CARTESIAN_POINT('',(-12.,25.,-11.25));
#5431=CARTESIAN_POINT('Origin',(-12.,25.75,-22.5));
#5432=CARTESIAN_POINT('',(-12.,23.,-27.));
#5433=CARTESIAN_POINT('Origin',(-17.,25.,-5.25));
#5434=CARTESIAN_POINT('',(-15.,25.,-23.7272727272727));
#5435=CARTESIAN_POINT('Origin',(-17.,25.,-23.7272727272727));
#5436=CARTESIAN_POINT('',(-15.,25.,-10.5));
#5437=CARTESIAN_POINT('Origin',(-17.,25.,-10.5));
#5438=CARTESIAN_POINT('',(-15.,25.,-5.25));
#5439=CARTESIAN_POINT('Origin',(17.,25.,-5.25));
#5440=CARTESIAN_POINT('',(15.,25.,-23.7272727272727));
#5441=CARTESIAN_POINT('Origin',(17.,25.,-23.7272727272727));
#5442=CARTESIAN_POINT('',(15.,25.,-10.5));
#5443=CARTESIAN_POINT('',(15.,25.,-5.25));
#5444=CARTESIAN_POINT('Origin',(17.,25.,-10.5));
#5445=CARTESIAN_POINT('Origin',(15.,32.5,-10.5));
#5446=CARTESIAN_POINT('',(15.,23.,-27.));
#5447=CARTESIAN_POINT('',(15.,29.25,-14.6));
#5448=CARTESIAN_POINT('',(15.,29.25,-14.25));
#5449=CARTESIAN_POINT('',(15.,32.5,-14.6));
#5450=CARTESIAN_POINT('',(15.,32.5,-14.6));
#5451=CARTESIAN_POINT('',(15.,32.5,-10.5));
#5452=CARTESIAN_POINT('',(15.,32.5,-10.5));
#5453=CARTESIAN_POINT('',(15.,23.,-10.5));
#5454=CARTESIAN_POINT('Ctrl Pts',(-29.,-23.,-28.));
#5455=CARTESIAN_POINT('Ctrl Pts',(-29.,-23.,-9.33333333333333));
#5456=CARTESIAN_POINT('Ctrl Pts',(-29.,-23.,9.33333333333333));
#5457=CARTESIAN_POINT('Ctrl Pts',(-29.,-23.,28.));
#5458=CARTESIAN_POINT('Ctrl Pts',(-30.1219973762821,-23.,-28.));
#5459=CARTESIAN_POINT('Ctrl Pts',(-30.1219973762821,-23.,-9.3333333333333));
#5460=CARTESIAN_POINT('Ctrl Pts',(-30.1219973762821,-23.,9.3333333333333));
#5461=CARTESIAN_POINT('Ctrl Pts',(-30.1219973762821,-23.,28.));
#5462=CARTESIAN_POINT('Ctrl Pts',(-32.3422750892128,-22.9886285837489,-28.));
#5463=CARTESIAN_POINT('Ctrl Pts',(-32.3422750892128,-22.9886285837489,-9.33333333333338));
#5464=CARTESIAN_POINT('Ctrl Pts',(-32.3422750892128,-22.9886285837489,9.33333333333338));
#5465=CARTESIAN_POINT('Ctrl Pts',(-32.3422750892128,-22.9886285837489,28.));
#5466=CARTESIAN_POINT('Ctrl Pts',(-35.6474545103001,-22.2509789468501,-28.));
#5467=CARTESIAN_POINT('Ctrl Pts',(-35.6474545103001,-22.2509789468501,-9.33333333333328));
#5468=CARTESIAN_POINT('Ctrl Pts',(-35.6474545103001,-22.2509789468501,9.33333333333327));
#5469=CARTESIAN_POINT('Ctrl Pts',(-35.6474545103001,-22.2509789468501,28.));
#5470=CARTESIAN_POINT('Ctrl Pts',(-38.8012063707239,-20.4860522152378,-28.));
#5471=CARTESIAN_POINT('Ctrl Pts',(-38.8012063707239,-20.4860522152378,-9.33333333333336));
#5472=CARTESIAN_POINT('Ctrl Pts',(-38.8012063707239,-20.4860522152378,9.33333333333335));
#5473=CARTESIAN_POINT('Ctrl Pts',(-38.8012063707239,-20.4860522152378,28.));
#5474=CARTESIAN_POINT('Ctrl Pts',(-41.4875823035005,-17.8011089697044,-28.));
#5475=CARTESIAN_POINT('Ctrl Pts',(-41.4875823035005,-17.8011089697044,-9.3333333333333));
#5476=CARTESIAN_POINT('Ctrl Pts',(-41.4875823035005,-17.8011089697044,9.33333333333329));
#5477=CARTESIAN_POINT('Ctrl Pts',(-41.4875823035005,-17.8011089697044,28.));
#5478=CARTESIAN_POINT('Ctrl Pts',(-43.2484262976447,-14.648479706232,-28.));
#5479=CARTESIAN_POINT('Ctrl Pts',(-43.2484262976447,-14.648479706232,-9.33333333333336));
#5480=CARTESIAN_POINT('Ctrl Pts',(-43.2484262976447,-14.648479706232,9.33333333333335));
#5481=CARTESIAN_POINT('Ctrl Pts',(-43.2484262976447,-14.648479706232,28.));
#5482=CARTESIAN_POINT('Ctrl Pts',(-43.9899494238344,-11.3418986254383,-28.));
#5483=CARTESIAN_POINT('Ctrl Pts',(-43.9899494238344,-11.3418986254383,-9.33333333333332));
#5484=CARTESIAN_POINT('Ctrl Pts',(-43.9899494238344,-11.3418986254383,9.33333333333331));
#5485=CARTESIAN_POINT('Ctrl Pts',(-43.9899494238344,-11.3418986254383,28.));
#5486=CARTESIAN_POINT('Ctrl Pts',(-44.,-9.12199737628208,-28.));
#5487=CARTESIAN_POINT('Ctrl Pts',(-44.,-9.12199737628208,-9.33333333333335));
#5488=CARTESIAN_POINT('Ctrl Pts',(-44.,-9.12199737628208,9.33333333333334));
#5489=CARTESIAN_POINT('Ctrl Pts',(-44.,-9.12199737628208,28.));
#5490=CARTESIAN_POINT('Ctrl Pts',(-44.0000000000001,-8.00000000000001,-28.));
#5491=CARTESIAN_POINT('Ctrl Pts',(-44.0000000000001,-8.00000000000001,-9.33333333333334));
#5492=CARTESIAN_POINT('Ctrl Pts',(-44.,-8.00000000000001,9.33333333333333));
#5493=CARTESIAN_POINT('Ctrl Pts',(-44.,-8.00000000000001,28.));
#5494=CARTESIAN_POINT('',(-29.,-23.,28.));
#5495=CARTESIAN_POINT('',(-44.,-8.00000000000001,28.));
#5496=CARTESIAN_POINT('Ctrl Pts',(-29.,-23.,28.));
#5497=CARTESIAN_POINT('Ctrl Pts',(-30.1219973762821,-23.,28.));
#5498=CARTESIAN_POINT('Ctrl Pts',(-31.2321362327474,-22.9943142918745,28.));
#5499=CARTESIAN_POINT('Ctrl Pts',(-32.338068897828,-22.8685298316619,28.));
#5500=CARTESIAN_POINT('Ctrl Pts',(-33.4440015629085,-22.7427453714493,28.));
#5501=CARTESIAN_POINT('Ctrl Pts',(-34.5457280366043,-22.4968621591497,28.));
#5502=CARTESIAN_POINT('Ctrl Pts',(-35.6222165835228,-22.0797660977312,28.));
#5503=CARTESIAN_POINT('Ctrl Pts',(-36.6987051304414,-21.6626700363127,28.));
#5504=CARTESIAN_POINT('Ctrl Pts',(-37.7499557505826,-21.0743611257752,28.));
#5505=CARTESIAN_POINT('Ctrl Pts',(-38.7233103827827,-20.3327161295843,28.));
#5506=CARTESIAN_POINT('Ctrl Pts',(-39.6966650149828,-19.5910711333933,28.));
#5507=CARTESIAN_POINT('Ctrl Pts',(-40.5921236592416,-18.6960900515488,28.));
#5508=CARTESIAN_POINT('Ctrl Pts',(-41.3333269803951,-17.7231613000479,28.));
#5509=CARTESIAN_POINT('Ctrl Pts',(-42.0745303015485,-16.7502325485469,28.));
#5510=CARTESIAN_POINT('Ctrl Pts',(-42.6614782995966,-15.6993561273894,28.));
#5511=CARTESIAN_POINT('Ctrl Pts',(-43.0785394863189,-14.6228210700118,28.));
#5512=CARTESIAN_POINT('Ctrl Pts',(-43.4956006730412,-13.5462860126341,28.));
#5513=CARTESIAN_POINT('Ctrl Pts',(-43.7427750484378,-12.4440923190362,28.));
#5514=CARTESIAN_POINT('Ctrl Pts',(-43.8688748801775,-11.3380201599482,28.));
#5515=CARTESIAN_POINT('Ctrl Pts',(-43.9949747119172,-10.2319480008602,28.));
#5516=CARTESIAN_POINT('Ctrl Pts',(-44.,-9.12199737628208,28.));
#5517=CARTESIAN_POINT('Ctrl Pts',(-44.,-8.00000000000001,28.));
#5518=CARTESIAN_POINT('',(-44.,-8.00000000000001,21.6));
#5519=CARTESIAN_POINT('',(-29.,-23.,21.6));
#5520=CARTESIAN_POINT('Origin',(-44.,-11.5,-9.76996261670138E-15));
#5521=CARTESIAN_POINT('',(-44.,8.00000000000001,28.));
#5522=CARTESIAN_POINT('',(-44.,-5.75000000000001,28.));
#5523=CARTESIAN_POINT('',(-44.,8.00000000000001,-1.45661260830821E-14));
#5524=CARTESIAN_POINT('Origin',(0.,0.,28.));
#5525=CARTESIAN_POINT('',(10.5,-21.8,28.));
#5526=CARTESIAN_POINT('',(44.,8.00000000000001,28.));
#5527=CARTESIAN_POINT('',(44.,-5.75000000000001,28.));
#5528=CARTESIAN_POINT('',(29.,23.,28.));
#5529=CARTESIAN_POINT('Ctrl Pts',(29.,23.,28.));
#5530=CARTESIAN_POINT('Ctrl Pts',(30.1219973762821,23.,28.));
#5531=CARTESIAN_POINT('Ctrl Pts',(31.2321362327474,22.9943142918745,28.));
#5532=CARTESIAN_POINT('Ctrl Pts',(32.338068897828,22.8685298316619,28.));
#5533=CARTESIAN_POINT('Ctrl Pts',(33.4440015629086,22.7427453714493,28.));
#5534=CARTESIAN_POINT('Ctrl Pts',(34.5457280366043,22.4968621591497,28.));
#5535=CARTESIAN_POINT('Ctrl Pts',(35.6222165835228,22.0797660977312,28.));
#5536=CARTESIAN_POINT('Ctrl Pts',(36.6987051304414,21.6626700363127,28.));
#5537=CARTESIAN_POINT('Ctrl Pts',(37.7499557505826,21.0743611257752,28.));
#5538=CARTESIAN_POINT('Ctrl Pts',(38.7233103827827,20.3327161295843,28.));
#5539=CARTESIAN_POINT('Ctrl Pts',(39.6966650149828,19.5910711333933,28.));
#5540=CARTESIAN_POINT('Ctrl Pts',(40.5921236592416,18.6960900515488,28.));
#5541=CARTESIAN_POINT('Ctrl Pts',(41.3333269803951,17.7231613000479,28.));
#5542=CARTESIAN_POINT('Ctrl Pts',(42.0745303015485,16.7502325485469,28.));
#5543=CARTESIAN_POINT('Ctrl Pts',(42.6614782995966,15.6993561273894,28.));
#5544=CARTESIAN_POINT('Ctrl Pts',(43.0785394863189,14.6228210700118,28.));
#5545=CARTESIAN_POINT('Ctrl Pts',(43.4956006730412,13.5462860126341,28.));
#5546=CARTESIAN_POINT('Ctrl Pts',(43.7427750484378,12.4440923190362,28.));
#5547=CARTESIAN_POINT('Ctrl Pts',(43.8688748801775,11.3380201599482,28.));
#5548=CARTESIAN_POINT('Ctrl Pts',(43.9949747119172,10.2319480008602,28.));
#5549=CARTESIAN_POINT('Ctrl Pts',(44.,9.12199737628208,28.));
#5550=CARTESIAN_POINT('Ctrl Pts',(44.,8.00000000000001,28.));
#5551=CARTESIAN_POINT('',(-21.0395313643851,23.,28.));
#5552=CARTESIAN_POINT('',(21.6,23.,28.));
#5553=CARTESIAN_POINT('',(-22.9604686356149,23.,28.));
#5554=CARTESIAN_POINT('Ctrl Pts',(-21.039531364385,23.,28.));
#5555=CARTESIAN_POINT('Ctrl Pts',(-22.,22.7071428571428,28.));
#5556=CARTESIAN_POINT('Ctrl Pts',(-22.960468635615,23.,28.));
#5557=CARTESIAN_POINT('',(-29.,23.,28.));
#5558=CARTESIAN_POINT('',(21.6,23.,28.));
#5559=CARTESIAN_POINT('Ctrl Pts',(-44.0000000000001,8.00000000000004,28.));
#5560=CARTESIAN_POINT('Ctrl Pts',(-44.0000000000001,9.12199737628211,28.));
#5561=CARTESIAN_POINT('Ctrl Pts',(-43.9949747119173,10.2319480008602,28.));
#5562=CARTESIAN_POINT('Ctrl Pts',(-43.8688748801776,11.3380201599482,28.));
#5563=CARTESIAN_POINT('Ctrl Pts',(-43.7427750484379,12.4440923190362,28.));
#5564=CARTESIAN_POINT('Ctrl Pts',(-43.4956006730413,13.5462860126341,28.));
#5565=CARTESIAN_POINT('Ctrl Pts',(-43.078539486319,14.6228210700118,28.));
#5566=CARTESIAN_POINT('Ctrl Pts',(-42.6614782995967,15.6993561273894,28.));
#5567=CARTESIAN_POINT('Ctrl Pts',(-42.0745303015486,16.7502325485469,28.));
#5568=CARTESIAN_POINT('Ctrl Pts',(-41.3333269803951,17.7231613000479,28.));
#5569=CARTESIAN_POINT('Ctrl Pts',(-40.5921236592417,18.6960900515488,28.));
#5570=CARTESIAN_POINT('Ctrl Pts',(-39.6966650149828,19.5910711333933,28.));
#5571=CARTESIAN_POINT('Ctrl Pts',(-38.7233103827827,20.3327161295843,28.));
#5572=CARTESIAN_POINT('Ctrl Pts',(-37.7499557505827,21.0743611257752,28.));
#5573=CARTESIAN_POINT('Ctrl Pts',(-36.6987051304414,21.6626700363127,28.));
#5574=CARTESIAN_POINT('Ctrl Pts',(-35.6222165835229,22.0797660977312,28.));
#5575=CARTESIAN_POINT('Ctrl Pts',(-34.5457280366043,22.4968621591497,28.));
#5576=CARTESIAN_POINT('Ctrl Pts',(-33.4440015629086,22.7427453714493,28.));
#5577=CARTESIAN_POINT('Ctrl Pts',(-32.338068897828,22.8685298316619,28.));
#5578=CARTESIAN_POINT('Ctrl Pts',(-31.2321362327474,22.9943142918745,28.));
#5579=CARTESIAN_POINT('Ctrl Pts',(-30.1219973762821,23.,28.));
#5580=CARTESIAN_POINT('Ctrl Pts',(-29.,23.,28.));
#5581=CARTESIAN_POINT('',(-10.5,-23.,28.));
#5582=CARTESIAN_POINT('',(-4.79616346638068E-15,-23.,28.));
#5583=CARTESIAN_POINT('',(-10.5,-11.5,28.));
#5584=CARTESIAN_POINT('',(-35.8754892659006,-15.3369168116648,28.));
#5585=CARTESIAN_POINT('Origin',(-34.4933548293497,-17.9995666946386,28.));
#5586=CARTESIAN_POINT('',(-41.6150707028231,-12.7184780848924,28.));
#5587=CARTESIAN_POINT('Origin',(-37.7243503735294,-11.789833876057,28.));
#5588=CARTESIAN_POINT('',(-42.,-8.00000000000001,28.));
#5589=CARTESIAN_POINT('Ctrl Pts',(-42.,-8.00000000000002,28.));
#5590=CARTESIAN_POINT('Ctrl Pts',(-42.,-9.24479790867163,28.));
#5591=CARTESIAN_POINT('Ctrl Pts',(-42.,-10.4951125831997,28.));
#5592=CARTESIAN_POINT('Ctrl Pts',(-41.7501622611895,-12.0872687511931,28.));
#5593=CARTESIAN_POINT('Ctrl Pts',(-41.6908704494381,-12.3980776594341,28.));
#5594=CARTESIAN_POINT('Ctrl Pts',(-41.615070702823,-12.7184780848926,28.));
#5595=CARTESIAN_POINT('',(-42.,8.00000000000001,28.));
#5596=CARTESIAN_POINT('',(-42.,-5.75000000000001,28.));
#5597=CARTESIAN_POINT('',(-41.6150707028256,12.7184780848816,28.));
#5598=CARTESIAN_POINT('Ctrl Pts',(-41.6150707028251,12.7184780848839,28.));
#5599=CARTESIAN_POINT('Ctrl Pts',(-42.0001780452036,11.0906552773446,28.));
#5600=CARTESIAN_POINT('Ctrl Pts',(-42.,9.53237711160442,28.));
#5601=CARTESIAN_POINT('Ctrl Pts',(-42.,8.00000000000001,28.));
#5602=CARTESIAN_POINT('',(-35.8754892659006,15.3369168116648,28.));
#5603=CARTESIAN_POINT('Origin',(-37.7243503735294,11.789833876057,28.));
#5604=CARTESIAN_POINT('',(-31.5240980756275,17.5711809683649,28.));
#5605=CARTESIAN_POINT('Origin',(-34.4933548293497,17.9995666946386,28.));
#5606=CARTESIAN_POINT('',(-27.5650890706646,21.,28.));
#5607=CARTESIAN_POINT('Origin',(-27.5650890706646,17.,28.));
#5608=CARTESIAN_POINT('',(27.5808164115471,21.,28.));
#5609=CARTESIAN_POINT('',(-30.8406586176981,21.,28.));
#5610=CARTESIAN_POINT('',(31.5,17.800000000001,28.));
#5611=CARTESIAN_POINT('Origin',(27.5808164115471,17.,28.));
#5612=CARTESIAN_POINT('',(31.5,17.7186626316963,28.));
#5613=CARTESIAN_POINT('',(31.5,11.5,28.));
#5614=CARTESIAN_POINT('',(31.5240980756275,17.5711809683649,28.));
#5615=CARTESIAN_POINT('Origin',(27.5650890706646,17.,28.));
#5616=CARTESIAN_POINT('',(35.8754892659006,15.3369168116648,28.));
#5617=CARTESIAN_POINT('Origin',(34.4933548293497,17.9995666946386,28.));
#5618=CARTESIAN_POINT('',(41.6150707028321,12.7184780848545,28.));
#5619=CARTESIAN_POINT('Origin',(37.7243503735294,11.789833876057,28.));
#5620=CARTESIAN_POINT('',(42.,8.00000000000001,28.));
#5621=CARTESIAN_POINT('Ctrl Pts',(42.0000000000001,8.00000000000003,28.));
#5622=CARTESIAN_POINT('Ctrl Pts',(42.0000000000001,9.24479790867158,28.));
#5623=CARTESIAN_POINT('Ctrl Pts',(42.0000000000001,10.4951125831996,28.));
#5624=CARTESIAN_POINT('Ctrl Pts',(41.7501622611461,12.0872687514699,28.));
#5625=CARTESIAN_POINT('Ctrl Pts',(41.6908704493286,12.3980776600084,28.));
#5626=CARTESIAN_POINT('Ctrl Pts',(41.6150707026131,12.7184780857804,28.));
#5627=CARTESIAN_POINT('',(42.,-8.00000000000001,28.));
#5628=CARTESIAN_POINT('',(42.,-5.75000000000001,28.));
#5629=CARTESIAN_POINT('',(41.6150707028216,-12.7184780848986,28.));
#5630=CARTESIAN_POINT('Ctrl Pts',(41.6150707028,-12.7184780849897,28.));
#5631=CARTESIAN_POINT('Ctrl Pts',(42.0004872031848,-11.0893484874403,28.));
#5632=CARTESIAN_POINT('Ctrl Pts',(42.,-9.52768910261838,28.));
#5633=CARTESIAN_POINT('Ctrl Pts',(41.9999999999999,-8.00000000000002,28.));
#5634=CARTESIAN_POINT('',(35.8754892659006,-15.3369168116648,28.));
#5635=CARTESIAN_POINT('Origin',(37.7243503735294,-11.789833876057,28.));
#5636=CARTESIAN_POINT('Origin',(34.4933548293497,-17.9995666946386,28.));
#5637=CARTESIAN_POINT('',(-35.7228548293497,-17.9995666946386,28.));
#5638=CARTESIAN_POINT('Origin',(-34.4933548293497,-17.9995666946386,28.));
#5639=CARTESIAN_POINT('',(33.2638548293497,17.9995666946386,28.));
#5640=CARTESIAN_POINT('Origin',(34.4933548293497,17.9995666946386,28.));
#5641=CARTESIAN_POINT('',(-35.7228548293497,17.9995666946386,28.));
#5642=CARTESIAN_POINT('Origin',(-34.4933548293497,17.9995666946386,28.));
#5643=CARTESIAN_POINT('',(33.2638548293497,-17.9995666946386,28.));
#5644=CARTESIAN_POINT('Origin',(34.4933548293497,-17.9995666946386,28.));
#5645=CARTESIAN_POINT('Ctrl Pts',(-29.,23.,28.));
#5646=CARTESIAN_POINT('Ctrl Pts',(-29.,23.,9.33333333333334));
#5647=CARTESIAN_POINT('Ctrl Pts',(-29.,23.,-9.33333333333333));
#5648=CARTESIAN_POINT('Ctrl Pts',(-29.,23.,-28.));
#5649=CARTESIAN_POINT('Ctrl Pts',(-30.1219973762821,23.,28.));
#5650=CARTESIAN_POINT('Ctrl Pts',(-30.1219973762821,23.,9.33333333333331));
#5651=CARTESIAN_POINT('Ctrl Pts',(-30.1219973762821,23.,-9.3333333333333));
#5652=CARTESIAN_POINT('Ctrl Pts',(-30.1219973762821,23.,-28.));
#5653=CARTESIAN_POINT('Ctrl Pts',(-32.3422750892128,22.9886285837489,28.));
#5654=CARTESIAN_POINT('Ctrl Pts',(-32.3422750892128,22.9886285837489,9.33333333333337));
#5655=CARTESIAN_POINT('Ctrl Pts',(-32.3422750892128,22.9886285837489,-9.33333333333337));
#5656=CARTESIAN_POINT('Ctrl Pts',(-32.3422750892128,22.9886285837489,-28.));
#5657=CARTESIAN_POINT('Ctrl Pts',(-35.6474545103001,22.2509789468501,28.));
#5658=CARTESIAN_POINT('Ctrl Pts',(-35.6474545103001,22.2509789468501,9.33333333333329));
#5659=CARTESIAN_POINT('Ctrl Pts',(-35.6474545103001,22.2509789468501,-9.33333333333329));
#5660=CARTESIAN_POINT('Ctrl Pts',(-35.6474545103001,22.2509789468501,-28.));
#5661=CARTESIAN_POINT('Ctrl Pts',(-38.8012063707239,20.4860522152378,28.));
#5662=CARTESIAN_POINT('Ctrl Pts',(-38.8012063707239,20.4860522152378,9.33333333333336));
#5663=CARTESIAN_POINT('Ctrl Pts',(-38.8012063707239,20.4860522152378,-9.33333333333336));
#5664=CARTESIAN_POINT('Ctrl Pts',(-38.8012063707239,20.4860522152378,-28.));
#5665=CARTESIAN_POINT('Ctrl Pts',(-41.4875823035005,17.8011089697044,28.));
#5666=CARTESIAN_POINT('Ctrl Pts',(-41.4875823035005,17.8011089697044,9.33333333333331));
#5667=CARTESIAN_POINT('Ctrl Pts',(-41.4875823035005,17.8011089697044,-9.33333333333331));
#5668=CARTESIAN_POINT('Ctrl Pts',(-41.4875823035005,17.8011089697044,-28.));
#5669=CARTESIAN_POINT('Ctrl Pts',(-43.2484262976447,14.648479706232,28.));
#5670=CARTESIAN_POINT('Ctrl Pts',(-43.2484262976447,14.648479706232,9.33333333333336));
#5671=CARTESIAN_POINT('Ctrl Pts',(-43.2484262976447,14.648479706232,-9.33333333333336));
#5672=CARTESIAN_POINT('Ctrl Pts',(-43.2484262976447,14.648479706232,-28.));
#5673=CARTESIAN_POINT('Ctrl Pts',(-43.9899494238344,11.3418986254383,28.));
#5674=CARTESIAN_POINT('Ctrl Pts',(-43.9899494238344,11.3418986254383,9.33333333333331));
#5675=CARTESIAN_POINT('Ctrl Pts',(-43.9899494238344,11.3418986254383,-9.33333333333331));
#5676=CARTESIAN_POINT('Ctrl Pts',(-43.9899494238344,11.3418986254383,-28.));
#5677=CARTESIAN_POINT('Ctrl Pts',(-44.0000000000001,9.12199737628211,28.));
#5678=CARTESIAN_POINT('Ctrl Pts',(-44.0000000000001,9.12199737628211,9.33333333333334));
#5679=CARTESIAN_POINT('Ctrl Pts',(-44.,9.12199737628208,-9.33333333333334));
#5680=CARTESIAN_POINT('Ctrl Pts',(-44.,9.12199737628208,-28.));
#5681=CARTESIAN_POINT('Ctrl Pts',(-44.0000000000001,8.00000000000004,28.));
#5682=CARTESIAN_POINT('Ctrl Pts',(-44.0000000000001,8.00000000000004,9.33333333333334));
#5683=CARTESIAN_POINT('Ctrl Pts',(-44.0000000000001,8.00000000000001,-9.33333333333334));
#5684=CARTESIAN_POINT('Ctrl Pts',(-44.0000000000001,8.00000000000001,-28.));
#5685=CARTESIAN_POINT('',(-29.,23.,11.5));
#5686=CARTESIAN_POINT('',(-29.,23.,-1.12354570092066E-14));
#5687=CARTESIAN_POINT('',(-29.5,22.9995206620338,11.5));
#5688=CARTESIAN_POINT('Ctrl Pts',(-29.,23.,11.5));
#5689=CARTESIAN_POINT('Ctrl Pts',(-29.1669626726284,23.,11.5));
#5690=CARTESIAN_POINT('Ctrl Pts',(-29.3336627507863,22.9998740959632,11.5));
#5691=CARTESIAN_POINT('Ctrl Pts',(-29.5001254504761,22.9992452732797,11.5));
#5692=CARTESIAN_POINT('',(-31.5,22.9432771375184,9.50000000000001));
#5693=CARTESIAN_POINT('Ctrl Pts',(-29.5001254504761,22.9992452732797,11.5));
#5694=CARTESIAN_POINT('Ctrl Pts',(-29.584514388385,22.9989264890807,11.5000000856397));
#5695=CARTESIAN_POINT('Ctrl Pts',(-29.6689887084879,22.9984772610823,11.4946635682525));
#5696=CARTESIAN_POINT('Ctrl Pts',(-29.7530385974021,22.997852595669,11.4839585755172));
#5697=CARTESIAN_POINT('Ctrl Pts',(-29.8629937488622,22.9970354002983,11.4699541656031));
#5698=CARTESIAN_POINT('Ctrl Pts',(-29.9713213963466,22.9959218479224,11.4468773031585));
#5699=CARTESIAN_POINT('Ctrl Pts',(-30.0769399010139,22.9944598852515,11.4150913354088));
#5700=CARTESIAN_POINT('Ctrl Pts',(-30.1771604853557,22.9930726401505,11.3849298758069));
#5701=CARTESIAN_POINT('Ctrl Pts',(-30.2749419100462,22.9913714093373,11.3469267676561));
#5702=CARTESIAN_POINT('Ctrl Pts',(-30.3693637783958,22.9893592915899,11.3013924473266));
#5703=CARTESIAN_POINT('Ctrl Pts',(-30.4124935406812,22.9884402019589,11.2805934052618));
#5704=CARTESIAN_POINT('Ctrl Pts',(-30.4549223870694,22.9874569471136,11.2582230099298));
#5705=CARTESIAN_POINT('Ctrl Pts',(-30.4965627629982,22.9864134816307,11.2343108473147));
#5706=CARTESIAN_POINT('Ctrl Pts',(-30.5902165651957,22.9840666125703,11.1805297538995));
#5707=CARTESIAN_POINT('Ctrl Pts',(-30.6791349870747,22.9814303886399,11.1193767915478));
#5708=CARTESIAN_POINT('Ctrl Pts',(-30.7625254338375,22.9786048329252,11.0515434718558));
#5709=CARTESIAN_POINT('Ctrl Pts',(-30.8531978288433,22.9755325397093,10.9777867071851));
#5710=CARTESIAN_POINT('Ctrl Pts',(-30.9373347586425,22.9722367091894,10.8961319400044));
#5711=CARTESIAN_POINT('Ctrl Pts',(-31.0139154486603,22.9689089330596,10.8074681172292));
#5712=CARTESIAN_POINT('Ctrl Pts',(-31.0334597777788,22.9680596438733,10.7848400247843));
#5713=CARTESIAN_POINT('Ctrl Pts',(-31.0525119305554,22.9672085479305,10.7617554095216));
#5714=CARTESIAN_POINT('Ctrl Pts',(-31.0710549082953,22.9663593319712,10.7382290482381));
#5715=CARTESIAN_POINT('Ctrl Pts',(-31.1604305545781,22.9622661800373,10.6248338981231));
#5716=CARTESIAN_POINT('Ctrl Pts',(-31.2370655890219,22.958259114775,10.5023337438134));
#5717=CARTESIAN_POINT('Ctrl Pts',(-31.2998032305941,22.9547585201935,10.3729661452531));
#5718=CARTESIAN_POINT('Ctrl Pts',(-31.3473752757707,22.9521041258076,10.274870630521));
#5719=CARTESIAN_POINT('Ctrl Pts',(-31.3869564359634,22.9497423623199,10.1728265224332));
#5720=CARTESIAN_POINT('Ctrl Pts',(-31.4180374326162,22.9478353326886,10.0678093621112));
#5721=CARTESIAN_POINT('Ctrl Pts',(-31.4484841895226,22.945967217961,9.96493518510083));
#5722=CARTESIAN_POINT('Ctrl Pts',(-31.4706083381911,22.9445473093024,9.85977227767586));
#5723=CARTESIAN_POINT('Ctrl Pts',(-31.4841939116652,22.9436699019528,9.75333413886186));
#5724=CARTESIAN_POINT('Ctrl Pts',(-31.4910529264043,22.9432269210249,9.69959619660092));
#5725=CARTESIAN_POINT('Ctrl Pts',(-31.4957267358311,22.9429219304785,9.64560122259034));
#5726=CARTESIAN_POINT('Ctrl Pts',(-31.498203673317,22.942760241362,9.59148199122582));
#5727=CARTESIAN_POINT('Ctrl Pts',(-31.49959848673,22.9426691909621,9.56100636144641));
#5728=CARTESIAN_POINT('Ctrl Pts',(-31.5002960577823,22.9426235462618,9.53050443352687));
#5729=CARTESIAN_POINT('Ctrl Pts',(-31.5002960577136,22.9426235462663,9.49999999999999));
#5730=CARTESIAN_POINT('',(-31.5,22.9432771375184,-8.5));
#5731=CARTESIAN_POINT('Ctrl Pts',(-31.5,22.9432771375184,9.50000000000001));
#5732=CARTESIAN_POINT('Ctrl Pts',(-31.5,22.9432771375184,3.5));
#5733=CARTESIAN_POINT('Ctrl Pts',(-31.5,22.9432771375184,-2.5));
#5734=CARTESIAN_POINT('Ctrl Pts',(-31.5,22.9432771375184,-8.5));
#5735=CARTESIAN_POINT('',(-29.5,22.9995206620338,-10.5));
#5736=CARTESIAN_POINT('Ctrl Pts',(-31.5002960577136,22.9426235462663,-8.50000000000001));
#5737=CARTESIAN_POINT('Ctrl Pts',(-31.5002960576865,22.9426235462681,-8.51203856159061));
#5738=CARTESIAN_POINT('Ctrl Pts',(-31.5001874118351,22.9426306506118,-8.52407751342525));
#5739=CARTESIAN_POINT('Ctrl Pts',(-31.499970098702,22.9426448554182,-8.53611539307227));
#5740=CARTESIAN_POINT('Ctrl Pts',(-31.4991255006883,22.9427000630861,-8.58290119516308));
#5741=CARTESIAN_POINT('Ctrl Pts',(-31.4966399826756,22.9428626762649,-8.62964227655618));
#5742=CARTESIAN_POINT('Ctrl Pts',(-31.4925181747025,22.9431305760974,-8.67625288936714));
#5743=CARTESIAN_POINT('Ctrl Pts',(-31.4859256892772,22.943559059363,-8.75080264705252));
#5744=CARTESIAN_POINT('Ctrl Pts',(-31.4751561267204,22.9442570215979,-8.82492002536385));
#5745=CARTESIAN_POINT('Ctrl Pts',(-31.4602607359514,22.9452014892465,-8.89825727922572));
#5746=CARTESIAN_POINT('Ctrl Pts',(-31.4368115853943,22.9466883226186,-9.01370885306585));
#5747=CARTESIAN_POINT('Ctrl Pts',(-31.4032477205472,22.9487816730227,-9.12668183333727));
#5748=CARTESIAN_POINT('Ctrl Pts',(-31.3600501304552,22.9513129177963,-9.23589242514491));
#5749=CARTESIAN_POINT('Ctrl Pts',(-31.3278567132505,22.9531993521754,-9.31728266329831));
#5750=CARTESIAN_POINT('Ctrl Pts',(-31.2903124896809,22.9553271906536,-9.39658322642992));
#5751=CARTESIAN_POINT('Ctrl Pts',(-31.2476143300445,22.9576084739337,-9.47326271849131));
#5752=CARTESIAN_POINT('Ctrl Pts',(-31.1786118256129,22.9612951494482,-9.59718086943372));
#5753=CARTESIAN_POINT('Ctrl Pts',(-31.0967173595486,22.9653481650718,-9.71323417900623));
#5754=CARTESIAN_POINT('Ctrl Pts',(-31.0034052334768,22.9693634184474,-9.81953840395821));
#5755=CARTESIAN_POINT('Ctrl Pts',(-30.9585402186455,22.9712939757053,-9.87065009575956));
#5756=CARTESIAN_POINT('Ctrl Pts',(-30.9110355878036,22.9732161756064,-9.91950805021208));
#5757=CARTESIAN_POINT('Ctrl Pts',(-30.8610544415062,22.9750900674509,-9.96590283381069));
#5758=CARTESIAN_POINT('Ctrl Pts',(-30.7819942278759,22.9780541909359,-10.039290136311));
#5759=CARTESIAN_POINT('Ctrl Pts',(-30.6972625179255,22.9808745963201,-10.1060274462349));
#5760=CARTESIAN_POINT('Ctrl Pts',(-30.6077381214669,22.983433678655,-10.165538855979));
#5761=CARTESIAN_POINT('Ctrl Pts',(-30.5206877287771,22.9859220408333,-10.2234056698609));
#5762=CARTESIAN_POINT('Ctrl Pts',(-30.4291058047609,22.988163170795,-10.2744404402356));
#5763=CARTESIAN_POINT('Ctrl Pts',(-30.3338002494401,22.990099403584,-10.3181136977703));
#5764=CARTESIAN_POINT('Ctrl Pts',(-30.3180299081415,22.9904197946862,-10.325340371752));
#5765=CARTESIAN_POINT('Ctrl Pts',(-30.3021576123201,22.9907319534032,-10.3323654817996));
#5766=CARTESIAN_POINT('Ctrl Pts',(-30.2861870245386,22.9910357566987,-10.3391866290282));
#5767=CARTESIAN_POINT('Ctrl Pts',(-30.1841769359133,22.9929762614263,-10.3827558352986));
#5768=CARTESIAN_POINT('Ctrl Pts',(-30.0788855994164,22.9945570697159,-10.4176926748891));
#5769=CARTESIAN_POINT('Ctrl Pts',(-29.9714262034315,22.995797111317,-10.4437263585166));
#5770=CARTESIAN_POINT('Ctrl Pts',(-29.8642736577948,22.9970336119788,-10.4696857029502));
#5771=CARTESIAN_POINT('Ctrl Pts',(-29.7549652868374,22.997932381845,-10.4867926647562));
#5772=CARTESIAN_POINT('Ctrl Pts',(-29.6446102645971,22.9985637097651,-10.4947787677506));
#5773=CARTESIAN_POINT('Ctrl Pts',(-29.596471467825,22.9988391060799,-10.4982624459852));
#5774=CARTESIAN_POINT('Ctrl Pts',(-29.5482784563961,22.9990633724548,-10.5000000363708));
#5775=CARTESIAN_POINT('Ctrl Pts',(-29.5001254504761,22.9992452732797,-10.5));
#5776=CARTESIAN_POINT('Ctrl Pts',(-29.5001254504761,22.9992452732797,-10.5));
#5777=CARTESIAN_POINT('Ctrl Pts',(-29.3336627507863,22.9998740959632,-10.5));
#5778=CARTESIAN_POINT('Ctrl Pts',(-29.1669626726284,23.,-10.5));
#5779=CARTESIAN_POINT('Ctrl Pts',(-29.,23.,-10.5));
#5780=CARTESIAN_POINT('Origin',(43.2,23.,0.));
#5781=CARTESIAN_POINT('',(-18.85,23.,25.));
#5782=CARTESIAN_POINT('Origin',(-22.,23.,25.));
#5783=CARTESIAN_POINT('Origin',(-22.,23.,25.));
#5784=CARTESIAN_POINT('',(29.,23.,11.5));
#5785=CARTESIAN_POINT('',(29.,23.,-6.75));
#5786=CARTESIAN_POINT('',(37.35,23.,11.5));
#5787=CARTESIAN_POINT('Origin',(-31.5,23.,-10.5));
#5788=CARTESIAN_POINT('',(-29.5,20.5008741330614,-10.5));
#5789=CARTESIAN_POINT('',(-29.5,23.,-10.5));
#5790=CARTESIAN_POINT('',(-27.5650890706646,21.,-10.5));
#5791=CARTESIAN_POINT('Origin',(-27.5650890706646,17.,-10.5));
#5792=CARTESIAN_POINT('',(27.5650890706646,21.,-10.5));
#5793=CARTESIAN_POINT('',(-0.329670691150965,21.,-10.5));
#5794=CARTESIAN_POINT('',(29.5,20.5008741330614,-10.5));
#5795=CARTESIAN_POINT('Origin',(27.5650890706646,17.,-10.5));
#5796=CARTESIAN_POINT('',(29.5,22.9995206620338,-10.5));
#5797=CARTESIAN_POINT('',(29.5,23.,-10.5));
#5798=CARTESIAN_POINT('Ctrl Pts',(29.,23.,-10.5));
#5799=CARTESIAN_POINT('Ctrl Pts',(29.1669626726284,23.,-10.5));
#5800=CARTESIAN_POINT('Ctrl Pts',(29.3336627507863,22.9998740959632,-10.5));
#5801=CARTESIAN_POINT('Ctrl Pts',(29.5001254504761,22.9992452732797,-10.5));
#5802=CARTESIAN_POINT('',(-15.,32.5,-10.5));
#5803=CARTESIAN_POINT('Origin',(0.,32.5,-10.5));
#5804=CARTESIAN_POINT('',(-15.,32.5,-10.5));
#5805=CARTESIAN_POINT('',(6.,32.5,-10.5));
#5806=CARTESIAN_POINT('Origin',(0.,32.5,-10.5));
#5807=CARTESIAN_POINT('',(-10.9,32.5,-10.5));
#5808=CARTESIAN_POINT('Origin',(-12.5,32.5,-10.5));
#5809=CARTESIAN_POINT('',(1.6,45.,-10.5));
#5810=CARTESIAN_POINT('Origin',(0.,45.,-10.5));
#5811=CARTESIAN_POINT('',(14.1,32.5,-10.5));
#5812=CARTESIAN_POINT('Origin',(12.5,32.5,-10.5));
#5813=CARTESIAN_POINT('',(9.0065,27.5,-10.5));
#5814=CARTESIAN_POINT('Origin',(8.,27.5,-10.5));
#5815=CARTESIAN_POINT('',(-6.99350000000001,27.5,-10.5));
#5816=CARTESIAN_POINT('Origin',(-8.00000000000001,27.5,-10.5));
#5817=CARTESIAN_POINT('Origin',(-29.5,23.,-8.5));
#5818=CARTESIAN_POINT('',(-31.5,17.7186626316963,-8.5));
#5819=CARTESIAN_POINT('',(-31.5,23.,-8.5));
#5820=CARTESIAN_POINT('Ctrl Pts',(-29.5,20.5008741330614,-10.5));
#5821=CARTESIAN_POINT('Ctrl Pts',(-29.8198728771239,20.3240824226426,-10.5));
#5822=CARTESIAN_POINT('Ctrl Pts',(-30.1269976111677,20.0937681489859,-10.4212353208681));
#5823=CARTESIAN_POINT('Ctrl Pts',(-30.6473427695626,19.5757496978269,-10.1636937179433));
#5824=CARTESIAN_POINT('Ctrl Pts',(-30.8610552705729,19.2881777990376,-9.98564570407282));
#5825=CARTESIAN_POINT('Ctrl Pts',(-31.1711617010484,18.756827943383,-9.62314470229561));
#5826=CARTESIAN_POINT('Ctrl Pts',(-31.2925002920358,18.4742452762781,-9.41535649854352));
#5827=CARTESIAN_POINT('Ctrl Pts',(-31.4116833256825,18.1047447413826,-9.09849863861427));
#5828=CARTESIAN_POINT('Ctrl Pts',(-31.4410327243913,17.9930655887357,-8.99475990513378));
#5829=CARTESIAN_POINT('Ctrl Pts',(-31.4732376463824,17.8536065502649,-8.83081754172401));
#5830=CARTESIAN_POINT('Ctrl Pts',(-31.481869228422,17.8123921723295,-8.77565169894811));
#5831=CARTESIAN_POINT('Ctrl Pts',(-31.4950698419783,17.7459219558473,-8.65324879108397));
#5832=CARTESIAN_POINT('Ctrl Pts',(-31.5,17.7186626316962,-8.58714976339791));
#5833=CARTESIAN_POINT('Ctrl Pts',(-31.5,17.7186626316962,-8.50000000000001));
#5834=CARTESIAN_POINT('Origin',(-31.5,23.,10.5));
#5835=CARTESIAN_POINT('',(-31.5,17.7186626316962,9.50000000000001));
#5836=CARTESIAN_POINT('',(-31.5,23.,9.50000000000001));
#5837=CARTESIAN_POINT('',(-31.5,17.7186626316963,28.));
#5838=CARTESIAN_POINT('Origin',(-9.59232693276135E-15,-23.,43.2));
#5839=CARTESIAN_POINT('',(-10.5,-23.,-16.8860990548577));
#5840=CARTESIAN_POINT('',(-10.5,-23.,37.35));
#5841=CARTESIAN_POINT('',(-11.,-23.,-13.7636000556585));
#5842=CARTESIAN_POINT('Origin',(-20.5,-23.,-16.8860990548577));
#5843=CARTESIAN_POINT('',(-11.5,-23.,-10.6411010564593));
#5844=CARTESIAN_POINT('Origin',(-1.50000000000001,-23.,-10.6411010564593));
#5845=CARTESIAN_POINT('',(-11.5,-23.,13.1139009451423));
#5846=CARTESIAN_POINT('',(-11.5,-23.,14.1));
#5847=CARTESIAN_POINT('',(-11.,-23.,16.2363999443415));
#5848=CARTESIAN_POINT('Origin',(-1.50000000000001,-23.,13.1139009451423));
#5849=CARTESIAN_POINT('',(-10.5,-23.,19.3588989435407));
#5850=CARTESIAN_POINT('Origin',(-20.5,-23.,19.3588989435407));
#5851=CARTESIAN_POINT('',(-10.5,-23.,37.35));
#5852=CARTESIAN_POINT('',(-24.2,-23.,-25.));
#5853=CARTESIAN_POINT('Origin',(-22.,-23.,-25.));
#5854=CARTESIAN_POINT('Ctrl Pts',(44.,-13.5,-15.6458765795754));
#5855=CARTESIAN_POINT('Ctrl Pts',(44.,-13.5,-14.2152921931918));
#5856=CARTESIAN_POINT('Ctrl Pts',(44.,-13.5,-12.7847078068081));
#5857=CARTESIAN_POINT('Ctrl Pts',(44.,-13.5,-11.3541234204245));
#5858=CARTESIAN_POINT('Ctrl Pts',(44.,-14.6219973762821,-15.6458765795754));
#5859=CARTESIAN_POINT('Ctrl Pts',(44.,-14.6219973762821,-14.2152921931918));
#5860=CARTESIAN_POINT('Ctrl Pts',(44.,-14.6219973762821,-12.7847078068081));
#5861=CARTESIAN_POINT('Ctrl Pts',(44.,-14.6219973762821,-11.3541234204245));
#5862=CARTESIAN_POINT('Ctrl Pts',(43.9886330133628,-16.8422747750592,-15.6458765795754));
#5863=CARTESIAN_POINT('Ctrl Pts',(43.9886330133628,-16.8422747750592,-14.2152921931918));
#5864=CARTESIAN_POINT('Ctrl Pts',(43.9886330133628,-16.8422747750592,-12.7847078068081));
#5865=CARTESIAN_POINT('Ctrl Pts',(43.9886330133628,-16.8422747750592,-11.3541234204245));
#5866=CARTESIAN_POINT('Ctrl Pts',(43.2509784854957,-20.1474573887462,-15.6458765795754));
#5867=CARTESIAN_POINT('Ctrl Pts',(43.2509784854957,-20.1474573887462,-14.2152921931918));
#5868=CARTESIAN_POINT('Ctrl Pts',(43.2509784854957,-20.1474573887462,-12.7847078068081));
#5869=CARTESIAN_POINT('Ctrl Pts',(43.2509784854957,-20.1474573887462,-11.3541234204245));
#5870=CARTESIAN_POINT('Ctrl Pts',(41.4860563421247,-23.3012087464353,-15.6458765795754));
#5871=CARTESIAN_POINT('Ctrl Pts',(41.4860563421247,-23.3012087464353,-14.2152921931918));
#5872=CARTESIAN_POINT('Ctrl Pts',(41.4860563421247,-23.3012087464353,-12.7847078068081));
#5873=CARTESIAN_POINT('Ctrl Pts',(41.4860563421247,-23.3012087464353,-11.3541234204245));
#5874=CARTESIAN_POINT('Ctrl Pts',(38.8011077286813,-25.9875882493856,-15.6458765795754));
#5875=CARTESIAN_POINT('Ctrl Pts',(38.8011077286813,-25.9875882493856,-14.2152921931918));
#5876=CARTESIAN_POINT('Ctrl Pts',(38.8011077286813,-25.9875882493856,-12.7847078068081));
#5877=CARTESIAN_POINT('Ctrl Pts',(38.8011077286813,-25.9875882493856,-11.3541234204245));
#5878=CARTESIAN_POINT('Ctrl Pts',(35.6484733822872,-27.7484401546486,-15.6458765795754));
#5879=CARTESIAN_POINT('Ctrl Pts',(35.6484733822872,-27.7484401546486,-14.2152921931918));
#5880=CARTESIAN_POINT('Ctrl Pts',(35.6484733822872,-27.7484401546486,-12.7847078068081));
#5881=CARTESIAN_POINT('Ctrl Pts',(35.6484733822872,-27.7484401546486,-11.3541234204245));
#5882=CARTESIAN_POINT('Ctrl Pts',(32.3418949410011,-28.4899573947761,-15.6458765795754));
#5883=CARTESIAN_POINT('Ctrl Pts',(32.3418949410011,-28.4899573947761,-14.2152921931918));
#5884=CARTESIAN_POINT('Ctrl Pts',(32.3418949410011,-28.4899573947762,-12.7847078068081));
#5885=CARTESIAN_POINT('Ctrl Pts',(32.3418949410011,-28.4899573947762,-11.3541234204245));
#5886=CARTESIAN_POINT('Ctrl Pts',(30.1219973762821,-28.5,-15.6458765795754));
#5887=CARTESIAN_POINT('Ctrl Pts',(30.1219973762821,-28.5,-14.2152921931918));
#5888=CARTESIAN_POINT('Ctrl Pts',(30.1219973762821,-28.5000000000001,-12.7847078068081));
#5889=CARTESIAN_POINT('Ctrl Pts',(30.1219973762821,-28.5000000000001,-11.3541234204245));
#5890=CARTESIAN_POINT('Ctrl Pts',(29.,-28.5,-15.6458765795754));
#5891=CARTESIAN_POINT('Ctrl Pts',(29.,-28.5,-14.2152921931918));
#5892=CARTESIAN_POINT('Ctrl Pts',(29.,-28.5000000000001,-12.7847078068081));
#5893=CARTESIAN_POINT('Ctrl Pts',(29.,-28.5000000000001,-11.3541234204245));
#5894=CARTESIAN_POINT('',(44.,-13.5,-15.));
#5895=CARTESIAN_POINT('Ctrl Pts',(44.,-13.5,-15.6458765795754));
#5896=CARTESIAN_POINT('Ctrl Pts',(44.,-13.5,-15.4305843863836));
#5897=CARTESIAN_POINT('Ctrl Pts',(44.,-13.5,-15.2152921931918));
#5898=CARTESIAN_POINT('Ctrl Pts',(44.,-13.5,-15.));
#5899=CARTESIAN_POINT('',(44.,-13.5,-12.));
#5900=CARTESIAN_POINT('',(44.,-13.5,-0.749999999999991));
#5901=CARTESIAN_POINT('Ctrl Pts',(44.,-13.5,-12.));
#5902=CARTESIAN_POINT('Ctrl Pts',(44.,-13.5,-11.7847078068081));
#5903=CARTESIAN_POINT('Ctrl Pts',(44.,-13.5,-11.5694156136163));
#5904=CARTESIAN_POINT('Ctrl Pts',(44.,-13.5,-11.3541234204245));
#5905=CARTESIAN_POINT('',(29.,-28.5,-12.));
#5906=CARTESIAN_POINT('Ctrl Pts',(43.7343214932511,-17.7610260682733,-12.));
#5907=CARTESIAN_POINT('Ctrl Pts',(43.5924428161684,-18.5559604264842,-12.));
#5908=CARTESIAN_POINT('Ctrl Pts',(43.3806537800502,-19.3456566448786,-12.));
#5909=CARTESIAN_POINT('Ctrl Pts',(43.079767216245,-20.1222188460799,-12.));
#5910=CARTESIAN_POINT('Ctrl Pts',(42.662671104372,-21.1987078413093,-12.));
#5911=CARTESIAN_POINT('Ctrl Pts',(42.0743637232484,-22.2499582938723,-12.));
#5912=CARTESIAN_POINT('Ctrl Pts',(41.3327185971126,-23.2233134373122,-12.));
#5913=CARTESIAN_POINT('Ctrl Pts',(40.5910734709769,-24.1966685807521,-12.));
#5914=CARTESIAN_POINT('Ctrl Pts',(39.6960905998291,-25.0921284150688,-12.));
#5915=CARTESIAN_POINT('Ctrl Pts',(38.7231601065228,-25.833333649771,-12.));
#5916=CARTESIAN_POINT('Ctrl Pts',(37.7502296132166,-26.5745388844733,-12.));
#5917=CARTESIAN_POINT('Ctrl Pts',(36.6993514977519,-27.161489519561,-12.));
#5918=CARTESIAN_POINT('Ctrl Pts',(35.6228160331386,-27.5785510437927,-12.));
#5919=CARTESIAN_POINT('Ctrl Pts',(34.5462805685252,-27.9956125680245,-12.));
#5920=CARTESIAN_POINT('Ctrl Pts',(33.4440877547631,-28.2427849814003,-12.));
#5921=CARTESIAN_POINT('Ctrl Pts',(32.3380169567024,-28.3688818393942,-12.));
#5922=CARTESIAN_POINT('Ctrl Pts',(31.2319461586416,-28.4949786973881,-12.));
#5923=CARTESIAN_POINT('Ctrl Pts',(30.1219973762821,-28.5,-12.));
#5924=CARTESIAN_POINT('Ctrl Pts',(29.,-28.5000000000001,-12.));
#5925=CARTESIAN_POINT('',(29.,-28.5,-0.74999999999999));
#5926=CARTESIAN_POINT('Origin',(43.2,-28.5,-12.));
#5927=CARTESIAN_POINT('',(18.,-28.5,-12.));
#5928=CARTESIAN_POINT('',(18.,-30.5,-12.));
#5929=CARTESIAN_POINT('',(43.2,-28.5,-12.));
#5930=CARTESIAN_POINT('Origin',(44.,-18.25,-13.5));
#5931=CARTESIAN_POINT('',(44.,-8.00000000000001,14.85));
#5932=CARTESIAN_POINT('',(44.,8.00000000000001,-6.74999999999999));
#5933=CARTESIAN_POINT('',(44.,-13.5,15.));
#5934=CARTESIAN_POINT('Ctrl Pts',(44.,-13.5,15.));
#5935=CARTESIAN_POINT('Ctrl Pts',(44.,-13.5,15.2152921931918));
#5936=CARTESIAN_POINT('Ctrl Pts',(44.,-13.5,15.4305843863836));
#5937=CARTESIAN_POINT('Ctrl Pts',(44.,-13.5,15.6458765795755));
#5938=CARTESIAN_POINT('',(44.,-13.5,12.));
#5939=CARTESIAN_POINT('',(44.,-13.5,-0.749999999999991));
#5940=CARTESIAN_POINT('Ctrl Pts',(44.,-13.5,11.3541234204245));
#5941=CARTESIAN_POINT('Ctrl Pts',(44.,-13.5,11.5694156136163));
#5942=CARTESIAN_POINT('Ctrl Pts',(44.,-13.5,11.7847078068082));
#5943=CARTESIAN_POINT('Ctrl Pts',(44.,-13.5,12.));
#5944=CARTESIAN_POINT('Ctrl Pts',(44.,-13.5,11.3541234204245));
#5945=CARTESIAN_POINT('Ctrl Pts',(44.,-13.5,12.7847078068082));
#5946=CARTESIAN_POINT('Ctrl Pts',(44.,-13.5,14.2152921931918));
#5947=CARTESIAN_POINT('Ctrl Pts',(44.,-13.5,15.6458765795755));
#5948=CARTESIAN_POINT('Ctrl Pts',(44.,-14.6219973762821,11.3541234204245));
#5949=CARTESIAN_POINT('Ctrl Pts',(44.,-14.6219973762821,12.7847078068082));
#5950=CARTESIAN_POINT('Ctrl Pts',(44.,-14.6219973762821,14.2152921931918));
#5951=CARTESIAN_POINT('Ctrl Pts',(44.,-14.6219973762821,15.6458765795755));
#5952=CARTESIAN_POINT('Ctrl Pts',(43.9886330133628,-16.8422747750592,11.3541234204245));
#5953=CARTESIAN_POINT('Ctrl Pts',(43.9886330133628,-16.8422747750592,12.7847078068082));
#5954=CARTESIAN_POINT('Ctrl Pts',(43.9886330133628,-16.8422747750592,14.2152921931918));
#5955=CARTESIAN_POINT('Ctrl Pts',(43.9886330133628,-16.8422747750592,15.6458765795755));
#5956=CARTESIAN_POINT('Ctrl Pts',(43.2509784854957,-20.1474573887462,11.3541234204245));
#5957=CARTESIAN_POINT('Ctrl Pts',(43.2509784854957,-20.1474573887462,12.7847078068082));
#5958=CARTESIAN_POINT('Ctrl Pts',(43.2509784854957,-20.1474573887462,14.2152921931918));
#5959=CARTESIAN_POINT('Ctrl Pts',(43.2509784854957,-20.1474573887462,15.6458765795755));
#5960=CARTESIAN_POINT('Ctrl Pts',(41.4860563421247,-23.3012087464353,11.3541234204245));
#5961=CARTESIAN_POINT('Ctrl Pts',(41.4860563421247,-23.3012087464353,12.7847078068082));
#5962=CARTESIAN_POINT('Ctrl Pts',(41.4860563421247,-23.3012087464353,14.2152921931918));
#5963=CARTESIAN_POINT('Ctrl Pts',(41.4860563421247,-23.3012087464353,15.6458765795755));
#5964=CARTESIAN_POINT('Ctrl Pts',(38.8011077286813,-25.9875882493856,11.3541234204245));
#5965=CARTESIAN_POINT('Ctrl Pts',(38.8011077286813,-25.9875882493856,12.7847078068082));
#5966=CARTESIAN_POINT('Ctrl Pts',(38.8011077286813,-25.9875882493856,14.2152921931918));
#5967=CARTESIAN_POINT('Ctrl Pts',(38.8011077286813,-25.9875882493856,15.6458765795755));
#5968=CARTESIAN_POINT('Ctrl Pts',(35.6484733822872,-27.7484401546486,11.3541234204245));
#5969=CARTESIAN_POINT('Ctrl Pts',(35.6484733822872,-27.7484401546486,12.7847078068082));
#5970=CARTESIAN_POINT('Ctrl Pts',(35.6484733822872,-27.7484401546486,14.2152921931918));
#5971=CARTESIAN_POINT('Ctrl Pts',(35.6484733822872,-27.7484401546486,15.6458765795755));
#5972=CARTESIAN_POINT('Ctrl Pts',(32.3418949410011,-28.4899573947761,11.3541234204245));
#5973=CARTESIAN_POINT('Ctrl Pts',(32.3418949410011,-28.4899573947761,12.7847078068082));
#5974=CARTESIAN_POINT('Ctrl Pts',(32.3418949410011,-28.4899573947761,14.2152921931918));
#5975=CARTESIAN_POINT('Ctrl Pts',(32.3418949410011,-28.4899573947761,15.6458765795755));
#5976=CARTESIAN_POINT('Ctrl Pts',(30.1219973762821,-28.5,11.3541234204245));
#5977=CARTESIAN_POINT('Ctrl Pts',(30.1219973762821,-28.5,12.7847078068082));
#5978=CARTESIAN_POINT('Ctrl Pts',(30.1219973762821,-28.5,14.2152921931918));
#5979=CARTESIAN_POINT('Ctrl Pts',(30.1219973762821,-28.5,15.6458765795755));
#5980=CARTESIAN_POINT('Ctrl Pts',(29.,-28.5,11.3541234204245));
#5981=CARTESIAN_POINT('Ctrl Pts',(29.,-28.5,12.7847078068082));
#5982=CARTESIAN_POINT('Ctrl Pts',(29.,-28.5,14.2152921931918));
#5983=CARTESIAN_POINT('Ctrl Pts',(29.,-28.5,15.6458765795755));
#5984=CARTESIAN_POINT('',(29.,-28.5,15.));
#5985=CARTESIAN_POINT('Ctrl Pts',(43.7343214932511,-17.7610260682731,15.));
#5986=CARTESIAN_POINT('Ctrl Pts',(43.5924428161684,-18.5559604264841,15.));
#5987=CARTESIAN_POINT('Ctrl Pts',(43.3806537800502,-19.3456566448785,15.));
#5988=CARTESIAN_POINT('Ctrl Pts',(43.079767216245,-20.1222188460799,15.));
#5989=CARTESIAN_POINT('Ctrl Pts',(42.662671104372,-21.1987078413092,15.));
#5990=CARTESIAN_POINT('Ctrl Pts',(42.0743637232483,-22.2499582938723,15.));
#5991=CARTESIAN_POINT('Ctrl Pts',(41.3327185971126,-23.2233134373122,15.));
#5992=CARTESIAN_POINT('Ctrl Pts',(40.5910734709769,-24.1966685807521,15.));
#5993=CARTESIAN_POINT('Ctrl Pts',(39.6960905998291,-25.0921284150688,15.));
#5994=CARTESIAN_POINT('Ctrl Pts',(38.7231601065228,-25.833333649771,15.));
#5995=CARTESIAN_POINT('Ctrl Pts',(37.7502296132166,-26.5745388844733,15.));
#5996=CARTESIAN_POINT('Ctrl Pts',(36.6993514977519,-27.1614895195609,15.));
#5997=CARTESIAN_POINT('Ctrl Pts',(35.6228160331385,-27.5785510437927,15.));
#5998=CARTESIAN_POINT('Ctrl Pts',(34.5462805685252,-27.9956125680244,15.));
#5999=CARTESIAN_POINT('Ctrl Pts',(33.4440877547631,-28.2427849814003,15.));
#6000=CARTESIAN_POINT('Ctrl Pts',(32.3380169567023,-28.3688818393941,15.));
#6001=CARTESIAN_POINT('Ctrl Pts',(31.2319461586416,-28.494978697388,15.));
#6002=CARTESIAN_POINT('Ctrl Pts',(30.1219973762821,-28.5,15.));
#6003=CARTESIAN_POINT('Ctrl Pts',(29.,-28.5,15.));
#6004=CARTESIAN_POINT('',(29.,-28.5,-0.74999999999999));
#6005=CARTESIAN_POINT('Origin',(10.5,-32.5,15.));
#6006=CARTESIAN_POINT('',(10.5,-32.5,15.));
#6007=CARTESIAN_POINT('',(10.5,-23.,15.));
#6008=CARTESIAN_POINT('',(14.6,-32.5,15.));
#6009=CARTESIAN_POINT('',(10.5,-32.5,15.));
#6010=CARTESIAN_POINT('',(14.6,-29.25,15.));
#6011=CARTESIAN_POINT('',(14.6,-32.5,15.));
#6012=CARTESIAN_POINT('',(18.,-29.25,15.));
#6013=CARTESIAN_POINT('',(14.25,-29.25,15.));
#6014=CARTESIAN_POINT('',(18.,-28.5,15.));
#6015=CARTESIAN_POINT('',(18.,-23.,15.));
#6016=CARTESIAN_POINT('',(43.2,-28.5,15.));
#6017=CARTESIAN_POINT('Ctrl Pts',(29.,23.,-28.));
#6018=CARTESIAN_POINT('Ctrl Pts',(29.,23.,-9.33333333333334));
#6019=CARTESIAN_POINT('Ctrl Pts',(29.,23.,9.33333333333334));
#6020=CARTESIAN_POINT('Ctrl Pts',(29.,23.,28.));
#6021=CARTESIAN_POINT('Ctrl Pts',(30.1219973762821,23.,-28.));
#6022=CARTESIAN_POINT('Ctrl Pts',(30.1219973762821,23.,-9.33333333333331));
#6023=CARTESIAN_POINT('Ctrl Pts',(30.1219973762821,23.,9.3333333333333));
#6024=CARTESIAN_POINT('Ctrl Pts',(30.1219973762821,23.,28.));
#6025=CARTESIAN_POINT('Ctrl Pts',(32.3422750892128,22.9886285837489,-28.));
#6026=CARTESIAN_POINT('Ctrl Pts',(32.3422750892128,22.9886285837489,-9.33333333333339));
#6027=CARTESIAN_POINT('Ctrl Pts',(32.3422750892128,22.9886285837489,9.33333333333338));
#6028=CARTESIAN_POINT('Ctrl Pts',(32.3422750892128,22.9886285837489,28.));
#6029=CARTESIAN_POINT('Ctrl Pts',(35.6474545103001,22.2509789468501,-28.));
#6030=CARTESIAN_POINT('Ctrl Pts',(35.6474545103001,22.2509789468501,-9.3333333333333));
#6031=CARTESIAN_POINT('Ctrl Pts',(35.6474545103001,22.2509789468501,9.33333333333329));
#6032=CARTESIAN_POINT('Ctrl Pts',(35.6474545103001,22.2509789468501,28.));
#6033=CARTESIAN_POINT('Ctrl Pts',(38.8012063707239,20.4860522152378,-28.));
#6034=CARTESIAN_POINT('Ctrl Pts',(38.8012063707239,20.4860522152378,-9.33333333333336));
#6035=CARTESIAN_POINT('Ctrl Pts',(38.8012063707239,20.4860522152378,9.33333333333336));
#6036=CARTESIAN_POINT('Ctrl Pts',(38.8012063707239,20.4860522152378,28.));
#6037=CARTESIAN_POINT('Ctrl Pts',(41.4875823035005,17.8011089697044,-28.));
#6038=CARTESIAN_POINT('Ctrl Pts',(41.4875823035005,17.8011089697044,-9.3333333333333));
#6039=CARTESIAN_POINT('Ctrl Pts',(41.4875823035005,17.8011089697044,9.3333333333333));
#6040=CARTESIAN_POINT('Ctrl Pts',(41.4875823035005,17.8011089697044,28.));
#6041=CARTESIAN_POINT('Ctrl Pts',(43.2484262976447,14.648479706232,-28.));
#6042=CARTESIAN_POINT('Ctrl Pts',(43.2484262976447,14.648479706232,-9.33333333333336));
#6043=CARTESIAN_POINT('Ctrl Pts',(43.2484262976447,14.648479706232,9.33333333333336));
#6044=CARTESIAN_POINT('Ctrl Pts',(43.2484262976447,14.648479706232,28.));
#6045=CARTESIAN_POINT('Ctrl Pts',(43.9899494238344,11.3418986254383,-28.));
#6046=CARTESIAN_POINT('Ctrl Pts',(43.9899494238344,11.3418986254383,-9.33333333333332));
#6047=CARTESIAN_POINT('Ctrl Pts',(43.9899494238344,11.3418986254383,9.33333333333332));
#6048=CARTESIAN_POINT('Ctrl Pts',(43.9899494238344,11.3418986254383,28.));
#6049=CARTESIAN_POINT('Ctrl Pts',(44.,9.12199737628208,-28.));
#6050=CARTESIAN_POINT('Ctrl Pts',(44.,9.12199737628208,-9.33333333333335));
#6051=CARTESIAN_POINT('Ctrl Pts',(44.,9.12199737628208,9.33333333333335));
#6052=CARTESIAN_POINT('Ctrl Pts',(44.,9.12199737628208,28.));
#6053=CARTESIAN_POINT('Ctrl Pts',(44.,8.00000000000001,-28.));
#6054=CARTESIAN_POINT('Ctrl Pts',(44.,8.00000000000001,-9.33333333333334));
#6055=CARTESIAN_POINT('Ctrl Pts',(44.,8.00000000000001,9.33333333333334));
#6056=CARTESIAN_POINT('Ctrl Pts',(44.,8.00000000000001,28.));
#6057=CARTESIAN_POINT('',(31.5,22.9432771375184,-8.5));
#6058=CARTESIAN_POINT('Ctrl Pts',(29.5001254504761,22.9992452732797,-10.5));
#6059=CARTESIAN_POINT('Ctrl Pts',(29.584514388385,22.9989264890807,-10.5000000856397));
#6060=CARTESIAN_POINT('Ctrl Pts',(29.6689887084879,22.9984772610823,-10.4946635682525));
#6061=CARTESIAN_POINT('Ctrl Pts',(29.7530385974021,22.997852595669,-10.4839585755172));
#6062=CARTESIAN_POINT('Ctrl Pts',(29.8629937488622,22.9970354002983,-10.4699541656031));
#6063=CARTESIAN_POINT('Ctrl Pts',(29.9713213963465,22.9959218479224,-10.4468773031585));
#6064=CARTESIAN_POINT('Ctrl Pts',(30.0769399010137,22.9944598852515,-10.4150913354089));
#6065=CARTESIAN_POINT('Ctrl Pts',(30.1771604853555,22.9930726401505,-10.384929875807));
#6066=CARTESIAN_POINT('Ctrl Pts',(30.2749419100459,22.9913714093373,-10.3469267676563));
#6067=CARTESIAN_POINT('Ctrl Pts',(30.3693637783954,22.9893592915899,-10.3013924473268));
#6068=CARTESIAN_POINT('Ctrl Pts',(30.4124935406809,22.9884402019589,-10.280593405262));
#6069=CARTESIAN_POINT('Ctrl Pts',(30.4549223870693,22.9874569471136,-10.2582230099299));
#6070=CARTESIAN_POINT('Ctrl Pts',(30.4965627629982,22.9864134816307,-10.2343108473147));
#6071=CARTESIAN_POINT('Ctrl Pts',(30.5902165651957,22.9840666125703,-10.1805297538995));
#6072=CARTESIAN_POINT('Ctrl Pts',(30.6791349870746,22.9814303886399,-10.1193767915478));
#6073=CARTESIAN_POINT('Ctrl Pts',(30.7625254338375,22.9786048329252,-10.0515434718558));
#6074=CARTESIAN_POINT('Ctrl Pts',(30.8531978288433,22.9755325397093,-9.97778670718515));
#6075=CARTESIAN_POINT('Ctrl Pts',(30.9373347586424,22.9722367091895,-9.89613194000443));
#6076=CARTESIAN_POINT('Ctrl Pts',(31.0139154486603,22.9689089330596,-9.80746811722926));
#6077=CARTESIAN_POINT('Ctrl Pts',(31.0334597777788,22.9680596438733,-9.78484002478429));
#6078=CARTESIAN_POINT('Ctrl Pts',(31.0525119305554,22.9672085479305,-9.7617554095216));
#6079=CARTESIAN_POINT('Ctrl Pts',(31.0710549082953,22.9663593319712,-9.73822904823807));
#6080=CARTESIAN_POINT('Ctrl Pts',(31.1604305545782,22.9622661800373,-9.62483389812298));
#6081=CARTESIAN_POINT('Ctrl Pts',(31.237065589022,22.958259114775,-9.50233374381306));
#6082=CARTESIAN_POINT('Ctrl Pts',(31.2998032305943,22.9547585201935,-9.37296614525257));
#6083=CARTESIAN_POINT('Ctrl Pts',(31.3473752757708,22.9521041258076,-9.27487063052062));
#6084=CARTESIAN_POINT('Ctrl Pts',(31.3869564359635,22.9497423623199,-9.17282652243303));
#6085=CARTESIAN_POINT('Ctrl Pts',(31.4180374326162,22.9478353326886,-9.06780936211121));
#6086=CARTESIAN_POINT('Ctrl Pts',(31.4484841895226,22.945967217961,-8.96493518510092));
#6087=CARTESIAN_POINT('Ctrl Pts',(31.4706083381911,22.9445473093024,-8.8597722776759));
#6088=CARTESIAN_POINT('Ctrl Pts',(31.4841939116652,22.9436699019528,-8.75333413886184));
#6089=CARTESIAN_POINT('Ctrl Pts',(31.4910529264043,22.9432269210249,-8.69959619660083));
#6090=CARTESIAN_POINT('Ctrl Pts',(31.4957267358311,22.9429219304785,-8.64560122259028));
#6091=CARTESIAN_POINT('Ctrl Pts',(31.498203673317,22.942760241362,-8.59148199122581));
#6092=CARTESIAN_POINT('Ctrl Pts',(31.49959848673,22.9426691909621,-8.56100636144642));
#6093=CARTESIAN_POINT('Ctrl Pts',(31.5002960577823,22.9426235462618,-8.53050443352687));
#6094=CARTESIAN_POINT('Ctrl Pts',(31.5002960577136,22.9426235462663,-8.49999999999999));
#6095=CARTESIAN_POINT('',(31.5,22.9432771375184,9.50000000000001));
#6096=CARTESIAN_POINT('Ctrl Pts',(31.5,22.9432771375184,-8.5));
#6097=CARTESIAN_POINT('Ctrl Pts',(31.5,22.9432771375184,-2.49999999999999));
#6098=CARTESIAN_POINT('Ctrl Pts',(31.5,22.9432771375184,3.5));
#6099=CARTESIAN_POINT('Ctrl Pts',(31.5,22.9432771375184,9.50000000000001));
#6100=CARTESIAN_POINT('',(29.5,22.9995206620338,11.5));
#6101=CARTESIAN_POINT('Ctrl Pts',(31.5002960577136,22.9426235462663,9.50000000000002));
#6102=CARTESIAN_POINT('Ctrl Pts',(31.5002960576865,22.9426235462681,9.51203856159062));
#6103=CARTESIAN_POINT('Ctrl Pts',(31.5001874118351,22.9426306506118,9.52407751342526));
#6104=CARTESIAN_POINT('Ctrl Pts',(31.4999700987019,22.9426448554182,9.53611539307229));
#6105=CARTESIAN_POINT('Ctrl Pts',(31.4991255006883,22.9427000630861,9.58290119516322));
#6106=CARTESIAN_POINT('Ctrl Pts',(31.4966399826755,22.942862676265,9.62964227655643));
#6107=CARTESIAN_POINT('Ctrl Pts',(31.4925181747025,22.9431305760974,9.67625288936716));
#6108=CARTESIAN_POINT('Ctrl Pts',(31.4859256892772,22.943559059363,9.75080264705246));
#6109=CARTESIAN_POINT('Ctrl Pts',(31.4751561267204,22.9442570215979,9.82492002536372));
#6110=CARTESIAN_POINT('Ctrl Pts',(31.4602607359513,22.9452014892465,9.89825727922575));
#6111=CARTESIAN_POINT('Ctrl Pts',(31.4368115853942,22.9466883226186,10.0137088530661));
#6112=CARTESIAN_POINT('Ctrl Pts',(31.403247720547,22.9487816730227,10.1266818333378));
#6113=CARTESIAN_POINT('Ctrl Pts',(31.3600501304549,22.9513129177963,10.2358924251457));
#6114=CARTESIAN_POINT('Ctrl Pts',(31.3278567132503,22.9531993521754,10.3172826632988));
#6115=CARTESIAN_POINT('Ctrl Pts',(31.2903124896807,22.9553271906536,10.3965832264302));
#6116=CARTESIAN_POINT('Ctrl Pts',(31.2476143300445,22.9576084739337,10.4732627184913));
#6117=CARTESIAN_POINT('Ctrl Pts',(31.1786118256133,22.9612951494482,10.5971808694329));
#6118=CARTESIAN_POINT('Ctrl Pts',(31.0967173595497,22.9653481650718,10.7132341790046));
#6119=CARTESIAN_POINT('Ctrl Pts',(31.0034052334788,22.9693634184473,10.819538403956));
#6120=CARTESIAN_POINT('Ctrl Pts',(30.9585402186468,22.9712939757053,10.8706500957581));
#6121=CARTESIAN_POINT('Ctrl Pts',(30.9110355878043,22.9732161756063,10.9195080502114));
#6122=CARTESIAN_POINT('Ctrl Pts',(30.8610544415062,22.9750900674509,10.9659028338107));
#6123=CARTESIAN_POINT('Ctrl Pts',(30.7819942278759,22.9780541909359,11.039290136311));
#6124=CARTESIAN_POINT('Ctrl Pts',(30.6972625179257,22.9808745963201,11.1060274462348));
#6125=CARTESIAN_POINT('Ctrl Pts',(30.6077381214672,22.983433678655,11.1655388559789));
#6126=CARTESIAN_POINT('Ctrl Pts',(30.5206877287774,22.9859220408333,11.2234056698607));
#6127=CARTESIAN_POINT('Ctrl Pts',(30.4291058047613,22.988163170795,11.2744404402353));
#6128=CARTESIAN_POINT('Ctrl Pts',(30.3338002494406,22.990099403584,11.3181136977701));
#6129=CARTESIAN_POINT('Ctrl Pts',(30.3180299081418,22.9904197946862,11.3253403717519));
#6130=CARTESIAN_POINT('Ctrl Pts',(30.3021576123202,22.9907319534032,11.3323654817996));
#6131=CARTESIAN_POINT('Ctrl Pts',(30.2861870245386,22.9910357566987,11.3391866290282));
#6132=CARTESIAN_POINT('Ctrl Pts',(30.1841769359133,22.9929762614263,11.3827558352986));
#6133=CARTESIAN_POINT('Ctrl Pts',(30.0788855994163,22.9945570697159,11.4176926748892));
#6134=CARTESIAN_POINT('Ctrl Pts',(29.9714262034313,22.995797111317,11.4437263585167));
#6135=CARTESIAN_POINT('Ctrl Pts',(29.8642736577947,22.9970336119788,11.4696857029502));
#6136=CARTESIAN_POINT('Ctrl Pts',(29.7549652868373,22.997932381845,11.4867926647562));
#6137=CARTESIAN_POINT('Ctrl Pts',(29.6446102645971,22.9985637097651,11.4947787677506));
#6138=CARTESIAN_POINT('Ctrl Pts',(29.596471467825,22.9988391060799,11.4982624459852));
#6139=CARTESIAN_POINT('Ctrl Pts',(29.5482784563961,22.9990633724548,11.5000000363708));
#6140=CARTESIAN_POINT('Ctrl Pts',(29.5001254504761,22.9992452732797,11.5));
#6141=CARTESIAN_POINT('Ctrl Pts',(29.5001254504761,22.9992452732797,11.5));
#6142=CARTESIAN_POINT('Ctrl Pts',(29.3336627507862,22.9998740959632,11.5));
#6143=CARTESIAN_POINT('Ctrl Pts',(29.1669626726284,23.,11.5));
#6144=CARTESIAN_POINT('Ctrl Pts',(29.,23.,11.5));
#6145=CARTESIAN_POINT('Origin',(31.5,23.,11.5));
#6146=CARTESIAN_POINT('',(29.5,20.5095205304732,11.5));
#6147=CARTESIAN_POINT('',(29.5,23.,11.5));
#6148=CARTESIAN_POINT('',(27.5808164115471,21.,11.5));
#6149=CARTESIAN_POINT('Origin',(27.5808164115471,17.,11.5));
#6150=CARTESIAN_POINT('',(-27.5650890706646,21.,11.5));
#6151=CARTESIAN_POINT('',(31.170329308849,21.,11.5));
#6152=CARTESIAN_POINT('',(-29.5,20.5008741330614,11.5));
#6153=CARTESIAN_POINT('Origin',(-27.5650890706646,17.,11.5));
#6154=CARTESIAN_POINT('',(-29.5,23.,11.5));
#6155=CARTESIAN_POINT('Origin',(29.5,23.,9.50000000000001));
#6156=CARTESIAN_POINT('',(31.5,17.800000000001,9.50000000000001));
#6157=CARTESIAN_POINT('',(31.5,23.,9.50000000000001));
#6158=CARTESIAN_POINT('Ctrl Pts',(29.5,20.5095205304732,11.5));
#6159=CARTESIAN_POINT('Ctrl Pts',(29.8181296089807,20.3355511465488,11.5));
#6160=CARTESIAN_POINT('Ctrl Pts',(30.1241902603282,20.108674777509,11.4220440307338));
#6161=CARTESIAN_POINT('Ctrl Pts',(30.6437433744617,19.5982851144817,11.1660488698168));
#6162=CARTESIAN_POINT('Ctrl Pts',(30.85773934417,19.3149076889523,10.9887614972041));
#6163=CARTESIAN_POINT('Ctrl Pts',(31.1666229891243,18.7964574102172,10.6291511309551));
#6164=CARTESIAN_POINT('Ctrl Pts',(31.2881012926764,18.5228775204979,10.424134588361));
#6165=CARTESIAN_POINT('Ctrl Pts',(31.4091597402819,18.1660045508447,10.1065821003103));
#6166=CARTESIAN_POINT('Ctrl Pts',(31.4394012346758,18.0581597640882,10.0016379220125));
#6167=CARTESIAN_POINT('Ctrl Pts',(31.4726645456643,17.9249912129915,9.83440513978235));
#6168=CARTESIAN_POINT('Ctrl Pts',(31.481625920419,17.8858256849388,9.77769402924789));
#6169=CARTESIAN_POINT('Ctrl Pts',(31.4951576927455,17.8239749258048,9.65264548099542));
#6170=CARTESIAN_POINT('Ctrl Pts',(31.5,17.800000000001,9.58497974339578));
#6171=CARTESIAN_POINT('Ctrl Pts',(31.5,17.800000000001,9.50000000000001));
#6172=CARTESIAN_POINT('Ctrl Pts',(29.,-23.,-17.));
#6173=CARTESIAN_POINT('Ctrl Pts',(29.,-23.,-20.6666666666667));
#6174=CARTESIAN_POINT('Ctrl Pts',(29.,-23.,-24.3333333333333));
#6175=CARTESIAN_POINT('Ctrl Pts',(29.,-23.,-28.));
#6176=CARTESIAN_POINT('Ctrl Pts',(30.1219973762821,-23.,-17.));
#6177=CARTESIAN_POINT('Ctrl Pts',(30.1219973762821,-23.,-20.6666666666667));
#6178=CARTESIAN_POINT('Ctrl Pts',(30.1219973762821,-23.,-24.3333333333333));
#6179=CARTESIAN_POINT('Ctrl Pts',(30.1219973762821,-23.,-28.));
#6180=CARTESIAN_POINT('Ctrl Pts',(32.3422750892128,-22.9886285837489,-17.));
#6181=CARTESIAN_POINT('Ctrl Pts',(32.3422750892128,-22.9886285837489,-20.6666666666667));
#6182=CARTESIAN_POINT('Ctrl Pts',(32.3422750892128,-22.9886285837489,-24.3333333333333));
#6183=CARTESIAN_POINT('Ctrl Pts',(32.3422750892128,-22.9886285837489,-28.));
#6184=CARTESIAN_POINT('Ctrl Pts',(35.6474545103001,-22.2509789468501,-17.));
#6185=CARTESIAN_POINT('Ctrl Pts',(35.6474545103001,-22.2509789468501,-20.6666666666667));
#6186=CARTESIAN_POINT('Ctrl Pts',(35.6474545103001,-22.2509789468501,-24.3333333333333));
#6187=CARTESIAN_POINT('Ctrl Pts',(35.6474545103001,-22.2509789468501,-28.));
#6188=CARTESIAN_POINT('Ctrl Pts',(38.8012063707239,-20.4860522152378,-17.));
#6189=CARTESIAN_POINT('Ctrl Pts',(38.8012063707239,-20.4860522152378,-20.6666666666667));
#6190=CARTESIAN_POINT('Ctrl Pts',(38.8012063707239,-20.4860522152378,-24.3333333333333));
#6191=CARTESIAN_POINT('Ctrl Pts',(38.8012063707239,-20.4860522152378,-28.));
#6192=CARTESIAN_POINT('Ctrl Pts',(41.4875823035005,-17.8011089697044,-17.));
#6193=CARTESIAN_POINT('Ctrl Pts',(41.4875823035005,-17.8011089697044,-20.6666666666667));
#6194=CARTESIAN_POINT('Ctrl Pts',(41.4875823035005,-17.8011089697044,-24.3333333333333));
#6195=CARTESIAN_POINT('Ctrl Pts',(41.4875823035005,-17.8011089697044,-28.));
#6196=CARTESIAN_POINT('Ctrl Pts',(43.2484262976447,-14.648479706232,-17.));
#6197=CARTESIAN_POINT('Ctrl Pts',(43.2484262976447,-14.648479706232,-20.6666666666667));
#6198=CARTESIAN_POINT('Ctrl Pts',(43.2484262976447,-14.648479706232,-24.3333333333333));
#6199=CARTESIAN_POINT('Ctrl Pts',(43.2484262976447,-14.648479706232,-28.));
#6200=CARTESIAN_POINT('Ctrl Pts',(43.9899494238344,-11.3418986254383,-17.));
#6201=CARTESIAN_POINT('Ctrl Pts',(43.9899494238344,-11.3418986254383,-20.6666666666667));
#6202=CARTESIAN_POINT('Ctrl Pts',(43.9899494238344,-11.3418986254383,-24.3333333333333));
#6203=CARTESIAN_POINT('Ctrl Pts',(43.9899494238344,-11.3418986254383,-28.));
#6204=CARTESIAN_POINT('Ctrl Pts',(44.,-9.12199737628208,-17.));
#6205=CARTESIAN_POINT('Ctrl Pts',(44.,-9.12199737628208,-20.6666666666667));
#6206=CARTESIAN_POINT('Ctrl Pts',(44.0000000000001,-9.12199737628211,-24.3333333333333));
#6207=CARTESIAN_POINT('Ctrl Pts',(44.0000000000001,-9.12199737628211,-28.));
#6208=CARTESIAN_POINT('Ctrl Pts',(44.,-8.00000000000001,-17.));
#6209=CARTESIAN_POINT('Ctrl Pts',(44.,-8.00000000000001,-20.6666666666667));
#6210=CARTESIAN_POINT('Ctrl Pts',(44.0000000000001,-8.00000000000004,-24.3333333333333));
#6211=CARTESIAN_POINT('Ctrl Pts',(44.0000000000001,-8.00000000000004,-28.));
#6212=CARTESIAN_POINT('',(29.,-23.,14.85));
#6213=CARTESIAN_POINT('Origin',(-9.59232693276135E-15,-23.,43.2));
#6214=CARTESIAN_POINT('',(18.,-23.,21.6));
#6215=CARTESIAN_POINT('',(19.6,-23.,-5.));
#6216=CARTESIAN_POINT('',(24.6,-23.,-4.99999999999999));
#6217=CARTESIAN_POINT('Origin',(22.1,-23.,-4.99999999999999));
#6218=CARTESIAN_POINT('',(19.6,-23.,5.));
#6219=CARTESIAN_POINT('',(19.6,-23.,19.1));
#6220=CARTESIAN_POINT('',(24.6,-23.,5.00000000000001));
#6221=CARTESIAN_POINT('Origin',(22.1,-23.,5.));
#6222=CARTESIAN_POINT('',(24.6,-23.,24.1));
#6223=CARTESIAN_POINT('Origin',(29.5,23.,-8.5));
#6224=CARTESIAN_POINT('',(31.5,17.7186626316962,-8.50000000000001));
#6225=CARTESIAN_POINT('Ctrl Pts',(31.5,17.7186626316962,-8.50000000000001));
#6226=CARTESIAN_POINT('Ctrl Pts',(31.5,17.7186626316962,-8.58714976339791));
#6227=CARTESIAN_POINT('Ctrl Pts',(31.4950698419783,17.7459219558473,-8.65324879108398));
#6228=CARTESIAN_POINT('Ctrl Pts',(31.481869228422,17.8123921723295,-8.77565169894811));
#6229=CARTESIAN_POINT('Ctrl Pts',(31.4732376463824,17.8536065502649,-8.83081754172401));
#6230=CARTESIAN_POINT('Ctrl Pts',(31.4410327243913,17.9930655887357,-8.99475990513378));
#6231=CARTESIAN_POINT('Ctrl Pts',(31.4116833256825,18.1047447413826,-9.09849863861427));
#6232=CARTESIAN_POINT('Ctrl Pts',(31.2925002920358,18.4742452762781,-9.41535649854352));
#6233=CARTESIAN_POINT('Ctrl Pts',(31.1711617010484,18.756827943383,-9.62314470229561));
#6234=CARTESIAN_POINT('Ctrl Pts',(30.8610552705729,19.2881777990376,-9.98564570407282));
#6235=CARTESIAN_POINT('Ctrl Pts',(30.6473427695626,19.5757496978269,-10.1636937179433));
#6236=CARTESIAN_POINT('Ctrl Pts',(30.1269976111677,20.0937681489859,-10.4212353208681));
#6237=CARTESIAN_POINT('Ctrl Pts',(29.8198728771239,20.3240824226426,-10.5));
#6238=CARTESIAN_POINT('Ctrl Pts',(29.5,20.5008741330614,-10.5));
#6239=CARTESIAN_POINT('',(31.5,23.,-8.5));
#6240=CARTESIAN_POINT('Origin',(22.,-22.5,25.));
#6241=CARTESIAN_POINT('',(20.8,-22.,25.));
#6242=CARTESIAN_POINT('',(20.3,-22.5,25.));
#6243=CARTESIAN_POINT('Origin',(22.,-22.,25.));
#6244=CARTESIAN_POINT('Origin',(22.,-17.,25.));
#6245=CARTESIAN_POINT('',(20.8,-17.,25.));
#6246=CARTESIAN_POINT('Origin',(-22.,-22.5,-25.));
#6247=CARTESIAN_POINT('',(-23.2,-22.,-25.));
#6248=CARTESIAN_POINT('',(-23.7,-22.5,-25.));
#6249=CARTESIAN_POINT('Origin',(-22.,-22.,-25.));
#6250=CARTESIAN_POINT('Origin',(-22.,-17.,-25.));
#6251=CARTESIAN_POINT('',(-23.2,-17.,-25.));
#6252=CARTESIAN_POINT('Origin',(-22.,22.275,25.));
#6253=CARTESIAN_POINT('',(-20.3,21.55,25.));
#6254=CARTESIAN_POINT('',(-19.575,22.275,25.));
#6255=CARTESIAN_POINT('Origin',(-22.,21.55,25.));
#6256=CARTESIAN_POINT('Origin',(-22.,17.,25.));
#6257=CARTESIAN_POINT('',(-20.3,21.,25.));
#6258=CARTESIAN_POINT('',(-20.3,17.,25.));
#6259=CARTESIAN_POINT('Origin',(-22.,21.,25.));
#6260=CARTESIAN_POINT('Origin',(22.,22.275,-25.));
#6261=CARTESIAN_POINT('',(23.7,21.55,-25.));
#6262=CARTESIAN_POINT('',(24.425,22.275,-25.));
#6263=CARTESIAN_POINT('Origin',(22.,21.55,-25.));
#6264=CARTESIAN_POINT('Origin',(22.,17.,-25.));
#6265=CARTESIAN_POINT('',(23.7,21.,-25.));
#6266=CARTESIAN_POINT('',(23.7,17.,-25.));
#6267=CARTESIAN_POINT('Origin',(22.,21.,-25.));
#6268=CARTESIAN_POINT('Origin',(-20.5,-23.,-16.8860990548577));
#6269=CARTESIAN_POINT('',(-10.5,-21.8,-16.8860990548577));
#6270=CARTESIAN_POINT('',(-11.,-21.8,-13.7636000556585));
#6271=CARTESIAN_POINT('Origin',(-1.50000000000001,-23.,-10.6411010564593));
#6272=CARTESIAN_POINT('',(-11.5,-23.,-10.6411010564593));
#6273=CARTESIAN_POINT('Origin',(-1.50000000000001,-23.,13.1139009451423));
#6274=CARTESIAN_POINT('',(-11.5,-23.,13.1139009451423));
#6275=CARTESIAN_POINT('',(-11.,-21.8,16.2363999443415));
#6276=CARTESIAN_POINT('Origin',(-11.5,-23.,-15.));
#6277=CARTESIAN_POINT('Origin',(-20.5,-23.,19.3588989435407));
#6278=CARTESIAN_POINT('',(-10.5,-21.8,19.3588989435407));
#6279=CARTESIAN_POINT('Origin',(-10.5,-23.,31.5));
#6280=CARTESIAN_POINT('Origin',(-10.5,-23.,31.5));
#6281=CARTESIAN_POINT('Origin',(43.2,-28.5,12.));
#6282=CARTESIAN_POINT('',(18.,-28.5,-7.5));
#6283=CARTESIAN_POINT('Origin',(30.8406586176981,21.,28.));
#6284=CARTESIAN_POINT('',(-27.5650890706646,21.,28.));
#6285=CARTESIAN_POINT('',(27.5650890706646,21.,28.));
#6286=CARTESIAN_POINT('',(-5.,21.,-24.6));
#6287=CARTESIAN_POINT('',(5.,21.,-24.6));
#6288=CARTESIAN_POINT('',(17.920329308849,21.,-24.6));
#6289=CARTESIAN_POINT('',(-5.,21.,-19.6));
#6290=CARTESIAN_POINT('Origin',(-5.,21.,-22.1));
#6291=CARTESIAN_POINT('',(5.,21.,-19.6));
#6292=CARTESIAN_POINT('',(12.920329308849,21.,-19.6));
#6293=CARTESIAN_POINT('Origin',(5.,21.,-22.1));
#6294=CARTESIAN_POINT('Origin',(43.2,-28.5,12.));
#6295=CARTESIAN_POINT('',(18.,-28.5,7.5));
#6296=CARTESIAN_POINT('Ctrl Pts',(-41.6150707022155,-12.7184780874605,28.));
#6297=CARTESIAN_POINT('Ctrl Pts',(-41.6150707022155,-12.7184780874605,9.33333333333333));
#6298=CARTESIAN_POINT('Ctrl Pts',(-41.6150707022155,-12.7184780874605,-9.33333333333335));
#6299=CARTESIAN_POINT('Ctrl Pts',(-41.6150707022155,-12.7184780874605,-28.));
#6300=CARTESIAN_POINT('Ctrl Pts',(-41.96836787145,-11.2251147415751,28.));
#6301=CARTESIAN_POINT('Ctrl Pts',(-41.96836787145,-11.2251147415751,9.33333333333328));
#6302=CARTESIAN_POINT('Ctrl Pts',(-41.9683678714501,-11.2251147415751,-9.33333333333331));
#6303=CARTESIAN_POINT('Ctrl Pts',(-41.9683678714501,-11.2251147415751,-28.));
#6304=CARTESIAN_POINT('Ctrl Pts',(-42.,-9.68424805773848,28.));
#6305=CARTESIAN_POINT('Ctrl Pts',(-42.,-9.68424805773848,9.33333333333337));
#6306=CARTESIAN_POINT('Ctrl Pts',(-42.,-9.68424805773847,-9.3333333333334));
#6307=CARTESIAN_POINT('Ctrl Pts',(-42.,-9.68424805773847,-28.));
#6308=CARTESIAN_POINT('Ctrl Pts',(-42.,-8.00000000000002,28.));
#6309=CARTESIAN_POINT('Ctrl Pts',(-42.,-8.00000000000002,9.33333333333333));
#6310=CARTESIAN_POINT('Ctrl Pts',(-42.0000000000001,-8.00000000000001,-9.33333333333335));
#6311=CARTESIAN_POINT('Ctrl Pts',(-42.0000000000001,-8.00000000000001,-28.));
#6312=CARTESIAN_POINT('Ctrl Pts',(-41.6150707028228,-12.7184780848936,28.));
#6313=CARTESIAN_POINT('Ctrl Pts',(-41.6150707028225,-12.7184780848946,18.6666666666667));
#6314=CARTESIAN_POINT('Ctrl Pts',(-41.615070702829,-12.7184780848674,9.33333333333333));
#6315=CARTESIAN_POINT('Ctrl Pts',(-41.6150707028285,-12.7184780848694,-9.33333333333335));
#6316=CARTESIAN_POINT('Ctrl Pts',(-41.6150707028283,-12.7184780848704,-18.6666666666667));
#6317=CARTESIAN_POINT('Ctrl Pts',(-41.6150707028281,-12.7184780848714,-28.));
#6318=CARTESIAN_POINT('',(-42.,-8.00000000000001,21.6));
#6319=CARTESIAN_POINT('Origin',(-37.7243503735294,-11.789833876057,28.));
#6320=CARTESIAN_POINT('',(-35.8754892659006,-15.3369168116648,28.));
#6321=CARTESIAN_POINT('Origin',(-34.4933548293497,-17.9995666946386,28.));
#6322=CARTESIAN_POINT('Origin',(10.5,-23.,-31.5));
#6323=CARTESIAN_POINT('',(10.5,-23.,5.85));
#6324=CARTESIAN_POINT('Origin',(10.5,-32.5,2.33146835171283E-15));
#6325=CARTESIAN_POINT('',(10.5,-32.5,6.));
#6326=CARTESIAN_POINT('Origin',(10.5,-32.5,2.33146835171283E-15));
#6327=CARTESIAN_POINT('',(10.5,-45.,1.6));
#6328=CARTESIAN_POINT('Origin',(10.5,-45.,2.33146835171283E-15));
#6329=CARTESIAN_POINT('',(10.5,-27.5,9.0065));
#6330=CARTESIAN_POINT('Origin',(10.5,-27.5,8.));
#6331=CARTESIAN_POINT('',(10.5,-27.5,-6.9935));
#6332=CARTESIAN_POINT('Origin',(10.5,-27.5,-8.00000000000001));
#6333=CARTESIAN_POINT('',(10.5,-32.5,14.1));
#6334=CARTESIAN_POINT('Origin',(10.5,-32.5,12.5));
#6335=CARTESIAN_POINT('',(10.5,-32.5,-10.9));
#6336=CARTESIAN_POINT('Origin',(10.5,-32.5,-12.5));
#6337=CARTESIAN_POINT('Origin',(-9.59232693276135E-15,-23.,43.2));
#6338=CARTESIAN_POINT('Origin',(-27.5650890706646,17.,28.));
#6339=CARTESIAN_POINT('',(-31.5240980756275,17.5711809683649,28.));
#6340=CARTESIAN_POINT('Ctrl Pts',(-31.5,17.7186626316962,9.50000000000001));
#6341=CARTESIAN_POINT('Ctrl Pts',(-31.5,17.7186626316962,9.58714976339791));
#6342=CARTESIAN_POINT('Ctrl Pts',(-31.4950698419783,17.7459219558473,9.65324879108398));
#6343=CARTESIAN_POINT('Ctrl Pts',(-31.481869228422,17.8123921723295,9.77565169894812));
#6344=CARTESIAN_POINT('Ctrl Pts',(-31.4732376463824,17.8536065502649,9.83081754172401));
#6345=CARTESIAN_POINT('Ctrl Pts',(-31.4410327243913,17.9930655887357,9.99475990513378));
#6346=CARTESIAN_POINT('Ctrl Pts',(-31.4116833256825,18.1047447413826,10.0984986386143));
#6347=CARTESIAN_POINT('Ctrl Pts',(-31.2925002920358,18.4742452762781,10.4153564985435));
#6348=CARTESIAN_POINT('Ctrl Pts',(-31.1711617010484,18.756827943383,10.6231447022956));
#6349=CARTESIAN_POINT('Ctrl Pts',(-30.8610552705729,19.2881777990376,10.9856457040728));
#6350=CARTESIAN_POINT('Ctrl Pts',(-30.6473427695626,19.5757496978269,11.1636937179433));
#6351=CARTESIAN_POINT('Ctrl Pts',(-30.1269976111677,20.0937681489859,11.4212353208682));
#6352=CARTESIAN_POINT('Ctrl Pts',(-29.8198728771239,20.3240824226426,11.5));
#6353=CARTESIAN_POINT('Ctrl Pts',(-29.5,20.5008741330614,11.5));
#6354=CARTESIAN_POINT('',(-27.5650890706646,21.,28.));
#6355=CARTESIAN_POINT('Origin',(30.8406586176981,21.,28.));
#6356=CARTESIAN_POINT('',(27.5808164115471,21.,28.));
#6357=CARTESIAN_POINT('Origin',(27.5808164115471,17.,28.));
#6358=CARTESIAN_POINT('',(31.5,17.800000000001,28.));
#6359=CARTESIAN_POINT('Origin',(27.5650890706646,17.,28.));
#6360=CARTESIAN_POINT('',(31.5240980756275,17.5711809683649,28.));
#6361=CARTESIAN_POINT('',(31.5,17.7186626316963,28.));
#6362=CARTESIAN_POINT('Origin',(-29.5,23.,9.50000000000001));
#6363=CARTESIAN_POINT('Origin',(31.5,23.,-10.5));
#6364=CARTESIAN_POINT('Origin',(34.4933548293497,17.9995666946386,28.));
#6365=CARTESIAN_POINT('',(35.8754892659006,15.3369168116648,28.));
#6366=CARTESIAN_POINT('Origin',(-34.4933548293497,-17.9995666946386,-15.6306209344528));
#6367=CARTESIAN_POINT('',(-35.7228548293497,-17.9995666946386,-16.));
#6368=CARTESIAN_POINT('Origin',(-34.4933548293497,-17.9995666946386,-16.));
#6369=CARTESIAN_POINT('',(-34.4933548293497,-17.9995666946386,-15.2612418689056));
#6370=CARTESIAN_POINT('',(-35.1081048293497,-17.9995666946386,-15.6306209344528));
#6371=CARTESIAN_POINT('Origin',(-34.4933548293497,-17.9995666946386,-22.));
#6372=CARTESIAN_POINT('',(-35.7228548293497,-17.9995666946386,-22.));
#6373=CARTESIAN_POINT('Origin',(34.4933548293497,17.9995666946386,-15.6306209344528));
#6374=CARTESIAN_POINT('',(33.2638548293497,17.9995666946386,-16.));
#6375=CARTESIAN_POINT('Origin',(34.4933548293497,17.9995666946386,-16.));
#6376=CARTESIAN_POINT('',(34.4933548293497,17.9995666946386,-15.2612418689056));
#6377=CARTESIAN_POINT('',(33.8786048293497,17.9995666946386,-15.6306209344528));
#6378=CARTESIAN_POINT('Origin',(34.4933548293497,17.9995666946386,-22.));
#6379=CARTESIAN_POINT('',(33.2638548293497,17.9995666946386,-22.));
#6380=CARTESIAN_POINT('Origin',(-34.4933548293497,17.9995666946386,-15.6306209344528));
#6381=CARTESIAN_POINT('',(-35.7228548293497,17.9995666946386,-16.));
#6382=CARTESIAN_POINT('Origin',(-34.4933548293497,17.9995666946386,-16.));
#6383=CARTESIAN_POINT('',(-34.4933548293497,17.9995666946386,-15.2612418689056));
#6384=CARTESIAN_POINT('',(-35.1081048293497,17.9995666946386,-15.6306209344528));
#6385=CARTESIAN_POINT('Origin',(-34.4933548293497,17.9995666946386,-22.));
#6386=CARTESIAN_POINT('',(-35.7228548293497,17.9995666946386,-22.));
#6387=CARTESIAN_POINT('Origin',(34.4933548293497,-17.9995666946386,-15.6306209344528));
#6388=CARTESIAN_POINT('',(33.2638548293497,-17.9995666946386,-16.));
#6389=CARTESIAN_POINT('Origin',(34.4933548293497,-17.9995666946386,-16.));
#6390=CARTESIAN_POINT('',(34.4933548293497,-17.9995666946386,-15.2612418689056));
#6391=CARTESIAN_POINT('',(33.8786048293497,-17.9995666946386,-15.6306209344528));
#6392=CARTESIAN_POINT('Origin',(34.4933548293497,-17.9995666946386,-22.));
#6393=CARTESIAN_POINT('',(33.2638548293497,-17.9995666946386,-22.));
#6394=CARTESIAN_POINT('Origin',(-34.4933548293497,-17.9995666946386,15.6306209344528));
#6395=CARTESIAN_POINT('',(-35.7228548293497,-17.9995666946386,16.));
#6396=CARTESIAN_POINT('Origin',(-34.4933548293497,-17.9995666946386,16.));
#6397=CARTESIAN_POINT('',(-34.4933548293497,-17.9995666946386,15.2612418689056));
#6398=CARTESIAN_POINT('',(-35.1081048293497,-17.9995666946386,15.6306209344528));
#6399=CARTESIAN_POINT('Origin',(-34.4933548293497,-17.9995666946386,22.));
#6400=CARTESIAN_POINT('',(-35.7228548293497,-17.9995666946386,22.));
#6401=CARTESIAN_POINT('Origin',(34.4933548293497,17.9995666946386,15.6306209344528));
#6402=CARTESIAN_POINT('',(33.2638548293497,17.9995666946386,16.));
#6403=CARTESIAN_POINT('Origin',(34.4933548293497,17.9995666946386,16.));
#6404=CARTESIAN_POINT('',(34.4933548293497,17.9995666946386,15.2612418689056));
#6405=CARTESIAN_POINT('',(33.8786048293497,17.9995666946386,15.6306209344528));
#6406=CARTESIAN_POINT('Origin',(34.4933548293497,17.9995666946386,22.));
#6407=CARTESIAN_POINT('',(33.2638548293497,17.9995666946386,22.));
#6408=CARTESIAN_POINT('Origin',(-34.4933548293497,17.9995666946386,15.6306209344528));
#6409=CARTESIAN_POINT('',(-35.7228548293497,17.9995666946386,16.));
#6410=CARTESIAN_POINT('Origin',(-34.4933548293497,17.9995666946386,16.));
#6411=CARTESIAN_POINT('',(-34.4933548293497,17.9995666946386,15.2612418689056));
#6412=CARTESIAN_POINT('',(-35.1081048293497,17.9995666946386,15.6306209344528));
#6413=CARTESIAN_POINT('Origin',(-34.4933548293497,17.9995666946386,22.));
#6414=CARTESIAN_POINT('',(-35.7228548293497,17.9995666946386,22.));
#6415=CARTESIAN_POINT('Origin',(34.4933548293497,-17.9995666946386,15.6306209344528));
#6416=CARTESIAN_POINT('',(33.2638548293497,-17.9995666946386,16.));
#6417=CARTESIAN_POINT('Origin',(34.4933548293497,-17.9995666946386,16.));
#6418=CARTESIAN_POINT('',(34.4933548293497,-17.9995666946386,15.2612418689056));
#6419=CARTESIAN_POINT('',(33.8786048293497,-17.9995666946386,15.6306209344528));
#6420=CARTESIAN_POINT('Origin',(34.4933548293497,-17.9995666946386,22.));
#6421=CARTESIAN_POINT('',(33.2638548293497,-17.9995666946386,22.));
#6422=CARTESIAN_POINT('Origin',(37.7243503735294,-11.789833876057,28.));
#6423=CARTESIAN_POINT('',(35.8754892659006,-15.3369168116648,28.));
#6424=CARTESIAN_POINT('Ctrl Pts',(41.6150707028323,-12.7184780848538,-28.));
#6425=CARTESIAN_POINT('Ctrl Pts',(41.615070702832,-12.7184780848548,-18.6666666666667));
#6426=CARTESIAN_POINT('Ctrl Pts',(41.6150707028237,-12.7184780848899,-9.33333333333334));
#6427=CARTESIAN_POINT('Ctrl Pts',(41.6150707028232,-12.7184780848919,9.33333333333333));
#6428=CARTESIAN_POINT('Ctrl Pts',(41.6150707028229,-12.7184780848929,18.6666666666667));
#6429=CARTESIAN_POINT('Ctrl Pts',(41.6150707028227,-12.7184780848939,28.));
#6430=CARTESIAN_POINT('Origin',(34.4933548293497,-17.9995666946386,28.));
#6431=CARTESIAN_POINT('Origin',(-34.4933548293497,17.9995666946386,28.));
#6432=CARTESIAN_POINT('',(-35.8754892659006,15.3369168116648,28.));
#6433=CARTESIAN_POINT('Origin',(-37.7243503735294,11.789833876057,28.));
#6434=CARTESIAN_POINT('Ctrl Pts',(-41.6150707028248,12.7184780848852,-28.));
#6435=CARTESIAN_POINT('Ctrl Pts',(-41.6150707028248,12.7184780848852,-18.6666666666667));
#6436=CARTESIAN_POINT('Ctrl Pts',(-41.6150707028248,12.7184780848852,-9.33333333333334));
#6437=CARTESIAN_POINT('Ctrl Pts',(-41.6150707028248,12.7184780848852,9.33333333333334));
#6438=CARTESIAN_POINT('Ctrl Pts',(-41.6150707028248,12.7184780848852,18.6666666666667));
#6439=CARTESIAN_POINT('Ctrl Pts',(-41.6150707028248,12.7184780848852,28.));
#6440=CARTESIAN_POINT('Origin',(37.7243503735294,11.789833876057,28.));
#6441=CARTESIAN_POINT('Ctrl Pts',(41.6150707028321,12.7184780848545,28.));
#6442=CARTESIAN_POINT('Ctrl Pts',(41.6150707028321,12.7184780848545,18.6666666666667));
#6443=CARTESIAN_POINT('Ctrl Pts',(41.6150707028321,12.7184780848545,9.33333333333334));
#6444=CARTESIAN_POINT('Ctrl Pts',(41.6150707028321,12.7184780848545,-9.33333333333333));
#6445=CARTESIAN_POINT('Ctrl Pts',(41.6150707028321,12.7184780848545,-18.6666666666667));
#6446=CARTESIAN_POINT('Ctrl Pts',(41.6150707028321,12.7184780848545,-28.));
#6447=CARTESIAN_POINT('Ctrl Pts',(-42.,8.00000000000001,-28.));
#6448=CARTESIAN_POINT('Ctrl Pts',(-42.,8.00000000000001,-9.33333333333334));
#6449=CARTESIAN_POINT('Ctrl Pts',(-42.,8.00000000000001,9.33333333333334));
#6450=CARTESIAN_POINT('Ctrl Pts',(-42.,8.00000000000001,28.));
#6451=CARTESIAN_POINT('Ctrl Pts',(-42.,9.68424805720611,-28.));
#6452=CARTESIAN_POINT('Ctrl Pts',(-42.,9.68424805720611,-9.33333333333335));
#6453=CARTESIAN_POINT('Ctrl Pts',(-42.,9.68424805720611,9.33333333333335));
#6454=CARTESIAN_POINT('Ctrl Pts',(-42.,9.68424805720611,28.));
#6455=CARTESIAN_POINT('Ctrl Pts',(-41.9683678714861,11.2251147405953,-28.));
#6456=CARTESIAN_POINT('Ctrl Pts',(-41.9683678714861,11.2251147405953,-9.33333333333332));
#6457=CARTESIAN_POINT('Ctrl Pts',(-41.9683678714861,11.2251147405953,9.33333333333332));
#6458=CARTESIAN_POINT('Ctrl Pts',(-41.9683678714861,11.2251147405953,28.));
#6459=CARTESIAN_POINT('Ctrl Pts',(-41.6150707025505,12.7184780860444,-28.));
#6460=CARTESIAN_POINT('Ctrl Pts',(-41.6150707025505,12.7184780860444,-9.33333333333334));
#6461=CARTESIAN_POINT('Ctrl Pts',(-41.6150707025505,12.7184780860444,9.33333333333334));
#6462=CARTESIAN_POINT('Ctrl Pts',(-41.6150707025505,12.7184780860444,28.));
#6463=CARTESIAN_POINT('',(-42.,8.00000000000001,0.));
#6464=CARTESIAN_POINT('Ctrl Pts',(41.6150707021959,12.7184780875436,-28.));
#6465=CARTESIAN_POINT('Ctrl Pts',(41.6150707021959,12.7184780875436,-9.33333333333334));
#6466=CARTESIAN_POINT('Ctrl Pts',(41.6150707021959,12.7184780875436,9.33333333333334));
#6467=CARTESIAN_POINT('Ctrl Pts',(41.6150707021959,12.7184780875436,28.));
#6468=CARTESIAN_POINT('Ctrl Pts',(41.968367871448,11.2251147416326,-28.));
#6469=CARTESIAN_POINT('Ctrl Pts',(41.968367871448,11.2251147416326,-9.33333333333331));
#6470=CARTESIAN_POINT('Ctrl Pts',(41.968367871448,11.2251147416326,9.33333333333331));
#6471=CARTESIAN_POINT('Ctrl Pts',(41.968367871448,11.2251147416326,28.));
#6472=CARTESIAN_POINT('Ctrl Pts',(42.0000000000001,9.68424805776972,-28.));
#6473=CARTESIAN_POINT('Ctrl Pts',(42.0000000000001,9.68424805776972,-9.33333333333336));
#6474=CARTESIAN_POINT('Ctrl Pts',(42.0000000000001,9.68424805776972,9.33333333333336));
#6475=CARTESIAN_POINT('Ctrl Pts',(42.0000000000001,9.68424805776972,28.));
#6476=CARTESIAN_POINT('Ctrl Pts',(42.0000000000001,8.00000000000003,-28.));
#6477=CARTESIAN_POINT('Ctrl Pts',(42.0000000000001,8.00000000000003,-9.33333333333334));
#6478=CARTESIAN_POINT('Ctrl Pts',(42.0000000000001,8.00000000000003,9.33333333333334));
#6479=CARTESIAN_POINT('Ctrl Pts',(42.0000000000001,8.00000000000003,28.));
#6480=CARTESIAN_POINT('',(42.,8.00000000000001,0.));
#6481=CARTESIAN_POINT('Origin',(-42.,-11.5,-9.32587340685131E-15));
#6482=CARTESIAN_POINT('Origin',(42.,-11.5,9.32587340685131E-15));
#6483=CARTESIAN_POINT('',(42.,-8.00000000000001,21.6));
#6484=CARTESIAN_POINT('Ctrl Pts',(41.6150707021875,-12.7184780875793,-28.));
#6485=CARTESIAN_POINT('Ctrl Pts',(41.6150707021875,-12.7184780875793,-9.33333333333334));
#6486=CARTESIAN_POINT('Ctrl Pts',(41.6150707021874,-12.7184780875793,9.33333333333334));
#6487=CARTESIAN_POINT('Ctrl Pts',(41.6150707021874,-12.7184780875793,28.));
#6488=CARTESIAN_POINT('Ctrl Pts',(41.9683678714471,-11.2251147416573,-28.));
#6489=CARTESIAN_POINT('Ctrl Pts',(41.9683678714471,-11.2251147416573,-9.33333333333334));
#6490=CARTESIAN_POINT('Ctrl Pts',(41.968367871447,-11.2251147416573,9.33333333333334));
#6491=CARTESIAN_POINT('Ctrl Pts',(41.968367871447,-11.2251147416573,28.));
#6492=CARTESIAN_POINT('Ctrl Pts',(42.0000000000001,-9.68424805778315,-28.));
#6493=CARTESIAN_POINT('Ctrl Pts',(42.0000000000001,-9.68424805778315,-9.33333333333333));
#6494=CARTESIAN_POINT('Ctrl Pts',(42.,-9.68424805778314,9.33333333333333));
#6495=CARTESIAN_POINT('Ctrl Pts',(42.,-9.68424805778314,28.));
#6496=CARTESIAN_POINT('Ctrl Pts',(42.0000000000001,-8.00000000000004,-28.));
#6497=CARTESIAN_POINT('Ctrl Pts',(42.0000000000001,-8.00000000000004,-9.33333333333334));
#6498=CARTESIAN_POINT('Ctrl Pts',(42.,-8.00000000000002,9.33333333333334));
#6499=CARTESIAN_POINT('Ctrl Pts',(42.,-8.00000000000002,28.));
#6500=CARTESIAN_POINT('Origin',(-15.,23.,-10.5));
#6501=CARTESIAN_POINT('',(-15.,32.5,-14.6));
#6502=CARTESIAN_POINT('',(-15.,32.5,-10.5));
#6503=CARTESIAN_POINT('',(-15.,29.25,-14.6));
#6504=CARTESIAN_POINT('',(-15.,27.75,-14.6));
#6505=CARTESIAN_POINT('',(-15.,29.25,-14.25));
#6506=CARTESIAN_POINT('',(-15.,23.,-27.));
#6507=CARTESIAN_POINT('Origin',(-15.,28.5,-18.));
#6508=CARTESIAN_POINT('Origin',(12.,25.75,-22.5));
#6509=CARTESIAN_POINT('',(12.,23.,-27.));
#6510=CARTESIAN_POINT('Origin',(15.,28.5,-18.));
#6511=CARTESIAN_POINT('Origin',(-5.,23.,-22.1));
#6512=CARTESIAN_POINT('',(-5.,23.,-19.6));
#6513=CARTESIAN_POINT('',(-5.,23.,-24.6));
#6514=CARTESIAN_POINT('Origin',(5.,23.,-24.6));
#6515=CARTESIAN_POINT('',(5.,23.,-24.6));
#6516=CARTESIAN_POINT('Origin',(5.,23.,-22.1));
#6517=CARTESIAN_POINT('',(5.,23.,-19.6));
#6518=CARTESIAN_POINT('Origin',(-5.,23.,-19.6));
#6519=CARTESIAN_POINT('Origin',(22.1,-23.,-4.99999999999999));
#6520=CARTESIAN_POINT('',(24.6,-21.8,-4.99999999999999));
#6521=CARTESIAN_POINT('',(19.6,-23.,-5.));
#6522=CARTESIAN_POINT('Origin',(24.6,-23.,5.00000000000001));
#6523=CARTESIAN_POINT('',(24.6,-21.8,5.00000000000001));
#6524=CARTESIAN_POINT('Origin',(22.1,-23.,5.));
#6525=CARTESIAN_POINT('',(19.6,-21.8,5.));
#6526=CARTESIAN_POINT('Origin',(19.6,-23.,-5.));
#6527=CARTESIAN_POINT('Origin',(10.5,-32.5,2.33146835171283E-15));
#6528=CARTESIAN_POINT('Origin',(14.6,-32.5,3.24185123190546E-15));
#6529=CARTESIAN_POINT('Origin',(10.5,-32.5,2.33146835171283E-15));
#6530=CARTESIAN_POINT('',(18.,-32.5,6.00000000000001));
#6531=CARTESIAN_POINT('Origin',(18.,-32.5,3.99680288865056E-15));
#6532=CARTESIAN_POINT('',(10.5,-32.5,6.));
#6533=CARTESIAN_POINT('Origin',(10.5,-32.5,-12.5));
#6534=CARTESIAN_POINT('',(14.6,-32.5,-10.9));
#6535=CARTESIAN_POINT('Origin',(14.6,-32.5,-12.5));
#6536=CARTESIAN_POINT('',(10.5,-32.5,-10.9));
#6537=CARTESIAN_POINT('Origin',(10.5,-45.,2.33146835171283E-15));
#6538=CARTESIAN_POINT('',(14.6,-45.,1.6));
#6539=CARTESIAN_POINT('Origin',(14.6,-45.,3.24185123190546E-15));
#6540=CARTESIAN_POINT('',(10.5,-45.,1.6));
#6541=CARTESIAN_POINT('Origin',(10.5,-32.5,12.5));
#6542=CARTESIAN_POINT('',(14.6,-32.5,14.1));
#6543=CARTESIAN_POINT('Origin',(14.6,-32.5,12.5));
#6544=CARTESIAN_POINT('',(10.5,-32.5,14.1));
#6545=CARTESIAN_POINT('Origin',(-113.140268057683,-27.5,7.99999999999997));
#6546=CARTESIAN_POINT('',(18.,-27.5,9.0065));
#6547=CARTESIAN_POINT('Origin',(18.,-27.5,8.));
#6548=CARTESIAN_POINT('',(-113.140268057683,-27.5,9.00649999999997));
#6549=CARTESIAN_POINT('Origin',(-113.140268057683,-27.5,-8.00000000000003));
#6550=CARTESIAN_POINT('',(18.,-27.5,-6.9935));
#6551=CARTESIAN_POINT('Origin',(18.,-27.5,-8.));
#6552=CARTESIAN_POINT('',(-113.140268057683,-27.5,-6.99350000000003));
#6553=CARTESIAN_POINT('Origin',(18.,-35.25,1.77635683940025E-15));
#6554=CARTESIAN_POINT('',(18.,-29.25,12.5));
#6555=CARTESIAN_POINT('',(18.,-29.25,6.25));
#6556=CARTESIAN_POINT('',(18.,-32.5,9.25));
#6557=CARTESIAN_POINT('Origin',(18.,-32.5,12.5));
#6558=CARTESIAN_POINT('',(18.,-32.5,-9.25));
#6559=CARTESIAN_POINT('Origin',(18.,-32.5,3.44169137633798E-15));
#6560=CARTESIAN_POINT('',(18.,-29.25,-12.5));
#6561=CARTESIAN_POINT('Origin',(18.,-32.5,-12.5));
#6562=CARTESIAN_POINT('',(18.,-29.25,-7.49999999999999));
#6563=CARTESIAN_POINT('Origin',(0.,32.5,-10.5));
#6564=CARTESIAN_POINT('Origin',(0.,32.5,-14.6));
#6565=CARTESIAN_POINT('Origin',(0.,32.5,-10.5));
#6566=CARTESIAN_POINT('',(6.,32.5,-10.5));
#6567=CARTESIAN_POINT('Origin',(-12.5,32.5,-10.5));
#6568=CARTESIAN_POINT('',(-10.9,32.5,-14.6));
#6569=CARTESIAN_POINT('Origin',(-12.5,32.5,-14.6));
#6570=CARTESIAN_POINT('',(-10.9,32.5,-10.5));
#6571=CARTESIAN_POINT('Origin',(0.,45.,-10.5));
#6572=CARTESIAN_POINT('',(1.6,45.,-14.6));
#6573=CARTESIAN_POINT('Origin',(0.,45.,-14.6));
#6574=CARTESIAN_POINT('',(1.6,45.,-10.5));
#6575=CARTESIAN_POINT('Origin',(12.5,32.5,-10.5));
#6576=CARTESIAN_POINT('',(14.1,32.5,-14.6));
#6577=CARTESIAN_POINT('Origin',(12.5,32.5,-14.6));
#6578=CARTESIAN_POINT('',(14.1,32.5,-10.5));
#6579=CARTESIAN_POINT('Origin',(8.,27.5,113.140268057683));
#6580=CARTESIAN_POINT('',(9.0065,27.5,113.140268057683));
#6581=CARTESIAN_POINT('Origin',(-8.00000000000001,27.5,113.140268057683));
#6582=CARTESIAN_POINT('',(-6.99350000000001,27.5,113.140268057683));
#6583=CARTESIAN_POINT('Origin',(-15.,29.25,-18.));
#6584=CARTESIAN_POINT('',(-12.5,29.25,-14.6));
#6585=CARTESIAN_POINT('',(-7.49999999999999,29.25,-14.6));
#6586=CARTESIAN_POINT('',(-12.5,29.25,-16.3));
#6587=CARTESIAN_POINT('Origin',(-12.5,32.5,-14.6));
#6588=CARTESIAN_POINT('',(12.5,29.25,-14.6));
#6589=CARTESIAN_POINT('',(6.25,29.25,-14.6));
#6590=CARTESIAN_POINT('',(9.25,32.5,-14.6));
#6591=CARTESIAN_POINT('Origin',(12.5,32.5,-14.6));
#6592=CARTESIAN_POINT('',(-9.25,32.5,-14.6));
#6593=CARTESIAN_POINT('Origin',(-5.55111512312578E-16,32.5,-14.6));
#6594=CARTESIAN_POINT('Origin',(-12.5,32.5,-14.6));
#6595=CARTESIAN_POINT('Origin',(12.5,29.25,-18.));
#6596=CARTESIAN_POINT('',(12.5,29.25,-16.3));
#6597=CARTESIAN_POINT('Origin',(-12.5,32.5,-16.3));
#6598=CARTESIAN_POINT('',(-9.25,32.5,-18.));
#6599=CARTESIAN_POINT('Origin',(-5.55111512312578E-16,32.5,-18.));
#6600=CARTESIAN_POINT('',(9.25,32.5,-18.));
#6601=CARTESIAN_POINT('Origin',(12.5,32.5,-16.3));
#6602=CARTESIAN_POINT('Origin',(18.,-29.25,-15.));
#6603=CARTESIAN_POINT('',(14.6,-29.25,-12.5));
#6604=CARTESIAN_POINT('',(14.6,-29.25,-7.49999999999999));
#6605=CARTESIAN_POINT('',(16.3,-29.25,-12.5));
#6606=CARTESIAN_POINT('Origin',(14.6,-32.5,-12.5));
#6607=CARTESIAN_POINT('',(14.6,-32.5,-9.25));
#6608=CARTESIAN_POINT('Origin',(14.6,-32.5,-12.5));
#6609=CARTESIAN_POINT('',(14.6,-32.5,9.25));
#6610=CARTESIAN_POINT('Origin',(14.6,-32.5,2.68673971959288E-15));
#6611=CARTESIAN_POINT('',(14.6,-29.25,12.5));
#6612=CARTESIAN_POINT('Origin',(14.6,-32.5,12.5));
#6613=CARTESIAN_POINT('',(14.6,-29.25,6.25));
#6614=CARTESIAN_POINT('Origin',(18.,-29.25,12.5));
#6615=CARTESIAN_POINT('',(16.3,-29.25,12.5));
#6616=CARTESIAN_POINT('Origin',(16.3,-32.5,12.5));
#6617=CARTESIAN_POINT('',(18.,-32.5,9.25));
#6618=CARTESIAN_POINT('Origin',(18.,-32.5,3.44169137633798E-15));
#6619=CARTESIAN_POINT('',(18.,-32.5,-9.25));
#6620=CARTESIAN_POINT('Origin',(16.3,-32.5,-12.5));
#6621=UNCERTAINTY_MEASURE_WITH_UNIT(LENGTH_MEASURE(0.01),#6625,
'DISTANCE_ACCURACY_VALUE',
'Maximum model space distance between geometric entities at asserted c
onnectivities');
#6622=UNCERTAINTY_MEASURE_WITH_UNIT(LENGTH_MEASURE(0.01),#6625,
'DISTANCE_ACCURACY_VALUE',
'Maximum model space distance between geometric entities at asserted c
onnectivities');
#6623=(
GEOMETRIC_REPRESENTATION_CONTEXT(3)
GLOBAL_UNCERTAINTY_ASSIGNED_CONTEXT((#6621))
GLOBAL_UNIT_ASSIGNED_CONTEXT((#6625,#6627,#6628))
REPRESENTATION_CONTEXT('','3D')
);
#6624=(
GEOMETRIC_REPRESENTATION_CONTEXT(3)
GLOBAL_UNCERTAINTY_ASSIGNED_CONTEXT((#6622))
GLOBAL_UNIT_ASSIGNED_CONTEXT((#6625,#6627,#6628))
REPRESENTATION_CONTEXT('','3D')
);
#6625=(
LENGTH_UNIT()
NAMED_UNIT(*)
SI_UNIT(.MILLI.,.METRE.)
);
#6626=(
LENGTH_UNIT()
NAMED_UNIT(*)
SI_UNIT(.CENTI.,.METRE.)
);
#6627=(
NAMED_UNIT(*)
PLANE_ANGLE_UNIT()
SI_UNIT($,.RADIAN.)
);
#6628=(
NAMED_UNIT(*)
SI_UNIT($,.STERADIAN.)
SOLID_ANGLE_UNIT()
);
#6629=SHAPE_DEFINITION_REPRESENTATION(#6630,#6631);
#6630=PRODUCT_DEFINITION_SHAPE('',$,#6633);
#6631=SHAPE_REPRESENTATION('',(#3343),#6623);
#6632=PRODUCT_DEFINITION_CONTEXT('part definition',#6637,'design');
#6633=PRODUCT_DEFINITION('upper_shell_vertical_center_derived',
'upper_shell_vertical_center_derived',#6634,#6632);
#6634=PRODUCT_DEFINITION_FORMATION('',$,#6639);
#6635=PRODUCT_RELATED_PRODUCT_CATEGORY(
'upper_shell_vertical_center_derived',
'upper_shell_vertical_center_derived',(#6639));
#6636=APPLICATION_PROTOCOL_DEFINITION('international standard',
'automotive_design',2009,#6637);
#6637=APPLICATION_CONTEXT(
'Core Data for Automotive Mechanical Design Process');
#6638=PRODUCT_CONTEXT('part definition',#6637,'mechanical');
#6639=PRODUCT('upper_shell_vertical_center_derived',
'upper_shell_vertical_center_derived',$,(#6638));
#6640=PRESENTATION_STYLE_ASSIGNMENT((#6642));
#6641=PRESENTATION_STYLE_ASSIGNMENT((#6643));
#6642=SURFACE_STYLE_USAGE(.BOTH.,#6648);
#6643=SURFACE_STYLE_USAGE(.BOTH.,#6649);
#6644=SURFACE_STYLE_RENDERING_WITH_PROPERTIES($,#6656,(#6646));
#6645=SURFACE_STYLE_RENDERING_WITH_PROPERTIES($,#6657,(#6647));
#6646=SURFACE_STYLE_TRANSPARENT(0.);
#6647=SURFACE_STYLE_TRANSPARENT(0.);
#6648=SURFACE_SIDE_STYLE('',(#6650,#6644));
#6649=SURFACE_SIDE_STYLE('',(#6651,#6645));
#6650=SURFACE_STYLE_FILL_AREA(#6652);
#6651=SURFACE_STYLE_FILL_AREA(#6653);
#6652=FILL_AREA_STYLE('',(#6654));
#6653=FILL_AREA_STYLE('',(#6655));
#6654=FILL_AREA_STYLE_COLOUR('',#6656);
#6655=FILL_AREA_STYLE_COLOUR('',#6657);
#6656=COLOUR_RGB('',0.996078431372549,0.996078431372549,1.);
#6657=COLOUR_RGB('',0.956862745098039,0.956862745098039,0.956862745098039);
ENDSEC;
END-ISO-10303-21;
