ISO-10303-21;
HEADER;
/* Generated by software containing ST-Developer
 * from STEP Tools, Inc. (www.steptools.com) 
 */

FILE_DESCRIPTION(
/* description */ (''),
/* implementation_level */ '2;1');

FILE_NAME(
/* name */ 'upper_shell_vertical_lid_derived.stp',
/* time_stamp */ '2023-10-16T14:29:23+02:00',
/* author */ ('Henrik Hose'),
/* organization */ (''),
/* preprocessor_version */ 'ST-DEVELOPER v19.2',
/* originating_system */ 'Autodesk Inventor 2024',
/* authorisation */ '');

FILE_SCHEMA (('AUTOMOTIVE_DESIGN { 1 0 10303 214 3 1 1 }'));
ENDSEC;

DATA;
#10=MECHANICAL_DESIGN_GEOMETRIC_PRESENTATION_REPRESENTATION('',(#304,#305,
#306,#307,#308,#309,#310,#311,#312,#313,#314,#315,#316,#317,#318,#319,#320,
#321,#322,#323,#324,#325,#326,#327,#328,#329,#330,#331,#332,#333,#334,#335,
#336,#337,#338,#339,#340,#341,#342,#343,#344,#345,#346,#347,#348,#349,#350,
#351,#352,#353,#354,#355,#356,#357,#358,#359,#360,#361,#362,#363,#364,#365,
#366,#367,#368),#10315);
#11=SHAPE_REPRESENTATION_RELATIONSHIP('SRR','None',#10322,#12);
#12=ADVANCED_BREP_SHAPE_REPRESENTATION('',(#13),#10314);
#13=MANIFOLD_SOLID_BREP('Volumenk\X\F6rper8',#2901);
#14=FACE_BOUND('',#629,.T.);
#15=FACE_BOUND('',#633,.T.);
#16=FACE_BOUND('',#660,.T.);
#17=FACE_BOUND('',#661,.T.);
#18=FACE_BOUND('',#662,.T.);
#19=FACE_BOUND('',#663,.T.);
#20=FACE_BOUND('',#702,.T.);
#21=FACE_BOUND('',#706,.T.);
#22=PLANE('',#2990);
#23=PLANE('',#2997);
#24=PLANE('',#3007);
#25=PLANE('',#3014);
#26=PLANE('',#3015);
#27=PLANE('',#3019);
#28=PLANE('',#3022);
#29=PLANE('',#3024);
#30=PLANE('',#3025);
#31=PLANE('',#3028);
#32=PLANE('',#3029);
#33=PLANE('',#3030);
#34=PLANE('',#3031);
#35=PLANE('',#3032);
#36=PLANE('',#3043);
#37=PLANE('',#3056);
#38=PLANE('',#3063);
#39=PLANE('',#3072);
#40=PLANE('',#3078);
#41=PLANE('',#3079);
#42=PLANE('',#3083);
#43=PLANE('',#3085);
#44=PLANE('',#3086);
#45=PLANE('',#3088);
#46=PLANE('',#3089);
#47=PLANE('',#3091);
#48=PLANE('',#3092);
#49=PLANE('',#3093);
#50=CYLINDRICAL_SURFACE('',#2934,4.00001059340881);
#51=CYLINDRICAL_SURFACE('',#2946,4.);
#52=CYLINDRICAL_SURFACE('',#2968,2.);
#53=CYLINDRICAL_SURFACE('',#2970,4.99927401392056);
#54=CYLINDRICAL_SURFACE('',#2972,2.);
#55=CYLINDRICAL_SURFACE('',#2974,4.00001059340881);
#56=CYLINDRICAL_SURFACE('',#2976,2.);
#57=CYLINDRICAL_SURFACE('',#2978,4.);
#58=CYLINDRICAL_SURFACE('',#2980,2.);
#59=CYLINDRICAL_SURFACE('',#2982,4.99927401392056);
#60=CYLINDRICAL_SURFACE('',#2991,3.);
#61=CYLINDRICAL_SURFACE('',#2993,4.);
#62=CYLINDRICAL_SURFACE('',#2995,3.);
#63=CYLINDRICAL_SURFACE('',#3004,1.7);
#64=CYLINDRICAL_SURFACE('',#3011,1.7);
#65=CYLINDRICAL_SURFACE('',#3016,3.);
#66=CYLINDRICAL_SURFACE('',#3017,4.);
#67=CYLINDRICAL_SURFACE('',#3018,3.);
#68=CYLINDRICAL_SURFACE('',#3020,4.00001059340881);
#69=CYLINDRICAL_SURFACE('',#3023,2.);
#70=CYLINDRICAL_SURFACE('',#3026,4.);
#71=CYLINDRICAL_SURFACE('',#3044,2.);
#72=CYLINDRICAL_SURFACE('',#3045,2.);
#73=CYLINDRICAL_SURFACE('',#3046,4.99927401392056);
#74=CYLINDRICAL_SURFACE('',#3047,2.);
#75=CYLINDRICAL_SURFACE('',#3048,2.);
#76=CYLINDRICAL_SURFACE('',#3049,4.99927401392056);
#77=CYLINDRICAL_SURFACE('',#3057,3.);
#78=CYLINDRICAL_SURFACE('',#3059,4.);
#79=CYLINDRICAL_SURFACE('',#3061,3.);
#80=CYLINDRICAL_SURFACE('',#3070,1.7);
#81=CYLINDRICAL_SURFACE('',#3076,1.7);
#82=CYLINDRICAL_SURFACE('',#3080,3.);
#83=CYLINDRICAL_SURFACE('',#3081,4.);
#84=CYLINDRICAL_SURFACE('',#3082,3.);
#85=CYLINDRICAL_SURFACE('',#3084,4.00001059340881);
#86=CYLINDRICAL_SURFACE('',#3087,2.);
#87=CYLINDRICAL_SURFACE('',#3090,4.);
#88=LINE('',#3911,#196);
#89=LINE('',#3959,#197);
#90=LINE('',#4084,#198);
#91=LINE('',#4087,#199);
#92=LINE('',#4409,#200);
#93=LINE('',#4552,#201);
#94=LINE('',#4576,#202);
#95=LINE('',#4579,#203);
#96=LINE('',#4582,#204);
#97=LINE('',#4924,#205);
#98=LINE('',#4925,#206);
#99=LINE('',#5046,#207);
#100=LINE('',#5371,#208);
#101=LINE('',#5374,#209);
#102=LINE('',#5377,#210);
#103=LINE('',#5381,#211);
#104=LINE('',#5450,#212);
#105=LINE('',#5498,#213);
#106=LINE('',#5540,#214);
#107=LINE('',#5568,#215);
#108=LINE('',#5579,#216);
#109=LINE('',#5582,#217);
#110=LINE('',#5585,#218);
#111=LINE('',#5589,#219);
#112=LINE('',#5592,#220);
#113=LINE('',#6168,#221);
#114=LINE('',#6169,#222);
#115=LINE('',#6173,#223);
#116=LINE('',#6177,#224);
#117=LINE('',#6181,#225);
#118=LINE('',#6183,#226);
#119=LINE('',#6823,#227);
#120=LINE('',#7089,#228);
#121=LINE('',#7105,#229);
#122=LINE('',#7224,#230);
#123=LINE('',#7243,#231);
#124=LINE('',#7271,#232);
#125=LINE('',#7278,#233);
#126=LINE('',#7283,#234);
#127=LINE('',#7333,#235);
#128=LINE('',#7335,#236);
#129=LINE('',#7337,#237);
#130=LINE('',#7339,#238);
#131=LINE('',#7386,#239);
#132=LINE('',#7421,#240);
#133=LINE('',#7696,#241);
#134=LINE('',#7697,#242);
#135=LINE('',#7699,#243);
#136=LINE('',#7701,#244);
#137=LINE('',#7702,#245);
#138=LINE('',#7705,#246);
#139=LINE('',#7707,#247);
#140=LINE('',#7708,#248);
#141=LINE('',#7710,#249);
#142=LINE('',#7714,#250);
#143=LINE('',#7797,#251);
#144=LINE('',#7805,#252);
#145=LINE('',#7807,#253);
#146=LINE('',#7809,#254);
#147=LINE('',#7810,#255);
#148=LINE('',#7862,#256);
#149=LINE('',#7913,#257);
#150=LINE('',#7996,#258);
#151=LINE('',#7998,#259);
#152=LINE('',#7999,#260);
#153=LINE('',#8041,#261);
#154=LINE('',#8090,#262);
#155=LINE('',#8091,#263);
#156=LINE('',#8093,#264);
#157=LINE('',#8101,#265);
#158=LINE('',#8111,#266);
#159=LINE('',#8113,#267);
#160=LINE('',#8115,#268);
#161=LINE('',#8143,#269);
#162=LINE('',#8176,#270);
#163=LINE('',#8178,#271);
#164=LINE('',#8179,#272);
#165=LINE('',#8182,#273);
#166=LINE('',#8184,#274);
#167=LINE('',#8185,#275);
#168=LINE('',#8760,#276);
#169=LINE('',#8761,#277);
#170=LINE('',#8764,#278);
#171=LINE('',#8768,#279);
#172=LINE('',#8772,#280);
#173=LINE('',#8775,#281);
#174=LINE('',#9411,#282);
#175=LINE('',#9628,#283);
#176=LINE('',#9783,#284);
#177=LINE('',#9787,#285);
#178=LINE('',#9808,#286);
#179=LINE('',#9815,#287);
#180=LINE('',#9819,#288);
#181=LINE('',#9859,#289);
#182=LINE('',#9861,#290);
#183=LINE('',#9863,#291);
#184=LINE('',#9865,#292);
#185=LINE('',#9896,#293);
#186=LINE('',#10201,#294);
#187=LINE('',#10204,#295);
#188=LINE('',#10206,#296);
#189=LINE('',#10208,#297);
#190=LINE('',#10209,#298);
#191=LINE('',#10212,#299);
#192=LINE('',#10216,#300);
#193=LINE('',#10217,#301);
#194=LINE('',#10269,#302);
#195=LINE('',#10310,#303);
#196=VECTOR('',#3116,10.);
#197=VECTOR('',#3117,10.);
#198=VECTOR('',#3118,10.);
#199=VECTOR('',#3121,10.);
#200=VECTOR('',#3144,10.);
#201=VECTOR('',#3145,10.);
#202=VECTOR('',#3146,10.);
#203=VECTOR('',#3149,10.);
#204=VECTOR('',#3152,10.);
#205=VECTOR('',#3173,10.);
#206=VECTOR('',#3174,10.);
#207=VECTOR('',#3175,10.);
#208=VECTOR('',#3198,10.);
#209=VECTOR('',#3201,10.);
#210=VECTOR('',#3204,10.);
#211=VECTOR('',#3209,10.);
#212=VECTOR('',#3216,10.);
#213=VECTOR('',#3217,10.);
#214=VECTOR('',#3218,10.);
#215=VECTOR('',#3219,10.);
#216=VECTOR('',#3222,10.);
#217=VECTOR('',#3225,10.);
#218=VECTOR('',#3228,10.);
#219=VECTOR('',#3233,10.);
#220=VECTOR('',#3236,10.);
#221=VECTOR('',#3255,10.);
#222=VECTOR('',#3256,10.);
#223=VECTOR('',#3261,10.);
#224=VECTOR('',#3266,10.);
#225=VECTOR('',#3271,10.);
#226=VECTOR('',#3274,10.);
#227=VECTOR('',#3287,10.);
#228=VECTOR('',#3288,10.);
#229=VECTOR('',#3289,10.);
#230=VECTOR('',#3290,10.);
#231=VECTOR('',#3295,1.7);
#232=VECTOR('',#3300,10.);
#233=VECTOR('',#3307,10.);
#234=VECTOR('',#3312,1.7);
#235=VECTOR('',#3319,10.);
#236=VECTOR('',#3322,10.);
#237=VECTOR('',#3325,10.);
#238=VECTOR('',#3328,10.);
#239=VECTOR('',#3331,10.);
#240=VECTOR('',#3332,10.);
#241=VECTOR('',#3337,10.);
#242=VECTOR('',#3338,10.);
#243=VECTOR('',#3341,10.);
#244=VECTOR('',#3344,2.);
#245=VECTOR('',#3345,10.);
#246=VECTOR('',#3348,10.);
#247=VECTOR('',#3349,10.);
#248=VECTOR('',#3350,10.);
#249=VECTOR('',#3353,10.);
#250=VECTOR('',#3358,10.);
#251=VECTOR('',#3359,10.);
#252=VECTOR('',#3362,10.);
#253=VECTOR('',#3365,10.);
#254=VECTOR('',#3366,10.);
#255=VECTOR('',#3367,10.);
#256=VECTOR('',#3368,10.);
#257=VECTOR('',#3369,10.);
#258=VECTOR('',#3372,10.);
#259=VECTOR('',#3373,10.);
#260=VECTOR('',#3374,10.);
#261=VECTOR('',#3375,10.);
#262=VECTOR('',#3378,10.);
#263=VECTOR('',#3379,10.);
#264=VECTOR('',#3382,10.);
#265=VECTOR('',#3391,10.);
#266=VECTOR('',#3400,10.);
#267=VECTOR('',#3401,10.);
#268=VECTOR('',#3402,10.);
#269=VECTOR('',#3403,10.);
#270=VECTOR('',#3412,10.);
#271=VECTOR('',#3415,10.);
#272=VECTOR('',#3416,10.);
#273=VECTOR('',#3421,10.);
#274=VECTOR('',#3424,10.);
#275=VECTOR('',#3425,10.);
#276=VECTOR('',#3442,10.);
#277=VECTOR('',#3443,10.);
#278=VECTOR('',#3446,10.);
#279=VECTOR('',#3451,10.);
#280=VECTOR('',#3456,10.);
#281=VECTOR('',#3461,10.);
#282=VECTOR('',#3474,10.);
#283=VECTOR('',#3475,10.);
#284=VECTOR('',#3476,10.);
#285=VECTOR('',#3481,1.7);
#286=VECTOR('',#3484,10.);
#287=VECTOR('',#3491,10.);
#288=VECTOR('',#3496,1.7);
#289=VECTOR('',#3501,10.);
#290=VECTOR('',#3504,10.);
#291=VECTOR('',#3507,10.);
#292=VECTOR('',#3510,10.);
#293=VECTOR('',#3513,10.);
#294=VECTOR('',#3516,10.);
#295=VECTOR('',#3521,2.);
#296=VECTOR('',#3524,10.);
#297=VECTOR('',#3527,10.);
#298=VECTOR('',#3528,10.);
#299=VECTOR('',#3533,10.);
#300=VECTOR('',#3538,10.);
#301=VECTOR('',#3539,10.);
#302=VECTOR('',#3540,10.);
#303=VECTOR('',#3541,10.);
#304=STYLED_ITEM('',(#10331),#2736);
#305=STYLED_ITEM('',(#10331),#2737);
#306=STYLED_ITEM('',(#10331),#2738);
#307=STYLED_ITEM('',(#10331),#2739);
#308=STYLED_ITEM('',(#10331),#2747);
#309=STYLED_ITEM('',(#10331),#2748);
#310=STYLED_ITEM('',(#10331),#2749);
#311=STYLED_ITEM('',(#10331),#2750);
#312=STYLED_ITEM('',(#10331),#2758);
#313=STYLED_ITEM('',(#10331),#2759);
#314=STYLED_ITEM('',(#10331),#2760);
#315=STYLED_ITEM('',(#10331),#2771);
#316=STYLED_ITEM('',(#10331),#2772);
#317=STYLED_ITEM('',(#10331),#2773);
#318=STYLED_ITEM('',(#10331),#2775);
#319=STYLED_ITEM('',(#10331),#2801);
#320=STYLED_ITEM('',(#10331),#2802);
#321=STYLED_ITEM('',(#10331),#2803);
#322=STYLED_ITEM('',(#10331),#2804);
#323=STYLED_ITEM('',(#10331),#2805);
#324=STYLED_ITEM('',(#10331),#2817);
#325=STYLED_ITEM('',(#10331),#2818);
#326=STYLED_ITEM('',(#10331),#2819);
#327=STYLED_ITEM('',(#10331),#2820);
#328=STYLED_ITEM('',(#10331),#2821);
#329=STYLED_ITEM('',(#10331),#2822);
#330=STYLED_ITEM('',(#10331),#2823);
#331=STYLED_ITEM('',(#10331),#2824);
#332=STYLED_ITEM('',(#10331),#2825);
#333=STYLED_ITEM('',(#10331),#2826);
#334=STYLED_ITEM('',(#10331),#2827);
#335=STYLED_ITEM('',(#10331),#2828);
#336=STYLED_ITEM('',(#10331),#2829);
#337=STYLED_ITEM('',(#10331),#2830);
#338=STYLED_ITEM('',(#10331),#2831);
#339=STYLED_ITEM('',(#10331),#2832);
#340=STYLED_ITEM('',(#10331),#2833);
#341=STYLED_ITEM('',(#10331),#2834);
#342=STYLED_ITEM('',(#10331),#2835);
#343=STYLED_ITEM('',(#10331),#2836);
#344=STYLED_ITEM('',(#10331),#2837);
#345=STYLED_ITEM('',(#10331),#2838);
#346=STYLED_ITEM('',(#10331),#2868);
#347=STYLED_ITEM('',(#10331),#2869);
#348=STYLED_ITEM('',(#10331),#2870);
#349=STYLED_ITEM('',(#10331),#2871);
#350=STYLED_ITEM('',(#10331),#2872);
#351=STYLED_ITEM('',(#10331),#2884);
#352=STYLED_ITEM('',(#10331),#2885);
#353=STYLED_ITEM('',(#10331),#2886);
#354=STYLED_ITEM('',(#10331),#2887);
#355=STYLED_ITEM('',(#10331),#2888);
#356=STYLED_ITEM('',(#10331),#2889);
#357=STYLED_ITEM('',(#10331),#2890);
#358=STYLED_ITEM('',(#10331),#2891);
#359=STYLED_ITEM('',(#10331),#2892);
#360=STYLED_ITEM('',(#10331),#2893);
#361=STYLED_ITEM('',(#10331),#2894);
#362=STYLED_ITEM('',(#10331),#2895);
#363=STYLED_ITEM('',(#10331),#2896);
#364=STYLED_ITEM('',(#10331),#2897);
#365=STYLED_ITEM('',(#10331),#2898);
#366=STYLED_ITEM('',(#10331),#2899);
#367=STYLED_ITEM('',(#10331),#2900);
#368=STYLED_ITEM('',(#10331),#13);
#369=SPHERICAL_SURFACE('',#2928,2.);
#370=SPHERICAL_SURFACE('',#2932,2.);
#371=SPHERICAL_SURFACE('',#2941,2.);
#372=SPHERICAL_SURFACE('',#2944,2.);
#373=SPHERICAL_SURFACE('',#2953,2.);
#374=SPHERICAL_SURFACE('',#2956,2.);
#375=SPHERICAL_SURFACE('',#2962,2.);
#376=SPHERICAL_SURFACE('',#2966,2.);
#377=FACE_OUTER_BOUND('',#549,.T.);
#378=FACE_OUTER_BOUND('',#550,.T.);
#379=FACE_OUTER_BOUND('',#551,.T.);
#380=FACE_OUTER_BOUND('',#552,.T.);
#381=FACE_OUTER_BOUND('',#553,.T.);
#382=FACE_OUTER_BOUND('',#554,.T.);
#383=FACE_OUTER_BOUND('',#555,.T.);
#384=FACE_OUTER_BOUND('',#556,.T.);
#385=FACE_OUTER_BOUND('',#557,.T.);
#386=FACE_OUTER_BOUND('',#558,.T.);
#387=FACE_OUTER_BOUND('',#559,.T.);
#388=FACE_OUTER_BOUND('',#560,.T.);
#389=FACE_OUTER_BOUND('',#561,.T.);
#390=FACE_OUTER_BOUND('',#562,.T.);
#391=FACE_OUTER_BOUND('',#563,.T.);
#392=FACE_OUTER_BOUND('',#564,.T.);
#393=FACE_OUTER_BOUND('',#565,.T.);
#394=FACE_OUTER_BOUND('',#566,.T.);
#395=FACE_OUTER_BOUND('',#567,.T.);
#396=FACE_OUTER_BOUND('',#568,.T.);
#397=FACE_OUTER_BOUND('',#569,.T.);
#398=FACE_OUTER_BOUND('',#570,.T.);
#399=FACE_OUTER_BOUND('',#571,.T.);
#400=FACE_OUTER_BOUND('',#572,.T.);
#401=FACE_OUTER_BOUND('',#573,.T.);
#402=FACE_OUTER_BOUND('',#574,.T.);
#403=FACE_OUTER_BOUND('',#575,.T.);
#404=FACE_OUTER_BOUND('',#576,.T.);
#405=FACE_OUTER_BOUND('',#577,.T.);
#406=FACE_OUTER_BOUND('',#578,.T.);
#407=FACE_OUTER_BOUND('',#579,.T.);
#408=FACE_OUTER_BOUND('',#580,.T.);
#409=FACE_OUTER_BOUND('',#581,.T.);
#410=FACE_OUTER_BOUND('',#582,.T.);
#411=FACE_OUTER_BOUND('',#583,.T.);
#412=FACE_OUTER_BOUND('',#584,.T.);
#413=FACE_OUTER_BOUND('',#585,.T.);
#414=FACE_OUTER_BOUND('',#586,.T.);
#415=FACE_OUTER_BOUND('',#587,.T.);
#416=FACE_OUTER_BOUND('',#588,.T.);
#417=FACE_OUTER_BOUND('',#589,.T.);
#418=FACE_OUTER_BOUND('',#590,.T.);
#419=FACE_OUTER_BOUND('',#591,.T.);
#420=FACE_OUTER_BOUND('',#592,.T.);
#421=FACE_OUTER_BOUND('',#593,.T.);
#422=FACE_OUTER_BOUND('',#594,.T.);
#423=FACE_OUTER_BOUND('',#595,.T.);
#424=FACE_OUTER_BOUND('',#596,.T.);
#425=FACE_OUTER_BOUND('',#597,.T.);
#426=FACE_OUTER_BOUND('',#598,.T.);
#427=FACE_OUTER_BOUND('',#599,.T.);
#428=FACE_OUTER_BOUND('',#600,.T.);
#429=FACE_OUTER_BOUND('',#601,.T.);
#430=FACE_OUTER_BOUND('',#602,.T.);
#431=FACE_OUTER_BOUND('',#603,.T.);
#432=FACE_OUTER_BOUND('',#604,.T.);
#433=FACE_OUTER_BOUND('',#605,.T.);
#434=FACE_OUTER_BOUND('',#606,.T.);
#435=FACE_OUTER_BOUND('',#607,.T.);
#436=FACE_OUTER_BOUND('',#608,.T.);
#437=FACE_OUTER_BOUND('',#609,.T.);
#438=FACE_OUTER_BOUND('',#610,.T.);
#439=FACE_OUTER_BOUND('',#611,.T.);
#440=FACE_OUTER_BOUND('',#612,.T.);
#441=FACE_OUTER_BOUND('',#613,.T.);
#442=FACE_OUTER_BOUND('',#614,.T.);
#443=FACE_OUTER_BOUND('',#615,.T.);
#444=FACE_OUTER_BOUND('',#616,.T.);
#445=FACE_OUTER_BOUND('',#617,.T.);
#446=FACE_OUTER_BOUND('',#618,.T.);
#447=FACE_OUTER_BOUND('',#619,.T.);
#448=FACE_OUTER_BOUND('',#620,.T.);
#449=FACE_OUTER_BOUND('',#621,.T.);
#450=FACE_OUTER_BOUND('',#622,.T.);
#451=FACE_OUTER_BOUND('',#623,.T.);
#452=FACE_OUTER_BOUND('',#624,.T.);
#453=FACE_OUTER_BOUND('',#625,.T.);
#454=FACE_OUTER_BOUND('',#626,.T.);
#455=FACE_OUTER_BOUND('',#627,.T.);
#456=FACE_OUTER_BOUND('',#628,.T.);
#457=FACE_OUTER_BOUND('',#630,.T.);
#458=FACE_OUTER_BOUND('',#631,.T.);
#459=FACE_OUTER_BOUND('',#632,.T.);
#460=FACE_OUTER_BOUND('',#634,.T.);
#461=FACE_OUTER_BOUND('',#635,.T.);
#462=FACE_OUTER_BOUND('',#636,.T.);
#463=FACE_OUTER_BOUND('',#637,.T.);
#464=FACE_OUTER_BOUND('',#638,.T.);
#465=FACE_OUTER_BOUND('',#639,.T.);
#466=FACE_OUTER_BOUND('',#640,.T.);
#467=FACE_OUTER_BOUND('',#641,.T.);
#468=FACE_OUTER_BOUND('',#642,.T.);
#469=FACE_OUTER_BOUND('',#643,.T.);
#470=FACE_OUTER_BOUND('',#644,.T.);
#471=FACE_OUTER_BOUND('',#645,.T.);
#472=FACE_OUTER_BOUND('',#646,.T.);
#473=FACE_OUTER_BOUND('',#647,.T.);
#474=FACE_OUTER_BOUND('',#648,.T.);
#475=FACE_OUTER_BOUND('',#649,.T.);
#476=FACE_OUTER_BOUND('',#650,.T.);
#477=FACE_OUTER_BOUND('',#651,.T.);
#478=FACE_OUTER_BOUND('',#652,.T.);
#479=FACE_OUTER_BOUND('',#653,.T.);
#480=FACE_OUTER_BOUND('',#654,.T.);
#481=FACE_OUTER_BOUND('',#655,.T.);
#482=FACE_OUTER_BOUND('',#656,.T.);
#483=FACE_OUTER_BOUND('',#657,.T.);
#484=FACE_OUTER_BOUND('',#658,.T.);
#485=FACE_OUTER_BOUND('',#659,.T.);
#486=FACE_OUTER_BOUND('',#664,.T.);
#487=FACE_OUTER_BOUND('',#665,.T.);
#488=FACE_OUTER_BOUND('',#666,.T.);
#489=FACE_OUTER_BOUND('',#667,.T.);
#490=FACE_OUTER_BOUND('',#668,.T.);
#491=FACE_OUTER_BOUND('',#669,.T.);
#492=FACE_OUTER_BOUND('',#670,.T.);
#493=FACE_OUTER_BOUND('',#671,.T.);
#494=FACE_OUTER_BOUND('',#672,.T.);
#495=FACE_OUTER_BOUND('',#673,.T.);
#496=FACE_OUTER_BOUND('',#674,.T.);
#497=FACE_OUTER_BOUND('',#675,.T.);
#498=FACE_OUTER_BOUND('',#676,.T.);
#499=FACE_OUTER_BOUND('',#677,.T.);
#500=FACE_OUTER_BOUND('',#678,.T.);
#501=FACE_OUTER_BOUND('',#679,.T.);
#502=FACE_OUTER_BOUND('',#680,.T.);
#503=FACE_OUTER_BOUND('',#681,.T.);
#504=FACE_OUTER_BOUND('',#682,.T.);
#505=FACE_OUTER_BOUND('',#683,.T.);
#506=FACE_OUTER_BOUND('',#684,.T.);
#507=FACE_OUTER_BOUND('',#685,.T.);
#508=FACE_OUTER_BOUND('',#686,.T.);
#509=FACE_OUTER_BOUND('',#687,.T.);
#510=FACE_OUTER_BOUND('',#688,.T.);
#511=FACE_OUTER_BOUND('',#689,.T.);
#512=FACE_OUTER_BOUND('',#690,.T.);
#513=FACE_OUTER_BOUND('',#691,.T.);
#514=FACE_OUTER_BOUND('',#692,.T.);
#515=FACE_OUTER_BOUND('',#693,.T.);
#516=FACE_OUTER_BOUND('',#694,.T.);
#517=FACE_OUTER_BOUND('',#695,.T.);
#518=FACE_OUTER_BOUND('',#696,.T.);
#519=FACE_OUTER_BOUND('',#697,.T.);
#520=FACE_OUTER_BOUND('',#698,.T.);
#521=FACE_OUTER_BOUND('',#699,.T.);
#522=FACE_OUTER_BOUND('',#700,.T.);
#523=FACE_OUTER_BOUND('',#701,.T.);
#524=FACE_OUTER_BOUND('',#703,.T.);
#525=FACE_OUTER_BOUND('',#704,.T.);
#526=FACE_OUTER_BOUND('',#705,.T.);
#527=FACE_OUTER_BOUND('',#707,.T.);
#528=FACE_OUTER_BOUND('',#708,.T.);
#529=FACE_OUTER_BOUND('',#709,.T.);
#530=FACE_OUTER_BOUND('',#710,.T.);
#531=FACE_OUTER_BOUND('',#711,.T.);
#532=FACE_OUTER_BOUND('',#712,.T.);
#533=FACE_OUTER_BOUND('',#713,.T.);
#534=FACE_OUTER_BOUND('',#714,.T.);
#535=FACE_OUTER_BOUND('',#715,.T.);
#536=FACE_OUTER_BOUND('',#716,.T.);
#537=FACE_OUTER_BOUND('',#717,.T.);
#538=FACE_OUTER_BOUND('',#718,.T.);
#539=FACE_OUTER_BOUND('',#719,.T.);
#540=FACE_OUTER_BOUND('',#720,.T.);
#541=FACE_OUTER_BOUND('',#721,.T.);
#542=FACE_OUTER_BOUND('',#722,.T.);
#543=FACE_OUTER_BOUND('',#723,.T.);
#544=FACE_OUTER_BOUND('',#724,.T.);
#545=FACE_OUTER_BOUND('',#725,.T.);
#546=FACE_OUTER_BOUND('',#726,.T.);
#547=FACE_OUTER_BOUND('',#727,.T.);
#548=FACE_OUTER_BOUND('',#728,.T.);
#549=EDGE_LOOP('',(#1759,#1760,#1761));
#550=EDGE_LOOP('',(#1762,#1763,#1764,#1765));
#551=EDGE_LOOP('',(#1766,#1767,#1768,#1769));
#552=EDGE_LOOP('',(#1770,#1771,#1772));
#553=EDGE_LOOP('',(#1773,#1774,#1775,#1776));
#554=EDGE_LOOP('',(#1777,#1778,#1779));
#555=EDGE_LOOP('',(#1780,#1781,#1782));
#556=EDGE_LOOP('',(#1783,#1784,#1785,#1786,#1787,#1788,#1789,#1790,#1791));
#557=EDGE_LOOP('',(#1792,#1793,#1794,#1795,#1796));
#558=EDGE_LOOP('',(#1797,#1798,#1799,#1800));
#559=EDGE_LOOP('',(#1801,#1802,#1803,#1804));
#560=EDGE_LOOP('',(#1805,#1806,#1807));
#561=EDGE_LOOP('',(#1808,#1809,#1810,#1811));
#562=EDGE_LOOP('',(#1812,#1813,#1814,#1815));
#563=EDGE_LOOP('',(#1816,#1817,#1818,#1819));
#564=EDGE_LOOP('',(#1820,#1821,#1822));
#565=EDGE_LOOP('',(#1823,#1824,#1825));
#566=EDGE_LOOP('',(#1826,#1827,#1828));
#567=EDGE_LOOP('',(#1829,#1830,#1831,#1832));
#568=EDGE_LOOP('',(#1833,#1834,#1835,#1836,#1837));
#569=EDGE_LOOP('',(#1838,#1839,#1840,#1841,#1842,#1843));
#570=EDGE_LOOP('',(#1844,#1845,#1846,#1847));
#571=EDGE_LOOP('',(#1848,#1849,#1850));
#572=EDGE_LOOP('',(#1851,#1852,#1853,#1854));
#573=EDGE_LOOP('',(#1855,#1856,#1857,#1858));
#574=EDGE_LOOP('',(#1859,#1860,#1861,#1862));
#575=EDGE_LOOP('',(#1863,#1864,#1865));
#576=EDGE_LOOP('',(#1866,#1867,#1868));
#577=EDGE_LOOP('',(#1869,#1870,#1871));
#578=EDGE_LOOP('',(#1872,#1873,#1874,#1875,#1876,#1877));
#579=EDGE_LOOP('',(#1878,#1879,#1880,#1881,#1882));
#580=EDGE_LOOP('',(#1883,#1884,#1885,#1886));
#581=EDGE_LOOP('',(#1887,#1888,#1889));
#582=EDGE_LOOP('',(#1890,#1891,#1892,#1893));
#583=EDGE_LOOP('',(#1894,#1895,#1896,#1897));
#584=EDGE_LOOP('',(#1898,#1899,#1900));
#585=EDGE_LOOP('',(#1901,#1902,#1903,#1904));
#586=EDGE_LOOP('',(#1905,#1906,#1907));
#587=EDGE_LOOP('',(#1908,#1909,#1910));
#588=EDGE_LOOP('',(#1911,#1912,#1913,#1914));
#589=EDGE_LOOP('',(#1915,#1916,#1917,#1918,#1919));
#590=EDGE_LOOP('',(#1920,#1921,#1922,#1923));
#591=EDGE_LOOP('',(#1924,#1925,#1926,#1927));
#592=EDGE_LOOP('',(#1928,#1929,#1930,#1931,#1932,#1933,#1934,#1935,#1936));
#593=EDGE_LOOP('',(#1937,#1938,#1939,#1940,#1941,#1942,#1943,#1944,#1945));
#594=EDGE_LOOP('',(#1946,#1947,#1948,#1949));
#595=EDGE_LOOP('',(#1950,#1951,#1952,#1953));
#596=EDGE_LOOP('',(#1954,#1955,#1956,#1957));
#597=EDGE_LOOP('',(#1958,#1959,#1960,#1961,#1962));
#598=EDGE_LOOP('',(#1963,#1964,#1965,#1966,#1967,#1968));
#599=EDGE_LOOP('',(#1969,#1970,#1971,#1972));
#600=EDGE_LOOP('',(#1973,#1974,#1975,#1976));
#601=EDGE_LOOP('',(#1977,#1978,#1979,#1980));
#602=EDGE_LOOP('',(#1981,#1982,#1983,#1984,#1985));
#603=EDGE_LOOP('',(#1986,#1987,#1988,#1989,#1990));
#604=EDGE_LOOP('',(#1991,#1992,#1993,#1994));
#605=EDGE_LOOP('',(#1995,#1996,#1997,#1998));
#606=EDGE_LOOP('',(#1999,#2000,#2001,#2002));
#607=EDGE_LOOP('',(#2003,#2004,#2005,#2006));
#608=EDGE_LOOP('',(#2007,#2008,#2009,#2010,#2011,#2012,#2013));
#609=EDGE_LOOP('',(#2014,#2015,#2016,#2017,#2018,#2019));
#610=EDGE_LOOP('',(#2020,#2021,#2022,#2023));
#611=EDGE_LOOP('',(#2024,#2025,#2026,#2027,#2028));
#612=EDGE_LOOP('',(#2029,#2030,#2031,#2032));
#613=EDGE_LOOP('',(#2033,#2034,#2035,#2036));
#614=EDGE_LOOP('',(#2037,#2038,#2039,#2040));
#615=EDGE_LOOP('',(#2041,#2042,#2043,#2044,#2045));
#616=EDGE_LOOP('',(#2046,#2047,#2048,#2049,#2050,#2051));
#617=EDGE_LOOP('',(#2052,#2053,#2054,#2055,#2056));
#618=EDGE_LOOP('',(#2057,#2058,#2059,#2060));
#619=EDGE_LOOP('',(#2061,#2062,#2063,#2064,#2065));
#620=EDGE_LOOP('',(#2066,#2067,#2068,#2069));
#621=EDGE_LOOP('',(#2070,#2071,#2072,#2073,#2074,#2075));
#622=EDGE_LOOP('',(#2076,#2077,#2078,#2079,#2080));
#623=EDGE_LOOP('',(#2081,#2082,#2083,#2084,#2085,#2086,#2087,#2088,#2089,
#2090,#2091,#2092));
#624=EDGE_LOOP('',(#2093,#2094,#2095,#2096));
#625=EDGE_LOOP('',(#2097,#2098,#2099,#2100,#2101,#2102));
#626=EDGE_LOOP('',(#2103,#2104,#2105,#2106));
#627=EDGE_LOOP('',(#2107,#2108,#2109,#2110));
#628=EDGE_LOOP('',(#2111,#2112,#2113,#2114,#2115,#2116,#2117,#2118,#2119,
#2120));
#629=EDGE_LOOP('',(#2121));
#630=EDGE_LOOP('',(#2122,#2123,#2124,#2125));
#631=EDGE_LOOP('',(#2126,#2127,#2128,#2129));
#632=EDGE_LOOP('',(#2130,#2131,#2132,#2133,#2134,#2135,#2136,#2137,#2138,
#2139));
#633=EDGE_LOOP('',(#2140));
#634=EDGE_LOOP('',(#2141,#2142,#2143,#2144));
#635=EDGE_LOOP('',(#2145,#2146,#2147,#2148,#2149,#2150,#2151));
#636=EDGE_LOOP('',(#2152,#2153,#2154,#2155,#2156,#2157));
#637=EDGE_LOOP('',(#2158,#2159,#2160,#2161));
#638=EDGE_LOOP('',(#2162,#2163,#2164,#2165,#2166));
#639=EDGE_LOOP('',(#2167,#2168,#2169,#2170,#2171,#2172));
#640=EDGE_LOOP('',(#2173,#2174,#2175,#2176,#2177,#2178));
#641=EDGE_LOOP('',(#2179,#2180,#2181,#2182,#2183));
#642=EDGE_LOOP('',(#2184,#2185,#2186));
#643=EDGE_LOOP('',(#2187,#2188,#2189,#2190));
#644=EDGE_LOOP('',(#2191,#2192,#2193,#2194));
#645=EDGE_LOOP('',(#2195,#2196,#2197,#2198));
#646=EDGE_LOOP('',(#2199,#2200,#2201,#2202));
#647=EDGE_LOOP('',(#2203,#2204,#2205,#2206,#2207,#2208));
#648=EDGE_LOOP('',(#2209,#2210,#2211,#2212));
#649=EDGE_LOOP('',(#2213,#2214,#2215,#2216));
#650=EDGE_LOOP('',(#2217,#2218,#2219,#2220));
#651=EDGE_LOOP('',(#2221,#2222,#2223,#2224));
#652=EDGE_LOOP('',(#2225,#2226,#2227,#2228,#2229));
#653=EDGE_LOOP('',(#2230,#2231,#2232,#2233));
#654=EDGE_LOOP('',(#2234,#2235,#2236,#2237));
#655=EDGE_LOOP('',(#2238,#2239,#2240,#2241,#2242));
#656=EDGE_LOOP('',(#2243,#2244,#2245,#2246,#2247,#2248));
#657=EDGE_LOOP('',(#2249,#2250,#2251,#2252,#2253,#2254,#2255,#2256,#2257));
#658=EDGE_LOOP('',(#2258,#2259,#2260,#2261,#2262));
#659=EDGE_LOOP('',(#2263,#2264,#2265,#2266,#2267,#2268,#2269,#2270,#2271,
#2272,#2273,#2274,#2275,#2276,#2277,#2278,#2279,#2280,#2281,#2282,#2283,
#2284,#2285,#2286,#2287,#2288,#2289,#2290,#2291,#2292,#2293,#2294,#2295,
#2296,#2297,#2298,#2299,#2300,#2301,#2302,#2303,#2304,#2305,#2306,#2307,
#2308,#2309,#2310));
#660=EDGE_LOOP('',(#2311));
#661=EDGE_LOOP('',(#2312));
#662=EDGE_LOOP('',(#2313));
#663=EDGE_LOOP('',(#2314));
#664=EDGE_LOOP('',(#2315,#2316,#2317,#2318,#2319));
#665=EDGE_LOOP('',(#2320,#2321,#2322,#2323));
#666=EDGE_LOOP('',(#2324,#2325,#2326,#2327));
#667=EDGE_LOOP('',(#2328,#2329,#2330,#2331,#2332));
#668=EDGE_LOOP('',(#2333,#2334,#2335,#2336));
#669=EDGE_LOOP('',(#2337,#2338,#2339,#2340));
#670=EDGE_LOOP('',(#2341,#2342,#2343,#2344,#2345));
#671=EDGE_LOOP('',(#2346,#2347,#2348,#2349,#2350,#2351));
#672=EDGE_LOOP('',(#2352,#2353,#2354,#2355));
#673=EDGE_LOOP('',(#2356,#2357,#2358,#2359));
#674=EDGE_LOOP('',(#2360,#2361,#2362,#2363));
#675=EDGE_LOOP('',(#2364,#2365,#2366,#2367,#2368));
#676=EDGE_LOOP('',(#2369,#2370,#2371,#2372,#2373));
#677=EDGE_LOOP('',(#2374,#2375,#2376,#2377));
#678=EDGE_LOOP('',(#2378,#2379,#2380,#2381));
#679=EDGE_LOOP('',(#2382,#2383,#2384,#2385));
#680=EDGE_LOOP('',(#2386,#2387,#2388,#2389));
#681=EDGE_LOOP('',(#2390,#2391,#2392,#2393,#2394,#2395,#2396));
#682=EDGE_LOOP('',(#2397,#2398,#2399,#2400,#2401,#2402));
#683=EDGE_LOOP('',(#2403,#2404,#2405,#2406));
#684=EDGE_LOOP('',(#2407,#2408,#2409,#2410,#2411));
#685=EDGE_LOOP('',(#2412,#2413,#2414,#2415));
#686=EDGE_LOOP('',(#2416,#2417,#2418,#2419));
#687=EDGE_LOOP('',(#2420,#2421,#2422,#2423));
#688=EDGE_LOOP('',(#2424,#2425,#2426,#2427,#2428));
#689=EDGE_LOOP('',(#2429,#2430,#2431,#2432,#2433,#2434));
#690=EDGE_LOOP('',(#2435,#2436,#2437,#2438,#2439));
#691=EDGE_LOOP('',(#2440,#2441,#2442,#2443));
#692=EDGE_LOOP('',(#2444,#2445,#2446,#2447,#2448));
#693=EDGE_LOOP('',(#2449,#2450,#2451,#2452));
#694=EDGE_LOOP('',(#2453,#2454,#2455,#2456,#2457,#2458));
#695=EDGE_LOOP('',(#2459,#2460,#2461,#2462,#2463));
#696=EDGE_LOOP('',(#2464,#2465,#2466,#2467,#2468,#2469,#2470,#2471,#2472,
#2473,#2474,#2475));
#697=EDGE_LOOP('',(#2476,#2477,#2478,#2479));
#698=EDGE_LOOP('',(#2480,#2481,#2482,#2483,#2484,#2485));
#699=EDGE_LOOP('',(#2486,#2487,#2488,#2489));
#700=EDGE_LOOP('',(#2490,#2491,#2492,#2493));
#701=EDGE_LOOP('',(#2494,#2495,#2496,#2497,#2498,#2499,#2500,#2501,#2502,
#2503));
#702=EDGE_LOOP('',(#2504));
#703=EDGE_LOOP('',(#2505,#2506,#2507,#2508));
#704=EDGE_LOOP('',(#2509,#2510,#2511,#2512));
#705=EDGE_LOOP('',(#2513,#2514,#2515,#2516,#2517,#2518,#2519,#2520,#2521,
#2522));
#706=EDGE_LOOP('',(#2523));
#707=EDGE_LOOP('',(#2524,#2525,#2526,#2527));
#708=EDGE_LOOP('',(#2528,#2529,#2530,#2531,#2532,#2533,#2534));
#709=EDGE_LOOP('',(#2535,#2536,#2537,#2538,#2539,#2540));
#710=EDGE_LOOP('',(#2541,#2542,#2543,#2544));
#711=EDGE_LOOP('',(#2545,#2546,#2547,#2548,#2549));
#712=EDGE_LOOP('',(#2550,#2551,#2552,#2553,#2554,#2555));
#713=EDGE_LOOP('',(#2556,#2557,#2558,#2559,#2560,#2561));
#714=EDGE_LOOP('',(#2562,#2563,#2564,#2565,#2566));
#715=EDGE_LOOP('',(#2567,#2568,#2569));
#716=EDGE_LOOP('',(#2570,#2571,#2572,#2573));
#717=EDGE_LOOP('',(#2574,#2575,#2576,#2577));
#718=EDGE_LOOP('',(#2578,#2579,#2580,#2581));
#719=EDGE_LOOP('',(#2582,#2583,#2584,#2585,#2586,#2587));
#720=EDGE_LOOP('',(#2588,#2589,#2590,#2591));
#721=EDGE_LOOP('',(#2592,#2593,#2594,#2595,#2596,#2597));
#722=EDGE_LOOP('',(#2598,#2599,#2600,#2601));
#723=EDGE_LOOP('',(#2602,#2603,#2604,#2605));
#724=EDGE_LOOP('',(#2606,#2607,#2608,#2609));
#725=EDGE_LOOP('',(#2610,#2611,#2612,#2613,#2614));
#726=EDGE_LOOP('',(#2615,#2616,#2617,#2618));
#727=EDGE_LOOP('',(#2619,#2620,#2621,#2622));
#728=EDGE_LOOP('',(#2623,#2624,#2625,#2626,#2627,#2628,#2629,#2630));
#729=B_SPLINE_CURVE_WITH_KNOTS('',3,(#3581,#3582,#3583,#3584,#3585,#3586,
#3587,#3588),.UNSPECIFIED.,.F.,.F.,(4,1,1,2,4),(0.,0.256250241030815,0.341666988041087,
0.427083735051359,0.437955588033609),.UNSPECIFIED.);
#730=B_SPLINE_CURVE_WITH_KNOTS('',3,(#3589,#3590,#3591,#3592,#3593,#3594,
#3595,#3596),.UNSPECIFIED.,.F.,.F.,(4,2,1,1,4),(-0.437955588033609,-0.427083735051359,
-0.341666988041087,-0.256250241030815,0.),.UNSPECIFIED.);
#731=B_SPLINE_CURVE_WITH_KNOTS('',3,(#3654,#3655,#3656,#3657,#3658,#3659,
#3660,#3661,#3662),.UNSPECIFIED.,.F.,.F.,(4,1,1,1,1,1,4),(-1.36745059233011,
-1.17210050771152,-0.976750423092932,-0.781400338474346,-0.586050253855759,
-0.195350084618586,0.),.UNSPECIFIED.);
#732=B_SPLINE_CURVE_WITH_KNOTS('',3,(#3665,#3666,#3667,#3668,#3669,#3670,
#3671,#3672,#3673),.UNSPECIFIED.,.F.,.F.,(4,1,1,1,1,1,4),(0.,0.195350084618586,
0.586050253855759,0.781400338474346,0.976750423092932,1.17210050771152,
1.36745059233011),.UNSPECIFIED.);
#733=B_SPLINE_CURVE_WITH_KNOTS('',3,(#3767,#3768,#3769,#3770,#3771,#3772,
#3773,#3774,#3775,#3776,#3777,#3778,#3779,#3780,#3781),.UNSPECIFIED.,.F.,
 .F.,(4,2,1,1,1,1,1,1,1,1,1,4),(-1.06460412789176,-0.914426462360046,-0.822983816124041,
-0.731541169888037,-0.548655877416028,-0.457213231180023,-0.411491908062021,
-0.38863124650302,-0.365770584944019,-0.18288529247201,-0.0914426462360054,
-9.91953852797977E-16),.UNSPECIFIED.);
#734=B_SPLINE_CURVE_WITH_KNOTS('',3,(#3782,#3783,#3784,#3785,#3786,#3787,
#3788,#3789,#3790,#3791,#3792,#3793,#3794,#3795,#3796),.UNSPECIFIED.,.F.,
 .F.,(4,1,1,1,1,1,1,1,1,1,2,4),(9.91953852797977E-16,0.0914426462360054,
0.18288529247201,0.365770584944019,0.38863124650302,0.411491908062021,0.457213231180023,
0.548655877416028,0.731541169888037,0.822983816124041,0.914426462360046,
1.06460412789176),.UNSPECIFIED.);
#735=B_SPLINE_CURVE_WITH_KNOTS('',3,(#3818,#3819,#3820,#3821),
 .UNSPECIFIED.,.F.,.F.,(4,4),(-0.0619199649161801,0.),.UNSPECIFIED.);
#736=B_SPLINE_CURVE_WITH_KNOTS('',3,(#3824,#3825,#3826,#3827),
 .UNSPECIFIED.,.F.,.F.,(4,4),(0.,0.0619199686365711),.UNSPECIFIED.);
#737=B_SPLINE_CURVE_WITH_KNOTS('',3,(#3849,#3850,#3851,#3852,#3853),
 .UNSPECIFIED.,.F.,.F.,(4,1,4),(-0.481020078167065,0.,0.0241211743828134),
 .UNSPECIFIED.);
#738=B_SPLINE_CURVE_WITH_KNOTS('',3,(#3854,#3855,#3856,#3857,#3858),
 .UNSPECIFIED.,.F.,.F.,(4,1,4),(-0.0241432735169082,0.,0.481020081887455),
 .UNSPECIFIED.);
#739=B_SPLINE_CURVE_WITH_KNOTS('',3,(#3902,#3903,#3904,#3905,#3906,#3907,
#3908,#3909),.UNSPECIFIED.,.F.,.F.,(4,2,2,4),(-1.02414728617855,-0.894375775504536,
-0.829490020167527,-0.789323325952283),.UNSPECIFIED.);
#740=B_SPLINE_CURVE_WITH_KNOTS('',3,(#3913,#3914,#3915,#3916,#3917,#3918,
#3919,#3920,#3921,#3922,#3923,#3924,#3925,#3926,#3927,#3928,#3929,#3930,
#3931),.UNSPECIFIED.,.F.,.F.,(4,3,3,3,3,3,4),(-2.24987332228132,-1.92713590792552,
-1.60439849356973,-1.28166107921394,-0.958923664858142,-0.636186250502348,
-0.323735275743588),.UNSPECIFIED.);
#741=B_SPLINE_CURVE_WITH_KNOTS('',3,(#3933,#3934,#3935,#3936),
 .UNSPECIFIED.,.F.,.F.,(4,4),(-1.95,-1.1),.UNSPECIFIED.);
#742=B_SPLINE_CURVE_WITH_KNOTS('',3,(#3938,#3939,#3940,#3941,#3942,#3943,
#3944,#3945,#3946,#3947,#3948,#3949,#3950,#3951,#3952,#3953),
 .UNSPECIFIED.,.F.,.F.,(4,2,2,2,2,2,2,4),(-0.457186836266161,-0.451571463922611,
-0.423281704567106,-0.381447475613807,-0.302511785591821,-0.223786373267195,
-0.144540075528613,-0.141915832387333),.UNSPECIFIED.);
#743=B_SPLINE_CURVE_WITH_KNOTS('',3,(#3955,#3956,#3957,#3958),
 .UNSPECIFIED.,.F.,.F.,(4,4),(-0.393906227129137,-0.257585395110622),
 .UNSPECIFIED.);
#744=B_SPLINE_CURVE_WITH_KNOTS('',3,(#4041,#4042,#4043,#4044,#4045,#4046,
#4047,#4048,#4049,#4050),.UNSPECIFIED.,.F.,.F.,(4,2,2,2,4),(0.754671312021956,
0.764604264830518,0.829490020167527,0.894375775504536,1.02414728617855),
 .UNSPECIFIED.);
#745=B_SPLINE_CURVE_WITH_KNOTS('',3,(#4051,#4052,#4053,#4054,#4055,#4056,
#4057,#4058,#4059,#4060),.UNSPECIFIED.,.F.,.F.,(4,1,1,1,1,1,1,4),(0.,0.142857142857143,
0.285714285714286,0.428571428571429,0.571428571428571,0.714285714285714,
0.857142857142857,1.),.UNSPECIFIED.);
#746=B_SPLINE_CURVE_WITH_KNOTS('',3,(#4078,#4079,#4080,#4081,#4082,#4083),
 .UNSPECIFIED.,.F.,.F.,(4,2,4),(-1.94352508943858,-1.58351839103788,-1.50008335163388),
 .UNSPECIFIED.);
#747=B_SPLINE_CURVE_WITH_KNOTS('',3,(#4111,#4112,#4113,#4114,#4115),
 .UNSPECIFIED.,.F.,.F.,(4,1,4),(0.,0.481017740901079,0.505163354515888),
 .UNSPECIFIED.);
#748=B_SPLINE_CURVE_WITH_KNOTS('',3,(#4117,#4118,#4119,#4120,#4121),
 .UNSPECIFIED.,.F.,.F.,(4,1,4),(-0.505141257501983,-0.481017740901079,0.),
 .UNSPECIFIED.);
#749=B_SPLINE_CURVE_WITH_KNOTS('',3,(#4150,#4151,#4152,#4153,#4154,#4155),
 .UNSPECIFIED.,.F.,.F.,(4,1,1,4),(-0.23233933187824,-0.0995739993763888,
-0.0331913331254629,0.),.UNSPECIFIED.);
#750=B_SPLINE_CURVE_WITH_KNOTS('',3,(#4156,#4157,#4158,#4159,#4160,#4161),
 .UNSPECIFIED.,.F.,.F.,(4,1,1,4),(0.,0.0331913331254629,0.0995739993763888,
0.23233933187824),.UNSPECIFIED.);
#751=B_SPLINE_CURVE_WITH_KNOTS('',3,(#4231,#4232,#4233,#4234,#4235,#4236,
#4237,#4238,#4239,#4240,#4241),.UNSPECIFIED.,.F.,.F.,(4,1,1,1,1,2,1,4),
(-0.901590747409338,-0.77981603633453,-0.658041325259722,-0.536266614184914,
-0.444935580878808,-0.292717192035297,-0.117086876814119,0.),
 .UNSPECIFIED.);
#752=B_SPLINE_CURVE_WITH_KNOTS('',3,(#4244,#4245,#4246,#4247,#4248,#4249,
#4250,#4251,#4252,#4253,#4254),.UNSPECIFIED.,.F.,.F.,(4,1,2,1,1,1,1,4),
(0.,0.117086876814119,0.292717192035297,0.444935580878808,0.536266614184914,
0.658041325259722,0.77981603633453,0.901590747409338),.UNSPECIFIED.);
#753=B_SPLINE_CURVE_WITH_KNOTS('',3,(#4318,#4319,#4320,#4321,#4322,#4323,
#4324,#4325,#4326,#4327),.UNSPECIFIED.,.F.,.F.,(4,1,1,1,1,1,1,4),(-1.73524424660482,
-1.48735221137628,-1.23946017614773,-0.99156814091918,-0.743676105690632,
-0.495784070462084,-0.247892035233537,-4.98875115786286E-12),
 .UNSPECIFIED.);
#754=B_SPLINE_CURVE_WITH_KNOTS('',3,(#4328,#4329,#4330,#4331,#4332,#4333,
#4334,#4335,#4336,#4337),.UNSPECIFIED.,.F.,.F.,(4,1,1,1,1,1,1,4),(4.98875115786286E-12,
0.247892035233537,0.495784070462084,0.743676105690632,0.99156814091918,
1.23946017614773,1.48735221137628,1.73524424660482),.UNSPECIFIED.);
#755=B_SPLINE_CURVE_WITH_KNOTS('',3,(#4366,#4367,#4368,#4369,#4370,#4371),
 .UNSPECIFIED.,.F.,.F.,(4,2,4),(-0.137657005600193,0.,0.0108991260196297),
 .UNSPECIFIED.);
#756=B_SPLINE_CURVE_WITH_KNOTS('',3,(#4372,#4373,#4374,#4375,#4376,#4377),
 .UNSPECIFIED.,.F.,.F.,(4,2,4),(-0.0108991260196297,0.,0.137657005600193),
 .UNSPECIFIED.);
#757=B_SPLINE_CURVE_WITH_KNOTS('',3,(#4398,#4399,#4400,#4401,#4402,#4403,
#4404,#4405,#4406,#4407),.UNSPECIFIED.,.F.,.F.,(4,2,2,2,4),(-0.269475652785671,
-0.247681245853774,-0.212298210731807,-0.141532140487871,0.),
 .UNSPECIFIED.);
#758=B_SPLINE_CURVE_WITH_KNOTS('',3,(#4410,#4411,#4412,#4413),
 .UNSPECIFIED.,.F.,.F.,(4,4),(-0.458306730782165,0.),.UNSPECIFIED.);
#759=B_SPLINE_CURVE_WITH_KNOTS('',3,(#4495,#4496,#4497,#4498,#4499,#4500,
#4501,#4502),.UNSPECIFIED.,.F.,.F.,(4,2,2,4),(0.,0.141532140487871,0.212298210731807,
0.226598421981293),.UNSPECIFIED.);
#760=B_SPLINE_CURVE_WITH_KNOTS('',3,(#4503,#4504,#4505,#4506,#4507,#4508,
#4509,#4510),.UNSPECIFIED.,.F.,.F.,(4,1,1,1,1,4),(-1.,-0.857142857142857,
-0.642857142857143,-0.571428571428571,-0.285714285714286,0.),
 .UNSPECIFIED.);
#761=B_SPLINE_CURVE_WITH_KNOTS('',3,(#4554,#4555,#4556,#4557,#4558,#4559,
#4560,#4561,#4562,#4563,#4564,#4565,#4566,#4567,#4568,#4569,#4570,#4571,
#4572,#4573,#4574,#4575),.UNSPECIFIED.,.F.,.F.,(4,3,3,3,3,3,3,4),(-2.24987332228357,
-1.92846284767163,-1.60705237305969,-1.28564189844775,-0.964231423835814,
-0.642820949223876,-0.321410474611938,0.),.UNSPECIFIED.);
#762=B_SPLINE_CURVE_WITH_KNOTS('',3,(#4605,#4606,#4607,#4608,#4609),
 .UNSPECIFIED.,.F.,.F.,(4,1,4),(-0.481017740901079,0.,0.0241015194959937),
 .UNSPECIFIED.);
#763=B_SPLINE_CURVE_WITH_KNOTS('',3,(#4611,#4612,#4613,#4614,#4615),
 .UNSPECIFIED.,.F.,.F.,(4,1,4),(-0.0241234887863718,0.,0.481017740901079),
 .UNSPECIFIED.);
#764=B_SPLINE_CURVE_WITH_KNOTS('',3,(#4644,#4645,#4646,#4647,#4648,#4649),
 .UNSPECIFIED.,.F.,.F.,(4,1,1,4),(-0.232339331878314,-0.0995739993764201,
-0.0663826662509468,0.),.UNSPECIFIED.);
#765=B_SPLINE_CURVE_WITH_KNOTS('',3,(#4650,#4651,#4652,#4653,#4654,#4655),
 .UNSPECIFIED.,.F.,.F.,(4,1,1,4),(0.,0.0663826662509468,0.0995739993764201,
0.232339331878314),.UNSPECIFIED.);
#766=B_SPLINE_CURVE_WITH_KNOTS('',3,(#4726,#4727,#4728,#4729,#4730,#4731,
#4732,#4733,#4734,#4735,#4736),.UNSPECIFIED.,.F.,.F.,(4,1,1,1,1,2,1,4),
(-0.901590747409338,-0.779816036334529,-0.658041325259719,-0.53626661418491,
-0.414491903110101,-0.292717192035291,-0.117086876814117,0.),
 .UNSPECIFIED.);
#767=B_SPLINE_CURVE_WITH_KNOTS('',3,(#4738,#4739,#4740,#4741,#4742,#4743,
#4744,#4745,#4746,#4747,#4748),.UNSPECIFIED.,.F.,.F.,(4,1,2,1,1,1,1,4),
(0.,0.117086876814117,0.292717192035291,0.414491903110101,0.53626661418491,
0.658041325259719,0.779816036334529,0.901590747409338),.UNSPECIFIED.);
#768=B_SPLINE_CURVE_WITH_KNOTS('',3,(#4812,#4813,#4814,#4815,#4816,#4817,
#4818,#4819,#4820,#4821),.UNSPECIFIED.,.F.,.F.,(4,1,1,1,1,1,1,4),(-1.73524424660483,
-1.48735221137628,-1.23946017614773,-0.991568140919181,-0.743676105690633,
-0.495784070462085,-0.247892035233536,-4.98827856637726E-12),
 .UNSPECIFIED.);
#769=B_SPLINE_CURVE_WITH_KNOTS('',3,(#4822,#4823,#4824,#4825,#4826,#4827,
#4828,#4829,#4830,#4831),.UNSPECIFIED.,.F.,.F.,(4,1,1,1,1,1,1,4),(4.98827856637726E-12,
0.247892035233536,0.495784070462085,0.743676105690633,0.991568140919181,
1.23946017614773,1.48735221137628,1.73524424660483),.UNSPECIFIED.);
#770=B_SPLINE_CURVE_WITH_KNOTS('',3,(#4859,#4860,#4861,#4862,#4863,#4864),
 .UNSPECIFIED.,.F.,.F.,(4,2,4),(0.,0.137657005600193,0.148556131619822),
 .UNSPECIFIED.);
#771=B_SPLINE_CURVE_WITH_KNOTS('',3,(#4866,#4867,#4868,#4869,#4870,#4871),
 .UNSPECIFIED.,.F.,.F.,(4,2,4),(-0.148556131619822,-0.137657005600193,0.),
 .UNSPECIFIED.);
#772=B_SPLINE_CURVE_WITH_KNOTS('',3,(#4916,#4917,#4918,#4919,#4920,#4921,
#4922,#4923),.UNSPECIFIED.,.F.,.F.,(4,2,2,4),(0.,0.141532140487871,0.212298210731807,
0.226598421981293),.UNSPECIFIED.);
#773=B_SPLINE_CURVE_WITH_KNOTS('',3,(#5007,#5008,#5009,#5010,#5011,#5012,
#5013,#5014,#5015,#5016),.UNSPECIFIED.,.F.,.F.,(4,2,2,2,4),(-0.269475652785682,
-0.247681245853774,-0.212298210731807,-0.141532140487871,0.),
 .UNSPECIFIED.);
#774=B_SPLINE_CURVE_WITH_KNOTS('',3,(#5017,#5018,#5019,#5020,#5021,#5022,
#5023,#5024),.UNSPECIFIED.,.F.,.F.,(4,1,1,1,1,4),(-1.,-0.857142857142857,
-0.642857142857143,-0.571428571428571,-0.285714285714286,0.),
 .UNSPECIFIED.);
#775=B_SPLINE_CURVE_WITH_KNOTS('',3,(#5042,#5043,#5044,#5045),
 .UNSPECIFIED.,.F.,.F.,(4,4),(-0.458306730782165,0.),.UNSPECIFIED.);
#776=B_SPLINE_CURVE_WITH_KNOTS('',3,(#5083,#5084,#5085,#5086,#5087,#5088,
#5089,#5090),.UNSPECIFIED.,.F.,.F.,(4,1,1,2,4),(-0.427083735051359,-0.256250241030815,
-0.0854167470102717,0.,0.0108718529822504),.UNSPECIFIED.);
#777=B_SPLINE_CURVE_WITH_KNOTS('',3,(#5091,#5092,#5093,#5094,#5095,#5096,
#5097,#5098),.UNSPECIFIED.,.F.,.F.,(4,2,1,1,4),(-0.0108718529822504,0.,
0.0854167470102717,0.256250241030815,0.427083735051359),.UNSPECIFIED.);
#778=B_SPLINE_CURVE_WITH_KNOTS('',3,(#5157,#5158,#5159,#5160,#5161,#5162,
#5163,#5164,#5165),.UNSPECIFIED.,.F.,.F.,(4,1,1,1,1,1,4),(-1.36745059233011,
-1.17210050771152,-0.976750423092932,-0.781400338474346,-0.586050253855759,
-0.195350084618586,0.),.UNSPECIFIED.);
#779=B_SPLINE_CURVE_WITH_KNOTS('',3,(#5167,#5168,#5169,#5170,#5171,#5172,
#5173,#5174,#5175),.UNSPECIFIED.,.F.,.F.,(4,1,1,1,1,1,4),(0.,0.195350084618586,
0.586050253855759,0.781400338474346,0.976750423092932,1.17210050771152,
1.36745059233011),.UNSPECIFIED.);
#780=B_SPLINE_CURVE_WITH_KNOTS('',3,(#5277,#5278,#5279,#5280,#5281,#5282,
#5283,#5284,#5285,#5286,#5287,#5288,#5289,#5290),.UNSPECIFIED.,.F.,.F.,
(4,2,1,1,1,1,1,1,1,1,4),(-1.06460412789176,-0.914426462360057,-0.731541169888048,
-0.548655877416039,-0.457213231180034,-0.411491908062032,-0.388631246503031,
-0.36577058494403,-0.182885292472021,-0.0914426462360161,-1.14707094805289E-14),
 .UNSPECIFIED.);
#781=B_SPLINE_CURVE_WITH_KNOTS('',3,(#5291,#5292,#5293,#5294,#5295,#5296,
#5297,#5298,#5299,#5300,#5301,#5302,#5303,#5304),.UNSPECIFIED.,.F.,.F.,
(4,1,1,1,1,1,1,1,1,2,4),(1.14707094805289E-14,0.0914426462360161,0.182885292472021,
0.36577058494403,0.388631246503031,0.411491908062032,0.457213231180034,
0.548655877416039,0.731541169888048,0.914426462360057,1.06460412789176),
 .UNSPECIFIED.);
#782=B_SPLINE_CURVE_WITH_KNOTS('',3,(#5327,#5328,#5329,#5330),
 .UNSPECIFIED.,.F.,.F.,(4,4),(-0.0619016525058795,0.),.UNSPECIFIED.);
#783=B_SPLINE_CURVE_WITH_KNOTS('',3,(#5332,#5333,#5334,#5335),
 .UNSPECIFIED.,.F.,.F.,(4,4),(0.,0.0619016487854858),.UNSPECIFIED.);
#784=B_SPLINE_CURVE_WITH_KNOTS('',3,(#5357,#5358,#5359,#5360,#5361),
 .UNSPECIFIED.,.F.,.F.,(4,1,4),(0.,0.481020081887457,0.505141228443045),
 .UNSPECIFIED.);
#785=B_SPLINE_CURVE_WITH_KNOTS('',3,(#5362,#5363,#5364,#5365,#5366),
 .UNSPECIFIED.,.F.,.F.,(4,1,4),(-0.505119257069256,-0.481020081887457,-3.72039243856648E-9),
 .UNSPECIFIED.);
#786=B_SPLINE_CURVE_WITH_KNOTS('',3,(#5427,#5428,#5429,#5430,#5431,#5432,
#5433,#5434,#5435,#5436,#5437,#5438,#5439,#5440,#5441,#5442,#5443,#5444,
#5445,#5446,#5447,#5448),.UNSPECIFIED.,.F.,.F.,(4,3,3,3,3,3,3,4),(-2.03990454624489,
-1.74848961106705,-1.45707467588921,-1.16565974071137,-0.874244805533525,
-0.582829870355683,-0.291414935177842,0.),.UNSPECIFIED.);
#787=B_SPLINE_CURVE_WITH_KNOTS('',3,(#5452,#5453,#5454,#5455,#5456,#5457,
#5458,#5459,#5460,#5461),.UNSPECIFIED.,.F.,.F.,(4,1,1,1,1,2,4),(-1.02412871863546,
-0.894357197959944,-0.829471437622185,-0.797028557453305,-0.764585677284426,
-0.741064586528344,-0.716943799620504),.UNSPECIFIED.);
#788=B_SPLINE_CURVE_WITH_KNOTS('',3,(#5463,#5464,#5465,#5466,#5467,#5468),
 .UNSPECIFIED.,.F.,.F.,(4,1,1,4),(-1.2180127163675,-1.07531530925712,-0.932617902146734,
-0.718571791481156),.UNSPECIFIED.);
#789=B_SPLINE_CURVE_WITH_KNOTS('',3,(#5470,#5471,#5472,#5473),
 .UNSPECIFIED.,.F.,.F.,(4,4),(-2.61475661028507,-2.58466034152816),
 .UNSPECIFIED.);
#790=B_SPLINE_CURVE_WITH_KNOTS('',3,(#5475,#5476,#5477,#5478),
 .UNSPECIFIED.,.F.,.F.,(4,4),(-0.255636426181127,-1.54151303537377E-15),
 .UNSPECIFIED.);
#791=B_SPLINE_CURVE_WITH_KNOTS('',3,(#5480,#5481,#5482,#5483),
 .UNSPECIFIED.,.F.,.F.,(4,4),(-0.257548136969395,-8.72727662034823E-16),
 .UNSPECIFIED.);
#792=B_SPLINE_CURVE_WITH_KNOTS('',3,(#5485,#5486,#5487,#5488,#5489,#5490,
#5491,#5492,#5493,#5494,#5495,#5496,#5497),.UNSPECIFIED.,.F.,.F.,(4,1,1,
1,1,1,1,1,2,4),(-0.446062822090698,-0.432013412704781,-0.398265081725096,
-0.346891555536228,-0.305453191672647,-0.236782532836346,-0.16797691642399,
-0.0839864618385645,0.,0.014043446768684),.UNSPECIFIED.);
#793=B_SPLINE_CURVE_WITH_KNOTS('',3,(#5542,#5543,#5544,#5545),
 .UNSPECIFIED.,.F.,.F.,(4,4),(-0.393906227129137,-0.257585395110622),
 .UNSPECIFIED.);
#794=B_SPLINE_CURVE_WITH_KNOTS('',3,(#5547,#5548,#5549,#5550,#5551,#5552,
#5553,#5554,#5555,#5556,#5557,#5558,#5559,#5560,#5561,#5562),
 .UNSPECIFIED.,.F.,.F.,(4,2,2,2,2,2,2,4),(-0.457186836266161,-0.451571463922611,
-0.423281704567106,-0.381447475613807,-0.302511785591821,-0.223786373267195,
-0.144540075528613,-0.141915832387333),.UNSPECIFIED.);
#795=B_SPLINE_CURVE_WITH_KNOTS('',3,(#5563,#5564,#5565,#5566),
 .UNSPECIFIED.,.F.,.F.,(4,4),(-1.95,-1.1),.UNSPECIFIED.);
#796=B_SPLINE_CURVE_WITH_KNOTS('',3,(#5569,#5570,#5571,#5572,#5573,#5574,
#5575,#5576),.UNSPECIFIED.,.F.,.F.,(4,2,2,4),(-1.02414728617855,-0.894375775504536,
-0.829490020167527,-0.789323325952283),.UNSPECIFIED.);
#797=B_SPLINE_CURVE_WITH_KNOTS('',3,(#5616,#5617,#5618,#5619,#5620,#5621,
#5622,#5623,#5624,#5625,#5626,#5627,#5628,#5629,#5630,#5631,#5632,#5633,
#5634,#5635,#5636,#5637,#5638,#5639,#5640,#5641,#5642,#5643,#5644,#5645,
#5646,#5647,#5648,#5649,#5650,#5651,#5652,#5653,#5654,#5655,#5656,#5657,
#5658),.UNSPECIFIED.,.F.,.F.,(4,3,3,3,3,3,3,3,3,3,3,3,3,3,4),(-0.0763863604933735,
-0.0685611971280271,-0.0605719501314352,-0.0568633780321602,-0.0488820199418678,
-0.0410352236916425,-0.0390732486216442,-0.0373313148958761,-0.0294987980725793,
-0.021511747837319,-0.0177886870030252,-0.00980805005017701,-0.0019959072883103,
0.,0.000356351891735725),.UNSPECIFIED.);
#798=B_SPLINE_CURVE_WITH_KNOTS('',3,(#5660,#5661,#5662,#5663,#5664,#5665,
#5666),.UNSPECIFIED.,.F.,.F.,(4,3,4),(-0.0260040175823088,-0.0244712252759492,
-0.0235778592101747),.UNSPECIFIED.);
#799=B_SPLINE_CURVE_WITH_KNOTS('',3,(#5668,#5669,#5670,#5671),
 .UNSPECIFIED.,.F.,.F.,(4,4),(2.58669430213124,2.61275710240476),
 .UNSPECIFIED.);
#800=B_SPLINE_CURVE_WITH_KNOTS('',3,(#5673,#5674,#5675,#5676),
 .UNSPECIFIED.,.F.,.F.,(4,4),(2.58586213266571,2.58669430213124),
 .UNSPECIFIED.);
#801=B_SPLINE_CURVE_WITH_KNOTS('',3,(#5677,#5678,#5679,#5680,#5681,#5682,
#5683,#5684,#5685,#5686,#5687,#5688,#5689,#5690,#5691,#5692,#5693,#5694,
#5695,#5696,#5697,#5698,#5699,#5700,#5701,#5702,#5703,#5704,#5705,#5706,
#5707,#5708,#5709,#5710,#5711,#5712,#5713,#5714,#5715,#5716,#5717,#5718,
#5719,#5720,#5721,#5722),.UNSPECIFIED.,.F.,.F.,(4,3,3,3,3,3,3,3,3,3,3,3,
3,3,3,4),(-0.0768494674852833,-0.0764941124556869,-0.0686841611349682,-0.060693153490895,
-0.0588040938896835,-0.0508227771775312,-0.0429536365104383,-0.0411030946839196,
-0.0384479827205108,-0.0305879287796715,-0.022596878662076,-0.0215735378968171,
-0.0135925297520362,-0.00573360505325642,-0.00204334504776514,0.),
 .UNSPECIFIED.);
#802=B_SPLINE_CURVE_WITH_KNOTS('',3,(#5749,#5750,#5751,#5752,#5753,#5754,
#5755,#5756,#5757,#5758),.UNSPECIFIED.,.F.,.F.,(4,3,3,4),(0.,0.0277520847688428,
0.0555041695376855,0.0971322966909497),.UNSPECIFIED.);
#803=B_SPLINE_CURVE_WITH_KNOTS('',3,(#5760,#5761,#5762,#5763),
 .UNSPECIFIED.,.F.,.F.,(4,4),(-0.343282926153762,-0.3),.UNSPECIFIED.);
#804=B_SPLINE_CURVE_WITH_KNOTS('',3,(#5766,#5767,#5768,#5769),
 .UNSPECIFIED.,.F.,.F.,(4,4),(0.3,0.343282926153762),.UNSPECIFIED.);
#805=B_SPLINE_CURVE_WITH_KNOTS('',3,(#5832,#5833,#5834,#5835,#5836,#5837,
#5838,#5839,#5840,#5841),.UNSPECIFIED.,.F.,.F.,(4,2,2,2,4),(0.,0.0542803057833249,
0.273076700879539,0.462120950513009,0.542689574042081),.UNSPECIFIED.);
#806=B_SPLINE_CURVE_WITH_KNOTS('',3,(#5842,#5843,#5844,#5845,#5846,#5847,
#5848,#5849,#5850,#5851),.UNSPECIFIED.,.F.,.F.,(4,2,2,2,4),(-0.542689574042081,
-0.462120950513009,-0.273076700879539,-0.0542803057833249,0.),
 .UNSPECIFIED.);
#807=B_SPLINE_CURVE_WITH_KNOTS('',3,(#5878,#5879,#5880,#5881),
 .UNSPECIFIED.,.F.,.F.,(4,4),(8.72727662034823E-16,0.257548136969395),
 .UNSPECIFIED.);
#808=B_SPLINE_CURVE_WITH_KNOTS('',3,(#5907,#5908,#5909,#5910,#5911,#5912,
#5913,#5914,#5915,#5916),.UNSPECIFIED.,.F.,.F.,(4,3,3,4),(-0.19330649360401,
-0.189805840405917,-0.186798822339434,-0.185020784045406),.UNSPECIFIED.);
#809=B_SPLINE_CURVE_WITH_KNOTS('',3,(#5917,#5918,#5919,#5920),
 .UNSPECIFIED.,.F.,.F.,(4,4),(1.54151303537377E-15,0.253282758925524),
 .UNSPECIFIED.);
#810=B_SPLINE_CURVE_WITH_KNOTS('',3,(#5953,#5954,#5955,#5956,#5957,#5958),
 .UNSPECIFIED.,.F.,.F.,(4,1,1,4),(0.720875287065881,0.932617902146734,1.07531530925712,
1.2180127163675),.UNSPECIFIED.);
#811=B_SPLINE_CURVE_WITH_KNOTS('',3,(#5959,#5960,#5961,#5962),
 .UNSPECIFIED.,.F.,.F.,(4,4),(-0.720875528860206,-0.719904610756362),
 .UNSPECIFIED.);
#812=B_SPLINE_CURVE_WITH_KNOTS('',3,(#6007,#6008,#6009,#6010,#6011,#6012,
#6013,#6014),.UNSPECIFIED.,.F.,.F.,(4,1,1,2,4),(0.,0.116900185048846,0.233800370097692,
0.389667283496153,0.477718195682047),.UNSPECIFIED.);
#813=B_SPLINE_CURVE_WITH_KNOTS('',3,(#6015,#6016,#6017,#6018,#6019,#6020,
#6021,#6022),.UNSPECIFIED.,.F.,.F.,(4,2,1,1,4),(-0.477718195682047,-0.389667283496153,
-0.233800370097692,-0.116900185048846,0.),.UNSPECIFIED.);
#814=B_SPLINE_CURVE_WITH_KNOTS('',3,(#6098,#6099,#6100,#6101,#6102,#6103,
#6104,#6105,#6106,#6107,#6108,#6109),.UNSPECIFIED.,.F.,.F.,(4,2,2,2,2,4),
(1.88400927490117E-12,0.130390587406907,0.313909374697028,0.595820627307224,
0.818220622702346,0.929340078301586),.UNSPECIFIED.);
#815=B_SPLINE_CURVE_WITH_KNOTS('',3,(#6110,#6111,#6112,#6113,#6114,#6115,
#6116,#6117,#6118,#6119,#6120,#6121),.UNSPECIFIED.,.F.,.F.,(4,2,2,2,2,4),
(-0.929340078301586,-0.818220622702346,-0.595820627307224,-0.313909374697028,
-0.130390587406907,-1.88400927490117E-12),.UNSPECIFIED.);
#816=B_SPLINE_CURVE_WITH_KNOTS('',3,(#6148,#6149,#6150,#6151,#6152,#6153,
#6154,#6155,#6156,#6157),.UNSPECIFIED.,.F.,.F.,(4,3,3,4),(0.,0.0382559231973739,
0.0637598719956231,0.0892638207938724),.UNSPECIFIED.);
#817=B_SPLINE_CURVE_WITH_KNOTS('',3,(#6158,#6159,#6160,#6161),
 .UNSPECIFIED.,.F.,.F.,(4,4),(0.,0.189539417099278),.UNSPECIFIED.);
#818=B_SPLINE_CURVE_WITH_KNOTS('',3,(#6162,#6163,#6164,#6165),
 .UNSPECIFIED.,.F.,.F.,(4,4),(-0.189539417099278,0.),.UNSPECIFIED.);
#819=B_SPLINE_CURVE_WITH_KNOTS('',3,(#6210,#6211,#6212,#6213,#6214,#6215,
#6216,#6217,#6218,#6219),.UNSPECIFIED.,.F.,.F.,(4,3,3,4),(0.,0.0255039487982489,
0.0510078975964978,0.0892638207938711),.UNSPECIFIED.);
#820=B_SPLINE_CURVE_WITH_KNOTS('',3,(#6221,#6222,#6223,#6224),
 .UNSPECIFIED.,.F.,.F.,(4,4),(-0.489539417099282,-0.300000000000001),
 .UNSPECIFIED.);
#821=B_SPLINE_CURVE_WITH_KNOTS('',3,(#6227,#6228,#6229,#6230),
 .UNSPECIFIED.,.F.,.F.,(4,4),(0.300000000000001,0.489539417099282),
 .UNSPECIFIED.);
#822=B_SPLINE_CURVE_WITH_KNOTS('',3,(#6306,#6307,#6308,#6309,#6310,#6311,
#6312,#6313,#6314,#6315,#6316,#6317),.UNSPECIFIED.,.F.,.F.,(4,2,2,2,2,4),
(1.54906858795353E-11,0.112949101618211,0.33354234113553,0.615326492922414,
0.798807807280543,0.929338038683614),.UNSPECIFIED.);
#823=B_SPLINE_CURVE_WITH_KNOTS('',3,(#6318,#6319,#6320,#6321,#6322,#6323,
#6324,#6325,#6326,#6327,#6328,#6329),.UNSPECIFIED.,.F.,.F.,(4,2,2,2,2,4),
(-0.929338038683614,-0.798807807280543,-0.615326492922414,-0.33354234113553,
-0.112949101618211,-1.54906858795353E-11),.UNSPECIFIED.);
#824=B_SPLINE_CURVE_WITH_KNOTS('',3,(#6373,#6374,#6375,#6376,#6377,#6378,
#6379,#6380),.UNSPECIFIED.,.F.,.F.,(4,2,1,1,4),(0.,0.0878531467702125,0.243801504208822,
0.360762772287779,0.477724040366735),.UNSPECIFIED.);
#825=B_SPLINE_CURVE_WITH_KNOTS('',3,(#6381,#6382,#6383,#6384,#6385,#6386,
#6387,#6388),.UNSPECIFIED.,.F.,.F.,(4,1,1,2,4),(-0.477724040366735,-0.360762772287779,
-0.243801504208822,-0.0878531467702125,0.),.UNSPECIFIED.);
#826=B_SPLINE_CURVE_WITH_KNOTS('',3,(#6415,#6416,#6417,#6418,#6419),
 .UNSPECIFIED.,.F.,.F.,(4,1,4),(-0.499440925082598,-0.214046110749773,-1.54732918824275E-13),
 .UNSPECIFIED.);
#827=B_SPLINE_CURVE_WITH_KNOTS('',3,(#6421,#6422,#6423,#6424,#6425,#6426,
#6427,#6428,#6429,#6430,#6431,#6432,#6433,#6434,#6435,#6436,#6437,#6438,
#6439,#6440,#6441,#6442,#6443,#6444,#6445,#6446,#6447,#6448,#6449,#6450,
#6451,#6452,#6453,#6454,#6455,#6456,#6457,#6458,#6459,#6460,#6461,#6462,
#6463),.UNSPECIFIED.,.F.,.F.,(4,3,3,3,3,3,3,3,3,3,3,3,3,3,4),(0.,0.00780025299553784,
0.0157880971496997,0.0195227254335812,0.0274988051796728,0.0353452956151153,
0.0383596977324901,0.0390545314226884,0.0468749882378884,0.0548590497279138,
0.0585969020292729,0.0665734698775304,0.0743917145012893,0.0763853546295104,
0.0767417020480947),.UNSPECIFIED.);
#828=B_SPLINE_CURVE_WITH_KNOTS('',3,(#6465,#6466,#6467,#6468),
 .UNSPECIFIED.,.F.,.F.,(4,4),(0.497137187779539,0.498108105850814),
 .UNSPECIFIED.);
#829=B_SPLINE_CURVE_WITH_KNOTS('',3,(#6469,#6470,#6471,#6472,#6473),
 .UNSPECIFIED.,.F.,.F.,(4,1,4),(1.54732918824275E-13,0.214046110749773,
0.497137541547884),.UNSPECIFIED.);
#830=B_SPLINE_CURVE_WITH_KNOTS('',3,(#6496,#6497,#6498,#6499),
 .UNSPECIFIED.,.F.,.F.,(4,4),(2.66331739487846,2.68938048602398),
 .UNSPECIFIED.);
#831=B_SPLINE_CURVE_WITH_KNOTS('',3,(#6500,#6501,#6502,#6503,#6504,#6505,
#6506,#6507,#6508,#6509),.UNSPECIFIED.,.F.,.F.,(4,3,3,4),(-0.00226002326386659,
-0.0020292763160889,-0.000895917282886637,0.),.UNSPECIFIED.);
#832=B_SPLINE_CURVE_WITH_KNOTS('',3,(#6511,#6512,#6513,#6514),
 .UNSPECIFIED.,.F.,.F.,(4,4),(-2.69141448860657,-2.6613178814712),
 .UNSPECIFIED.);
#833=B_SPLINE_CURVE_WITH_KNOTS('',3,(#6516,#6517,#6518,#6519,#6520,#6521,
#6522,#6523,#6524,#6525,#6526,#6527,#6528,#6529,#6530,#6531,#6532,#6533,
#6534,#6535,#6536,#6537,#6538,#6539,#6540,#6541,#6542,#6543,#6544,#6545,
#6546,#6547,#6548,#6549,#6550,#6551,#6552,#6553,#6554,#6555,#6556,#6557,
#6558),.UNSPECIFIED.,.F.,.F.,(4,3,3,3,3,3,3,3,3,3,3,3,3,3,4),(-0.0765123468666781,
-0.0687167684227669,-0.0607277981991412,-0.056981573278692,-0.0489937042548473,
-0.0411351181365409,-0.0380610134741457,-0.0374518887933355,-0.02962505853722,
-0.0216320095419984,-0.0179200934444804,-0.00992925987649115,-0.00210032599329192,
0.,0.000355358525060762),.UNSPECIFIED.);
#834=B_SPLINE_CURVE_WITH_KNOTS('',3,(#6559,#6560,#6561,#6562),
 .UNSPECIFIED.,.F.,.F.,(4,4),(2.68938048602398,2.69021267162267),
 .UNSPECIFIED.);
#835=B_SPLINE_CURVE_WITH_KNOTS('',3,(#6589,#6590,#6591,#6592),
 .UNSPECIFIED.,.F.,.F.,(4,4),(0.562016645772028,0.815299404926991),
 .UNSPECIFIED.);
#836=B_SPLINE_CURVE_WITH_KNOTS('',3,(#6593,#6594,#6595,#6596,#6597,#6598),
 .UNSPECIFIED.,.F.,.F.,(4,2,4),(-0.00295757995265839,-0.00183639104592616,
0.),.UNSPECIFIED.);
#837=B_SPLINE_CURVE_WITH_KNOTS('',3,(#6600,#6601,#6602,#6603),
 .UNSPECIFIED.,.F.,.F.,(4,4),(-0.815299404926991,-0.559662980585079),
 .UNSPECIFIED.);
#838=B_SPLINE_CURVE_WITH_KNOTS('',3,(#6632,#6633,#6634,#6635),
 .UNSPECIFIED.,.F.,.F.,(4,4),(9.60744528560732E-16,0.257548136953831),
 .UNSPECIFIED.);
#839=B_SPLINE_CURVE_WITH_KNOTS('',3,(#6636,#6637,#6638,#6639),
 .UNSPECIFIED.,.F.,.F.,(4,4),(-0.257548136953831,-9.60744528560732E-16),
 .UNSPECIFIED.);
#840=B_SPLINE_CURVE_WITH_KNOTS('',3,(#6703,#6704,#6705,#6706,#6707,#6708,
#6709,#6710,#6711,#6712),.UNSPECIFIED.,.F.,.F.,(4,2,2,2,4),(0.,0.0632306637641582,
0.297840578213062,0.476192913885971,0.540730578423055),.UNSPECIFIED.);
#841=B_SPLINE_CURVE_WITH_KNOTS('',3,(#6714,#6715,#6716,#6717,#6718,#6719,
#6720,#6721),.UNSPECIFIED.,.F.,.F.,(4,2,2,4),(-0.476192913885971,-0.297840578213062,
-0.0632306637641582,0.),.UNSPECIFIED.);
#842=B_SPLINE_CURVE_WITH_KNOTS('',3,(#6722,#6723,#6724,#6725),
 .UNSPECIFIED.,.F.,.F.,(4,4),(-0.540730578423055,-0.476192913885971),
 .UNSPECIFIED.);
#843=B_SPLINE_CURVE_WITH_KNOTS('',3,(#6752,#6753,#6754,#6755,#6756,#6757,
#6758,#6759,#6760,#6761),.UNSPECIFIED.,.F.,.F.,(4,3,3,4),(0.,0.0416281271532631,
0.0693802119221052,0.0971322966909473),.UNSPECIFIED.);
#844=B_SPLINE_CURVE_WITH_KNOTS('',3,(#6762,#6763,#6764,#6765),
 .UNSPECIFIED.,.F.,.F.,(4,4),(0.,0.0432829261537522),.UNSPECIFIED.);
#845=B_SPLINE_CURVE_WITH_KNOTS('',3,(#6766,#6767,#6768,#6769),
 .UNSPECIFIED.,.F.,.F.,(4,4),(-0.0432829261537522,0.),.UNSPECIFIED.);
#846=B_SPLINE_CURVE_WITH_KNOTS('',3,(#6799,#6800,#6801,#6802),
 .UNSPECIFIED.,.F.,.F.,(4,4),(-0.0613548577770876,0.),.UNSPECIFIED.);
#847=B_SPLINE_CURVE_WITH_KNOTS('',3,(#6804,#6805,#6806,#6807),
 .UNSPECIFIED.,.F.,.F.,(4,4),(-0.607097760633166,-0.307097760633162),
 .UNSPECIFIED.);
#848=B_SPLINE_CURVE_WITH_KNOTS('',3,(#6809,#6810,#6811,#6812,#6813,#6814,
#6815,#6816,#6817,#6818,#6819,#6820,#6821),.UNSPECIFIED.,.F.,.F.,(4,3,3,
3,4),(0.,0.330699622004044,0.661399244008089,0.826749055010111,1.15744867701415),
 .UNSPECIFIED.);
#849=B_SPLINE_CURVE_WITH_KNOTS('',3,(#6824,#6825,#6826,#6827,#6828,#6829,
#6830,#6831,#6832,#6833,#6834,#6835,#6836,#6837,#6838),.UNSPECIFIED.,.F.,
 .F.,(4,1,1,1,1,2,1,1,1,1,1,4),(-1.02970408424508,-0.899930003003317,-0.835042962382437,
-0.802599442071996,-0.770155921761556,-0.746412491820914,-0.720743452684677,
-0.696037218146237,-0.671330983607797,-0.624442295247226,-0.580364705328381,
-0.55579397564865),.UNSPECIFIED.);
#850=B_SPLINE_CURVE_WITH_KNOTS('',3,(#6975,#6976,#6977,#6978,#6979,#6980,
#6981,#6982,#6983,#6984),.UNSPECIFIED.,.F.,.F.,(4,1,1,1,1,1,1,4),(0.,0.142857142857143,
0.285714285714286,0.428571428571429,0.571428571428571,0.714285714285714,
0.857142857142857,1.),.UNSPECIFIED.);
#851=B_SPLINE_CURVE_WITH_KNOTS('',3,(#6985,#6986,#6987,#6988,#6989,#6990,
#6991,#6992,#6993,#6994),.UNSPECIFIED.,.F.,.F.,(4,2,1,1,1,1,4),(0.72252813024093,
0.746412491820914,0.770155921761556,0.802599442071996,0.835042962382437,
0.899930003003317,1.02970408424508),.UNSPECIFIED.);
#852=B_SPLINE_CURVE_WITH_KNOTS('',3,(#7037,#7038,#7039,#7040,#7041,#7042,
#7043,#7044,#7045,#7046,#7047,#7048,#7049,#7050,#7051,#7052,#7053,#7054,
#7055,#7056,#7057,#7058),.UNSPECIFIED.,.F.,.F.,(4,3,3,3,3,3,3,4),(-1.7983132086014,
-1.72576500513987,-1.43813750428322,-1.15051000342658,-0.862882502569935,
-0.57525500171329,-0.287627500856645,0.),.UNSPECIFIED.);
#853=B_SPLINE_CURVE_WITH_KNOTS('',3,(#7060,#7061,#7062,#7063),
 .UNSPECIFIED.,.F.,.F.,(4,4),(0.0500000000000002,0.900000000000001),
 .UNSPECIFIED.);
#854=B_SPLINE_CURVE_WITH_KNOTS('',3,(#7065,#7066,#7067,#7068,#7069,#7070,
#7071,#7072,#7073,#7074,#7075,#7076,#7077,#7078,#7079,#7080,#7081,#7082),
 .UNSPECIFIED.,.F.,.F.,(4,2,2,2,2,2,2,2,4),(0.0506054438737461,0.0511497072086698,
0.13123446541796,0.209113113948044,0.279782858920089,0.332551468170177,
0.351116101261916,0.362705847354495,0.365593911295909),.UNSPECIFIED.);
#855=B_SPLINE_CURVE_WITH_KNOTS('',3,(#7084,#7085,#7086,#7087),
 .UNSPECIFIED.,.F.,.F.,(4,4),(0.,0.0498110312591589),.UNSPECIFIED.);
#856=B_SPLINE_CURVE_WITH_KNOTS('',3,(#7090,#7091,#7092,#7093,#7094,#7095,
#7096,#7097,#7098,#7099,#7100,#7101,#7102,#7103,#7104),.UNSPECIFIED.,.F.,
 .F.,(4,2,1,1,1,1,1,2,1,1,4),(-0.00848856568901351,0.,0.0766452330843855,
0.153294612918477,0.226004236885203,0.267977631686888,0.328179028802854,
0.35571996402506,0.39815195090342,0.440585347881122,0.451643631989185),
 .UNSPECIFIED.);
#857=B_SPLINE_CURVE_WITH_KNOTS('',3,(#7196,#7197,#7198,#7199,#7200,#7201,
#7202,#7203,#7204,#7205,#7206),.UNSPECIFIED.,.F.,.F.,(4,1,1,1,1,1,2,4),
(-0.335734992471861,-0.328179028802854,-0.267977631686888,-0.226004236885203,
-0.153294612918477,-0.0766452330843855,0.,0.00848856568901351),
 .UNSPECIFIED.);
#858=B_SPLINE_CURVE_WITH_KNOTS('',3,(#7226,#7227,#7228,#7229),
 .UNSPECIFIED.,.F.,.F.,(4,4),(1.59662701706411,2.03990454624415),
 .UNSPECIFIED.);
#859=B_SPLINE_CURVE_WITH_KNOTS('',3,(#7231,#7232,#7233,#7234),
 .UNSPECIFIED.,.F.,.F.,(4,4),(-0.3,0.),.UNSPECIFIED.);
#860=B_SPLINE_CURVE_WITH_KNOTS('',3,(#7235,#7236,#7237,#7238),
 .UNSPECIFIED.,.F.,.F.,(4,4),(-0.276886599447092,-0.203580263744896),
 .UNSPECIFIED.);
#861=B_SPLINE_CURVE_WITH_KNOTS('',3,(#7257,#7258,#7259,#7260,#7261,#7262),
 .UNSPECIFIED.,.F.,.F.,(4,2,4),(-1.59662701706411,-1.34676569318312,-1.15744867701415),
 .UNSPECIFIED.);
#862=B_SPLINE_CURVE_WITH_KNOTS('',3,(#7263,#7264,#7265,#7266,#7267,#7268),
 .UNSPECIFIED.,.F.,.F.,(4,2,4),(1.15744867701415,1.34676569318312,1.59662701706411),
 .UNSPECIFIED.);
#863=B_SPLINE_CURVE_WITH_KNOTS('',3,(#7299,#7300,#7301,#7302,#7303,#7304,
#7305),.UNSPECIFIED.,.F.,.F.,(4,3,4),(-0.953770415261215,-0.546761782546271,
-0.44544883570207),.UNSPECIFIED.);
#864=B_SPLINE_CURVE_WITH_KNOTS('',3,(#7307,#7308,#7309,#7310),
 .UNSPECIFIED.,.F.,.F.,(4,4),(-0.60706581961349,-0.307065819613487),
 .UNSPECIFIED.);
#865=B_SPLINE_CURVE_WITH_KNOTS('',3,(#7312,#7313,#7314,#7315,#7316,#7317,
#7318),.UNSPECIFIED.,.F.,.F.,(4,3,4),(0.44544883570207,0.546761782546271,
0.953770415261215),.UNSPECIFIED.);
#866=B_SPLINE_CURVE_WITH_KNOTS('',3,(#7319,#7320,#7321,#7322),
 .UNSPECIFIED.,.F.,.F.,(4,4),(-0.300000000000001,0.),.UNSPECIFIED.);
#867=B_SPLINE_CURVE_WITH_KNOTS('',3,(#7324,#7325,#7326,#7327),
 .UNSPECIFIED.,.F.,.F.,(4,4),(-0.351077509765786,-0.289603617952346),
 .UNSPECIFIED.);
#868=B_SPLINE_CURVE_WITH_KNOTS('',3,(#7328,#7329,#7330,#7331),
 .UNSPECIFIED.,.F.,.F.,(4,4),(-0.0725814799866806,0.),.UNSPECIFIED.);
#869=B_SPLINE_CURVE_WITH_KNOTS('',3,(#7370,#7371,#7372,#7373,#7374,#7375,
#7376,#7377,#7378,#7379,#7380,#7381,#7382,#7383,#7384),.UNSPECIFIED.,.F.,
 .F.,(4,1,1,1,1,1,2,1,1,1,1,4),(0.550229533472123,0.574405647215829,0.618861892684556,
0.665769227552415,0.690473339985418,0.71517745241842,0.741064586528344,
0.764585677284426,0.797028557453305,0.829471437622185,0.894357197959944,
1.02412871863546),.UNSPECIFIED.);
#870=B_SPLINE_CURVE_WITH_KNOTS('',3,(#7387,#7388,#7389,#7390,#7391,#7392,
#7393,#7394,#7395,#7396,#7397,#7398,#7399),.UNSPECIFIED.,.F.,.F.,(4,3,3,
3,4),(0.953770415261215,1.26409353396946,1.57441793887961,1.72958014133469,
2.03990454624483),.UNSPECIFIED.);
#871=B_SPLINE_CURVE_WITH_KNOTS('',3,(#7417,#7418,#7419,#7420),
 .UNSPECIFIED.,.F.,.F.,(4,4),(0.,0.44544883570207),.UNSPECIFIED.);
#872=B_SPLINE_CURVE_WITH_KNOTS('',3,(#7422,#7423,#7424,#7425,#7426,#7427,
#7428,#7429,#7430,#7431),.UNSPECIFIED.,.F.,.F.,(4,2,1,1,1,1,4),(-0.014043446768684,
0.,0.0839864618385645,0.16797691642399,0.236782532836346,0.305453191672647,
0.330020502971257),.UNSPECIFIED.);
#873=B_SPLINE_CURVE_WITH_KNOTS('',3,(#7567,#7568,#7569,#7570,#7571,#7572,
#7573,#7574,#7575),.UNSPECIFIED.,.F.,.F.,(4,1,1,1,1,1,4),(0.,0.142857142857143,
0.285714285714286,0.428571428571429,0.571428571428571,0.857142857142857,
1.),.UNSPECIFIED.);
#874=B_SPLINE_CURVE_WITH_KNOTS('',3,(#7732,#7733,#7734,#7735,#7736,#7737,
#7738,#7739,#7740,#7741,#7742,#7743,#7744,#7745,#7746,#7747,#7748,#7749,
#7750,#7751,#7752,#7753,#7754,#7755,#7756,#7757,#7758,#7759,#7760,#7761,
#7762,#7763,#7764,#7765,#7766,#7767,#7768,#7769,#7770,#7771,#7772,#7773,
#7774,#7775,#7776,#7777,#7778,#7779,#7780,#7781,#7782,#7783,#7784,#7785,
#7786,#7787,#7788,#7789,#7790,#7791,#7792,#7793,#7794,#7795),
 .UNSPECIFIED.,.F.,.F.,(4,3,3,3,3,3,3,3,3,3,3,3,3,3,3,3,3,3,3,3,3,4),(0.75467131202205,
0.762821250590823,0.764604264830518,0.771874040667628,0.779644756492559,
0.787767786022195,0.796276393948184,0.805439845416951,0.815016898216048,
0.825245852632557,0.829490020167527,0.842537681742849,0.856669222752989,
0.871490409394153,0.887416658435005,0.894375775504536,0.915313995489956,
0.937443075750645,0.961626823312284,0.987118564261613,1.01459314161724,
1.02414728617855),.UNSPECIFIED.);
#875=B_SPLINE_CURVE_WITH_KNOTS('',3,(#7798,#7799,#7800,#7801,#7802,#7803),
 .UNSPECIFIED.,.F.,.F.,(4,2,4),(-1.94352508943858,-1.58351839103788,-1.50008335163388),
 .UNSPECIFIED.);
#876=B_SPLINE_CURVE_WITH_KNOTS('',3,(#7852,#7853,#7854,#7855,#7856,#7857,
#7858,#7859,#7860,#7861),.UNSPECIFIED.,.F.,.F.,(4,1,1,1,1,1,1,4),(-1.,-0.857142857142857,
-0.714285714285714,-0.571428571428571,-0.428571428571429,-0.285714285714286,
-0.142857142857143,0.),.UNSPECIFIED.);
#877=B_SPLINE_CURVE_WITH_KNOTS('',3,(#7903,#7904,#7905,#7906,#7907,#7908,
#7909,#7910,#7911,#7912),.UNSPECIFIED.,.F.,.F.,(4,1,1,1,1,1,1,4),(0.,0.142857142857143,
0.285714285714286,0.428571428571429,0.571428571428571,0.714285714285714,
0.857142857142857,1.),.UNSPECIFIED.);
#878=B_SPLINE_CURVE_WITH_KNOTS('',3,(#8043,#8044,#8045,#8046,#8047,#8048,
#8049,#8050,#8051,#8052,#8053,#8054,#8055),.UNSPECIFIED.,.F.,.F.,(4,1,1,
1,1,1,1,1,2,4),(-0.446062822090698,-0.432013412704781,-0.398265081725096,
-0.346891555536228,-0.305453191672647,-0.236782532836346,-0.16797691642399,
-0.0839864618385645,0.,0.014043446768684),.UNSPECIFIED.);
#879=B_SPLINE_CURVE_WITH_KNOTS('',3,(#8057,#8058,#8059,#8060),
 .UNSPECIFIED.,.F.,.F.,(4,4),(-0.257548136969395,-8.72727662034823E-16),
 .UNSPECIFIED.);
#880=B_SPLINE_CURVE_WITH_KNOTS('',3,(#8062,#8063,#8064,#8065),
 .UNSPECIFIED.,.F.,.F.,(4,4),(-0.255636426181127,-1.54151303537377E-15),
 .UNSPECIFIED.);
#881=B_SPLINE_CURVE_WITH_KNOTS('',3,(#8067,#8068,#8069,#8070),
 .UNSPECIFIED.,.F.,.F.,(4,4),(-2.61475661028507,-2.58466034152816),
 .UNSPECIFIED.);
#882=B_SPLINE_CURVE_WITH_KNOTS('',3,(#8072,#8073,#8074,#8075,#8076,#8077),
 .UNSPECIFIED.,.F.,.F.,(4,1,1,4),(-1.2180127163675,-1.07531530925712,-0.932617902146734,
-0.718571791481156),.UNSPECIFIED.);
#883=B_SPLINE_CURVE_WITH_KNOTS('',3,(#8078,#8079,#8080,#8081,#8082,#8083,
#8084,#8085,#8086,#8087),.UNSPECIFIED.,.F.,.F.,(4,1,1,1,1,2,4),(-1.02412871863546,
-0.894357197959944,-0.829471437622185,-0.797028557453305,-0.764585677284426,
-0.741064586528344,-0.716943799620504),.UNSPECIFIED.);
#884=B_SPLINE_CURVE_WITH_KNOTS('',3,(#8117,#8118,#8119,#8120),
 .UNSPECIFIED.,.F.,.F.,(4,4),(1.59662701706411,2.03990454624415),
 .UNSPECIFIED.);
#885=B_SPLINE_CURVE_WITH_KNOTS('',3,(#8122,#8123,#8124,#8125,#8126,#8127),
 .UNSPECIFIED.,.F.,.F.,(4,2,4),(-1.59662701706411,-1.34676569318312,-1.15744867701415),
 .UNSPECIFIED.);
#886=B_SPLINE_CURVE_WITH_KNOTS('',3,(#8129,#8130,#8131,#8132,#8133,#8134,
#8135,#8136,#8137,#8138,#8139,#8140,#8141),.UNSPECIFIED.,.F.,.F.,(4,3,3,
3,4),(0.,0.330699622004044,0.661399244008089,0.826749055010111,1.15744867701415),
 .UNSPECIFIED.);
#887=B_SPLINE_CURVE_WITH_KNOTS('',3,(#8145,#8146,#8147,#8148,#8149,#8150,
#8151,#8152,#8153,#8154,#8155,#8156,#8157),.UNSPECIFIED.,.F.,.F.,(4,3,3,
3,4),(0.953770415261215,1.26409353396946,1.57441793887961,1.72958014133469,
2.03990454624483),.UNSPECIFIED.);
#888=B_SPLINE_CURVE_WITH_KNOTS('',3,(#8159,#8160,#8161,#8162,#8163,#8164,
#8165),.UNSPECIFIED.,.F.,.F.,(4,3,4),(-0.953770415261215,-0.546761782546271,
-0.44544883570207),.UNSPECIFIED.);
#889=B_SPLINE_CURVE_WITH_KNOTS('',3,(#8166,#8167,#8168,#8169),
 .UNSPECIFIED.,.F.,.F.,(4,4),(0.,0.44544883570207),.UNSPECIFIED.);
#890=B_SPLINE_CURVE_WITH_KNOTS('',3,(#8208,#8209,#8210,#8211,#8212,#8213,
#8214,#8215,#8216,#8217,#8218,#8219,#8220,#8221,#8222,#8223,#8224,#8225,
#8226,#8227,#8228,#8229,#8230,#8231,#8232,#8233,#8234,#8235,#8236,#8237,
#8238,#8239,#8240,#8241,#8242,#8243,#8244,#8245,#8246,#8247,#8248,#8249,
#8250,#8251,#8252,#8253),.UNSPECIFIED.,.F.,.F.,(4,3,3,3,3,3,3,3,3,3,3,3,
3,3,3,4),(-0.0768494674852833,-0.0764941124556869,-0.0686841611349682,-0.060693153490895,
-0.0588040938896835,-0.0508227771775312,-0.0429536365104383,-0.0411030946839196,
-0.0384479827205108,-0.0305879287796715,-0.022596878662076,-0.0215735378968171,
-0.0135925297520362,-0.00573360505325642,-0.00204334504776514,0.),
 .UNSPECIFIED.);
#891=B_SPLINE_CURVE_WITH_KNOTS('',3,(#8255,#8256,#8257,#8258),
 .UNSPECIFIED.,.F.,.F.,(4,4),(2.58586213266571,2.58669430213124),
 .UNSPECIFIED.);
#892=B_SPLINE_CURVE_WITH_KNOTS('',3,(#8260,#8261,#8262,#8263),
 .UNSPECIFIED.,.F.,.F.,(4,4),(2.58669430213124,2.61275710240476),
 .UNSPECIFIED.);
#893=B_SPLINE_CURVE_WITH_KNOTS('',3,(#8265,#8266,#8267,#8268,#8269,#8270,
#8271),.UNSPECIFIED.,.F.,.F.,(4,3,4),(-0.0260040175823088,-0.0244712252759492,
-0.0235778592101747),.UNSPECIFIED.);
#894=B_SPLINE_CURVE_WITH_KNOTS('',3,(#8272,#8273,#8274,#8275,#8276,#8277,
#8278,#8279,#8280,#8281,#8282,#8283,#8284,#8285,#8286,#8287,#8288,#8289,
#8290,#8291,#8292,#8293,#8294,#8295,#8296,#8297,#8298,#8299,#8300,#8301,
#8302,#8303,#8304,#8305,#8306,#8307,#8308,#8309,#8310,#8311,#8312,#8313,
#8314),.UNSPECIFIED.,.F.,.F.,(4,3,3,3,3,3,3,3,3,3,3,3,3,3,4),(-0.0763863604933735,
-0.0685611971280271,-0.0605719501314352,-0.0568633780321602,-0.0488820199418678,
-0.0410352236916425,-0.0390732486216442,-0.0373313148958761,-0.0294987980725793,
-0.021511747837319,-0.0177886870030252,-0.00980805005017701,-0.0019959072883103,
0.,0.000356351891735725),.UNSPECIFIED.);
#895=B_SPLINE_CURVE_WITH_KNOTS('',3,(#8341,#8342,#8343,#8344,#8345,#8346,
#8347,#8348,#8349,#8350),.UNSPECIFIED.,.F.,.F.,(4,3,3,4),(0.,0.0277520847688428,
0.0555041695376855,0.0971322966909497),.UNSPECIFIED.);
#896=B_SPLINE_CURVE_WITH_KNOTS('',3,(#8352,#8353,#8354,#8355),
 .UNSPECIFIED.,.F.,.F.,(4,4),(0.3,0.343282926153762),.UNSPECIFIED.);
#897=B_SPLINE_CURVE_WITH_KNOTS('',3,(#8358,#8359,#8360,#8361),
 .UNSPECIFIED.,.F.,.F.,(4,4),(-0.343282926153762,-0.3),.UNSPECIFIED.);
#898=B_SPLINE_CURVE_WITH_KNOTS('',3,(#8424,#8425,#8426,#8427,#8428,#8429,
#8430,#8431,#8432,#8433),.UNSPECIFIED.,.F.,.F.,(4,2,2,2,4),(-0.542689574042081,
-0.462120950513009,-0.273076700879539,-0.0542803057833249,0.),
 .UNSPECIFIED.);
#899=B_SPLINE_CURVE_WITH_KNOTS('',3,(#8434,#8435,#8436,#8437,#8438,#8439,
#8440,#8441,#8442,#8443),.UNSPECIFIED.,.F.,.F.,(4,2,2,2,4),(0.,0.0542803057833249,
0.273076700879539,0.462120950513009,0.542689574042081),.UNSPECIFIED.);
#900=B_SPLINE_CURVE_WITH_KNOTS('',3,(#8470,#8471,#8472,#8473),
 .UNSPECIFIED.,.F.,.F.,(4,4),(8.72727662034823E-16,0.257548136969395),
 .UNSPECIFIED.);
#901=B_SPLINE_CURVE_WITH_KNOTS('',3,(#8499,#8500,#8501,#8502),
 .UNSPECIFIED.,.F.,.F.,(4,4),(1.54151303537377E-15,0.253282758925524),
 .UNSPECIFIED.);
#902=B_SPLINE_CURVE_WITH_KNOTS('',3,(#8503,#8504,#8505,#8506,#8507,#8508,
#8509,#8510,#8511,#8512),.UNSPECIFIED.,.F.,.F.,(4,3,3,4),(-0.19330649360401,
-0.189805840405917,-0.186798822339434,-0.185020784045406),.UNSPECIFIED.);
#903=B_SPLINE_CURVE_WITH_KNOTS('',3,(#8545,#8546,#8547,#8548,#8549,#8550),
 .UNSPECIFIED.,.F.,.F.,(4,1,1,4),(0.720875287065881,0.932617902146734,1.07531530925712,
1.2180127163675),.UNSPECIFIED.);
#904=B_SPLINE_CURVE_WITH_KNOTS('',3,(#8552,#8553,#8554,#8555),
 .UNSPECIFIED.,.F.,.F.,(4,4),(-0.720875528860206,-0.719904610756362),
 .UNSPECIFIED.);
#905=B_SPLINE_CURVE_WITH_KNOTS('',3,(#8599,#8600,#8601,#8602,#8603,#8604,
#8605,#8606),.UNSPECIFIED.,.F.,.F.,(4,2,1,1,4),(-0.477718195682047,-0.389667283496153,
-0.233800370097692,-0.116900185048846,0.),.UNSPECIFIED.);
#906=B_SPLINE_CURVE_WITH_KNOTS('',3,(#8607,#8608,#8609,#8610,#8611,#8612,
#8613,#8614),.UNSPECIFIED.,.F.,.F.,(4,1,1,2,4),(0.,0.116900185048846,0.233800370097692,
0.389667283496153,0.477718195682047),.UNSPECIFIED.);
#907=B_SPLINE_CURVE_WITH_KNOTS('',3,(#8690,#8691,#8692,#8693,#8694,#8695,
#8696,#8697,#8698,#8699,#8700,#8701),.UNSPECIFIED.,.F.,.F.,(4,2,2,2,2,4),
(-0.929340078301586,-0.818220622702346,-0.595820627307224,-0.313909374697028,
-0.130390587406907,-1.88400927490117E-12),.UNSPECIFIED.);
#908=B_SPLINE_CURVE_WITH_KNOTS('',3,(#8702,#8703,#8704,#8705,#8706,#8707,
#8708,#8709,#8710,#8711,#8712,#8713),.UNSPECIFIED.,.F.,.F.,(4,2,2,2,2,4),
(1.88400927490117E-12,0.130390587406907,0.313909374697028,0.595820627307224,
0.818220622702346,0.929340078301586),.UNSPECIFIED.);
#909=B_SPLINE_CURVE_WITH_KNOTS('',3,(#8740,#8741,#8742,#8743,#8744,#8745,
#8746,#8747,#8748,#8749),.UNSPECIFIED.,.F.,.F.,(4,3,3,4),(0.,0.0382559231973739,
0.0637598719956231,0.0892638207938724),.UNSPECIFIED.);
#910=B_SPLINE_CURVE_WITH_KNOTS('',3,(#8750,#8751,#8752,#8753),
 .UNSPECIFIED.,.F.,.F.,(4,4),(-0.189539417099278,0.),.UNSPECIFIED.);
#911=B_SPLINE_CURVE_WITH_KNOTS('',3,(#8754,#8755,#8756,#8757),
 .UNSPECIFIED.,.F.,.F.,(4,4),(0.,0.189539417099278),.UNSPECIFIED.);
#912=B_SPLINE_CURVE_WITH_KNOTS('',3,(#8802,#8803,#8804,#8805,#8806,#8807,
#8808,#8809,#8810,#8811),.UNSPECIFIED.,.F.,.F.,(4,3,3,4),(0.,0.0255039487982489,
0.0510078975964978,0.0892638207938711),.UNSPECIFIED.);
#913=B_SPLINE_CURVE_WITH_KNOTS('',3,(#8813,#8814,#8815,#8816),
 .UNSPECIFIED.,.F.,.F.,(4,4),(0.300000000000001,0.489539417099282),
 .UNSPECIFIED.);
#914=B_SPLINE_CURVE_WITH_KNOTS('',3,(#8819,#8820,#8821,#8822),
 .UNSPECIFIED.,.F.,.F.,(4,4),(-0.489539417099282,-0.300000000000001),
 .UNSPECIFIED.);
#915=B_SPLINE_CURVE_WITH_KNOTS('',3,(#8898,#8899,#8900,#8901,#8902,#8903,
#8904,#8905,#8906,#8907,#8908,#8909),.UNSPECIFIED.,.F.,.F.,(4,2,2,2,2,4),
(-0.929338038683614,-0.798807807280543,-0.615326492922414,-0.33354234113553,
-0.112949101618211,-1.54906858795353E-11),.UNSPECIFIED.);
#916=B_SPLINE_CURVE_WITH_KNOTS('',3,(#8910,#8911,#8912,#8913,#8914,#8915,
#8916,#8917,#8918,#8919,#8920,#8921),.UNSPECIFIED.,.F.,.F.,(4,2,2,2,2,4),
(1.54906858795353E-11,0.112949101618211,0.33354234113553,0.615326492922414,
0.798807807280543,0.929338038683614),.UNSPECIFIED.);
#917=B_SPLINE_CURVE_WITH_KNOTS('',3,(#8965,#8966,#8967,#8968,#8969,#8970,
#8971,#8972),.UNSPECIFIED.,.F.,.F.,(4,1,1,2,4),(-0.477724040366735,-0.360762772287779,
-0.243801504208822,-0.0878531467702125,0.),.UNSPECIFIED.);
#918=B_SPLINE_CURVE_WITH_KNOTS('',3,(#8973,#8974,#8975,#8976,#8977,#8978,
#8979,#8980),.UNSPECIFIED.,.F.,.F.,(4,2,1,1,4),(0.,0.0878531467702125,0.243801504208822,
0.360762772287779,0.477724040366735),.UNSPECIFIED.);
#919=B_SPLINE_CURVE_WITH_KNOTS('',3,(#9007,#9008,#9009,#9010,#9011),
 .UNSPECIFIED.,.F.,.F.,(4,1,4),(-0.499440925082598,-0.214046110749773,-1.54732918824275E-13),
 .UNSPECIFIED.);
#920=B_SPLINE_CURVE_WITH_KNOTS('',3,(#9013,#9014,#9015,#9016,#9017),
 .UNSPECIFIED.,.F.,.F.,(4,1,4),(1.54732918824275E-13,0.214046110749773,
0.497137541547884),.UNSPECIFIED.);
#921=B_SPLINE_CURVE_WITH_KNOTS('',3,(#9019,#9020,#9021,#9022),
 .UNSPECIFIED.,.F.,.F.,(4,4),(0.497137187779539,0.498108105850814),
 .UNSPECIFIED.);
#922=B_SPLINE_CURVE_WITH_KNOTS('',3,(#9023,#9024,#9025,#9026,#9027,#9028,
#9029,#9030,#9031,#9032,#9033,#9034,#9035,#9036,#9037,#9038,#9039,#9040,
#9041,#9042,#9043,#9044,#9045,#9046,#9047,#9048,#9049,#9050,#9051,#9052,
#9053,#9054,#9055,#9056,#9057,#9058,#9059,#9060,#9061,#9062,#9063,#9064,
#9065),.UNSPECIFIED.,.F.,.F.,(4,3,3,3,3,3,3,3,3,3,3,3,3,3,4),(0.,0.00780025299553784,
0.0157880971496997,0.0195227254335812,0.0274988051796728,0.0353452956151153,
0.0383596977324901,0.0390545314226884,0.0468749882378884,0.0548590497279138,
0.0585969020292729,0.0665734698775304,0.0743917145012893,0.0763853546295104,
0.0767417020480947),.UNSPECIFIED.);
#923=B_SPLINE_CURVE_WITH_KNOTS('',3,(#9088,#9089,#9090,#9091),
 .UNSPECIFIED.,.F.,.F.,(4,4),(2.66331739487846,2.68938048602398),
 .UNSPECIFIED.);
#924=B_SPLINE_CURVE_WITH_KNOTS('',3,(#9093,#9094,#9095,#9096),
 .UNSPECIFIED.,.F.,.F.,(4,4),(2.68938048602398,2.69021267162267),
 .UNSPECIFIED.);
#925=B_SPLINE_CURVE_WITH_KNOTS('',3,(#9098,#9099,#9100,#9101,#9102,#9103,
#9104,#9105,#9106,#9107,#9108,#9109,#9110,#9111,#9112,#9113,#9114,#9115,
#9116,#9117,#9118,#9119,#9120,#9121,#9122,#9123,#9124,#9125,#9126,#9127,
#9128,#9129,#9130,#9131,#9132,#9133,#9134,#9135,#9136,#9137,#9138,#9139,
#9140),.UNSPECIFIED.,.F.,.F.,(4,3,3,3,3,3,3,3,3,3,3,3,3,3,4),(-0.0765123468666781,
-0.0687167684227669,-0.0607277981991412,-0.056981573278692,-0.0489937042548473,
-0.0411351181365409,-0.0380610134741457,-0.0374518887933355,-0.02962505853722,
-0.0216320095419984,-0.0179200934444804,-0.00992925987649115,-0.00210032599329192,
0.,0.000355358525060762),.UNSPECIFIED.);
#926=B_SPLINE_CURVE_WITH_KNOTS('',3,(#9141,#9142,#9143,#9144),
 .UNSPECIFIED.,.F.,.F.,(4,4),(-2.69141448860657,-2.6613178814712),
 .UNSPECIFIED.);
#927=B_SPLINE_CURVE_WITH_KNOTS('',3,(#9145,#9146,#9147,#9148,#9149,#9150,
#9151,#9152,#9153,#9154),.UNSPECIFIED.,.F.,.F.,(4,3,3,4),(-0.00226002326386659,
-0.0020292763160889,-0.000895917282886637,0.),.UNSPECIFIED.);
#928=B_SPLINE_CURVE_WITH_KNOTS('',3,(#9181,#9182,#9183,#9184),
 .UNSPECIFIED.,.F.,.F.,(4,4),(0.562016645772028,0.815299404926991),
 .UNSPECIFIED.);
#929=B_SPLINE_CURVE_WITH_KNOTS('',3,(#9187,#9188,#9189,#9190),
 .UNSPECIFIED.,.F.,.F.,(4,4),(-0.815299404926991,-0.559662980585079),
 .UNSPECIFIED.);
#930=B_SPLINE_CURVE_WITH_KNOTS('',3,(#9191,#9192,#9193,#9194,#9195,#9196),
 .UNSPECIFIED.,.F.,.F.,(4,2,4),(-0.00295757995265839,-0.00183639104592616,
0.),.UNSPECIFIED.);
#931=B_SPLINE_CURVE_WITH_KNOTS('',3,(#9224,#9225,#9226,#9227),
 .UNSPECIFIED.,.F.,.F.,(4,4),(-0.257548136953831,-9.60744528560732E-16),
 .UNSPECIFIED.);
#932=B_SPLINE_CURVE_WITH_KNOTS('',3,(#9228,#9229,#9230,#9231),
 .UNSPECIFIED.,.F.,.F.,(4,4),(9.60744528560732E-16,0.257548136953831),
 .UNSPECIFIED.);
#933=B_SPLINE_CURVE_WITH_KNOTS('',3,(#9296,#9297,#9298,#9299),
 .UNSPECIFIED.,.F.,.F.,(4,4),(-0.540730578423055,-0.476192913885971),
 .UNSPECIFIED.);
#934=B_SPLINE_CURVE_WITH_KNOTS('',3,(#9300,#9301,#9302,#9303,#9304,#9305,
#9306,#9307),.UNSPECIFIED.,.F.,.F.,(4,2,2,4),(-0.476192913885971,-0.297840578213062,
-0.0632306637641582,0.),.UNSPECIFIED.);
#935=B_SPLINE_CURVE_WITH_KNOTS('',3,(#9308,#9309,#9310,#9311,#9312,#9313,
#9314,#9315,#9316,#9317),.UNSPECIFIED.,.F.,.F.,(4,2,2,2,4),(0.,0.0632306637641582,
0.297840578213062,0.476192913885971,0.540730578423055),.UNSPECIFIED.);
#936=B_SPLINE_CURVE_WITH_KNOTS('',3,(#9344,#9345,#9346,#9347,#9348,#9349,
#9350,#9351,#9352,#9353),.UNSPECIFIED.,.F.,.F.,(4,3,3,4),(0.,0.0416281271532631,
0.0693802119221052,0.0971322966909473),.UNSPECIFIED.);
#937=B_SPLINE_CURVE_WITH_KNOTS('',3,(#9354,#9355,#9356,#9357),
 .UNSPECIFIED.,.F.,.F.,(4,4),(-0.0432829261537522,0.),.UNSPECIFIED.);
#938=B_SPLINE_CURVE_WITH_KNOTS('',3,(#9358,#9359,#9360,#9361),
 .UNSPECIFIED.,.F.,.F.,(4,4),(0.,0.0432829261537522),.UNSPECIFIED.);
#939=B_SPLINE_CURVE_WITH_KNOTS('',3,(#9391,#9392,#9393,#9394),
 .UNSPECIFIED.,.F.,.F.,(4,4),(-0.0613548577770876,0.),.UNSPECIFIED.);
#940=B_SPLINE_CURVE_WITH_KNOTS('',3,(#9396,#9397,#9398,#9399,#9400,#9401,
#9402,#9403,#9404,#9405,#9406,#9407,#9408,#9409,#9410),.UNSPECIFIED.,.F.,
 .F.,(4,1,1,1,1,2,1,1,1,1,1,4),(-1.02970408424508,-0.899930003003317,-0.835042962382437,
-0.802599442071996,-0.770155921761556,-0.746412491820914,-0.720743452684677,
-0.696037218146237,-0.671330983607797,-0.624442295247226,-0.580364705328381,
-0.55579397564865),.UNSPECIFIED.);
#941=B_SPLINE_CURVE_WITH_KNOTS('',3,(#9412,#9413,#9414,#9415),
 .UNSPECIFIED.,.F.,.F.,(4,4),(-0.607097760633166,-0.307097760633162),
 .UNSPECIFIED.);
#942=B_SPLINE_CURVE_WITH_KNOTS('',3,(#9551,#9552,#9553,#9554,#9555,#9556,
#9557,#9558,#9559,#9560),.UNSPECIFIED.,.F.,.F.,(4,2,1,1,1,1,4),(0.72252813024093,
0.746412491820914,0.770155921761556,0.802599442071996,0.835042962382437,
0.899930003003317,1.02970408424508),.UNSPECIFIED.);
#943=B_SPLINE_CURVE_WITH_KNOTS('',3,(#9561,#9562,#9563,#9564,#9565,#9566,
#9567,#9568,#9569,#9570),.UNSPECIFIED.,.F.,.F.,(4,1,1,1,1,1,1,4),(0.,0.142857142857143,
0.285714285714286,0.428571428571429,0.571428571428571,0.714285714285714,
0.857142857142857,1.),.UNSPECIFIED.);
#944=B_SPLINE_CURVE_WITH_KNOTS('',3,(#9612,#9613,#9614,#9615,#9616,#9617,
#9618,#9619,#9620,#9621,#9622,#9623,#9624,#9625,#9626),.UNSPECIFIED.,.F.,
 .F.,(4,2,1,1,1,1,1,2,1,1,4),(-0.00848856568901351,0.,0.0766452330843855,
0.153294612918477,0.226004236885203,0.267977631686888,0.328179028802854,
0.35571996402506,0.39815195090342,0.440585347881122,0.451643631989185),
 .UNSPECIFIED.);
#945=B_SPLINE_CURVE_WITH_KNOTS('',3,(#9630,#9631,#9632,#9633),
 .UNSPECIFIED.,.F.,.F.,(4,4),(0.,0.0498110312591589),.UNSPECIFIED.);
#946=B_SPLINE_CURVE_WITH_KNOTS('',3,(#9635,#9636,#9637,#9638,#9639,#9640,
#9641,#9642,#9643,#9644,#9645,#9646,#9647,#9648,#9649,#9650,#9651,#9652),
 .UNSPECIFIED.,.F.,.F.,(4,2,2,2,2,2,2,2,4),(0.0506054438737461,0.0511497072086698,
0.13123446541796,0.209113113948044,0.279782858920089,0.332551468170177,
0.351116101261916,0.362705847354495,0.365593911295909),.UNSPECIFIED.);
#947=B_SPLINE_CURVE_WITH_KNOTS('',3,(#9653,#9654,#9655,#9656),
 .UNSPECIFIED.,.F.,.F.,(4,4),(0.0500000000000002,0.900000000000001),
 .UNSPECIFIED.);
#948=B_SPLINE_CURVE_WITH_KNOTS('',3,(#9747,#9748,#9749,#9750,#9751,#9752,
#9753,#9754,#9755,#9756,#9757),.UNSPECIFIED.,.F.,.F.,(4,1,1,1,1,1,2,4),
(-0.335734992471861,-0.328179028802854,-0.267977631686888,-0.226004236885203,
-0.153294612918477,-0.0766452330843855,0.,0.00848856568901351),
 .UNSPECIFIED.);
#949=B_SPLINE_CURVE_WITH_KNOTS('',3,(#9775,#9776,#9777,#9778),
 .UNSPECIFIED.,.F.,.F.,(4,4),(-0.276886599447092,-0.203580263744896),
 .UNSPECIFIED.);
#950=B_SPLINE_CURVE_WITH_KNOTS('',3,(#9779,#9780,#9781,#9782),
 .UNSPECIFIED.,.F.,.F.,(4,4),(-0.3,0.),.UNSPECIFIED.);
#951=B_SPLINE_CURVE_WITH_KNOTS('',3,(#9800,#9801,#9802,#9803,#9804,#9805),
 .UNSPECIFIED.,.F.,.F.,(4,2,4),(1.15744867701415,1.34676569318312,1.59662701706411),
 .UNSPECIFIED.);
#952=B_SPLINE_CURVE_WITH_KNOTS('',3,(#9833,#9834,#9835,#9836),
 .UNSPECIFIED.,.F.,.F.,(4,4),(-0.300000000000001,0.),.UNSPECIFIED.);
#953=B_SPLINE_CURVE_WITH_KNOTS('',3,(#9838,#9839,#9840,#9841,#9842,#9843,
#9844),.UNSPECIFIED.,.F.,.F.,(4,3,4),(0.44544883570207,0.546761782546271,
0.953770415261215),.UNSPECIFIED.);
#954=B_SPLINE_CURVE_WITH_KNOTS('',3,(#9845,#9846,#9847,#9848),
 .UNSPECIFIED.,.F.,.F.,(4,4),(-0.60706581961349,-0.307065819613487),
 .UNSPECIFIED.);
#955=B_SPLINE_CURVE_WITH_KNOTS('',3,(#9850,#9851,#9852,#9853),
 .UNSPECIFIED.,.F.,.F.,(4,4),(-0.0725814799866806,0.),.UNSPECIFIED.);
#956=B_SPLINE_CURVE_WITH_KNOTS('',3,(#9854,#9855,#9856,#9857),
 .UNSPECIFIED.,.F.,.F.,(4,4),(-0.351077509765786,-0.289603617952346),
 .UNSPECIFIED.);
#957=B_SPLINE_CURVE_WITH_KNOTS('',3,(#9897,#9898,#9899,#9900,#9901,#9902,
#9903,#9904,#9905,#9906,#9907,#9908,#9909,#9910,#9911),.UNSPECIFIED.,.F.,
 .F.,(4,1,1,1,1,1,2,1,1,1,1,4),(0.550229533472123,0.574405647215829,0.618861892684556,
0.665769227552415,0.690473339985418,0.71517745241842,0.741064586528344,
0.764585677284426,0.797028557453305,0.829471437622185,0.894357197959944,
1.02412871863546),.UNSPECIFIED.);
#958=B_SPLINE_CURVE_WITH_KNOTS('',3,(#9928,#9929,#9930,#9931,#9932,#9933,
#9934,#9935,#9936,#9937),.UNSPECIFIED.,.F.,.F.,(4,2,1,1,1,1,4),(-0.014043446768684,
0.,0.0839864618385645,0.16797691642399,0.236782532836346,0.305453191672647,
0.330020502971257),.UNSPECIFIED.);
#959=B_SPLINE_CURVE_WITH_KNOTS('',3,(#10073,#10074,#10075,#10076,#10077,
#10078,#10079,#10080,#10081),.UNSPECIFIED.,.F.,.F.,(4,1,1,1,1,1,4),(0.,
0.142857142857143,0.285714285714286,0.428571428571429,0.571428571428571,
0.857142857142857,1.),.UNSPECIFIED.);
#960=B_SPLINE_CURVE_WITH_KNOTS('',3,(#10259,#10260,#10261,#10262,#10263,
#10264,#10265,#10266,#10267,#10268),.UNSPECIFIED.,.F.,.F.,(4,1,1,1,1,1,
1,4),(-1.,-0.857142857142857,-0.714285714285714,-0.571428571428571,-0.428571428571429,
-0.285714285714286,-0.142857142857143,0.),.UNSPECIFIED.);
#961=CIRCLE('',#2924,2.);
#962=CIRCLE('',#2925,2.);
#963=CIRCLE('',#2926,2.);
#964=CIRCLE('',#2927,2.00000000000001);
#965=CIRCLE('',#2929,2.);
#966=CIRCLE('',#2930,2.);
#967=CIRCLE('',#2931,2.);
#968=CIRCLE('',#2933,2.);
#969=CIRCLE('',#2935,4.00001059340881);
#970=CIRCLE('',#2936,2.00000000000001);
#971=CIRCLE('',#2937,2.);
#972=CIRCLE('',#2938,2.);
#973=CIRCLE('',#2939,2.00000000000002);
#974=CIRCLE('',#2940,2.);
#975=CIRCLE('',#2942,2.);
#976=CIRCLE('',#2943,2.);
#977=CIRCLE('',#2945,2.);
#978=CIRCLE('',#2947,4.);
#979=CIRCLE('',#2948,2.00000000000002);
#980=CIRCLE('',#2949,2.);
#981=CIRCLE('',#2950,2.);
#982=CIRCLE('',#2951,2.);
#983=CIRCLE('',#2952,2.);
#984=CIRCLE('',#2954,2.);
#985=CIRCLE('',#2955,2.);
#986=CIRCLE('',#2957,2.);
#987=CIRCLE('',#2958,2.);
#988=CIRCLE('',#2959,1.99999999999999);
#989=CIRCLE('',#2960,2.);
#990=CIRCLE('',#2961,2.);
#991=CIRCLE('',#2963,2.);
#992=CIRCLE('',#2964,1.99999999999999);
#993=CIRCLE('',#2965,2.00000000000001);
#994=CIRCLE('',#2967,2.);
#995=CIRCLE('',#2969,2.);
#996=CIRCLE('',#2971,4.99927401392056);
#997=CIRCLE('',#2973,2.);
#998=CIRCLE('',#2975,4.00001059340881);
#999=CIRCLE('',#2977,2.);
#1000=CIRCLE('',#2979,4.);
#1001=CIRCLE('',#2981,2.);
#1002=CIRCLE('',#2983,4.99927401392056);
#1003=CIRCLE('',#2984,0.500000000000001);
#1004=CIRCLE('',#2985,0.499999999999997);
#1005=CIRCLE('',#2986,0.499999999999997);
#1006=CIRCLE('',#2987,0.499999999999999);
#1007=CIRCLE('',#2988,0.499999999999995);
#1008=CIRCLE('',#2989,0.5);
#1009=CIRCLE('',#2992,3.);
#1010=CIRCLE('',#2994,4.);
#1011=CIRCLE('',#2996,3.);
#1012=CIRCLE('',#2998,0.499999999999997);
#1013=CIRCLE('',#2999,0.499999999999997);
#1014=CIRCLE('',#3000,0.49999999999999);
#1015=CIRCLE('',#3001,0.499999999999998);
#1016=CIRCLE('',#3002,0.500000000000003);
#1017=CIRCLE('',#3003,0.500000000000019);
#1018=CIRCLE('',#3005,1.7);
#1019=CIRCLE('',#3006,1.7);
#1020=CIRCLE('',#3008,3.);
#1021=CIRCLE('',#3009,4.);
#1022=CIRCLE('',#3010,3.);
#1023=CIRCLE('',#3012,1.7);
#1024=CIRCLE('',#3013,1.7);
#1025=CIRCLE('',#3021,4.00001059340881);
#1026=CIRCLE('',#3027,4.);
#1027=CIRCLE('',#3033,2.);
#1028=CIRCLE('',#3034,4.99927401392056);
#1029=CIRCLE('',#3035,2.);
#1030=CIRCLE('',#3036,4.00001059340881);
#1031=CIRCLE('',#3037,2.);
#1032=CIRCLE('',#3038,4.99927401392056);
#1033=CIRCLE('',#3039,2.);
#1034=CIRCLE('',#3040,4.);
#1035=CIRCLE('',#3041,1.7);
#1036=CIRCLE('',#3042,1.7);
#1037=CIRCLE('',#3050,0.500000000000001);
#1038=CIRCLE('',#3051,0.499999999999997);
#1039=CIRCLE('',#3052,0.499999999999997);
#1040=CIRCLE('',#3053,0.499999999999999);
#1041=CIRCLE('',#3054,0.499999999999995);
#1042=CIRCLE('',#3055,0.5);
#1043=CIRCLE('',#3058,3.);
#1044=CIRCLE('',#3060,4.);
#1045=CIRCLE('',#3062,3.);
#1046=CIRCLE('',#3064,0.499999999999997);
#1047=CIRCLE('',#3065,0.499999999999997);
#1048=CIRCLE('',#3066,0.49999999999999);
#1049=CIRCLE('',#3067,0.499999999999998);
#1050=CIRCLE('',#3068,0.500000000000003);
#1051=CIRCLE('',#3069,0.500000000000019);
#1052=CIRCLE('',#3071,1.7);
#1053=CIRCLE('',#3073,3.);
#1054=CIRCLE('',#3074,4.);
#1055=CIRCLE('',#3075,3.);
#1056=CIRCLE('',#3077,1.7);
#1057=VERTEX_POINT('',#3577);
#1058=VERTEX_POINT('',#3578);
#1059=VERTEX_POINT('',#3580);
#1060=VERTEX_POINT('',#3651);
#1061=VERTEX_POINT('',#3652);
#1062=VERTEX_POINT('',#3663);
#1063=VERTEX_POINT('',#3764);
#1064=VERTEX_POINT('',#3765);
#1065=VERTEX_POINT('',#3815);
#1066=VERTEX_POINT('',#3816);
#1067=VERTEX_POINT('',#3822);
#1068=VERTEX_POINT('',#3848);
#1069=VERTEX_POINT('',#3901);
#1070=VERTEX_POINT('',#3910);
#1071=VERTEX_POINT('',#3912);
#1072=VERTEX_POINT('',#3932);
#1073=VERTEX_POINT('',#3937);
#1074=VERTEX_POINT('',#3954);
#1075=VERTEX_POINT('',#4040);
#1076=VERTEX_POINT('',#4077);
#1077=VERTEX_POINT('',#4086);
#1078=VERTEX_POINT('',#4109);
#1079=VERTEX_POINT('',#4110);
#1080=VERTEX_POINT('',#4116);
#1081=VERTEX_POINT('',#4147);
#1082=VERTEX_POINT('',#4148);
#1083=VERTEX_POINT('',#4228);
#1084=VERTEX_POINT('',#4229);
#1085=VERTEX_POINT('',#4242);
#1086=VERTEX_POINT('',#4315);
#1087=VERTEX_POINT('',#4316);
#1088=VERTEX_POINT('',#4364);
#1089=VERTEX_POINT('',#4365);
#1090=VERTEX_POINT('',#4397);
#1091=VERTEX_POINT('',#4408);
#1092=VERTEX_POINT('',#4494);
#1093=VERTEX_POINT('',#4551);
#1094=VERTEX_POINT('',#4553);
#1095=VERTEX_POINT('',#4578);
#1096=VERTEX_POINT('',#4580);
#1097=VERTEX_POINT('',#4603);
#1098=VERTEX_POINT('',#4604);
#1099=VERTEX_POINT('',#4610);
#1100=VERTEX_POINT('',#4641);
#1101=VERTEX_POINT('',#4642);
#1102=VERTEX_POINT('',#4722);
#1103=VERTEX_POINT('',#4723);
#1104=VERTEX_POINT('',#4725);
#1105=VERTEX_POINT('',#4809);
#1106=VERTEX_POINT('',#4810);
#1107=VERTEX_POINT('',#4858);
#1108=VERTEX_POINT('',#4865);
#1109=VERTEX_POINT('',#4915);
#1110=VERTEX_POINT('',#5006);
#1111=VERTEX_POINT('',#5041);
#1112=VERTEX_POINT('',#5079);
#1113=VERTEX_POINT('',#5080);
#1114=VERTEX_POINT('',#5082);
#1115=VERTEX_POINT('',#5153);
#1116=VERTEX_POINT('',#5154);
#1117=VERTEX_POINT('',#5156);
#1118=VERTEX_POINT('',#5274);
#1119=VERTEX_POINT('',#5275);
#1120=VERTEX_POINT('',#5323);
#1121=VERTEX_POINT('',#5324);
#1122=VERTEX_POINT('',#5326);
#1123=VERTEX_POINT('',#5356);
#1124=VERTEX_POINT('',#5370);
#1125=VERTEX_POINT('',#5372);
#1126=VERTEX_POINT('',#5376);
#1127=VERTEX_POINT('',#5380);
#1128=VERTEX_POINT('',#5425);
#1129=VERTEX_POINT('',#5426);
#1130=VERTEX_POINT('',#5449);
#1131=VERTEX_POINT('',#5451);
#1132=VERTEX_POINT('',#5462);
#1133=VERTEX_POINT('',#5469);
#1134=VERTEX_POINT('',#5474);
#1135=VERTEX_POINT('',#5479);
#1136=VERTEX_POINT('',#5484);
#1137=VERTEX_POINT('',#5539);
#1138=VERTEX_POINT('',#5541);
#1139=VERTEX_POINT('',#5546);
#1140=VERTEX_POINT('',#5567);
#1141=VERTEX_POINT('',#5578);
#1142=VERTEX_POINT('',#5580);
#1143=VERTEX_POINT('',#5584);
#1144=VERTEX_POINT('',#5588);
#1145=VERTEX_POINT('',#5590);
#1146=VERTEX_POINT('',#5615);
#1147=VERTEX_POINT('',#5659);
#1148=VERTEX_POINT('',#5667);
#1149=VERTEX_POINT('',#5672);
#1150=VERTEX_POINT('',#5747);
#1151=VERTEX_POINT('',#5748);
#1152=VERTEX_POINT('',#5759);
#1153=VERTEX_POINT('',#5764);
#1154=VERTEX_POINT('',#5830);
#1155=VERTEX_POINT('',#5876);
#1156=VERTEX_POINT('',#5906);
#1157=VERTEX_POINT('',#5951);
#1158=VERTEX_POINT('',#5952);
#1159=VERTEX_POINT('',#6004);
#1160=VERTEX_POINT('',#6005);
#1161=VERTEX_POINT('',#6095);
#1162=VERTEX_POINT('',#6096);
#1163=VERTEX_POINT('',#6146);
#1164=VERTEX_POINT('',#6147);
#1165=VERTEX_POINT('',#6167);
#1166=VERTEX_POINT('',#6171);
#1167=VERTEX_POINT('',#6175);
#1168=VERTEX_POINT('',#6179);
#1169=VERTEX_POINT('',#6208);
#1170=VERTEX_POINT('',#6209);
#1171=VERTEX_POINT('',#6220);
#1172=VERTEX_POINT('',#6225);
#1173=VERTEX_POINT('',#6303);
#1174=VERTEX_POINT('',#6304);
#1175=VERTEX_POINT('',#6370);
#1176=VERTEX_POINT('',#6371);
#1177=VERTEX_POINT('',#6414);
#1178=VERTEX_POINT('',#6420);
#1179=VERTEX_POINT('',#6464);
#1180=VERTEX_POINT('',#6494);
#1181=VERTEX_POINT('',#6495);
#1182=VERTEX_POINT('',#6510);
#1183=VERTEX_POINT('',#6515);
#1184=VERTEX_POINT('',#6587);
#1185=VERTEX_POINT('',#6588);
#1186=VERTEX_POINT('',#6599);
#1187=VERTEX_POINT('',#6629);
#1188=VERTEX_POINT('',#6630);
#1189=VERTEX_POINT('',#6700);
#1190=VERTEX_POINT('',#6701);
#1191=VERTEX_POINT('',#6713);
#1192=VERTEX_POINT('',#6750);
#1193=VERTEX_POINT('',#6751);
#1194=VERTEX_POINT('',#6798);
#1195=VERTEX_POINT('',#6803);
#1196=VERTEX_POINT('',#6808);
#1197=VERTEX_POINT('',#6822);
#1198=VERTEX_POINT('',#6974);
#1199=VERTEX_POINT('',#7035);
#1200=VERTEX_POINT('',#7036);
#1201=VERTEX_POINT('',#7059);
#1202=VERTEX_POINT('',#7064);
#1203=VERTEX_POINT('',#7083);
#1204=VERTEX_POINT('',#7088);
#1205=VERTEX_POINT('',#7223);
#1206=VERTEX_POINT('',#7225);
#1207=VERTEX_POINT('',#7230);
#1208=VERTEX_POINT('',#7240);
#1209=VERTEX_POINT('',#7242);
#1210=VERTEX_POINT('',#7270);
#1211=VERTEX_POINT('',#7272);
#1212=VERTEX_POINT('',#7274);
#1213=VERTEX_POINT('',#7276);
#1214=VERTEX_POINT('',#7280);
#1215=VERTEX_POINT('',#7282);
#1216=VERTEX_POINT('',#7297);
#1217=VERTEX_POINT('',#7298);
#1218=VERTEX_POINT('',#7306);
#1219=VERTEX_POINT('',#7311);
#1220=VERTEX_POINT('',#7369);
#1221=VERTEX_POINT('',#7385);
#1222=VERTEX_POINT('',#7416);
#1223=VERTEX_POINT('',#7704);
#1224=VERTEX_POINT('',#7706);
#1225=VERTEX_POINT('',#7712);
#1226=VERTEX_POINT('',#7731);
#1227=VERTEX_POINT('',#7796);
#1228=VERTEX_POINT('',#7808);
#1229=VERTEX_POINT('',#7851);
#1230=VERTEX_POINT('',#7995);
#1231=VERTEX_POINT('',#7997);
#1232=VERTEX_POINT('',#8040);
#1233=VERTEX_POINT('',#8042);
#1234=VERTEX_POINT('',#8056);
#1235=VERTEX_POINT('',#8061);
#1236=VERTEX_POINT('',#8066);
#1237=VERTEX_POINT('',#8071);
#1238=VERTEX_POINT('',#8089);
#1239=VERTEX_POINT('',#8094);
#1240=VERTEX_POINT('',#8096);
#1241=VERTEX_POINT('',#8098);
#1242=VERTEX_POINT('',#8102);
#1243=VERTEX_POINT('',#8104);
#1244=VERTEX_POINT('',#8106);
#1245=VERTEX_POINT('',#8108);
#1246=VERTEX_POINT('',#8110);
#1247=VERTEX_POINT('',#8112);
#1248=VERTEX_POINT('',#8114);
#1249=VERTEX_POINT('',#8116);
#1250=VERTEX_POINT('',#8121);
#1251=VERTEX_POINT('',#8128);
#1252=VERTEX_POINT('',#8142);
#1253=VERTEX_POINT('',#8144);
#1254=VERTEX_POINT('',#8158);
#1255=VERTEX_POINT('',#8170);
#1256=VERTEX_POINT('',#8172);
#1257=VERTEX_POINT('',#8207);
#1258=VERTEX_POINT('',#8254);
#1259=VERTEX_POINT('',#8259);
#1260=VERTEX_POINT('',#8264);
#1261=VERTEX_POINT('',#8339);
#1262=VERTEX_POINT('',#8340);
#1263=VERTEX_POINT('',#8351);
#1264=VERTEX_POINT('',#8356);
#1265=VERTEX_POINT('',#8422);
#1266=VERTEX_POINT('',#8468);
#1267=VERTEX_POINT('',#8498);
#1268=VERTEX_POINT('',#8543);
#1269=VERTEX_POINT('',#8544);
#1270=VERTEX_POINT('',#8596);
#1271=VERTEX_POINT('',#8597);
#1272=VERTEX_POINT('',#8687);
#1273=VERTEX_POINT('',#8688);
#1274=VERTEX_POINT('',#8738);
#1275=VERTEX_POINT('',#8739);
#1276=VERTEX_POINT('',#8759);
#1277=VERTEX_POINT('',#8763);
#1278=VERTEX_POINT('',#8767);
#1279=VERTEX_POINT('',#8771);
#1280=VERTEX_POINT('',#8800);
#1281=VERTEX_POINT('',#8801);
#1282=VERTEX_POINT('',#8812);
#1283=VERTEX_POINT('',#8817);
#1284=VERTEX_POINT('',#8895);
#1285=VERTEX_POINT('',#8896);
#1286=VERTEX_POINT('',#8962);
#1287=VERTEX_POINT('',#8963);
#1288=VERTEX_POINT('',#9006);
#1289=VERTEX_POINT('',#9012);
#1290=VERTEX_POINT('',#9018);
#1291=VERTEX_POINT('',#9086);
#1292=VERTEX_POINT('',#9087);
#1293=VERTEX_POINT('',#9092);
#1294=VERTEX_POINT('',#9097);
#1295=VERTEX_POINT('',#9179);
#1296=VERTEX_POINT('',#9180);
#1297=VERTEX_POINT('',#9185);
#1298=VERTEX_POINT('',#9221);
#1299=VERTEX_POINT('',#9222);
#1300=VERTEX_POINT('',#9292);
#1301=VERTEX_POINT('',#9293);
#1302=VERTEX_POINT('',#9295);
#1303=VERTEX_POINT('',#9342);
#1304=VERTEX_POINT('',#9343);
#1305=VERTEX_POINT('',#9390);
#1306=VERTEX_POINT('',#9395);
#1307=VERTEX_POINT('',#9611);
#1308=VERTEX_POINT('',#9627);
#1309=VERTEX_POINT('',#9629);
#1310=VERTEX_POINT('',#9634);
#1311=VERTEX_POINT('',#9774);
#1312=VERTEX_POINT('',#9785);
#1313=VERTEX_POINT('',#9807);
#1314=VERTEX_POINT('',#9809);
#1315=VERTEX_POINT('',#9811);
#1316=VERTEX_POINT('',#9813);
#1317=VERTEX_POINT('',#9817);
#1318=VERTEX_POINT('',#9832);
#1319=VERTEX_POINT('',#9837);
#1320=VERTEX_POINT('',#9895);
#1321=VERTEX_POINT('',#10215);
#1322=VERTEX_POINT('',#10258);
#1323=EDGE_CURVE('',#1057,#1058,#961,.T.);
#1324=EDGE_CURVE('',#1058,#1059,#729,.T.);
#1325=EDGE_CURVE('',#1059,#1057,#730,.T.);
#1326=EDGE_CURVE('',#1060,#1061,#962,.T.);
#1327=EDGE_CURVE('',#1061,#1058,#731,.T.);
#1328=EDGE_CURVE('',#1058,#1062,#963,.T.);
#1329=EDGE_CURVE('',#1062,#1060,#732,.T.);
#1330=EDGE_CURVE('',#1063,#1064,#964,.T.);
#1331=EDGE_CURVE('',#1064,#1061,#733,.T.);
#1332=EDGE_CURVE('',#1060,#1063,#734,.T.);
#1333=EDGE_CURVE('',#1057,#1062,#965,.T.);
#1334=EDGE_CURVE('',#1065,#1066,#966,.T.);
#1335=EDGE_CURVE('',#1066,#1064,#735,.T.);
#1336=EDGE_CURVE('',#1064,#1067,#967,.T.);
#1337=EDGE_CURVE('',#1067,#1065,#736,.T.);
#1338=EDGE_CURVE('',#1065,#1068,#737,.T.);
#1339=EDGE_CURVE('',#1068,#1066,#738,.T.);
#1340=EDGE_CURVE('',#1063,#1067,#968,.T.);
#1341=EDGE_CURVE('',#1069,#1061,#739,.T.);
#1342=EDGE_CURVE('',#1069,#1070,#88,.T.);
#1343=EDGE_CURVE('',#1070,#1071,#740,.T.);
#1344=EDGE_CURVE('',#1072,#1071,#741,.T.);
#1345=EDGE_CURVE('',#1072,#1073,#742,.T.);
#1346=EDGE_CURVE('',#1074,#1073,#743,.T.);
#1347=EDGE_CURVE('',#1074,#1059,#89,.T.);
#1348=EDGE_CURVE('',#1066,#1075,#744,.T.);
#1349=EDGE_CURVE('',#1069,#1075,#745,.T.);
#1350=EDGE_CURVE('',#1076,#1068,#746,.T.);
#1351=EDGE_CURVE('',#1076,#1075,#90,.T.);
#1352=EDGE_CURVE('',#1077,#1067,#91,.T.);
#1353=EDGE_CURVE('',#1077,#1068,#969,.T.);
#1354=EDGE_CURVE('',#1078,#1079,#747,.T.);
#1355=EDGE_CURVE('',#1079,#1080,#748,.T.);
#1356=EDGE_CURVE('',#1080,#1078,#970,.T.);
#1357=EDGE_CURVE('',#1081,#1082,#971,.T.);
#1358=EDGE_CURVE('',#1082,#1078,#749,.T.);
#1359=EDGE_CURVE('',#1080,#1081,#750,.T.);
#1360=EDGE_CURVE('',#1083,#1084,#972,.T.);
#1361=EDGE_CURVE('',#1084,#1082,#751,.T.);
#1362=EDGE_CURVE('',#1082,#1085,#973,.T.);
#1363=EDGE_CURVE('',#1085,#1083,#752,.T.);
#1364=EDGE_CURVE('',#1086,#1087,#974,.T.);
#1365=EDGE_CURVE('',#1087,#1084,#753,.T.);
#1366=EDGE_CURVE('',#1083,#1086,#754,.T.);
#1367=EDGE_CURVE('',#1081,#1085,#975,.T.);
#1368=EDGE_CURVE('',#1088,#1089,#755,.T.);
#1369=EDGE_CURVE('',#1089,#1087,#756,.T.);
#1370=EDGE_CURVE('',#1087,#1088,#976,.T.);
#1371=EDGE_CURVE('',#1086,#1088,#977,.T.);
#1372=EDGE_CURVE('',#1078,#1090,#757,.T.);
#1373=EDGE_CURVE('',#1091,#1090,#92,.T.);
#1374=EDGE_CURVE('',#1079,#1091,#758,.T.);
#1375=EDGE_CURVE('',#1092,#1084,#759,.T.);
#1376=EDGE_CURVE('',#1090,#1092,#760,.T.);
#1377=EDGE_CURVE('',#1093,#1089,#93,.T.);
#1378=EDGE_CURVE('',#1093,#1094,#761,.T.);
#1379=EDGE_CURVE('',#1092,#1094,#94,.T.);
#1380=EDGE_CURVE('',#1095,#1088,#95,.T.);
#1381=EDGE_CURVE('',#1095,#1096,#978,.T.);
#1382=EDGE_CURVE('',#1089,#1096,#96,.T.);
#1383=EDGE_CURVE('',#1097,#1098,#762,.T.);
#1384=EDGE_CURVE('',#1098,#1099,#763,.T.);
#1385=EDGE_CURVE('',#1099,#1097,#979,.T.);
#1386=EDGE_CURVE('',#1100,#1101,#980,.T.);
#1387=EDGE_CURVE('',#1101,#1097,#764,.T.);
#1388=EDGE_CURVE('',#1099,#1100,#765,.T.);
#1389=EDGE_CURVE('',#1102,#1103,#981,.T.);
#1390=EDGE_CURVE('',#1103,#1104,#766,.T.);
#1391=EDGE_CURVE('',#1104,#1100,#982,.T.);
#1392=EDGE_CURVE('',#1100,#1102,#767,.T.);
#1393=EDGE_CURVE('',#1105,#1106,#983,.T.);
#1394=EDGE_CURVE('',#1106,#1103,#768,.T.);
#1395=EDGE_CURVE('',#1102,#1105,#769,.T.);
#1396=EDGE_CURVE('',#1104,#1101,#984,.T.);
#1397=EDGE_CURVE('',#1105,#1107,#770,.T.);
#1398=EDGE_CURVE('',#1107,#1108,#771,.T.);
#1399=EDGE_CURVE('',#1108,#1105,#985,.T.);
#1400=EDGE_CURVE('',#1108,#1106,#986,.T.);
#1401=EDGE_CURVE('',#1109,#1102,#772,.T.);
#1402=EDGE_CURVE('',#1109,#1094,#97,.T.);
#1403=EDGE_CURVE('',#1093,#1107,#98,.T.);
#1404=EDGE_CURVE('',#1099,#1110,#773,.T.);
#1405=EDGE_CURVE('',#1110,#1109,#774,.T.);
#1406=EDGE_CURVE('',#1098,#1111,#775,.T.);
#1407=EDGE_CURVE('',#1111,#1110,#99,.T.);
#1408=EDGE_CURVE('',#1112,#1113,#987,.T.);
#1409=EDGE_CURVE('',#1113,#1114,#776,.T.);
#1410=EDGE_CURVE('',#1114,#1112,#777,.T.);
#1411=EDGE_CURVE('',#1115,#1116,#988,.T.);
#1412=EDGE_CURVE('',#1116,#1117,#778,.T.);
#1413=EDGE_CURVE('',#1117,#1112,#989,.T.);
#1414=EDGE_CURVE('',#1112,#1115,#779,.T.);
#1415=EDGE_CURVE('',#1118,#1119,#990,.T.);
#1416=EDGE_CURVE('',#1119,#1116,#780,.T.);
#1417=EDGE_CURVE('',#1115,#1118,#781,.T.);
#1418=EDGE_CURVE('',#1117,#1113,#991,.T.);
#1419=EDGE_CURVE('',#1120,#1121,#992,.T.);
#1420=EDGE_CURVE('',#1121,#1122,#782,.T.);
#1421=EDGE_CURVE('',#1122,#1118,#993,.T.);
#1422=EDGE_CURVE('',#1118,#1120,#783,.T.);
#1423=EDGE_CURVE('',#1120,#1123,#784,.T.);
#1424=EDGE_CURVE('',#1123,#1121,#785,.T.);
#1425=EDGE_CURVE('',#1122,#1119,#994,.T.);
#1426=EDGE_CURVE('',#1124,#1117,#100,.T.);
#1427=EDGE_CURVE('',#1125,#1124,#995,.T.);
#1428=EDGE_CURVE('',#1113,#1125,#101,.T.);
#1429=EDGE_CURVE('',#1119,#1126,#102,.T.);
#1430=EDGE_CURVE('',#1126,#1124,#996,.T.);
#1431=EDGE_CURVE('',#1127,#1122,#103,.T.);
#1432=EDGE_CURVE('',#1126,#1127,#997,.T.);
#1433=EDGE_CURVE('',#1127,#1123,#998,.T.);
#1434=EDGE_CURVE('',#1128,#1129,#786,.T.);
#1435=EDGE_CURVE('',#1130,#1128,#104,.T.);
#1436=EDGE_CURVE('',#1130,#1131,#787,.T.);
#1437=EDGE_CURVE('',#1131,#1132,#788,.T.);
#1438=EDGE_CURVE('',#1132,#1133,#789,.T.);
#1439=EDGE_CURVE('',#1133,#1134,#790,.T.);
#1440=EDGE_CURVE('',#1134,#1135,#791,.T.);
#1441=EDGE_CURVE('',#1135,#1136,#792,.T.);
#1442=EDGE_CURVE('',#1129,#1136,#105,.T.);
#1443=EDGE_CURVE('',#1137,#1114,#106,.T.);
#1444=EDGE_CURVE('',#1137,#1138,#793,.T.);
#1445=EDGE_CURVE('',#1139,#1138,#794,.T.);
#1446=EDGE_CURVE('',#1139,#1071,#795,.T.);
#1447=EDGE_CURVE('',#1140,#1070,#107,.T.);
#1448=EDGE_CURVE('',#1140,#1115,#796,.T.);
#1449=EDGE_CURVE('',#1141,#1108,#108,.T.);
#1450=EDGE_CURVE('',#1142,#1141,#999,.T.);
#1451=EDGE_CURVE('',#1106,#1142,#109,.T.);
#1452=EDGE_CURVE('',#1107,#1143,#110,.T.);
#1453=EDGE_CURVE('',#1141,#1143,#1000,.T.);
#1454=EDGE_CURVE('',#1144,#1104,#111,.T.);
#1455=EDGE_CURVE('',#1145,#1144,#1001,.T.);
#1456=EDGE_CURVE('',#1101,#1145,#112,.T.);
#1457=EDGE_CURVE('',#1142,#1144,#1002,.T.);
#1458=EDGE_CURVE('',#1146,#1132,#797,.T.);
#1459=EDGE_CURVE('',#1147,#1146,#798,.T.);
#1460=EDGE_CURVE('',#1148,#1147,#799,.T.);
#1461=EDGE_CURVE('',#1149,#1148,#800,.T.);
#1462=EDGE_CURVE('',#1133,#1149,#801,.T.);
#1463=EDGE_CURVE('',#1150,#1151,#802,.F.);
#1464=EDGE_CURVE('',#1152,#1150,#803,.T.);
#1465=EDGE_CURVE('',#1153,#1152,#1003,.T.);
#1466=EDGE_CURVE('',#1151,#1153,#804,.T.);
#1467=EDGE_CURVE('',#1154,#1135,#1004,.T.);
#1468=EDGE_CURVE('',#1153,#1154,#805,.T.);
#1469=EDGE_CURVE('',#1135,#1152,#806,.T.);
#1470=EDGE_CURVE('',#1155,#1134,#1005,.T.);
#1471=EDGE_CURVE('',#1154,#1155,#807,.T.);
#1472=EDGE_CURVE('',#1156,#1149,#808,.T.);
#1473=EDGE_CURVE('',#1155,#1156,#809,.T.);
#1474=EDGE_CURVE('',#1157,#1158,#810,.T.);
#1475=EDGE_CURVE('',#1157,#1146,#811,.T.);
#1476=EDGE_CURVE('',#1158,#1131,#1006,.T.);
#1477=EDGE_CURVE('',#1159,#1160,#1007,.T.);
#1478=EDGE_CURVE('',#1158,#1159,#812,.T.);
#1479=EDGE_CURVE('',#1160,#1131,#813,.T.);
#1480=EDGE_CURVE('',#1161,#1162,#1008,.T.);
#1481=EDGE_CURVE('',#1159,#1161,#814,.T.);
#1482=EDGE_CURVE('',#1162,#1160,#815,.T.);
#1483=EDGE_CURVE('',#1163,#1164,#816,.T.);
#1484=EDGE_CURVE('',#1161,#1164,#817,.T.);
#1485=EDGE_CURVE('',#1163,#1162,#818,.T.);
#1486=EDGE_CURVE('',#1165,#1164,#113,.T.);
#1487=EDGE_CURVE('',#1165,#1159,#114,.T.);
#1488=EDGE_CURVE('',#1166,#1165,#1009,.T.);
#1489=EDGE_CURVE('',#1166,#1147,#115,.T.);
#1490=EDGE_CURVE('',#1167,#1166,#1010,.T.);
#1491=EDGE_CURVE('',#1167,#1156,#116,.T.);
#1492=EDGE_CURVE('',#1168,#1167,#1011,.T.);
#1493=EDGE_CURVE('',#1168,#1155,#117,.T.);
#1494=EDGE_CURVE('',#1151,#1168,#118,.T.);
#1495=EDGE_CURVE('',#1169,#1170,#819,.F.);
#1496=EDGE_CURVE('',#1171,#1169,#820,.T.);
#1497=EDGE_CURVE('',#1172,#1171,#1012,.T.);
#1498=EDGE_CURVE('',#1170,#1172,#821,.T.);
#1499=EDGE_CURVE('',#1173,#1174,#1013,.T.);
#1500=EDGE_CURVE('',#1172,#1173,#822,.T.);
#1501=EDGE_CURVE('',#1174,#1171,#823,.T.);
#1502=EDGE_CURVE('',#1175,#1176,#1014,.T.);
#1503=EDGE_CURVE('',#1173,#1175,#824,.T.);
#1504=EDGE_CURVE('',#1176,#1174,#825,.T.);
#1505=EDGE_CURVE('',#1177,#1176,#826,.T.);
#1506=EDGE_CURVE('',#1178,#1177,#827,.T.);
#1507=EDGE_CURVE('',#1179,#1178,#828,.T.);
#1508=EDGE_CURVE('',#1175,#1179,#829,.T.);
#1509=EDGE_CURVE('',#1180,#1181,#830,.T.);
#1510=EDGE_CURVE('',#1178,#1180,#831,.T.);
#1511=EDGE_CURVE('',#1182,#1177,#832,.T.);
#1512=EDGE_CURVE('',#1183,#1182,#833,.T.);
#1513=EDGE_CURVE('',#1181,#1183,#834,.T.);
#1514=EDGE_CURVE('',#1184,#1185,#835,.T.);
#1515=EDGE_CURVE('',#1183,#1184,#836,.T.);
#1516=EDGE_CURVE('',#1186,#1182,#837,.T.);
#1517=EDGE_CURVE('',#1185,#1186,#1015,.T.);
#1518=EDGE_CURVE('',#1187,#1188,#1016,.T.);
#1519=EDGE_CURVE('',#1185,#1187,#838,.T.);
#1520=EDGE_CURVE('',#1188,#1186,#839,.T.);
#1521=EDGE_CURVE('',#1189,#1190,#1017,.T.);
#1522=EDGE_CURVE('',#1187,#1189,#840,.T.);
#1523=EDGE_CURVE('',#1191,#1188,#841,.T.);
#1524=EDGE_CURVE('',#1190,#1191,#842,.T.);
#1525=EDGE_CURVE('',#1192,#1193,#843,.T.);
#1526=EDGE_CURVE('',#1189,#1193,#844,.T.);
#1527=EDGE_CURVE('',#1192,#1190,#845,.T.);
#1528=EDGE_CURVE('',#1169,#1194,#846,.T.);
#1529=EDGE_CURVE('',#1195,#1194,#847,.T.);
#1530=EDGE_CURVE('',#1196,#1195,#848,.T.);
#1531=EDGE_CURVE('',#1197,#1196,#119,.T.);
#1532=EDGE_CURVE('',#1197,#1171,#849,.T.);
#1533=EDGE_CURVE('',#1197,#1198,#850,.T.);
#1534=EDGE_CURVE('',#1176,#1198,#851,.T.);
#1535=EDGE_CURVE('',#1199,#1200,#852,.T.);
#1536=EDGE_CURVE('',#1201,#1199,#853,.T.);
#1537=EDGE_CURVE('',#1202,#1201,#854,.T.);
#1538=EDGE_CURVE('',#1203,#1202,#855,.T.);
#1539=EDGE_CURVE('',#1204,#1203,#120,.T.);
#1540=EDGE_CURVE('',#1204,#1188,#856,.T.);
#1541=EDGE_CURVE('',#1200,#1198,#121,.T.);
#1542=EDGE_CURVE('',#1190,#1204,#857,.T.);
#1543=EDGE_CURVE('',#1205,#1204,#122,.T.);
#1544=EDGE_CURVE('',#1206,#1205,#858,.T.);
#1545=EDGE_CURVE('',#1207,#1206,#859,.T.);
#1546=EDGE_CURVE('',#1207,#1192,#860,.T.);
#1547=EDGE_CURVE('',#1208,#1208,#1018,.T.);
#1548=EDGE_CURVE('',#1208,#1209,#123,.T.);
#1549=EDGE_CURVE('',#1209,#1209,#1019,.T.);
#1550=EDGE_CURVE('',#1206,#1195,#861,.T.);
#1551=EDGE_CURVE('',#1194,#1207,#862,.T.);
#1552=EDGE_CURVE('',#1170,#1210,#124,.T.);
#1553=EDGE_CURVE('',#1210,#1211,#1020,.T.);
#1554=EDGE_CURVE('',#1211,#1212,#1021,.T.);
#1555=EDGE_CURVE('',#1212,#1213,#1022,.T.);
#1556=EDGE_CURVE('',#1213,#1193,#125,.T.);
#1557=EDGE_CURVE('',#1214,#1214,#1023,.T.);
#1558=EDGE_CURVE('',#1214,#1215,#126,.T.);
#1559=EDGE_CURVE('',#1215,#1215,#1024,.T.);
#1560=EDGE_CURVE('',#1216,#1217,#863,.T.);
#1561=EDGE_CURVE('',#1217,#1218,#864,.T.);
#1562=EDGE_CURVE('',#1218,#1219,#865,.T.);
#1563=EDGE_CURVE('',#1219,#1216,#866,.T.);
#1564=EDGE_CURVE('',#1219,#1163,#867,.T.);
#1565=EDGE_CURVE('',#1150,#1218,#868,.T.);
#1566=EDGE_CURVE('',#1210,#1173,#127,.T.);
#1567=EDGE_CURVE('',#1211,#1180,#128,.T.);
#1568=EDGE_CURVE('',#1212,#1184,#129,.T.);
#1569=EDGE_CURVE('',#1213,#1185,#130,.T.);
#1570=EDGE_CURVE('',#1162,#1220,#869,.T.);
#1571=EDGE_CURVE('',#1221,#1220,#131,.T.);
#1572=EDGE_CURVE('',#1216,#1221,#870,.T.);
#1573=EDGE_CURVE('',#1222,#1217,#871,.T.);
#1574=EDGE_CURVE('',#1136,#1222,#132,.T.);
#1575=EDGE_CURVE('',#1136,#1152,#872,.T.);
#1576=EDGE_CURVE('',#1220,#1130,#873,.T.);
#1577=EDGE_CURVE('',#1098,#1145,#1025,.T.);
#1578=EDGE_CURVE('',#1198,#1130,#133,.T.);
#1579=EDGE_CURVE('',#1220,#1197,#134,.T.);
#1580=EDGE_CURVE('',#1196,#1221,#135,.T.);
#1581=EDGE_CURVE('',#1201,#1139,#136,.T.);
#1582=EDGE_CURVE('',#1138,#1202,#137,.T.);
#1583=EDGE_CURVE('',#1223,#1137,#138,.T.);
#1584=EDGE_CURVE('',#1223,#1224,#139,.T.);
#1585=EDGE_CURVE('',#1224,#1203,#140,.T.);
#1586=EDGE_CURVE('',#1224,#1205,#141,.T.);
#1587=EDGE_CURVE('',#1225,#1125,#1026,.T.);
#1588=EDGE_CURVE('',#1114,#1225,#142,.T.);
#1589=EDGE_CURVE('',#1120,#1226,#874,.T.);
#1590=EDGE_CURVE('',#1227,#1226,#143,.T.);
#1591=EDGE_CURVE('',#1227,#1123,#875,.T.);
#1592=EDGE_CURVE('',#1225,#1223,#144,.T.);
#1593=EDGE_CURVE('',#1111,#1227,#145,.T.);
#1594=EDGE_CURVE('',#1226,#1228,#146,.T.);
#1595=EDGE_CURVE('',#1110,#1228,#147,.T.);
#1596=EDGE_CURVE('',#1228,#1229,#876,.T.);
#1597=EDGE_CURVE('',#1229,#1109,#148,.T.);
#1598=EDGE_CURVE('',#1140,#1226,#877,.T.);
#1599=EDGE_CURVE('',#1229,#1140,#149,.T.);
#1600=EDGE_CURVE('',#1230,#1128,#150,.T.);
#1601=EDGE_CURVE('',#1231,#1230,#151,.T.);
#1602=EDGE_CURVE('',#1200,#1231,#152,.T.);
#1603=EDGE_CURVE('',#1129,#1232,#153,.T.);
#1604=EDGE_CURVE('',#1233,#1232,#878,.T.);
#1605=EDGE_CURVE('',#1234,#1233,#879,.T.);
#1606=EDGE_CURVE('',#1235,#1234,#880,.T.);
#1607=EDGE_CURVE('',#1236,#1235,#881,.T.);
#1608=EDGE_CURVE('',#1237,#1236,#882,.T.);
#1609=EDGE_CURVE('',#1230,#1237,#883,.T.);
#1610=EDGE_CURVE('',#1222,#1238,#154,.T.);
#1611=EDGE_CURVE('',#1232,#1238,#155,.T.);
#1612=EDGE_CURVE('',#1143,#1096,#156,.T.);
#1613=EDGE_CURVE('',#1239,#1095,#1027,.T.);
#1614=EDGE_CURVE('',#1239,#1240,#1028,.T.);
#1615=EDGE_CURVE('',#1241,#1240,#1029,.T.);
#1616=EDGE_CURVE('',#1079,#1241,#1030,.T.);
#1617=EDGE_CURVE('',#1091,#1076,#157,.T.);
#1618=EDGE_CURVE('',#1242,#1077,#1031,.T.);
#1619=EDGE_CURVE('',#1242,#1243,#1032,.T.);
#1620=EDGE_CURVE('',#1244,#1243,#1033,.T.);
#1621=EDGE_CURVE('',#1245,#1244,#1034,.T.);
#1622=EDGE_CURVE('',#1245,#1246,#158,.T.);
#1623=EDGE_CURVE('',#1246,#1247,#159,.T.);
#1624=EDGE_CURVE('',#1247,#1248,#160,.T.);
#1625=EDGE_CURVE('',#1249,#1248,#884,.T.);
#1626=EDGE_CURVE('',#1249,#1250,#885,.T.);
#1627=EDGE_CURVE('',#1251,#1250,#886,.T.);
#1628=EDGE_CURVE('',#1251,#1252,#161,.T.);
#1629=EDGE_CURVE('',#1253,#1252,#887,.T.);
#1630=EDGE_CURVE('',#1253,#1254,#888,.T.);
#1631=EDGE_CURVE('',#1238,#1254,#889,.T.);
#1632=EDGE_CURVE('',#1255,#1255,#1035,.T.);
#1633=EDGE_CURVE('',#1256,#1256,#1036,.T.);
#1634=EDGE_CURVE('',#1063,#1242,#162,.T.);
#1635=EDGE_CURVE('',#1057,#1244,#163,.T.);
#1636=EDGE_CURVE('',#1243,#1062,#164,.T.);
#1637=EDGE_CURVE('',#1086,#1239,#165,.T.);
#1638=EDGE_CURVE('',#1081,#1241,#166,.T.);
#1639=EDGE_CURVE('',#1240,#1085,#167,.T.);
#1640=EDGE_CURVE('',#1235,#1257,#890,.T.);
#1641=EDGE_CURVE('',#1257,#1258,#891,.T.);
#1642=EDGE_CURVE('',#1258,#1259,#892,.T.);
#1643=EDGE_CURVE('',#1259,#1260,#893,.T.);
#1644=EDGE_CURVE('',#1260,#1236,#894,.T.);
#1645=EDGE_CURVE('',#1261,#1262,#895,.F.);
#1646=EDGE_CURVE('',#1262,#1263,#896,.T.);
#1647=EDGE_CURVE('',#1263,#1264,#1037,.T.);
#1648=EDGE_CURVE('',#1264,#1261,#897,.T.);
#1649=EDGE_CURVE('',#1265,#1233,#1038,.T.);
#1650=EDGE_CURVE('',#1233,#1264,#898,.T.);
#1651=EDGE_CURVE('',#1263,#1265,#899,.T.);
#1652=EDGE_CURVE('',#1266,#1234,#1039,.T.);
#1653=EDGE_CURVE('',#1265,#1266,#900,.T.);
#1654=EDGE_CURVE('',#1266,#1267,#901,.T.);
#1655=EDGE_CURVE('',#1267,#1257,#902,.T.);
#1656=EDGE_CURVE('',#1268,#1269,#903,.T.);
#1657=EDGE_CURVE('',#1269,#1237,#1040,.T.);
#1658=EDGE_CURVE('',#1268,#1260,#904,.T.);
#1659=EDGE_CURVE('',#1270,#1271,#1041,.T.);
#1660=EDGE_CURVE('',#1271,#1237,#905,.T.);
#1661=EDGE_CURVE('',#1269,#1270,#906,.T.);
#1662=EDGE_CURVE('',#1272,#1273,#1042,.T.);
#1663=EDGE_CURVE('',#1273,#1271,#907,.T.);
#1664=EDGE_CURVE('',#1270,#1272,#908,.T.);
#1665=EDGE_CURVE('',#1274,#1275,#909,.T.);
#1666=EDGE_CURVE('',#1274,#1273,#910,.T.);
#1667=EDGE_CURVE('',#1272,#1275,#911,.T.);
#1668=EDGE_CURVE('',#1276,#1270,#168,.T.);
#1669=EDGE_CURVE('',#1276,#1275,#169,.T.);
#1670=EDGE_CURVE('',#1277,#1259,#170,.T.);
#1671=EDGE_CURVE('',#1277,#1276,#1043,.T.);
#1672=EDGE_CURVE('',#1278,#1267,#171,.T.);
#1673=EDGE_CURVE('',#1278,#1277,#1044,.T.);
#1674=EDGE_CURVE('',#1279,#1266,#172,.T.);
#1675=EDGE_CURVE('',#1279,#1278,#1045,.T.);
#1676=EDGE_CURVE('',#1262,#1279,#173,.T.);
#1677=EDGE_CURVE('',#1280,#1281,#912,.F.);
#1678=EDGE_CURVE('',#1281,#1282,#913,.T.);
#1679=EDGE_CURVE('',#1282,#1283,#1046,.T.);
#1680=EDGE_CURVE('',#1283,#1280,#914,.T.);
#1681=EDGE_CURVE('',#1284,#1285,#1047,.T.);
#1682=EDGE_CURVE('',#1285,#1283,#915,.T.);
#1683=EDGE_CURVE('',#1282,#1284,#916,.T.);
#1684=EDGE_CURVE('',#1286,#1287,#1048,.T.);
#1685=EDGE_CURVE('',#1287,#1285,#917,.T.);
#1686=EDGE_CURVE('',#1284,#1286,#918,.T.);
#1687=EDGE_CURVE('',#1288,#1287,#919,.T.);
#1688=EDGE_CURVE('',#1286,#1289,#920,.T.);
#1689=EDGE_CURVE('',#1289,#1290,#921,.T.);
#1690=EDGE_CURVE('',#1290,#1288,#922,.T.);
#1691=EDGE_CURVE('',#1291,#1292,#923,.T.);
#1692=EDGE_CURVE('',#1292,#1293,#924,.T.);
#1693=EDGE_CURVE('',#1293,#1294,#925,.T.);
#1694=EDGE_CURVE('',#1294,#1288,#926,.T.);
#1695=EDGE_CURVE('',#1290,#1291,#927,.T.);
#1696=EDGE_CURVE('',#1295,#1296,#928,.T.);
#1697=EDGE_CURVE('',#1296,#1297,#1049,.T.);
#1698=EDGE_CURVE('',#1297,#1294,#929,.T.);
#1699=EDGE_CURVE('',#1293,#1295,#930,.T.);
#1700=EDGE_CURVE('',#1298,#1299,#1050,.T.);
#1701=EDGE_CURVE('',#1299,#1297,#931,.T.);
#1702=EDGE_CURVE('',#1296,#1298,#932,.T.);
#1703=EDGE_CURVE('',#1300,#1301,#1051,.T.);
#1704=EDGE_CURVE('',#1301,#1302,#933,.T.);
#1705=EDGE_CURVE('',#1302,#1299,#934,.T.);
#1706=EDGE_CURVE('',#1298,#1300,#935,.T.);
#1707=EDGE_CURVE('',#1303,#1304,#936,.T.);
#1708=EDGE_CURVE('',#1303,#1301,#937,.T.);
#1709=EDGE_CURVE('',#1300,#1304,#938,.T.);
#1710=EDGE_CURVE('',#1280,#1305,#939,.T.);
#1711=EDGE_CURVE('',#1306,#1283,#940,.T.);
#1712=EDGE_CURVE('',#1306,#1251,#174,.T.);
#1713=EDGE_CURVE('',#1250,#1305,#941,.T.);
#1714=EDGE_CURVE('',#1287,#1231,#942,.T.);
#1715=EDGE_CURVE('',#1306,#1231,#943,.T.);
#1716=EDGE_CURVE('',#1307,#1299,#944,.T.);
#1717=EDGE_CURVE('',#1307,#1308,#175,.T.);
#1718=EDGE_CURVE('',#1308,#1309,#945,.T.);
#1719=EDGE_CURVE('',#1309,#1310,#946,.T.);
#1720=EDGE_CURVE('',#1310,#1199,#947,.T.);
#1721=EDGE_CURVE('',#1301,#1307,#948,.T.);
#1722=EDGE_CURVE('',#1311,#1303,#949,.T.);
#1723=EDGE_CURVE('',#1311,#1249,#950,.T.);
#1724=EDGE_CURVE('',#1248,#1307,#176,.T.);
#1725=EDGE_CURVE('',#1312,#1312,#1052,.T.);
#1726=EDGE_CURVE('',#1312,#1256,#177,.T.);
#1727=EDGE_CURVE('',#1305,#1311,#951,.T.);
#1728=EDGE_CURVE('',#1313,#1304,#178,.T.);
#1729=EDGE_CURVE('',#1314,#1313,#1053,.T.);
#1730=EDGE_CURVE('',#1315,#1314,#1054,.T.);
#1731=EDGE_CURVE('',#1316,#1315,#1055,.T.);
#1732=EDGE_CURVE('',#1281,#1316,#179,.T.);
#1733=EDGE_CURVE('',#1317,#1317,#1056,.T.);
#1734=EDGE_CURVE('',#1317,#1255,#180,.T.);
#1735=EDGE_CURVE('',#1318,#1253,#952,.T.);
#1736=EDGE_CURVE('',#1319,#1318,#953,.T.);
#1737=EDGE_CURVE('',#1254,#1319,#954,.T.);
#1738=EDGE_CURVE('',#1261,#1319,#955,.T.);
#1739=EDGE_CURVE('',#1318,#1274,#956,.T.);
#1740=EDGE_CURVE('',#1316,#1284,#181,.T.);
#1741=EDGE_CURVE('',#1315,#1291,#182,.T.);
#1742=EDGE_CURVE('',#1314,#1295,#183,.T.);
#1743=EDGE_CURVE('',#1313,#1296,#184,.T.);
#1744=EDGE_CURVE('',#1252,#1320,#185,.T.);
#1745=EDGE_CURVE('',#1273,#1320,#957,.T.);
#1746=EDGE_CURVE('',#1232,#1264,#958,.T.);
#1747=EDGE_CURVE('',#1320,#1230,#959,.T.);
#1748=EDGE_CURVE('',#1320,#1306,#186,.T.);
#1749=EDGE_CURVE('',#1310,#1072,#187,.T.);
#1750=EDGE_CURVE('',#1073,#1309,#188,.T.);
#1751=EDGE_CURVE('',#1247,#1308,#189,.T.);
#1752=EDGE_CURVE('',#1246,#1074,#190,.T.);
#1753=EDGE_CURVE('',#1059,#1245,#191,.T.);
#1754=EDGE_CURVE('',#1090,#1321,#192,.T.);
#1755=EDGE_CURVE('',#1075,#1321,#193,.T.);
#1756=EDGE_CURVE('',#1321,#1322,#960,.T.);
#1757=EDGE_CURVE('',#1322,#1092,#194,.T.);
#1758=EDGE_CURVE('',#1322,#1069,#195,.T.);
#1759=ORIENTED_EDGE('',*,*,#1323,.T.);
#1760=ORIENTED_EDGE('',*,*,#1324,.T.);
#1761=ORIENTED_EDGE('',*,*,#1325,.T.);
#1762=ORIENTED_EDGE('',*,*,#1326,.T.);
#1763=ORIENTED_EDGE('',*,*,#1327,.T.);
#1764=ORIENTED_EDGE('',*,*,#1328,.T.);
#1765=ORIENTED_EDGE('',*,*,#1329,.T.);
#1766=ORIENTED_EDGE('',*,*,#1330,.T.);
#1767=ORIENTED_EDGE('',*,*,#1331,.T.);
#1768=ORIENTED_EDGE('',*,*,#1326,.F.);
#1769=ORIENTED_EDGE('',*,*,#1332,.T.);
#1770=ORIENTED_EDGE('',*,*,#1328,.F.);
#1771=ORIENTED_EDGE('',*,*,#1323,.F.);
#1772=ORIENTED_EDGE('',*,*,#1333,.T.);
#1773=ORIENTED_EDGE('',*,*,#1334,.T.);
#1774=ORIENTED_EDGE('',*,*,#1335,.T.);
#1775=ORIENTED_EDGE('',*,*,#1336,.T.);
#1776=ORIENTED_EDGE('',*,*,#1337,.T.);
#1777=ORIENTED_EDGE('',*,*,#1338,.T.);
#1778=ORIENTED_EDGE('',*,*,#1339,.T.);
#1779=ORIENTED_EDGE('',*,*,#1334,.F.);
#1780=ORIENTED_EDGE('',*,*,#1336,.F.);
#1781=ORIENTED_EDGE('',*,*,#1330,.F.);
#1782=ORIENTED_EDGE('',*,*,#1340,.T.);
#1783=ORIENTED_EDGE('',*,*,#1324,.F.);
#1784=ORIENTED_EDGE('',*,*,#1327,.F.);
#1785=ORIENTED_EDGE('',*,*,#1341,.F.);
#1786=ORIENTED_EDGE('',*,*,#1342,.T.);
#1787=ORIENTED_EDGE('',*,*,#1343,.T.);
#1788=ORIENTED_EDGE('',*,*,#1344,.F.);
#1789=ORIENTED_EDGE('',*,*,#1345,.T.);
#1790=ORIENTED_EDGE('',*,*,#1346,.F.);
#1791=ORIENTED_EDGE('',*,*,#1347,.T.);
#1792=ORIENTED_EDGE('',*,*,#1331,.F.);
#1793=ORIENTED_EDGE('',*,*,#1335,.F.);
#1794=ORIENTED_EDGE('',*,*,#1348,.T.);
#1795=ORIENTED_EDGE('',*,*,#1349,.F.);
#1796=ORIENTED_EDGE('',*,*,#1341,.T.);
#1797=ORIENTED_EDGE('',*,*,#1339,.F.);
#1798=ORIENTED_EDGE('',*,*,#1350,.F.);
#1799=ORIENTED_EDGE('',*,*,#1351,.T.);
#1800=ORIENTED_EDGE('',*,*,#1348,.F.);
#1801=ORIENTED_EDGE('',*,*,#1338,.F.);
#1802=ORIENTED_EDGE('',*,*,#1337,.F.);
#1803=ORIENTED_EDGE('',*,*,#1352,.F.);
#1804=ORIENTED_EDGE('',*,*,#1353,.T.);
#1805=ORIENTED_EDGE('',*,*,#1354,.T.);
#1806=ORIENTED_EDGE('',*,*,#1355,.T.);
#1807=ORIENTED_EDGE('',*,*,#1356,.T.);
#1808=ORIENTED_EDGE('',*,*,#1357,.T.);
#1809=ORIENTED_EDGE('',*,*,#1358,.T.);
#1810=ORIENTED_EDGE('',*,*,#1356,.F.);
#1811=ORIENTED_EDGE('',*,*,#1359,.T.);
#1812=ORIENTED_EDGE('',*,*,#1360,.T.);
#1813=ORIENTED_EDGE('',*,*,#1361,.T.);
#1814=ORIENTED_EDGE('',*,*,#1362,.T.);
#1815=ORIENTED_EDGE('',*,*,#1363,.T.);
#1816=ORIENTED_EDGE('',*,*,#1364,.T.);
#1817=ORIENTED_EDGE('',*,*,#1365,.T.);
#1818=ORIENTED_EDGE('',*,*,#1360,.F.);
#1819=ORIENTED_EDGE('',*,*,#1366,.T.);
#1820=ORIENTED_EDGE('',*,*,#1362,.F.);
#1821=ORIENTED_EDGE('',*,*,#1357,.F.);
#1822=ORIENTED_EDGE('',*,*,#1367,.T.);
#1823=ORIENTED_EDGE('',*,*,#1368,.T.);
#1824=ORIENTED_EDGE('',*,*,#1369,.T.);
#1825=ORIENTED_EDGE('',*,*,#1370,.T.);
#1826=ORIENTED_EDGE('',*,*,#1370,.F.);
#1827=ORIENTED_EDGE('',*,*,#1364,.F.);
#1828=ORIENTED_EDGE('',*,*,#1371,.T.);
#1829=ORIENTED_EDGE('',*,*,#1354,.F.);
#1830=ORIENTED_EDGE('',*,*,#1372,.T.);
#1831=ORIENTED_EDGE('',*,*,#1373,.F.);
#1832=ORIENTED_EDGE('',*,*,#1374,.F.);
#1833=ORIENTED_EDGE('',*,*,#1358,.F.);
#1834=ORIENTED_EDGE('',*,*,#1361,.F.);
#1835=ORIENTED_EDGE('',*,*,#1375,.F.);
#1836=ORIENTED_EDGE('',*,*,#1376,.F.);
#1837=ORIENTED_EDGE('',*,*,#1372,.F.);
#1838=ORIENTED_EDGE('',*,*,#1365,.F.);
#1839=ORIENTED_EDGE('',*,*,#1369,.F.);
#1840=ORIENTED_EDGE('',*,*,#1377,.F.);
#1841=ORIENTED_EDGE('',*,*,#1378,.T.);
#1842=ORIENTED_EDGE('',*,*,#1379,.F.);
#1843=ORIENTED_EDGE('',*,*,#1375,.T.);
#1844=ORIENTED_EDGE('',*,*,#1368,.F.);
#1845=ORIENTED_EDGE('',*,*,#1380,.F.);
#1846=ORIENTED_EDGE('',*,*,#1381,.T.);
#1847=ORIENTED_EDGE('',*,*,#1382,.F.);
#1848=ORIENTED_EDGE('',*,*,#1383,.T.);
#1849=ORIENTED_EDGE('',*,*,#1384,.T.);
#1850=ORIENTED_EDGE('',*,*,#1385,.T.);
#1851=ORIENTED_EDGE('',*,*,#1386,.T.);
#1852=ORIENTED_EDGE('',*,*,#1387,.T.);
#1853=ORIENTED_EDGE('',*,*,#1385,.F.);
#1854=ORIENTED_EDGE('',*,*,#1388,.T.);
#1855=ORIENTED_EDGE('',*,*,#1389,.T.);
#1856=ORIENTED_EDGE('',*,*,#1390,.T.);
#1857=ORIENTED_EDGE('',*,*,#1391,.T.);
#1858=ORIENTED_EDGE('',*,*,#1392,.T.);
#1859=ORIENTED_EDGE('',*,*,#1393,.T.);
#1860=ORIENTED_EDGE('',*,*,#1394,.T.);
#1861=ORIENTED_EDGE('',*,*,#1389,.F.);
#1862=ORIENTED_EDGE('',*,*,#1395,.T.);
#1863=ORIENTED_EDGE('',*,*,#1391,.F.);
#1864=ORIENTED_EDGE('',*,*,#1396,.T.);
#1865=ORIENTED_EDGE('',*,*,#1386,.F.);
#1866=ORIENTED_EDGE('',*,*,#1397,.T.);
#1867=ORIENTED_EDGE('',*,*,#1398,.T.);
#1868=ORIENTED_EDGE('',*,*,#1399,.T.);
#1869=ORIENTED_EDGE('',*,*,#1399,.F.);
#1870=ORIENTED_EDGE('',*,*,#1400,.T.);
#1871=ORIENTED_EDGE('',*,*,#1393,.F.);
#1872=ORIENTED_EDGE('',*,*,#1397,.F.);
#1873=ORIENTED_EDGE('',*,*,#1395,.F.);
#1874=ORIENTED_EDGE('',*,*,#1401,.F.);
#1875=ORIENTED_EDGE('',*,*,#1402,.T.);
#1876=ORIENTED_EDGE('',*,*,#1378,.F.);
#1877=ORIENTED_EDGE('',*,*,#1403,.T.);
#1878=ORIENTED_EDGE('',*,*,#1392,.F.);
#1879=ORIENTED_EDGE('',*,*,#1388,.F.);
#1880=ORIENTED_EDGE('',*,*,#1404,.T.);
#1881=ORIENTED_EDGE('',*,*,#1405,.T.);
#1882=ORIENTED_EDGE('',*,*,#1401,.T.);
#1883=ORIENTED_EDGE('',*,*,#1384,.F.);
#1884=ORIENTED_EDGE('',*,*,#1406,.T.);
#1885=ORIENTED_EDGE('',*,*,#1407,.T.);
#1886=ORIENTED_EDGE('',*,*,#1404,.F.);
#1887=ORIENTED_EDGE('',*,*,#1408,.T.);
#1888=ORIENTED_EDGE('',*,*,#1409,.T.);
#1889=ORIENTED_EDGE('',*,*,#1410,.T.);
#1890=ORIENTED_EDGE('',*,*,#1411,.T.);
#1891=ORIENTED_EDGE('',*,*,#1412,.T.);
#1892=ORIENTED_EDGE('',*,*,#1413,.T.);
#1893=ORIENTED_EDGE('',*,*,#1414,.T.);
#1894=ORIENTED_EDGE('',*,*,#1415,.T.);
#1895=ORIENTED_EDGE('',*,*,#1416,.T.);
#1896=ORIENTED_EDGE('',*,*,#1411,.F.);
#1897=ORIENTED_EDGE('',*,*,#1417,.T.);
#1898=ORIENTED_EDGE('',*,*,#1413,.F.);
#1899=ORIENTED_EDGE('',*,*,#1418,.T.);
#1900=ORIENTED_EDGE('',*,*,#1408,.F.);
#1901=ORIENTED_EDGE('',*,*,#1419,.T.);
#1902=ORIENTED_EDGE('',*,*,#1420,.T.);
#1903=ORIENTED_EDGE('',*,*,#1421,.T.);
#1904=ORIENTED_EDGE('',*,*,#1422,.T.);
#1905=ORIENTED_EDGE('',*,*,#1423,.T.);
#1906=ORIENTED_EDGE('',*,*,#1424,.T.);
#1907=ORIENTED_EDGE('',*,*,#1419,.F.);
#1908=ORIENTED_EDGE('',*,*,#1421,.F.);
#1909=ORIENTED_EDGE('',*,*,#1425,.T.);
#1910=ORIENTED_EDGE('',*,*,#1415,.F.);
#1911=ORIENTED_EDGE('',*,*,#1418,.F.);
#1912=ORIENTED_EDGE('',*,*,#1426,.F.);
#1913=ORIENTED_EDGE('',*,*,#1427,.F.);
#1914=ORIENTED_EDGE('',*,*,#1428,.F.);
#1915=ORIENTED_EDGE('',*,*,#1412,.F.);
#1916=ORIENTED_EDGE('',*,*,#1416,.F.);
#1917=ORIENTED_EDGE('',*,*,#1429,.T.);
#1918=ORIENTED_EDGE('',*,*,#1430,.T.);
#1919=ORIENTED_EDGE('',*,*,#1426,.T.);
#1920=ORIENTED_EDGE('',*,*,#1425,.F.);
#1921=ORIENTED_EDGE('',*,*,#1431,.F.);
#1922=ORIENTED_EDGE('',*,*,#1432,.F.);
#1923=ORIENTED_EDGE('',*,*,#1429,.F.);
#1924=ORIENTED_EDGE('',*,*,#1420,.F.);
#1925=ORIENTED_EDGE('',*,*,#1424,.F.);
#1926=ORIENTED_EDGE('',*,*,#1433,.F.);
#1927=ORIENTED_EDGE('',*,*,#1431,.T.);
#1928=ORIENTED_EDGE('',*,*,#1434,.F.);
#1929=ORIENTED_EDGE('',*,*,#1435,.F.);
#1930=ORIENTED_EDGE('',*,*,#1436,.T.);
#1931=ORIENTED_EDGE('',*,*,#1437,.T.);
#1932=ORIENTED_EDGE('',*,*,#1438,.T.);
#1933=ORIENTED_EDGE('',*,*,#1439,.T.);
#1934=ORIENTED_EDGE('',*,*,#1440,.T.);
#1935=ORIENTED_EDGE('',*,*,#1441,.T.);
#1936=ORIENTED_EDGE('',*,*,#1442,.F.);
#1937=ORIENTED_EDGE('',*,*,#1410,.F.);
#1938=ORIENTED_EDGE('',*,*,#1443,.F.);
#1939=ORIENTED_EDGE('',*,*,#1444,.T.);
#1940=ORIENTED_EDGE('',*,*,#1445,.F.);
#1941=ORIENTED_EDGE('',*,*,#1446,.T.);
#1942=ORIENTED_EDGE('',*,*,#1343,.F.);
#1943=ORIENTED_EDGE('',*,*,#1447,.F.);
#1944=ORIENTED_EDGE('',*,*,#1448,.T.);
#1945=ORIENTED_EDGE('',*,*,#1414,.F.);
#1946=ORIENTED_EDGE('',*,*,#1400,.F.);
#1947=ORIENTED_EDGE('',*,*,#1449,.F.);
#1948=ORIENTED_EDGE('',*,*,#1450,.F.);
#1949=ORIENTED_EDGE('',*,*,#1451,.F.);
#1950=ORIENTED_EDGE('',*,*,#1398,.F.);
#1951=ORIENTED_EDGE('',*,*,#1452,.T.);
#1952=ORIENTED_EDGE('',*,*,#1453,.F.);
#1953=ORIENTED_EDGE('',*,*,#1449,.T.);
#1954=ORIENTED_EDGE('',*,*,#1396,.F.);
#1955=ORIENTED_EDGE('',*,*,#1454,.F.);
#1956=ORIENTED_EDGE('',*,*,#1455,.F.);
#1957=ORIENTED_EDGE('',*,*,#1456,.F.);
#1958=ORIENTED_EDGE('',*,*,#1394,.F.);
#1959=ORIENTED_EDGE('',*,*,#1451,.T.);
#1960=ORIENTED_EDGE('',*,*,#1457,.T.);
#1961=ORIENTED_EDGE('',*,*,#1454,.T.);
#1962=ORIENTED_EDGE('',*,*,#1390,.F.);
#1963=ORIENTED_EDGE('',*,*,#1438,.F.);
#1964=ORIENTED_EDGE('',*,*,#1458,.F.);
#1965=ORIENTED_EDGE('',*,*,#1459,.F.);
#1966=ORIENTED_EDGE('',*,*,#1460,.F.);
#1967=ORIENTED_EDGE('',*,*,#1461,.F.);
#1968=ORIENTED_EDGE('',*,*,#1462,.F.);
#1969=ORIENTED_EDGE('',*,*,#1463,.F.);
#1970=ORIENTED_EDGE('',*,*,#1464,.F.);
#1971=ORIENTED_EDGE('',*,*,#1465,.F.);
#1972=ORIENTED_EDGE('',*,*,#1466,.F.);
#1973=ORIENTED_EDGE('',*,*,#1467,.F.);
#1974=ORIENTED_EDGE('',*,*,#1468,.F.);
#1975=ORIENTED_EDGE('',*,*,#1465,.T.);
#1976=ORIENTED_EDGE('',*,*,#1469,.F.);
#1977=ORIENTED_EDGE('',*,*,#1470,.F.);
#1978=ORIENTED_EDGE('',*,*,#1471,.F.);
#1979=ORIENTED_EDGE('',*,*,#1467,.T.);
#1980=ORIENTED_EDGE('',*,*,#1440,.F.);
#1981=ORIENTED_EDGE('',*,*,#1439,.F.);
#1982=ORIENTED_EDGE('',*,*,#1462,.T.);
#1983=ORIENTED_EDGE('',*,*,#1472,.F.);
#1984=ORIENTED_EDGE('',*,*,#1473,.F.);
#1985=ORIENTED_EDGE('',*,*,#1470,.T.);
#1986=ORIENTED_EDGE('',*,*,#1474,.F.);
#1987=ORIENTED_EDGE('',*,*,#1475,.T.);
#1988=ORIENTED_EDGE('',*,*,#1458,.T.);
#1989=ORIENTED_EDGE('',*,*,#1437,.F.);
#1990=ORIENTED_EDGE('',*,*,#1476,.F.);
#1991=ORIENTED_EDGE('',*,*,#1477,.F.);
#1992=ORIENTED_EDGE('',*,*,#1478,.F.);
#1993=ORIENTED_EDGE('',*,*,#1476,.T.);
#1994=ORIENTED_EDGE('',*,*,#1479,.F.);
#1995=ORIENTED_EDGE('',*,*,#1480,.F.);
#1996=ORIENTED_EDGE('',*,*,#1481,.F.);
#1997=ORIENTED_EDGE('',*,*,#1477,.T.);
#1998=ORIENTED_EDGE('',*,*,#1482,.F.);
#1999=ORIENTED_EDGE('',*,*,#1483,.T.);
#2000=ORIENTED_EDGE('',*,*,#1484,.F.);
#2001=ORIENTED_EDGE('',*,*,#1480,.T.);
#2002=ORIENTED_EDGE('',*,*,#1485,.F.);
#2003=ORIENTED_EDGE('',*,*,#1484,.T.);
#2004=ORIENTED_EDGE('',*,*,#1486,.F.);
#2005=ORIENTED_EDGE('',*,*,#1487,.T.);
#2006=ORIENTED_EDGE('',*,*,#1481,.T.);
#2007=ORIENTED_EDGE('',*,*,#1478,.T.);
#2008=ORIENTED_EDGE('',*,*,#1487,.F.);
#2009=ORIENTED_EDGE('',*,*,#1488,.F.);
#2010=ORIENTED_EDGE('',*,*,#1489,.T.);
#2011=ORIENTED_EDGE('',*,*,#1459,.T.);
#2012=ORIENTED_EDGE('',*,*,#1475,.F.);
#2013=ORIENTED_EDGE('',*,*,#1474,.T.);
#2014=ORIENTED_EDGE('',*,*,#1460,.T.);
#2015=ORIENTED_EDGE('',*,*,#1489,.F.);
#2016=ORIENTED_EDGE('',*,*,#1490,.F.);
#2017=ORIENTED_EDGE('',*,*,#1491,.T.);
#2018=ORIENTED_EDGE('',*,*,#1472,.T.);
#2019=ORIENTED_EDGE('',*,*,#1461,.T.);
#2020=ORIENTED_EDGE('',*,*,#1473,.T.);
#2021=ORIENTED_EDGE('',*,*,#1491,.F.);
#2022=ORIENTED_EDGE('',*,*,#1492,.F.);
#2023=ORIENTED_EDGE('',*,*,#1493,.T.);
#2024=ORIENTED_EDGE('',*,*,#1471,.T.);
#2025=ORIENTED_EDGE('',*,*,#1493,.F.);
#2026=ORIENTED_EDGE('',*,*,#1494,.F.);
#2027=ORIENTED_EDGE('',*,*,#1466,.T.);
#2028=ORIENTED_EDGE('',*,*,#1468,.T.);
#2029=ORIENTED_EDGE('',*,*,#1495,.F.);
#2030=ORIENTED_EDGE('',*,*,#1496,.F.);
#2031=ORIENTED_EDGE('',*,*,#1497,.F.);
#2032=ORIENTED_EDGE('',*,*,#1498,.F.);
#2033=ORIENTED_EDGE('',*,*,#1499,.F.);
#2034=ORIENTED_EDGE('',*,*,#1500,.F.);
#2035=ORIENTED_EDGE('',*,*,#1497,.T.);
#2036=ORIENTED_EDGE('',*,*,#1501,.F.);
#2037=ORIENTED_EDGE('',*,*,#1502,.F.);
#2038=ORIENTED_EDGE('',*,*,#1503,.F.);
#2039=ORIENTED_EDGE('',*,*,#1499,.T.);
#2040=ORIENTED_EDGE('',*,*,#1504,.F.);
#2041=ORIENTED_EDGE('',*,*,#1505,.F.);
#2042=ORIENTED_EDGE('',*,*,#1506,.F.);
#2043=ORIENTED_EDGE('',*,*,#1507,.F.);
#2044=ORIENTED_EDGE('',*,*,#1508,.F.);
#2045=ORIENTED_EDGE('',*,*,#1502,.T.);
#2046=ORIENTED_EDGE('',*,*,#1509,.F.);
#2047=ORIENTED_EDGE('',*,*,#1510,.F.);
#2048=ORIENTED_EDGE('',*,*,#1506,.T.);
#2049=ORIENTED_EDGE('',*,*,#1511,.F.);
#2050=ORIENTED_EDGE('',*,*,#1512,.F.);
#2051=ORIENTED_EDGE('',*,*,#1513,.F.);
#2052=ORIENTED_EDGE('',*,*,#1514,.F.);
#2053=ORIENTED_EDGE('',*,*,#1515,.F.);
#2054=ORIENTED_EDGE('',*,*,#1512,.T.);
#2055=ORIENTED_EDGE('',*,*,#1516,.F.);
#2056=ORIENTED_EDGE('',*,*,#1517,.F.);
#2057=ORIENTED_EDGE('',*,*,#1518,.F.);
#2058=ORIENTED_EDGE('',*,*,#1519,.F.);
#2059=ORIENTED_EDGE('',*,*,#1517,.T.);
#2060=ORIENTED_EDGE('',*,*,#1520,.F.);
#2061=ORIENTED_EDGE('',*,*,#1521,.F.);
#2062=ORIENTED_EDGE('',*,*,#1522,.F.);
#2063=ORIENTED_EDGE('',*,*,#1518,.T.);
#2064=ORIENTED_EDGE('',*,*,#1523,.F.);
#2065=ORIENTED_EDGE('',*,*,#1524,.F.);
#2066=ORIENTED_EDGE('',*,*,#1525,.T.);
#2067=ORIENTED_EDGE('',*,*,#1526,.F.);
#2068=ORIENTED_EDGE('',*,*,#1521,.T.);
#2069=ORIENTED_EDGE('',*,*,#1527,.F.);
#2070=ORIENTED_EDGE('',*,*,#1528,.T.);
#2071=ORIENTED_EDGE('',*,*,#1529,.F.);
#2072=ORIENTED_EDGE('',*,*,#1530,.F.);
#2073=ORIENTED_EDGE('',*,*,#1531,.F.);
#2074=ORIENTED_EDGE('',*,*,#1532,.T.);
#2075=ORIENTED_EDGE('',*,*,#1496,.T.);
#2076=ORIENTED_EDGE('',*,*,#1501,.T.);
#2077=ORIENTED_EDGE('',*,*,#1532,.F.);
#2078=ORIENTED_EDGE('',*,*,#1533,.T.);
#2079=ORIENTED_EDGE('',*,*,#1534,.F.);
#2080=ORIENTED_EDGE('',*,*,#1504,.T.);
#2081=ORIENTED_EDGE('',*,*,#1535,.F.);
#2082=ORIENTED_EDGE('',*,*,#1536,.F.);
#2083=ORIENTED_EDGE('',*,*,#1537,.F.);
#2084=ORIENTED_EDGE('',*,*,#1538,.F.);
#2085=ORIENTED_EDGE('',*,*,#1539,.F.);
#2086=ORIENTED_EDGE('',*,*,#1540,.T.);
#2087=ORIENTED_EDGE('',*,*,#1520,.T.);
#2088=ORIENTED_EDGE('',*,*,#1516,.T.);
#2089=ORIENTED_EDGE('',*,*,#1511,.T.);
#2090=ORIENTED_EDGE('',*,*,#1505,.T.);
#2091=ORIENTED_EDGE('',*,*,#1534,.T.);
#2092=ORIENTED_EDGE('',*,*,#1541,.F.);
#2093=ORIENTED_EDGE('',*,*,#1523,.T.);
#2094=ORIENTED_EDGE('',*,*,#1540,.F.);
#2095=ORIENTED_EDGE('',*,*,#1542,.F.);
#2096=ORIENTED_EDGE('',*,*,#1524,.T.);
#2097=ORIENTED_EDGE('',*,*,#1527,.T.);
#2098=ORIENTED_EDGE('',*,*,#1542,.T.);
#2099=ORIENTED_EDGE('',*,*,#1543,.F.);
#2100=ORIENTED_EDGE('',*,*,#1544,.F.);
#2101=ORIENTED_EDGE('',*,*,#1545,.F.);
#2102=ORIENTED_EDGE('',*,*,#1546,.T.);
#2103=ORIENTED_EDGE('',*,*,#1547,.T.);
#2104=ORIENTED_EDGE('',*,*,#1548,.T.);
#2105=ORIENTED_EDGE('',*,*,#1549,.T.);
#2106=ORIENTED_EDGE('',*,*,#1548,.F.);
#2107=ORIENTED_EDGE('',*,*,#1550,.T.);
#2108=ORIENTED_EDGE('',*,*,#1529,.T.);
#2109=ORIENTED_EDGE('',*,*,#1551,.T.);
#2110=ORIENTED_EDGE('',*,*,#1545,.T.);
#2111=ORIENTED_EDGE('',*,*,#1551,.F.);
#2112=ORIENTED_EDGE('',*,*,#1528,.F.);
#2113=ORIENTED_EDGE('',*,*,#1495,.T.);
#2114=ORIENTED_EDGE('',*,*,#1552,.T.);
#2115=ORIENTED_EDGE('',*,*,#1553,.T.);
#2116=ORIENTED_EDGE('',*,*,#1554,.T.);
#2117=ORIENTED_EDGE('',*,*,#1555,.T.);
#2118=ORIENTED_EDGE('',*,*,#1556,.T.);
#2119=ORIENTED_EDGE('',*,*,#1525,.F.);
#2120=ORIENTED_EDGE('',*,*,#1546,.F.);
#2121=ORIENTED_EDGE('',*,*,#1547,.F.);
#2122=ORIENTED_EDGE('',*,*,#1557,.T.);
#2123=ORIENTED_EDGE('',*,*,#1558,.T.);
#2124=ORIENTED_EDGE('',*,*,#1559,.T.);
#2125=ORIENTED_EDGE('',*,*,#1558,.F.);
#2126=ORIENTED_EDGE('',*,*,#1560,.T.);
#2127=ORIENTED_EDGE('',*,*,#1561,.T.);
#2128=ORIENTED_EDGE('',*,*,#1562,.T.);
#2129=ORIENTED_EDGE('',*,*,#1563,.T.);
#2130=ORIENTED_EDGE('',*,*,#1492,.T.);
#2131=ORIENTED_EDGE('',*,*,#1490,.T.);
#2132=ORIENTED_EDGE('',*,*,#1488,.T.);
#2133=ORIENTED_EDGE('',*,*,#1486,.T.);
#2134=ORIENTED_EDGE('',*,*,#1483,.F.);
#2135=ORIENTED_EDGE('',*,*,#1564,.F.);
#2136=ORIENTED_EDGE('',*,*,#1562,.F.);
#2137=ORIENTED_EDGE('',*,*,#1565,.F.);
#2138=ORIENTED_EDGE('',*,*,#1463,.T.);
#2139=ORIENTED_EDGE('',*,*,#1494,.T.);
#2140=ORIENTED_EDGE('',*,*,#1557,.F.);
#2141=ORIENTED_EDGE('',*,*,#1498,.T.);
#2142=ORIENTED_EDGE('',*,*,#1500,.T.);
#2143=ORIENTED_EDGE('',*,*,#1566,.F.);
#2144=ORIENTED_EDGE('',*,*,#1552,.F.);
#2145=ORIENTED_EDGE('',*,*,#1503,.T.);
#2146=ORIENTED_EDGE('',*,*,#1508,.T.);
#2147=ORIENTED_EDGE('',*,*,#1507,.T.);
#2148=ORIENTED_EDGE('',*,*,#1510,.T.);
#2149=ORIENTED_EDGE('',*,*,#1567,.F.);
#2150=ORIENTED_EDGE('',*,*,#1553,.F.);
#2151=ORIENTED_EDGE('',*,*,#1566,.T.);
#2152=ORIENTED_EDGE('',*,*,#1509,.T.);
#2153=ORIENTED_EDGE('',*,*,#1513,.T.);
#2154=ORIENTED_EDGE('',*,*,#1515,.T.);
#2155=ORIENTED_EDGE('',*,*,#1568,.F.);
#2156=ORIENTED_EDGE('',*,*,#1554,.F.);
#2157=ORIENTED_EDGE('',*,*,#1567,.T.);
#2158=ORIENTED_EDGE('',*,*,#1514,.T.);
#2159=ORIENTED_EDGE('',*,*,#1569,.F.);
#2160=ORIENTED_EDGE('',*,*,#1555,.F.);
#2161=ORIENTED_EDGE('',*,*,#1568,.T.);
#2162=ORIENTED_EDGE('',*,*,#1519,.T.);
#2163=ORIENTED_EDGE('',*,*,#1522,.T.);
#2164=ORIENTED_EDGE('',*,*,#1526,.T.);
#2165=ORIENTED_EDGE('',*,*,#1556,.F.);
#2166=ORIENTED_EDGE('',*,*,#1569,.T.);
#2167=ORIENTED_EDGE('',*,*,#1564,.T.);
#2168=ORIENTED_EDGE('',*,*,#1485,.T.);
#2169=ORIENTED_EDGE('',*,*,#1570,.T.);
#2170=ORIENTED_EDGE('',*,*,#1571,.F.);
#2171=ORIENTED_EDGE('',*,*,#1572,.F.);
#2172=ORIENTED_EDGE('',*,*,#1563,.F.);
#2173=ORIENTED_EDGE('',*,*,#1464,.T.);
#2174=ORIENTED_EDGE('',*,*,#1565,.T.);
#2175=ORIENTED_EDGE('',*,*,#1561,.F.);
#2176=ORIENTED_EDGE('',*,*,#1573,.F.);
#2177=ORIENTED_EDGE('',*,*,#1574,.F.);
#2178=ORIENTED_EDGE('',*,*,#1575,.T.);
#2179=ORIENTED_EDGE('',*,*,#1482,.T.);
#2180=ORIENTED_EDGE('',*,*,#1479,.T.);
#2181=ORIENTED_EDGE('',*,*,#1436,.F.);
#2182=ORIENTED_EDGE('',*,*,#1576,.F.);
#2183=ORIENTED_EDGE('',*,*,#1570,.F.);
#2184=ORIENTED_EDGE('',*,*,#1469,.T.);
#2185=ORIENTED_EDGE('',*,*,#1575,.F.);
#2186=ORIENTED_EDGE('',*,*,#1441,.F.);
#2187=ORIENTED_EDGE('',*,*,#1387,.F.);
#2188=ORIENTED_EDGE('',*,*,#1456,.T.);
#2189=ORIENTED_EDGE('',*,*,#1577,.F.);
#2190=ORIENTED_EDGE('',*,*,#1383,.F.);
#2191=ORIENTED_EDGE('',*,*,#1576,.T.);
#2192=ORIENTED_EDGE('',*,*,#1578,.F.);
#2193=ORIENTED_EDGE('',*,*,#1533,.F.);
#2194=ORIENTED_EDGE('',*,*,#1579,.F.);
#2195=ORIENTED_EDGE('',*,*,#1579,.T.);
#2196=ORIENTED_EDGE('',*,*,#1531,.T.);
#2197=ORIENTED_EDGE('',*,*,#1580,.T.);
#2198=ORIENTED_EDGE('',*,*,#1571,.T.);
#2199=ORIENTED_EDGE('',*,*,#1537,.T.);
#2200=ORIENTED_EDGE('',*,*,#1581,.T.);
#2201=ORIENTED_EDGE('',*,*,#1445,.T.);
#2202=ORIENTED_EDGE('',*,*,#1582,.T.);
#2203=ORIENTED_EDGE('',*,*,#1538,.T.);
#2204=ORIENTED_EDGE('',*,*,#1582,.F.);
#2205=ORIENTED_EDGE('',*,*,#1444,.F.);
#2206=ORIENTED_EDGE('',*,*,#1583,.F.);
#2207=ORIENTED_EDGE('',*,*,#1584,.T.);
#2208=ORIENTED_EDGE('',*,*,#1585,.T.);
#2209=ORIENTED_EDGE('',*,*,#1543,.T.);
#2210=ORIENTED_EDGE('',*,*,#1539,.T.);
#2211=ORIENTED_EDGE('',*,*,#1585,.F.);
#2212=ORIENTED_EDGE('',*,*,#1586,.T.);
#2213=ORIENTED_EDGE('',*,*,#1409,.F.);
#2214=ORIENTED_EDGE('',*,*,#1428,.T.);
#2215=ORIENTED_EDGE('',*,*,#1587,.F.);
#2216=ORIENTED_EDGE('',*,*,#1588,.F.);
#2217=ORIENTED_EDGE('',*,*,#1423,.F.);
#2218=ORIENTED_EDGE('',*,*,#1589,.T.);
#2219=ORIENTED_EDGE('',*,*,#1590,.F.);
#2220=ORIENTED_EDGE('',*,*,#1591,.T.);
#2221=ORIENTED_EDGE('',*,*,#1588,.T.);
#2222=ORIENTED_EDGE('',*,*,#1592,.T.);
#2223=ORIENTED_EDGE('',*,*,#1583,.T.);
#2224=ORIENTED_EDGE('',*,*,#1443,.T.);
#2225=ORIENTED_EDGE('',*,*,#1593,.T.);
#2226=ORIENTED_EDGE('',*,*,#1590,.T.);
#2227=ORIENTED_EDGE('',*,*,#1594,.T.);
#2228=ORIENTED_EDGE('',*,*,#1595,.F.);
#2229=ORIENTED_EDGE('',*,*,#1407,.F.);
#2230=ORIENTED_EDGE('',*,*,#1596,.T.);
#2231=ORIENTED_EDGE('',*,*,#1597,.T.);
#2232=ORIENTED_EDGE('',*,*,#1405,.F.);
#2233=ORIENTED_EDGE('',*,*,#1595,.T.);
#2234=ORIENTED_EDGE('',*,*,#1596,.F.);
#2235=ORIENTED_EDGE('',*,*,#1594,.F.);
#2236=ORIENTED_EDGE('',*,*,#1598,.F.);
#2237=ORIENTED_EDGE('',*,*,#1599,.F.);
#2238=ORIENTED_EDGE('',*,*,#1417,.F.);
#2239=ORIENTED_EDGE('',*,*,#1448,.F.);
#2240=ORIENTED_EDGE('',*,*,#1598,.T.);
#2241=ORIENTED_EDGE('',*,*,#1589,.F.);
#2242=ORIENTED_EDGE('',*,*,#1422,.F.);
#2243=ORIENTED_EDGE('',*,*,#1600,.F.);
#2244=ORIENTED_EDGE('',*,*,#1601,.F.);
#2245=ORIENTED_EDGE('',*,*,#1602,.F.);
#2246=ORIENTED_EDGE('',*,*,#1541,.T.);
#2247=ORIENTED_EDGE('',*,*,#1578,.T.);
#2248=ORIENTED_EDGE('',*,*,#1435,.T.);
#2249=ORIENTED_EDGE('',*,*,#1434,.T.);
#2250=ORIENTED_EDGE('',*,*,#1603,.T.);
#2251=ORIENTED_EDGE('',*,*,#1604,.F.);
#2252=ORIENTED_EDGE('',*,*,#1605,.F.);
#2253=ORIENTED_EDGE('',*,*,#1606,.F.);
#2254=ORIENTED_EDGE('',*,*,#1607,.F.);
#2255=ORIENTED_EDGE('',*,*,#1608,.F.);
#2256=ORIENTED_EDGE('',*,*,#1609,.F.);
#2257=ORIENTED_EDGE('',*,*,#1600,.T.);
#2258=ORIENTED_EDGE('',*,*,#1610,.T.);
#2259=ORIENTED_EDGE('',*,*,#1611,.F.);
#2260=ORIENTED_EDGE('',*,*,#1603,.F.);
#2261=ORIENTED_EDGE('',*,*,#1442,.T.);
#2262=ORIENTED_EDGE('',*,*,#1574,.T.);
#2263=ORIENTED_EDGE('',*,*,#1612,.T.);
#2264=ORIENTED_EDGE('',*,*,#1381,.F.);
#2265=ORIENTED_EDGE('',*,*,#1613,.F.);
#2266=ORIENTED_EDGE('',*,*,#1614,.T.);
#2267=ORIENTED_EDGE('',*,*,#1615,.F.);
#2268=ORIENTED_EDGE('',*,*,#1616,.F.);
#2269=ORIENTED_EDGE('',*,*,#1374,.T.);
#2270=ORIENTED_EDGE('',*,*,#1617,.T.);
#2271=ORIENTED_EDGE('',*,*,#1350,.T.);
#2272=ORIENTED_EDGE('',*,*,#1353,.F.);
#2273=ORIENTED_EDGE('',*,*,#1618,.F.);
#2274=ORIENTED_EDGE('',*,*,#1619,.T.);
#2275=ORIENTED_EDGE('',*,*,#1620,.F.);
#2276=ORIENTED_EDGE('',*,*,#1621,.F.);
#2277=ORIENTED_EDGE('',*,*,#1622,.T.);
#2278=ORIENTED_EDGE('',*,*,#1623,.T.);
#2279=ORIENTED_EDGE('',*,*,#1624,.T.);
#2280=ORIENTED_EDGE('',*,*,#1625,.F.);
#2281=ORIENTED_EDGE('',*,*,#1626,.T.);
#2282=ORIENTED_EDGE('',*,*,#1627,.F.);
#2283=ORIENTED_EDGE('',*,*,#1628,.T.);
#2284=ORIENTED_EDGE('',*,*,#1629,.F.);
#2285=ORIENTED_EDGE('',*,*,#1630,.T.);
#2286=ORIENTED_EDGE('',*,*,#1631,.F.);
#2287=ORIENTED_EDGE('',*,*,#1610,.F.);
#2288=ORIENTED_EDGE('',*,*,#1573,.T.);
#2289=ORIENTED_EDGE('',*,*,#1560,.F.);
#2290=ORIENTED_EDGE('',*,*,#1572,.T.);
#2291=ORIENTED_EDGE('',*,*,#1580,.F.);
#2292=ORIENTED_EDGE('',*,*,#1530,.T.);
#2293=ORIENTED_EDGE('',*,*,#1550,.F.);
#2294=ORIENTED_EDGE('',*,*,#1544,.T.);
#2295=ORIENTED_EDGE('',*,*,#1586,.F.);
#2296=ORIENTED_EDGE('',*,*,#1584,.F.);
#2297=ORIENTED_EDGE('',*,*,#1592,.F.);
#2298=ORIENTED_EDGE('',*,*,#1587,.T.);
#2299=ORIENTED_EDGE('',*,*,#1427,.T.);
#2300=ORIENTED_EDGE('',*,*,#1430,.F.);
#2301=ORIENTED_EDGE('',*,*,#1432,.T.);
#2302=ORIENTED_EDGE('',*,*,#1433,.T.);
#2303=ORIENTED_EDGE('',*,*,#1591,.F.);
#2304=ORIENTED_EDGE('',*,*,#1593,.F.);
#2305=ORIENTED_EDGE('',*,*,#1406,.F.);
#2306=ORIENTED_EDGE('',*,*,#1577,.T.);
#2307=ORIENTED_EDGE('',*,*,#1455,.T.);
#2308=ORIENTED_EDGE('',*,*,#1457,.F.);
#2309=ORIENTED_EDGE('',*,*,#1450,.T.);
#2310=ORIENTED_EDGE('',*,*,#1453,.T.);
#2311=ORIENTED_EDGE('',*,*,#1549,.F.);
#2312=ORIENTED_EDGE('',*,*,#1559,.F.);
#2313=ORIENTED_EDGE('',*,*,#1632,.T.);
#2314=ORIENTED_EDGE('',*,*,#1633,.T.);
#2315=ORIENTED_EDGE('',*,*,#1377,.T.);
#2316=ORIENTED_EDGE('',*,*,#1382,.T.);
#2317=ORIENTED_EDGE('',*,*,#1612,.F.);
#2318=ORIENTED_EDGE('',*,*,#1452,.F.);
#2319=ORIENTED_EDGE('',*,*,#1403,.F.);
#2320=ORIENTED_EDGE('',*,*,#1340,.F.);
#2321=ORIENTED_EDGE('',*,*,#1634,.T.);
#2322=ORIENTED_EDGE('',*,*,#1618,.T.);
#2323=ORIENTED_EDGE('',*,*,#1352,.T.);
#2324=ORIENTED_EDGE('',*,*,#1333,.F.);
#2325=ORIENTED_EDGE('',*,*,#1635,.T.);
#2326=ORIENTED_EDGE('',*,*,#1620,.T.);
#2327=ORIENTED_EDGE('',*,*,#1636,.T.);
#2328=ORIENTED_EDGE('',*,*,#1329,.F.);
#2329=ORIENTED_EDGE('',*,*,#1636,.F.);
#2330=ORIENTED_EDGE('',*,*,#1619,.F.);
#2331=ORIENTED_EDGE('',*,*,#1634,.F.);
#2332=ORIENTED_EDGE('',*,*,#1332,.F.);
#2333=ORIENTED_EDGE('',*,*,#1371,.F.);
#2334=ORIENTED_EDGE('',*,*,#1637,.T.);
#2335=ORIENTED_EDGE('',*,*,#1613,.T.);
#2336=ORIENTED_EDGE('',*,*,#1380,.T.);
#2337=ORIENTED_EDGE('',*,*,#1367,.F.);
#2338=ORIENTED_EDGE('',*,*,#1638,.T.);
#2339=ORIENTED_EDGE('',*,*,#1615,.T.);
#2340=ORIENTED_EDGE('',*,*,#1639,.T.);
#2341=ORIENTED_EDGE('',*,*,#1363,.F.);
#2342=ORIENTED_EDGE('',*,*,#1639,.F.);
#2343=ORIENTED_EDGE('',*,*,#1614,.F.);
#2344=ORIENTED_EDGE('',*,*,#1637,.F.);
#2345=ORIENTED_EDGE('',*,*,#1366,.F.);
#2346=ORIENTED_EDGE('',*,*,#1607,.T.);
#2347=ORIENTED_EDGE('',*,*,#1640,.T.);
#2348=ORIENTED_EDGE('',*,*,#1641,.T.);
#2349=ORIENTED_EDGE('',*,*,#1642,.T.);
#2350=ORIENTED_EDGE('',*,*,#1643,.T.);
#2351=ORIENTED_EDGE('',*,*,#1644,.T.);
#2352=ORIENTED_EDGE('',*,*,#1645,.T.);
#2353=ORIENTED_EDGE('',*,*,#1646,.T.);
#2354=ORIENTED_EDGE('',*,*,#1647,.T.);
#2355=ORIENTED_EDGE('',*,*,#1648,.T.);
#2356=ORIENTED_EDGE('',*,*,#1649,.T.);
#2357=ORIENTED_EDGE('',*,*,#1650,.T.);
#2358=ORIENTED_EDGE('',*,*,#1647,.F.);
#2359=ORIENTED_EDGE('',*,*,#1651,.T.);
#2360=ORIENTED_EDGE('',*,*,#1652,.T.);
#2361=ORIENTED_EDGE('',*,*,#1605,.T.);
#2362=ORIENTED_EDGE('',*,*,#1649,.F.);
#2363=ORIENTED_EDGE('',*,*,#1653,.T.);
#2364=ORIENTED_EDGE('',*,*,#1606,.T.);
#2365=ORIENTED_EDGE('',*,*,#1652,.F.);
#2366=ORIENTED_EDGE('',*,*,#1654,.T.);
#2367=ORIENTED_EDGE('',*,*,#1655,.T.);
#2368=ORIENTED_EDGE('',*,*,#1640,.F.);
#2369=ORIENTED_EDGE('',*,*,#1656,.T.);
#2370=ORIENTED_EDGE('',*,*,#1657,.T.);
#2371=ORIENTED_EDGE('',*,*,#1608,.T.);
#2372=ORIENTED_EDGE('',*,*,#1644,.F.);
#2373=ORIENTED_EDGE('',*,*,#1658,.F.);
#2374=ORIENTED_EDGE('',*,*,#1659,.T.);
#2375=ORIENTED_EDGE('',*,*,#1660,.T.);
#2376=ORIENTED_EDGE('',*,*,#1657,.F.);
#2377=ORIENTED_EDGE('',*,*,#1661,.T.);
#2378=ORIENTED_EDGE('',*,*,#1662,.T.);
#2379=ORIENTED_EDGE('',*,*,#1663,.T.);
#2380=ORIENTED_EDGE('',*,*,#1659,.F.);
#2381=ORIENTED_EDGE('',*,*,#1664,.T.);
#2382=ORIENTED_EDGE('',*,*,#1665,.F.);
#2383=ORIENTED_EDGE('',*,*,#1666,.T.);
#2384=ORIENTED_EDGE('',*,*,#1662,.F.);
#2385=ORIENTED_EDGE('',*,*,#1667,.T.);
#2386=ORIENTED_EDGE('',*,*,#1667,.F.);
#2387=ORIENTED_EDGE('',*,*,#1664,.F.);
#2388=ORIENTED_EDGE('',*,*,#1668,.F.);
#2389=ORIENTED_EDGE('',*,*,#1669,.T.);
#2390=ORIENTED_EDGE('',*,*,#1661,.F.);
#2391=ORIENTED_EDGE('',*,*,#1656,.F.);
#2392=ORIENTED_EDGE('',*,*,#1658,.T.);
#2393=ORIENTED_EDGE('',*,*,#1643,.F.);
#2394=ORIENTED_EDGE('',*,*,#1670,.F.);
#2395=ORIENTED_EDGE('',*,*,#1671,.T.);
#2396=ORIENTED_EDGE('',*,*,#1668,.T.);
#2397=ORIENTED_EDGE('',*,*,#1642,.F.);
#2398=ORIENTED_EDGE('',*,*,#1641,.F.);
#2399=ORIENTED_EDGE('',*,*,#1655,.F.);
#2400=ORIENTED_EDGE('',*,*,#1672,.F.);
#2401=ORIENTED_EDGE('',*,*,#1673,.T.);
#2402=ORIENTED_EDGE('',*,*,#1670,.T.);
#2403=ORIENTED_EDGE('',*,*,#1654,.F.);
#2404=ORIENTED_EDGE('',*,*,#1674,.F.);
#2405=ORIENTED_EDGE('',*,*,#1675,.T.);
#2406=ORIENTED_EDGE('',*,*,#1672,.T.);
#2407=ORIENTED_EDGE('',*,*,#1653,.F.);
#2408=ORIENTED_EDGE('',*,*,#1651,.F.);
#2409=ORIENTED_EDGE('',*,*,#1646,.F.);
#2410=ORIENTED_EDGE('',*,*,#1676,.T.);
#2411=ORIENTED_EDGE('',*,*,#1674,.T.);
#2412=ORIENTED_EDGE('',*,*,#1677,.T.);
#2413=ORIENTED_EDGE('',*,*,#1678,.T.);
#2414=ORIENTED_EDGE('',*,*,#1679,.T.);
#2415=ORIENTED_EDGE('',*,*,#1680,.T.);
#2416=ORIENTED_EDGE('',*,*,#1681,.T.);
#2417=ORIENTED_EDGE('',*,*,#1682,.T.);
#2418=ORIENTED_EDGE('',*,*,#1679,.F.);
#2419=ORIENTED_EDGE('',*,*,#1683,.T.);
#2420=ORIENTED_EDGE('',*,*,#1684,.T.);
#2421=ORIENTED_EDGE('',*,*,#1685,.T.);
#2422=ORIENTED_EDGE('',*,*,#1681,.F.);
#2423=ORIENTED_EDGE('',*,*,#1686,.T.);
#2424=ORIENTED_EDGE('',*,*,#1687,.T.);
#2425=ORIENTED_EDGE('',*,*,#1684,.F.);
#2426=ORIENTED_EDGE('',*,*,#1688,.T.);
#2427=ORIENTED_EDGE('',*,*,#1689,.T.);
#2428=ORIENTED_EDGE('',*,*,#1690,.T.);
#2429=ORIENTED_EDGE('',*,*,#1691,.T.);
#2430=ORIENTED_EDGE('',*,*,#1692,.T.);
#2431=ORIENTED_EDGE('',*,*,#1693,.T.);
#2432=ORIENTED_EDGE('',*,*,#1694,.T.);
#2433=ORIENTED_EDGE('',*,*,#1690,.F.);
#2434=ORIENTED_EDGE('',*,*,#1695,.T.);
#2435=ORIENTED_EDGE('',*,*,#1696,.T.);
#2436=ORIENTED_EDGE('',*,*,#1697,.T.);
#2437=ORIENTED_EDGE('',*,*,#1698,.T.);
#2438=ORIENTED_EDGE('',*,*,#1693,.F.);
#2439=ORIENTED_EDGE('',*,*,#1699,.T.);
#2440=ORIENTED_EDGE('',*,*,#1700,.T.);
#2441=ORIENTED_EDGE('',*,*,#1701,.T.);
#2442=ORIENTED_EDGE('',*,*,#1697,.F.);
#2443=ORIENTED_EDGE('',*,*,#1702,.T.);
#2444=ORIENTED_EDGE('',*,*,#1703,.T.);
#2445=ORIENTED_EDGE('',*,*,#1704,.T.);
#2446=ORIENTED_EDGE('',*,*,#1705,.T.);
#2447=ORIENTED_EDGE('',*,*,#1700,.F.);
#2448=ORIENTED_EDGE('',*,*,#1706,.T.);
#2449=ORIENTED_EDGE('',*,*,#1707,.F.);
#2450=ORIENTED_EDGE('',*,*,#1708,.T.);
#2451=ORIENTED_EDGE('',*,*,#1703,.F.);
#2452=ORIENTED_EDGE('',*,*,#1709,.T.);
#2453=ORIENTED_EDGE('',*,*,#1710,.F.);
#2454=ORIENTED_EDGE('',*,*,#1680,.F.);
#2455=ORIENTED_EDGE('',*,*,#1711,.F.);
#2456=ORIENTED_EDGE('',*,*,#1712,.T.);
#2457=ORIENTED_EDGE('',*,*,#1627,.T.);
#2458=ORIENTED_EDGE('',*,*,#1713,.T.);
#2459=ORIENTED_EDGE('',*,*,#1682,.F.);
#2460=ORIENTED_EDGE('',*,*,#1685,.F.);
#2461=ORIENTED_EDGE('',*,*,#1714,.T.);
#2462=ORIENTED_EDGE('',*,*,#1715,.F.);
#2463=ORIENTED_EDGE('',*,*,#1711,.T.);
#2464=ORIENTED_EDGE('',*,*,#1535,.T.);
#2465=ORIENTED_EDGE('',*,*,#1602,.T.);
#2466=ORIENTED_EDGE('',*,*,#1714,.F.);
#2467=ORIENTED_EDGE('',*,*,#1687,.F.);
#2468=ORIENTED_EDGE('',*,*,#1694,.F.);
#2469=ORIENTED_EDGE('',*,*,#1698,.F.);
#2470=ORIENTED_EDGE('',*,*,#1701,.F.);
#2471=ORIENTED_EDGE('',*,*,#1716,.F.);
#2472=ORIENTED_EDGE('',*,*,#1717,.T.);
#2473=ORIENTED_EDGE('',*,*,#1718,.T.);
#2474=ORIENTED_EDGE('',*,*,#1719,.T.);
#2475=ORIENTED_EDGE('',*,*,#1720,.T.);
#2476=ORIENTED_EDGE('',*,*,#1705,.F.);
#2477=ORIENTED_EDGE('',*,*,#1704,.F.);
#2478=ORIENTED_EDGE('',*,*,#1721,.T.);
#2479=ORIENTED_EDGE('',*,*,#1716,.T.);
#2480=ORIENTED_EDGE('',*,*,#1708,.F.);
#2481=ORIENTED_EDGE('',*,*,#1722,.F.);
#2482=ORIENTED_EDGE('',*,*,#1723,.T.);
#2483=ORIENTED_EDGE('',*,*,#1625,.T.);
#2484=ORIENTED_EDGE('',*,*,#1724,.T.);
#2485=ORIENTED_EDGE('',*,*,#1721,.F.);
#2486=ORIENTED_EDGE('',*,*,#1725,.F.);
#2487=ORIENTED_EDGE('',*,*,#1726,.T.);
#2488=ORIENTED_EDGE('',*,*,#1633,.F.);
#2489=ORIENTED_EDGE('',*,*,#1726,.F.);
#2490=ORIENTED_EDGE('',*,*,#1626,.F.);
#2491=ORIENTED_EDGE('',*,*,#1723,.F.);
#2492=ORIENTED_EDGE('',*,*,#1727,.F.);
#2493=ORIENTED_EDGE('',*,*,#1713,.F.);
#2494=ORIENTED_EDGE('',*,*,#1727,.T.);
#2495=ORIENTED_EDGE('',*,*,#1722,.T.);
#2496=ORIENTED_EDGE('',*,*,#1707,.T.);
#2497=ORIENTED_EDGE('',*,*,#1728,.F.);
#2498=ORIENTED_EDGE('',*,*,#1729,.F.);
#2499=ORIENTED_EDGE('',*,*,#1730,.F.);
#2500=ORIENTED_EDGE('',*,*,#1731,.F.);
#2501=ORIENTED_EDGE('',*,*,#1732,.F.);
#2502=ORIENTED_EDGE('',*,*,#1677,.F.);
#2503=ORIENTED_EDGE('',*,*,#1710,.T.);
#2504=ORIENTED_EDGE('',*,*,#1725,.T.);
#2505=ORIENTED_EDGE('',*,*,#1733,.F.);
#2506=ORIENTED_EDGE('',*,*,#1734,.T.);
#2507=ORIENTED_EDGE('',*,*,#1632,.F.);
#2508=ORIENTED_EDGE('',*,*,#1734,.F.);
#2509=ORIENTED_EDGE('',*,*,#1630,.F.);
#2510=ORIENTED_EDGE('',*,*,#1735,.F.);
#2511=ORIENTED_EDGE('',*,*,#1736,.F.);
#2512=ORIENTED_EDGE('',*,*,#1737,.F.);
#2513=ORIENTED_EDGE('',*,*,#1675,.F.);
#2514=ORIENTED_EDGE('',*,*,#1676,.F.);
#2515=ORIENTED_EDGE('',*,*,#1645,.F.);
#2516=ORIENTED_EDGE('',*,*,#1738,.T.);
#2517=ORIENTED_EDGE('',*,*,#1736,.T.);
#2518=ORIENTED_EDGE('',*,*,#1739,.T.);
#2519=ORIENTED_EDGE('',*,*,#1665,.T.);
#2520=ORIENTED_EDGE('',*,*,#1669,.F.);
#2521=ORIENTED_EDGE('',*,*,#1671,.F.);
#2522=ORIENTED_EDGE('',*,*,#1673,.F.);
#2523=ORIENTED_EDGE('',*,*,#1733,.T.);
#2524=ORIENTED_EDGE('',*,*,#1678,.F.);
#2525=ORIENTED_EDGE('',*,*,#1732,.T.);
#2526=ORIENTED_EDGE('',*,*,#1740,.T.);
#2527=ORIENTED_EDGE('',*,*,#1683,.F.);
#2528=ORIENTED_EDGE('',*,*,#1686,.F.);
#2529=ORIENTED_EDGE('',*,*,#1740,.F.);
#2530=ORIENTED_EDGE('',*,*,#1731,.T.);
#2531=ORIENTED_EDGE('',*,*,#1741,.T.);
#2532=ORIENTED_EDGE('',*,*,#1695,.F.);
#2533=ORIENTED_EDGE('',*,*,#1689,.F.);
#2534=ORIENTED_EDGE('',*,*,#1688,.F.);
#2535=ORIENTED_EDGE('',*,*,#1691,.F.);
#2536=ORIENTED_EDGE('',*,*,#1741,.F.);
#2537=ORIENTED_EDGE('',*,*,#1730,.T.);
#2538=ORIENTED_EDGE('',*,*,#1742,.T.);
#2539=ORIENTED_EDGE('',*,*,#1699,.F.);
#2540=ORIENTED_EDGE('',*,*,#1692,.F.);
#2541=ORIENTED_EDGE('',*,*,#1696,.F.);
#2542=ORIENTED_EDGE('',*,*,#1742,.F.);
#2543=ORIENTED_EDGE('',*,*,#1729,.T.);
#2544=ORIENTED_EDGE('',*,*,#1743,.T.);
#2545=ORIENTED_EDGE('',*,*,#1702,.F.);
#2546=ORIENTED_EDGE('',*,*,#1743,.F.);
#2547=ORIENTED_EDGE('',*,*,#1728,.T.);
#2548=ORIENTED_EDGE('',*,*,#1709,.F.);
#2549=ORIENTED_EDGE('',*,*,#1706,.F.);
#2550=ORIENTED_EDGE('',*,*,#1739,.F.);
#2551=ORIENTED_EDGE('',*,*,#1735,.T.);
#2552=ORIENTED_EDGE('',*,*,#1629,.T.);
#2553=ORIENTED_EDGE('',*,*,#1744,.T.);
#2554=ORIENTED_EDGE('',*,*,#1745,.F.);
#2555=ORIENTED_EDGE('',*,*,#1666,.F.);
#2556=ORIENTED_EDGE('',*,*,#1648,.F.);
#2557=ORIENTED_EDGE('',*,*,#1746,.F.);
#2558=ORIENTED_EDGE('',*,*,#1611,.T.);
#2559=ORIENTED_EDGE('',*,*,#1631,.T.);
#2560=ORIENTED_EDGE('',*,*,#1737,.T.);
#2561=ORIENTED_EDGE('',*,*,#1738,.F.);
#2562=ORIENTED_EDGE('',*,*,#1663,.F.);
#2563=ORIENTED_EDGE('',*,*,#1745,.T.);
#2564=ORIENTED_EDGE('',*,*,#1747,.T.);
#2565=ORIENTED_EDGE('',*,*,#1609,.T.);
#2566=ORIENTED_EDGE('',*,*,#1660,.F.);
#2567=ORIENTED_EDGE('',*,*,#1650,.F.);
#2568=ORIENTED_EDGE('',*,*,#1604,.T.);
#2569=ORIENTED_EDGE('',*,*,#1746,.T.);
#2570=ORIENTED_EDGE('',*,*,#1355,.F.);
#2571=ORIENTED_EDGE('',*,*,#1616,.T.);
#2572=ORIENTED_EDGE('',*,*,#1638,.F.);
#2573=ORIENTED_EDGE('',*,*,#1359,.F.);
#2574=ORIENTED_EDGE('',*,*,#1747,.F.);
#2575=ORIENTED_EDGE('',*,*,#1748,.T.);
#2576=ORIENTED_EDGE('',*,*,#1715,.T.);
#2577=ORIENTED_EDGE('',*,*,#1601,.T.);
#2578=ORIENTED_EDGE('',*,*,#1748,.F.);
#2579=ORIENTED_EDGE('',*,*,#1744,.F.);
#2580=ORIENTED_EDGE('',*,*,#1628,.F.);
#2581=ORIENTED_EDGE('',*,*,#1712,.F.);
#2582=ORIENTED_EDGE('',*,*,#1720,.F.);
#2583=ORIENTED_EDGE('',*,*,#1749,.T.);
#2584=ORIENTED_EDGE('',*,*,#1344,.T.);
#2585=ORIENTED_EDGE('',*,*,#1446,.F.);
#2586=ORIENTED_EDGE('',*,*,#1581,.F.);
#2587=ORIENTED_EDGE('',*,*,#1536,.T.);
#2588=ORIENTED_EDGE('',*,*,#1719,.F.);
#2589=ORIENTED_EDGE('',*,*,#1750,.F.);
#2590=ORIENTED_EDGE('',*,*,#1345,.F.);
#2591=ORIENTED_EDGE('',*,*,#1749,.F.);
#2592=ORIENTED_EDGE('',*,*,#1718,.F.);
#2593=ORIENTED_EDGE('',*,*,#1751,.F.);
#2594=ORIENTED_EDGE('',*,*,#1623,.F.);
#2595=ORIENTED_EDGE('',*,*,#1752,.T.);
#2596=ORIENTED_EDGE('',*,*,#1346,.T.);
#2597=ORIENTED_EDGE('',*,*,#1750,.T.);
#2598=ORIENTED_EDGE('',*,*,#1724,.F.);
#2599=ORIENTED_EDGE('',*,*,#1624,.F.);
#2600=ORIENTED_EDGE('',*,*,#1751,.T.);
#2601=ORIENTED_EDGE('',*,*,#1717,.F.);
#2602=ORIENTED_EDGE('',*,*,#1325,.F.);
#2603=ORIENTED_EDGE('',*,*,#1753,.T.);
#2604=ORIENTED_EDGE('',*,*,#1621,.T.);
#2605=ORIENTED_EDGE('',*,*,#1635,.F.);
#2606=ORIENTED_EDGE('',*,*,#1753,.F.);
#2607=ORIENTED_EDGE('',*,*,#1347,.F.);
#2608=ORIENTED_EDGE('',*,*,#1752,.F.);
#2609=ORIENTED_EDGE('',*,*,#1622,.F.);
#2610=ORIENTED_EDGE('',*,*,#1617,.F.);
#2611=ORIENTED_EDGE('',*,*,#1373,.T.);
#2612=ORIENTED_EDGE('',*,*,#1754,.T.);
#2613=ORIENTED_EDGE('',*,*,#1755,.F.);
#2614=ORIENTED_EDGE('',*,*,#1351,.F.);
#2615=ORIENTED_EDGE('',*,*,#1756,.F.);
#2616=ORIENTED_EDGE('',*,*,#1754,.F.);
#2617=ORIENTED_EDGE('',*,*,#1376,.T.);
#2618=ORIENTED_EDGE('',*,*,#1757,.F.);
#2619=ORIENTED_EDGE('',*,*,#1756,.T.);
#2620=ORIENTED_EDGE('',*,*,#1758,.T.);
#2621=ORIENTED_EDGE('',*,*,#1349,.T.);
#2622=ORIENTED_EDGE('',*,*,#1755,.T.);
#2623=ORIENTED_EDGE('',*,*,#1342,.F.);
#2624=ORIENTED_EDGE('',*,*,#1758,.F.);
#2625=ORIENTED_EDGE('',*,*,#1757,.T.);
#2626=ORIENTED_EDGE('',*,*,#1379,.T.);
#2627=ORIENTED_EDGE('',*,*,#1402,.F.);
#2628=ORIENTED_EDGE('',*,*,#1597,.F.);
#2629=ORIENTED_EDGE('',*,*,#1599,.T.);
#2630=ORIENTED_EDGE('',*,*,#1447,.T.);
#2631=B_SPLINE_SURFACE_WITH_KNOTS('',3,3,((#3545,#3546,#3547,#3548,#3549,
#3550,#3551,#3552),(#3553,#3554,#3555,#3556,#3557,#3558,#3559,#3560),(#3561,
#3562,#3563,#3564,#3565,#3566,#3567,#3568),(#3569,#3570,#3571,#3572,#3573,
#3574,#3575,#3576)),.UNSPECIFIED.,.F.,.F.,.F.,(4,4),(4,2,1,1,4),(0.,1.),
(-0.437955588033609,-0.427083735051359,-0.341666988041087,-0.256250241030815,
0.),.UNSPECIFIED.);
#2632=B_SPLINE_SURFACE_WITH_KNOTS('',3,3,((#3597,#3598,#3599,#3600,#3601,
#3602,#3603,#3604,#3605),(#3606,#3607,#3608,#3609,#3610,#3611,#3612,#3613,
#3614),(#3615,#3616,#3617,#3618,#3619,#3620,#3621,#3622,#3623),(#3624,#3625,
#3626,#3627,#3628,#3629,#3630,#3631,#3632),(#3633,#3634,#3635,#3636,#3637,
#3638,#3639,#3640,#3641),(#3642,#3643,#3644,#3645,#3646,#3647,#3648,#3649,
#3650)),.UNSPECIFIED.,.F.,.F.,.F.,(4,1,1,4),(4,1,1,1,1,1,4),(0.,0.285714285714286,
0.571428571428571,1.),(0.,0.195350084618586,0.586050253855759,0.781400338474346,
0.976750423092932,1.17210050771152,1.36745059233011),.UNSPECIFIED.);
#2633=B_SPLINE_SURFACE_WITH_KNOTS('',3,3,((#3674,#3675,#3676,#3677,#3678,
#3679,#3680,#3681,#3682,#3683,#3684,#3685,#3686,#3687,#3688),(#3689,#3690,
#3691,#3692,#3693,#3694,#3695,#3696,#3697,#3698,#3699,#3700,#3701,#3702,
#3703),(#3704,#3705,#3706,#3707,#3708,#3709,#3710,#3711,#3712,#3713,#3714,
#3715,#3716,#3717,#3718),(#3719,#3720,#3721,#3722,#3723,#3724,#3725,#3726,
#3727,#3728,#3729,#3730,#3731,#3732,#3733),(#3734,#3735,#3736,#3737,#3738,
#3739,#3740,#3741,#3742,#3743,#3744,#3745,#3746,#3747,#3748),(#3749,#3750,
#3751,#3752,#3753,#3754,#3755,#3756,#3757,#3758,#3759,#3760,#3761,#3762,
#3763)),.UNSPECIFIED.,.F.,.F.,.F.,(4,1,1,4),(4,1,1,1,1,1,1,1,1,1,2,4),(0.,
0.285714285714286,0.571428571428571,1.),(9.91953852797977E-16,0.0914426462360054,
0.18288529247201,0.365770584944019,0.38863124650302,0.411491908062021,0.457213231180023,
0.548655877416028,0.731541169888037,0.822983816124041,0.914426462360046,
1.06460412789176),.UNSPECIFIED.);
#2634=B_SPLINE_SURFACE_WITH_KNOTS('',3,3,((#3799,#3800,#3801,#3802),(#3803,
#3804,#3805,#3806),(#3807,#3808,#3809,#3810),(#3811,#3812,#3813,#3814)),
 .UNSPECIFIED.,.F.,.F.,.F.,(4,4),(4,4),(0.,1.),(0.,0.0619199686365711),
 .UNSPECIFIED.);
#2635=B_SPLINE_SURFACE_WITH_KNOTS('',3,3,((#3828,#3829,#3830,#3831,#3832),
(#3833,#3834,#3835,#3836,#3837),(#3838,#3839,#3840,#3841,#3842),(#3843,
#3844,#3845,#3846,#3847)),.UNSPECIFIED.,.F.,.F.,.F.,(4,4),(4,1,4),(0.,1.),
(-0.481020081887455,0.,0.0241432735169082),.UNSPECIFIED.);
#2636=B_SPLINE_SURFACE_WITH_KNOTS('',3,3,((#3861,#3862,#3863,#3864),(#3865,
#3866,#3867,#3868),(#3869,#3870,#3871,#3872),(#3873,#3874,#3875,#3876),
(#3877,#3878,#3879,#3880),(#3881,#3882,#3883,#3884),(#3885,#3886,#3887,
#3888),(#3889,#3890,#3891,#3892),(#3893,#3894,#3895,#3896),(#3897,#3898,
#3899,#3900)),.UNSPECIFIED.,.F.,.F.,.F.,(4,1,1,1,1,1,1,4),(4,4),(0.,0.142857142857143,
0.285714285714286,0.428571428571429,0.571428571428571,0.714285714285714,
0.857142857142857,1.),(-3.32010620841215,1.36806113214511E-15),
 .UNSPECIFIED.);
#2637=B_SPLINE_SURFACE_WITH_KNOTS('',3,3,((#3960,#3961,#3962,#3963,#3964,
#3965,#3966,#3967,#3968,#3969),(#3970,#3971,#3972,#3973,#3974,#3975,#3976,
#3977,#3978,#3979),(#3980,#3981,#3982,#3983,#3984,#3985,#3986,#3987,#3988,
#3989),(#3990,#3991,#3992,#3993,#3994,#3995,#3996,#3997,#3998,#3999),(#4000,
#4001,#4002,#4003,#4004,#4005,#4006,#4007,#4008,#4009),(#4010,#4011,#4012,
#4013,#4014,#4015,#4016,#4017,#4018,#4019),(#4020,#4021,#4022,#4023,#4024,
#4025,#4026,#4027,#4028,#4029),(#4030,#4031,#4032,#4033,#4034,#4035,#4036,
#4037,#4038,#4039)),.UNSPECIFIED.,.F.,.F.,.F.,(4,1,1,1,1,4),(4,2,2,2,4),
(0.,0.285714285714286,0.571428571428571,0.642857142857143,0.857142857142857,
1.),(0.754671312021956,0.764604264830518,0.829490020167527,0.894375775504536,
1.02414728617855),.UNSPECIFIED.);
#2638=B_SPLINE_SURFACE_WITH_KNOTS('',3,3,((#4061,#4062,#4063,#4064),(#4065,
#4066,#4067,#4068),(#4069,#4070,#4071,#4072),(#4073,#4074,#4075,#4076)),
 .UNSPECIFIED.,.F.,.F.,.F.,(4,4),(4,4),(0.785554876978602,1.),(-5.48010620841215,
-4.96),.UNSPECIFIED.);
#2639=B_SPLINE_SURFACE_WITH_KNOTS('',3,3,((#4089,#4090,#4091,#4092,#4093),
(#4094,#4095,#4096,#4097,#4098),(#4099,#4100,#4101,#4102,#4103),(#4104,
#4105,#4106,#4107,#4108)),.UNSPECIFIED.,.F.,.F.,.F.,(4,4),(4,1,4),(0.,1.),
(-0.505163354515888,-0.481017740901079,0.),.UNSPECIFIED.);
#2640=B_SPLINE_SURFACE_WITH_KNOTS('',3,3,((#4123,#4124,#4125,#4126,#4127,
#4128),(#4129,#4130,#4131,#4132,#4133,#4134),(#4135,#4136,#4137,#4138,#4139,
#4140),(#4141,#4142,#4143,#4144,#4145,#4146)),.UNSPECIFIED.,.F.,.F.,.F.,
(4,4),(4,1,1,4),(0.,1.),(0.,0.0331913331254629,0.0995739993763888,0.23233933187824),
 .UNSPECIFIED.);
#2641=B_SPLINE_SURFACE_WITH_KNOTS('',3,3,((#4162,#4163,#4164,#4165,#4166,
#4167,#4168,#4169,#4170,#4171,#4172),(#4173,#4174,#4175,#4176,#4177,#4178,
#4179,#4180,#4181,#4182,#4183),(#4184,#4185,#4186,#4187,#4188,#4189,#4190,
#4191,#4192,#4193,#4194),(#4195,#4196,#4197,#4198,#4199,#4200,#4201,#4202,
#4203,#4204,#4205),(#4206,#4207,#4208,#4209,#4210,#4211,#4212,#4213,#4214,
#4215,#4216),(#4217,#4218,#4219,#4220,#4221,#4222,#4223,#4224,#4225,#4226,
#4227)),.UNSPECIFIED.,.F.,.F.,.F.,(4,1,1,4),(4,1,2,1,1,1,1,4),(0.,0.285714285714286,
0.571428571428571,1.),(0.,0.117086876814119,0.292717192035297,0.444935580878808,
0.536266614184914,0.658041325259722,0.77981603633453,0.901590747409338),
 .UNSPECIFIED.);
#2642=B_SPLINE_SURFACE_WITH_KNOTS('',3,3,((#4255,#4256,#4257,#4258,#4259,
#4260,#4261,#4262,#4263,#4264),(#4265,#4266,#4267,#4268,#4269,#4270,#4271,
#4272,#4273,#4274),(#4275,#4276,#4277,#4278,#4279,#4280,#4281,#4282,#4283,
#4284),(#4285,#4286,#4287,#4288,#4289,#4290,#4291,#4292,#4293,#4294),(#4295,
#4296,#4297,#4298,#4299,#4300,#4301,#4302,#4303,#4304),(#4305,#4306,#4307,
#4308,#4309,#4310,#4311,#4312,#4313,#4314)),.UNSPECIFIED.,.F.,.F.,.F.,(4,
1,1,4),(4,1,1,1,1,1,1,4),(0.,0.285714285714286,0.571428571428571,1.),(4.98875115786286E-12,
0.247892035233537,0.495784070462084,0.743676105690632,0.99156814091918,
1.23946017614773,1.48735221137628,1.73524424660482),.UNSPECIFIED.);
#2643=B_SPLINE_SURFACE_WITH_KNOTS('',3,3,((#4340,#4341,#4342,#4343,#4344,
#4345),(#4346,#4347,#4348,#4349,#4350,#4351),(#4352,#4353,#4354,#4355,#4356,
#4357),(#4358,#4359,#4360,#4361,#4362,#4363)),.UNSPECIFIED.,.F.,.F.,.F.,
(4,4),(4,2,4),(0.,1.),(-0.137657005600193,0.,0.0108991260196297),
 .UNSPECIFIED.);
#2644=B_SPLINE_SURFACE_WITH_KNOTS('',3,3,((#4381,#4382,#4383,#4384),(#4385,
#4386,#4387,#4388),(#4389,#4390,#4391,#4392),(#4393,#4394,#4395,#4396)),
 .UNSPECIFIED.,.F.,.F.,.F.,(4,4),(4,4),(0.785554876222348,1.),(-3.32015662864072,
-2.8),.UNSPECIFIED.);
#2645=B_SPLINE_SURFACE_WITH_KNOTS('',3,3,((#4414,#4415,#4416,#4417,#4418,
#4419,#4420,#4421,#4422,#4423),(#4424,#4425,#4426,#4427,#4428,#4429,#4430,
#4431,#4432,#4433),(#4434,#4435,#4436,#4437,#4438,#4439,#4440,#4441,#4442,
#4443),(#4444,#4445,#4446,#4447,#4448,#4449,#4450,#4451,#4452,#4453),(#4454,
#4455,#4456,#4457,#4458,#4459,#4460,#4461,#4462,#4463),(#4464,#4465,#4466,
#4467,#4468,#4469,#4470,#4471,#4472,#4473),(#4474,#4475,#4476,#4477,#4478,
#4479,#4480,#4481,#4482,#4483),(#4484,#4485,#4486,#4487,#4488,#4489,#4490,
#4491,#4492,#4493)),.UNSPECIFIED.,.F.,.F.,.F.,(4,1,1,1,1,4),(4,2,2,2,4),
(0.,0.285714285714286,0.571428571428571,0.642857142857143,0.857142857142857,
1.),(0.,0.141532140487871,0.212298210731807,0.247681245853774,0.277737222302687),
 .UNSPECIFIED.);
#2646=B_SPLINE_SURFACE_WITH_KNOTS('',3,3,((#4511,#4512,#4513,#4514),(#4515,
#4516,#4517,#4518),(#4519,#4520,#4521,#4522),(#4523,#4524,#4525,#4526),
(#4527,#4528,#4529,#4530),(#4531,#4532,#4533,#4534),(#4535,#4536,#4537,
#4538),(#4539,#4540,#4541,#4542),(#4543,#4544,#4545,#4546),(#4547,#4548,
#4549,#4550)),.UNSPECIFIED.,.F.,.F.,.F.,(4,1,1,1,1,1,1,4),(4,4),(0.,0.142857142857143,
0.285714285714286,0.428571428571429,0.571428571428571,0.714285714285714,
0.857142857142857,1.),(-2.16,1.16015662864073),.UNSPECIFIED.);
#2647=B_SPLINE_SURFACE_WITH_KNOTS('',3,3,((#4583,#4584,#4585,#4586,#4587),
(#4588,#4589,#4590,#4591,#4592),(#4593,#4594,#4595,#4596,#4597),(#4598,
#4599,#4600,#4601,#4602)),.UNSPECIFIED.,.F.,.F.,.F.,(4,4),(4,1,4),(0.,1.),
(-0.024124266150265,0.,0.481017740901079),.UNSPECIFIED.);
#2648=B_SPLINE_SURFACE_WITH_KNOTS('',3,3,((#4617,#4618,#4619,#4620,#4621,
#4622),(#4623,#4624,#4625,#4626,#4627,#4628),(#4629,#4630,#4631,#4632,#4633,
#4634),(#4635,#4636,#4637,#4638,#4639,#4640)),.UNSPECIFIED.,.F.,.F.,.F.,
(4,4),(4,1,1,4),(0.,1.),(0.,0.0663826662509468,0.0995739993764201,0.232339331878314),
 .UNSPECIFIED.);
#2649=B_SPLINE_SURFACE_WITH_KNOTS('',3,3,((#4656,#4657,#4658,#4659,#4660,
#4661,#4662,#4663,#4664,#4665,#4666),(#4667,#4668,#4669,#4670,#4671,#4672,
#4673,#4674,#4675,#4676,#4677),(#4678,#4679,#4680,#4681,#4682,#4683,#4684,
#4685,#4686,#4687,#4688),(#4689,#4690,#4691,#4692,#4693,#4694,#4695,#4696,
#4697,#4698,#4699),(#4700,#4701,#4702,#4703,#4704,#4705,#4706,#4707,#4708,
#4709,#4710),(#4711,#4712,#4713,#4714,#4715,#4716,#4717,#4718,#4719,#4720,
#4721)),.UNSPECIFIED.,.F.,.F.,.F.,(4,1,1,4),(4,1,2,1,1,1,1,4),(0.,0.285714285714286,
0.571428571428571,1.),(0.,0.117086876814117,0.292717192035291,0.414491903110101,
0.53626661418491,0.658041325259719,0.779816036334529,0.901590747409338),
 .UNSPECIFIED.);
#2650=B_SPLINE_SURFACE_WITH_KNOTS('',3,3,((#4749,#4750,#4751,#4752,#4753,
#4754,#4755,#4756,#4757,#4758),(#4759,#4760,#4761,#4762,#4763,#4764,#4765,
#4766,#4767,#4768),(#4769,#4770,#4771,#4772,#4773,#4774,#4775,#4776,#4777,
#4778),(#4779,#4780,#4781,#4782,#4783,#4784,#4785,#4786,#4787,#4788),(#4789,
#4790,#4791,#4792,#4793,#4794,#4795,#4796,#4797,#4798),(#4799,#4800,#4801,
#4802,#4803,#4804,#4805,#4806,#4807,#4808)),.UNSPECIFIED.,.F.,.F.,.F.,(4,
1,1,4),(4,1,1,1,1,1,1,4),(0.,0.285714285714286,0.571428571428571,1.),(4.98827856637726E-12,
0.247892035233536,0.495784070462085,0.743676105690633,0.991568140919181,
1.23946017614773,1.48735221137628,1.73524424660483),.UNSPECIFIED.);
#2651=B_SPLINE_SURFACE_WITH_KNOTS('',3,3,((#4834,#4835,#4836,#4837,#4838,
#4839),(#4840,#4841,#4842,#4843,#4844,#4845),(#4846,#4847,#4848,#4849,#4850,
#4851),(#4852,#4853,#4854,#4855,#4856,#4857)),.UNSPECIFIED.,.F.,.F.,.F.,
(4,4),(4,2,4),(0.,1.),(0.,0.137657005600193,0.148556131619822),
 .UNSPECIFIED.);
#2652=B_SPLINE_SURFACE_WITH_KNOTS('',3,3,((#4875,#4876,#4877,#4878),(#4879,
#4880,#4881,#4882),(#4883,#4884,#4885,#4886),(#4887,#4888,#4889,#4890),
(#4891,#4892,#4893,#4894),(#4895,#4896,#4897,#4898),(#4899,#4900,#4901,
#4902),(#4903,#4904,#4905,#4906),(#4907,#4908,#4909,#4910),(#4911,#4912,
#4913,#4914)),.UNSPECIFIED.,.F.,.F.,.F.,(4,1,1,1,1,1,1,4),(4,4),(0.,0.142857142857143,
0.285714285714286,0.428571428571429,0.571428571428571,0.714285714285714,
0.857142857142857,1.),(-2.16,1.16015662864073),.UNSPECIFIED.);
#2653=B_SPLINE_SURFACE_WITH_KNOTS('',3,3,((#4926,#4927,#4928,#4929,#4930,
#4931,#4932,#4933,#4934,#4935),(#4936,#4937,#4938,#4939,#4940,#4941,#4942,
#4943,#4944,#4945),(#4946,#4947,#4948,#4949,#4950,#4951,#4952,#4953,#4954,
#4955),(#4956,#4957,#4958,#4959,#4960,#4961,#4962,#4963,#4964,#4965),(#4966,
#4967,#4968,#4969,#4970,#4971,#4972,#4973,#4974,#4975),(#4976,#4977,#4978,
#4979,#4980,#4981,#4982,#4983,#4984,#4985),(#4986,#4987,#4988,#4989,#4990,
#4991,#4992,#4993,#4994,#4995),(#4996,#4997,#4998,#4999,#5000,#5001,#5002,
#5003,#5004,#5005)),.UNSPECIFIED.,.F.,.F.,.F.,(4,1,1,1,1,4),(4,2,2,2,4),
(0.,0.285714285714286,0.571428571428571,0.642857142857143,0.857142857142857,
1.),(0.,0.141532140487871,0.212298210731807,0.247681245853774,0.277737222302687),
 .UNSPECIFIED.);
#2654=B_SPLINE_SURFACE_WITH_KNOTS('',3,3,((#5025,#5026,#5027,#5028),(#5029,
#5030,#5031,#5032),(#5033,#5034,#5035,#5036),(#5037,#5038,#5039,#5040)),
 .UNSPECIFIED.,.F.,.F.,.F.,(4,4),(4,4),(0.785554876222348,1.),(-3.32015662864072,
-2.8),.UNSPECIFIED.);
#2655=B_SPLINE_SURFACE_WITH_KNOTS('',3,3,((#5047,#5048,#5049,#5050,#5051,
#5052,#5053,#5054),(#5055,#5056,#5057,#5058,#5059,#5060,#5061,#5062),(#5063,
#5064,#5065,#5066,#5067,#5068,#5069,#5070),(#5071,#5072,#5073,#5074,#5075,
#5076,#5077,#5078)),.UNSPECIFIED.,.F.,.F.,.F.,(4,4),(4,2,1,1,4),(0.,1.),
(-0.0108718529822504,0.,0.0854167470102717,0.256250241030815,0.427083735051359),
 .UNSPECIFIED.);
#2656=B_SPLINE_SURFACE_WITH_KNOTS('',3,3,((#5099,#5100,#5101,#5102,#5103,
#5104,#5105,#5106,#5107),(#5108,#5109,#5110,#5111,#5112,#5113,#5114,#5115,
#5116),(#5117,#5118,#5119,#5120,#5121,#5122,#5123,#5124,#5125),(#5126,#5127,
#5128,#5129,#5130,#5131,#5132,#5133,#5134),(#5135,#5136,#5137,#5138,#5139,
#5140,#5141,#5142,#5143),(#5144,#5145,#5146,#5147,#5148,#5149,#5150,#5151,
#5152)),.UNSPECIFIED.,.F.,.F.,.F.,(4,1,1,4),(4,1,1,1,1,1,4),(0.,0.285714285714286,
0.571428571428571,1.),(0.,0.195350084618586,0.586050253855759,0.781400338474346,
0.976750423092932,1.17210050771152,1.36745059233011),.UNSPECIFIED.);
#2657=B_SPLINE_SURFACE_WITH_KNOTS('',3,3,((#5176,#5177,#5178,#5179,#5180,
#5181,#5182,#5183,#5184,#5185,#5186,#5187,#5188,#5189),(#5190,#5191,#5192,
#5193,#5194,#5195,#5196,#5197,#5198,#5199,#5200,#5201,#5202,#5203),(#5204,
#5205,#5206,#5207,#5208,#5209,#5210,#5211,#5212,#5213,#5214,#5215,#5216,
#5217),(#5218,#5219,#5220,#5221,#5222,#5223,#5224,#5225,#5226,#5227,#5228,
#5229,#5230,#5231),(#5232,#5233,#5234,#5235,#5236,#5237,#5238,#5239,#5240,
#5241,#5242,#5243,#5244,#5245),(#5246,#5247,#5248,#5249,#5250,#5251,#5252,
#5253,#5254,#5255,#5256,#5257,#5258,#5259),(#5260,#5261,#5262,#5263,#5264,
#5265,#5266,#5267,#5268,#5269,#5270,#5271,#5272,#5273)),.UNSPECIFIED.,.F.,
 .F.,.F.,(4,1,1,1,4),(4,1,1,1,1,1,1,1,1,2,4),(0.,0.285714285714286,0.571428571428571,
0.785714285714286,1.),(1.14707094805289E-14,0.0914426462360161,0.182885292472021,
0.36577058494403,0.388631246503031,0.411491908062032,0.457213231180034,
0.548655877416039,0.731541169888048,0.914426462360057,1.06460412789176),
 .UNSPECIFIED.);
#2658=B_SPLINE_SURFACE_WITH_KNOTS('',3,3,((#5307,#5308,#5309,#5310),(#5311,
#5312,#5313,#5314),(#5315,#5316,#5317,#5318),(#5319,#5320,#5321,#5322)),
 .UNSPECIFIED.,.F.,.F.,.F.,(4,4),(4,4),(0.,1.),(0.,0.0619016525058795),
 .UNSPECIFIED.);
#2659=B_SPLINE_SURFACE_WITH_KNOTS('',3,3,((#5336,#5337,#5338,#5339,#5340),
(#5341,#5342,#5343,#5344,#5345),(#5346,#5347,#5348,#5349,#5350),(#5351,
#5352,#5353,#5354,#5355)),.UNSPECIFIED.,.F.,.F.,.F.,(4,4),(4,1,4),(0.,1.),
(0.,0.481020081887457,0.505142005912842),.UNSPECIFIED.);
#2660=B_SPLINE_SURFACE_WITH_KNOTS('',3,3,((#5385,#5386,#5387,#5388),(#5389,
#5390,#5391,#5392),(#5393,#5394,#5395,#5396),(#5397,#5398,#5399,#5400),
(#5401,#5402,#5403,#5404),(#5405,#5406,#5407,#5408),(#5409,#5410,#5411,
#5412),(#5413,#5414,#5415,#5416),(#5417,#5418,#5419,#5420),(#5421,#5422,
#5423,#5424)),.UNSPECIFIED.,.F.,.F.,.F.,(4,1,1,1,1,1,1,4),(4,4),(0.,0.142857142857143,
0.285714285714286,0.428571428571429,0.571428571428571,0.714285714285714,
0.857142857142857,1.),(-2.16,1.24247553811128),.UNSPECIFIED.);
#2661=B_SPLINE_SURFACE_WITH_KNOTS('',3,3,((#5499,#5500,#5501,#5502),(#5503,
#5504,#5505,#5506),(#5507,#5508,#5509,#5510),(#5511,#5512,#5513,#5514),
(#5515,#5516,#5517,#5518),(#5519,#5520,#5521,#5522),(#5523,#5524,#5525,
#5526),(#5527,#5528,#5529,#5530),(#5531,#5532,#5533,#5534),(#5535,#5536,
#5537,#5538)),.UNSPECIFIED.,.F.,.F.,.F.,(4,1,1,1,1,1,1,4),(4,4),(0.,0.142857142857143,
0.285714285714286,0.428571428571429,0.571428571428571,0.714285714285714,
0.857142857142857,1.),(-3.32010620841215,1.36806113214511E-15),
 .UNSPECIFIED.);
#2662=B_SPLINE_SURFACE_WITH_KNOTS('',3,3,((#5595,#5596,#5597,#5598),(#5599,
#5600,#5601,#5602),(#5603,#5604,#5605,#5606),(#5607,#5608,#5609,#5610),
(#5611,#5612,#5613,#5614)),.UNSPECIFIED.,.F.,.F.,.F.,(4,1,4),(4,4),(0.,
0.5,1.),(2.58466034152816,2.61475661028507),.UNSPECIFIED.);
#2663=B_SPLINE_SURFACE_WITH_KNOTS('',3,3,((#5723,#5724,#5725,#5726),(#5727,
#5728,#5729,#5730),(#5731,#5732,#5733,#5734),(#5735,#5736,#5737,#5738),
(#5739,#5740,#5741,#5742),(#5743,#5744,#5745,#5746)),.UNSPECIFIED.,.F.,
 .F.,.F.,(4,1,1,4),(4,4),(0.,0.285714285714286,0.571428571428571,1.),(0.3,
0.343282926153762),.UNSPECIFIED.);
#2664=B_SPLINE_SURFACE_WITH_KNOTS('',3,3,((#5770,#5771,#5772,#5773,#5774,
#5775,#5776,#5777,#5778,#5779),(#5780,#5781,#5782,#5783,#5784,#5785,#5786,
#5787,#5788,#5789),(#5790,#5791,#5792,#5793,#5794,#5795,#5796,#5797,#5798,
#5799),(#5800,#5801,#5802,#5803,#5804,#5805,#5806,#5807,#5808,#5809),(#5810,
#5811,#5812,#5813,#5814,#5815,#5816,#5817,#5818,#5819),(#5820,#5821,#5822,
#5823,#5824,#5825,#5826,#5827,#5828,#5829)),.UNSPECIFIED.,.F.,.F.,.F.,(4,
1,1,4),(4,2,2,2,4),(0.,0.285714285714286,0.571428571428571,1.),(0.,0.0542803057833249,
0.273076700879539,0.462120950513009,0.542689574042081),.UNSPECIFIED.);
#2665=B_SPLINE_SURFACE_WITH_KNOTS('',3,3,((#5852,#5853,#5854,#5855),(#5856,
#5857,#5858,#5859),(#5860,#5861,#5862,#5863),(#5864,#5865,#5866,#5867),
(#5868,#5869,#5870,#5871),(#5872,#5873,#5874,#5875)),.UNSPECIFIED.,.F.,
 .F.,.F.,(4,1,1,4),(4,4),(0.,0.285714285714286,0.571428571428571,1.),(8.72727662034823E-16,
0.257548136969395),.UNSPECIFIED.);
#2666=B_SPLINE_SURFACE_WITH_KNOTS('',3,3,((#5882,#5883,#5884,#5885),(#5886,
#5887,#5888,#5889),(#5890,#5891,#5892,#5893),(#5894,#5895,#5896,#5897),
(#5898,#5899,#5900,#5901),(#5902,#5903,#5904,#5905)),.UNSPECIFIED.,.F.,
 .F.,.F.,(4,1,1,4),(4,4),(0.,0.285714285714286,0.571428571428571,1.),(1.54151303537377E-15,
0.255636426181127),.UNSPECIFIED.);
#2667=B_SPLINE_SURFACE_WITH_KNOTS('',3,3,((#5921,#5922,#5923,#5924,#5925,
#5926),(#5927,#5928,#5929,#5930,#5931,#5932),(#5933,#5934,#5935,#5936,#5937,
#5938),(#5939,#5940,#5941,#5942,#5943,#5944),(#5945,#5946,#5947,#5948,#5949,
#5950)),.UNSPECIFIED.,.F.,.F.,.F.,(4,1,4),(4,1,1,4),(0.,0.5,1.),(0.718571791481156,
0.932617902146734,1.07531530925712,1.2180127163675),.UNSPECIFIED.);
#2668=B_SPLINE_SURFACE_WITH_KNOTS('',3,3,((#5964,#5965,#5966,#5967,#5968,
#5969,#5970,#5971),(#5972,#5973,#5974,#5975,#5976,#5977,#5978,#5979),(#5980,
#5981,#5982,#5983,#5984,#5985,#5986,#5987),(#5988,#5989,#5990,#5991,#5992,
#5993,#5994,#5995),(#5996,#5997,#5998,#5999,#6000,#6001,#6002,#6003)),
 .UNSPECIFIED.,.F.,.F.,.F.,(4,1,4),(4,1,1,2,4),(0.,0.5,1.),(0.,0.116900185048846,
0.233800370097692,0.389667283496153,0.477718195682047),.UNSPECIFIED.);
#2669=B_SPLINE_SURFACE_WITH_KNOTS('',3,3,((#6023,#6024,#6025,#6026,#6027,
#6028,#6029,#6030,#6031,#6032,#6033,#6034),(#6035,#6036,#6037,#6038,#6039,
#6040,#6041,#6042,#6043,#6044,#6045,#6046),(#6047,#6048,#6049,#6050,#6051,
#6052,#6053,#6054,#6055,#6056,#6057,#6058),(#6059,#6060,#6061,#6062,#6063,
#6064,#6065,#6066,#6067,#6068,#6069,#6070),(#6071,#6072,#6073,#6074,#6075,
#6076,#6077,#6078,#6079,#6080,#6081,#6082),(#6083,#6084,#6085,#6086,#6087,
#6088,#6089,#6090,#6091,#6092,#6093,#6094)),.UNSPECIFIED.,.F.,.F.,.F.,(4,
1,1,4),(4,2,2,2,2,4),(0.,0.285714285714286,0.571428571428571,1.),(1.88400927490117E-12,
0.130390587406907,0.313909374697028,0.595820627307224,0.818220622702346,
0.929340078301586),.UNSPECIFIED.);
#2670=B_SPLINE_SURFACE_WITH_KNOTS('',3,3,((#6122,#6123,#6124,#6125),(#6126,
#6127,#6128,#6129),(#6130,#6131,#6132,#6133),(#6134,#6135,#6136,#6137),
(#6138,#6139,#6140,#6141),(#6142,#6143,#6144,#6145)),.UNSPECIFIED.,.F.,
 .F.,.F.,(4,1,1,4),(4,4),(0.,0.285714285714286,0.571428571428571,1.),(0.,
0.189539417099278),.UNSPECIFIED.);
#2671=B_SPLINE_SURFACE_WITH_KNOTS('',3,3,((#6184,#6185,#6186,#6187),(#6188,
#6189,#6190,#6191),(#6192,#6193,#6194,#6195),(#6196,#6197,#6198,#6199),
(#6200,#6201,#6202,#6203),(#6204,#6205,#6206,#6207)),.UNSPECIFIED.,.F.,
 .F.,.F.,(4,1,1,4),(4,4),(0.,0.285714285714286,0.571428571428571,1.),(0.300000000000001,
0.489539417099282),.UNSPECIFIED.);
#2672=B_SPLINE_SURFACE_WITH_KNOTS('',3,3,((#6231,#6232,#6233,#6234,#6235,
#6236,#6237,#6238,#6239,#6240,#6241,#6242),(#6243,#6244,#6245,#6246,#6247,
#6248,#6249,#6250,#6251,#6252,#6253,#6254),(#6255,#6256,#6257,#6258,#6259,
#6260,#6261,#6262,#6263,#6264,#6265,#6266),(#6267,#6268,#6269,#6270,#6271,
#6272,#6273,#6274,#6275,#6276,#6277,#6278),(#6279,#6280,#6281,#6282,#6283,
#6284,#6285,#6286,#6287,#6288,#6289,#6290),(#6291,#6292,#6293,#6294,#6295,
#6296,#6297,#6298,#6299,#6300,#6301,#6302)),.UNSPECIFIED.,.F.,.F.,.F.,(4,
1,1,4),(4,2,2,2,2,4),(0.,0.285714285714286,0.571428571428571,1.),(1.54906858795353E-11,
0.112949101618211,0.33354234113553,0.615326492922414,0.798807807280543,
0.929338038683614),.UNSPECIFIED.);
#2673=B_SPLINE_SURFACE_WITH_KNOTS('',3,3,((#6330,#6331,#6332,#6333,#6334,
#6335,#6336,#6337),(#6338,#6339,#6340,#6341,#6342,#6343,#6344,#6345),(#6346,
#6347,#6348,#6349,#6350,#6351,#6352,#6353),(#6354,#6355,#6356,#6357,#6358,
#6359,#6360,#6361),(#6362,#6363,#6364,#6365,#6366,#6367,#6368,#6369)),
 .UNSPECIFIED.,.F.,.F.,.F.,(4,1,4),(4,2,1,1,4),(0.,0.5,1.),(0.,0.0878531467702125,
0.243801504208822,0.360762772287779,0.477724040366735),.UNSPECIFIED.);
#2674=B_SPLINE_SURFACE_WITH_KNOTS('',3,3,((#6389,#6390,#6391,#6392,#6393),
(#6394,#6395,#6396,#6397,#6398),(#6399,#6400,#6401,#6402,#6403),(#6404,
#6405,#6406,#6407,#6408),(#6409,#6410,#6411,#6412,#6413)),.UNSPECIFIED.,
 .F.,.F.,.F.,(4,1,4),(4,1,4),(0.,0.5,1.),(1.54732918824275E-13,0.214046110749773,
0.499440925082598),.UNSPECIFIED.);
#2675=B_SPLINE_SURFACE_WITH_KNOTS('',3,3,((#6474,#6475,#6476,#6477),(#6478,
#6479,#6480,#6481),(#6482,#6483,#6484,#6485),(#6486,#6487,#6488,#6489),
(#6490,#6491,#6492,#6493)),.UNSPECIFIED.,.F.,.F.,.F.,(4,1,4),(4,4),(0.,
0.5,1.),(2.6613178814712,2.69141448860657),.UNSPECIFIED.);
#2676=B_SPLINE_SURFACE_WITH_KNOTS('',3,3,((#6563,#6564,#6565,#6566),(#6567,
#6568,#6569,#6570),(#6571,#6572,#6573,#6574),(#6575,#6576,#6577,#6578),
(#6579,#6580,#6581,#6582),(#6583,#6584,#6585,#6586)),.UNSPECIFIED.,.F.,
 .F.,.F.,(4,1,1,4),(4,4),(0.,0.285714285714286,0.571428571428571,1.),(0.559662980585079,
0.815299404926991),.UNSPECIFIED.);
#2677=B_SPLINE_SURFACE_WITH_KNOTS('',3,3,((#6605,#6606,#6607,#6608),(#6609,
#6610,#6611,#6612),(#6613,#6614,#6615,#6616),(#6617,#6618,#6619,#6620),
(#6621,#6622,#6623,#6624),(#6625,#6626,#6627,#6628)),.UNSPECIFIED.,.F.,
 .F.,.F.,(4,1,1,4),(4,4),(0.,0.285714285714286,0.571428571428571,1.),(9.60744528560732E-16,
0.257548136953831),.UNSPECIFIED.);
#2678=B_SPLINE_SURFACE_WITH_KNOTS('',3,3,((#6640,#6641,#6642,#6643,#6644,
#6645,#6646,#6647,#6648,#6649),(#6650,#6651,#6652,#6653,#6654,#6655,#6656,
#6657,#6658,#6659),(#6660,#6661,#6662,#6663,#6664,#6665,#6666,#6667,#6668,
#6669),(#6670,#6671,#6672,#6673,#6674,#6675,#6676,#6677,#6678,#6679),(#6680,
#6681,#6682,#6683,#6684,#6685,#6686,#6687,#6688,#6689),(#6690,#6691,#6692,
#6693,#6694,#6695,#6696,#6697,#6698,#6699)),.UNSPECIFIED.,.F.,.F.,.F.,(4,
1,1,4),(4,2,2,2,4),(0.,0.285714285714286,0.571428571428571,1.),(0.,0.0632306637641582,
0.297840578213062,0.476192913885971,0.540730578423055),.UNSPECIFIED.);
#2679=B_SPLINE_SURFACE_WITH_KNOTS('',3,3,((#6726,#6727,#6728,#6729),(#6730,
#6731,#6732,#6733),(#6734,#6735,#6736,#6737),(#6738,#6739,#6740,#6741),
(#6742,#6743,#6744,#6745),(#6746,#6747,#6748,#6749)),.UNSPECIFIED.,.F.,
 .F.,.F.,(4,1,1,4),(4,4),(0.,0.285714285714286,0.571428571428571,1.),(0.,
0.0432829261537522),.UNSPECIFIED.);
#2680=B_SPLINE_SURFACE_WITH_KNOTS('',3,3,((#6770,#6771,#6772,#6773),(#6774,
#6775,#6776,#6777),(#6778,#6779,#6780,#6781),(#6782,#6783,#6784,#6785),
(#6786,#6787,#6788,#6789),(#6790,#6791,#6792,#6793),(#6794,#6795,#6796,
#6797)),.UNSPECIFIED.,.F.,.F.,.F.,(4,1,1,1,4),(4,4),(0.,0.157627316777975,
0.315254633555951,0.394068291944939,0.551695608722914),(-5.56709776063317,
-4.96),.UNSPECIFIED.);
#2681=B_SPLINE_SURFACE_WITH_KNOTS('',3,3,((#6839,#6840,#6841,#6842,#6843,
#6844,#6845,#6846,#6847,#6848,#6849,#6850,#6851,#6852,#6853),(#6854,#6855,
#6856,#6857,#6858,#6859,#6860,#6861,#6862,#6863,#6864,#6865,#6866,#6867,
#6868),(#6869,#6870,#6871,#6872,#6873,#6874,#6875,#6876,#6877,#6878,#6879,
#6880,#6881,#6882,#6883),(#6884,#6885,#6886,#6887,#6888,#6889,#6890,#6891,
#6892,#6893,#6894,#6895,#6896,#6897,#6898),(#6899,#6900,#6901,#6902,#6903,
#6904,#6905,#6906,#6907,#6908,#6909,#6910,#6911,#6912,#6913),(#6914,#6915,
#6916,#6917,#6918,#6919,#6920,#6921,#6922,#6923,#6924,#6925,#6926,#6927,
#6928),(#6929,#6930,#6931,#6932,#6933,#6934,#6935,#6936,#6937,#6938,#6939,
#6940,#6941,#6942,#6943),(#6944,#6945,#6946,#6947,#6948,#6949,#6950,#6951,
#6952,#6953,#6954,#6955,#6956,#6957,#6958),(#6959,#6960,#6961,#6962,#6963,
#6964,#6965,#6966,#6967,#6968,#6969,#6970,#6971,#6972,#6973)),
 .UNSPECIFIED.,.F.,.F.,.F.,(4,1,1,1,1,1,4),(4,1,1,1,1,1,2,1,1,1,1,4),(0.,
0.142857142857143,0.285714285714286,0.428571428571429,0.571428571428571,
0.857142857142857,1.),(0.55579397564865,0.580364705328381,0.624442295247226,
0.671330983607797,0.696037218146237,0.720743452684677,0.746412491820914,
0.770155921761556,0.802599442071996,0.835042962382437,0.899930003003317,
1.02970408424508),.UNSPECIFIED.);
#2682=B_SPLINE_SURFACE_WITH_KNOTS('',3,3,((#6995,#6996,#6997,#6998),(#6999,
#7000,#7001,#7002),(#7003,#7004,#7005,#7006),(#7007,#7008,#7009,#7010),
(#7011,#7012,#7013,#7014),(#7015,#7016,#7017,#7018),(#7019,#7020,#7021,
#7022),(#7023,#7024,#7025,#7026),(#7027,#7028,#7029,#7030),(#7031,#7032,
#7033,#7034)),.UNSPECIFIED.,.F.,.F.,.F.,(4,1,1,1,1,1,1,4),(4,4),(0.,0.142857142857143,
0.285714285714286,0.428571428571429,0.571428571428571,0.714285714285714,
0.857142857142857,1.),(-3.40396717262304,1.81406119234153E-15),
 .UNSPECIFIED.);
#2683=B_SPLINE_SURFACE_WITH_KNOTS('',3,3,((#7106,#7107,#7108,#7109,#7110,
#7111,#7112,#7113,#7114,#7115,#7116,#7117,#7118,#7119,#7120),(#7121,#7122,
#7123,#7124,#7125,#7126,#7127,#7128,#7129,#7130,#7131,#7132,#7133,#7134,
#7135),(#7136,#7137,#7138,#7139,#7140,#7141,#7142,#7143,#7144,#7145,#7146,
#7147,#7148,#7149,#7150),(#7151,#7152,#7153,#7154,#7155,#7156,#7157,#7158,
#7159,#7160,#7161,#7162,#7163,#7164,#7165),(#7166,#7167,#7168,#7169,#7170,
#7171,#7172,#7173,#7174,#7175,#7176,#7177,#7178,#7179,#7180),(#7181,#7182,
#7183,#7184,#7185,#7186,#7187,#7188,#7189,#7190,#7191,#7192,#7193,#7194,
#7195)),.UNSPECIFIED.,.F.,.F.,.F.,(4,1,1,4),(4,2,1,1,1,1,1,2,1,1,4),(0.,
0.285714285714286,0.571428571428571,1.),(-0.00848856568901351,0.,0.0766452330843855,
0.153294612918477,0.226004236885203,0.267977631686888,0.328179028802854,
0.35571996402506,0.39815195090342,0.440585347881122,0.451643631989185),
 .UNSPECIFIED.);
#2684=B_SPLINE_SURFACE_WITH_KNOTS('',3,3,((#7207,#7208,#7209,#7210),(#7211,
#7212,#7213,#7214),(#7215,#7216,#7217,#7218),(#7219,#7220,#7221,#7222)),
 .UNSPECIFIED.,.F.,.F.,.F.,(4,4),(4,4),(0.797815448399004,1.),(-5.30328292615375,
-4.96),.UNSPECIFIED.);
#2685=B_SPLINE_SURFACE_WITH_KNOTS('',3,1,((#7245,#7246),(#7247,#7248),(#7249,
#7250),(#7251,#7252),(#7253,#7254),(#7255,#7256)),.UNSPECIFIED.,.F.,.F.,
 .F.,(4,2,4),(2,2),(1.15744867701415,1.34676569318312,1.59662701706411),
(0.,0.3),.UNSPECIFIED.);
#2686=B_SPLINE_SURFACE_WITH_KNOTS('',3,1,((#7285,#7286),(#7287,#7288),(#7289,
#7290),(#7291,#7292),(#7293,#7294),(#7295,#7296)),.UNSPECIFIED.,.F.,.F.,
 .F.,(4,2,4),(2,2),(0.44544883570207,0.546761782546622,0.953770415261215),
(0.,0.3),.UNSPECIFIED.);
#2687=B_SPLINE_SURFACE_WITH_KNOTS('',3,3,((#7341,#7342,#7343,#7344),(#7345,
#7346,#7347,#7348),(#7349,#7350,#7351,#7352),(#7353,#7354,#7355,#7356),
(#7357,#7358,#7359,#7360),(#7361,#7362,#7363,#7364),(#7365,#7366,#7367,
#7368)),.UNSPECIFIED.,.F.,.F.,.F.,(4,1,1,1,4),(4,4),(0.,0.157627503440515,
0.236441255160773,0.394068758601288,0.551696262041803),(2.8,3.40706581961349),
 .UNSPECIFIED.);
#2688=B_SPLINE_SURFACE_WITH_KNOTS('',3,3,((#7400,#7401,#7402,#7403),(#7404,
#7405,#7406,#7407),(#7408,#7409,#7410,#7411),(#7412,#7413,#7414,#7415)),
 .UNSPECIFIED.,.F.,.F.,.F.,(4,4),(4,4),(0.797815448552904,1.),(2.8,3.14328292615376),
 .UNSPECIFIED.);
#2689=B_SPLINE_SURFACE_WITH_KNOTS('',3,3,((#7432,#7433,#7434,#7435,#7436,
#7437,#7438,#7439,#7440,#7441,#7442,#7443,#7444,#7445,#7446),(#7447,#7448,
#7449,#7450,#7451,#7452,#7453,#7454,#7455,#7456,#7457,#7458,#7459,#7460,
#7461),(#7462,#7463,#7464,#7465,#7466,#7467,#7468,#7469,#7470,#7471,#7472,
#7473,#7474,#7475,#7476),(#7477,#7478,#7479,#7480,#7481,#7482,#7483,#7484,
#7485,#7486,#7487,#7488,#7489,#7490,#7491),(#7492,#7493,#7494,#7495,#7496,
#7497,#7498,#7499,#7500,#7501,#7502,#7503,#7504,#7505,#7506),(#7507,#7508,
#7509,#7510,#7511,#7512,#7513,#7514,#7515,#7516,#7517,#7518,#7519,#7520,
#7521),(#7522,#7523,#7524,#7525,#7526,#7527,#7528,#7529,#7530,#7531,#7532,
#7533,#7534,#7535,#7536),(#7537,#7538,#7539,#7540,#7541,#7542,#7543,#7544,
#7545,#7546,#7547,#7548,#7549,#7550,#7551),(#7552,#7553,#7554,#7555,#7556,
#7557,#7558,#7559,#7560,#7561,#7562,#7563,#7564,#7565,#7566)),
 .UNSPECIFIED.,.F.,.F.,.F.,(4,1,1,1,1,1,4),(4,1,1,1,1,1,2,1,1,1,1,4),(0.,
0.142857142857143,0.285714285714286,0.428571428571429,0.571428571428571,
0.857142857142857,1.),(0.550229533472123,0.574405647215829,0.618861892684556,
0.665769227552415,0.690473339985418,0.71517745241842,0.741064586528344,
0.764585677284426,0.797028557453305,0.829471437622185,0.894357197959944,
1.02412871863546),.UNSPECIFIED.);
#2690=B_SPLINE_SURFACE_WITH_KNOTS('',3,3,((#7576,#7577,#7578,#7579,#7580,
#7581,#7582,#7583,#7584,#7585,#7586,#7587,#7588),(#7589,#7590,#7591,#7592,
#7593,#7594,#7595,#7596,#7597,#7598,#7599,#7600,#7601),(#7602,#7603,#7604,
#7605,#7606,#7607,#7608,#7609,#7610,#7611,#7612,#7613,#7614),(#7615,#7616,
#7617,#7618,#7619,#7620,#7621,#7622,#7623,#7624,#7625,#7626,#7627),(#7628,
#7629,#7630,#7631,#7632,#7633,#7634,#7635,#7636,#7637,#7638,#7639,#7640),
(#7641,#7642,#7643,#7644,#7645,#7646,#7647,#7648,#7649,#7650,#7651,#7652,
#7653)),.UNSPECIFIED.,.F.,.F.,.F.,(4,1,1,4),(4,2,1,1,1,1,1,1,1,4),(0.,0.285714285714286,
0.571428571428571,1.),(-0.014043446768684,0.,0.0839864618385645,0.16797691642399,
0.236782532836346,0.305453191672647,0.346891555536228,0.398265081725096,
0.432013412704781,0.446062822090698),.UNSPECIFIED.);
#2691=B_SPLINE_SURFACE_WITH_KNOTS('',3,3,((#7656,#7657,#7658,#7659),(#7660,
#7661,#7662,#7663),(#7664,#7665,#7666,#7667),(#7668,#7669,#7670,#7671),
(#7672,#7673,#7674,#7675),(#7676,#7677,#7678,#7679),(#7680,#7681,#7682,
#7683),(#7684,#7685,#7686,#7687),(#7688,#7689,#7690,#7691),(#7692,#7693,
#7694,#7695)),.UNSPECIFIED.,.F.,.F.,.F.,(4,1,1,1,1,1,1,4),(4,4),(0.,0.142857142857143,
0.285714285714286,0.428571428571429,0.571428571428571,0.714285714285714,
0.857142857142857,1.),(-2.525,-0.925),.UNSPECIFIED.);
#2692=B_SPLINE_SURFACE_WITH_KNOTS('',3,3,((#7715,#7716,#7717,#7718),(#7719,
#7720,#7721,#7722),(#7723,#7724,#7725,#7726),(#7727,#7728,#7729,#7730)),
 .UNSPECIFIED.,.F.,.F.,.F.,(4,4),(4,4),(0.785554876978602,1.),(-5.48010620841215,
-4.96),.UNSPECIFIED.);
#2693=B_SPLINE_SURFACE_WITH_KNOTS('',3,3,((#7811,#7812,#7813,#7814),(#7815,
#7816,#7817,#7818),(#7819,#7820,#7821,#7822),(#7823,#7824,#7825,#7826),
(#7827,#7828,#7829,#7830),(#7831,#7832,#7833,#7834),(#7835,#7836,#7837,
#7838),(#7839,#7840,#7841,#7842),(#7843,#7844,#7845,#7846),(#7847,#7848,
#7849,#7850)),.UNSPECIFIED.,.F.,.F.,.F.,(4,1,1,1,1,1,1,4),(4,4),(0.,0.142857142857143,
0.285714285714286,0.428571428571429,0.571428571428571,0.714285714285714,
0.857142857142857,1.),(-0.225000000000005,0.575),.UNSPECIFIED.);
#2694=B_SPLINE_SURFACE_WITH_KNOTS('',3,3,((#7863,#7864,#7865,#7866),(#7867,
#7868,#7869,#7870),(#7871,#7872,#7873,#7874),(#7875,#7876,#7877,#7878),
(#7879,#7880,#7881,#7882),(#7883,#7884,#7885,#7886),(#7887,#7888,#7889,
#7890),(#7891,#7892,#7893,#7894),(#7895,#7896,#7897,#7898),(#7899,#7900,
#7901,#7902)),.UNSPECIFIED.,.F.,.F.,.F.,(4,1,1,1,1,1,1,4),(4,4),(0.,0.142857142857143,
0.285714285714286,0.428571428571429,0.571428571428571,0.714285714285714,
0.857142857142857,1.),(-1.725,-0.924999999999999),.UNSPECIFIED.);
#2695=B_SPLINE_SURFACE_WITH_KNOTS('',3,3,((#7914,#7915,#7916,#7917,#7918,
#7919,#7920,#7921,#7922,#7923),(#7924,#7925,#7926,#7927,#7928,#7929,#7930,
#7931,#7932,#7933),(#7934,#7935,#7936,#7937,#7938,#7939,#7940,#7941,#7942,
#7943),(#7944,#7945,#7946,#7947,#7948,#7949,#7950,#7951,#7952,#7953),(#7954,
#7955,#7956,#7957,#7958,#7959,#7960,#7961,#7962,#7963),(#7964,#7965,#7966,
#7967,#7968,#7969,#7970,#7971,#7972,#7973),(#7974,#7975,#7976,#7977,#7978,
#7979,#7980,#7981,#7982,#7983),(#7984,#7985,#7986,#7987,#7988,#7989,#7990,
#7991,#7992,#7993)),.UNSPECIFIED.,.F.,.F.,.F.,(4,1,1,1,1,4),(4,2,2,2,4),
(0.,0.285714285714286,0.571428571428571,0.642857142857143,0.857142857142857,
1.),(0.754671312021958,0.764604264830518,0.829490020167527,0.894375775504536,
1.02414728617855),.UNSPECIFIED.);
#2696=B_SPLINE_SURFACE_WITH_KNOTS('',3,3,((#8000,#8001,#8002,#8003),(#8004,
#8005,#8006,#8007),(#8008,#8009,#8010,#8011),(#8012,#8013,#8014,#8015),
(#8016,#8017,#8018,#8019),(#8020,#8021,#8022,#8023),(#8024,#8025,#8026,
#8027),(#8028,#8029,#8030,#8031),(#8032,#8033,#8034,#8035),(#8036,#8037,
#8038,#8039)),.UNSPECIFIED.,.F.,.F.,.F.,(4,1,1,1,1,1,1,4),(4,4),(0.,0.142857142857143,
0.285714285714286,0.428571428571429,0.571428571428571,0.714285714285714,
0.857142857142857,1.),(-2.16,1.24247553811128),.UNSPECIFIED.);
#2697=B_SPLINE_SURFACE_WITH_KNOTS('',3,3,((#8187,#8188,#8189,#8190),(#8191,
#8192,#8193,#8194),(#8195,#8196,#8197,#8198),(#8199,#8200,#8201,#8202),
(#8203,#8204,#8205,#8206)),.UNSPECIFIED.,.F.,.F.,.F.,(4,1,4),(4,4),(0.,
0.5,1.),(2.58466034152816,2.61475661028507),.UNSPECIFIED.);
#2698=B_SPLINE_SURFACE_WITH_KNOTS('',3,3,((#8315,#8316,#8317,#8318),(#8319,
#8320,#8321,#8322),(#8323,#8324,#8325,#8326),(#8327,#8328,#8329,#8330),
(#8331,#8332,#8333,#8334),(#8335,#8336,#8337,#8338)),.UNSPECIFIED.,.F.,
 .F.,.F.,(4,1,1,4),(4,4),(0.,0.285714285714286,0.571428571428571,1.),(0.3,
0.343282926153762),.UNSPECIFIED.);
#2699=B_SPLINE_SURFACE_WITH_KNOTS('',3,3,((#8362,#8363,#8364,#8365,#8366,
#8367,#8368,#8369,#8370,#8371),(#8372,#8373,#8374,#8375,#8376,#8377,#8378,
#8379,#8380,#8381),(#8382,#8383,#8384,#8385,#8386,#8387,#8388,#8389,#8390,
#8391),(#8392,#8393,#8394,#8395,#8396,#8397,#8398,#8399,#8400,#8401),(#8402,
#8403,#8404,#8405,#8406,#8407,#8408,#8409,#8410,#8411),(#8412,#8413,#8414,
#8415,#8416,#8417,#8418,#8419,#8420,#8421)),.UNSPECIFIED.,.F.,.F.,.F.,(4,
1,1,4),(4,2,2,2,4),(0.,0.285714285714286,0.571428571428571,1.),(0.,0.0542803057833249,
0.273076700879539,0.462120950513009,0.542689574042081),.UNSPECIFIED.);
#2700=B_SPLINE_SURFACE_WITH_KNOTS('',3,3,((#8444,#8445,#8446,#8447),(#8448,
#8449,#8450,#8451),(#8452,#8453,#8454,#8455),(#8456,#8457,#8458,#8459),
(#8460,#8461,#8462,#8463),(#8464,#8465,#8466,#8467)),.UNSPECIFIED.,.F.,
 .F.,.F.,(4,1,1,4),(4,4),(0.,0.285714285714286,0.571428571428571,1.),(8.72727662034823E-16,
0.257548136969395),.UNSPECIFIED.);
#2701=B_SPLINE_SURFACE_WITH_KNOTS('',3,3,((#8474,#8475,#8476,#8477),(#8478,
#8479,#8480,#8481),(#8482,#8483,#8484,#8485),(#8486,#8487,#8488,#8489),
(#8490,#8491,#8492,#8493),(#8494,#8495,#8496,#8497)),.UNSPECIFIED.,.F.,
 .F.,.F.,(4,1,1,4),(4,4),(0.,0.285714285714286,0.571428571428571,1.),(1.54151303537377E-15,
0.255636426181127),.UNSPECIFIED.);
#2702=B_SPLINE_SURFACE_WITH_KNOTS('',3,3,((#8513,#8514,#8515,#8516,#8517,
#8518),(#8519,#8520,#8521,#8522,#8523,#8524),(#8525,#8526,#8527,#8528,#8529,
#8530),(#8531,#8532,#8533,#8534,#8535,#8536),(#8537,#8538,#8539,#8540,#8541,
#8542)),.UNSPECIFIED.,.F.,.F.,.F.,(4,1,4),(4,1,1,4),(0.,0.5,1.),(0.718571791481156,
0.932617902146734,1.07531530925712,1.2180127163675),.UNSPECIFIED.);
#2703=B_SPLINE_SURFACE_WITH_KNOTS('',3,3,((#8556,#8557,#8558,#8559,#8560,
#8561,#8562,#8563),(#8564,#8565,#8566,#8567,#8568,#8569,#8570,#8571),(#8572,
#8573,#8574,#8575,#8576,#8577,#8578,#8579),(#8580,#8581,#8582,#8583,#8584,
#8585,#8586,#8587),(#8588,#8589,#8590,#8591,#8592,#8593,#8594,#8595)),
 .UNSPECIFIED.,.F.,.F.,.F.,(4,1,4),(4,1,1,2,4),(0.,0.5,1.),(0.,0.116900185048846,
0.233800370097692,0.389667283496153,0.477718195682047),.UNSPECIFIED.);
#2704=B_SPLINE_SURFACE_WITH_KNOTS('',3,3,((#8615,#8616,#8617,#8618,#8619,
#8620,#8621,#8622,#8623,#8624,#8625,#8626),(#8627,#8628,#8629,#8630,#8631,
#8632,#8633,#8634,#8635,#8636,#8637,#8638),(#8639,#8640,#8641,#8642,#8643,
#8644,#8645,#8646,#8647,#8648,#8649,#8650),(#8651,#8652,#8653,#8654,#8655,
#8656,#8657,#8658,#8659,#8660,#8661,#8662),(#8663,#8664,#8665,#8666,#8667,
#8668,#8669,#8670,#8671,#8672,#8673,#8674),(#8675,#8676,#8677,#8678,#8679,
#8680,#8681,#8682,#8683,#8684,#8685,#8686)),.UNSPECIFIED.,.F.,.F.,.F.,(4,
1,1,4),(4,2,2,2,2,4),(0.,0.285714285714286,0.571428571428571,1.),(1.88400927490117E-12,
0.130390587406907,0.313909374697028,0.595820627307224,0.818220622702346,
0.929340078301586),.UNSPECIFIED.);
#2705=B_SPLINE_SURFACE_WITH_KNOTS('',3,3,((#8714,#8715,#8716,#8717),(#8718,
#8719,#8720,#8721),(#8722,#8723,#8724,#8725),(#8726,#8727,#8728,#8729),
(#8730,#8731,#8732,#8733),(#8734,#8735,#8736,#8737)),.UNSPECIFIED.,.F.,
 .F.,.F.,(4,1,1,4),(4,4),(0.,0.285714285714286,0.571428571428571,1.),(0.,
0.189539417099278),.UNSPECIFIED.);
#2706=B_SPLINE_SURFACE_WITH_KNOTS('',3,3,((#8776,#8777,#8778,#8779),(#8780,
#8781,#8782,#8783),(#8784,#8785,#8786,#8787),(#8788,#8789,#8790,#8791),
(#8792,#8793,#8794,#8795),(#8796,#8797,#8798,#8799)),.UNSPECIFIED.,.F.,
 .F.,.F.,(4,1,1,4),(4,4),(0.,0.285714285714286,0.571428571428571,1.),(0.300000000000001,
0.489539417099282),.UNSPECIFIED.);
#2707=B_SPLINE_SURFACE_WITH_KNOTS('',3,3,((#8823,#8824,#8825,#8826,#8827,
#8828,#8829,#8830,#8831,#8832,#8833,#8834),(#8835,#8836,#8837,#8838,#8839,
#8840,#8841,#8842,#8843,#8844,#8845,#8846),(#8847,#8848,#8849,#8850,#8851,
#8852,#8853,#8854,#8855,#8856,#8857,#8858),(#8859,#8860,#8861,#8862,#8863,
#8864,#8865,#8866,#8867,#8868,#8869,#8870),(#8871,#8872,#8873,#8874,#8875,
#8876,#8877,#8878,#8879,#8880,#8881,#8882),(#8883,#8884,#8885,#8886,#8887,
#8888,#8889,#8890,#8891,#8892,#8893,#8894)),.UNSPECIFIED.,.F.,.F.,.F.,(4,
1,1,4),(4,2,2,2,2,4),(0.,0.285714285714286,0.571428571428571,1.),(1.54906858795353E-11,
0.112949101618211,0.33354234113553,0.615326492922414,0.798807807280543,
0.929338038683614),.UNSPECIFIED.);
#2708=B_SPLINE_SURFACE_WITH_KNOTS('',3,3,((#8922,#8923,#8924,#8925,#8926,
#8927,#8928,#8929),(#8930,#8931,#8932,#8933,#8934,#8935,#8936,#8937),(#8938,
#8939,#8940,#8941,#8942,#8943,#8944,#8945),(#8946,#8947,#8948,#8949,#8950,
#8951,#8952,#8953),(#8954,#8955,#8956,#8957,#8958,#8959,#8960,#8961)),
 .UNSPECIFIED.,.F.,.F.,.F.,(4,1,4),(4,2,1,1,4),(0.,0.5,1.),(0.,0.0878531467702125,
0.243801504208822,0.360762772287779,0.477724040366735),.UNSPECIFIED.);
#2709=B_SPLINE_SURFACE_WITH_KNOTS('',3,3,((#8981,#8982,#8983,#8984,#8985),
(#8986,#8987,#8988,#8989,#8990),(#8991,#8992,#8993,#8994,#8995),(#8996,
#8997,#8998,#8999,#9000),(#9001,#9002,#9003,#9004,#9005)),.UNSPECIFIED.,
 .F.,.F.,.F.,(4,1,4),(4,1,4),(0.,0.5,1.),(1.54732918824275E-13,0.214046110749773,
0.499440925082598),.UNSPECIFIED.);
#2710=B_SPLINE_SURFACE_WITH_KNOTS('',3,3,((#9066,#9067,#9068,#9069),(#9070,
#9071,#9072,#9073),(#9074,#9075,#9076,#9077),(#9078,#9079,#9080,#9081),
(#9082,#9083,#9084,#9085)),.UNSPECIFIED.,.F.,.F.,.F.,(4,1,4),(4,4),(0.,
0.5,1.),(2.6613178814712,2.69141448860657),.UNSPECIFIED.);
#2711=B_SPLINE_SURFACE_WITH_KNOTS('',3,3,((#9155,#9156,#9157,#9158),(#9159,
#9160,#9161,#9162),(#9163,#9164,#9165,#9166),(#9167,#9168,#9169,#9170),
(#9171,#9172,#9173,#9174),(#9175,#9176,#9177,#9178)),.UNSPECIFIED.,.F.,
 .F.,.F.,(4,1,1,4),(4,4),(0.,0.285714285714286,0.571428571428571,1.),(0.559662980585079,
0.815299404926991),.UNSPECIFIED.);
#2712=B_SPLINE_SURFACE_WITH_KNOTS('',3,3,((#9197,#9198,#9199,#9200),(#9201,
#9202,#9203,#9204),(#9205,#9206,#9207,#9208),(#9209,#9210,#9211,#9212),
(#9213,#9214,#9215,#9216),(#9217,#9218,#9219,#9220)),.UNSPECIFIED.,.F.,
 .F.,.F.,(4,1,1,4),(4,4),(0.,0.285714285714286,0.571428571428571,1.),(9.60744528560732E-16,
0.257548136953831),.UNSPECIFIED.);
#2713=B_SPLINE_SURFACE_WITH_KNOTS('',3,3,((#9232,#9233,#9234,#9235,#9236,
#9237,#9238,#9239,#9240,#9241),(#9242,#9243,#9244,#9245,#9246,#9247,#9248,
#9249,#9250,#9251),(#9252,#9253,#9254,#9255,#9256,#9257,#9258,#9259,#9260,
#9261),(#9262,#9263,#9264,#9265,#9266,#9267,#9268,#9269,#9270,#9271),(#9272,
#9273,#9274,#9275,#9276,#9277,#9278,#9279,#9280,#9281),(#9282,#9283,#9284,
#9285,#9286,#9287,#9288,#9289,#9290,#9291)),.UNSPECIFIED.,.F.,.F.,.F.,(4,
1,1,4),(4,2,2,2,4),(0.,0.285714285714286,0.571428571428571,1.),(0.,0.0632306637641582,
0.297840578213062,0.476192913885971,0.540730578423055),.UNSPECIFIED.);
#2714=B_SPLINE_SURFACE_WITH_KNOTS('',3,3,((#9318,#9319,#9320,#9321),(#9322,
#9323,#9324,#9325),(#9326,#9327,#9328,#9329),(#9330,#9331,#9332,#9333),
(#9334,#9335,#9336,#9337),(#9338,#9339,#9340,#9341)),.UNSPECIFIED.,.F.,
 .F.,.F.,(4,1,1,4),(4,4),(0.,0.285714285714286,0.571428571428571,1.),(0.,
0.0432829261537522),.UNSPECIFIED.);
#2715=B_SPLINE_SURFACE_WITH_KNOTS('',3,3,((#9362,#9363,#9364,#9365),(#9366,
#9367,#9368,#9369),(#9370,#9371,#9372,#9373),(#9374,#9375,#9376,#9377),
(#9378,#9379,#9380,#9381),(#9382,#9383,#9384,#9385),(#9386,#9387,#9388,
#9389)),.UNSPECIFIED.,.F.,.F.,.F.,(4,1,1,1,4),(4,4),(0.,0.157627316777975,
0.315254633555951,0.394068291944939,0.551695608722914),(-5.56709776063317,
-4.96),.UNSPECIFIED.);
#2716=B_SPLINE_SURFACE_WITH_KNOTS('',3,3,((#9416,#9417,#9418,#9419,#9420,
#9421,#9422,#9423,#9424,#9425,#9426,#9427,#9428,#9429,#9430),(#9431,#9432,
#9433,#9434,#9435,#9436,#9437,#9438,#9439,#9440,#9441,#9442,#9443,#9444,
#9445),(#9446,#9447,#9448,#9449,#9450,#9451,#9452,#9453,#9454,#9455,#9456,
#9457,#9458,#9459,#9460),(#9461,#9462,#9463,#9464,#9465,#9466,#9467,#9468,
#9469,#9470,#9471,#9472,#9473,#9474,#9475),(#9476,#9477,#9478,#9479,#9480,
#9481,#9482,#9483,#9484,#9485,#9486,#9487,#9488,#9489,#9490),(#9491,#9492,
#9493,#9494,#9495,#9496,#9497,#9498,#9499,#9500,#9501,#9502,#9503,#9504,
#9505),(#9506,#9507,#9508,#9509,#9510,#9511,#9512,#9513,#9514,#9515,#9516,
#9517,#9518,#9519,#9520),(#9521,#9522,#9523,#9524,#9525,#9526,#9527,#9528,
#9529,#9530,#9531,#9532,#9533,#9534,#9535),(#9536,#9537,#9538,#9539,#9540,
#9541,#9542,#9543,#9544,#9545,#9546,#9547,#9548,#9549,#9550)),
 .UNSPECIFIED.,.F.,.F.,.F.,(4,1,1,1,1,1,4),(4,1,1,1,1,1,2,1,1,1,1,4),(0.,
0.142857142857143,0.285714285714286,0.428571428571429,0.571428571428571,
0.857142857142857,1.),(0.55579397564865,0.580364705328381,0.624442295247226,
0.671330983607797,0.696037218146237,0.720743452684677,0.746412491820914,
0.770155921761556,0.802599442071996,0.835042962382437,0.899930003003317,
1.02970408424508),.UNSPECIFIED.);
#2717=B_SPLINE_SURFACE_WITH_KNOTS('',3,3,((#9571,#9572,#9573,#9574),(#9575,
#9576,#9577,#9578),(#9579,#9580,#9581,#9582),(#9583,#9584,#9585,#9586),
(#9587,#9588,#9589,#9590),(#9591,#9592,#9593,#9594),(#9595,#9596,#9597,
#9598),(#9599,#9600,#9601,#9602),(#9603,#9604,#9605,#9606),(#9607,#9608,
#9609,#9610)),.UNSPECIFIED.,.F.,.F.,.F.,(4,1,1,1,1,1,1,4),(4,4),(0.,0.142857142857143,
0.285714285714286,0.428571428571429,0.571428571428571,0.714285714285714,
0.857142857142857,1.),(-3.40396717262304,1.81406119234153E-15),
 .UNSPECIFIED.);
#2718=B_SPLINE_SURFACE_WITH_KNOTS('',3,3,((#9657,#9658,#9659,#9660,#9661,
#9662,#9663,#9664,#9665,#9666,#9667,#9668,#9669,#9670,#9671),(#9672,#9673,
#9674,#9675,#9676,#9677,#9678,#9679,#9680,#9681,#9682,#9683,#9684,#9685,
#9686),(#9687,#9688,#9689,#9690,#9691,#9692,#9693,#9694,#9695,#9696,#9697,
#9698,#9699,#9700,#9701),(#9702,#9703,#9704,#9705,#9706,#9707,#9708,#9709,
#9710,#9711,#9712,#9713,#9714,#9715,#9716),(#9717,#9718,#9719,#9720,#9721,
#9722,#9723,#9724,#9725,#9726,#9727,#9728,#9729,#9730,#9731),(#9732,#9733,
#9734,#9735,#9736,#9737,#9738,#9739,#9740,#9741,#9742,#9743,#9744,#9745,
#9746)),.UNSPECIFIED.,.F.,.F.,.F.,(4,1,1,4),(4,2,1,1,1,1,1,2,1,1,4),(0.,
0.285714285714286,0.571428571428571,1.),(-0.00848856568901351,0.,0.0766452330843855,
0.153294612918477,0.226004236885203,0.267977631686888,0.328179028802854,
0.35571996402506,0.39815195090342,0.440585347881122,0.451643631989185),
 .UNSPECIFIED.);
#2719=B_SPLINE_SURFACE_WITH_KNOTS('',3,3,((#9758,#9759,#9760,#9761),(#9762,
#9763,#9764,#9765),(#9766,#9767,#9768,#9769),(#9770,#9771,#9772,#9773)),
 .UNSPECIFIED.,.F.,.F.,.F.,(4,4),(4,4),(0.797815448399004,1.),(-5.30328292615375,
-4.96),.UNSPECIFIED.);
#2720=B_SPLINE_SURFACE_WITH_KNOTS('',3,1,((#9788,#9789),(#9790,#9791),(#9792,
#9793),(#9794,#9795),(#9796,#9797),(#9798,#9799)),.UNSPECIFIED.,.F.,.F.,
 .F.,(4,2,4),(2,2),(1.15744867701415,1.34676569318312,1.59662701706411),
(0.,0.3),.UNSPECIFIED.);
#2721=B_SPLINE_SURFACE_WITH_KNOTS('',3,1,((#9820,#9821),(#9822,#9823),(#9824,
#9825),(#9826,#9827),(#9828,#9829),(#9830,#9831)),.UNSPECIFIED.,.F.,.F.,
 .F.,(4,2,4),(2,2),(0.44544883570207,0.546761782546622,0.953770415261215),
(0.,0.3),.UNSPECIFIED.);
#2722=B_SPLINE_SURFACE_WITH_KNOTS('',3,3,((#9867,#9868,#9869,#9870),(#9871,
#9872,#9873,#9874),(#9875,#9876,#9877,#9878),(#9879,#9880,#9881,#9882),
(#9883,#9884,#9885,#9886),(#9887,#9888,#9889,#9890),(#9891,#9892,#9893,
#9894)),.UNSPECIFIED.,.F.,.F.,.F.,(4,1,1,1,4),(4,4),(0.,0.157627503440515,
0.236441255160773,0.394068758601288,0.551696262041803),(2.8,3.40706581961349),
 .UNSPECIFIED.);
#2723=B_SPLINE_SURFACE_WITH_KNOTS('',3,3,((#9912,#9913,#9914,#9915),(#9916,
#9917,#9918,#9919),(#9920,#9921,#9922,#9923),(#9924,#9925,#9926,#9927)),
 .UNSPECIFIED.,.F.,.F.,.F.,(4,4),(4,4),(0.797815448552904,1.),(2.8,3.14328292615376),
 .UNSPECIFIED.);
#2724=B_SPLINE_SURFACE_WITH_KNOTS('',3,3,((#9938,#9939,#9940,#9941,#9942,
#9943,#9944,#9945,#9946,#9947,#9948,#9949,#9950,#9951,#9952),(#9953,#9954,
#9955,#9956,#9957,#9958,#9959,#9960,#9961,#9962,#9963,#9964,#9965,#9966,
#9967),(#9968,#9969,#9970,#9971,#9972,#9973,#9974,#9975,#9976,#9977,#9978,
#9979,#9980,#9981,#9982),(#9983,#9984,#9985,#9986,#9987,#9988,#9989,#9990,
#9991,#9992,#9993,#9994,#9995,#9996,#9997),(#9998,#9999,#10000,#10001,#10002,
#10003,#10004,#10005,#10006,#10007,#10008,#10009,#10010,#10011,#10012),
(#10013,#10014,#10015,#10016,#10017,#10018,#10019,#10020,#10021,#10022,
#10023,#10024,#10025,#10026,#10027),(#10028,#10029,#10030,#10031,#10032,
#10033,#10034,#10035,#10036,#10037,#10038,#10039,#10040,#10041,#10042),
(#10043,#10044,#10045,#10046,#10047,#10048,#10049,#10050,#10051,#10052,
#10053,#10054,#10055,#10056,#10057),(#10058,#10059,#10060,#10061,#10062,
#10063,#10064,#10065,#10066,#10067,#10068,#10069,#10070,#10071,#10072)),
 .UNSPECIFIED.,.F.,.F.,.F.,(4,1,1,1,1,1,4),(4,1,1,1,1,1,2,1,1,1,1,4),(0.,
0.142857142857143,0.285714285714286,0.428571428571429,0.571428571428571,
0.857142857142857,1.),(0.550229533472123,0.574405647215829,0.618861892684556,
0.665769227552415,0.690473339985418,0.71517745241842,0.741064586528344,
0.764585677284426,0.797028557453305,0.829471437622185,0.894357197959944,
1.02412871863546),.UNSPECIFIED.);
#2725=B_SPLINE_SURFACE_WITH_KNOTS('',3,3,((#10082,#10083,#10084,#10085,
#10086,#10087,#10088,#10089,#10090,#10091,#10092,#10093,#10094),(#10095,
#10096,#10097,#10098,#10099,#10100,#10101,#10102,#10103,#10104,#10105,#10106,
#10107),(#10108,#10109,#10110,#10111,#10112,#10113,#10114,#10115,#10116,
#10117,#10118,#10119,#10120),(#10121,#10122,#10123,#10124,#10125,#10126,
#10127,#10128,#10129,#10130,#10131,#10132,#10133),(#10134,#10135,#10136,
#10137,#10138,#10139,#10140,#10141,#10142,#10143,#10144,#10145,#10146),
(#10147,#10148,#10149,#10150,#10151,#10152,#10153,#10154,#10155,#10156,
#10157,#10158,#10159)),.UNSPECIFIED.,.F.,.F.,.F.,(4,1,1,4),(4,2,1,1,1,1,
1,1,1,4),(0.,0.285714285714286,0.571428571428571,1.),(-0.014043446768684,
0.,0.0839864618385645,0.16797691642399,0.236782532836346,0.305453191672647,
0.346891555536228,0.398265081725096,0.432013412704781,0.446062822090698),
 .UNSPECIFIED.);
#2726=B_SPLINE_SURFACE_WITH_KNOTS('',3,3,((#10161,#10162,#10163,#10164),
(#10165,#10166,#10167,#10168),(#10169,#10170,#10171,#10172),(#10173,#10174,
#10175,#10176),(#10177,#10178,#10179,#10180),(#10181,#10182,#10183,#10184),
(#10185,#10186,#10187,#10188),(#10189,#10190,#10191,#10192),(#10193,#10194,
#10195,#10196),(#10197,#10198,#10199,#10200)),.UNSPECIFIED.,.F.,.F.,.F.,
(4,1,1,1,1,1,1,4),(4,4),(0.,0.142857142857143,0.285714285714286,0.428571428571429,
0.571428571428571,0.714285714285714,0.857142857142857,1.),(-2.525,-0.925),
 .UNSPECIFIED.);
#2727=B_SPLINE_SURFACE_WITH_KNOTS('',3,3,((#10218,#10219,#10220,#10221),
(#10222,#10223,#10224,#10225),(#10226,#10227,#10228,#10229),(#10230,#10231,
#10232,#10233),(#10234,#10235,#10236,#10237),(#10238,#10239,#10240,#10241),
(#10242,#10243,#10244,#10245),(#10246,#10247,#10248,#10249),(#10250,#10251,
#10252,#10253),(#10254,#10255,#10256,#10257)),.UNSPECIFIED.,.F.,.F.,.F.,
(4,1,1,1,1,1,1,4),(4,4),(0.,0.142857142857143,0.285714285714286,0.428571428571429,
0.571428571428571,0.714285714285714,0.857142857142857,1.),(-0.225000000000005,
0.575),.UNSPECIFIED.);
#2728=B_SPLINE_SURFACE_WITH_KNOTS('',3,3,((#10270,#10271,#10272,#10273),
(#10274,#10275,#10276,#10277),(#10278,#10279,#10280,#10281),(#10282,#10283,
#10284,#10285),(#10286,#10287,#10288,#10289),(#10290,#10291,#10292,#10293),
(#10294,#10295,#10296,#10297),(#10298,#10299,#10300,#10301),(#10302,#10303,
#10304,#10305),(#10306,#10307,#10308,#10309)),.UNSPECIFIED.,.F.,.F.,.F.,
(4,1,1,1,1,1,1,4),(4,4),(0.,0.142857142857143,0.285714285714286,0.428571428571429,
0.571428571428571,0.714285714285714,0.857142857142857,1.),(-1.725,-0.924999999999999),
 .UNSPECIFIED.);
#2729=ADVANCED_FACE('',(#377),#2631,.T.);
#2730=ADVANCED_FACE('',(#378),#2632,.T.);
#2731=ADVANCED_FACE('',(#379),#2633,.T.);
#2732=ADVANCED_FACE('',(#380),#369,.F.);
#2733=ADVANCED_FACE('',(#381),#2634,.T.);
#2734=ADVANCED_FACE('',(#382),#2635,.T.);
#2735=ADVANCED_FACE('',(#383),#370,.F.);
#2736=ADVANCED_FACE('',(#384),#2636,.F.);
#2737=ADVANCED_FACE('',(#385),#2637,.F.);
#2738=ADVANCED_FACE('',(#386),#2638,.F.);
#2739=ADVANCED_FACE('',(#387),#50,.F.);
#2740=ADVANCED_FACE('',(#388),#2639,.T.);
#2741=ADVANCED_FACE('',(#389),#2640,.T.);
#2742=ADVANCED_FACE('',(#390),#2641,.T.);
#2743=ADVANCED_FACE('',(#391),#2642,.T.);
#2744=ADVANCED_FACE('',(#392),#371,.F.);
#2745=ADVANCED_FACE('',(#393),#2643,.T.);
#2746=ADVANCED_FACE('',(#394),#372,.F.);
#2747=ADVANCED_FACE('',(#395),#2644,.T.);
#2748=ADVANCED_FACE('',(#396),#2645,.T.);
#2749=ADVANCED_FACE('',(#397),#2646,.T.);
#2750=ADVANCED_FACE('',(#398),#51,.F.);
#2751=ADVANCED_FACE('',(#399),#2647,.T.);
#2752=ADVANCED_FACE('',(#400),#2648,.T.);
#2753=ADVANCED_FACE('',(#401),#2649,.T.);
#2754=ADVANCED_FACE('',(#402),#2650,.T.);
#2755=ADVANCED_FACE('',(#403),#373,.F.);
#2756=ADVANCED_FACE('',(#404),#2651,.T.);
#2757=ADVANCED_FACE('',(#405),#374,.F.);
#2758=ADVANCED_FACE('',(#406),#2652,.F.);
#2759=ADVANCED_FACE('',(#407),#2653,.F.);
#2760=ADVANCED_FACE('',(#408),#2654,.F.);
#2761=ADVANCED_FACE('',(#409),#2655,.T.);
#2762=ADVANCED_FACE('',(#410),#2656,.T.);
#2763=ADVANCED_FACE('',(#411),#2657,.T.);
#2764=ADVANCED_FACE('',(#412),#375,.F.);
#2765=ADVANCED_FACE('',(#413),#2658,.T.);
#2766=ADVANCED_FACE('',(#414),#2659,.T.);
#2767=ADVANCED_FACE('',(#415),#376,.F.);
#2768=ADVANCED_FACE('',(#416),#52,.F.);
#2769=ADVANCED_FACE('',(#417),#53,.T.);
#2770=ADVANCED_FACE('',(#418),#54,.F.);
#2771=ADVANCED_FACE('',(#419),#55,.F.);
#2772=ADVANCED_FACE('',(#420),#2660,.T.);
#2773=ADVANCED_FACE('',(#421),#2661,.T.);
#2774=ADVANCED_FACE('',(#422),#56,.F.);
#2775=ADVANCED_FACE('',(#423),#57,.F.);
#2776=ADVANCED_FACE('',(#424),#58,.F.);
#2777=ADVANCED_FACE('',(#425),#59,.T.);
#2778=ADVANCED_FACE('',(#426),#2662,.T.);
#2779=ADVANCED_FACE('',(#427),#2663,.T.);
#2780=ADVANCED_FACE('',(#428),#2664,.T.);
#2781=ADVANCED_FACE('',(#429),#2665,.T.);
#2782=ADVANCED_FACE('',(#430),#2666,.T.);
#2783=ADVANCED_FACE('',(#431),#2667,.T.);
#2784=ADVANCED_FACE('',(#432),#2668,.T.);
#2785=ADVANCED_FACE('',(#433),#2669,.T.);
#2786=ADVANCED_FACE('',(#434),#2670,.T.);
#2787=ADVANCED_FACE('',(#435),#22,.T.);
#2788=ADVANCED_FACE('',(#436),#60,.F.);
#2789=ADVANCED_FACE('',(#437),#61,.T.);
#2790=ADVANCED_FACE('',(#438),#62,.F.);
#2791=ADVANCED_FACE('',(#439),#23,.T.);
#2792=ADVANCED_FACE('',(#440),#2671,.T.);
#2793=ADVANCED_FACE('',(#441),#2672,.T.);
#2794=ADVANCED_FACE('',(#442),#2673,.T.);
#2795=ADVANCED_FACE('',(#443),#2674,.T.);
#2796=ADVANCED_FACE('',(#444),#2675,.T.);
#2797=ADVANCED_FACE('',(#445),#2676,.T.);
#2798=ADVANCED_FACE('',(#446),#2677,.T.);
#2799=ADVANCED_FACE('',(#447),#2678,.T.);
#2800=ADVANCED_FACE('',(#448),#2679,.T.);
#2801=ADVANCED_FACE('',(#449),#2680,.T.);
#2802=ADVANCED_FACE('',(#450),#2681,.T.);
#2803=ADVANCED_FACE('',(#451),#2682,.T.);
#2804=ADVANCED_FACE('',(#452),#2683,.T.);
#2805=ADVANCED_FACE('',(#453),#2684,.T.);
#2806=ADVANCED_FACE('',(#454),#63,.F.);
#2807=ADVANCED_FACE('',(#455),#2685,.F.);
#2808=ADVANCED_FACE('',(#456,#14),#24,.T.);
#2809=ADVANCED_FACE('',(#457),#64,.F.);
#2810=ADVANCED_FACE('',(#458),#2686,.F.);
#2811=ADVANCED_FACE('',(#459,#15),#25,.T.);
#2812=ADVANCED_FACE('',(#460),#26,.T.);
#2813=ADVANCED_FACE('',(#461),#65,.F.);
#2814=ADVANCED_FACE('',(#462),#66,.T.);
#2815=ADVANCED_FACE('',(#463),#67,.F.);
#2816=ADVANCED_FACE('',(#464),#27,.T.);
#2817=ADVANCED_FACE('',(#465),#2687,.T.);
#2818=ADVANCED_FACE('',(#466),#2688,.T.);
#2819=ADVANCED_FACE('',(#467),#2689,.T.);
#2820=ADVANCED_FACE('',(#468),#2690,.T.);
#2821=ADVANCED_FACE('',(#469),#68,.F.);
#2822=ADVANCED_FACE('',(#470),#2691,.T.);
#2823=ADVANCED_FACE('',(#471),#28,.T.);
#2824=ADVANCED_FACE('',(#472),#69,.F.);
#2825=ADVANCED_FACE('',(#473),#29,.F.);
#2826=ADVANCED_FACE('',(#474),#30,.T.);
#2827=ADVANCED_FACE('',(#475),#70,.F.);
#2828=ADVANCED_FACE('',(#476),#2692,.T.);
#2829=ADVANCED_FACE('',(#477),#31,.F.);
#2830=ADVANCED_FACE('',(#478),#32,.F.);
#2831=ADVANCED_FACE('',(#479),#2693,.F.);
#2832=ADVANCED_FACE('',(#480),#2694,.T.);
#2833=ADVANCED_FACE('',(#481),#2695,.T.);
#2834=ADVANCED_FACE('',(#482),#33,.F.);
#2835=ADVANCED_FACE('',(#483),#2696,.F.);
#2836=ADVANCED_FACE('',(#484),#34,.T.);
#2837=ADVANCED_FACE('',(#485,#16,#17,#18,#19),#35,.T.);
#2838=ADVANCED_FACE('',(#486),#36,.F.);
#2839=ADVANCED_FACE('',(#487),#71,.F.);
#2840=ADVANCED_FACE('',(#488),#72,.F.);
#2841=ADVANCED_FACE('',(#489),#73,.T.);
#2842=ADVANCED_FACE('',(#490),#74,.F.);
#2843=ADVANCED_FACE('',(#491),#75,.F.);
#2844=ADVANCED_FACE('',(#492),#76,.T.);
#2845=ADVANCED_FACE('',(#493),#2697,.F.);
#2846=ADVANCED_FACE('',(#494),#2698,.F.);
#2847=ADVANCED_FACE('',(#495),#2699,.F.);
#2848=ADVANCED_FACE('',(#496),#2700,.F.);
#2849=ADVANCED_FACE('',(#497),#2701,.F.);
#2850=ADVANCED_FACE('',(#498),#2702,.F.);
#2851=ADVANCED_FACE('',(#499),#2703,.F.);
#2852=ADVANCED_FACE('',(#500),#2704,.F.);
#2853=ADVANCED_FACE('',(#501),#2705,.F.);
#2854=ADVANCED_FACE('',(#502),#37,.F.);
#2855=ADVANCED_FACE('',(#503),#77,.F.);
#2856=ADVANCED_FACE('',(#504),#78,.T.);
#2857=ADVANCED_FACE('',(#505),#79,.F.);
#2858=ADVANCED_FACE('',(#506),#38,.F.);
#2859=ADVANCED_FACE('',(#507),#2706,.F.);
#2860=ADVANCED_FACE('',(#508),#2707,.F.);
#2861=ADVANCED_FACE('',(#509),#2708,.F.);
#2862=ADVANCED_FACE('',(#510),#2709,.F.);
#2863=ADVANCED_FACE('',(#511),#2710,.F.);
#2864=ADVANCED_FACE('',(#512),#2711,.F.);
#2865=ADVANCED_FACE('',(#513),#2712,.F.);
#2866=ADVANCED_FACE('',(#514),#2713,.F.);
#2867=ADVANCED_FACE('',(#515),#2714,.F.);
#2868=ADVANCED_FACE('',(#516),#2715,.F.);
#2869=ADVANCED_FACE('',(#517),#2716,.F.);
#2870=ADVANCED_FACE('',(#518),#2717,.F.);
#2871=ADVANCED_FACE('',(#519),#2718,.F.);
#2872=ADVANCED_FACE('',(#520),#2719,.F.);
#2873=ADVANCED_FACE('',(#521),#80,.F.);
#2874=ADVANCED_FACE('',(#522),#2720,.T.);
#2875=ADVANCED_FACE('',(#523,#20),#39,.F.);
#2876=ADVANCED_FACE('',(#524),#81,.F.);
#2877=ADVANCED_FACE('',(#525),#2721,.T.);
#2878=ADVANCED_FACE('',(#526,#21),#40,.F.);
#2879=ADVANCED_FACE('',(#527),#41,.F.);
#2880=ADVANCED_FACE('',(#528),#82,.F.);
#2881=ADVANCED_FACE('',(#529),#83,.T.);
#2882=ADVANCED_FACE('',(#530),#84,.F.);
#2883=ADVANCED_FACE('',(#531),#42,.F.);
#2884=ADVANCED_FACE('',(#532),#2722,.F.);
#2885=ADVANCED_FACE('',(#533),#2723,.F.);
#2886=ADVANCED_FACE('',(#534),#2724,.F.);
#2887=ADVANCED_FACE('',(#535),#2725,.F.);
#2888=ADVANCED_FACE('',(#536),#85,.F.);
#2889=ADVANCED_FACE('',(#537),#2726,.F.);
#2890=ADVANCED_FACE('',(#538),#43,.F.);
#2891=ADVANCED_FACE('',(#539),#44,.T.);
#2892=ADVANCED_FACE('',(#540),#86,.F.);
#2893=ADVANCED_FACE('',(#541),#45,.T.);
#2894=ADVANCED_FACE('',(#542),#46,.F.);
#2895=ADVANCED_FACE('',(#543),#87,.F.);
#2896=ADVANCED_FACE('',(#544),#47,.T.);
#2897=ADVANCED_FACE('',(#545),#48,.T.);
#2898=ADVANCED_FACE('',(#546),#2727,.T.);
#2899=ADVANCED_FACE('',(#547),#2728,.F.);
#2900=ADVANCED_FACE('',(#548),#49,.T.);
#2901=CLOSED_SHELL('',(#2729,#2730,#2731,#2732,#2733,#2734,#2735,#2736,
#2737,#2738,#2739,#2740,#2741,#2742,#2743,#2744,#2745,#2746,#2747,#2748,
#2749,#2750,#2751,#2752,#2753,#2754,#2755,#2756,#2757,#2758,#2759,#2760,
#2761,#2762,#2763,#2764,#2765,#2766,#2767,#2768,#2769,#2770,#2771,#2772,
#2773,#2774,#2775,#2776,#2777,#2778,#2779,#2780,#2781,#2782,#2783,#2784,
#2785,#2786,#2787,#2788,#2789,#2790,#2791,#2792,#2793,#2794,#2795,#2796,
#2797,#2798,#2799,#2800,#2801,#2802,#2803,#2804,#2805,#2806,#2807,#2808,
#2809,#2810,#2811,#2812,#2813,#2814,#2815,#2816,#2817,#2818,#2819,#2820,
#2821,#2822,#2823,#2824,#2825,#2826,#2827,#2828,#2829,#2830,#2831,#2832,
#2833,#2834,#2835,#2836,#2837,#2838,#2839,#2840,#2841,#2842,#2843,#2844,
#2845,#2846,#2847,#2848,#2849,#2850,#2851,#2852,#2853,#2854,#2855,#2856,
#2857,#2858,#2859,#2860,#2861,#2862,#2863,#2864,#2865,#2866,#2867,#2868,
#2869,#2870,#2871,#2872,#2873,#2874,#2875,#2876,#2877,#2878,#2879,#2880,
#2881,#2882,#2883,#2884,#2885,#2886,#2887,#2888,#2889,#2890,#2891,#2892,
#2893,#2894,#2895,#2896,#2897,#2898,#2899,#2900));
#2902=DERIVED_UNIT_ELEMENT(#2905,1.);
#2903=DERIVED_UNIT_ELEMENT(#10317,-3.);
#2904=DIMENSIONAL_EXPONENTS(0.,1.,0.,0.,0.,0.,0.);
#2905=(
CONVERSION_BASED_UNIT('gram',#2907)
MASS_UNIT()
NAMED_UNIT(#2904)
);
#2906=(
MASS_UNIT()
NAMED_UNIT(*)
SI_UNIT(.KILO.,.GRAM.)
);
#2907=MASS_MEASURE_WITH_UNIT(MASS_MEASURE(0.001),#2906);
#2908=DERIVED_UNIT((#2902,#2903));
#2909=MEASURE_REPRESENTATION_ITEM('density measure',
POSITIVE_RATIO_MEASURE(1.),#2908);
#2910=PROPERTY_DEFINITION_REPRESENTATION(#2915,#2912);
#2911=PROPERTY_DEFINITION_REPRESENTATION(#2916,#2913);
#2912=REPRESENTATION('material name',(#2914),#10314);
#2913=REPRESENTATION('density',(#2909),#10314);
#2914=DESCRIPTIVE_REPRESENTATION_ITEM('Generic','Generic');
#2915=PROPERTY_DEFINITION('material property','material name',#10324);
#2916=PROPERTY_DEFINITION('material property','density of part',#10324);
#2917=DATE_TIME_ROLE('creation_date');
#2918=APPLIED_DATE_AND_TIME_ASSIGNMENT(#2919,#2917,(#10324));
#2919=DATE_AND_TIME(#2920,#2921);
#2920=CALENDAR_DATE(2023,17,2);
#2921=LOCAL_TIME(0,0,0.,#2922);
#2922=COORDINATED_UNIVERSAL_TIME_OFFSET(0,0,.BEHIND.);
#2923=AXIS2_PLACEMENT_3D('',#3544,#3094,#3095);
#2924=AXIS2_PLACEMENT_3D('',#3579,#3096,#3097);
#2925=AXIS2_PLACEMENT_3D('',#3653,#3098,#3099);
#2926=AXIS2_PLACEMENT_3D('',#3664,#3100,#3101);
#2927=AXIS2_PLACEMENT_3D('',#3766,#3102,#3103);
#2928=AXIS2_PLACEMENT_3D('',#3797,#3104,#3105);
#2929=AXIS2_PLACEMENT_3D('',#3798,#3106,#3107);
#2930=AXIS2_PLACEMENT_3D('',#3817,#3108,#3109);
#2931=AXIS2_PLACEMENT_3D('',#3823,#3110,#3111);
#2932=AXIS2_PLACEMENT_3D('',#3859,#3112,#3113);
#2933=AXIS2_PLACEMENT_3D('',#3860,#3114,#3115);
#2934=AXIS2_PLACEMENT_3D('',#4085,#3119,#3120);
#2935=AXIS2_PLACEMENT_3D('',#4088,#3122,#3123);
#2936=AXIS2_PLACEMENT_3D('',#4122,#3124,#3125);
#2937=AXIS2_PLACEMENT_3D('',#4149,#3126,#3127);
#2938=AXIS2_PLACEMENT_3D('',#4230,#3128,#3129);
#2939=AXIS2_PLACEMENT_3D('',#4243,#3130,#3131);
#2940=AXIS2_PLACEMENT_3D('',#4317,#3132,#3133);
#2941=AXIS2_PLACEMENT_3D('',#4338,#3134,#3135);
#2942=AXIS2_PLACEMENT_3D('',#4339,#3136,#3137);
#2943=AXIS2_PLACEMENT_3D('',#4378,#3138,#3139);
#2944=AXIS2_PLACEMENT_3D('',#4379,#3140,#3141);
#2945=AXIS2_PLACEMENT_3D('',#4380,#3142,#3143);
#2946=AXIS2_PLACEMENT_3D('',#4577,#3147,#3148);
#2947=AXIS2_PLACEMENT_3D('',#4581,#3150,#3151);
#2948=AXIS2_PLACEMENT_3D('',#4616,#3153,#3154);
#2949=AXIS2_PLACEMENT_3D('',#4643,#3155,#3156);
#2950=AXIS2_PLACEMENT_3D('',#4724,#3157,#3158);
#2951=AXIS2_PLACEMENT_3D('',#4737,#3159,#3160);
#2952=AXIS2_PLACEMENT_3D('',#4811,#3161,#3162);
#2953=AXIS2_PLACEMENT_3D('',#4832,#3163,#3164);
#2954=AXIS2_PLACEMENT_3D('',#4833,#3165,#3166);
#2955=AXIS2_PLACEMENT_3D('',#4872,#3167,#3168);
#2956=AXIS2_PLACEMENT_3D('',#4873,#3169,#3170);
#2957=AXIS2_PLACEMENT_3D('',#4874,#3171,#3172);
#2958=AXIS2_PLACEMENT_3D('',#5081,#3176,#3177);
#2959=AXIS2_PLACEMENT_3D('',#5155,#3178,#3179);
#2960=AXIS2_PLACEMENT_3D('',#5166,#3180,#3181);
#2961=AXIS2_PLACEMENT_3D('',#5276,#3182,#3183);
#2962=AXIS2_PLACEMENT_3D('',#5305,#3184,#3185);
#2963=AXIS2_PLACEMENT_3D('',#5306,#3186,#3187);
#2964=AXIS2_PLACEMENT_3D('',#5325,#3188,#3189);
#2965=AXIS2_PLACEMENT_3D('',#5331,#3190,#3191);
#2966=AXIS2_PLACEMENT_3D('',#5367,#3192,#3193);
#2967=AXIS2_PLACEMENT_3D('',#5368,#3194,#3195);
#2968=AXIS2_PLACEMENT_3D('',#5369,#3196,#3197);
#2969=AXIS2_PLACEMENT_3D('',#5373,#3199,#3200);
#2970=AXIS2_PLACEMENT_3D('',#5375,#3202,#3203);
#2971=AXIS2_PLACEMENT_3D('',#5378,#3205,#3206);
#2972=AXIS2_PLACEMENT_3D('',#5379,#3207,#3208);
#2973=AXIS2_PLACEMENT_3D('',#5382,#3210,#3211);
#2974=AXIS2_PLACEMENT_3D('',#5383,#3212,#3213);
#2975=AXIS2_PLACEMENT_3D('',#5384,#3214,#3215);
#2976=AXIS2_PLACEMENT_3D('',#5577,#3220,#3221);
#2977=AXIS2_PLACEMENT_3D('',#5581,#3223,#3224);
#2978=AXIS2_PLACEMENT_3D('',#5583,#3226,#3227);
#2979=AXIS2_PLACEMENT_3D('',#5586,#3229,#3230);
#2980=AXIS2_PLACEMENT_3D('',#5587,#3231,#3232);
#2981=AXIS2_PLACEMENT_3D('',#5591,#3234,#3235);
#2982=AXIS2_PLACEMENT_3D('',#5593,#3237,#3238);
#2983=AXIS2_PLACEMENT_3D('',#5594,#3239,#3240);
#2984=AXIS2_PLACEMENT_3D('',#5765,#3241,#3242);
#2985=AXIS2_PLACEMENT_3D('',#5831,#3243,#3244);
#2986=AXIS2_PLACEMENT_3D('',#5877,#3245,#3246);
#2987=AXIS2_PLACEMENT_3D('',#5963,#3247,#3248);
#2988=AXIS2_PLACEMENT_3D('',#6006,#3249,#3250);
#2989=AXIS2_PLACEMENT_3D('',#6097,#3251,#3252);
#2990=AXIS2_PLACEMENT_3D('',#6166,#3253,#3254);
#2991=AXIS2_PLACEMENT_3D('',#6170,#3257,#3258);
#2992=AXIS2_PLACEMENT_3D('',#6172,#3259,#3260);
#2993=AXIS2_PLACEMENT_3D('',#6174,#3262,#3263);
#2994=AXIS2_PLACEMENT_3D('',#6176,#3264,#3265);
#2995=AXIS2_PLACEMENT_3D('',#6178,#3267,#3268);
#2996=AXIS2_PLACEMENT_3D('',#6180,#3269,#3270);
#2997=AXIS2_PLACEMENT_3D('',#6182,#3272,#3273);
#2998=AXIS2_PLACEMENT_3D('',#6226,#3275,#3276);
#2999=AXIS2_PLACEMENT_3D('',#6305,#3277,#3278);
#3000=AXIS2_PLACEMENT_3D('',#6372,#3279,#3280);
#3001=AXIS2_PLACEMENT_3D('',#6604,#3281,#3282);
#3002=AXIS2_PLACEMENT_3D('',#6631,#3283,#3284);
#3003=AXIS2_PLACEMENT_3D('',#6702,#3285,#3286);
#3004=AXIS2_PLACEMENT_3D('',#7239,#3291,#3292);
#3005=AXIS2_PLACEMENT_3D('',#7241,#3293,#3294);
#3006=AXIS2_PLACEMENT_3D('',#7244,#3296,#3297);
#3007=AXIS2_PLACEMENT_3D('',#7269,#3298,#3299);
#3008=AXIS2_PLACEMENT_3D('',#7273,#3301,#3302);
#3009=AXIS2_PLACEMENT_3D('',#7275,#3303,#3304);
#3010=AXIS2_PLACEMENT_3D('',#7277,#3305,#3306);
#3011=AXIS2_PLACEMENT_3D('',#7279,#3308,#3309);
#3012=AXIS2_PLACEMENT_3D('',#7281,#3310,#3311);
#3013=AXIS2_PLACEMENT_3D('',#7284,#3313,#3314);
#3014=AXIS2_PLACEMENT_3D('',#7323,#3315,#3316);
#3015=AXIS2_PLACEMENT_3D('',#7332,#3317,#3318);
#3016=AXIS2_PLACEMENT_3D('',#7334,#3320,#3321);
#3017=AXIS2_PLACEMENT_3D('',#7336,#3323,#3324);
#3018=AXIS2_PLACEMENT_3D('',#7338,#3326,#3327);
#3019=AXIS2_PLACEMENT_3D('',#7340,#3329,#3330);
#3020=AXIS2_PLACEMENT_3D('',#7654,#3333,#3334);
#3021=AXIS2_PLACEMENT_3D('',#7655,#3335,#3336);
#3022=AXIS2_PLACEMENT_3D('',#7698,#3339,#3340);
#3023=AXIS2_PLACEMENT_3D('',#7700,#3342,#3343);
#3024=AXIS2_PLACEMENT_3D('',#7703,#3346,#3347);
#3025=AXIS2_PLACEMENT_3D('',#7709,#3351,#3352);
#3026=AXIS2_PLACEMENT_3D('',#7711,#3354,#3355);
#3027=AXIS2_PLACEMENT_3D('',#7713,#3356,#3357);
#3028=AXIS2_PLACEMENT_3D('',#7804,#3360,#3361);
#3029=AXIS2_PLACEMENT_3D('',#7806,#3363,#3364);
#3030=AXIS2_PLACEMENT_3D('',#7994,#3370,#3371);
#3031=AXIS2_PLACEMENT_3D('',#8088,#3376,#3377);
#3032=AXIS2_PLACEMENT_3D('',#8092,#3380,#3381);
#3033=AXIS2_PLACEMENT_3D('',#8095,#3383,#3384);
#3034=AXIS2_PLACEMENT_3D('',#8097,#3385,#3386);
#3035=AXIS2_PLACEMENT_3D('',#8099,#3387,#3388);
#3036=AXIS2_PLACEMENT_3D('',#8100,#3389,#3390);
#3037=AXIS2_PLACEMENT_3D('',#8103,#3392,#3393);
#3038=AXIS2_PLACEMENT_3D('',#8105,#3394,#3395);
#3039=AXIS2_PLACEMENT_3D('',#8107,#3396,#3397);
#3040=AXIS2_PLACEMENT_3D('',#8109,#3398,#3399);
#3041=AXIS2_PLACEMENT_3D('',#8171,#3404,#3405);
#3042=AXIS2_PLACEMENT_3D('',#8173,#3406,#3407);
#3043=AXIS2_PLACEMENT_3D('',#8174,#3408,#3409);
#3044=AXIS2_PLACEMENT_3D('',#8175,#3410,#3411);
#3045=AXIS2_PLACEMENT_3D('',#8177,#3413,#3414);
#3046=AXIS2_PLACEMENT_3D('',#8180,#3417,#3418);
#3047=AXIS2_PLACEMENT_3D('',#8181,#3419,#3420);
#3048=AXIS2_PLACEMENT_3D('',#8183,#3422,#3423);
#3049=AXIS2_PLACEMENT_3D('',#8186,#3426,#3427);
#3050=AXIS2_PLACEMENT_3D('',#8357,#3428,#3429);
#3051=AXIS2_PLACEMENT_3D('',#8423,#3430,#3431);
#3052=AXIS2_PLACEMENT_3D('',#8469,#3432,#3433);
#3053=AXIS2_PLACEMENT_3D('',#8551,#3434,#3435);
#3054=AXIS2_PLACEMENT_3D('',#8598,#3436,#3437);
#3055=AXIS2_PLACEMENT_3D('',#8689,#3438,#3439);
#3056=AXIS2_PLACEMENT_3D('',#8758,#3440,#3441);
#3057=AXIS2_PLACEMENT_3D('',#8762,#3444,#3445);
#3058=AXIS2_PLACEMENT_3D('',#8765,#3447,#3448);
#3059=AXIS2_PLACEMENT_3D('',#8766,#3449,#3450);
#3060=AXIS2_PLACEMENT_3D('',#8769,#3452,#3453);
#3061=AXIS2_PLACEMENT_3D('',#8770,#3454,#3455);
#3062=AXIS2_PLACEMENT_3D('',#8773,#3457,#3458);
#3063=AXIS2_PLACEMENT_3D('',#8774,#3459,#3460);
#3064=AXIS2_PLACEMENT_3D('',#8818,#3462,#3463);
#3065=AXIS2_PLACEMENT_3D('',#8897,#3464,#3465);
#3066=AXIS2_PLACEMENT_3D('',#8964,#3466,#3467);
#3067=AXIS2_PLACEMENT_3D('',#9186,#3468,#3469);
#3068=AXIS2_PLACEMENT_3D('',#9223,#3470,#3471);
#3069=AXIS2_PLACEMENT_3D('',#9294,#3472,#3473);
#3070=AXIS2_PLACEMENT_3D('',#9784,#3477,#3478);
#3071=AXIS2_PLACEMENT_3D('',#9786,#3479,#3480);
#3072=AXIS2_PLACEMENT_3D('',#9806,#3482,#3483);
#3073=AXIS2_PLACEMENT_3D('',#9810,#3485,#3486);
#3074=AXIS2_PLACEMENT_3D('',#9812,#3487,#3488);
#3075=AXIS2_PLACEMENT_3D('',#9814,#3489,#3490);
#3076=AXIS2_PLACEMENT_3D('',#9816,#3492,#3493);
#3077=AXIS2_PLACEMENT_3D('',#9818,#3494,#3495);
#3078=AXIS2_PLACEMENT_3D('',#9849,#3497,#3498);
#3079=AXIS2_PLACEMENT_3D('',#9858,#3499,#3500);
#3080=AXIS2_PLACEMENT_3D('',#9860,#3502,#3503);
#3081=AXIS2_PLACEMENT_3D('',#9862,#3505,#3506);
#3082=AXIS2_PLACEMENT_3D('',#9864,#3508,#3509);
#3083=AXIS2_PLACEMENT_3D('',#9866,#3511,#3512);
#3084=AXIS2_PLACEMENT_3D('',#10160,#3514,#3515);
#3085=AXIS2_PLACEMENT_3D('',#10202,#3517,#3518);
#3086=AXIS2_PLACEMENT_3D('',#10203,#3519,#3520);
#3087=AXIS2_PLACEMENT_3D('',#10205,#3522,#3523);
#3088=AXIS2_PLACEMENT_3D('',#10207,#3525,#3526);
#3089=AXIS2_PLACEMENT_3D('',#10210,#3529,#3530);
#3090=AXIS2_PLACEMENT_3D('',#10211,#3531,#3532);
#3091=AXIS2_PLACEMENT_3D('',#10213,#3534,#3535);
#3092=AXIS2_PLACEMENT_3D('',#10214,#3536,#3537);
#3093=AXIS2_PLACEMENT_3D('',#10311,#3542,#3543);
#3094=DIRECTION('axis',(0.,0.,1.));
#3095=DIRECTION('refdir',(1.,0.,0.));
#3096=DIRECTION('center_axis',(0.329283120982304,0.214302455068593,-0.919590715474948));
#3097=DIRECTION('ref_axis',(0.545468564486018,-0.838131281576796,0.));
#3098=DIRECTION('center_axis',(0.943227851708598,0.328814074758443,-0.0469310558365382));
#3099=DIRECTION('ref_axis',(0.329176784472087,-0.944268311744399,0.));
#3100=DIRECTION('center_axis',(0.0513618685587808,-0.226660155836235,0.972618698264867));
#3101=DIRECTION('ref_axis',(0.,-0.973904146389081,-0.22695971811349));
#3102=DIRECTION('center_axis',(0.00951053472172458,-0.00720604370681987,
0.999928808797608));
#3103=DIRECTION('ref_axis',(-0.603915894078318,-0.797048049291625,2.2204460492503E-15));
#3104=DIRECTION('center_axis',(0.,0.,1.));
#3105=DIRECTION('ref_axis',(1.,0.,0.));
#3106=DIRECTION('center_axis',(0.,0.,1.));
#3107=DIRECTION('ref_axis',(0.926608922133803,-0.376026469044445,0.));
#3108=DIRECTION('center_axis',(1.40180282186799E-6,5.85055005273375E-6,
0.999999999981903));
#3109=DIRECTION('ref_axis',(0.97247509021651,-0.23300686450916,-2.22044604925031E-15));
#3110=DIRECTION('center_axis',(-0.0721887122086299,-0.247107282514097,-0.966295390011852));
#3111=DIRECTION('ref_axis',(0.970549460183608,-0.240652250924194,-0.010965375617209));
#3112=DIRECTION('center_axis',(0.,0.,1.));
#3113=DIRECTION('ref_axis',(1.,0.,0.));
#3114=DIRECTION('center_axis',(0.,0.,1.));
#3115=DIRECTION('ref_axis',(0.31369576311016,-0.949523548000119,0.));
#3116=DIRECTION('',(-1.,0.,-2.22044604925031E-16));
#3117=DIRECTION('',(1.,0.,2.22044604925031E-16));
#3118=DIRECTION('',(2.22044604925031E-16,0.,-1.));
#3119=DIRECTION('center_axis',(0.,0.,-1.));
#3120=DIRECTION('ref_axis',(0.462214052801596,0.886768385426952,0.));
#3121=DIRECTION('',(0.,0.,-1.));
#3122=DIRECTION('center_axis',(0.,0.,1.));
#3123=DIRECTION('ref_axis',(0.462214052801596,0.886768385426952,0.));
#3124=DIRECTION('center_axis',(-1.28970427056062E-7,5.38269677921927E-7,
-0.999999999999847));
#3125=DIRECTION('ref_axis',(0.972475090218991,0.233006864498808,2.2204460492503E-15));
#3126=DIRECTION('center_axis',(-0.29736800091979,0.413481415960173,-0.860584330954578));
#3127=DIRECTION('ref_axis',(0.811849488935424,0.583866771888322,-2.22044604925032E-15));
#3128=DIRECTION('center_axis',(-0.980371020845774,0.195592351740703,0.0248252578305947));
#3129=DIRECTION('ref_axis',(0.195652650753861,0.980673258661104,0.));
#3130=DIRECTION('center_axis',(0.133481014156211,0.128522725966514,0.982682414501229));
#3131=DIRECTION('ref_axis',(0.932359882177205,0.319873694065553,-0.168481067041274));
#3132=DIRECTION('center_axis',(0.00702330878827845,0.0265874836887172,0.999621817911537));
#3133=DIRECTION('ref_axis',(0.966836027309098,-0.25539791756622,0.));
#3134=DIRECTION('center_axis',(0.,0.,1.));
#3135=DIRECTION('ref_axis',(1.,0.,0.));
#3136=DIRECTION('center_axis',(0.,0.,1.));
#3137=DIRECTION('ref_axis',(0.0902952989907235,0.995915036024748,0.));
#3138=DIRECTION('center_axis',(0.227450089332556,-0.0258912573963535,-0.973445478521036));
#3139=DIRECTION('ref_axis',(0.,0.999646472929433,-0.0265881394562495));
#3140=DIRECTION('center_axis',(0.,0.,1.));
#3141=DIRECTION('ref_axis',(1.,0.,0.));
#3142=DIRECTION('center_axis',(0.,0.,1.));
#3143=DIRECTION('ref_axis',(0.825563586869222,0.564309103271979,0.));
#3144=DIRECTION('',(0.,0.,-1.));
#3145=DIRECTION('',(1.,0.,0.));
#3146=DIRECTION('',(-1.,0.,0.));
#3147=DIRECTION('center_axis',(0.,0.,-1.));
#3148=DIRECTION('ref_axis',(-1.,0.,0.));
#3149=DIRECTION('',(0.,0.,-1.));
#3150=DIRECTION('center_axis',(0.,0.,1.));
#3151=DIRECTION('ref_axis',(-1.,0.,0.));
#3152=DIRECTION('',(0.,0.,1.));
#3153=DIRECTION('center_axis',(1.28968588602675E-7,5.38261995441569E-7,
-0.999999999999847));
#3154=DIRECTION('ref_axis',(-0.973190899976158,0.22999885261365,-1.71141545379781E-9));
#3155=DIRECTION('center_axis',(0.297368000919806,0.413481415960208,-0.860584330954555));
#3156=DIRECTION('ref_axis',(-0.932359882178758,0.319873694065678,-0.168481067032442));
#3157=DIRECTION('center_axis',(0.980371020845774,0.195592351740704,0.0248252578305962));
#3158=DIRECTION('ref_axis',(-6.28497254240301E-11,0.125913307038123,-0.992041248694188));
#3159=DIRECTION('center_axis',(-0.133481014156222,0.128522725966519,0.982682414501227));
#3160=DIRECTION('ref_axis',(0.693600952417598,0.72035943722936,-2.22044604925032E-15));
#3161=DIRECTION('center_axis',(-0.00702330878827845,0.0265874836887172,
0.999621817911537));
#3162=DIRECTION('ref_axis',(0.,0.999646472929556,-0.0265881394516044));
#3163=DIRECTION('center_axis',(0.,0.,1.));
#3164=DIRECTION('ref_axis',(1.,0.,0.));
#3165=DIRECTION('center_axis',(0.,0.,1.));
#3166=DIRECTION('ref_axis',(-0.0902952989907235,0.995915036024748,0.));
#3167=DIRECTION('center_axis',(-0.227450089332556,-0.0258912573963535,-0.973445478521036));
#3168=DIRECTION('ref_axis',(-0.113102273841461,0.993583351134615,-2.22044604925032E-15));
#3169=DIRECTION('center_axis',(0.,0.,1.));
#3170=DIRECTION('ref_axis',(-0.792274547605255,0.610164765630472,0.));
#3171=DIRECTION('center_axis',(0.,0.,1.));
#3172=DIRECTION('ref_axis',(-0.825563586869222,0.564309103271979,0.));
#3173=DIRECTION('',(1.,0.,0.));
#3174=DIRECTION('',(-1.,0.,0.));
#3175=DIRECTION('',(0.,0.,-1.));
#3176=DIRECTION('center_axis',(-0.329283120982304,0.214302455068593,-0.919590715474948));
#3177=DIRECTION('ref_axis',(0.,-0.973904146386994,-0.226959718122448));
#3178=DIRECTION('center_axis',(-0.943227851708598,0.328814074758443,-0.0469310558365363));
#3179=DIRECTION('ref_axis',(4.44089209850064E-15,-0.141296302576394,-0.989967350410225));
#3180=DIRECTION('center_axis',(-0.051361868558781,-0.226660155836235,0.972618698264867));
#3181=DIRECTION('ref_axis',(-0.975273816569465,0.220999960891466,0.));
#3182=DIRECTION('center_axis',(-0.00951053472172786,-0.0072060437068251,
0.999928808797607));
#3183=DIRECTION('ref_axis',(-0.970549460183693,-0.24065225092387,-0.0109653756168093));
#3184=DIRECTION('center_axis',(0.,0.,1.));
#3185=DIRECTION('ref_axis',(-0.781344981711815,-0.624099366730782,0.));
#3186=DIRECTION('center_axis',(0.,0.,1.));
#3187=DIRECTION('ref_axis',(-0.926608922133803,-0.376026469044445,0.));
#3188=DIRECTION('center_axis',(-1.40180349055997E-6,5.8505528435798E-6,
0.999999999981903));
#3189=DIRECTION('ref_axis',(-0.973190899998452,-0.229998852519316,-1.86019599723864E-8));
#3190=DIRECTION('center_axis',(0.0721887122086299,-0.247107282514097,-0.966295390011852));
#3191=DIRECTION('ref_axis',(-0.959879045919004,-0.280414366974345,0.));
#3192=DIRECTION('center_axis',(0.,0.,1.));
#3193=DIRECTION('ref_axis',(1.,0.,0.));
#3194=DIRECTION('center_axis',(0.,0.,1.));
#3195=DIRECTION('ref_axis',(-0.31369576311016,-0.949523548000119,0.));
#3196=DIRECTION('center_axis',(0.,0.,1.));
#3197=DIRECTION('ref_axis',(-0.926608922133802,-0.376026469044446,0.));
#3198=DIRECTION('',(0.,0.,-1.));
#3199=DIRECTION('center_axis',(0.,0.,-1.));
#3200=DIRECTION('ref_axis',(-0.926608922133802,-0.376026469044446,0.));
#3201=DIRECTION('',(0.,0.,1.));
#3202=DIRECTION('center_axis',(0.,0.,1.));
#3203=DIRECTION('ref_axis',(0.541832182884206,0.840486695665634,0.));
#3204=DIRECTION('',(0.,0.,1.));
#3205=DIRECTION('center_axis',(0.,0.,-1.));
#3206=DIRECTION('ref_axis',(-1.,0.,0.));
#3207=DIRECTION('center_axis',(0.,0.,-1.));
#3208=DIRECTION('ref_axis',(-0.313695763110159,-0.94952354800012,0.));
#3209=DIRECTION('',(0.,0.,-1.));
#3210=DIRECTION('center_axis',(0.,0.,-1.));
#3211=DIRECTION('ref_axis',(-0.313695763110159,-0.94952354800012,0.));
#3212=DIRECTION('center_axis',(0.,0.,1.));
#3213=DIRECTION('ref_axis',(-0.462214052801596,0.886768385426952,0.));
#3214=DIRECTION('center_axis',(0.,0.,-1.));
#3215=DIRECTION('ref_axis',(-0.462214052801596,0.886768385426952,0.));
#3216=DIRECTION('',(1.,0.,-2.22044604925031E-16));
#3217=DIRECTION('',(-1.,0.,2.22044604925031E-16));
#3218=DIRECTION('',(-1.,0.,2.22044604925031E-16));
#3219=DIRECTION('',(1.,0.,-2.22044604925031E-16));
#3220=DIRECTION('center_axis',(0.,0.,-1.));
#3221=DIRECTION('ref_axis',(-0.825563586869222,0.564309103271979,0.));
#3222=DIRECTION('',(0.,0.,-1.));
#3223=DIRECTION('center_axis',(0.,0.,-1.));
#3224=DIRECTION('ref_axis',(-0.825563586869222,0.564309103271979,0.));
#3225=DIRECTION('',(0.,0.,1.));
#3226=DIRECTION('center_axis',(0.,0.,1.));
#3227=DIRECTION('ref_axis',(1.,0.,0.));
#3228=DIRECTION('',(0.,0.,1.));
#3229=DIRECTION('center_axis',(0.,0.,-1.));
#3230=DIRECTION('ref_axis',(1.,0.,0.));
#3231=DIRECTION('center_axis',(0.,0.,1.));
#3232=DIRECTION('ref_axis',(-0.0902952989907232,0.995915036024748,0.));
#3233=DIRECTION('',(0.,0.,-1.));
#3234=DIRECTION('center_axis',(0.,0.,-1.));
#3235=DIRECTION('ref_axis',(-0.0902952989907232,0.995915036024748,0.));
#3236=DIRECTION('',(0.,0.,1.));
#3237=DIRECTION('center_axis',(0.,0.,1.));
#3238=DIRECTION('ref_axis',(0.506645788885772,-0.862154304405142,0.));
#3239=DIRECTION('center_axis',(0.,0.,-1.));
#3240=DIRECTION('ref_axis',(-1.,0.,0.));
#3241=DIRECTION('center_axis',(4.75555529533788E-15,-8.2368633897275E-15,
-1.));
#3242=DIRECTION('ref_axis',(-0.866025403784415,-0.500000000000042,0.));
#3243=DIRECTION('center_axis',(0.256595809046338,-0.444436978277445,-0.858274060612034));
#3244=DIRECTION('ref_axis',(-0.866025403784412,-0.500000000000046,0.));
#3245=DIRECTION('center_axis',(0.339085652546453,-0.587313578328045,-0.734903858303013));
#3246=DIRECTION('ref_axis',(-0.866025403784412,-0.500000000000046,8.8817841970013E-15));
#3247=DIRECTION('center_axis',(-0.973186713994291,-0.213408472197145,-0.0858163370196789));
#3248=DIRECTION('ref_axis',(-0.21419865667661,0.976790118437905,0.));
#3249=DIRECTION('center_axis',(-0.387729462060804,0.671567127730306,0.631398018053673));
#3250=DIRECTION('ref_axis',(0.866025403735965,0.500000000083958,0.));
#3251=DIRECTION('center_axis',(4.54026832075288E-15,-7.86397541153954E-15,
1.));
#3252=DIRECTION('ref_axis',(0.866025403784442,0.499999999999994,0.));
#3253=DIRECTION('center_axis',(0.86602540378444,0.499999999999997,0.));
#3254=DIRECTION('ref_axis',(0.499999999999997,-0.86602540378444,0.));
#3255=DIRECTION('',(-0.499999999999997,0.86602540378444,0.));
#3256=DIRECTION('',(0.,0.,-1.));
#3257=DIRECTION('center_axis',(0.,0.,1.));
#3258=DIRECTION('ref_axis',(0.997784943116559,-0.0665222315461872,0.));
#3259=DIRECTION('center_axis',(0.,0.,-1.));
#3260=DIRECTION('ref_axis',(0.997784943116559,-0.0665222315461872,0.));
#3261=DIRECTION('',(0.,0.,-1.));
#3262=DIRECTION('center_axis',(0.,0.,1.));
#3263=DIRECTION('ref_axis',(1.,0.,0.));
#3264=DIRECTION('center_axis',(0.,0.,1.));
#3265=DIRECTION('ref_axis',(1.,0.,0.));
#3266=DIRECTION('',(0.,0.,-1.));
#3267=DIRECTION('center_axis',(0.,0.,1.));
#3268=DIRECTION('ref_axis',(-1.,0.,0.));
#3269=DIRECTION('center_axis',(0.,0.,-1.));
#3270=DIRECTION('ref_axis',(-1.,0.,0.));
#3271=DIRECTION('',(0.,0.,-1.));
#3272=DIRECTION('center_axis',(-0.866025403784415,-0.500000000000042,0.));
#3273=DIRECTION('ref_axis',(-0.500000000000042,0.866025403784415,0.));
#3274=DIRECTION('',(0.500000000000042,-0.866025403784415,0.));
#3275=DIRECTION('center_axis',(-2.33341537783852E-15,-2.18051623835808E-14,
-1.));
#3276=DIRECTION('ref_axis',(0.86602540378443,-0.500000000000015,8.88178419700131E-15));
#3277=DIRECTION('center_axis',(0.38772946220211,0.671567127994057,-0.631398017686369));
#3278=DIRECTION('ref_axis',(0.866025403742092,-0.500000000073347,0.));
#3279=DIRECTION('center_axis',(0.973186713992224,-0.213408472145306,0.0858163371720255));
#3280=DIRECTION('ref_axis',(-0.2141986566274,-0.976790118448696,0.));
#3281=DIRECTION('center_axis',(-0.33908565254643,-0.587313578328063,0.734903858303009));
#3282=DIRECTION('ref_axis',(-0.866025403784438,0.500000000000001,0.));
#3283=DIRECTION('center_axis',(-0.256595809051771,-0.444436978286926,0.8582740606055));
#3284=DIRECTION('ref_axis',(-0.866025403784446,0.499999999999986,0.));
#3285=DIRECTION('center_axis',(9.51111059067519E-15,1.64737267794564E-14,
1.));
#3286=DIRECTION('ref_axis',(-0.866025403784445,0.499999999999988,0.));
#3287=DIRECTION('',(2.22044604925031E-16,0.,1.));
#3288=DIRECTION('',(1.,0.,-2.22044604925031E-16));
#3289=DIRECTION('',(-1.,0.,2.22044604925031E-16));
#3290=DIRECTION('',(-2.22044604925031E-16,0.,-1.));
#3291=DIRECTION('center_axis',(0.,0.,1.));
#3292=DIRECTION('ref_axis',(1.,0.,0.));
#3293=DIRECTION('center_axis',(0.,0.,-1.));
#3294=DIRECTION('ref_axis',(1.,0.,0.));
#3295=DIRECTION('',(0.,0.,1.));
#3296=DIRECTION('center_axis',(0.,0.,1.));
#3297=DIRECTION('ref_axis',(1.,0.,0.));
#3298=DIRECTION('center_axis',(0.,0.,-1.));
#3299=DIRECTION('ref_axis',(-1.,0.,0.));
#3300=DIRECTION('',(0.500000000000015,0.86602540378443,0.));
#3301=DIRECTION('center_axis',(0.,0.,-1.));
#3302=DIRECTION('ref_axis',(-0.866025403784439,0.499999999999999,0.));
#3303=DIRECTION('center_axis',(0.,0.,1.));
#3304=DIRECTION('ref_axis',(4.44089209850062E-15,1.,0.));
#3305=DIRECTION('center_axis',(0.,0.,-1.));
#3306=DIRECTION('ref_axis',(-0.866025403784439,0.499999999999999,0.));
#3307=DIRECTION('',(-0.499999999999989,-0.866025403784445,0.));
#3308=DIRECTION('center_axis',(0.,0.,1.));
#3309=DIRECTION('ref_axis',(1.,0.,0.));
#3310=DIRECTION('center_axis',(0.,0.,-1.));
#3311=DIRECTION('ref_axis',(1.,0.,0.));
#3312=DIRECTION('',(0.,0.,1.));
#3313=DIRECTION('center_axis',(0.,0.,1.));
#3314=DIRECTION('ref_axis',(1.,0.,0.));
#3315=DIRECTION('center_axis',(0.,0.,-1.));
#3316=DIRECTION('ref_axis',(-1.,0.,0.));
#3317=DIRECTION('center_axis',(0.86602540378443,-0.500000000000015,0.));
#3318=DIRECTION('ref_axis',(-0.500000000000015,-0.86602540378443,0.));
#3319=DIRECTION('',(0.,0.,-1.));
#3320=DIRECTION('center_axis',(0.,0.,1.));
#3321=DIRECTION('ref_axis',(-0.866025403784439,0.499999999999999,0.));
#3322=DIRECTION('',(0.,0.,-1.));
#3323=DIRECTION('center_axis',(0.,0.,1.));
#3324=DIRECTION('ref_axis',(4.44089209850062E-15,1.,0.));
#3325=DIRECTION('',(0.,0.,-1.));
#3326=DIRECTION('center_axis',(0.,0.,1.));
#3327=DIRECTION('ref_axis',(-0.866025403784439,0.499999999999999,0.));
#3328=DIRECTION('',(0.,0.,-1.));
#3329=DIRECTION('center_axis',(-0.866025403784445,0.499999999999989,0.));
#3330=DIRECTION('ref_axis',(0.499999999999989,0.866025403784445,0.));
#3331=DIRECTION('',(-2.22044604925031E-16,0.,-1.));
#3332=DIRECTION('',(2.22044604925031E-16,0.,1.));
#3333=DIRECTION('center_axis',(0.,0.,1.));
#3334=DIRECTION('ref_axis',(0.973613617803609,-0.228202811611442,0.));
#3335=DIRECTION('center_axis',(0.,0.,-1.));
#3336=DIRECTION('ref_axis',(0.973613617803609,-0.228202811611442,0.));
#3337=DIRECTION('',(8.57457505675012E-32,1.,3.86164530304402E-16));
#3338=DIRECTION('',(-8.57457505675012E-32,-1.,-3.86164530304402E-16));
#3339=DIRECTION('center_axis',(-1.,0.,2.22044604925031E-16));
#3340=DIRECTION('ref_axis',(-2.22044604925031E-16,0.,-1.));
#3341=DIRECTION('',(0.,1.,0.));
#3342=DIRECTION('center_axis',(0.,1.,0.));
#3343=DIRECTION('ref_axis',(-0.707106781186547,0.,-0.707106781186548));
#3344=DIRECTION('',(0.,1.,0.));
#3345=DIRECTION('',(0.,-1.,0.));
#3346=DIRECTION('center_axis',(-1.,0.,2.22044604925031E-16));
#3347=DIRECTION('ref_axis',(2.22044604925031E-16,0.,1.));
#3348=DIRECTION('',(-2.22044604925031E-16,0.,-1.));
#3349=DIRECTION('',(0.,-1.,0.));
#3350=DIRECTION('',(-2.22044604925031E-16,0.,-1.));
#3351=DIRECTION('center_axis',(0.,-1.,0.));
#3352=DIRECTION('ref_axis',(-2.22044604925031E-16,0.,-1.));
#3353=DIRECTION('',(-1.,0.,0.));
#3354=DIRECTION('center_axis',(0.,0.,1.));
#3355=DIRECTION('ref_axis',(-0.284489646942295,-0.958679112520268,0.));
#3356=DIRECTION('center_axis',(0.,0.,-1.));
#3357=DIRECTION('ref_axis',(3.33066907387547E-15,1.,0.));
#3358=DIRECTION('',(0.,0.,1.));
#3359=DIRECTION('',(-2.22044604925031E-16,0.,-1.));
#3360=DIRECTION('center_axis',(0.,-1.,0.));
#3361=DIRECTION('ref_axis',(-2.22044604925031E-16,0.,-1.));
#3362=DIRECTION('',(1.,0.,0.));
#3363=DIRECTION('center_axis',(-1.,0.,2.22044604925031E-16));
#3364=DIRECTION('ref_axis',(-2.22044604925031E-16,0.,-1.));
#3365=DIRECTION('',(0.,-1.,0.));
#3366=DIRECTION('',(8.57457505675012E-32,1.,3.86164530304402E-16));
#3367=DIRECTION('',(3.86164530304402E-16,-1.,0.));
#3368=DIRECTION('',(-3.86164530304402E-16,1.,0.));
#3369=DIRECTION('',(-8.57457505675012E-32,-1.,-3.86164530304402E-16));
#3370=DIRECTION('center_axis',(-2.22044604925031E-16,-3.86164530304402E-16,
1.));
#3371=DIRECTION('ref_axis',(-8.57457505675012E-32,1.,3.86164530304402E-16));
#3372=DIRECTION('',(-1.,0.,-2.22044604925031E-16));
#3373=DIRECTION('',(-8.57457505675012E-32,1.,3.86164530304402E-16));
#3374=DIRECTION('',(1.,0.,2.22044604925031E-16));
#3375=DIRECTION('',(1.,0.,2.22044604925031E-16));
#3376=DIRECTION('center_axis',(0.,1.,0.));
#3377=DIRECTION('ref_axis',(-1.,0.,0.));
#3378=DIRECTION('',(1.,0.,0.));
#3379=DIRECTION('',(-2.22044604925031E-16,0.,1.));
#3380=DIRECTION('center_axis',(0.,0.,1.));
#3381=DIRECTION('ref_axis',(1.,0.,0.));
#3382=DIRECTION('',(1.,0.,0.));
#3383=DIRECTION('center_axis',(0.,0.,1.));
#3384=DIRECTION('ref_axis',(0.825563586869222,0.564309103271979,0.));
#3385=DIRECTION('center_axis',(0.,0.,1.));
#3386=DIRECTION('ref_axis',(1.,0.,0.));
#3387=DIRECTION('center_axis',(0.,0.,1.));
#3388=DIRECTION('ref_axis',(0.0902952989907232,0.995915036024748,0.));
#3389=DIRECTION('center_axis',(0.,0.,1.));
#3390=DIRECTION('ref_axis',(-0.973613617803609,-0.228202811611442,0.));
#3391=DIRECTION('',(0.,-1.,0.));
#3392=DIRECTION('center_axis',(0.,0.,1.));
#3393=DIRECTION('ref_axis',(0.313695763110159,-0.94952354800012,0.));
#3394=DIRECTION('center_axis',(0.,0.,1.));
#3395=DIRECTION('ref_axis',(1.,0.,0.));
#3396=DIRECTION('center_axis',(0.,0.,1.));
#3397=DIRECTION('ref_axis',(0.926608922133802,-0.376026469044446,0.));
#3398=DIRECTION('center_axis',(0.,0.,1.));
#3399=DIRECTION('ref_axis',(-3.33066907387547E-15,1.,0.));
#3400=DIRECTION('',(-1.,0.,0.));
#3401=DIRECTION('',(0.,-1.,0.));
#3402=DIRECTION('',(1.,0.,0.));
#3403=DIRECTION('',(0.,1.,0.));
#3404=DIRECTION('center_axis',(0.,0.,-1.));
#3405=DIRECTION('ref_axis',(-1.,0.,0.));
#3406=DIRECTION('center_axis',(0.,0.,-1.));
#3407=DIRECTION('ref_axis',(-1.,0.,0.));
#3408=DIRECTION('center_axis',(0.,1.,0.));
#3409=DIRECTION('ref_axis',(-1.,0.,0.));
#3410=DIRECTION('center_axis',(0.,0.,1.));
#3411=DIRECTION('ref_axis',(0.313695763110159,-0.94952354800012,0.));
#3412=DIRECTION('',(0.,0.,1.));
#3413=DIRECTION('center_axis',(0.,0.,-1.));
#3414=DIRECTION('ref_axis',(0.926608922133802,-0.376026469044446,0.));
#3415=DIRECTION('',(0.,0.,1.));
#3416=DIRECTION('',(0.,0.,-1.));
#3417=DIRECTION('center_axis',(0.,0.,-1.));
#3418=DIRECTION('ref_axis',(-0.541832182884206,0.840486695665634,0.));
#3419=DIRECTION('center_axis',(0.,0.,1.));
#3420=DIRECTION('ref_axis',(0.825563586869222,0.564309103271979,0.));
#3421=DIRECTION('',(0.,0.,1.));
#3422=DIRECTION('center_axis',(0.,0.,-1.));
#3423=DIRECTION('ref_axis',(0.0902952989907232,0.995915036024748,0.));
#3424=DIRECTION('',(0.,0.,1.));
#3425=DIRECTION('',(0.,0.,-1.));
#3426=DIRECTION('center_axis',(0.,0.,-1.));
#3427=DIRECTION('ref_axis',(-0.506645788885772,-0.862154304405142,0.));
#3428=DIRECTION('center_axis',(4.75555529533788E-15,8.2368633897275E-15,
1.));
#3429=DIRECTION('ref_axis',(0.866025403784415,-0.500000000000042,0.));
#3430=DIRECTION('center_axis',(0.256595809046338,0.444436978277445,0.858274060612034));
#3431=DIRECTION('ref_axis',(0.866025403784412,-0.500000000000046,0.));
#3432=DIRECTION('center_axis',(0.339085652546453,0.587313578328045,0.734903858303013));
#3433=DIRECTION('ref_axis',(0.866025403784412,-0.500000000000046,8.8817841970013E-15));
#3434=DIRECTION('center_axis',(-0.973186713994291,0.213408472197145,0.0858163370196789));
#3435=DIRECTION('ref_axis',(0.21419865667661,0.976790118437905,0.));
#3436=DIRECTION('center_axis',(-0.387729462060804,-0.671567127730306,-0.631398018053673));
#3437=DIRECTION('ref_axis',(-0.866025403735965,0.500000000083958,0.));
#3438=DIRECTION('center_axis',(4.54026832075288E-15,7.86397541153954E-15,
-1.));
#3439=DIRECTION('ref_axis',(-0.866025403784442,0.499999999999994,0.));
#3440=DIRECTION('center_axis',(0.86602540378444,-0.499999999999997,0.));
#3441=DIRECTION('ref_axis',(-0.499999999999997,-0.86602540378444,0.));
#3442=DIRECTION('',(0.,0.,-1.));
#3443=DIRECTION('',(0.499999999999997,0.86602540378444,0.));
#3444=DIRECTION('center_axis',(0.,0.,-1.));
#3445=DIRECTION('ref_axis',(-0.997784943116559,-0.0665222315461872,0.));
#3446=DIRECTION('',(0.,0.,-1.));
#3447=DIRECTION('center_axis',(0.,0.,1.));
#3448=DIRECTION('ref_axis',(-0.997784943116559,-0.0665222315461872,0.));
#3449=DIRECTION('center_axis',(0.,0.,-1.));
#3450=DIRECTION('ref_axis',(-1.,0.,0.));
#3451=DIRECTION('',(0.,0.,-1.));
#3452=DIRECTION('center_axis',(0.,0.,-1.));
#3453=DIRECTION('ref_axis',(-1.,0.,0.));
#3454=DIRECTION('center_axis',(0.,0.,-1.));
#3455=DIRECTION('ref_axis',(1.,0.,0.));
#3456=DIRECTION('',(0.,0.,-1.));
#3457=DIRECTION('center_axis',(0.,0.,1.));
#3458=DIRECTION('ref_axis',(1.,0.,0.));
#3459=DIRECTION('center_axis',(-0.866025403784415,0.500000000000042,0.));
#3460=DIRECTION('ref_axis',(0.500000000000042,0.866025403784415,0.));
#3461=DIRECTION('',(-0.500000000000042,-0.866025403784415,0.));
#3462=DIRECTION('center_axis',(-2.33341537783852E-15,2.18051623835808E-14,
1.));
#3463=DIRECTION('ref_axis',(-0.86602540378443,-0.500000000000015,8.88178419700131E-15));
#3464=DIRECTION('center_axis',(0.38772946220211,-0.671567127994057,0.631398017686369));
#3465=DIRECTION('ref_axis',(-0.866025403742092,-0.500000000073347,0.));
#3466=DIRECTION('center_axis',(0.973186713992224,0.213408472145306,-0.0858163371720255));
#3467=DIRECTION('ref_axis',(0.2141986566274,-0.976790118448696,0.));
#3468=DIRECTION('center_axis',(-0.33908565254643,0.587313578328063,-0.734903858303009));
#3469=DIRECTION('ref_axis',(0.866025403784438,0.500000000000001,0.));
#3470=DIRECTION('center_axis',(-0.256595809051771,0.444436978286926,-0.8582740606055));
#3471=DIRECTION('ref_axis',(0.866025403784446,0.499999999999986,0.));
#3472=DIRECTION('center_axis',(9.51111059067519E-15,-1.64737267794564E-14,
-1.));
#3473=DIRECTION('ref_axis',(0.866025403784445,0.499999999999988,0.));
#3474=DIRECTION('',(-2.22044604925031E-16,0.,1.));
#3475=DIRECTION('',(-1.,0.,-2.22044604925031E-16));
#3476=DIRECTION('',(2.22044604925031E-16,0.,-1.));
#3477=DIRECTION('center_axis',(0.,0.,-1.));
#3478=DIRECTION('ref_axis',(-1.,0.,0.));
#3479=DIRECTION('center_axis',(0.,0.,1.));
#3480=DIRECTION('ref_axis',(-1.,0.,0.));
#3481=DIRECTION('',(0.,0.,1.));
#3482=DIRECTION('center_axis',(0.,0.,1.));
#3483=DIRECTION('ref_axis',(1.,0.,0.));
#3484=DIRECTION('',(0.499999999999989,-0.866025403784445,0.));
#3485=DIRECTION('center_axis',(0.,0.,1.));
#3486=DIRECTION('ref_axis',(0.866025403784439,0.499999999999999,0.));
#3487=DIRECTION('center_axis',(0.,0.,-1.));
#3488=DIRECTION('ref_axis',(-4.44089209850062E-15,1.,0.));
#3489=DIRECTION('center_axis',(0.,0.,1.));
#3490=DIRECTION('ref_axis',(0.866025403784439,0.499999999999999,0.));
#3491=DIRECTION('',(-0.500000000000015,0.86602540378443,0.));
#3492=DIRECTION('center_axis',(0.,0.,-1.));
#3493=DIRECTION('ref_axis',(-1.,0.,0.));
#3494=DIRECTION('center_axis',(0.,0.,1.));
#3495=DIRECTION('ref_axis',(-1.,0.,0.));
#3496=DIRECTION('',(0.,0.,1.));
#3497=DIRECTION('center_axis',(0.,0.,1.));
#3498=DIRECTION('ref_axis',(1.,0.,0.));
#3499=DIRECTION('center_axis',(0.86602540378443,0.500000000000015,0.));
#3500=DIRECTION('ref_axis',(0.500000000000015,-0.86602540378443,0.));
#3501=DIRECTION('',(0.,0.,-1.));
#3502=DIRECTION('center_axis',(0.,0.,-1.));
#3503=DIRECTION('ref_axis',(0.866025403784439,0.499999999999999,0.));
#3504=DIRECTION('',(0.,0.,-1.));
#3505=DIRECTION('center_axis',(0.,0.,-1.));
#3506=DIRECTION('ref_axis',(-4.44089209850062E-15,1.,0.));
#3507=DIRECTION('',(0.,0.,-1.));
#3508=DIRECTION('center_axis',(0.,0.,-1.));
#3509=DIRECTION('ref_axis',(0.866025403784439,0.499999999999999,0.));
#3510=DIRECTION('',(0.,0.,-1.));
#3511=DIRECTION('center_axis',(-0.866025403784445,-0.499999999999989,0.));
#3512=DIRECTION('ref_axis',(-0.499999999999989,0.866025403784445,0.));
#3513=DIRECTION('',(2.22044604925031E-16,0.,-1.));
#3514=DIRECTION('center_axis',(0.,0.,-1.));
#3515=DIRECTION('ref_axis',(-0.973613617803609,-0.228202811611442,0.));
#3516=DIRECTION('',(8.57457505675012E-32,-1.,-3.86164530304402E-16));
#3517=DIRECTION('center_axis',(-1.,0.,-2.22044604925031E-16));
#3518=DIRECTION('ref_axis',(2.22044604925031E-16,0.,-1.));
#3519=DIRECTION('center_axis',(9.51619735392991E-17,0.,1.));
#3520=DIRECTION('ref_axis',(1.,0.,-9.51619735392992E-17));
#3521=DIRECTION('',(0.,1.,0.));
#3522=DIRECTION('center_axis',(0.,-1.,0.));
#3523=DIRECTION('ref_axis',(0.707106781186547,0.,-0.707106781186548));
#3524=DIRECTION('',(0.,-1.,0.));
#3525=DIRECTION('center_axis',(-1.,0.,-2.22044604925031E-16));
#3526=DIRECTION('ref_axis',(-2.22044604925031E-16,0.,1.));
#3527=DIRECTION('',(2.22044604925031E-16,0.,-1.));
#3528=DIRECTION('',(2.22044604925031E-16,0.,-1.));
#3529=DIRECTION('center_axis',(0.,1.,0.));
#3530=DIRECTION('ref_axis',(2.22044604925031E-16,0.,-1.));
#3531=DIRECTION('center_axis',(0.,0.,-1.));
#3532=DIRECTION('ref_axis',(-3.33066907387547E-15,1.,0.));
#3533=DIRECTION('',(0.,0.,1.));
#3534=DIRECTION('center_axis',(0.,1.,0.));
#3535=DIRECTION('ref_axis',(2.22044604925031E-16,0.,-1.));
#3536=DIRECTION('center_axis',(-1.,0.,-2.22044604925031E-16));
#3537=DIRECTION('ref_axis',(2.22044604925031E-16,0.,-1.));
#3538=DIRECTION('',(-3.86164530304402E-16,-1.,0.));
#3539=DIRECTION('',(-8.57457505675012E-32,1.,3.86164530304402E-16));
#3540=DIRECTION('',(3.86164530304402E-16,1.,0.));
#3541=DIRECTION('',(8.57457505675012E-32,-1.,-3.86164530304402E-16));
#3542=DIRECTION('center_axis',(-2.22044604925031E-16,-3.86164530304402E-16,
1.));
#3543=DIRECTION('ref_axis',(-8.57457505675012E-32,1.,3.86164530304402E-16));
#3544=CARTESIAN_POINT('',(0.,0.,0.));
#3545=CARTESIAN_POINT('Ctrl Pts',(27.5000000000001,-21.7999999999999,-28.2000008092829));
#3546=CARTESIAN_POINT('Ctrl Pts',(27.500556992325,-21.7999999999999,-28.2362190776641));
#3547=CARTESIAN_POINT('Ctrl Pts',(27.5022256616167,-21.7999989230218,-28.2725267400122));
#3548=CARTESIAN_POINT('Ctrl Pts',(27.5221083407231,-21.799958640166,-28.5945038052819));
#3549=CARTESIAN_POINT('Ctrl Pts',(27.6068324266249,-21.79874339326,-29.1729657367225));
#3550=CARTESIAN_POINT('Ctrl Pts',(27.923575924475,-21.7692053443284,-30.6607902747572));
#3551=CARTESIAN_POINT('Ctrl Pts',(28.309674198622,-21.6446065386583,-31.9338101823699));
#3552=CARTESIAN_POINT('Ctrl Pts',(28.5909371290074,-21.4240708559046,-32.8801482270103));
#3553=CARTESIAN_POINT('Ctrl Pts',(27.5000000000001,-21.7999999999999,-28.2000008092829));
#3554=CARTESIAN_POINT('Ctrl Pts',(27.5007930689887,-21.7999941654396,-28.2362327278457));
#3555=CARTESIAN_POINT('Ctrl Pts',(27.5028943575147,-21.8000070405119,-28.2724767529406));
#3556=CARTESIAN_POINT('Ctrl Pts',(27.5302155390479,-21.7998867384628,-28.594107077842));
#3557=CARTESIAN_POINT('Ctrl Pts',(27.6423140522824,-21.7988430957274,-29.1673087181401));
#3558=CARTESIAN_POINT('Ctrl Pts',(28.0658976438281,-21.7698714107542,-30.6243029654239));
#3559=CARTESIAN_POINT('Ctrl Pts',(28.5829738996277,-21.6547065460579,-31.838284759606));
#3560=CARTESIAN_POINT('Ctrl Pts',(28.9786322885026,-21.454756148481,-32.7484749330861));
#3561=CARTESIAN_POINT('Ctrl Pts',(27.5000000000001,-21.7999999999999,-28.2000008092829));
#3562=CARTESIAN_POINT('Ctrl Pts',(27.500893762665,-21.7999821312712,-28.2362085661936));
#3563=CARTESIAN_POINT('Ctrl Pts',(27.5037602662572,-21.8000231850667,-28.2724687575828));
#3564=CARTESIAN_POINT('Ctrl Pts',(27.5363118468872,-21.7997232961087,-28.593313313863));
#3565=CARTESIAN_POINT('Ctrl Pts',(27.67780174134,-21.7984805500552,-29.1616533751005));
#3566=CARTESIAN_POINT('Ctrl Pts',(28.2067542486373,-21.7601914141245,-30.5867128778907));
#3567=CARTESIAN_POINT('Ctrl Pts',(28.8569719243199,-21.6122756097173,-31.7385342569227));
#3568=CARTESIAN_POINT('Ctrl Pts',(29.3654143892129,-21.3584820141082,-32.5875418156444));
#3569=CARTESIAN_POINT('Ctrl Pts',(27.5000000000001,-21.7999999999999,-28.2000008092829));
#3570=CARTESIAN_POINT('Ctrl Pts',(27.5011138529698,-21.7999999999999,-28.2362105138334));
#3571=CARTESIAN_POINT('Ctrl Pts',(27.5044514035095,-21.7999981371941,-28.2724351656881));
#3572=CARTESIAN_POINT('Ctrl Pts',(27.5442162421828,-21.7999187019348,-28.5927690520265));
#3573=CARTESIAN_POINT('Ctrl Pts',(27.7136647379469,-21.7976070317739,-29.1562572557102));
#3574=CARTESIAN_POINT('Ctrl Pts',(28.3471515438329,-21.7412748673331,-30.5493399100357));
#3575=CARTESIAN_POINT('Ctrl Pts',(29.119348397244,-21.5186254980285,-31.6407443157943));
#3576=CARTESIAN_POINT('Ctrl Pts',(29.6818742580148,-21.1525251262612,-32.4262287907654));
#3577=CARTESIAN_POINT('',(29.6818742579795,-21.1525251262842,-32.4262287907654));
#3578=CARTESIAN_POINT('',(28.5909371290074,-21.4240708559046,-32.8801482270103));
#3579=CARTESIAN_POINT('Origin',(28.5909371290074,-19.4762625631306,-32.4262287907654));
#3580=CARTESIAN_POINT('',(27.5000000000001,-21.8,-28.2));
#3581=CARTESIAN_POINT('Ctrl Pts',(28.5909371290074,-21.4240708559046,-32.8801482270103));
#3582=CARTESIAN_POINT('Ctrl Pts',(28.309674198622,-21.6446065386583,-31.9338101823699));
#3583=CARTESIAN_POINT('Ctrl Pts',(27.923575924475,-21.7692053443284,-30.6607902747572));
#3584=CARTESIAN_POINT('Ctrl Pts',(27.6068324266249,-21.79874339326,-29.1729657367225));
#3585=CARTESIAN_POINT('Ctrl Pts',(27.5221083407231,-21.799958640166,-28.5945038052819));
#3586=CARTESIAN_POINT('Ctrl Pts',(27.5022256616167,-21.7999989230218,-28.2725267400122));
#3587=CARTESIAN_POINT('Ctrl Pts',(27.500556992325,-21.7999999999999,-28.2362190776641));
#3588=CARTESIAN_POINT('Ctrl Pts',(27.5000000000001,-21.7999999999999,-28.2000008092829));
#3589=CARTESIAN_POINT('Ctrl Pts',(27.5000000000001,-21.7999999999999,-28.2000008092829));
#3590=CARTESIAN_POINT('Ctrl Pts',(27.5011138529698,-21.7999999999999,-28.2362105138334));
#3591=CARTESIAN_POINT('Ctrl Pts',(27.5044514035095,-21.7999981371941,-28.2724351656881));
#3592=CARTESIAN_POINT('Ctrl Pts',(27.5442162421828,-21.7999187019348,-28.5927690520265));
#3593=CARTESIAN_POINT('Ctrl Pts',(27.7136647379469,-21.7976070317739,-29.1562572557102));
#3594=CARTESIAN_POINT('Ctrl Pts',(28.3471515438329,-21.7412748673331,-30.5493399100357));
#3595=CARTESIAN_POINT('Ctrl Pts',(29.119348397244,-21.5186254980285,-31.6407443157943));
#3596=CARTESIAN_POINT('Ctrl Pts',(29.6818742580148,-21.1525251262612,-32.4262287907654));
#3597=CARTESIAN_POINT('Ctrl Pts',(28.5909371289715,-21.4240708559292,-32.880148226905));
#3598=CARTESIAN_POINT('Ctrl Pts',(28.557491977741,-21.2462526491553,-33.6431818185926));
#3599=CARTESIAN_POINT('Ctrl Pts',(28.4238493430964,-20.4513029251529,-35.9267120522257));
#3600=CARTESIAN_POINT('Ctrl Pts',(28.3466992730659,-18.5161577799175,-38.4373865632109));
#3601=CARTESIAN_POINT('Ctrl Pts',(28.9707365263824,-16.0978634730682,-40.284937738704));
#3602=CARTESIAN_POINT('Ctrl Pts',(29.9153212667159,-14.1852707492991,-41.2238513798978));
#3603=CARTESIAN_POINT('Ctrl Pts',(31.3320421940738,-12.5624849772566,-41.6774044948999));
#3604=CARTESIAN_POINT('Ctrl Pts',(32.4989484940482,-11.853519320823,-41.789078566499));
#3605=CARTESIAN_POINT('Ctrl Pts',(33.1131472962011,-11.6028232283942,-41.8248599798111));
#3606=CARTESIAN_POINT('Ctrl Pts',(28.9310070165212,-21.4201013964162,-32.8971815273987));
#3607=CARTESIAN_POINT('Ctrl Pts',(28.8927368786219,-21.2404404518438,-33.6628935571067));
#3608=CARTESIAN_POINT('Ctrl Pts',(28.7384875287598,-20.4382297610172,-35.9459761164859));
#3609=CARTESIAN_POINT('Ctrl Pts',(28.6272202441395,-18.5262959684914,-38.4167167604378));
#3610=CARTESIAN_POINT('Ctrl Pts',(29.2113079920291,-16.1734196374415,-40.2331758300723));
#3611=CARTESIAN_POINT('Ctrl Pts',(30.1201259010493,-14.3285440729336,-41.1642685749913));
#3612=CARTESIAN_POINT('Ctrl Pts',(31.4895123570646,-12.7743251912283,-41.6288932331573));
#3613=CARTESIAN_POINT('Ctrl Pts',(32.613433504293,-12.0975958934944,-41.7494151954942));
#3614=CARTESIAN_POINT('Ctrl Pts',(33.2040589658924,-11.8584036571746,-41.7883814337433));
#3615=CARTESIAN_POINT('Ctrl Pts',(29.6096136883238,-21.2389658546485,-32.8908052327055));
#3616=CARTESIAN_POINT('Ctrl Pts',(29.5617639499519,-21.0632299969703,-33.6513881351127));
#3617=CARTESIAN_POINT('Ctrl Pts',(29.3666771538777,-20.2804677043136,-35.9034107198302));
#3618=CARTESIAN_POINT('Ctrl Pts',(29.1876216323711,-18.4638712956305,-38.2912916527164));
#3619=CARTESIAN_POINT('Ctrl Pts',(29.6920234826528,-16.2723391008151,-40.045779228781));
#3620=CARTESIAN_POINT('Ctrl Pts',(30.5293842707576,-14.5797727198204,-40.9543806218483));
#3621=CARTESIAN_POINT('Ctrl Pts',(31.8041443208834,-13.174535291921,-41.4281790595969));
#3622=CARTESIAN_POINT('Ctrl Pts',(32.8421754403137,-12.5673141584318,-41.5595662724573));
#3623=CARTESIAN_POINT('Ctrl Pts',(33.3856895324686,-12.3528936187232,-41.6024970598076));
#3624=CARTESIAN_POINT('Ctrl Pts',(30.4979203145896,-20.3972009747269,-32.7415489301676));
#3625=CARTESIAN_POINT('Ctrl Pts',(30.4455853831542,-20.2507020171174,-33.4590544642697));
#3626=CARTESIAN_POINT('Ctrl Pts',(30.2302522033643,-19.6026339039413,-35.5654227143916));
#3627=CARTESIAN_POINT('Ctrl Pts',(30.0053027771918,-18.0800283860768,-37.8178346506959));
#3628=CARTESIAN_POINT('Ctrl Pts',(30.4140414704173,-16.2378389007168,-39.471656707381));
#3629=CARTESIAN_POINT('Ctrl Pts',(31.1448137152896,-14.8356163165341,-40.3217621071676));
#3630=CARTESIAN_POINT('Ctrl Pts',(32.2693849869652,-13.6879112047336,-40.7690354932443));
#3631=CARTESIAN_POINT('Ctrl Pts',(33.1774850915345,-13.1941755978261,-40.8953600216465));
#3632=CARTESIAN_POINT('Ctrl Pts',(33.6512416645974,-13.0196286045518,-40.936747715939));
#3633=CARTESIAN_POINT('Ctrl Pts',(30.6512760421623,-19.5187720516417,-32.544937246456));
#3634=CARTESIAN_POINT('Ctrl Pts',(30.613430547806,-19.40139128605,-33.2099795826887));
#3635=CARTESIAN_POINT('Ctrl Pts',(30.4596860923255,-18.8870654952758,-35.1569568893794));
#3636=CARTESIAN_POINT('Ctrl Pts',(30.3151824437309,-17.6124112638933,-37.3256973108344));
#3637=CARTESIAN_POINT('Ctrl Pts',(30.7272058449654,-16.0295434324377,-38.9150059013163));
#3638=CARTESIAN_POINT('Ctrl Pts',(31.4132606205541,-14.819902811909,-39.7123282120346));
#3639=CARTESIAN_POINT('Ctrl Pts',(32.4578725060539,-13.8143967996538,-40.1135223301098));
#3640=CARTESIAN_POINT('Ctrl Pts',(33.3082436010522,-13.3720982201501,-40.2203721969198));
#3641=CARTESIAN_POINT('Ctrl Pts',(33.7533064916261,-13.2151098988091,-40.2550373631857));
#3642=CARTESIAN_POINT('Ctrl Pts',(30.5414847621102,-19.0342626413671,-32.426228790678));
#3643=CARTESIAN_POINT('Ctrl Pts',(30.5175963595265,-18.9288430138453,-33.0595659407035));
#3644=CARTESIAN_POINT('Ctrl Pts',(30.422141295301,-18.4717898976735,-34.9105320511686));
#3645=CARTESIAN_POINT('Ctrl Pts',(30.3670363887766,-17.3107425262703,-37.0296235989481));
#3646=CARTESIAN_POINT('Ctrl Pts',(30.8127587905599,-15.8573352423604,-38.5804337798014));
#3647=CARTESIAN_POINT('Ctrl Pts',(31.487434183594,-14.7404301988073,-39.3460686394356));
#3648=CARTESIAN_POINT('Ctrl Pts',(32.4993357183862,-13.790387680625,-39.7193452259573));
#3649=CARTESIAN_POINT('Ctrl Pts',(33.3328056369149,-13.3616986570042,-39.814365326561));
#3650=CARTESIAN_POINT('Ctrl Pts',(33.7715008651453,-13.2087672467302,-39.8449252789907));
#3651=CARTESIAN_POINT('',(33.7715008651453,-13.2087672467302,-39.8449252789907));
#3652=CARTESIAN_POINT('',(33.1131472962011,-11.6028232283942,-41.8248599798111));
#3653=CARTESIAN_POINT('Origin',(33.1131472962011,-11.3202306232414,-39.8449252789907));
#3654=CARTESIAN_POINT('Ctrl Pts',(33.1131472962011,-11.6028232283942,-41.8248599798111));
#3655=CARTESIAN_POINT('Ctrl Pts',(32.4989484940482,-11.853519320823,-41.789078566499));
#3656=CARTESIAN_POINT('Ctrl Pts',(31.3320421940738,-12.5624849772566,-41.6774044948999));
#3657=CARTESIAN_POINT('Ctrl Pts',(29.9153212667159,-14.1852707492991,-41.2238513798978));
#3658=CARTESIAN_POINT('Ctrl Pts',(28.9707365263824,-16.0978634730682,-40.284937738704));
#3659=CARTESIAN_POINT('Ctrl Pts',(28.3466992730659,-18.5161577799175,-38.4373865632109));
#3660=CARTESIAN_POINT('Ctrl Pts',(28.4238493430964,-20.4513029251529,-35.9267120522257));
#3661=CARTESIAN_POINT('Ctrl Pts',(28.557491977741,-21.2462526491553,-33.6431818185926));
#3662=CARTESIAN_POINT('Ctrl Pts',(28.5909371289715,-21.4240708559292,-32.880148226905));
#3663=CARTESIAN_POINT('',(30.5414847621104,-19.0342626413681,-32.426228790678));
#3664=CARTESIAN_POINT('Origin',(28.5909371289715,-19.476262563151,-32.426228790678));
#3665=CARTESIAN_POINT('Ctrl Pts',(30.5414847621102,-19.0342626413671,-32.426228790678));
#3666=CARTESIAN_POINT('Ctrl Pts',(30.5175963595265,-18.9288430138453,-33.0595659407035));
#3667=CARTESIAN_POINT('Ctrl Pts',(30.422141295301,-18.4717898976735,-34.9105320511686));
#3668=CARTESIAN_POINT('Ctrl Pts',(30.3670363887766,-17.3107425262703,-37.0296235989481));
#3669=CARTESIAN_POINT('Ctrl Pts',(30.8127587905599,-15.8573352423604,-38.5804337798014));
#3670=CARTESIAN_POINT('Ctrl Pts',(31.487434183594,-14.7404301988073,-39.3460686394356));
#3671=CARTESIAN_POINT('Ctrl Pts',(32.4993357183862,-13.790387680625,-39.7193452259573));
#3672=CARTESIAN_POINT('Ctrl Pts',(33.3328056369149,-13.3616986570042,-39.814365326561));
#3673=CARTESIAN_POINT('Ctrl Pts',(33.7715008651453,-13.2087672467302,-39.8449252789907));
#3674=CARTESIAN_POINT('Ctrl Pts',(33.1131472962011,-11.6028232283942,-41.8248599798111));
#3675=CARTESIAN_POINT('Ctrl Pts',(33.4006499765047,-11.4854732349831,-41.8416091384268));
#3676=CARTESIAN_POINT('Ctrl Pts',(34.0156080684711,-11.2980960444036,-41.8616822410309));
#3677=CARTESIAN_POINT('Ctrl Pts',(35.423477472201,-11.1116699394591,-41.835352297961));
#3678=CARTESIAN_POINT('Ctrl Pts',(36.8197798030742,-11.1985781426648,-41.5169626589726));
#3679=CARTESIAN_POINT('Ctrl Pts',(37.7559859860441,-11.3566356342994,-41.0319086351078));
#3680=CARTESIAN_POINT('Ctrl Pts',(38.116291166091,-11.4263524803052,-40.8258346870169));
#3681=CARTESIAN_POINT('Ctrl Pts',(38.7107240088206,-11.565496467501,-40.4257200657204));
#3682=CARTESIAN_POINT('Ctrl Pts',(39.7420834359664,-11.8935749988583,-39.5114591101272));
#3683=CARTESIAN_POINT('Ctrl Pts',(40.6488517275348,-12.3336518028813,-38.2338146082003));
#3684=CARTESIAN_POINT('Ctrl Pts',(41.257668938813,-12.6589645636241,-36.664741373271));
#3685=CARTESIAN_POINT('Ctrl Pts',(41.420579310192,-12.7476730476236,-35.8479488857399));
#3686=CARTESIAN_POINT('Ctrl Pts',(41.5622097362089,-12.8235239024156,-34.8125186631216));
#3687=CARTESIAN_POINT('Ctrl Pts',(41.5794929032361,-12.8305751864109,-34.220327045106));
#3688=CARTESIAN_POINT('Ctrl Pts',(41.5852175541259,-12.8319700823974,-33.6830229074519));
#3689=CARTESIAN_POINT('Ctrl Pts',(33.2040589658924,-11.8584036571746,-41.7883814337433));
#3690=CARTESIAN_POINT('Ctrl Pts',(33.4805445357083,-11.746333567406,-41.8063785473049));
#3691=CARTESIAN_POINT('Ctrl Pts',(34.0718522646915,-11.5670340440292,-41.8282625713883));
#3692=CARTESIAN_POINT('Ctrl Pts',(35.428159426594,-11.3862082873188,-41.7996175989533));
#3693=CARTESIAN_POINT('Ctrl Pts',(36.7789271690378,-11.4749456956811,-41.4895431915774));
#3694=CARTESIAN_POINT('Ctrl Pts',(37.6905363894688,-11.6398117368319,-41.0207273679893));
#3695=CARTESIAN_POINT('Ctrl Pts',(38.04172728214,-11.712083191529,-40.8206375527207));
#3696=CARTESIAN_POINT('Ctrl Pts',(38.6225968941839,-11.856675410897,-40.432225233252));
#3697=CARTESIAN_POINT('Ctrl Pts',(39.6344020048407,-12.1963722153789,-39.5394342448603));
#3698=CARTESIAN_POINT('Ctrl Pts',(40.5351197660196,-12.6545902653114,-38.2803885117919));
#3699=CARTESIAN_POINT('Ctrl Pts',(41.155070487956,-13.0048298710126,-36.7049560188394));
#3700=CARTESIAN_POINT('Ctrl Pts',(41.3237336426752,-13.1027941835657,-35.875715948604));
#3701=CARTESIAN_POINT('Ctrl Pts',(41.470305921679,-13.1869101560123,-34.8249336607299));
#3702=CARTESIAN_POINT('Ctrl Pts',(41.488494659886,-13.1953705109028,-34.2247554145409));
#3703=CARTESIAN_POINT('Ctrl Pts',(41.4946117063034,-13.1973023678662,-33.6847939238876));
#3704=CARTESIAN_POINT('Ctrl Pts',(33.3856314236737,-12.3527122988895,-41.6023945545579));
#3705=CARTESIAN_POINT('Ctrl Pts',(33.6397544761798,-12.2520360414496,-41.6224469660456));
#3706=CARTESIAN_POINT('Ctrl Pts',(34.1826459120156,-12.0901771006939,-41.6462245935135));
#3707=CARTESIAN_POINT('Ctrl Pts',(35.424366058412,-11.9215490487005,-41.614639386012));
#3708=CARTESIAN_POINT('Ctrl Pts',(36.6599792099717,-12.0119692891795,-41.3222941926524));
#3709=CARTESIAN_POINT('Ctrl Pts',(37.5015958015196,-12.1871240356254,-40.8838772680449));
#3710=CARTESIAN_POINT('Ctrl Pts',(37.8257828652117,-12.2630898827287,-40.696408642589));
#3711=CARTESIAN_POINT('Ctrl Pts',(38.364624687617,-12.4157471254292,-40.3314551503411));
#3712=CARTESIAN_POINT('Ctrl Pts',(39.3069207081162,-12.7717852419478,-39.4851310176699));
#3713=CARTESIAN_POINT('Ctrl Pts',(40.15871897394,-13.2551536384193,-38.2747426506454));
#3714=CARTESIAN_POINT('Ctrl Pts',(40.7634336455796,-13.6450475446813,-36.7221953752609));
#3715=CARTESIAN_POINT('Ctrl Pts',(40.9312758255965,-13.7589227923267,-35.8900254787538));
#3716=CARTESIAN_POINT('Ctrl Pts',(41.0775512216206,-13.8578680878687,-34.8331927203226));
#3717=CARTESIAN_POINT('Ctrl Pts',(41.0956637151279,-13.8692683897593,-34.2269689342745));
#3718=CARTESIAN_POINT('Ctrl Pts',(41.1022652571685,-13.8724806901189,-33.6859279445925));
#3719=CARTESIAN_POINT('Ctrl Pts',(33.6512392646188,-13.0196243315399,-40.9367660129973));
#3720=CARTESIAN_POINT('Ctrl Pts',(33.8730528794779,-12.9375169812114,-40.9556277960144));
#3721=CARTESIAN_POINT('Ctrl Pts',(34.3388548020763,-12.8043911804506,-40.979674992806));
#3722=CARTESIAN_POINT('Ctrl Pts',(35.3744608203317,-12.6586316682492,-40.9468032645352));
#3723=CARTESIAN_POINT('Ctrl Pts',(36.3581497317608,-12.7394836220814,-40.683113297586));
#3724=CARTESIAN_POINT('Ctrl Pts',(37.0280166078683,-12.9052291822452,-40.2935707646821));
#3725=CARTESIAN_POINT('Ctrl Pts',(37.2867935423328,-12.9765858860872,-40.1252162476524));
#3726=CARTESIAN_POINT('Ctrl Pts',(37.7164607514459,-13.1201228111364,-39.7976944420746));
#3727=CARTESIAN_POINT('Ctrl Pts',(38.4712320165162,-13.4529390313149,-39.0293854793378));
#3728=CARTESIAN_POINT('Ctrl Pts',(39.1461964254257,-13.90169656934,-37.9268963156137));
#3729=CARTESIAN_POINT('Ctrl Pts',(39.6184826419623,-14.276438692038,-36.5254509930436));
#3730=CARTESIAN_POINT('Ctrl Pts',(39.7506945715965,-14.3909633868204,-35.7653427099876));
#3731=CARTESIAN_POINT('Ctrl Pts',(39.8656879730892,-14.4920516586702,-34.7858917804761));
#3732=CARTESIAN_POINT('Ctrl Pts',(39.8806829606833,-14.5062094421004,-34.2086784498082));
#3733=CARTESIAN_POINT('Ctrl Pts',(39.8857023771511,-14.5104076830854,-33.6789542144058));
#3734=CARTESIAN_POINT('Ctrl Pts',(33.7533064916261,-13.2151098988091,-40.2550373631857));
#3735=CARTESIAN_POINT('Ctrl Pts',(33.9614288343757,-13.1412982914205,-40.2714095805741));
#3736=CARTESIAN_POINT('Ctrl Pts',(34.3921853129436,-13.0216572512289,-40.2921152471472));
#3737=CARTESIAN_POINT('Ctrl Pts',(35.3066322351715,-12.8913750442357,-40.2619848129033));
#3738=CARTESIAN_POINT('Ctrl Pts',(36.1029532958299,-12.9511782778643,-40.0179512392402));
#3739=CARTESIAN_POINT('Ctrl Pts',(36.6426126609922,-13.0774351180571,-39.653874674383));
#3740=CARTESIAN_POINT('Ctrl Pts',(36.8510284988517,-13.1321298480168,-39.4975277525211));
#3741=CARTESIAN_POINT('Ctrl Pts',(37.1977086146797,-13.2423069883874,-39.1915204511979));
#3742=CARTESIAN_POINT('Ctrl Pts',(37.8087635677285,-13.4988668707627,-38.4737151458639));
#3743=CARTESIAN_POINT('Ctrl Pts',(38.3434088265112,-13.8396487886167,-37.4552730462385));
#3744=CARTESIAN_POINT('Ctrl Pts',(38.6906570637035,-14.1126920249586,-36.2313878872461));
#3745=CARTESIAN_POINT('Ctrl Pts',(38.7861170414943,-14.1960015784408,-35.5741533598937));
#3746=CARTESIAN_POINT('Ctrl Pts',(38.8708169179101,-14.2708041296808,-34.7096485209053));
#3747=CARTESIAN_POINT('Ctrl Pts',(38.8823554567411,-14.2822148680523,-34.1789030097152));
#3748=CARTESIAN_POINT('Ctrl Pts',(38.8862733380323,-14.2857122593907,-33.6678291527769));
#3749=CARTESIAN_POINT('Ctrl Pts',(33.7715008651453,-13.2087672467302,-39.8449252789907));
#3750=CARTESIAN_POINT('Ctrl Pts',(33.976852465779,-13.1371806237947,-39.8592302787784));
#3751=CARTESIAN_POINT('Ctrl Pts',(34.3970549293351,-13.0212191082419,-39.8784467511958));
#3752=CARTESIAN_POINT('Ctrl Pts',(35.2620769670362,-12.8986297113081,-39.8496051776668));
#3753=CARTESIAN_POINT('Ctrl Pts',(35.9641151571844,-12.9420155995135,-39.6167385284002));
#3754=CARTESIAN_POINT('Ctrl Pts',(36.4407508710948,-13.035229557845,-39.2693909479571));
#3755=CARTESIAN_POINT('Ctrl Pts',(36.6258332923728,-13.076622920865,-39.1197615851651));
#3756=CARTESIAN_POINT('Ctrl Pts',(36.9340851596095,-13.1598993539519,-38.8268633622768));
#3757=CARTESIAN_POINT('Ctrl Pts',(37.4846467678931,-13.3577196107206,-38.1386615276558));
#3758=CARTESIAN_POINT('Ctrl Pts',(37.9653766490231,-13.619648301689,-37.1708610706991));
#3759=CARTESIAN_POINT('Ctrl Pts',(38.2641806350347,-13.8182298588615,-36.0536644329758));
#3760=CARTESIAN_POINT('Ctrl Pts',(38.3468810779974,-13.8783581243684,-35.4586371471543));
#3761=CARTESIAN_POINT('Ctrl Pts',(38.4213410132806,-13.9331024589636,-34.6634634097562));
#3762=CARTESIAN_POINT('Ctrl Pts',(38.4328872215453,-13.9421858156031,-34.1615195713828));
#3763=CARTESIAN_POINT('Ctrl Pts',(38.4362868456019,-13.9447616791329,-33.6610921562183));
#3764=CARTESIAN_POINT('',(38.4362868456019,-13.9447616791329,-33.6610921562183));
#3765=CARTESIAN_POINT('',(41.5852175541259,-12.8319700823974,-33.6830229074519));
#3766=CARTESIAN_POINT('Origin',(39.6441186337585,-12.3506655805497,-33.6610921562183));
#3767=CARTESIAN_POINT('Ctrl Pts',(41.5852175541259,-12.8319700823974,-33.6830229074519));
#3768=CARTESIAN_POINT('Ctrl Pts',(41.5794929032361,-12.8305751864109,-34.220327045106));
#3769=CARTESIAN_POINT('Ctrl Pts',(41.5622097362089,-12.8235239024156,-34.8125186631216));
#3770=CARTESIAN_POINT('Ctrl Pts',(41.420579310192,-12.7476730476236,-35.8479488857399));
#3771=CARTESIAN_POINT('Ctrl Pts',(41.257668938813,-12.6589645636241,-36.664741373271));
#3772=CARTESIAN_POINT('Ctrl Pts',(40.6488517275348,-12.3336518028813,-38.2338146082003));
#3773=CARTESIAN_POINT('Ctrl Pts',(39.7420834359664,-11.8935749988583,-39.5114591101272));
#3774=CARTESIAN_POINT('Ctrl Pts',(38.7107240088206,-11.565496467501,-40.4257200657204));
#3775=CARTESIAN_POINT('Ctrl Pts',(38.116291166091,-11.4263524803052,-40.8258346870169));
#3776=CARTESIAN_POINT('Ctrl Pts',(37.7559859860441,-11.3566356342994,-41.0319086351078));
#3777=CARTESIAN_POINT('Ctrl Pts',(36.8197798030742,-11.1985781426648,-41.5169626589726));
#3778=CARTESIAN_POINT('Ctrl Pts',(35.423477472201,-11.1116699394591,-41.835352297961));
#3779=CARTESIAN_POINT('Ctrl Pts',(34.0156080684711,-11.2980960444036,-41.8616822410309));
#3780=CARTESIAN_POINT('Ctrl Pts',(33.4006499765047,-11.4854732349831,-41.8416091384268));
#3781=CARTESIAN_POINT('Ctrl Pts',(33.1131472962011,-11.6028232283942,-41.8248599798111));
#3782=CARTESIAN_POINT('Ctrl Pts',(33.7715008651453,-13.2087672467302,-39.8449252789907));
#3783=CARTESIAN_POINT('Ctrl Pts',(33.976852465779,-13.1371806237947,-39.8592302787784));
#3784=CARTESIAN_POINT('Ctrl Pts',(34.3970549293351,-13.0212191082419,-39.8784467511958));
#3785=CARTESIAN_POINT('Ctrl Pts',(35.2620769670362,-12.8986297113081,-39.8496051776668));
#3786=CARTESIAN_POINT('Ctrl Pts',(35.9641151571844,-12.9420155995135,-39.6167385284002));
#3787=CARTESIAN_POINT('Ctrl Pts',(36.4407508710948,-13.035229557845,-39.2693909479571));
#3788=CARTESIAN_POINT('Ctrl Pts',(36.6258332923728,-13.076622920865,-39.1197615851651));
#3789=CARTESIAN_POINT('Ctrl Pts',(36.9340851596095,-13.1598993539519,-38.8268633622768));
#3790=CARTESIAN_POINT('Ctrl Pts',(37.4846467678931,-13.3577196107206,-38.1386615276558));
#3791=CARTESIAN_POINT('Ctrl Pts',(37.9653766490231,-13.619648301689,-37.1708610706991));
#3792=CARTESIAN_POINT('Ctrl Pts',(38.2641806350347,-13.8182298588615,-36.0536644329758));
#3793=CARTESIAN_POINT('Ctrl Pts',(38.3468810779974,-13.8783581243684,-35.4586371471543));
#3794=CARTESIAN_POINT('Ctrl Pts',(38.4213410132806,-13.9331024589636,-34.6634634097562));
#3795=CARTESIAN_POINT('Ctrl Pts',(38.4328872215453,-13.9421858156031,-34.1615195713828));
#3796=CARTESIAN_POINT('Ctrl Pts',(38.4362868456019,-13.9447616791329,-33.6610921562183));
#3797=CARTESIAN_POINT('Origin',(28.5909371289721,-19.4762625631536,-32.4262287907654));
#3798=CARTESIAN_POINT('Origin',(28.5909371289721,-19.4762625631536,-32.4262287907654));
#3799=CARTESIAN_POINT('Ctrl Pts',(41.5852175541249,-12.8319700824009,-33.6830229074634));
#3800=CARTESIAN_POINT('Ctrl Pts',(41.6032216362684,-12.769131173164,-33.4685726839548));
#3801=CARTESIAN_POINT('Ctrl Pts',(41.6156926576738,-12.7158477704609,-33.2580124753897));
#3802=CARTESIAN_POINT('Ctrl Pts',(41.6156926557851,-12.7158477784525,-33.0516126985965));
#3803=CARTESIAN_POINT('Ctrl Pts',(41.5786891917724,-12.858631830467,-33.675717081258));
#3804=CARTESIAN_POINT('Ctrl Pts',(41.6000311867144,-12.7825733439954,-33.4662616436551));
#3805=CARTESIAN_POINT('Ctrl Pts',(41.6152185511794,-12.7178538506192,-33.2580125149437));
#3806=CARTESIAN_POINT('Ctrl Pts',(41.6152185499121,-12.7178538559446,-33.0516126985965));
#3807=CARTESIAN_POINT('Ctrl Pts',(41.5715734298588,-12.8851479285278,-33.6684046189443));
#3808=CARTESIAN_POINT('Ctrl Pts',(41.5968505808036,-12.7960217733095,-33.4639552657804));
#3809=CARTESIAN_POINT('Ctrl Pts',(41.6147413432681,-12.719859197805,-33.2580125544979));
#3810=CARTESIAN_POINT('Ctrl Pts',(41.6147413426306,-12.719859200466,-33.0516126985965));
#3811=CARTESIAN_POINT('Ctrl Pts',(41.5638767255949,-12.911494314504,-33.661092156229));
#3812=CARTESIAN_POINT('Ctrl Pts',(41.5936761319808,-12.809488750099,-33.4616488887512));
#3813=CARTESIAN_POINT('Ctrl Pts',(41.6142610362213,-12.721863802432,-33.258012594052));
#3814=CARTESIAN_POINT('Ctrl Pts',(41.6142610362216,-12.7218638024306,-33.0516126985965));
#3815=CARTESIAN_POINT('',(41.6142610362216,-12.7218638024306,-33.0516126985965));
#3816=CARTESIAN_POINT('',(41.6156926557849,-12.7158477784536,-33.0516127358004));
#3817=CARTESIAN_POINT('Origin',(39.6693108557886,-12.2558500734123,-33.0516126985965));
#3818=CARTESIAN_POINT('Ctrl Pts',(41.6156926557851,-12.7158477784525,-33.0516127358004));
#3819=CARTESIAN_POINT('Ctrl Pts',(41.6156926561752,-12.7158477768638,-33.2580125006923));
#3820=CARTESIAN_POINT('Ctrl Pts',(41.6032216351866,-12.7691311769396,-33.4685726968398));
#3821=CARTESIAN_POINT('Ctrl Pts',(41.5852175541249,-12.8319700824009,-33.6830229074634));
#3822=CARTESIAN_POINT('',(41.5638767255957,-12.9114943145012,-33.661092156229));
#3823=CARTESIAN_POINT('Origin',(39.6441186337577,-12.3506655805525,-33.661092156229));
#3824=CARTESIAN_POINT('Ctrl Pts',(41.5638767255949,-12.911494314504,-33.661092156229));
#3825=CARTESIAN_POINT('Ctrl Pts',(41.5936761319808,-12.809488750099,-33.4616488887512));
#3826=CARTESIAN_POINT('Ctrl Pts',(41.6142610362213,-12.721863802432,-33.258012594052));
#3827=CARTESIAN_POINT('Ctrl Pts',(41.6142610362216,-12.7218638024306,-33.0516126985965));
#3828=CARTESIAN_POINT('Ctrl Pts',(41.6156926557846,-12.7158477784546,-33.0516127358004));
#3829=CARTESIAN_POINT('Ctrl Pts',(41.6156926557846,-12.7158477784547,-31.4482124628422));
#3830=CARTESIAN_POINT('Ctrl Pts',(41.6156910824374,-12.7158477495095,-29.7643346114944));
#3831=CARTESIAN_POINT('Ctrl Pts',(41.6156929745241,-12.7158477843089,-28.0804567601465));
#3832=CARTESIAN_POINT('Ctrl Pts',(41.6150707028323,-12.7184780848538,-28.));
#3833=CARTESIAN_POINT('Ctrl Pts',(41.6152185499115,-12.7178538559471,-33.0516127358004));
#3834=CARTESIAN_POINT('Ctrl Pts',(41.6152185353001,-12.7178539673865,-31.4482152429788));
#3835=CARTESIAN_POINT('Ctrl Pts',(41.6152170037452,-12.717853620595,-29.7643292299334));
#3836=CARTESIAN_POINT('Ctrl Pts',(41.6152188501378,-12.7178540008105,-28.0804607968145));
#3837=CARTESIAN_POINT('Ctrl Pts',(41.614459949967,-12.7210596960943,-28.0000739188707));
#3838=CARTESIAN_POINT('Ctrl Pts',(41.6147413426298,-12.719859200469,-33.0516127358004));
#3839=CARTESIAN_POINT('Ctrl Pts',(41.6147413148003,-12.7198590786783,-31.4482096827006));
#3840=CARTESIAN_POINT('Ctrl Pts',(41.6147382076069,-12.7198406447097,-29.7641555141057));
#3841=CARTESIAN_POINT('Ctrl Pts',(41.6147419788091,-12.7198627503437,-28.0804772552335));
#3842=CARTESIAN_POINT('Ctrl Pts',(41.6138440565918,-12.7236400912024,-28.0001478377414));
#3843=CARTESIAN_POINT('Ctrl Pts',(41.6142610362208,-12.721863802434,-33.0516127358004));
#3844=CARTESIAN_POINT('Ctrl Pts',(41.6142610362207,-12.7218638024343,-31.4482124628422));
#3845=CARTESIAN_POINT('Ctrl Pts',(41.6142578502017,-12.7218450212002,-29.7641501325367));
#3846=CARTESIAN_POINT('Ctrl Pts',(41.6142617057757,-12.7218675039729,-28.0804812919046));
#3847=CARTESIAN_POINT('Ctrl Pts',(41.6132230275866,-12.726219249732,-28.0002217560265));
#3848=CARTESIAN_POINT('',(41.6150707026142,-12.7184780857715,-28.));
#3849=CARTESIAN_POINT('Ctrl Pts',(41.6142610362208,-12.721863802434,-33.0516126985965));
#3850=CARTESIAN_POINT('Ctrl Pts',(41.6142610362207,-12.721863802434,-31.4482124380369));
#3851=CARTESIAN_POINT('Ctrl Pts',(41.6142578503412,-12.721845022022,-29.7642237919876));
#3852=CARTESIAN_POINT('Ctrl Pts',(41.6142617054384,-12.7218675020059,-28.080628601179));
#3853=CARTESIAN_POINT('Ctrl Pts',(41.6132258771854,-12.7262073107751,-28.0004421491457));
#3854=CARTESIAN_POINT('Ctrl Pts',(41.6150707028323,-12.7184780848538,-28.));
#3855=CARTESIAN_POINT('Ctrl Pts',(41.6156929745241,-12.7158477843089,-28.0804567601465));
#3856=CARTESIAN_POINT('Ctrl Pts',(41.6156910824374,-12.7158477495095,-29.7643346114944));
#3857=CARTESIAN_POINT('Ctrl Pts',(41.6156926557846,-12.7158477784547,-31.4482124628422));
#3858=CARTESIAN_POINT('Ctrl Pts',(41.6156926557846,-12.7158477784546,-33.0516127358004));
#3859=CARTESIAN_POINT('Origin',(39.6441186337585,-12.3506655805497,-33.6610921562183));
#3860=CARTESIAN_POINT('Origin',(39.6441186337585,-12.3506655805497,-33.6610921562183));
#3861=CARTESIAN_POINT('Ctrl Pts',(33.2010620841215,-8.00000000000001,-42.));
#3862=CARTESIAN_POINT('Ctrl Pts',(22.1340413894143,-8.00000000000001,-42.));
#3863=CARTESIAN_POINT('Ctrl Pts',(11.0670206947072,-8.00000000000001,-42.));
#3864=CARTESIAN_POINT('Ctrl Pts',(-4.35473791459976E-15,-8.00000000000001,
-42.));
#3865=CARTESIAN_POINT('Ctrl Pts',(33.2010620841215,-9.12199737628208,-42.));
#3866=CARTESIAN_POINT('Ctrl Pts',(22.1340413894143,-9.12199737628208,-42.));
#3867=CARTESIAN_POINT('Ctrl Pts',(11.0670206947072,-9.12199737628208,-42.));
#3868=CARTESIAN_POINT('Ctrl Pts',(-4.35473791459976E-15,-9.12199737628208,
-42.));
#3869=CARTESIAN_POINT('Ctrl Pts',(33.2010620841215,-11.2346575318349,-41.9831863203713));
#3870=CARTESIAN_POINT('Ctrl Pts',(22.1340413894143,-11.2346575318349,-41.9831863203713));
#3871=CARTESIAN_POINT('Ctrl Pts',(11.0670206947071,-11.2346575318349,-41.9831863203713));
#3872=CARTESIAN_POINT('Ctrl Pts',(-4.35847130145024E-15,-11.2346575318349,
-41.9831863203713));
#3873=CARTESIAN_POINT('Ctrl Pts',(33.2010620841215,-14.2085897208059,-41.3130950394573));
#3874=CARTESIAN_POINT('Ctrl Pts',(22.1340413894143,-14.2085897208059,-41.3130950394573));
#3875=CARTESIAN_POINT('Ctrl Pts',(11.0670206947072,-14.2085897208059,-41.3130950394573));
#3876=CARTESIAN_POINT('Ctrl Pts',(-4.5072614551845E-15,-14.2085897208059,
-41.3130950394573));
#3877=CARTESIAN_POINT('Ctrl Pts',(33.2010620841215,-17.0603583645326,-39.7236478164269));
#3878=CARTESIAN_POINT('Ctrl Pts',(22.1340413894143,-17.0603583645326,-39.7236478164269));
#3879=CARTESIAN_POINT('Ctrl Pts',(11.0670206947071,-17.0603583645326,-39.7236478164269));
#3880=CARTESIAN_POINT('Ctrl Pts',(-4.86018963587148E-15,-17.0603583645326,
-39.7236478164269));
#3881=CARTESIAN_POINT('Ctrl Pts',(33.2010620841215,-19.5259958153619,-37.2593970761463));
#3882=CARTESIAN_POINT('Ctrl Pts',(22.1340413894143,-19.5259958153619,-37.2593970761463));
#3883=CARTESIAN_POINT('Ctrl Pts',(11.0670206947072,-19.5259958153619,-37.2593970761463));
#3884=CARTESIAN_POINT('Ctrl Pts',(-5.40736321793329E-15,-19.5259958153619,
-37.2593970761463));
#3885=CARTESIAN_POINT('Ctrl Pts',(33.2010620841215,-21.1116391175732,-34.4102752420046));
#3886=CARTESIAN_POINT('Ctrl Pts',(22.1340413894143,-21.1116391175732,-34.4102752420046));
#3887=CARTESIAN_POINT('Ctrl Pts',(11.0670206947071,-21.1116391175732,-34.4102752420046));
#3888=CARTESIAN_POINT('Ctrl Pts',(-6.03999534997858E-15,-21.1116391175732,
-34.4102752420046));
#3889=CARTESIAN_POINT('Ctrl Pts',(33.2010620841215,-21.7839566827794,-31.4341277533378));
#3890=CARTESIAN_POINT('Ctrl Pts',(22.1340413894143,-21.7839566827794,-31.4341277533378));
#3891=CARTESIAN_POINT('Ctrl Pts',(11.0670206947072,-21.7839566827794,-31.4341277533378));
#3892=CARTESIAN_POINT('Ctrl Pts',(-6.70083284329823E-15,-21.7839566827794,
-31.4341277533378));
#3893=CARTESIAN_POINT('Ctrl Pts',(33.2010620841215,-21.8,-29.3219973762821));
#3894=CARTESIAN_POINT('Ctrl Pts',(22.1340413894143,-21.8,-29.3219973762821));
#3895=CARTESIAN_POINT('Ctrl Pts',(11.0670206947071,-21.8,-29.3219973762821));
#3896=CARTESIAN_POINT('Ctrl Pts',(-7.16981999842172E-15,-21.8,-29.3219973762821));
#3897=CARTESIAN_POINT('Ctrl Pts',(33.2010620841215,-21.8,-28.2));
#3898=CARTESIAN_POINT('Ctrl Pts',(22.1340413894143,-21.8,-28.2));
#3899=CARTESIAN_POINT('Ctrl Pts',(11.0670206947072,-21.8,-28.2));
#3900=CARTESIAN_POINT('Ctrl Pts',(-7.41895346256519E-15,-21.8,-28.2));
#3901=CARTESIAN_POINT('',(33.2,-8.00000000000001,-42.));
#3902=CARTESIAN_POINT('Ctrl Pts',(33.1999999999999,-8.00000000000001,-42.0000000000001));
#3903=CARTESIAN_POINT('Ctrl Pts',(33.1997034216952,-8.43532967238863,-41.998867879808));
#3904=CARTESIAN_POINT('Ctrl Pts',(33.2008977077697,-8.92792910591095,-42.0028788386813));
#3905=CARTESIAN_POINT('Ctrl Pts',(33.1826474464051,-9.88116690009763,-41.9761204479676));
#3906=CARTESIAN_POINT('Ctrl Pts',(33.1730210548085,-10.2350272293295,-41.9628546748912));
#3907=CARTESIAN_POINT('Ctrl Pts',(33.145219118163,-10.939421524522,-41.9051816092748));
#3908=CARTESIAN_POINT('Ctrl Pts',(33.1317781874407,-11.2384967218019,-41.8777141878998));
#3909=CARTESIAN_POINT('Ctrl Pts',(33.1131559206602,-11.6027357334611,-41.8250321607086));
#3910=CARTESIAN_POINT('',(0.,-8.00000000000001,-42.));
#3911=CARTESIAN_POINT('',(9.32587340685131E-15,-8.00000000000001,-42.));
#3912=CARTESIAN_POINT('',(-1.38777878078145E-16,-21.664712354215,-31.5));
#3913=CARTESIAN_POINT('Ctrl Pts',(-4.44089209850063E-15,-8.00000000000001,
-42.));
#3914=CARTESIAN_POINT('Ctrl Pts',(-4.44089209850063E-15,-9.12199737628208,
-42.));
#3915=CARTESIAN_POINT('Ctrl Pts',(-4.44275879192588E-15,-10.1783274540585,
-41.9915931601857));
#3916=CARTESIAN_POINT('Ctrl Pts',(-4.46849049759421E-15,-11.2021478577752,
-41.8757078601262));
#3917=CARTESIAN_POINT('Ctrl Pts',(-4.46662380416896E-15,-12.2259682614919,
-41.7598225600667));
#3918=CARTESIAN_POINT('Ctrl Pts',(-4.51622052208037E-15,-13.2172789911489,
-41.536458799762));
#3919=CARTESIAN_POINT('Ctrl Pts',(-4.5998402444839E-15,-14.1882291299319,
-41.1598690491046));
#3920=CARTESIAN_POINT('Ctrl Pts',(-4.52451182090417E-15,-15.1591792687148,
-40.7832792984472));
#3921=CARTESIAN_POINT('Ctrl Pts',(-4.64215454779982E-15,-16.1097688166237,
-40.253463557437));
#3922=CARTESIAN_POINT('Ctrl Pts',(-4.79217150825795E-15,-16.9960031657164,
-39.5778472302185));
#3923=CARTESIAN_POINT('Ctrl Pts',(-4.59090905895876E-15,-17.882237514809,
-38.9022309030001));
#3924=CARTESIAN_POINT('Ctrl Pts',(-4.77330025297936E-15,-18.7041166650855,
-38.0808139895732));
#3925=CARTESIAN_POINT('Ctrl Pts',(-4.9699345386639E-15,-19.3793301239256,
-37.1952518938362));
#3926=CARTESIAN_POINT('Ctrl Pts',(-4.63752638418514E-15,-20.0545435827657,
-36.3096897980991));
#3927=CARTESIAN_POINT('Ctrl Pts',(-4.84840376153356E-15,-20.5830913501694,
-35.3599825200519));
#3928=CARTESIAN_POINT('Ctrl Pts',(-5.0639820324277E-15,-20.9594181614057,
-34.3891042995837));
#3929=CARTESIAN_POINT('Ctrl Pts',(-9.09049145522893E-15,-21.3237505064278,
-33.4491703692001));
#3930=CARTESIAN_POINT('Ctrl Pts',(-9.30360472421911E-15,-21.5454105776303,
-32.4893935303882));
#3931=CARTESIAN_POINT('Ctrl Pts',(-9.52330748702653E-15,-21.6644861720191,
-31.4999402496765));
#3932=CARTESIAN_POINT('',(8.5,-21.664712354215,-31.5));
#3933=CARTESIAN_POINT('Ctrl Pts',(8.5,-21.664712354215,-31.5));
#3934=CARTESIAN_POINT('Ctrl Pts',(5.66666666666667,-21.664712354215,-31.5));
#3935=CARTESIAN_POINT('Ctrl Pts',(2.83333333333334,-21.664712354215,-31.5));
#3936=CARTESIAN_POINT('Ctrl Pts',(-2.77555756156289E-16,-21.664712354215,
-31.5));
#3937=CARTESIAN_POINT('',(10.5,-21.7915239066998,-29.5));
#3938=CARTESIAN_POINT('Ctrl Pts',(8.5,-21.664712354215,-31.5));
#3939=CARTESIAN_POINT('Ctrl Pts',(8.518709364793,-21.664712354215,-31.5));
#3940=CARTESIAN_POINT('Ctrl Pts',(8.53742149568476,-21.6647440596606,-31.4997374706769));
#3941=CARTESIAN_POINT('Ctrl Pts',(8.65038761650858,-21.6651268406385,-31.4965657729338));
#3942=CARTESIAN_POINT('Ctrl Pts',(8.74432453194876,-21.6662539896562,-31.4872577391799));
#3943=CARTESIAN_POINT('Ctrl Pts',(8.97466515820918,-21.6709331871228,-31.4478523161601));
#3944=CARTESIAN_POINT('Ctrl Pts',(9.10919090625016,-21.6753816836039,-31.4100514122358));
#3945=CARTESIAN_POINT('Ctrl Pts',(9.4829522752322,-21.6918738830568,-31.2615077546526));
#3946=CARTESIAN_POINT('Ctrl Pts',(9.70560445039999,-21.7069858455876,-31.1172504538983));
#3947=CARTESIAN_POINT('Ctrl Pts',(10.0817836085612,-21.7377209079551,-30.7516288217562));
#3948=CARTESIAN_POINT('Ctrl Pts',(10.2320169983367,-21.752865639216,-30.5338488672869));
#3949=CARTESIAN_POINT('Ctrl Pts',(10.4406454089912,-21.7769779040138,-30.0509393994837));
#3950=CARTESIAN_POINT('Ctrl Pts',(10.4963644925083,-21.7856454100711,-29.7903072934564));
#3951=CARTESIAN_POINT('Ctrl Pts',(10.4999427010187,-21.7911796196199,-29.5174837064121));
#3952=CARTESIAN_POINT('Ctrl Pts',(10.5,-21.7913534921129,-29.5087406300813));
#3953=CARTESIAN_POINT('Ctrl Pts',(10.5,-21.7915239066998,-29.5));
#3954=CARTESIAN_POINT('',(10.5,-21.8,-28.2));
#3955=CARTESIAN_POINT('Ctrl Pts',(10.5,-21.8,-28.2));
#3956=CARTESIAN_POINT('Ctrl Pts',(10.5,-21.8,-28.6321509824467));
#3957=CARTESIAN_POINT('Ctrl Pts',(10.5,-21.8000055601725,-29.0649727125854));
#3958=CARTESIAN_POINT('Ctrl Pts',(10.5,-21.7915239066998,-29.5));
#3959=CARTESIAN_POINT('',(6.26165785888588E-15,-21.8,-28.2));
#3960=CARTESIAN_POINT('Ctrl Pts',(41.6156926557847,-12.7158477784545,-33.0516127358003));
#3961=CARTESIAN_POINT('Ctrl Pts',(41.6448402864484,-12.5909767257929,-33.0589687951445));
#3962=CARTESIAN_POINT('Ctrl Pts',(41.6719485986709,-12.4707243024627,-33.0659310850157));
#3963=CARTESIAN_POINT('Ctrl Pts',(41.8418553511347,-11.6178731498346,-33.114170197186));
#3964=CARTESIAN_POINT('Ctrl Pts',(41.8916110162984,-11.1051669755884,-33.138677264316));
#3965=CARTESIAN_POINT('Ctrl Pts',(41.9628546748911,-10.2350272293294,-33.1730210548085));
#3966=CARTESIAN_POINT('Ctrl Pts',(41.9761204479677,-9.88116690009757,-33.1826474464051));
#3967=CARTESIAN_POINT('Ctrl Pts',(42.0028788386812,-8.92792910591086,-33.2008977077697));
#3968=CARTESIAN_POINT('Ctrl Pts',(41.9988678798082,-8.43532967238852,-33.1997034216952));
#3969=CARTESIAN_POINT('Ctrl Pts',(42.,-7.99999999999995,-33.2));
#3970=CARTESIAN_POINT('Ctrl Pts',(41.5513952984131,-13.0034561921046,-34.462119727621));
#3971=CARTESIAN_POINT('Ctrl Pts',(41.5862950072059,-12.867811889278,-34.4772670199312));
#3972=CARTESIAN_POINT('Ctrl Pts',(41.6187472308672,-12.7372001849467,-34.491449460991));
#3973=CARTESIAN_POINT('Ctrl Pts',(41.8222300097697,-11.8077772089641,-34.5843038148434));
#3974=CARTESIAN_POINT('Ctrl Pts',(41.8803351144347,-11.2493871514326,-34.6189872190191));
#3975=CARTESIAN_POINT('Ctrl Pts',(41.9627209135398,-10.3131942589502,-34.6673939269134));
#3976=CARTESIAN_POINT('Ctrl Pts',(41.9773013093862,-9.9373512751232,-34.6785242492634));
#3977=CARTESIAN_POINT('Ctrl Pts',(42.006724765598,-8.93679002003494,-34.7000313839434));
#3978=CARTESIAN_POINT('Ctrl Pts',(42.001878985004,-8.4356534866654,-34.6977796811947));
#3979=CARTESIAN_POINT('Ctrl Pts',(42.0032523123607,-7.99999999999995,-34.698387906729));
#3980=CARTESIAN_POINT('Ctrl Pts',(41.3114211516536,-13.512330486821,-36.8398700287466));
#3981=CARTESIAN_POINT('Ctrl Pts',(41.3580141683052,-13.3572614425099,-36.8665707761925));
#3982=CARTESIAN_POINT('Ctrl Pts',(41.4013256439457,-13.207980941239,-36.8914587824065));
#3983=CARTESIAN_POINT('Ctrl Pts',(41.6731964918962,-12.1400540076389,-37.0500806758626));
#3984=CARTESIAN_POINT('Ctrl Pts',(41.7476530777489,-11.4995833729075,-37.0995162796475));
#3985=CARTESIAN_POINT('Ctrl Pts',(41.8516750663588,-10.4463117311612,-37.1685915512287));
#3986=CARTESIAN_POINT('Ctrl Pts',(41.8685536060429,-10.0322789229584,-37.1819096905667));
#3987=CARTESIAN_POINT('Ctrl Pts',(41.9028170713569,-8.95062964784844,-37.2082237981838));
#3988=CARTESIAN_POINT('Ctrl Pts',(41.8963765079656,-8.43626294006876,-37.2044093983143));
#3989=CARTESIAN_POINT('Ctrl Pts',(41.8982218827686,-7.99999999999995,-37.2054763346702));
#3990=CARTESIAN_POINT('Ctrl Pts',(39.347619268616,-13.6574454132151,-39.3828558567642));
#3991=CARTESIAN_POINT('Ctrl Pts',(39.3877269858647,-13.4970183921109,-39.4234160317077));
#3992=CARTESIAN_POINT('Ctrl Pts',(39.4250391808657,-13.3425777796103,-39.4611478556797));
#3993=CARTESIAN_POINT('Ctrl Pts',(39.6604477485977,-12.2357417817217,-39.6991734838262));
#3994=CARTESIAN_POINT('Ctrl Pts',(39.7271827533651,-11.5713085232691,-39.7665114893882));
#3995=CARTESIAN_POINT('Ctrl Pts',(39.8200960311458,-10.4843012102776,-39.8602388112272));
#3996=CARTESIAN_POINT('Ctrl Pts',(39.8358682830332,-10.0592423070597,-39.8760949234814));
#3997=CARTESIAN_POINT('Ctrl Pts',(39.8675840531116,-8.95441678125943,-39.9079924193189));
#3998=CARTESIAN_POINT('Ctrl Pts',(39.8619865531623,-8.436444870476,-39.9023345883557));
#3999=CARTESIAN_POINT('Ctrl Pts',(39.863581440396,-7.99999999999997,-39.9039474175831));
#4000=CARTESIAN_POINT('Ctrl Pts',(37.1096474034645,-13.4806959555676,-40.9014180006745));
#4001=CARTESIAN_POINT('Ctrl Pts',(37.1379897986296,-13.3268703463593,-40.9450655645476));
#4002=CARTESIAN_POINT('Ctrl Pts',(37.1643992544394,-13.1787827610331,-40.985646929245));
#4003=CARTESIAN_POINT('Ctrl Pts',(37.3324706672569,-12.1195764684176,-41.2406223655316));
#4004=CARTESIAN_POINT('Ctrl Pts',(37.3840434484307,-11.4840889919756,-41.3112607118331));
#4005=CARTESIAN_POINT('Ctrl Pts',(37.4560240551887,-10.4380225566467,-41.4100286051299));
#4006=CARTESIAN_POINT('Ctrl Pts',(37.4696345277833,-10.0263380552263,-41.4263644499897));
#4007=CARTESIAN_POINT('Ctrl Pts',(37.4965927584909,-8.94972816317219,-41.4594368958549));
#4008=CARTESIAN_POINT('Ctrl Pts',(37.4925629507586,-8.43622682472956,-41.4533892050477));
#4009=CARTESIAN_POINT('Ctrl Pts',(37.493694124074,-7.99999999999998,-41.4551181317042));
#4010=CARTESIAN_POINT('Ctrl Pts',(35.378174517633,-13.2016780310671,-41.4794964727527));
#4011=CARTESIAN_POINT('Ctrl Pts',(35.3979038469152,-13.0584766538089,-41.5189023486822));
#4012=CARTESIAN_POINT('Ctrl Pts',(35.4163322202948,-12.9206018406181,-41.5555392143637));
#4013=CARTESIAN_POINT('Ctrl Pts',(35.5353036853578,-11.9373308734077,-41.785345884331));
#4014=CARTESIAN_POINT('Ctrl Pts',(35.5758584550759,-11.347038013604,-41.8497558056605));
#4015=CARTESIAN_POINT('Ctrl Pts',(35.6324671776559,-10.3652605649067,-41.9405096320685));
#4016=CARTESIAN_POINT('Ctrl Pts',(35.6444646205347,-9.97451836513838,-41.9559891331944));
#4017=CARTESIAN_POINT('Ctrl Pts',(35.6678743437847,-8.94226570687413,-41.9873009012099));
#4018=CARTESIAN_POINT('Ctrl Pts',(35.6650034676841,-8.43588923052348,-41.981836625719));
#4019=CARTESIAN_POINT('Ctrl Pts',(35.6657936849811,-7.99999999999999,-41.9833925309968));
#4020=CARTESIAN_POINT('Ctrl Pts',(33.7541462697127,-12.8586766129615,-41.5841356399484));
#4021=CARTESIAN_POINT('Ctrl Pts',(33.765341733235,-12.7284737659684,-41.6161990125957));
#4022=CARTESIAN_POINT('Ctrl Pts',(33.7758619732406,-12.6030936588989,-41.6460163577029));
#4023=CARTESIAN_POINT('Ctrl Pts',(33.8460844142693,-11.7123156815546,-41.8329612222867));
#4024=CARTESIAN_POINT('Ctrl Pts',(33.8756147778,-11.1769111789945,-41.8869702218996));
#4025=CARTESIAN_POINT('Ctrl Pts',(33.9169009389225,-10.2739494311206,-41.9638755530312));
#4026=CARTESIAN_POINT('Ctrl Pts',(33.9272731126729,-9.90914803857471,-41.9778111423233));
#4027=CARTESIAN_POINT('Ctrl Pts',(33.9471350068411,-8.93235119023216,-42.0059237536979));
#4028=CARTESIAN_POINT('Ctrl Pts',(33.9454184064093,-8.43549015525278,-42.0014889530149));
#4029=CARTESIAN_POINT('Ctrl Pts',(33.9458687852062,-8.00000000000001,-42.0027434637448));
#4030=CARTESIAN_POINT('Ctrl Pts',(33.0516127358002,-12.7158477784547,-41.6156926557846));
#4031=CARTESIAN_POINT('Ctrl Pts',(33.0589687951446,-12.5909767257933,-41.6448402864486));
#4032=CARTESIAN_POINT('Ctrl Pts',(33.0659310850157,-12.4707243024629,-41.6719485986708));
#4033=CARTESIAN_POINT('Ctrl Pts',(33.1141701971859,-11.6178731498348,-41.8418553511349));
#4034=CARTESIAN_POINT('Ctrl Pts',(33.138677264316,-11.1051669755885,-41.8916110162984));
#4035=CARTESIAN_POINT('Ctrl Pts',(33.1730210548085,-10.2350272293295,-41.9628546748912));
#4036=CARTESIAN_POINT('Ctrl Pts',(33.1826474464051,-9.88116690009763,-41.9761204479676));
#4037=CARTESIAN_POINT('Ctrl Pts',(33.2008977077697,-8.92792910591095,-42.0028788386813));
#4038=CARTESIAN_POINT('Ctrl Pts',(33.1997034216952,-8.43532967238863,-41.998867879808));
#4039=CARTESIAN_POINT('Ctrl Pts',(33.1999999999999,-8.00000000000001,-42.0000000000001));
#4040=CARTESIAN_POINT('',(42.,-8.00000000000001,-33.2));
#4041=CARTESIAN_POINT('Ctrl Pts',(41.6156926557847,-12.7158477784545,-33.0516127358003));
#4042=CARTESIAN_POINT('Ctrl Pts',(41.6448402864484,-12.5909767257929,-33.0589687951445));
#4043=CARTESIAN_POINT('Ctrl Pts',(41.6719485986709,-12.4707243024627,-33.0659310850157));
#4044=CARTESIAN_POINT('Ctrl Pts',(41.8418553511347,-11.6178731498346,-33.114170197186));
#4045=CARTESIAN_POINT('Ctrl Pts',(41.8916110162984,-11.1051669755884,-33.138677264316));
#4046=CARTESIAN_POINT('Ctrl Pts',(41.9628546748911,-10.2350272293294,-33.1730210548085));
#4047=CARTESIAN_POINT('Ctrl Pts',(41.9761204479677,-9.88116690009757,-33.1826474464051));
#4048=CARTESIAN_POINT('Ctrl Pts',(42.0028788386812,-8.92792910591086,-33.2008977077697));
#4049=CARTESIAN_POINT('Ctrl Pts',(41.9988678798082,-8.43532967238852,-33.1997034216952));
#4050=CARTESIAN_POINT('Ctrl Pts',(42.,-7.99999999999995,-33.2));
#4051=CARTESIAN_POINT('Ctrl Pts',(33.2,-8.00000000000001,-42.));
#4052=CARTESIAN_POINT('Ctrl Pts',(33.9479982508547,-8.00000000000001,-42.));
#4053=CARTESIAN_POINT('Ctrl Pts',(35.3205560294341,-8.00000000000001,-41.9869011110995));
#4054=CARTESIAN_POINT('Ctrl Pts',(37.192760321083,-8.00000000000001,-41.5626926186981));
#4055=CARTESIAN_POINT('Ctrl Pts',(38.9932877617407,-8.00000000000001,-40.5615093642536));
#4056=CARTESIAN_POINT('Ctrl Pts',(40.5634541943028,-8.00000000000002,-38.992285203153));
#4057=CARTESIAN_POINT('Ctrl Pts',(41.5621330236056,-8.00000000000002,-37.1940804886973));
#4058=CARTESIAN_POINT('Ctrl Pts',(41.9872757864241,-8.00000000000002,-35.3201288486919));
#4059=CARTESIAN_POINT('Ctrl Pts',(42.,-8.00000000000002,-33.9479982508547));
#4060=CARTESIAN_POINT('Ctrl Pts',(42.,-8.00000000000002,-33.2));
#4061=CARTESIAN_POINT('Ctrl Pts',(41.6150707022363,-12.7184780873727,-33.2010620841215));
#4062=CARTESIAN_POINT('Ctrl Pts',(41.6150707022363,-12.7184780873727,-31.4673747227477));
#4063=CARTESIAN_POINT('Ctrl Pts',(41.6150707022364,-12.7184780873727,-29.7336873613738));
#4064=CARTESIAN_POINT('Ctrl Pts',(41.6150707022364,-12.7184780873727,-28.));
#4065=CARTESIAN_POINT('Ctrl Pts',(41.9683678714523,-11.2251147415144,-33.2010620841215));
#4066=CARTESIAN_POINT('Ctrl Pts',(41.9683678714523,-11.2251147415144,-31.4673747227477));
#4067=CARTESIAN_POINT('Ctrl Pts',(41.9683678714524,-11.2251147415144,-29.7336873613738));
#4068=CARTESIAN_POINT('Ctrl Pts',(41.9683678714524,-11.2251147415144,-28.));
#4069=CARTESIAN_POINT('Ctrl Pts',(42.,-9.68424805770548,-33.2010620841215));
#4070=CARTESIAN_POINT('Ctrl Pts',(42.,-9.68424805770548,-31.4673747227477));
#4071=CARTESIAN_POINT('Ctrl Pts',(42.0000000000001,-9.68424805770549,-29.7336873613738));
#4072=CARTESIAN_POINT('Ctrl Pts',(42.0000000000001,-9.68424805770549,-28.));
#4073=CARTESIAN_POINT('Ctrl Pts',(42.,-8.00000000000002,-33.2010620841215));
#4074=CARTESIAN_POINT('Ctrl Pts',(42.,-8.00000000000002,-31.4673747227477));
#4075=CARTESIAN_POINT('Ctrl Pts',(42.0000000000001,-8.00000000000004,-29.7336873613738));
#4076=CARTESIAN_POINT('Ctrl Pts',(42.0000000000001,-8.00000000000004,-28.));
#4077=CARTESIAN_POINT('',(42.,-8.00000000000001,-28.));
#4078=CARTESIAN_POINT('Ctrl Pts',(42.0000000000001,-8.00000000000004,-28.));
#4079=CARTESIAN_POINT('Ctrl Pts',(42.0000000000001,-9.24479790867144,-28.));
#4080=CARTESIAN_POINT('Ctrl Pts',(42.0000000000001,-10.4951125831996,-28.));
#4081=CARTESIAN_POINT('Ctrl Pts',(41.7501622611466,-12.0872687514672,-28.));
#4082=CARTESIAN_POINT('Ctrl Pts',(41.6908704493297,-12.3980776600028,-28.));
#4083=CARTESIAN_POINT('Ctrl Pts',(41.6150707026151,-12.7184780857717,-28.));
#4084=CARTESIAN_POINT('',(42.,-8.00000000000001,21.6));
#4085=CARTESIAN_POINT('Origin',(37.7243503735294,-11.789833876057,28.));
#4086=CARTESIAN_POINT('',(41.5638767255965,-12.9114943144984,-28.));
#4087=CARTESIAN_POINT('',(41.5638767255965,-12.9114943144984,-28.));
#4088=CARTESIAN_POINT('Origin',(37.7243503735294,-11.789833876057,-28.));
#4089=CARTESIAN_POINT('Ctrl Pts',(41.6150707028312,12.7184780848583,-28.));
#4090=CARTESIAN_POINT('Ctrl Pts',(41.6156929745231,12.7158477843134,-28.0804645624908));
#4091=CARTESIAN_POINT('Ctrl Pts',(41.6156910826016,12.7158477495156,-29.7643424108771));
#4092=CARTESIAN_POINT('Ctrl Pts',(41.6156926557911,12.7158477784276,-31.4482202592634));
#4093=CARTESIAN_POINT('Ctrl Pts',(41.6156926557911,12.7158477784276,-33.0516127289336));
#4094=CARTESIAN_POINT('Ctrl Pts',(41.6144599498738,12.7210596964881,-28.0000739117142));
#4095=CARTESIAN_POINT('Ctrl Pts',(41.6152188501422,12.7178540007937,-28.0804685988479));
#4096=CARTESIAN_POINT('Ctrl Pts',(41.6152170039002,12.7178536206359,-29.7643370296501));
#4097=CARTESIAN_POINT('Ctrl Pts',(41.6152185353139,12.717853967331,-31.4482230392447));
#4098=CARTESIAN_POINT('Ctrl Pts',(41.6152185499194,12.7178538559141,-33.0516127289336));
#4099=CARTESIAN_POINT('Ctrl Pts',(41.6138440564057,12.7236400919854,-28.0001478234285));
#4100=CARTESIAN_POINT('Ctrl Pts',(41.6147419789558,12.7198627497253,-28.0804850554767));
#4101=CARTESIAN_POINT('Ctrl Pts',(41.6147382071655,12.7198406499346,-29.7641633498699));
#4102=CARTESIAN_POINT('Ctrl Pts',(41.6147413148014,12.719859078661,-31.448217479277));
#4103=CARTESIAN_POINT('Ctrl Pts',(41.6147413426391,12.71985920043,-33.0516127289336));
#4104=CARTESIAN_POINT('Ctrl Pts',(41.6132230273069,12.726219250904,-28.0002217345571));
#4105=CARTESIAN_POINT('Ctrl Pts',(41.6142617059292,12.7218675033336,-28.0804890918368));
#4106=CARTESIAN_POINT('Ctrl Pts',(41.6142578497474,12.721845026459,-29.7641579686348));
#4107=CARTESIAN_POINT('Ctrl Pts',(41.6142610362315,12.7218638023892,-31.4482202592634));
#4108=CARTESIAN_POINT('Ctrl Pts',(41.6142610362315,12.7218638023892,-33.0516127289336));
#4109=CARTESIAN_POINT('',(41.6156926557459,12.7158477786188,-33.0516127323565));
#4110=CARTESIAN_POINT('',(41.6150707028085,12.718478084954,-28.));
#4111=CARTESIAN_POINT('Ctrl Pts',(41.6156926557911,12.7158477784276,-33.0516127289336));
#4112=CARTESIAN_POINT('Ctrl Pts',(41.6156926557911,12.7158477784276,-31.4482202592634));
#4113=CARTESIAN_POINT('Ctrl Pts',(41.6156910826016,12.7158477495156,-29.7643424108771));
#4114=CARTESIAN_POINT('Ctrl Pts',(41.6156929745231,12.7158477843134,-28.0804645624908));
#4115=CARTESIAN_POINT('Ctrl Pts',(41.6150707028312,12.7184780848583,-28.));
#4116=CARTESIAN_POINT('',(41.6142610362315,12.7218638023892,-33.0516127289336));
#4117=CARTESIAN_POINT('Ctrl Pts',(41.6132258763578,12.7262073142424,-28.0004421066475));
#4118=CARTESIAN_POINT('Ctrl Pts',(41.6142617055918,12.7218675013673,-28.0806363869818));
#4119=CARTESIAN_POINT('Ctrl Pts',(41.6142578498868,12.7218450272803,-29.7642316334158));
#4120=CARTESIAN_POINT('Ctrl Pts',(41.6142610362315,12.7218638023892,-31.4482202592634));
#4121=CARTESIAN_POINT('Ctrl Pts',(41.6142610362315,12.7218638023892,-33.0516127289336));
#4122=CARTESIAN_POINT('Origin',(39.6693108557935,12.2558500733915,-33.0516127289336));
#4123=CARTESIAN_POINT('Ctrl Pts',(41.6156926557952,12.7158477784097,-33.0516127356854));
#4124=CARTESIAN_POINT('Ctrl Pts',(41.6156926602641,12.7158477595007,-33.1622502320387));
#4125=CARTESIAN_POINT('Ctrl Pts',(41.6027440400576,12.7703914813135,-33.4984246799583));
#4126=CARTESIAN_POINT('Ctrl Pts',(41.5337743862819,13.0227399459248,-34.3031347687996));
#4127=CARTESIAN_POINT('Ctrl Pts',(41.3851065821172,13.3631422639443,-35.0467387956266));
#4128=CARTESIAN_POINT('Ctrl Pts',(41.2127777160114,13.5973209931043,-35.5557865339933));
#4129=CARTESIAN_POINT('Ctrl Pts',(41.6152185499245,12.7178538558924,-33.0516127356854));
#4130=CARTESIAN_POINT('Ctrl Pts',(41.6152185529232,12.7178538432908,-33.1622503256161));
#4131=CARTESIAN_POINT('Ctrl Pts',(41.5995302601323,12.7840287655193,-33.4962108007186));
#4132=CARTESIAN_POINT('Ctrl Pts',(41.5170415820793,13.0897499857788,-34.2816934602694));
#4133=CARTESIAN_POINT('Ctrl Pts',(41.3496631234188,13.4994275866415,-34.9771854146326));
#4134=CARTESIAN_POINT('Ctrl Pts',(41.1665617017344,13.788932019926,-35.44775439918));
#4135=CARTESIAN_POINT('Ctrl Pts',(41.6147413426452,12.7198592004044,-33.0516127356854));
#4136=CARTESIAN_POINT('Ctrl Pts',(41.6147413441544,12.7198591941057,-33.1622504191939));
#4137=CARTESIAN_POINT('Ctrl Pts',(41.5962745643143,12.7977074734443,-33.4941087900222));
#4138=CARTESIAN_POINT('Ctrl Pts',(41.4985778606828,13.1562629916266,-34.260057177257));
#4139=CARTESIAN_POINT('Ctrl Pts',(41.2995881941847,13.6319729593437,-34.9075685318609));
#4140=CARTESIAN_POINT('Ctrl Pts',(41.0846964521317,13.9682680807229,-35.3333016600034));
#4141=CARTESIAN_POINT('Ctrl Pts',(41.6142610362385,12.7218638023596,-33.0516127356854));
#4142=CARTESIAN_POINT('Ctrl Pts',(41.6142610362386,12.7218638023591,-33.1622505127718));
#4143=CARTESIAN_POINT('Ctrl Pts',(41.5928937873815,12.8114956619016,-33.4920102339812));
#4144=CARTESIAN_POINT('Ctrl Pts',(41.4785344098859,13.2221443200136,-34.2384167438956));
#4145=CARTESIAN_POINT('Ctrl Pts',(41.2349573092613,13.7593348001507,-34.8379718504493));
#4146=CARTESIAN_POINT('Ctrl Pts',(40.9717569295248,14.1253071487495,-35.2188243999284));
#4147=CARTESIAN_POINT('',(40.9717569295247,14.1253071487496,-35.2188243999284));
#4148=CARTESIAN_POINT('',(41.2127777160114,13.5973209931043,-35.5557865339933));
#4149=CARTESIAN_POINT('Origin',(39.3480579516538,12.9575736049729,-35.2188243999284));
#4150=CARTESIAN_POINT('Ctrl Pts',(41.2127777160114,13.5973209931043,-35.5557865339933));
#4151=CARTESIAN_POINT('Ctrl Pts',(41.3851065821172,13.3631422639443,-35.0467387956266));
#4152=CARTESIAN_POINT('Ctrl Pts',(41.5337743862819,13.0227399459248,-34.3031347687996));
#4153=CARTESIAN_POINT('Ctrl Pts',(41.6027440400576,12.7703914813135,-33.4984246799583));
#4154=CARTESIAN_POINT('Ctrl Pts',(41.6156926602641,12.7158477595007,-33.1622502320387));
#4155=CARTESIAN_POINT('Ctrl Pts',(41.6156926557952,12.7158477784097,-33.0516127356854));
#4156=CARTESIAN_POINT('Ctrl Pts',(41.6142610362385,12.7218638023596,-33.0516127356854));
#4157=CARTESIAN_POINT('Ctrl Pts',(41.6142610362386,12.7218638023591,-33.1622505127718));
#4158=CARTESIAN_POINT('Ctrl Pts',(41.5928937873815,12.8114956619016,-33.4920102339812));
#4159=CARTESIAN_POINT('Ctrl Pts',(41.4785344098859,13.2221443200136,-34.2384167438956));
#4160=CARTESIAN_POINT('Ctrl Pts',(41.2349573092613,13.7593348001507,-34.8379718504493));
#4161=CARTESIAN_POINT('Ctrl Pts',(40.9717569295248,14.1253071487495,-35.2188243999284));
#4162=CARTESIAN_POINT('Ctrl Pts',(41.2127777160006,13.5973209930969,-35.5557865340667));
#4163=CARTESIAN_POINT('Ctrl Pts',(41.139380062065,13.5452667034109,-36.0607917990707));
#4164=CARTESIAN_POINT('Ctrl Pts',(40.8340622791922,13.3247252555434,-37.3775381211666));
#4165=CARTESIAN_POINT('Ctrl Pts',(40.2367574161329,12.9056569485624,-38.5049633368373));
#4166=CARTESIAN_POINT('Ctrl Pts',(39.4351863824722,12.4312089027362,-39.6029865347152));
#4167=CARTESIAN_POINT('Ctrl Pts',(38.7416644141068,12.0725378366819,-40.334232352945));
#4168=CARTESIAN_POINT('Ctrl Pts',(37.4002696349616,11.614543525337,-41.2190340829885));
#4169=CARTESIAN_POINT('Ctrl Pts',(35.9149186437923,11.303162325234,-41.7383837499046));
#4170=CARTESIAN_POINT('Ctrl Pts',(34.3742853385829,11.1938547943528,-41.8800415231439));
#4171=CARTESIAN_POINT('Ctrl Pts',(33.5218762635038,11.2951147234208,-41.865603512618));
#4172=CARTESIAN_POINT('Ctrl Pts',(33.1239283151736,11.3873924532153,-41.8538913039377));
#4173=CARTESIAN_POINT('Ctrl Pts',(41.08477424327,13.9549445961783,-35.5851721489474));
#4174=CARTESIAN_POINT('Ctrl Pts',(41.0088855172499,13.8980011372377,-36.0994404926165));
#4175=CARTESIAN_POINT('Ctrl Pts',(40.6917106156659,13.655660248658,-37.4366373085007));
#4176=CARTESIAN_POINT('Ctrl Pts',(40.0919034845002,13.2167111316598,-38.5565559434677));
#4177=CARTESIAN_POINT('Ctrl Pts',(39.2988466497744,12.7273883987746,-39.6385072603355));
#4178=CARTESIAN_POINT('Ctrl Pts',(38.6168407531318,12.3599107938692,-40.3534490506178));
#4179=CARTESIAN_POINT('Ctrl Pts',(37.3071118988627,11.8917343005216,-41.2089342512086));
#4180=CARTESIAN_POINT('Ctrl Pts',(35.8663770936958,11.5764896799426,-41.7072626315175));
#4181=CARTESIAN_POINT('Ctrl Pts',(34.3802904336194,11.4697083613848,-41.8467540456736));
#4182=CARTESIAN_POINT('Ctrl Pts',(33.56029662712,11.5674419703364,-41.8328454408646));
#4183=CARTESIAN_POINT('Ctrl Pts',(33.178269803868,11.655450957035,-41.8198683913429));
#4184=CARTESIAN_POINT('Ctrl Pts',(40.6212469625789,14.595625395171,-35.6060028374215));
#4185=CARTESIAN_POINT('Ctrl Pts',(40.5467690088626,14.5306231764268,-36.1251567874751));
#4186=CARTESIAN_POINT('Ctrl Pts',(40.2307823364983,14.2527910459408,-37.4669291033186));
#4187=CARTESIAN_POINT('Ctrl Pts',(39.6590166680123,13.7877004915268,-38.5534999762239));
#4188=CARTESIAN_POINT('Ctrl Pts',(38.915670958542,13.281002431436,-39.5926497923779));
#4189=CARTESIAN_POINT('Ctrl Pts',(38.2799912056617,12.9041726457543,-40.272280708678));
#4190=CARTESIAN_POINT('Ctrl Pts',(37.0697076811621,12.4247738807315,-41.0699169369004));
#4191=CARTESIAN_POINT('Ctrl Pts',(35.7495596886576,12.1073819367001,-41.5296738106403));
#4192=CARTESIAN_POINT('Ctrl Pts',(34.3892102721438,12.007325392865,-41.6644285877139));
#4193=CARTESIAN_POINT('Ctrl Pts',(33.6384332110985,12.0975051978393,-41.6516758873529));
#4194=CARTESIAN_POINT('Ctrl Pts',(33.2867990267907,12.1762163046614,-41.6369423552557));
#4195=CARTESIAN_POINT('Ctrl Pts',(39.335142123803,15.1170190019778,-35.4994987940013));
#4196=CARTESIAN_POINT('Ctrl Pts',(39.2775234239271,15.0522204304278,-35.9803535256324));
#4197=CARTESIAN_POINT('Ctrl Pts',(39.0370895608336,14.7822353527513,-37.1988268867206));
#4198=CARTESIAN_POINT('Ctrl Pts',(38.5953308343455,14.355125984296,-38.1821899535322));
#4199=CARTESIAN_POINT('Ctrl Pts',(38.0114150982794,13.8940574733961,-39.1283679417954));
#4200=CARTESIAN_POINT('Ctrl Pts',(37.5085814087959,13.5518479116572,-39.7466384708856));
#4201=CARTESIAN_POINT('Ctrl Pts',(36.5494420787253,13.113399831607,-40.4603816654734));
#4202=CARTESIAN_POINT('Ctrl Pts',(35.5042971604379,12.8271643137134,-40.868657283652));
#4203=CARTESIAN_POINT('Ctrl Pts',(34.3935992674603,12.7448206244185,-40.9964784490044));
#4204=CARTESIAN_POINT('Ctrl Pts',(33.7498677912766,12.8210694243665,-40.9841813941184));
#4205=CARTESIAN_POINT('Ctrl Pts',(33.4451313838292,12.8851891541423,-40.9700897640576));
#4206=CARTESIAN_POINT('Ctrl Pts',(38.3653870469863,14.7877967636805,-35.3247155393945));
#4207=CARTESIAN_POINT('Ctrl Pts',(38.3241608127848,14.7403698629068,-35.7446032589274));
#4208=CARTESIAN_POINT('Ctrl Pts',(38.1540733967109,14.5465572488412,-36.7905778374122));
#4209=CARTESIAN_POINT('Ctrl Pts',(37.8177009898029,14.2285090933422,-37.6756288890107));
#4210=CARTESIAN_POINT('Ctrl Pts',(37.3524311406439,13.8746758362832,-38.5480734203457));
#4211=CARTESIAN_POINT('Ctrl Pts',(36.9451308287487,13.6082789050306,-39.1284608724396));
#4212=CARTESIAN_POINT('Ctrl Pts',(36.1722464516368,13.2649319872748,-39.7982525423763));
#4213=CARTESIAN_POINT('Ctrl Pts',(35.3330464616873,13.0393785011991,-40.183977556191));
#4214=CARTESIAN_POINT('Ctrl Pts',(34.3852325216113,12.9731126812175,-40.3067917029821));
#4215=CARTESIAN_POINT('Ctrl Pts',(33.7934261752852,13.0410543095881,-40.2948420992739));
#4216=CARTESIAN_POINT('Ctrl Pts',(33.5051685013784,13.098920432523,-40.2831101195586));
#4217=CARTESIAN_POINT('Ctrl Pts',(37.9608560468083,14.3982924794219,-35.2188243999842));
#4218=CARTESIAN_POINT('Ctrl Pts',(37.9236459833996,14.3624646217081,-35.6023551160311));
#4219=CARTESIAN_POINT('Ctrl Pts',(37.7768613937316,14.2223928748919,-36.5432619816457));
#4220=CARTESIAN_POINT('Ctrl Pts',(37.475913440958,13.9778735528339,-37.3697577377042));
#4221=CARTESIAN_POINT('Ctrl Pts',(37.0518363883255,13.6977887983937,-38.1986928104377));
#4222=CARTESIAN_POINT('Ctrl Pts',(36.6802820256298,13.4848404348303,-38.7560615115124));
#4223=CARTESIAN_POINT('Ctrl Pts',(35.98867927943,13.2125126225283,-39.3999211840059));
#4224=CARTESIAN_POINT('Ctrl Pts',(35.2488537276509,13.0327038350073,-39.771787028798));
#4225=CARTESIAN_POINT('Ctrl Pts',(34.3776260211477,12.9760359878225,-39.8920365813847));
#4226=CARTESIAN_POINT('Ctrl Pts',(33.7994703896423,13.0402047042698,-39.8798857685724));
#4227=CARTESIAN_POINT('Ctrl Pts',(33.5152336166813,13.0969123564673,-39.8698088065486));
#4228=CARTESIAN_POINT('',(33.5152336166813,13.0969123564673,-39.8698088065486));
#4229=CARTESIAN_POINT('',(33.1239283152993,11.3873924532214,-41.8538913039369));
#4230=CARTESIAN_POINT('Origin',(33.1239283151736,11.1355658391451,-39.8698088065486));
#4231=CARTESIAN_POINT('Ctrl Pts',(33.1239283151736,11.3873924532153,-41.8538913039377));
#4232=CARTESIAN_POINT('Ctrl Pts',(33.5218762635038,11.2951147234208,-41.865603512618));
#4233=CARTESIAN_POINT('Ctrl Pts',(34.3742853385829,11.1938547943528,-41.8800415231439));
#4234=CARTESIAN_POINT('Ctrl Pts',(35.9149186437923,11.303162325234,-41.7383837499046));
#4235=CARTESIAN_POINT('Ctrl Pts',(37.4002696349616,11.614543525337,-41.2190340829885));
#4236=CARTESIAN_POINT('Ctrl Pts',(38.7416644141068,12.0725378366819,-40.334232352945));
#4237=CARTESIAN_POINT('Ctrl Pts',(39.4351863824722,12.4312089027362,-39.6029865347152));
#4238=CARTESIAN_POINT('Ctrl Pts',(40.2367574161329,12.9056569485624,-38.5049633368373));
#4239=CARTESIAN_POINT('Ctrl Pts',(40.8340622791922,13.3247252555434,-37.3775381211666));
#4240=CARTESIAN_POINT('Ctrl Pts',(41.139380062065,13.5452667034109,-36.0607917990707));
#4241=CARTESIAN_POINT('Ctrl Pts',(41.2127777160006,13.5973209930969,-35.5557865340667));
#4242=CARTESIAN_POINT('',(37.960856046811,14.3982924794245,-35.2188243999842));
#4243=CARTESIAN_POINT('Origin',(39.3480579516462,12.9575736049658,-35.2188243999842));
#4244=CARTESIAN_POINT('Ctrl Pts',(37.9608560468083,14.3982924794219,-35.2188243999842));
#4245=CARTESIAN_POINT('Ctrl Pts',(37.9236459833996,14.3624646217081,-35.6023551160311));
#4246=CARTESIAN_POINT('Ctrl Pts',(37.7768613937316,14.2223928748919,-36.5432619816457));
#4247=CARTESIAN_POINT('Ctrl Pts',(37.475913440958,13.9778735528339,-37.3697577377042));
#4248=CARTESIAN_POINT('Ctrl Pts',(37.0518363883255,13.6977887983937,-38.1986928104377));
#4249=CARTESIAN_POINT('Ctrl Pts',(36.6802820256298,13.4848404348303,-38.7560615115124));
#4250=CARTESIAN_POINT('Ctrl Pts',(35.98867927943,13.2125126225283,-39.3999211840059));
#4251=CARTESIAN_POINT('Ctrl Pts',(35.2488537276509,13.0327038350073,-39.771787028798));
#4252=CARTESIAN_POINT('Ctrl Pts',(34.3776260211477,12.9760359878225,-39.8920365813847));
#4253=CARTESIAN_POINT('Ctrl Pts',(33.7994703896423,13.0402047042698,-39.8798857685724));
#4254=CARTESIAN_POINT('Ctrl Pts',(33.5152336166813,13.0969123564673,-39.8698088065486));
#4255=CARTESIAN_POINT('Ctrl Pts',(33.123928315233,11.3873924532015,-41.8538913039395));
#4256=CARTESIAN_POINT('Ctrl Pts',(32.3138410897776,11.5752386277176,-41.8300492176571));
#4257=CARTESIAN_POINT('Ctrl Pts',(30.7531422505416,12.2872718078179,-41.7404501584507));
#4258=CARTESIAN_POINT('Ctrl Pts',(28.8948146041042,14.3168085310858,-41.213553550956));
#4259=CARTESIAN_POINT('Ctrl Pts',(27.8115316792673,16.780881011904,-39.8868822998769));
#4260=CARTESIAN_POINT('Ctrl Pts',(27.4537669355482,18.9406961204902,-37.9066644182016));
#4261=CARTESIAN_POINT('Ctrl Pts',(27.5153506636407,20.6495730190397,-35.4450133786895));
#4262=CARTESIAN_POINT('Ctrl Pts',(27.6859213205732,21.6349139502438,-32.5141987361374));
#4263=CARTESIAN_POINT('Ctrl Pts',(27.7204011399844,21.7628583050463,-30.6079386577729));
#4264=CARTESIAN_POINT('Ctrl Pts',(27.726204547683,21.7864596481284,-29.7205881377681));
#4265=CARTESIAN_POINT('Ctrl Pts',(33.1782698039251,11.6554509570219,-41.8198683913448));
#4266=CARTESIAN_POINT('Ctrl Pts',(32.4000269263546,11.8345612089397,-41.7935282816469));
#4267=CARTESIAN_POINT('Ctrl Pts',(30.8988210666772,12.5135969259894,-41.6942032141592));
#4268=CARTESIAN_POINT('Ctrl Pts',(29.101965928904,14.4557577368639,-41.151079299777));
#4269=CARTESIAN_POINT('Ctrl Pts',(28.0617510695186,16.8359931551283,-39.8399170668459));
#4270=CARTESIAN_POINT('Ctrl Pts',(27.7399789693886,18.9467662855743,-37.8941934674402));
#4271=CARTESIAN_POINT('Ctrl Pts',(27.8331694668417,20.638079714883,-35.4644462462409));
#4272=CARTESIAN_POINT('Ctrl Pts',(28.0295391887603,21.6332656722347,-32.5323171793471));
#4273=CARTESIAN_POINT('Ctrl Pts',(28.068086380697,21.7626404084645,-30.6131842519325));
#4274=CARTESIAN_POINT('Ctrl Pts',(28.0745697056525,21.7863945939592,-29.7230340092017));
#4275=CARTESIAN_POINT('Ctrl Pts',(33.2868346838296,12.1764085035043,-41.637048519301));
#4276=CARTESIAN_POINT('Ctrl Pts',(32.5722270719331,12.33675509955,-41.6075378754186));
#4277=CARTESIAN_POINT('Ctrl Pts',(31.1898751740996,12.9448028734958,-41.4957008996729));
#4278=CARTESIAN_POINT('Ctrl Pts',(29.5159326215496,14.6975964632591,-40.9375259962137));
#4279=CARTESIAN_POINT('Ctrl Pts',(28.5617232712388,16.88798027175,-39.6637618367776));
#4280=CARTESIAN_POINT('Ctrl Pts',(28.3116892445737,18.8669868640064,-37.7854283792015));
#4281=CARTESIAN_POINT('Ctrl Pts',(28.4676756819877,20.4768492578895,-35.4283884567766));
#4282=CARTESIAN_POINT('Ctrl Pts',(28.7152293898516,21.4494347870052,-32.5338036118946));
#4283=CARTESIAN_POINT('Ctrl Pts',(28.7617747024893,21.5768498043474,-30.6129581294385));
#4284=CARTESIAN_POINT('Ctrl Pts',(28.7696072593914,21.6000264944363,-29.7229603859119));
#4285=CARTESIAN_POINT('Ctrl Pts',(33.4451329780406,12.8851947920962,-40.9700712292498));
#4286=CARTESIAN_POINT('Ctrl Pts',(32.8236622414055,13.0157077759653,-40.9415057585675));
#4287=CARTESIAN_POINT('Ctrl Pts',(31.618181736628,13.5100605651924,-40.8328769543434));
#4288=CARTESIAN_POINT('Ctrl Pts',(30.1401966503754,14.9386574363667,-40.3055909521234));
#4289=CARTESIAN_POINT('Ctrl Pts',(29.3115478627973,16.7599125566367,-39.1134908034419));
#4290=CARTESIAN_POINT('Ctrl Pts',(29.1361407380629,18.4286099673393,-37.3386396998784));
#4291=CARTESIAN_POINT('Ctrl Pts',(29.3345856933167,19.7732714007317,-35.1203023904052));
#4292=CARTESIAN_POINT('Ctrl Pts',(29.607215632974,20.5811171138386,-32.4150192005347));
#4293=CARTESIAN_POINT('Ctrl Pts',(29.6571519023425,20.6897685236527,-30.575495473512));
#4294=CARTESIAN_POINT('Ctrl Pts',(29.6655313562109,20.7094769032569,-29.7055686875364));
#4295=CARTESIAN_POINT('Ctrl Pts',(33.5051685014214,13.0989204325143,-40.2831101195603));
#4296=CARTESIAN_POINT('Ctrl Pts',(32.9200246018274,13.2168519860424,-40.2595421082971));
#4297=CARTESIAN_POINT('Ctrl Pts',(31.7876451548774,13.6637999609865,-40.1699102679626));
#4298=CARTESIAN_POINT('Ctrl Pts',(30.4159984200015,14.9170559729633,-39.7012023942744));
#4299=CARTESIAN_POINT('Ctrl Pts',(29.6342434860471,16.4856318894937,-38.5760618224987));
#4300=CARTESIAN_POINT('Ctrl Pts',(29.4304892795013,17.9140835535197,-36.8627354218466));
#4301=CARTESIAN_POINT('Ctrl Pts',(29.5553254830922,19.0308616988889,-34.7442629305001));
#4302=CARTESIAN_POINT('Ctrl Pts',(29.7512051601023,19.6730907141804,-32.2500502098284));
#4303=CARTESIAN_POINT('Ctrl Pts',(29.7871000926469,19.7647654503933,-30.5243528740228));
#4304=CARTESIAN_POINT('Ctrl Pts',(29.7932870252725,19.7814102369813,-29.6817820019996));
#4305=CARTESIAN_POINT('Ctrl Pts',(33.5152336167237,13.0969123564588,-39.8698088065501));
#4306=CARTESIAN_POINT('Ctrl Pts',(32.9366238913192,13.2123499148122,-39.849295527538));
#4307=CARTESIAN_POINT('Ctrl Pts',(31.8218852577077,13.6495591725418,-39.7711923273281));
#4308=CARTESIAN_POINT('Ctrl Pts',(30.4945634392294,14.8366647154526,-39.3379999470531));
#4309=CARTESIAN_POINT('Ctrl Pts',(29.7208220247498,16.2798191639996,-38.2529759213249));
#4310=CARTESIAN_POINT('Ctrl Pts',(29.465286381651,17.5901464958339,-36.5762573388439));
#4311=CARTESIAN_POINT('Ctrl Pts',(29.5092729338164,18.6031163535162,-34.5172465170989));
#4312=CARTESIAN_POINT('Ctrl Pts',(29.6311040624511,19.1743394066739,-32.150266319139));
#4313=CARTESIAN_POINT('Ctrl Pts',(29.6557314830728,19.2606790766726,-30.4934061485348));
#4314=CARTESIAN_POINT('Ctrl Pts',(29.6598766023012,19.2763708671368,-29.6674118588649));
#4315=CARTESIAN_POINT('',(29.6598766023012,19.2763708671368,-29.6674118588649));
#4316=CARTESIAN_POINT('',(27.726204547683,21.7864596481284,-29.7205881377681));
#4317=CARTESIAN_POINT('Origin',(27.726204547683,19.7871667022692,-29.6674118588649));
#4318=CARTESIAN_POINT('Ctrl Pts',(27.726204547683,21.7864596481284,-29.7205881377681));
#4319=CARTESIAN_POINT('Ctrl Pts',(27.7204011399844,21.7628583050463,-30.6079386577729));
#4320=CARTESIAN_POINT('Ctrl Pts',(27.6859213205732,21.6349139502438,-32.5141987361374));
#4321=CARTESIAN_POINT('Ctrl Pts',(27.5153506636407,20.6495730190397,-35.4450133786895));
#4322=CARTESIAN_POINT('Ctrl Pts',(27.4537669355482,18.9406961204902,-37.9066644182016));
#4323=CARTESIAN_POINT('Ctrl Pts',(27.8115316792673,16.780881011904,-39.8868822998769));
#4324=CARTESIAN_POINT('Ctrl Pts',(28.8948146041042,14.3168085310858,-41.213553550956));
#4325=CARTESIAN_POINT('Ctrl Pts',(30.7531422505416,12.2872718078179,-41.7404501584507));
#4326=CARTESIAN_POINT('Ctrl Pts',(32.3138410897776,11.5752386277176,-41.8300492176571));
#4327=CARTESIAN_POINT('Ctrl Pts',(33.123928315233,11.3873924532015,-41.8538913039395));
#4328=CARTESIAN_POINT('Ctrl Pts',(33.5152336167237,13.0969123564588,-39.8698088065501));
#4329=CARTESIAN_POINT('Ctrl Pts',(32.9366238913192,13.2123499148122,-39.849295527538));
#4330=CARTESIAN_POINT('Ctrl Pts',(31.8218852577077,13.6495591725418,-39.7711923273281));
#4331=CARTESIAN_POINT('Ctrl Pts',(30.4945634392294,14.8366647154526,-39.3379999470531));
#4332=CARTESIAN_POINT('Ctrl Pts',(29.7208220247498,16.2798191639996,-38.2529759213249));
#4333=CARTESIAN_POINT('Ctrl Pts',(29.465286381651,17.5901464958339,-36.5762573388439));
#4334=CARTESIAN_POINT('Ctrl Pts',(29.5092729338164,18.6031163535162,-34.5172465170989));
#4335=CARTESIAN_POINT('Ctrl Pts',(29.6311040624511,19.1743394066739,-32.150266319139));
#4336=CARTESIAN_POINT('Ctrl Pts',(29.6557314830728,19.2606790766726,-30.4934061485348));
#4337=CARTESIAN_POINT('Ctrl Pts',(29.6598766023012,19.2763708671368,-29.6674118588649));
#4338=CARTESIAN_POINT('Origin',(39.3480579516538,12.957573604973,-35.2188243999284));
#4339=CARTESIAN_POINT('Origin',(39.3480579516538,12.957573604973,-35.2188243999284));
#4340=CARTESIAN_POINT('Ctrl Pts',(27.7262045477122,21.7864596481248,-29.7205881379024));
#4341=CARTESIAN_POINT('Ctrl Pts',(27.6218375536551,21.7992225188125,-29.240736635376));
#4342=CARTESIAN_POINT('Ctrl Pts',(27.5339763753102,21.7999181571858,-28.7692740229382));
#4343=CARTESIAN_POINT('Ctrl Pts',(27.502178382668,21.8000007167148,-28.2727179958937));
#4344=CARTESIAN_POINT('Ctrl Pts',(27.5005590554526,21.8,-28.2363090734984));
#4345=CARTESIAN_POINT('Ctrl Pts',(27.5000000000001,21.8,-28.2));
#4346=CARTESIAN_POINT('Ctrl Pts',(27.8017766289483,21.7869289694066,-29.7029428504294));
#4347=CARTESIAN_POINT('Ctrl Pts',(27.6623806806592,21.7991059154478,-29.2340254902409));
#4348=CARTESIAN_POINT('Ctrl Pts',(27.5453084223383,21.7999289776813,-28.7684069948505));
#4349=CARTESIAN_POINT('Ctrl Pts',(27.5029041497141,21.8000001102993,-28.2726869759178));
#4350=CARTESIAN_POINT('Ctrl Pts',(27.5007453631019,21.8,-28.2363062048957));
#4351=CARTESIAN_POINT('Ctrl Pts',(27.5000000000001,21.8,-28.2));
#4352=CARTESIAN_POINT('Ctrl Pts',(27.877348479042,21.7828777570315,-29.6851773818782));
#4353=CARTESIAN_POINT('Ctrl Pts',(27.702924196345,21.7987375630883,-29.2273826410732));
#4354=CARTESIAN_POINT('Ctrl Pts',(27.5566404336642,21.7999120330383,-28.7675329698909));
#4355=CARTESIAN_POINT('Ctrl Pts',(27.5036299191203,21.799999781411,-28.2726563574369));
#4356=CARTESIAN_POINT('Ctrl Pts',(27.5009316707511,21.8,-28.2363033362929));
#4357=CARTESIAN_POINT('Ctrl Pts',(27.5000000000001,21.8,-28.2));
#4358=CARTESIAN_POINT('Ctrl Pts',(27.9524090954243,21.7743334045318,-29.6674118589899));
#4359=CARTESIAN_POINT('Ctrl Pts',(27.7436751073101,21.798094157628,-29.2207398933594));
#4360=CARTESIAN_POINT('Ctrl Pts',(27.5679521550046,21.7998698549564,-28.7666589353425));
#4361=CARTESIAN_POINT('Ctrl Pts',(27.5043568398978,21.7999995826202,-28.2726257395865));
#4362=CARTESIAN_POINT('Ctrl Pts',(27.5011179784004,21.8,-28.2363004676902));
#4363=CARTESIAN_POINT('Ctrl Pts',(27.5000000000001,21.8,-28.2));
#4364=CARTESIAN_POINT('',(27.9524090953951,21.7743334045351,-29.6674118589899));
#4365=CARTESIAN_POINT('',(27.5000000000001,21.8,-28.2));
#4366=CARTESIAN_POINT('Ctrl Pts',(27.9524090954243,21.7743334045318,-29.6674118589899));
#4367=CARTESIAN_POINT('Ctrl Pts',(27.7436751073101,21.798094157628,-29.2207398933594));
#4368=CARTESIAN_POINT('Ctrl Pts',(27.5679521550046,21.7998698549564,-28.7666589353425));
#4369=CARTESIAN_POINT('Ctrl Pts',(27.5043568398978,21.7999995826202,-28.2726257395865));
#4370=CARTESIAN_POINT('Ctrl Pts',(27.5011179784004,21.8,-28.2363004676902));
#4371=CARTESIAN_POINT('Ctrl Pts',(27.5000000000001,21.8,-28.2));
#4372=CARTESIAN_POINT('Ctrl Pts',(27.5000000000001,21.8,-28.2));
#4373=CARTESIAN_POINT('Ctrl Pts',(27.5005590554526,21.8,-28.2363090734984));
#4374=CARTESIAN_POINT('Ctrl Pts',(27.502178382668,21.8000007167148,-28.2727179958937));
#4375=CARTESIAN_POINT('Ctrl Pts',(27.5339763753102,21.7999181571858,-28.7692740229382));
#4376=CARTESIAN_POINT('Ctrl Pts',(27.6218375536551,21.7992225188125,-29.240736635376));
#4377=CARTESIAN_POINT('Ctrl Pts',(27.7262045477122,21.7864596481248,-29.7205881379024));
#4378=CARTESIAN_POINT('Origin',(27.7262045477122,19.7871667022659,-29.6674118589899));
#4379=CARTESIAN_POINT('Origin',(27.726204547683,19.7871667022692,-29.6674118588649));
#4380=CARTESIAN_POINT('Origin',(27.726204547683,19.7871667022692,-29.6674118588649));
#4381=CARTESIAN_POINT('Ctrl Pts',(41.6150706984986,12.718478103172,-33.2015662864072));
#4382=CARTESIAN_POINT('Ctrl Pts',(41.6150706984986,12.718478103172,-31.4677108576048));
#4383=CARTESIAN_POINT('Ctrl Pts',(41.6150706984986,12.718478103172,-29.7338554288024));
#4384=CARTESIAN_POINT('Ctrl Pts',(41.6150706984986,12.718478103172,-28.));
#4385=CARTESIAN_POINT('Ctrl Pts',(41.9683678710499,11.2251147524461,-33.2015662864072));
#4386=CARTESIAN_POINT('Ctrl Pts',(41.9683678710499,11.2251147524461,-31.4677108576048));
#4387=CARTESIAN_POINT('Ctrl Pts',(41.9683678710499,11.2251147524461,-29.7338554288024));
#4388=CARTESIAN_POINT('Ctrl Pts',(41.9683678710499,11.2251147524461,-28.));
#4389=CARTESIAN_POINT('Ctrl Pts',(42.0000000000001,9.68424806364509,-33.2015662864072));
#4390=CARTESIAN_POINT('Ctrl Pts',(42.0000000000001,9.68424806364509,-31.4677108576048));
#4391=CARTESIAN_POINT('Ctrl Pts',(42.0000000000001,9.68424806364509,-29.7338554288024));
#4392=CARTESIAN_POINT('Ctrl Pts',(42.0000000000001,9.68424806364509,-28.));
#4393=CARTESIAN_POINT('Ctrl Pts',(42.0000000000001,8.00000000000003,-33.2015662864072));
#4394=CARTESIAN_POINT('Ctrl Pts',(42.0000000000001,8.00000000000003,-31.4677108576048));
#4395=CARTESIAN_POINT('Ctrl Pts',(42.0000000000001,8.00000000000003,-29.7338554288024));
#4396=CARTESIAN_POINT('Ctrl Pts',(42.0000000000001,8.00000000000003,-28.));
#4397=CARTESIAN_POINT('',(42.,8.00000000000004,-33.1999999999999));
#4398=CARTESIAN_POINT('Ctrl Pts',(41.6156383627216,12.7158338766152,-33.051607958835));
#4399=CARTESIAN_POINT('Ctrl Pts',(41.6806401425338,12.4412680585742,-33.0678233907995));
#4400=CARTESIAN_POINT('Ctrl Pts',(41.7288004109342,12.1944319037535,-33.0816580861856));
#4401=CARTESIAN_POINT('Ctrl Pts',(41.8280473175282,11.6136267201981,-33.1131027407326));
#4402=CARTESIAN_POINT('Ctrl Pts',(41.8659869517445,11.3112750484505,-33.1280780604957));
#4403=CARTESIAN_POINT('Ctrl Pts',(41.9471257747048,10.5148564465074,-33.1637699491262));
#4404=CARTESIAN_POINT('Ctrl Pts',(41.9671596877771,10.1030408251501,-33.1768577260192));
#4405=CARTESIAN_POINT('Ctrl Pts',(42.0040745513843,9.01591258072508,-33.2012841308755));
#4406=CARTESIAN_POINT('Ctrl Pts',(41.9984769545812,8.47587024184735,-33.199581266449));
#4407=CARTESIAN_POINT('Ctrl Pts',(42.,8.00000000000004,-33.2));
#4408=CARTESIAN_POINT('',(42.,8.00000000000001,-28.));
#4409=CARTESIAN_POINT('',(42.,8.00000000000001,0.));
#4410=CARTESIAN_POINT('Ctrl Pts',(41.6150707028086,12.718478084954,-28.));
#4411=CARTESIAN_POINT('Ctrl Pts',(42.0004872031849,11.0893484874175,-28.));
#4412=CARTESIAN_POINT('Ctrl Pts',(42.0000000000001,9.52768910260725,-28.));
#4413=CARTESIAN_POINT('Ctrl Pts',(42.0000000000001,8.00000000000003,-28.));
#4414=CARTESIAN_POINT('Ctrl Pts',(33.2000000000001,7.99999999999992,-42.));
#4415=CARTESIAN_POINT('Ctrl Pts',(33.1995812664492,8.47587024184718,-41.9984769545809));
#4416=CARTESIAN_POINT('Ctrl Pts',(33.2012841308755,9.01591258072501,-42.0040745513842));
#4417=CARTESIAN_POINT('Ctrl Pts',(33.1768577260193,10.1030408251499,-41.967159687777));
#4418=CARTESIAN_POINT('Ctrl Pts',(33.1637699491263,10.5148564465073,-41.9471257747048));
#4419=CARTESIAN_POINT('Ctrl Pts',(33.1280780604958,11.3112750484502,-41.8659869517444));
#4420=CARTESIAN_POINT('Ctrl Pts',(33.1131027407326,11.6136267201979,-41.8280473175282));
#4421=CARTESIAN_POINT('Ctrl Pts',(33.0771146475472,12.278352454016,-41.7144602238128));
#4422=CARTESIAN_POINT('Ctrl Pts',(33.0570691285237,12.6320605537857,-41.6426437041061));
#4423=CARTESIAN_POINT('Ctrl Pts',(33.0321124351221,13.040149338753,-41.534103333745));
#4424=CARTESIAN_POINT('Ctrl Pts',(34.6983879067291,7.99999999999991,-42.0032523123608));
#4425=CARTESIAN_POINT('Ctrl Pts',(34.6975442153501,8.47637676296549,-42.0013950034532));
#4426=CARTESIAN_POINT('Ctrl Pts',(34.7007416010348,9.02612462014421,-42.0081879621531));
#4427=CARTESIAN_POINT('Ctrl Pts',(34.6714931839962,10.1725023818997,-41.9673149422152));
#4428=CARTESIAN_POINT('Ctrl Pts',(34.655650799268,10.612203711752,-41.9449667414684));
#4429=CARTESIAN_POINT('Ctrl Pts',(34.6025789733771,11.4743068375246,-41.8501165055409));
#4430=CARTESIAN_POINT('Ctrl Pts',(34.5788026608072,11.8033533615989,-41.8052740335303));
#4431=CARTESIAN_POINT('Ctrl Pts',(34.5140169578331,12.5276798093838,-41.6697575495493));
#4432=CARTESIAN_POINT('Ctrl Pts',(34.4748927549082,12.9134711035292,-41.5835420234767));
#4433=CARTESIAN_POINT('Ctrl Pts',(34.4207363642378,13.354838509587,-41.4538200759115));
#4434=CARTESIAN_POINT('Ctrl Pts',(37.2054763346703,7.99999999999996,-41.8982218827686));
#4435=CARTESIAN_POINT('Ctrl Pts',(37.2040145006709,8.47731533211389,-41.8957055075695));
#4436=CARTESIAN_POINT('Ctrl Pts',(37.209405536333,9.04196760542891,-41.9047928968627));
#4437=CARTESIAN_POINT('Ctrl Pts',(37.1730589381377,10.290453282107,-41.8566803871859));
#4438=CARTESIAN_POINT('Ctrl Pts',(37.1531771809864,10.7789599237966,-41.8301519755673));
#4439=CARTESIAN_POINT('Ctrl Pts',(37.0746307432899,11.7583870340742,-41.7082879255144));
#4440=CARTESIAN_POINT('Ctrl Pts',(37.0379867424986,12.1354794966873,-41.6496341756701));
#4441=CARTESIAN_POINT('Ctrl Pts',(36.9308362395121,12.9674553781229,-41.4696792052084));
#4442=CARTESIAN_POINT('Ctrl Pts',(36.8636218440052,13.4113216429714,-41.3540499873882));
#4443=CARTESIAN_POINT('Ctrl Pts',(36.7659229837706,13.9123953783124,-41.1814345255955));
#4444=CARTESIAN_POINT('Ctrl Pts',(39.9039474175832,7.99999999999996,-39.863581440396));
#4445=CARTESIAN_POINT('Ctrl Pts',(39.9017404561483,8.47760529387657,-39.8613992873669));
#4446=CARTESIAN_POINT('Ctrl Pts',(39.9097410257536,9.04627589940908,-39.869313711198));
#4447=CARTESIAN_POINT('Ctrl Pts',(39.8651074962273,10.3240413693674,-39.8249511390725));
#4448=CARTESIAN_POINT('Ctrl Pts',(39.8405204227025,10.8266418025601,-39.8005187787842));
#4449=CARTESIAN_POINT('Ctrl Pts',(39.7313571478497,11.8399321810632,-39.6923711282966));
#4450=CARTESIAN_POINT('Ctrl Pts',(39.6791325420593,12.2308775570952,-39.6406656371641));
#4451=CARTESIAN_POINT('Ctrl Pts',(39.520798930827,13.093420022213,-39.4840238621953));
#4452=CARTESIAN_POINT('Ctrl Pts',(39.4195901953446,13.553592761944,-39.3839383623823));
#4453=CARTESIAN_POINT('Ctrl Pts',(39.2700088429568,14.070780030827,-39.2360346588011));
#4454=CARTESIAN_POINT('Ctrl Pts',(41.4551181317043,8.,-37.493694124074));
#4455=CARTESIAN_POINT('Ctrl Pts',(41.452760821148,8.47726174785368,-37.4921437484404));
#4456=CARTESIAN_POINT('Ctrl Pts',(41.4612920410556,9.04092952052536,-37.4978417044716));
#4457=CARTESIAN_POINT('Ctrl Pts',(41.4149470586731,10.2830919149121,-37.4605351237897));
#4458=CARTESIAN_POINT('Ctrl Pts',(41.3894239835101,10.7685992265377,-37.4401093669776));
#4459=CARTESIAN_POINT('Ctrl Pts',(41.2740834305829,11.7408210411798,-37.3579333035878));
#4460=CARTESIAN_POINT('Ctrl Pts',(41.2187493596731,12.1149609021958,-37.3194317275206));
#4461=CARTESIAN_POINT('Ctrl Pts',(41.0496884884999,12.9402253095666,-37.2061876701386));
#4462=CARTESIAN_POINT('Ctrl Pts',(40.9412943329715,13.3804334909228,-37.1349206151745));
#4463=CARTESIAN_POINT('Ctrl Pts',(40.7796919220355,13.8776117615406,-37.0311068912134));
#4464=CARTESIAN_POINT('Ctrl Pts',(41.9833925309968,8.00000000000001,-35.6657936849812));
#4465=CARTESIAN_POINT('Ctrl Pts',(41.9812808526101,8.47673984755196,-35.6647041767076));
#4466=CARTESIAN_POINT('Ctrl Pts',(41.9889623028745,9.03239904451797,-35.6687719029116));
#4467=CARTESIAN_POINT('Ctrl Pts',(41.9452685235876,10.2186541329699,-35.6367122148065));
#4468=CARTESIAN_POINT('Ctrl Pts',(41.9212898740456,10.6773817144132,-35.6192695827691));
#4469=CARTESIAN_POINT('Ctrl Pts',(41.8160130977998,11.5851263481022,-35.556079237792));
#4470=CARTESIAN_POINT('Ctrl Pts',(41.7658508171198,11.9328501599752,-35.5271870762932));
#4471=CARTESIAN_POINT('Ctrl Pts',(41.6132257611808,12.6990246576785,-35.4455730119385));
#4472=CARTESIAN_POINT('Ctrl Pts',(41.5156945234191,13.1073929376618,-35.395289971506));
#4473=CARTESIAN_POINT('Ctrl Pts',(41.3694203422775,13.5720097446299,-35.3238870585663));
#4474=CARTESIAN_POINT('Ctrl Pts',(42.0027434637448,8.00000000000003,-33.9458687852062));
#4475=CARTESIAN_POINT('Ctrl Pts',(42.0010505436683,8.4761224419377,-33.9452403328093));
#4476=CARTESIAN_POINT('Ctrl Pts',(42.0072557504698,9.02100916736046,-33.9476814500266));
#4477=CARTESIAN_POINT('Ctrl Pts',(41.9683286749437,10.1376296694726,-33.9208692559052));
#4478=CARTESIAN_POINT('Ctrl Pts',(41.947117581409,10.5633166360549,-33.9064176225669));
#4479=CARTESIAN_POINT('Ctrl Pts',(41.8590092563271,11.3923598716922,-33.8621502397273));
#4480=CARTESIAN_POINT('Ctrl Pts',(41.8175602279925,11.7079615738835,-33.8428350078303));
#4481=CARTESIAN_POINT('Ctrl Pts',(41.6928391324228,12.4022320157087,-33.7926544410733));
#4482=CARTESIAN_POINT('Ctrl Pts',(41.6137141600355,12.7718300623125,-33.7632094767723));
#4483=CARTESIAN_POINT('Ctrl Pts',(41.4944479829624,13.1963750608174,-33.7238609038647));
#4484=CARTESIAN_POINT('Ctrl Pts',(42.,8.00000000000004,-33.2));
#4485=CARTESIAN_POINT('Ctrl Pts',(41.9984769545812,8.47587024184735,-33.199581266449));
#4486=CARTESIAN_POINT('Ctrl Pts',(42.0040745513843,9.01591258072508,-33.2012841308755));
#4487=CARTESIAN_POINT('Ctrl Pts',(41.9671596877771,10.1030408251501,-33.1768577260192));
#4488=CARTESIAN_POINT('Ctrl Pts',(41.9471257747048,10.5148564465074,-33.1637699491262));
#4489=CARTESIAN_POINT('Ctrl Pts',(41.8659869517445,11.3112750484505,-33.1280780604957));
#4490=CARTESIAN_POINT('Ctrl Pts',(41.8280473175282,11.6136267201981,-33.1131027407326));
#4491=CARTESIAN_POINT('Ctrl Pts',(41.7144602238128,12.2783524540164,-33.0771146475471));
#4492=CARTESIAN_POINT('Ctrl Pts',(41.6426437041061,12.632060553786,-33.0570691285236));
#4493=CARTESIAN_POINT('Ctrl Pts',(41.534103333745,13.0401493387534,-33.032112435122));
#4494=CARTESIAN_POINT('',(33.2000000000001,7.99999999999992,-41.9999999999999));
#4495=CARTESIAN_POINT('Ctrl Pts',(33.2000000000001,7.99999999999992,-42.));
#4496=CARTESIAN_POINT('Ctrl Pts',(33.1995812664492,8.47587024184718,-41.9984769545809));
#4497=CARTESIAN_POINT('Ctrl Pts',(33.2012841308755,9.01591258072501,-42.0040745513842));
#4498=CARTESIAN_POINT('Ctrl Pts',(33.1768577260193,10.1030408251499,-41.967159687777));
#4499=CARTESIAN_POINT('Ctrl Pts',(33.1637699491263,10.5148564465073,-41.9471257747048));
#4500=CARTESIAN_POINT('Ctrl Pts',(33.135167011449,11.1530942229439,-41.8821023538272));
#4501=CARTESIAN_POINT('Ctrl Pts',(33.1298558992921,11.2664100790154,-41.8693921512203));
#4502=CARTESIAN_POINT('Ctrl Pts',(33.123949235767,11.3870824829553,-41.8540718978376));
#4503=CARTESIAN_POINT('Ctrl Pts',(42.,8.00000000000004,-33.2));
#4504=CARTESIAN_POINT('Ctrl Pts',(42.0027434637448,8.00000000000003,-33.9458687852062));
#4505=CARTESIAN_POINT('Ctrl Pts',(41.9833925309968,8.00000000000001,-35.6657936849812));
#4506=CARTESIAN_POINT('Ctrl Pts',(41.4551181317043,8.,-37.493694124074));
#4507=CARTESIAN_POINT('Ctrl Pts',(39.9039474175832,7.99999999999996,-39.863581440396));
#4508=CARTESIAN_POINT('Ctrl Pts',(37.2054763346703,7.99999999999996,-41.8982218827686));
#4509=CARTESIAN_POINT('Ctrl Pts',(34.6983879067291,7.99999999999991,-42.0032523123608));
#4510=CARTESIAN_POINT('Ctrl Pts',(33.2000000000001,7.99999999999992,-42.));
#4511=CARTESIAN_POINT('Ctrl Pts',(0.,21.8,-28.2));
#4512=CARTESIAN_POINT('Ctrl Pts',(11.0671887621358,21.8,-28.2));
#4513=CARTESIAN_POINT('Ctrl Pts',(22.1343775242715,21.8,-28.2));
#4514=CARTESIAN_POINT('Ctrl Pts',(33.2015662864073,21.8,-28.2));
#4515=CARTESIAN_POINT('Ctrl Pts',(0.,21.8,-29.3219973762821));
#4516=CARTESIAN_POINT('Ctrl Pts',(11.0671887621358,21.8,-29.3219973762821));
#4517=CARTESIAN_POINT('Ctrl Pts',(22.1343775242715,21.8,-29.3219973762821));
#4518=CARTESIAN_POINT('Ctrl Pts',(33.2015662864073,21.8,-29.3219973762821));
#4519=CARTESIAN_POINT('Ctrl Pts',(0.,21.7831863191887,-31.4346575317008));
#4520=CARTESIAN_POINT('Ctrl Pts',(11.0671887621357,21.7831863191887,-31.4346575317008));
#4521=CARTESIAN_POINT('Ctrl Pts',(22.1343775242716,21.7831863191887,-31.4346575317008));
#4522=CARTESIAN_POINT('Ctrl Pts',(33.2015662864073,21.7831863191887,-31.4346575317008));
#4523=CARTESIAN_POINT('Ctrl Pts',(0.,21.1130950384217,-34.4085897205652));
#4524=CARTESIAN_POINT('Ctrl Pts',(11.0671887621358,21.1130950384217,-34.4085897205652));
#4525=CARTESIAN_POINT('Ctrl Pts',(22.1343775242715,21.1130950384217,-34.4085897205652));
#4526=CARTESIAN_POINT('Ctrl Pts',(33.2015662864073,21.1130950384217,-34.4085897205652));
#4527=CARTESIAN_POINT('Ctrl Pts',(0.,19.5236478146288,-37.2603583644619));
#4528=CARTESIAN_POINT('Ctrl Pts',(11.0671887621358,19.5236478146288,-37.2603583644619));
#4529=CARTESIAN_POINT('Ctrl Pts',(22.1343775242715,19.5236478146288,-37.2603583644619));
#4530=CARTESIAN_POINT('Ctrl Pts',(33.2015662864073,19.5236478146288,-37.2603583644619));
#4531=CARTESIAN_POINT('Ctrl Pts',(0.,17.0593970751689,-39.7259958150007));
#4532=CARTESIAN_POINT('Ctrl Pts',(11.0671887621358,17.0593970751689,-39.7259958150007));
#4533=CARTESIAN_POINT('Ctrl Pts',(22.1343775242715,17.0593970751689,-39.7259958150007));
#4534=CARTESIAN_POINT('Ctrl Pts',(33.2015662864073,17.0593970751689,-39.7259958150007));
#4535=CARTESIAN_POINT('Ctrl Pts',(0.,14.2102752417759,-41.311639116741));
#4536=CARTESIAN_POINT('Ctrl Pts',(11.0671887621358,14.2102752417759,-41.311639116741));
#4537=CARTESIAN_POINT('Ctrl Pts',(22.1343775242715,14.2102752417759,-41.311639116741));
#4538=CARTESIAN_POINT('Ctrl Pts',(33.2015662864073,14.2102752417759,-41.311639116741));
#4539=CARTESIAN_POINT('Ctrl Pts',(0.,11.2341277530294,-41.9839566820902));
#4540=CARTESIAN_POINT('Ctrl Pts',(11.0671887621358,11.2341277530294,-41.9839566820902));
#4541=CARTESIAN_POINT('Ctrl Pts',(22.1343775242715,11.2341277530294,-41.9839566820902));
#4542=CARTESIAN_POINT('Ctrl Pts',(33.2015662864073,11.2341277530294,-41.9839566820902));
#4543=CARTESIAN_POINT('Ctrl Pts',(0.,9.12199737628209,-42.));
#4544=CARTESIAN_POINT('Ctrl Pts',(11.0671887621358,9.12199737628209,-42.));
#4545=CARTESIAN_POINT('Ctrl Pts',(22.1343775242715,9.12199737628209,-42.));
#4546=CARTESIAN_POINT('Ctrl Pts',(33.2015662864073,9.12199737628209,-42.));
#4547=CARTESIAN_POINT('Ctrl Pts',(0.,8.00000000000002,-42.));
#4548=CARTESIAN_POINT('Ctrl Pts',(11.0671887621358,8.00000000000002,-42.));
#4549=CARTESIAN_POINT('Ctrl Pts',(22.1343775242715,8.00000000000002,-42.));
#4550=CARTESIAN_POINT('Ctrl Pts',(33.2015662864073,8.00000000000002,-42.));
#4551=CARTESIAN_POINT('',(0.,21.8,-28.2));
#4552=CARTESIAN_POINT('',(21.6,21.8,-28.2));
#4553=CARTESIAN_POINT('',(0.,8.00000000000001,-42.));
#4554=CARTESIAN_POINT('Ctrl Pts',(4.44089209850063E-15,21.8,-28.2));
#4555=CARTESIAN_POINT('Ctrl Pts',(4.44089209850063E-15,21.8,-29.3219973762821));
#4556=CARTESIAN_POINT('Ctrl Pts',(4.44089209850063E-15,21.7915931595943,
-30.3783274539914));
#4557=CARTESIAN_POINT('Ctrl Pts',(4.44089209850062E-15,21.6757078592637,
-31.4021478576568));
#4558=CARTESIAN_POINT('Ctrl Pts',(4.44089209850062E-15,21.559822558933,
-32.4259682613222));
#4559=CARTESIAN_POINT('Ctrl Pts',(4.44089209850063E-15,21.3364587986774,
-33.4172789909437));
#4560=CARTESIAN_POINT('Ctrl Pts',(4.44089209850063E-15,20.9598690479174,
-34.3882291297372));
#4561=CARTESIAN_POINT('Ctrl Pts',(4.44089209850063E-15,20.5832792971574,
-35.3591792685307));
#4562=CARTESIAN_POINT('Ctrl Pts',(9.25185853854297E-15,20.0534635558931,
-36.3097688164963));
#4563=CARTESIAN_POINT('Ctrl Pts',(8.88178419700125E-15,19.3778472286843,
-37.1960031655689));
#4564=CARTESIAN_POINT('Ctrl Pts',(8.51170985545953E-15,18.7022309014755,
-38.0822375146415));
#4565=CARTESIAN_POINT('Ctrl Pts',(4.44089209850063E-15,17.8808139883222,
-38.9041166648211));
#4566=CARTESIAN_POINT('Ctrl Pts',(4.44089209850063E-15,16.9952518928468,
-39.5793301235343));
#4567=CARTESIAN_POINT('Ctrl Pts',(4.44089209850063E-15,16.1096897973713,
-40.2545435822475));
#4568=CARTESIAN_POINT('Ctrl Pts',(4.44089209850063E-15,15.1599825195736,
-40.7830913494942));
#4569=CARTESIAN_POINT('Ctrl Pts',(4.44089209850063E-15,14.189104299217,
-41.1594181606758));
#4570=CARTESIAN_POINT('Ctrl Pts',(4.44089209850063E-15,13.2182260788604,
-41.5357449718574));
#4571=CARTESIAN_POINT('Ctrl Pts',(4.44089209850063E-15,12.2261769159449,
-41.7598508269738));
#4572=CARTESIAN_POINT('Ctrl Pts',(4.44089209850063E-15,11.2021197403003,
-41.8759145840095));
#4573=CARTESIAN_POINT('Ctrl Pts',(4.44089209850063E-15,10.1780625646557,
-41.9919783410451));
#4574=CARTESIAN_POINT('Ctrl Pts',(4.44089209850062E-15,9.12199737628209,
-42.));
#4575=CARTESIAN_POINT('Ctrl Pts',(4.44089209850063E-15,8.00000000000002,
-42.));
#4576=CARTESIAN_POINT('',(21.6,8.00000000000001,-42.));
#4577=CARTESIAN_POINT('Origin',(27.5000000000001,17.8,28.));
#4578=CARTESIAN_POINT('',(27.9524090953659,21.7743334045385,-28.));
#4579=CARTESIAN_POINT('',(27.9524090953659,21.7743334045385,-28.));
#4580=CARTESIAN_POINT('',(27.5000000000001,21.8,-28.));
#4581=CARTESIAN_POINT('Origin',(27.5000000000001,17.8,-28.));
#4582=CARTESIAN_POINT('',(27.5000000000001,21.8,28.));
#4583=CARTESIAN_POINT('Ctrl Pts',(-41.6132166650406,12.7262118521599,-28.0002134194825));
#4584=CARTESIAN_POINT('Ctrl Pts',(-41.6142634663051,12.7218643875085,-28.0806068789211));
#4585=CARTESIAN_POINT('Ctrl Pts',(-41.614249042167,12.7218608655869,-29.7644135690922));
#4586=CARTESIAN_POINT('Ctrl Pts',(-41.6142610362314,12.7218638023898,-31.4482202592634));
#4587=CARTESIAN_POINT('Ctrl Pts',(-41.6142610362314,12.7218638023898,-33.0516127289336));
#4588=CARTESIAN_POINT('Ctrl Pts',(-41.6138373177894,12.7236342225964,-28.0001396828566));
#4589=CARTESIAN_POINT('Ctrl Pts',(-41.6147437396236,12.7198596342859,-28.0806028467885));
#4590=CARTESIAN_POINT('Ctrl Pts',(-41.6147293991335,12.7198564884522,-29.7644189445566));
#4591=CARTESIAN_POINT('Ctrl Pts',(-41.6147413150486,12.7198590789979,-31.4482174822796));
#4592=CARTESIAN_POINT('Ctrl Pts',(-41.614741342639,12.7198592004306,-33.0516127289336));
#4593=CARTESIAN_POINT('Ctrl Pts',(-41.6144528409975,12.7210553579201,-28.0000659462307));
#4594=CARTESIAN_POINT('Ctrl Pts',(-41.6152206151447,12.7178508923893,-28.0805863367614));
#4595=CARTESIAN_POINT('Ctrl Pts',(-41.615208175178,12.7178694371571,-29.7645929268002));
#4596=CARTESIAN_POINT('Ctrl Pts',(-41.6152185353122,12.7178539670527,-31.448223036252));
#4597=CARTESIAN_POINT('Ctrl Pts',(-41.6152185499193,12.7178538559146,-33.0516127289336));
#4598=CARTESIAN_POINT('Ctrl Pts',(-41.6150632297935,12.7184752785406,-27.9999922101883));
#4599=CARTESIAN_POINT('Ctrl Pts',(-41.6156947395294,12.7158446762273,-28.0805823046257));
#4600=CARTESIAN_POINT('Ctrl Pts',(-41.6156822538759,12.7158635655315,-29.7645983022724));
#4601=CARTESIAN_POINT('Ctrl Pts',(-41.615692655791,12.7158477784279,-31.4482202592634));
#4602=CARTESIAN_POINT('Ctrl Pts',(-41.615692655791,12.7158477784279,-33.0516127289336));
#4603=CARTESIAN_POINT('',(-41.6142610362314,12.7218638023898,-33.0516127289336));
#4604=CARTESIAN_POINT('',(-41.6150707028085,12.718478084954,-28.));
#4605=CARTESIAN_POINT('Ctrl Pts',(-41.6142610362314,12.7218638023898,-33.0516127289336));
#4606=CARTESIAN_POINT('Ctrl Pts',(-41.6142610362314,12.7218638023898,-31.4482202592634));
#4607=CARTESIAN_POINT('Ctrl Pts',(-41.6142490427071,12.7218608657192,-29.7644893912731));
#4608=CARTESIAN_POINT('Ctrl Pts',(-41.6142634650061,12.7218643871913,-28.0807585232829));
#4609=CARTESIAN_POINT('Ctrl Pts',(-41.6132196233193,12.7261995661407,-28.0004408273541));
#4610=CARTESIAN_POINT('',(-41.6156926557458,12.7158477786192,-33.0516127323565));
#4611=CARTESIAN_POINT('Ctrl Pts',(-41.6150632908395,12.7184750242486,-28.0000000008284));
#4612=CARTESIAN_POINT('Ctrl Pts',(-41.6156947394909,12.7158446762854,-28.0805874876959));
#4613=CARTESIAN_POINT('Ctrl Pts',(-41.6156822538919,12.7158635655072,-29.7646008932011));
#4614=CARTESIAN_POINT('Ctrl Pts',(-41.615692655791,12.7158477784279,-31.4482202592634));
#4615=CARTESIAN_POINT('Ctrl Pts',(-41.615692655791,12.7158477784279,-33.0516127289336));
#4616=CARTESIAN_POINT('Origin',(-39.6693108557935,12.2558500733919,-33.0516127289336));
#4617=CARTESIAN_POINT('Ctrl Pts',(-41.6142610362342,12.7218638023782,-33.0516127356843));
#4618=CARTESIAN_POINT('Ctrl Pts',(-41.6142610362347,12.721863802376,-33.2728882898553));
#4619=CARTESIAN_POINT('Ctrl Pts',(-41.580686594851,12.8638543351755,-33.5994730625259));
#4620=CARTESIAN_POINT('Ctrl Pts',(-41.440116347709,13.3029995007011,-34.3382109499832));
#4621=CARTESIAN_POINT('Ctrl Pts',(-41.2349573092629,13.7593348001485,-34.8379718504447));
#4622=CARTESIAN_POINT('Ctrl Pts',(-40.9717569295248,14.1253071487495,-35.2188243999284));
#4623=CARTESIAN_POINT('Ctrl Pts',(-41.6147413426414,12.7198592004205,-33.0516127356843));
#4624=CARTESIAN_POINT('Ctrl Pts',(-41.6147413456601,12.719859187822,-33.2728881026997));
#4625=CARTESIAN_POINT('Ctrl Pts',(-41.585670033645,12.8432122657697,-33.6035754118452));
#4626=CARTESIAN_POINT('Ctrl Pts',(-41.4672731434736,13.2280223480963,-34.3678068219188));
#4627=CARTESIAN_POINT('Ctrl Pts',(-41.2995881941859,13.631972959342,-34.9075685318575));
#4628=CARTESIAN_POINT('Ctrl Pts',(-41.0846964521317,13.9682680807229,-35.3333016600034));
#4629=CARTESIAN_POINT('Ctrl Pts',(-41.6152185499213,12.717853855906,-33.0516127356843));
#4630=CARTESIAN_POINT('Ctrl Pts',(-41.6152185559191,12.717853830702,-33.272887915544));
#4631=CARTESIAN_POINT('Ctrl Pts',(-41.5905579864874,12.8227610123027,-33.6076815045587));
#4632=CARTESIAN_POINT('Ctrl Pts',(-41.4907397202235,13.151638280405,-34.3974011958373));
#4633=CARTESIAN_POINT('Ctrl Pts',(-41.3496631234196,13.4994275866404,-34.9771854146304));
#4634=CARTESIAN_POINT('Ctrl Pts',(-41.1665617017344,13.788932019926,-35.44775439918));
#4635=CARTESIAN_POINT('Ctrl Pts',(-41.6156926557927,12.7158477784209,-33.0516127356843));
#4636=CARTESIAN_POINT('Ctrl Pts',(-41.6156926647306,12.7158477406021,-33.2728877283892));
#4637=CARTESIAN_POINT('Ctrl Pts',(-41.5954511980989,12.8023805567285,-33.6119239625388));
#4638=CARTESIAN_POINT('Ctrl Pts',(-41.5103518168744,13.0742090016663,-34.4267883808499));
#4639=CARTESIAN_POINT('Ctrl Pts',(-41.3851065821176,13.3631422639438,-35.0467387956256));
#4640=CARTESIAN_POINT('Ctrl Pts',(-41.2127777160114,13.5973209931043,-35.5557865339933));
#4641=CARTESIAN_POINT('',(-41.2127777160114,13.5973209931043,-35.5557865339933));
#4642=CARTESIAN_POINT('',(-40.9717569295247,14.1253071487496,-35.2188243999284));
#4643=CARTESIAN_POINT('Origin',(-39.3480579516538,12.9575736049729,-35.2188243999284));
#4644=CARTESIAN_POINT('Ctrl Pts',(-40.9717569295248,14.1253071487495,-35.2188243999284));
#4645=CARTESIAN_POINT('Ctrl Pts',(-41.2349573092629,13.7593348001485,-34.8379718504447));
#4646=CARTESIAN_POINT('Ctrl Pts',(-41.440116347709,13.3029995007011,-34.3382109499832));
#4647=CARTESIAN_POINT('Ctrl Pts',(-41.580686594851,12.8638543351755,-33.5994730625259));
#4648=CARTESIAN_POINT('Ctrl Pts',(-41.6142610362347,12.721863802376,-33.2728882898553));
#4649=CARTESIAN_POINT('Ctrl Pts',(-41.6142610362342,12.7218638023782,-33.0516127356843));
#4650=CARTESIAN_POINT('Ctrl Pts',(-41.6156926557927,12.7158477784209,-33.0516127356843));
#4651=CARTESIAN_POINT('Ctrl Pts',(-41.6156926647306,12.7158477406021,-33.2728877283892));
#4652=CARTESIAN_POINT('Ctrl Pts',(-41.5954511980989,12.8023805567285,-33.6119239625388));
#4653=CARTESIAN_POINT('Ctrl Pts',(-41.5103518168744,13.0742090016663,-34.4267883808499));
#4654=CARTESIAN_POINT('Ctrl Pts',(-41.3851065821176,13.3631422639438,-35.0467387956256));
#4655=CARTESIAN_POINT('Ctrl Pts',(-41.2127777160114,13.5973209931043,-35.5557865339933));
#4656=CARTESIAN_POINT('Ctrl Pts',(-37.9608560468083,14.3982924794219,-35.2188243999842));
#4657=CARTESIAN_POINT('Ctrl Pts',(-37.9236459833996,14.362464621708,-35.6023551160312));
#4658=CARTESIAN_POINT('Ctrl Pts',(-37.7767895945164,14.2223589637813,-36.5432841057591));
#4659=CARTESIAN_POINT('Ctrl Pts',(-37.4758671853653,13.9779575538226,-37.369551815462));
#4660=CARTESIAN_POINT('Ctrl Pts',(-37.0910596937986,13.7239133621462,-38.1214346257257));
#4661=CARTESIAN_POINT('Ctrl Pts',(-36.730873408099,13.5118823623744,-38.6890101276215));
#4662=CARTESIAN_POINT('Ctrl Pts',(-36.0555122196033,13.2289682618419,-39.3645811543526));
#4663=CARTESIAN_POINT('Ctrl Pts',(-35.2490464524984,13.0325303909814,-39.7726311479374));
#4664=CARTESIAN_POINT('Ctrl Pts',(-34.3776257111068,12.9761200295889,-39.891444331737));
#4665=CARTESIAN_POINT('Ctrl Pts',(-33.7994703896424,13.0402047042698,-39.8798857685724));
#4666=CARTESIAN_POINT('Ctrl Pts',(-33.5152336166813,13.0969123564673,-39.8698088065486));
#4667=CARTESIAN_POINT('Ctrl Pts',(-38.2305433802603,14.6579620022609,-35.2894184929244));
#4668=CARTESIAN_POINT('Ctrl Pts',(-38.1907090364813,14.6144465337782,-35.6971348366356));
#4669=CARTESIAN_POINT('Ctrl Pts',(-38.0281495126115,14.4383711020824,-36.7082745681986));
#4670=CARTESIAN_POINT('Ctrl Pts',(-37.7038495558854,14.1451530405934,-37.5733435389597));
#4671=CARTESIAN_POINT('Ctrl Pts',(-37.2939015032131,13.8463386067157,-38.3517466286196));
#4672=CARTESIAN_POINT('Ctrl Pts',(-36.9108548941657,13.5987890988761,-38.9355804410881));
#4673=CARTESIAN_POINT('Ctrl Pts',(-36.1838525837781,13.26678020833,-39.6291985199366));
#4674=CARTESIAN_POINT('Ctrl Pts',(-35.3051923258355,13.0369066396407,-40.047492814));
#4675=CARTESIAN_POINT('Ctrl Pts',(-34.3826897035093,12.9742174699204,-40.1679018617882));
#4676=CARTESIAN_POINT('Ctrl Pts',(-33.7953502137845,13.0407460018363,-40.1565253500612));
#4677=CARTESIAN_POINT('Ctrl Pts',(-33.5085235398127,13.0982510738378,-40.1453430152219));
#4678=CARTESIAN_POINT('Ctrl Pts',(-38.922832153681,15.0139571038832,-35.4300141384937));
#4679=CARTESIAN_POINT('Ctrl Pts',(-38.8725110080784,14.9557158630751,-35.8866362123969));
#4680=CARTESIAN_POINT('Ctrl Pts',(-38.662840680631,14.714036883799,-37.0365650814763));
#4681=CARTESIAN_POINT('Ctrl Pts',(-38.2675769504308,14.3292192505401,-37.9799449017944));
#4682=CARTESIAN_POINT('Ctrl Pts',(-37.784286992362,13.947769329055,-38.8113287251038));
#4683=CARTESIAN_POINT('Ctrl Pts',(-37.3365321387855,13.6351008322388,-39.4277133067629));
#4684=CARTESIAN_POINT('Ctrl Pts',(-36.4793792357873,13.2168219810786,-40.1574256391387));
#4685=CARTESIAN_POINT('Ctrl Pts',(-35.4337619455217,12.9287376916863,-40.5963325133054));
#4686=CARTESIAN_POINT('Ctrl Pts',(-34.3910154547637,12.8534499628704,-40.7201943808837));
#4687=CARTESIAN_POINT('Ctrl Pts',(-33.7695714134555,12.9259269841194,-40.7087425643004));
#4688=CARTESIAN_POINT('Ctrl Pts',(-33.4724464484351,12.9872657890056,-40.6956318417657));
#4689=CARTESIAN_POINT('Ctrl Pts',(-40.2978401385895,14.8798996828452,-35.5992529817418));
#4690=CARTESIAN_POINT('Ctrl Pts',(-40.2271024491955,14.8119215867379,-36.1148522719157));
#4691=CARTESIAN_POINT('Ctrl Pts',(-39.9231247906782,14.5206279585667,-37.443344545776));
#4692=CARTESIAN_POINT('Ctrl Pts',(-39.3815457760745,14.0500376913522,-38.5050946950448));
#4693=CARTESIAN_POINT('Ctrl Pts',(-38.7419902328611,13.5876761764211,-39.4255248453582));
#4694=CARTESIAN_POINT('Ctrl Pts',(-38.1569873462886,13.2102855013455,-40.1020177167237));
#4695=CARTESIAN_POINT('Ctrl Pts',(-37.0421548264015,12.7109844452383,-40.9084339076606));
#4696=CARTESIAN_POINT('Ctrl Pts',(-35.683322005504,12.3655577273102,-41.3950030563794));
#4697=CARTESIAN_POINT('Ctrl Pts',(-34.39292111901,12.2702320477119,-41.5249815105961));
#4698=CARTESIAN_POINT('Ctrl Pts',(-33.6772599908575,12.3560901281876,-41.5136353165851));
#4699=CARTESIAN_POINT('Ctrl Pts',(-33.3409282510906,12.4299504251341,-41.4984435102738));
#4700=CARTESIAN_POINT('Ctrl Pts',(-41.0207725069046,14.133756397719,-35.5998649563877));
#4701=CARTESIAN_POINT('Ctrl Pts',(-40.9436764136416,14.0744236124807,-36.1187705790481));
#4702=CARTESIAN_POINT('Ctrl Pts',(-40.6198000310843,13.8208868279765,-37.4666221242437));
#4703=CARTESIAN_POINT('Ctrl Pts',(-40.019244677197,13.3725135062531,-38.5817013086443));
#4704=CARTESIAN_POINT('Ctrl Pts',(-39.3031594302168,12.9218016073356,-39.5555847073937));
#4705=CARTESIAN_POINT('Ctrl Pts',(-38.6458658109499,12.5502039284226,-40.277018240875));
#4706=CARTESIAN_POINT('Ctrl Pts',(-37.3875781785437,12.0591744303288,-41.1558944939489));
#4707=CARTESIAN_POINT('Ctrl Pts',(-35.8431738095957,11.7128939034188,-41.693704319304));
#4708=CARTESIAN_POINT('Ctrl Pts',(-34.3842186762972,11.6078254809445,-41.8289786940375));
#4709=CARTESIAN_POINT('Ctrl Pts',(-33.5795547546404,11.703594877719,-41.8164309184));
#4710=CARTESIAN_POINT('Ctrl Pts',(-33.2054405482152,11.7894802089449,-41.8028569350454));
#4711=CARTESIAN_POINT('Ctrl Pts',(-41.2127777160006,13.5973209930969,-35.5557865340667));
#4712=CARTESIAN_POINT('Ctrl Pts',(-41.1393800620649,13.5452667034109,-36.0607917990711));
#4713=CARTESIAN_POINT('Ctrl Pts',(-40.8334102417959,13.324603864077,-37.377985389461));
#4714=CARTESIAN_POINT('Ctrl Pts',(-40.2364362203166,12.905803252408,-38.5042994932178));
#4715=CARTESIAN_POINT('Ctrl Pts',(-39.5088934499946,12.4755320656403,-39.5001059139242));
#4716=CARTESIAN_POINT('Ctrl Pts',(-38.8357016395933,12.1175191361383,-40.2442620141666));
#4717=CARTESIAN_POINT('Ctrl Pts',(-37.5332684328854,11.6427519767411,-41.1680081841203));
#4718=CARTESIAN_POINT('Ctrl Pts',(-35.9160687660487,11.3029847779282,-41.7405117812534));
#4719=CARTESIAN_POINT('Ctrl Pts',(-34.3751597257165,11.1939931413179,-41.8788309901161));
#4720=CARTESIAN_POINT('Ctrl Pts',(-33.5218762635039,11.2951147234207,-41.865603512618));
#4721=CARTESIAN_POINT('Ctrl Pts',(-33.1239283151736,11.3873924532153,-41.8538913039377));
#4722=CARTESIAN_POINT('',(-33.1239283152993,11.3873924532214,-41.8538913039369));
#4723=CARTESIAN_POINT('',(-33.5152336166813,13.0969123564673,-39.8698088065486));
#4724=CARTESIAN_POINT('Origin',(-33.1239283151736,11.1355658391451,-39.8698088065486));
#4725=CARTESIAN_POINT('',(-37.960856046811,14.3982924794245,-35.2188243999842));
#4726=CARTESIAN_POINT('Ctrl Pts',(-33.5152336166813,13.0969123564673,-39.8698088065486));
#4727=CARTESIAN_POINT('Ctrl Pts',(-33.7994703896424,13.0402047042698,-39.8798857685724));
#4728=CARTESIAN_POINT('Ctrl Pts',(-34.3776257111068,12.9761200295889,-39.891444331737));
#4729=CARTESIAN_POINT('Ctrl Pts',(-35.2490464524984,13.0325303909814,-39.7726311479374));
#4730=CARTESIAN_POINT('Ctrl Pts',(-36.0555122196033,13.2289682618419,-39.3645811543526));
#4731=CARTESIAN_POINT('Ctrl Pts',(-36.730873408099,13.5118823623744,-38.6890101276215));
#4732=CARTESIAN_POINT('Ctrl Pts',(-37.0910596937986,13.7239133621462,-38.1214346257257));
#4733=CARTESIAN_POINT('Ctrl Pts',(-37.4758671853653,13.9779575538226,-37.369551815462));
#4734=CARTESIAN_POINT('Ctrl Pts',(-37.7767895945164,14.2223589637813,-36.5432841057591));
#4735=CARTESIAN_POINT('Ctrl Pts',(-37.9236459833996,14.362464621708,-35.6023551160312));
#4736=CARTESIAN_POINT('Ctrl Pts',(-37.9608560468083,14.3982924794219,-35.2188243999842));
#4737=CARTESIAN_POINT('Origin',(-39.3480579516462,12.9575736049658,-35.2188243999842));
#4738=CARTESIAN_POINT('Ctrl Pts',(-41.2127777160006,13.5973209930969,-35.5557865340667));
#4739=CARTESIAN_POINT('Ctrl Pts',(-41.1393800620649,13.5452667034109,-36.0607917990711));
#4740=CARTESIAN_POINT('Ctrl Pts',(-40.8334102417959,13.324603864077,-37.377985389461));
#4741=CARTESIAN_POINT('Ctrl Pts',(-40.2364362203166,12.905803252408,-38.5042994932178));
#4742=CARTESIAN_POINT('Ctrl Pts',(-39.5088934499946,12.4755320656403,-39.5001059139242));
#4743=CARTESIAN_POINT('Ctrl Pts',(-38.8357016395933,12.1175191361383,-40.2442620141666));
#4744=CARTESIAN_POINT('Ctrl Pts',(-37.5332684328854,11.6427519767411,-41.1680081841203));
#4745=CARTESIAN_POINT('Ctrl Pts',(-35.9160687660487,11.3029847779282,-41.7405117812534));
#4746=CARTESIAN_POINT('Ctrl Pts',(-34.3751597257165,11.1939931413179,-41.8788309901161));
#4747=CARTESIAN_POINT('Ctrl Pts',(-33.5218762635039,11.2951147234207,-41.865603512618));
#4748=CARTESIAN_POINT('Ctrl Pts',(-33.1239283151736,11.3873924532153,-41.8538913039377));
#4749=CARTESIAN_POINT('Ctrl Pts',(-33.5152336167238,13.0969123564588,-39.8698088065501));
#4750=CARTESIAN_POINT('Ctrl Pts',(-32.9366238913189,13.2123499148123,-39.849295527538));
#4751=CARTESIAN_POINT('Ctrl Pts',(-31.8215880405466,13.6484383626468,-39.7717001416089));
#4752=CARTESIAN_POINT('Ctrl Pts',(-30.4947627375832,14.8379782090757,-39.3377061162437));
#4753=CARTESIAN_POINT('Ctrl Pts',(-29.7208911704089,16.2799490454346,-38.2528512778545));
#4754=CARTESIAN_POINT('Ctrl Pts',(-29.4653327960074,17.5904244262446,-36.5761870989088));
#4755=CARTESIAN_POINT('Ctrl Pts',(-29.5092983256998,18.603186423821,-34.5172023148011));
#4756=CARTESIAN_POINT('Ctrl Pts',(-29.6311169987981,19.1744111906649,-32.1502463429564));
#4757=CARTESIAN_POINT('Ctrl Pts',(-29.6557314830728,19.2606790766726,-30.4934061485347));
#4758=CARTESIAN_POINT('Ctrl Pts',(-29.6598766023012,19.2763708671368,-29.6674118588649));
#4759=CARTESIAN_POINT('Ctrl Pts',(-33.5085235398555,13.0982510738292,-40.1453430152236));
#4760=CARTESIAN_POINT('Ctrl Pts',(-32.9254650208819,13.2153942814181,-40.1227995915947));
#4761=CARTESIAN_POINT('Ctrl Pts',(-31.7990006384998,13.6575855818504,-40.0375751077563));
#4762=CARTESIAN_POINT('Ctrl Pts',(-30.4422673165806,14.8920909029919,-39.57980871166));
#4763=CARTESIAN_POINT('Ctrl Pts',(-29.6635094376091,16.4172699890633,-38.4682507284695));
#4764=CARTESIAN_POINT('Ctrl Pts',(-29.4422878886076,17.8064838680544,-36.767140678673));
#4765=CARTESIAN_POINT('Ctrl Pts',(-29.540030394864,18.8883888522707,-34.6684496695068));
#4766=CARTESIAN_POINT('Ctrl Pts',(-29.7108629579006,19.5069947424803,-32.2167262380321));
#4767=CARTESIAN_POINT('Ctrl Pts',(-29.7433292501153,19.5967311654508,-30.5140183858555));
#4768=CARTESIAN_POINT('Ctrl Pts',(-29.7488168842821,19.6130637803665,-29.6769919542881));
#4769=CARTESIAN_POINT('Ctrl Pts',(-33.4724673852887,12.9873936770098,-40.6958126284614));
#4770=CARTESIAN_POINT('Ctrl Pts',(-32.8673782504533,13.1122413278656,-40.6692241780229));
#4771=CARTESIAN_POINT('Ctrl Pts',(-31.694655053782,13.5830216612274,-40.5688226390949));
#4772=CARTESIAN_POINT('Ctrl Pts',(-30.2611725634821,14.9408632305889,-40.0636279861328));
#4773=CARTESIAN_POINT('Ctrl Pts',(-29.4544019111464,16.6557504145659,-38.8986762165425));
#4774=CARTESIAN_POINT('Ctrl Pts',(-29.2722654976078,18.2255583104509,-37.1485934480132));
#4775=CARTESIAN_POINT('Ctrl Pts',(-29.4468515925296,19.4748051843749,-34.9704318917998));
#4776=CARTESIAN_POINT('Ctrl Pts',(-29.6932695059247,20.213069755056,-32.3493733600532));
#4777=CARTESIAN_POINT('Ctrl Pts',(-29.7385239554587,20.3140154335822,-30.5551542240854));
#4778=CARTESIAN_POINT('Ctrl Pts',(-29.7461396883586,20.3323952587259,-29.6961055938982));
#4779=CARTESIAN_POINT('Ctrl Pts',(-33.3409245941319,12.4299331185928,-41.4984515746649));
#4780=CARTESIAN_POINT('Ctrl Pts',(-32.6579955752044,12.58043887671,-41.468168173068));
#4781=CARTESIAN_POINT('Ctrl Pts',(-31.3349683091885,13.1484690647473,-41.3541138906975));
#4782=CARTESIAN_POINT('Ctrl Pts',(-29.722228235131,14.8067020965989,-40.7942192958373));
#4783=CARTESIAN_POINT('Ctrl Pts',(-28.8112534550405,16.8904389894451,-39.5421377858202));
#4784=CARTESIAN_POINT('Ctrl Pts',(-28.5964584661626,18.7896749229142,-37.6962294003017));
#4785=CARTESIAN_POINT('Ctrl Pts',(-28.782936051666,20.3378912937667,-35.3783334745579));
#4786=CARTESIAN_POINT('Ctrl Pts',(-29.0548055005911,21.2795971570967,-32.5192064837478));
#4787=CARTESIAN_POINT('Ctrl Pts',(-29.1052523142005,21.4033173483517,-30.6081536160154));
#4788=CARTESIAN_POINT('Ctrl Pts',(-29.1137178297059,21.4257829260351,-29.7207436443398));
#4789=CARTESIAN_POINT('Ctrl Pts',(-33.2054405482711,11.7894802089321,-41.8028569350475));
#4790=CARTESIAN_POINT('Ctrl Pts',(-32.4431474820418,11.9642194306458,-41.7752278388562));
#4791=CARTESIAN_POINT('Ctrl Pts',(-30.9713494949379,12.623502208997,-41.6721751166349));
#4792=CARTESIAN_POINT('Ctrl Pts',(-29.2055687313368,14.5283729437531,-41.1188173998592));
#4793=CARTESIAN_POINT('Ctrl Pts',(-28.1867916901697,16.8632783815726,-39.816158914805));
#4794=CARTESIAN_POINT('Ctrl Pts',(-27.8830007644619,18.9501042829756,-37.8879266895501));
#4795=CARTESIAN_POINT('Ctrl Pts',(-27.9920504394611,20.6323245567474,-35.4746457715335));
#4796=CARTESIAN_POINT('Ctrl Pts',(-28.2014811553308,21.6331307915705,-32.5414936412416));
#4797=CARTESIAN_POINT('Ctrl Pts',(-28.2419195437321,21.7625020352319,-30.6159174222008));
#4798=CARTESIAN_POINT('Ctrl Pts',(-28.2487522846373,21.7863620668746,-29.7242569449185));
#4799=CARTESIAN_POINT('Ctrl Pts',(-33.123928315233,11.3873924532015,-41.8538913039395));
#4800=CARTESIAN_POINT('Ctrl Pts',(-32.3138410897777,11.5752386277176,-41.8300492176571));
#4801=CARTESIAN_POINT('Ctrl Pts',(-30.7527261292516,12.2840817921651,-41.7415597481187));
#4802=CARTESIAN_POINT('Ctrl Pts',(-28.8950936333763,14.3206037021127,-41.2126833292718));
#4803=CARTESIAN_POINT('Ctrl Pts',(-27.8116284872065,16.7812420230579,-39.8866630769342));
#4804=CARTESIAN_POINT('Ctrl Pts',(-27.4538319183432,18.9414980832287,-37.9064691540293));
#4805=CARTESIAN_POINT('Ctrl Pts',(-27.5153862137525,20.6497712295881,-35.4449272202483));
#4806=CARTESIAN_POINT('Ctrl Pts',(-27.6859394322103,21.6351208065799,-32.5141457471421));
#4807=CARTESIAN_POINT('Ctrl Pts',(-27.7204011399844,21.7628583050463,-30.607938657773));
#4808=CARTESIAN_POINT('Ctrl Pts',(-27.726204547683,21.7864596481284,-29.7205881377681));
#4809=CARTESIAN_POINT('',(-27.726204547683,21.7864596481284,-29.7205881377681));
#4810=CARTESIAN_POINT('',(-29.6598766023012,19.2763708671368,-29.6674118588649));
#4811=CARTESIAN_POINT('Origin',(-27.726204547683,19.7871667022692,-29.6674118588649));
#4812=CARTESIAN_POINT('Ctrl Pts',(-29.6598766023012,19.2763708671368,-29.6674118588649));
#4813=CARTESIAN_POINT('Ctrl Pts',(-29.6557314830728,19.2606790766726,-30.4934061485347));
#4814=CARTESIAN_POINT('Ctrl Pts',(-29.6311169987981,19.1744111906649,-32.1502463429564));
#4815=CARTESIAN_POINT('Ctrl Pts',(-29.5092983256998,18.603186423821,-34.5172023148011));
#4816=CARTESIAN_POINT('Ctrl Pts',(-29.4653327960074,17.5904244262446,-36.5761870989088));
#4817=CARTESIAN_POINT('Ctrl Pts',(-29.7208911704089,16.2799490454346,-38.2528512778545));
#4818=CARTESIAN_POINT('Ctrl Pts',(-30.4947627375832,14.8379782090757,-39.3377061162437));
#4819=CARTESIAN_POINT('Ctrl Pts',(-31.8215880405466,13.6484383626468,-39.7717001416089));
#4820=CARTESIAN_POINT('Ctrl Pts',(-32.9366238913189,13.2123499148123,-39.849295527538));
#4821=CARTESIAN_POINT('Ctrl Pts',(-33.5152336167238,13.0969123564588,-39.8698088065501));
#4822=CARTESIAN_POINT('Ctrl Pts',(-33.123928315233,11.3873924532015,-41.8538913039395));
#4823=CARTESIAN_POINT('Ctrl Pts',(-32.3138410897777,11.5752386277176,-41.8300492176571));
#4824=CARTESIAN_POINT('Ctrl Pts',(-30.7527261292516,12.2840817921651,-41.7415597481187));
#4825=CARTESIAN_POINT('Ctrl Pts',(-28.8950936333763,14.3206037021127,-41.2126833292718));
#4826=CARTESIAN_POINT('Ctrl Pts',(-27.8116284872065,16.7812420230579,-39.8866630769342));
#4827=CARTESIAN_POINT('Ctrl Pts',(-27.4538319183432,18.9414980832287,-37.9064691540293));
#4828=CARTESIAN_POINT('Ctrl Pts',(-27.5153862137525,20.6497712295881,-35.4449272202483));
#4829=CARTESIAN_POINT('Ctrl Pts',(-27.6859394322103,21.6351208065799,-32.5141457471421));
#4830=CARTESIAN_POINT('Ctrl Pts',(-27.7204011399844,21.7628583050463,-30.607938657773));
#4831=CARTESIAN_POINT('Ctrl Pts',(-27.726204547683,21.7864596481284,-29.7205881377681));
#4832=CARTESIAN_POINT('Origin',(-39.3480579516538,12.957573604973,-35.2188243999284));
#4833=CARTESIAN_POINT('Origin',(-39.3480579516538,12.957573604973,-35.2188243999284));
#4834=CARTESIAN_POINT('Ctrl Pts',(-27.9524090954243,21.7743334045318,-29.6674118589899));
#4835=CARTESIAN_POINT('Ctrl Pts',(-27.7436751073101,21.798094157628,-29.2207398933594));
#4836=CARTESIAN_POINT('Ctrl Pts',(-27.5679527508444,21.7998699572353,-28.7666827744162));
#4837=CARTESIAN_POINT('Ctrl Pts',(-27.5043567653744,21.799999586382,-28.2726245137397));
#4838=CARTESIAN_POINT('Ctrl Pts',(-27.5011181109051,21.8,-28.2363090734984));
#4839=CARTESIAN_POINT('Ctrl Pts',(-27.5,21.8,-28.2));
#4840=CARTESIAN_POINT('Ctrl Pts',(-27.877348479042,21.7828777570315,-29.6851773818782));
#4841=CARTESIAN_POINT('Ctrl Pts',(-27.702924196345,21.7987375630883,-29.2273826410733));
#4842=CARTESIAN_POINT('Ctrl Pts',(-27.5566410294674,21.7999121353172,-28.7675568089663));
#4843=CARTESIAN_POINT('Ctrl Pts',(-27.5036298445995,21.7999997851728,-28.2726551315899));
#4844=CARTESIAN_POINT('Ctrl Pts',(-27.5009318032559,21.8,-28.2363119421011));
#4845=CARTESIAN_POINT('Ctrl Pts',(-27.5,21.8,-28.2));
#4846=CARTESIAN_POINT('Ctrl Pts',(-27.8017766289483,21.7869289694066,-29.7029428504294));
#4847=CARTESIAN_POINT('Ctrl Pts',(-27.6623806806592,21.7991059154478,-29.2340254902409));
#4848=CARTESIAN_POINT('Ctrl Pts',(-27.5453090181051,21.7999290799603,-28.7684308339267));
#4849=CARTESIAN_POINT('Ctrl Pts',(-27.5029040751958,21.8000001140611,-28.272685750071));
#4850=CARTESIAN_POINT('Ctrl Pts',(-27.5007454956066,21.8,-28.2363148107038));
#4851=CARTESIAN_POINT('Ctrl Pts',(-27.5,21.8,-28.2));
#4852=CARTESIAN_POINT('Ctrl Pts',(-27.7262045477122,21.7864596481248,-29.7205881379024));
#4853=CARTESIAN_POINT('Ctrl Pts',(-27.6218375536551,21.7992225188125,-29.240736635376));
#4854=CARTESIAN_POINT('Ctrl Pts',(-27.5339769710403,21.7999182594648,-28.7692978620143));
#4855=CARTESIAN_POINT('Ctrl Pts',(-27.5021783081524,21.8000007204766,-28.2727167700475));
#4856=CARTESIAN_POINT('Ctrl Pts',(-27.5005591879573,21.8,-28.2363176793066));
#4857=CARTESIAN_POINT('Ctrl Pts',(-27.5,21.8,-28.2));
#4858=CARTESIAN_POINT('',(-27.5000000000001,21.8,-28.2));
#4859=CARTESIAN_POINT('Ctrl Pts',(-27.7262045477122,21.7864596481248,-29.7205881379024));
#4860=CARTESIAN_POINT('Ctrl Pts',(-27.6218375536551,21.7992225188125,-29.240736635376));
#4861=CARTESIAN_POINT('Ctrl Pts',(-27.5339769710403,21.7999182594648,-28.7692978620143));
#4862=CARTESIAN_POINT('Ctrl Pts',(-27.5021783081524,21.8000007204766,-28.2727167700475));
#4863=CARTESIAN_POINT('Ctrl Pts',(-27.5005591879573,21.8,-28.2363176793066));
#4864=CARTESIAN_POINT('Ctrl Pts',(-27.5,21.8,-28.2));
#4865=CARTESIAN_POINT('',(-27.9524090953951,21.7743334045351,-29.6674118589899));
#4866=CARTESIAN_POINT('Ctrl Pts',(-27.5,21.8,-28.2));
#4867=CARTESIAN_POINT('Ctrl Pts',(-27.5011181109051,21.8,-28.2363090734984));
#4868=CARTESIAN_POINT('Ctrl Pts',(-27.5043567653744,21.799999586382,-28.2726245137397));
#4869=CARTESIAN_POINT('Ctrl Pts',(-27.5679527508444,21.7998699572353,-28.7666827744162));
#4870=CARTESIAN_POINT('Ctrl Pts',(-27.7436751073101,21.798094157628,-29.2207398933594));
#4871=CARTESIAN_POINT('Ctrl Pts',(-27.9524090954243,21.7743334045318,-29.6674118589899));
#4872=CARTESIAN_POINT('Origin',(-27.7262045477122,19.7871667022659,-29.6674118589899));
#4873=CARTESIAN_POINT('Origin',(-27.726204547683,19.7871667022692,-29.6674118588649));
#4874=CARTESIAN_POINT('Origin',(-27.726204547683,19.7871667022692,-29.6674118588649));
#4875=CARTESIAN_POINT('Ctrl Pts',(0.,21.8,-28.2));
#4876=CARTESIAN_POINT('Ctrl Pts',(-11.0671887621358,21.8,-28.2));
#4877=CARTESIAN_POINT('Ctrl Pts',(-22.1343775242715,21.8,-28.2));
#4878=CARTESIAN_POINT('Ctrl Pts',(-33.2015662864073,21.8,-28.2));
#4879=CARTESIAN_POINT('Ctrl Pts',(0.,21.8,-29.3219973762821));
#4880=CARTESIAN_POINT('Ctrl Pts',(-11.0671887621358,21.8,-29.3219973762821));
#4881=CARTESIAN_POINT('Ctrl Pts',(-22.1343775242715,21.8,-29.3219973762821));
#4882=CARTESIAN_POINT('Ctrl Pts',(-33.2015662864073,21.8,-29.3219973762821));
#4883=CARTESIAN_POINT('Ctrl Pts',(0.,21.7831863191887,-31.4346575317008));
#4884=CARTESIAN_POINT('Ctrl Pts',(-11.0671887621357,21.7831863191887,-31.4346575317008));
#4885=CARTESIAN_POINT('Ctrl Pts',(-22.1343775242716,21.7831863191887,-31.4346575317008));
#4886=CARTESIAN_POINT('Ctrl Pts',(-33.2015662864073,21.7831863191887,-31.4346575317008));
#4887=CARTESIAN_POINT('Ctrl Pts',(0.,21.1130950384217,-34.4085897205652));
#4888=CARTESIAN_POINT('Ctrl Pts',(-11.0671887621358,21.1130950384217,-34.4085897205652));
#4889=CARTESIAN_POINT('Ctrl Pts',(-22.1343775242715,21.1130950384217,-34.4085897205652));
#4890=CARTESIAN_POINT('Ctrl Pts',(-33.2015662864073,21.1130950384217,-34.4085897205652));
#4891=CARTESIAN_POINT('Ctrl Pts',(0.,19.5236478146288,-37.2603583644619));
#4892=CARTESIAN_POINT('Ctrl Pts',(-11.0671887621358,19.5236478146288,-37.2603583644619));
#4893=CARTESIAN_POINT('Ctrl Pts',(-22.1343775242715,19.5236478146288,-37.2603583644619));
#4894=CARTESIAN_POINT('Ctrl Pts',(-33.2015662864073,19.5236478146288,-37.2603583644619));
#4895=CARTESIAN_POINT('Ctrl Pts',(0.,17.0593970751689,-39.7259958150007));
#4896=CARTESIAN_POINT('Ctrl Pts',(-11.0671887621358,17.0593970751689,-39.7259958150007));
#4897=CARTESIAN_POINT('Ctrl Pts',(-22.1343775242715,17.0593970751689,-39.7259958150007));
#4898=CARTESIAN_POINT('Ctrl Pts',(-33.2015662864073,17.0593970751689,-39.7259958150007));
#4899=CARTESIAN_POINT('Ctrl Pts',(0.,14.2102752417759,-41.311639116741));
#4900=CARTESIAN_POINT('Ctrl Pts',(-11.0671887621358,14.2102752417759,-41.311639116741));
#4901=CARTESIAN_POINT('Ctrl Pts',(-22.1343775242715,14.2102752417759,-41.311639116741));
#4902=CARTESIAN_POINT('Ctrl Pts',(-33.2015662864073,14.2102752417759,-41.311639116741));
#4903=CARTESIAN_POINT('Ctrl Pts',(0.,11.2341277530294,-41.9839566820902));
#4904=CARTESIAN_POINT('Ctrl Pts',(-11.0671887621358,11.2341277530294,-41.9839566820902));
#4905=CARTESIAN_POINT('Ctrl Pts',(-22.1343775242715,11.2341277530294,-41.9839566820902));
#4906=CARTESIAN_POINT('Ctrl Pts',(-33.2015662864073,11.2341277530294,-41.9839566820902));
#4907=CARTESIAN_POINT('Ctrl Pts',(0.,9.12199737628209,-42.));
#4908=CARTESIAN_POINT('Ctrl Pts',(-11.0671887621358,9.12199737628209,-42.));
#4909=CARTESIAN_POINT('Ctrl Pts',(-22.1343775242715,9.12199737628209,-42.));
#4910=CARTESIAN_POINT('Ctrl Pts',(-33.2015662864073,9.12199737628209,-42.));
#4911=CARTESIAN_POINT('Ctrl Pts',(0.,8.00000000000002,-42.));
#4912=CARTESIAN_POINT('Ctrl Pts',(-11.0671887621358,8.00000000000002,-42.));
#4913=CARTESIAN_POINT('Ctrl Pts',(-22.1343775242715,8.00000000000002,-42.));
#4914=CARTESIAN_POINT('Ctrl Pts',(-33.2015662864073,8.00000000000002,-42.));
#4915=CARTESIAN_POINT('',(-33.2000000000001,7.99999999999992,-41.9999999999999));
#4916=CARTESIAN_POINT('Ctrl Pts',(-33.2000000000001,7.99999999999992,-42.));
#4917=CARTESIAN_POINT('Ctrl Pts',(-33.1995812664492,8.47587024184718,-41.9984769545809));
#4918=CARTESIAN_POINT('Ctrl Pts',(-33.2012841308755,9.01591258072501,-42.0040745513842));
#4919=CARTESIAN_POINT('Ctrl Pts',(-33.1768577260193,10.1030408251499,-41.967159687777));
#4920=CARTESIAN_POINT('Ctrl Pts',(-33.1637699491263,10.5148564465073,-41.9471257747048));
#4921=CARTESIAN_POINT('Ctrl Pts',(-33.135167011449,11.1530942229439,-41.8821023538272));
#4922=CARTESIAN_POINT('Ctrl Pts',(-33.1298558992921,11.2664100790154,-41.8693921512203));
#4923=CARTESIAN_POINT('Ctrl Pts',(-33.123949235767,11.3870824829553,-41.8540718978375));
#4924=CARTESIAN_POINT('',(-21.6,8.00000000000001,-42.));
#4925=CARTESIAN_POINT('',(-21.6,21.8,-28.2));
#4926=CARTESIAN_POINT('Ctrl Pts',(-33.2000000000001,7.99999999999992,-42.));
#4927=CARTESIAN_POINT('Ctrl Pts',(-33.1995812664492,8.47587024184718,-41.9984769545809));
#4928=CARTESIAN_POINT('Ctrl Pts',(-33.2012841308755,9.01591258072501,-42.0040745513842));
#4929=CARTESIAN_POINT('Ctrl Pts',(-33.1768577260193,10.1030408251499,-41.967159687777));
#4930=CARTESIAN_POINT('Ctrl Pts',(-33.1637699491263,10.5148564465073,-41.9471257747048));
#4931=CARTESIAN_POINT('Ctrl Pts',(-33.1280780604958,11.3112750484502,-41.8659869517444));
#4932=CARTESIAN_POINT('Ctrl Pts',(-33.1131027407326,11.6136267201979,-41.8280473175282));
#4933=CARTESIAN_POINT('Ctrl Pts',(-33.0771146475472,12.278352454016,-41.7144602238128));
#4934=CARTESIAN_POINT('Ctrl Pts',(-33.0570691285237,12.6320605537857,-41.6426437041061));
#4935=CARTESIAN_POINT('Ctrl Pts',(-33.0321124351221,13.040149338753,-41.534103333745));
#4936=CARTESIAN_POINT('Ctrl Pts',(-34.6983879067291,7.99999999999991,-42.0032523123608));
#4937=CARTESIAN_POINT('Ctrl Pts',(-34.6975442153501,8.47637676296549,-42.0013950034532));
#4938=CARTESIAN_POINT('Ctrl Pts',(-34.7007416010348,9.02612462014421,-42.0081879621531));
#4939=CARTESIAN_POINT('Ctrl Pts',(-34.6714931839962,10.1725023818997,-41.9673149422152));
#4940=CARTESIAN_POINT('Ctrl Pts',(-34.655650799268,10.612203711752,-41.9449667414684));
#4941=CARTESIAN_POINT('Ctrl Pts',(-34.6025789733771,11.4743068375246,-41.8501165055409));
#4942=CARTESIAN_POINT('Ctrl Pts',(-34.5788026608072,11.8033533615989,-41.8052740335303));
#4943=CARTESIAN_POINT('Ctrl Pts',(-34.5140169578331,12.5276798093838,-41.6697575495493));
#4944=CARTESIAN_POINT('Ctrl Pts',(-34.4748927549082,12.9134711035292,-41.5835420234767));
#4945=CARTESIAN_POINT('Ctrl Pts',(-34.4207363642378,13.354838509587,-41.4538200759115));
#4946=CARTESIAN_POINT('Ctrl Pts',(-37.2054763346703,7.99999999999996,-41.8982218827686));
#4947=CARTESIAN_POINT('Ctrl Pts',(-37.2040145006709,8.47731533211389,-41.8957055075695));
#4948=CARTESIAN_POINT('Ctrl Pts',(-37.209405536333,9.04196760542891,-41.9047928968627));
#4949=CARTESIAN_POINT('Ctrl Pts',(-37.1730589381377,10.290453282107,-41.8566803871859));
#4950=CARTESIAN_POINT('Ctrl Pts',(-37.1531771809864,10.7789599237966,-41.8301519755673));
#4951=CARTESIAN_POINT('Ctrl Pts',(-37.0746307432899,11.7583870340742,-41.7082879255144));
#4952=CARTESIAN_POINT('Ctrl Pts',(-37.0379867424986,12.1354794966873,-41.6496341756701));
#4953=CARTESIAN_POINT('Ctrl Pts',(-36.9308362395121,12.9674553781229,-41.4696792052084));
#4954=CARTESIAN_POINT('Ctrl Pts',(-36.8636218440052,13.4113216429714,-41.3540499873882));
#4955=CARTESIAN_POINT('Ctrl Pts',(-36.7659229837706,13.9123953783124,-41.1814345255955));
#4956=CARTESIAN_POINT('Ctrl Pts',(-39.9039474175832,7.99999999999996,-39.863581440396));
#4957=CARTESIAN_POINT('Ctrl Pts',(-39.9017404561483,8.47760529387657,-39.8613992873669));
#4958=CARTESIAN_POINT('Ctrl Pts',(-39.9097410257536,9.04627589940908,-39.869313711198));
#4959=CARTESIAN_POINT('Ctrl Pts',(-39.8651074962273,10.3240413693674,-39.8249511390725));
#4960=CARTESIAN_POINT('Ctrl Pts',(-39.8405204227025,10.8266418025601,-39.8005187787842));
#4961=CARTESIAN_POINT('Ctrl Pts',(-39.7313571478497,11.8399321810632,-39.6923711282966));
#4962=CARTESIAN_POINT('Ctrl Pts',(-39.6791325420593,12.2308775570952,-39.6406656371641));
#4963=CARTESIAN_POINT('Ctrl Pts',(-39.520798930827,13.093420022213,-39.4840238621953));
#4964=CARTESIAN_POINT('Ctrl Pts',(-39.4195901953446,13.553592761944,-39.3839383623823));
#4965=CARTESIAN_POINT('Ctrl Pts',(-39.2700088429568,14.070780030827,-39.2360346588011));
#4966=CARTESIAN_POINT('Ctrl Pts',(-41.4551181317043,8.,-37.493694124074));
#4967=CARTESIAN_POINT('Ctrl Pts',(-41.452760821148,8.47726174785368,-37.4921437484404));
#4968=CARTESIAN_POINT('Ctrl Pts',(-41.4612920410556,9.04092952052536,-37.4978417044716));
#4969=CARTESIAN_POINT('Ctrl Pts',(-41.4149470586731,10.2830919149121,-37.4605351237897));
#4970=CARTESIAN_POINT('Ctrl Pts',(-41.3894239835101,10.7685992265377,-37.4401093669776));
#4971=CARTESIAN_POINT('Ctrl Pts',(-41.2740834305829,11.7408210411798,-37.3579333035878));
#4972=CARTESIAN_POINT('Ctrl Pts',(-41.2187493596731,12.1149609021958,-37.3194317275206));
#4973=CARTESIAN_POINT('Ctrl Pts',(-41.0496884884999,12.9402253095666,-37.2061876701386));
#4974=CARTESIAN_POINT('Ctrl Pts',(-40.9412943329715,13.3804334909228,-37.1349206151745));
#4975=CARTESIAN_POINT('Ctrl Pts',(-40.7796919220355,13.8776117615406,-37.0311068912134));
#4976=CARTESIAN_POINT('Ctrl Pts',(-41.9833925309968,8.00000000000001,-35.6657936849812));
#4977=CARTESIAN_POINT('Ctrl Pts',(-41.9812808526101,8.47673984755196,-35.6647041767076));
#4978=CARTESIAN_POINT('Ctrl Pts',(-41.9889623028745,9.03239904451797,-35.6687719029116));
#4979=CARTESIAN_POINT('Ctrl Pts',(-41.9452685235876,10.2186541329699,-35.6367122148065));
#4980=CARTESIAN_POINT('Ctrl Pts',(-41.9212898740456,10.6773817144132,-35.6192695827691));
#4981=CARTESIAN_POINT('Ctrl Pts',(-41.8160130977998,11.5851263481022,-35.556079237792));
#4982=CARTESIAN_POINT('Ctrl Pts',(-41.7658508171198,11.9328501599752,-35.5271870762932));
#4983=CARTESIAN_POINT('Ctrl Pts',(-41.6132257611808,12.6990246576785,-35.4455730119385));
#4984=CARTESIAN_POINT('Ctrl Pts',(-41.5156945234191,13.1073929376618,-35.395289971506));
#4985=CARTESIAN_POINT('Ctrl Pts',(-41.3694203422775,13.5720097446299,-35.3238870585663));
#4986=CARTESIAN_POINT('Ctrl Pts',(-42.0027434637448,8.00000000000003,-33.9458687852062));
#4987=CARTESIAN_POINT('Ctrl Pts',(-42.0010505436683,8.4761224419377,-33.9452403328093));
#4988=CARTESIAN_POINT('Ctrl Pts',(-42.0072557504698,9.02100916736046,-33.9476814500266));
#4989=CARTESIAN_POINT('Ctrl Pts',(-41.9683286749437,10.1376296694726,-33.9208692559052));
#4990=CARTESIAN_POINT('Ctrl Pts',(-41.947117581409,10.5633166360549,-33.9064176225669));
#4991=CARTESIAN_POINT('Ctrl Pts',(-41.8590092563271,11.3923598716922,-33.8621502397273));
#4992=CARTESIAN_POINT('Ctrl Pts',(-41.8175602279925,11.7079615738835,-33.8428350078303));
#4993=CARTESIAN_POINT('Ctrl Pts',(-41.6928391324228,12.4022320157087,-33.7926544410733));
#4994=CARTESIAN_POINT('Ctrl Pts',(-41.6137141600355,12.7718300623125,-33.7632094767723));
#4995=CARTESIAN_POINT('Ctrl Pts',(-41.4944479829624,13.1963750608174,-33.7238609038647));
#4996=CARTESIAN_POINT('Ctrl Pts',(-42.,8.00000000000004,-33.2));
#4997=CARTESIAN_POINT('Ctrl Pts',(-41.9984769545812,8.47587024184735,-33.199581266449));
#4998=CARTESIAN_POINT('Ctrl Pts',(-42.0040745513843,9.01591258072508,-33.2012841308755));
#4999=CARTESIAN_POINT('Ctrl Pts',(-41.9671596877771,10.1030408251501,-33.1768577260192));
#5000=CARTESIAN_POINT('Ctrl Pts',(-41.9471257747048,10.5148564465074,-33.1637699491262));
#5001=CARTESIAN_POINT('Ctrl Pts',(-41.8659869517445,11.3112750484505,-33.1280780604957));
#5002=CARTESIAN_POINT('Ctrl Pts',(-41.8280473175282,11.6136267201981,-33.1131027407326));
#5003=CARTESIAN_POINT('Ctrl Pts',(-41.7144602238128,12.2783524540164,-33.0771146475471));
#5004=CARTESIAN_POINT('Ctrl Pts',(-41.6426437041061,12.632060553786,-33.0570691285236));
#5005=CARTESIAN_POINT('Ctrl Pts',(-41.534103333745,13.0401493387534,-33.032112435122));
#5006=CARTESIAN_POINT('',(-42.,8.00000000000004,-33.1999999999999));
#5007=CARTESIAN_POINT('Ctrl Pts',(-41.6156383627215,12.7158338766156,-33.0516079588349));
#5008=CARTESIAN_POINT('Ctrl Pts',(-41.6806401425337,12.4412680585744,-33.0678233907995));
#5009=CARTESIAN_POINT('Ctrl Pts',(-41.7288004109342,12.1944319037536,-33.0816580861856));
#5010=CARTESIAN_POINT('Ctrl Pts',(-41.8280473175282,11.6136267201981,-33.1131027407326));
#5011=CARTESIAN_POINT('Ctrl Pts',(-41.8659869517445,11.3112750484505,-33.1280780604957));
#5012=CARTESIAN_POINT('Ctrl Pts',(-41.9471257747048,10.5148564465074,-33.1637699491262));
#5013=CARTESIAN_POINT('Ctrl Pts',(-41.9671596877771,10.1030408251501,-33.1768577260192));
#5014=CARTESIAN_POINT('Ctrl Pts',(-42.0040745513843,9.01591258072508,-33.2012841308755));
#5015=CARTESIAN_POINT('Ctrl Pts',(-41.9984769545812,8.47587024184735,-33.199581266449));
#5016=CARTESIAN_POINT('Ctrl Pts',(-42.,8.00000000000004,-33.2));
#5017=CARTESIAN_POINT('Ctrl Pts',(-42.,8.00000000000004,-33.2));
#5018=CARTESIAN_POINT('Ctrl Pts',(-42.0027434637448,8.00000000000003,-33.9458687852062));
#5019=CARTESIAN_POINT('Ctrl Pts',(-41.9833925309968,8.00000000000001,-35.6657936849812));
#5020=CARTESIAN_POINT('Ctrl Pts',(-41.4551181317043,8.,-37.493694124074));
#5021=CARTESIAN_POINT('Ctrl Pts',(-39.9039474175832,7.99999999999996,-39.863581440396));
#5022=CARTESIAN_POINT('Ctrl Pts',(-37.2054763346703,7.99999999999996,-41.8982218827686));
#5023=CARTESIAN_POINT('Ctrl Pts',(-34.6983879067291,7.99999999999991,-42.0032523123608));
#5024=CARTESIAN_POINT('Ctrl Pts',(-33.2000000000001,7.99999999999992,-42.));
#5025=CARTESIAN_POINT('Ctrl Pts',(-41.6150706984986,12.718478103172,-33.2015662864072));
#5026=CARTESIAN_POINT('Ctrl Pts',(-41.6150706984986,12.718478103172,-31.4677108576048));
#5027=CARTESIAN_POINT('Ctrl Pts',(-41.6150706984986,12.718478103172,-29.7338554288024));
#5028=CARTESIAN_POINT('Ctrl Pts',(-41.6150706984986,12.718478103172,-28.));
#5029=CARTESIAN_POINT('Ctrl Pts',(-41.9683678710499,11.2251147524461,-33.2015662864072));
#5030=CARTESIAN_POINT('Ctrl Pts',(-41.9683678710499,11.2251147524461,-31.4677108576048));
#5031=CARTESIAN_POINT('Ctrl Pts',(-41.9683678710499,11.2251147524461,-29.7338554288024));
#5032=CARTESIAN_POINT('Ctrl Pts',(-41.9683678710499,11.2251147524461,-28.));
#5033=CARTESIAN_POINT('Ctrl Pts',(-42.0000000000001,9.68424806364509,-33.2015662864072));
#5034=CARTESIAN_POINT('Ctrl Pts',(-42.0000000000001,9.68424806364509,-31.4677108576048));
#5035=CARTESIAN_POINT('Ctrl Pts',(-42.0000000000001,9.68424806364509,-29.7338554288024));
#5036=CARTESIAN_POINT('Ctrl Pts',(-42.0000000000001,9.68424806364509,-28.));
#5037=CARTESIAN_POINT('Ctrl Pts',(-42.0000000000001,8.00000000000003,-33.2015662864072));
#5038=CARTESIAN_POINT('Ctrl Pts',(-42.0000000000001,8.00000000000003,-31.4677108576048));
#5039=CARTESIAN_POINT('Ctrl Pts',(-42.0000000000001,8.00000000000003,-29.7338554288024));
#5040=CARTESIAN_POINT('Ctrl Pts',(-42.0000000000001,8.00000000000003,-28.));
#5041=CARTESIAN_POINT('',(-42.,8.00000000000001,-28.));
#5042=CARTESIAN_POINT('Ctrl Pts',(-41.6150707028086,12.718478084954,-28.));
#5043=CARTESIAN_POINT('Ctrl Pts',(-42.0004872031849,11.0893484874175,-28.));
#5044=CARTESIAN_POINT('Ctrl Pts',(-42.0000000000001,9.52768910260725,-28.));
#5045=CARTESIAN_POINT('Ctrl Pts',(-42.0000000000001,8.00000000000003,-28.));
#5046=CARTESIAN_POINT('',(-42.,8.00000000000001,0.));
#5047=CARTESIAN_POINT('Ctrl Pts',(-27.5000000000001,-21.8,-28.2000008092829));
#5048=CARTESIAN_POINT('Ctrl Pts',(-27.50111398465,-21.8,-28.2362190763));
#5049=CARTESIAN_POINT('Ctrl Pts',(-27.5044479197875,-21.8000005366654,-28.2724319463123));
#5050=CARTESIAN_POINT('Ctrl Pts',(-27.5442579804027,-21.7998995595413,-28.5928059205416));
#5051=CARTESIAN_POINT('Ctrl Pts',(-27.7971988264799,-21.7977675282591,-29.4372887057642));
#5052=CARTESIAN_POINT('Ctrl Pts',(-28.5410685550083,-21.7113517963815,-30.8251956726876));
#5053=CARTESIAN_POINT('Ctrl Pts',(-29.3068570175009,-21.3965920407727,-31.902572474118));
#5054=CARTESIAN_POINT('Ctrl Pts',(-29.6818742580148,-21.1525251262612,-32.4262287907654));
#5055=CARTESIAN_POINT('Ctrl Pts',(-27.5000000000001,-21.8,-28.2000008092829));
#5056=CARTESIAN_POINT('Ctrl Pts',(-27.500873709325,-21.8000046025408,-28.2362216764689));
#5057=CARTESIAN_POINT('Ctrl Pts',(-27.5037848636938,-21.7999941759321,-28.2724592130898));
#5058=CARTESIAN_POINT('Ctrl Pts',(-27.5361046477866,-21.7999853934418,-28.5934062208724));
#5059=CARTESIAN_POINT('Ctrl Pts',(-27.7480816254694,-21.7983235630984,-29.4449482784098));
#5060=CARTESIAN_POINT('Ctrl Pts',(-28.3671686537097,-21.7411802031627,-30.8754038954807));
#5061=CARTESIAN_POINT('Ctrl Pts',(-29.0258509583927,-21.5284570155845,-32.0216658885202));
#5062=CARTESIAN_POINT('Ctrl Pts',(-29.3654143892129,-21.3584820141082,-32.5875418156444));
#5063=CARTESIAN_POINT('Ctrl Pts',(-27.5000000000001,-21.8,-28.2000008092829));
#5064=CARTESIAN_POINT('Ctrl Pts',(-27.500779027715,-21.7999950511586,-28.2362155031393));
#5065=CARTESIAN_POINT('Ctrl Pts',(-27.5029122210769,-21.8000063602677,-28.2725067524034));
#5066=CARTESIAN_POINT('Ctrl Pts',(-27.5300638455052,-21.7998979501892,-28.5938492092985));
#5067=CARTESIAN_POINT('Ctrl Pts',(-27.6982519800545,-21.7987263594049,-29.4527831393162));
#5068=CARTESIAN_POINT('Ctrl Pts',(-28.1943931232401,-21.7552230359471,-30.9255484482071));
#5069=CARTESIAN_POINT('Ctrl Pts',(-28.7145518722594,-21.5882179216044,-32.1409425071048));
#5070=CARTESIAN_POINT('Ctrl Pts',(-28.9786322885026,-21.454756148481,-32.7484749330861));
#5071=CARTESIAN_POINT('Ctrl Pts',(-27.5000000000001,-21.8,-28.2000008092829));
#5072=CARTESIAN_POINT('Ctrl Pts',(-27.5005571240052,-21.8,-28.2362276401306));
#5073=CARTESIAN_POINT('Ctrl Pts',(-27.502223879955,-21.7999996193988,-28.2725208620972));
#5074=CARTESIAN_POINT('Ctrl Pts',(-27.5221294255118,-21.7999548899929,-28.5945640363736));
#5075=CARTESIAN_POINT('Ctrl Pts',(-27.6485994692829,-21.798618300967,-29.4601451289367));
#5076=CARTESIAN_POINT('Ctrl Pts',(-28.0205344977234,-21.7540349196558,-30.9762824892008));
#5077=CARTESIAN_POINT('Ctrl Pts',(-28.4034285087505,-21.5710946444071,-32.24925619725));
#5078=CARTESIAN_POINT('Ctrl Pts',(-28.5909371290074,-21.4240708559046,-32.8801482270103));
#5079=CARTESIAN_POINT('',(-28.5909371290074,-21.4240708559046,-32.8801482270103));
#5080=CARTESIAN_POINT('',(-29.6818742579795,-21.1525251262842,-32.4262287907654));
#5081=CARTESIAN_POINT('Origin',(-28.5909371290074,-19.4762625631306,-32.4262287907654));
#5082=CARTESIAN_POINT('',(-27.5000000000001,-21.8,-28.2));
#5083=CARTESIAN_POINT('Ctrl Pts',(-29.6818742580148,-21.1525251262612,-32.4262287907654));
#5084=CARTESIAN_POINT('Ctrl Pts',(-29.3068570175009,-21.3965920407727,-31.902572474118));
#5085=CARTESIAN_POINT('Ctrl Pts',(-28.5410685550083,-21.7113517963815,-30.8251956726876));
#5086=CARTESIAN_POINT('Ctrl Pts',(-27.7971988264799,-21.7977675282591,-29.4372887057642));
#5087=CARTESIAN_POINT('Ctrl Pts',(-27.5442579804027,-21.7998995595413,-28.5928059205416));
#5088=CARTESIAN_POINT('Ctrl Pts',(-27.5044479197875,-21.8000005366654,-28.2724319463123));
#5089=CARTESIAN_POINT('Ctrl Pts',(-27.50111398465,-21.8,-28.2362190763));
#5090=CARTESIAN_POINT('Ctrl Pts',(-27.5000000000001,-21.8,-28.2000008092829));
#5091=CARTESIAN_POINT('Ctrl Pts',(-27.5000000000001,-21.8,-28.2000008092829));
#5092=CARTESIAN_POINT('Ctrl Pts',(-27.5005571240052,-21.8,-28.2362276401306));
#5093=CARTESIAN_POINT('Ctrl Pts',(-27.502223879955,-21.7999996193988,-28.2725208620972));
#5094=CARTESIAN_POINT('Ctrl Pts',(-27.5221294255118,-21.7999548899929,-28.5945640363736));
#5095=CARTESIAN_POINT('Ctrl Pts',(-27.6485994692829,-21.798618300967,-29.4601451289367));
#5096=CARTESIAN_POINT('Ctrl Pts',(-28.0205344977234,-21.7540349196558,-30.9762824892008));
#5097=CARTESIAN_POINT('Ctrl Pts',(-28.4034285087505,-21.5710946444071,-32.24925619725));
#5098=CARTESIAN_POINT('Ctrl Pts',(-28.5909371290074,-21.4240708559046,-32.8801482270103));
#5099=CARTESIAN_POINT('Ctrl Pts',(-30.5414847621102,-19.0342626413671,-32.426228790678));
#5100=CARTESIAN_POINT('Ctrl Pts',(-30.5175963595265,-18.9288430138453,-33.0595659407035));
#5101=CARTESIAN_POINT('Ctrl Pts',(-30.4221412950818,-18.4717898964263,-34.9105320502952));
#5102=CARTESIAN_POINT('Ctrl Pts',(-30.3670363889327,-17.3107425249627,-37.0296235982249));
#5103=CARTESIAN_POINT('Ctrl Pts',(-30.8127587909621,-15.8573352403847,-38.5804337784782));
#5104=CARTESIAN_POINT('Ctrl Pts',(-31.4874341836786,-14.7404301975285,-39.3460686390647));
#5105=CARTESIAN_POINT('Ctrl Pts',(-32.4993357183061,-13.7903876797856,-39.7193452259343));
#5106=CARTESIAN_POINT('Ctrl Pts',(-33.3328056369149,-13.3616986570042,-39.814365326561));
#5107=CARTESIAN_POINT('Ctrl Pts',(-33.7715008651453,-13.2087672467302,-39.8449252789907));
#5108=CARTESIAN_POINT('Ctrl Pts',(-30.6146789488116,-19.3572689148835,-32.5053677611967));
#5109=CARTESIAN_POINT('Ctrl Pts',(-30.5816097836123,-19.2438497750436,-33.1598163761659));
#5110=CARTESIAN_POINT('Ctrl Pts',(-30.4472991272785,-18.7486369354981,-35.074759246517));
#5111=CARTESIAN_POINT('Ctrl Pts',(-30.3327062273783,-17.5119251039445,-37.2270164460125));
#5112=CARTESIAN_POINT('Ctrl Pts',(-30.7559600488534,-15.9722497021307,-38.8035139325376));
#5113=CARTESIAN_POINT('Ctrl Pts',(-31.4381371477035,-14.7935528239582,-39.5902795101542));
#5114=CARTESIAN_POINT('Ctrl Pts',(-32.471748024249,-13.8064167966458,-39.9821415906333));
#5115=CARTESIAN_POINT('Ctrl Pts',(-33.3163697565878,-13.3686853828343,-40.0850446295994));
#5116=CARTESIAN_POINT('Ctrl Pts',(-33.7593712827991,-13.2129956814495,-40.1183333351207));
#5117=CARTESIAN_POINT('Ctrl Pts',(-30.5872792253882,-20.0411314120373,-32.6632889274836));
#5118=CARTESIAN_POINT('Ctrl Pts',(-30.5399399830904,-19.9069025227068,-33.3598975563588));
#5119=CARTESIAN_POINT('Ctrl Pts',(-30.3454975879624,-19.3151796062566,-35.4026509214453));
#5120=CARTESIAN_POINT('Ctrl Pts',(-30.146575365822,-17.8959832634342,-37.6213618838332));
#5121=CARTESIAN_POINT('Ctrl Pts',(-30.552335870957,-16.1606107211868,-39.2492908748633));
#5122=CARTESIAN_POINT('Ctrl Pts',(-31.2631915989009,-14.8382506371358,-40.0782937367694));
#5123=CARTESIAN_POINT('Ctrl Pts',(-32.3538931998825,-13.7511690691846,-40.5072412020646));
#5124=CARTESIAN_POINT('Ctrl Pts',(-33.2365908682316,-13.2803705514224,-40.6258430581739));
#5125=CARTESIAN_POINT('Ctrl Pts',(-33.6975623548515,-13.1136554906304,-40.6645697011481));
#5126=CARTESIAN_POINT('Ctrl Pts',(-29.945906539747,-21.0735274697504,-32.8700101761162));
#5127=CARTESIAN_POINT('Ctrl Pts',(-29.8935342843555,-20.9032907170943,-33.6235704610489));
#5128=CARTESIAN_POINT('Ctrl Pts',(-29.6789391524662,-20.146075920621,-35.8476378095389));
#5129=CARTESIAN_POINT('Ctrl Pts',(-29.4669476892984,-18.3986012175924,-38.1940257707125));
#5130=CARTESIAN_POINT('Ctrl Pts',(-29.9318642860924,-16.3004336164099,-39.9180824489144));
#5131=CARTESIAN_POINT('Ctrl Pts',(-30.7335674582846,-14.6908028751162,-40.8127225829895));
#5132=CARTESIAN_POINT('Ctrl Pts',(-31.9610059120655,-13.3645569355184,-41.2855577882799));
#5133=CARTESIAN_POINT('Ctrl Pts',(-32.9561438518377,-12.7940262502639,-41.4193448298197));
#5134=CARTESIAN_POINT('Ctrl Pts',(-33.4761921972961,-12.5926245472136,-41.4631920610155));
#5135=CARTESIAN_POINT('Ctrl Pts',(-29.101041960296,-21.4181166666597,-32.9056981776456));
#5136=CARTESIAN_POINT('Ctrl Pts',(-29.0602991768174,-21.23731555224,-33.6729139536432));
#5137=CARTESIAN_POINT('Ctrl Pts',(-28.8957177868201,-20.4313574549924,-35.9559831319612));
#5138=CARTESIAN_POINT('Ctrl Pts',(-28.7673548256556,-18.5308623183633,-38.406372836575));
#5139=CARTESIAN_POINT('Ctrl Pts',(-29.331488755824,-16.210758490405,-40.2071156883758));
#5140=CARTESIAN_POINT('Ctrl Pts',(-30.2224575599384,-14.399817188681,-41.1342570451048));
#5141=CARTESIAN_POINT('Ctrl Pts',(-31.5682200961942,-12.8800409175961,-41.6045829776734));
#5142=CARTESIAN_POINT('Ctrl Pts',(-32.6706937270869,-12.2196313671625,-41.7295322724594));
#5143=CARTESIAN_POINT('Ctrl Pts',(-33.2495148007381,-11.9861938715649,-41.7701421607094));
#5144=CARTESIAN_POINT('Ctrl Pts',(-28.5909371289715,-21.4240708559292,-32.880148226905));
#5145=CARTESIAN_POINT('Ctrl Pts',(-28.557491977741,-21.2462526491552,-33.6431818185928));
#5146=CARTESIAN_POINT('Ctrl Pts',(-28.4238493427895,-20.451302920499,-35.9267120513979));
#5147=CARTESIAN_POINT('Ctrl Pts',(-28.3466992732845,-18.5161577758152,-38.4373865619634));
#5148=CARTESIAN_POINT('Ctrl Pts',(-28.9707365269456,-16.0978634651194,-40.2849377386487));
#5149=CARTESIAN_POINT('Ctrl Pts',(-29.9153212668344,-14.1852707446147,-41.2238513801832));
#5150=CARTESIAN_POINT('Ctrl Pts',(-31.3320421939617,-12.5624849735871,-41.6774044958954));
#5151=CARTESIAN_POINT('Ctrl Pts',(-32.4989484940482,-11.8535193208231,-41.789078566499));
#5152=CARTESIAN_POINT('Ctrl Pts',(-33.1131472962011,-11.6028232283942,-41.8248599798111));
#5153=CARTESIAN_POINT('',(-33.1131472962011,-11.6028232283942,-41.8248599798111));
#5154=CARTESIAN_POINT('',(-33.7715008651453,-13.2087672467302,-39.8449252789907));
#5155=CARTESIAN_POINT('Origin',(-33.1131472962011,-11.3202306232414,-39.8449252789907));
#5156=CARTESIAN_POINT('',(-30.5414847621104,-19.0342626413681,-32.426228790678));
#5157=CARTESIAN_POINT('Ctrl Pts',(-33.7715008651453,-13.2087672467302,-39.8449252789907));
#5158=CARTESIAN_POINT('Ctrl Pts',(-33.3328056369149,-13.3616986570042,-39.814365326561));
#5159=CARTESIAN_POINT('Ctrl Pts',(-32.4993357183061,-13.7903876797856,-39.7193452259343));
#5160=CARTESIAN_POINT('Ctrl Pts',(-31.4874341836786,-14.7404301975285,-39.3460686390647));
#5161=CARTESIAN_POINT('Ctrl Pts',(-30.8127587909621,-15.8573352403847,-38.5804337784782));
#5162=CARTESIAN_POINT('Ctrl Pts',(-30.3670363889327,-17.3107425249627,-37.0296235982249));
#5163=CARTESIAN_POINT('Ctrl Pts',(-30.4221412950818,-18.4717898964263,-34.9105320502952));
#5164=CARTESIAN_POINT('Ctrl Pts',(-30.5175963595265,-18.9288430138453,-33.0595659407035));
#5165=CARTESIAN_POINT('Ctrl Pts',(-30.5414847621102,-19.0342626413671,-32.426228790678));
#5166=CARTESIAN_POINT('Origin',(-28.5909371289715,-19.476262563151,-32.426228790678));
#5167=CARTESIAN_POINT('Ctrl Pts',(-28.5909371289715,-21.4240708559292,-32.880148226905));
#5168=CARTESIAN_POINT('Ctrl Pts',(-28.557491977741,-21.2462526491552,-33.6431818185928));
#5169=CARTESIAN_POINT('Ctrl Pts',(-28.4238493427895,-20.451302920499,-35.9267120513979));
#5170=CARTESIAN_POINT('Ctrl Pts',(-28.3466992732845,-18.5161577758152,-38.4373865619634));
#5171=CARTESIAN_POINT('Ctrl Pts',(-28.9707365269456,-16.0978634651194,-40.2849377386487));
#5172=CARTESIAN_POINT('Ctrl Pts',(-29.9153212668344,-14.1852707446147,-41.2238513801832));
#5173=CARTESIAN_POINT('Ctrl Pts',(-31.3320421939617,-12.5624849735871,-41.6774044958954));
#5174=CARTESIAN_POINT('Ctrl Pts',(-32.4989484940482,-11.8535193208231,-41.789078566499));
#5175=CARTESIAN_POINT('Ctrl Pts',(-33.1131472962011,-11.6028232283942,-41.8248599798111));
#5176=CARTESIAN_POINT('Ctrl Pts',(-33.7715008651453,-13.2087672467302,-39.8449252789907));
#5177=CARTESIAN_POINT('Ctrl Pts',(-33.9768524657797,-13.1371806237944,-39.8592302787785));
#5178=CARTESIAN_POINT('Ctrl Pts',(-34.3970071636654,-13.0211730037631,-39.8784263554765));
#5179=CARTESIAN_POINT('Ctrl Pts',(-35.2620021866784,-12.8985584773459,-39.8495712830668));
#5180=CARTESIAN_POINT('Ctrl Pts',(-35.9639184830401,-12.941823221553,-39.6166648345716));
#5181=CARTESIAN_POINT('Ctrl Pts',(-36.4405472711865,-13.035029032896,-39.2693214373285));
#5182=CARTESIAN_POINT('Ctrl Pts',(-36.6255890315757,-13.0763830972257,-39.1196729650708));
#5183=CARTESIAN_POINT('Ctrl Pts',(-36.9339863645911,-13.1598002133638,-38.8268465592499));
#5184=CARTESIAN_POINT('Ctrl Pts',(-37.4837211933288,-13.35681985976,-38.1382599027351));
#5185=CARTESIAN_POINT('Ctrl Pts',(-38.0879320845625,-13.687439070163,-36.9300135983198));
#5186=CARTESIAN_POINT('Ctrl Pts',(-38.3201452015562,-13.8590364226867,-35.7602927610575));
#5187=CARTESIAN_POINT('Ctrl Pts',(-38.4210149287798,-13.9327728313054,-34.6633270607916));
#5188=CARTESIAN_POINT('Ctrl Pts',(-38.4328872215453,-13.9421858156031,-34.1615195713829));
#5189=CARTESIAN_POINT('Ctrl Pts',(-38.4362868456019,-13.9447616791329,-33.6610921562185));
#5190=CARTESIAN_POINT('Ctrl Pts',(-33.7593712827991,-13.2129956814495,-40.1183333351207));
#5191=CARTESIAN_POINT('Ctrl Pts',(-33.9665735040196,-13.139929161088,-40.1340219194718));
#5192=CARTESIAN_POINT('Ctrl Pts',(-34.3937556413505,-13.0214600374016,-40.1541973152353));
#5193=CARTESIAN_POINT('Ctrl Pts',(-35.2917152798095,-12.893731520489,-40.124506105733));
#5194=CARTESIAN_POINT('Ctrl Pts',(-36.0564628935954,-12.9479174648938,-39.8841174131844));
#5195=CARTESIAN_POINT('Ctrl Pts',(-36.5751340729536,-13.063178228161,-39.525663219723));
#5196=CARTESIAN_POINT('Ctrl Pts',(-36.7756720683419,-13.113341090575,-39.3714431256415));
#5197=CARTESIAN_POINT('Ctrl Pts',(-37.109836935492,-13.2148389781941,-39.0701093516403));
#5198=CARTESIAN_POINT('Ctrl Pts',(-37.6995277597242,-13.4506519132178,-38.3612176664117));
#5199=CARTESIAN_POINT('Ctrl Pts',(-38.3494898106297,-13.8477745679615,-37.1119966533923));
#5200=CARTESIAN_POINT('Ctrl Pts',(-38.6113481413392,-14.0666508875271,-35.8564036448423));
#5201=CARTESIAN_POINT('Ctrl Pts',(-38.7201270429316,-14.1573959779193,-34.6932228287081));
#5202=CARTESIAN_POINT('Ctrl Pts',(-38.7328941088224,-14.1692151529885,-34.1737073746917));
#5203=CARTESIAN_POINT('Ctrl Pts',(-38.7362778405555,-14.1720620659714,-33.6655834872576));
#5204=CARTESIAN_POINT('Ctrl Pts',(-33.6975935096362,-13.1138218687016,-40.6651092456004));
#5205=CARTESIAN_POINT('Ctrl Pts',(-33.9134384599726,-13.0355024975942,-40.6829062914134));
#5206=CARTESIAN_POINT('Ctrl Pts',(-34.3635573099921,-12.9081652283228,-40.7056860796537));
#5207=CARTESIAN_POINT('Ctrl Pts',(-35.3478158568011,-12.7687877537856,-40.6738279958419));
#5208=CARTESIAN_POINT('Ctrl Pts',(-36.2541867540581,-12.8417063265923,-40.4178366251793));
#5209=CARTESIAN_POINT('Ctrl Pts',(-36.8697705662828,-12.9928457833083,-40.0389486239087));
#5210=CARTESIAN_POINT('Ctrl Pts',(-37.1077139514561,-13.0581108481234,-39.8752120623997));
#5211=CARTESIAN_POINT('Ctrl Pts',(-37.5028308807274,-13.1896979304725,-39.5569635244475));
#5212=CARTESIAN_POINT('Ctrl Pts',(-38.1955984493598,-13.4928980821551,-38.8072314263903));
#5213=CARTESIAN_POINT('Ctrl Pts',(-38.97199729087,-14.0098015650973,-37.4768043845796));
#5214=CARTESIAN_POINT('Ctrl Pts',(-39.3126329223701,-14.3119008519843,-36.0474156906205));
#5215=CARTESIAN_POINT('Ctrl Pts',(-39.4496583337802,-14.4343121505465,-34.7541354243774));
#5216=CARTESIAN_POINT('Ctrl Pts',(-39.4633692055568,-14.4486435824258,-34.1980115061883));
#5217=CARTESIAN_POINT('Ctrl Pts',(-39.4679760019347,-14.4524156788268,-33.6745632076919));
#5218=CARTESIAN_POINT('Ctrl Pts',(-33.5236141742978,-12.7041911123699,-41.2917688434496));
#5219=CARTESIAN_POINT('Ctrl Pts',(-33.7609393593079,-12.6130529596237,-41.311600698036));
#5220=CARTESIAN_POINT('Ctrl Pts',(-34.2641675150353,-12.4657433818521,-41.3356292781306));
#5221=CARTESIAN_POINT('Ctrl Pts',(-35.4021558725007,-12.3084876706863,-41.3032032026998));
#5222=CARTESIAN_POINT('Ctrl Pts',(-36.5139147993385,-12.394917205456,-41.0252807478071));
#5223=CARTESIAN_POINT('Ctrl Pts',(-37.2722290411562,-12.5677114183014,-40.6117703997103));
#5224=CARTESIAN_POINT('Ctrl Pts',(-37.564444197367,-12.6421807383068,-40.4338493444592));
#5225=CARTESIAN_POINT('Ctrl Pts',(-38.0511488371047,-12.7927994387392,-40.0887906471959));
#5226=CARTESIAN_POINT('Ctrl Pts',(-38.900224741313,-13.1395199551218,-39.2794886717254));
#5227=CARTESIAN_POINT('Ctrl Pts',(-39.8711418119804,-13.7380328993896,-37.8392777999567));
#5228=CARTESIAN_POINT('Ctrl Pts',(-40.3235335661921,-14.0863190901702,-36.2319352329098));
#5229=CARTESIAN_POINT('Ctrl Pts',(-40.4991553261819,-14.2213767804753,-34.8109852436489));
#5230=CARTESIAN_POINT('Ctrl Pts',(-40.5179330956185,-14.2365302540038,-34.2209964426625));
#5231=CARTESIAN_POINT('Ctrl Pts',(-40.5233465571064,-14.2397608160848,-33.6830685512714));
#5232=CARTESIAN_POINT('Ctrl Pts',(-33.3176534022804,-12.168737106695,-41.6796382989745));
#5233=CARTESIAN_POINT('Ctrl Pts',(-33.5801671890819,-12.0638017993759,-41.6990540105496));
#5234=CARTESIAN_POINT('Ctrl Pts',(-34.1410701471853,-11.8951590107474,-41.7221036043456));
#5235=CARTESIAN_POINT('Ctrl Pts',(-35.4263524276154,-11.7218854234325,-41.6915964248853));
#5236=CARTESIAN_POINT('Ctrl Pts',(-36.7061862783942,-11.8115930701383,-41.3925380790898));
#5237=CARTESIAN_POINT('Ctrl Pts',(-37.5753697700359,-11.9829943995974,-40.9427277768105));
#5238=CARTESIAN_POINT('Ctrl Pts',(-37.9100383164676,-12.0575888653432,-40.7503627152859));
#5239=CARTESIAN_POINT('Ctrl Pts',(-38.4662704433444,-12.2079053404742,-40.3772389031024));
#5240=CARTESIAN_POINT('Ctrl Pts',(-39.4333509919953,-12.5562289190159,-39.5112949505842));
#5241=CARTESIAN_POINT('Ctrl Pts',(-40.5368081657105,-13.1579111539374,-37.9806442733884));
#5242=CARTESIAN_POINT('Ctrl Pts',(-41.0423196331034,-13.4863550242165,-36.2923965368374));
#5243=CARTESIAN_POINT('Ctrl Pts',(-41.2371879661837,-13.6098026922937,-34.8290441441534));
#5244=CARTESIAN_POINT('Ctrl Pts',(-41.2576546809865,-13.6218434781358,-34.2277536823106));
#5245=CARTESIAN_POINT('Ctrl Pts',(-41.263560736916,-13.6241468687835,-33.6856724282923));
#5246=CARTESIAN_POINT('Ctrl Pts',(-33.1813310484696,-11.7945085499795,-41.7975010702603));
#5247=CARTESIAN_POINT('Ctrl Pts',(-33.4605714511503,-11.6811195091491,-41.8151902572493));
#5248=CARTESIAN_POINT('Ctrl Pts',(-34.057554483731,-11.4996821158564,-41.836598888497));
#5249=CARTESIAN_POINT('Ctrl Pts',(-35.4266075092484,-11.3173953637032,-41.8085512959791));
#5250=CARTESIAN_POINT('Ctrl Pts',(-36.7881560752835,-11.4053685705922,-41.4963538883225));
#5251=CARTESIAN_POINT('Ctrl Pts',(-37.7058385115507,-11.5685176320863,-41.0235572282115));
#5252=CARTESIAN_POINT('Ctrl Pts',(-38.0591421233686,-11.6400380615039,-40.821851235879));
#5253=CARTESIAN_POINT('Ctrl Pts',(-38.643914741168,-11.7836453124078,-40.4309320720541));
#5254=CARTESIAN_POINT('Ctrl Pts',(-39.657364988004,-12.1183982509842,-39.53133125892));
#5255=CARTESIAN_POINT('Ctrl Pts',(-40.7986509274019,-12.6934740549436,-37.9559186708448));
#5256=CARTESIAN_POINT('Ctrl Pts',(-41.2987010469402,-12.9866073412789,-36.2682681777148));
#5257=CARTESIAN_POINT('Ctrl Pts',(-41.4922144966884,-13.0951633927095,-34.8205342143519));
#5258=CARTESIAN_POINT('Ctrl Pts',(-41.5112919405822,-13.1042689472306,-34.2240813736534));
#5259=CARTESIAN_POINT('Ctrl Pts',(-41.517263168259,-13.105969296499,-33.6843511697789));
#5260=CARTESIAN_POINT('Ctrl Pts',(-33.1131472962011,-11.6028232283942,-41.8248599798111));
#5261=CARTESIAN_POINT('Ctrl Pts',(-33.400649976504,-11.4854732349833,-41.8416091384267));
#5262=CARTESIAN_POINT('Ctrl Pts',(-34.0153721570116,-11.2979801304868,-41.8616696430982));
#5263=CARTESIAN_POINT('Ctrl Pts',(-35.4230945055673,-11.111488764232,-41.8353410691499));
#5264=CARTESIAN_POINT('Ctrl Pts',(-36.8187978539513,-11.1980971568906,-41.5169353381928));
#5265=CARTESIAN_POINT('Ctrl Pts',(-37.7549237386128,-11.3561319183128,-41.0319287655541));
#5266=CARTESIAN_POINT('Ctrl Pts',(-38.1150725977298,-11.4257539856252,-40.8258043476943));
#5267=CARTESIAN_POINT('Ctrl Pts',(-38.7099937531035,-11.5652309599028,-40.4259346317306));
#5268=CARTESIAN_POINT('Ctrl Pts',(-39.7381697198285,-11.8913810527087,-39.5106616999405));
#5269=CARTESIAN_POINT('Ctrl Pts',(-40.8849988189026,-12.4492104745686,-37.9168847188269));
#5270=CARTESIAN_POINT('Ctrl Pts',(-41.3726132342503,-12.7223551877542,-36.241926384812));
#5271=CARTESIAN_POINT('Ctrl Pts',(-41.5612130888031,-12.8227683494844,-34.8118691090423));
#5272=CARTESIAN_POINT('Ctrl Pts',(-41.5794929032361,-12.8305751864109,-34.2203270451061));
#5273=CARTESIAN_POINT('Ctrl Pts',(-41.5852175541259,-12.8319700823974,-33.6830229074521));
#5274=CARTESIAN_POINT('',(-41.5852175541259,-12.8319700823974,-33.6830229074521));
#5275=CARTESIAN_POINT('',(-38.4362868456019,-13.9447616791329,-33.6610921562185));
#5276=CARTESIAN_POINT('Origin',(-39.6441186337585,-12.3506655805497,-33.6610921562185));
#5277=CARTESIAN_POINT('Ctrl Pts',(-38.4362868456019,-13.9447616791329,-33.6610921562185));
#5278=CARTESIAN_POINT('Ctrl Pts',(-38.4328872215453,-13.9421858156031,-34.1615195713829));
#5279=CARTESIAN_POINT('Ctrl Pts',(-38.4210149287798,-13.9327728313054,-34.6633270607916));
#5280=CARTESIAN_POINT('Ctrl Pts',(-38.3201452015562,-13.8590364226867,-35.7602927610575));
#5281=CARTESIAN_POINT('Ctrl Pts',(-38.0879320845625,-13.687439070163,-36.9300135983198));
#5282=CARTESIAN_POINT('Ctrl Pts',(-37.4837211933288,-13.35681985976,-38.1382599027351));
#5283=CARTESIAN_POINT('Ctrl Pts',(-36.9339863645911,-13.1598002133638,-38.8268465592499));
#5284=CARTESIAN_POINT('Ctrl Pts',(-36.6255890315757,-13.0763830972257,-39.1196729650708));
#5285=CARTESIAN_POINT('Ctrl Pts',(-36.4405472711865,-13.035029032896,-39.2693214373285));
#5286=CARTESIAN_POINT('Ctrl Pts',(-35.9639184830401,-12.941823221553,-39.6166648345716));
#5287=CARTESIAN_POINT('Ctrl Pts',(-35.2620021866784,-12.8985584773459,-39.8495712830668));
#5288=CARTESIAN_POINT('Ctrl Pts',(-34.3970071636654,-13.0211730037631,-39.8784263554765));
#5289=CARTESIAN_POINT('Ctrl Pts',(-33.9768524657797,-13.1371806237944,-39.8592302787785));
#5290=CARTESIAN_POINT('Ctrl Pts',(-33.7715008651453,-13.2087672467302,-39.8449252789907));
#5291=CARTESIAN_POINT('Ctrl Pts',(-33.1131472962011,-11.6028232283942,-41.8248599798111));
#5292=CARTESIAN_POINT('Ctrl Pts',(-33.400649976504,-11.4854732349833,-41.8416091384267));
#5293=CARTESIAN_POINT('Ctrl Pts',(-34.0153721570116,-11.2979801304868,-41.8616696430982));
#5294=CARTESIAN_POINT('Ctrl Pts',(-35.4230945055673,-11.111488764232,-41.8353410691499));
#5295=CARTESIAN_POINT('Ctrl Pts',(-36.8187978539513,-11.1980971568906,-41.5169353381928));
#5296=CARTESIAN_POINT('Ctrl Pts',(-37.7549237386128,-11.3561319183128,-41.0319287655541));
#5297=CARTESIAN_POINT('Ctrl Pts',(-38.1150725977298,-11.4257539856252,-40.8258043476943));
#5298=CARTESIAN_POINT('Ctrl Pts',(-38.7099937531035,-11.5652309599028,-40.4259346317306));
#5299=CARTESIAN_POINT('Ctrl Pts',(-39.7381697198285,-11.8913810527087,-39.5106616999405));
#5300=CARTESIAN_POINT('Ctrl Pts',(-40.8849988189026,-12.4492104745686,-37.9168847188269));
#5301=CARTESIAN_POINT('Ctrl Pts',(-41.3726132342503,-12.7223551877542,-36.241926384812));
#5302=CARTESIAN_POINT('Ctrl Pts',(-41.5612130888031,-12.8227683494844,-34.8118691090423));
#5303=CARTESIAN_POINT('Ctrl Pts',(-41.5794929032361,-12.8305751864109,-34.2203270451061));
#5304=CARTESIAN_POINT('Ctrl Pts',(-41.5852175541259,-12.8319700823974,-33.6830229074521));
#5305=CARTESIAN_POINT('Origin',(-28.5909371289721,-19.4762625631536,-32.4262287907654));
#5306=CARTESIAN_POINT('Origin',(-28.5909371289721,-19.4762625631536,-32.4262287907654));
#5307=CARTESIAN_POINT('Ctrl Pts',(-41.5638767255949,-12.911494314504,-33.661092156229));
#5308=CARTESIAN_POINT('Ctrl Pts',(-41.5936673172182,-12.809518923681,-33.4617078847267));
#5309=CARTESIAN_POINT('Ctrl Pts',(-41.6142610362213,-12.721863802432,-33.257951540283));
#5310=CARTESIAN_POINT('Ctrl Pts',(-41.6142610362216,-12.7218638024306,-33.0516126985965));
#5311=CARTESIAN_POINT('Ctrl Pts',(-41.5715734298589,-12.8851479285278,-33.6684046189443));
#5312=CARTESIAN_POINT('Ctrl Pts',(-41.596843103739,-12.7960481371198,-33.4640157425726));
#5313=CARTESIAN_POINT('Ctrl Pts',(-41.6147413432679,-12.7198591978058,-33.2579515007405));
#5314=CARTESIAN_POINT('Ctrl Pts',(-41.6147413426306,-12.719859200466,-33.0516126985965));
#5315=CARTESIAN_POINT('Ctrl Pts',(-41.5786891917724,-12.858631830467,-33.675717081258));
#5316=CARTESIAN_POINT('Ctrl Pts',(-41.600024873682,-12.7825958423463,-33.4663236012635));
#5317=CARTESIAN_POINT('Ctrl Pts',(-41.615218551179,-12.7178538506208,-33.2579514611981));
#5318=CARTESIAN_POINT('Ctrl Pts',(-41.6152185499121,-12.7178538559446,-33.0516126985965));
#5319=CARTESIAN_POINT('Ctrl Pts',(-41.5852175541249,-12.8319700824009,-33.6830229074634));
#5320=CARTESIAN_POINT('Ctrl Pts',(-41.6032163106016,-12.7691497611203,-33.4686361190374));
#5321=CARTESIAN_POINT('Ctrl Pts',(-41.6156926576733,-12.7158477704632,-33.2579514216558));
#5322=CARTESIAN_POINT('Ctrl Pts',(-41.6156926557851,-12.7158477784525,-33.0516126985965));
#5323=CARTESIAN_POINT('',(-41.6156926557855,-12.7158477784509,-33.0516127358004));
#5324=CARTESIAN_POINT('',(-41.6142610362216,-12.7218638024306,-33.0516126985965));
#5325=CARTESIAN_POINT('Origin',(-39.6693108557886,-12.2558500734123,-33.0516126985965));
#5326=CARTESIAN_POINT('',(-41.5638767255957,-12.9114943145012,-33.661092156229));
#5327=CARTESIAN_POINT('Ctrl Pts',(-41.6142610362216,-12.7218638024306,-33.0516126985965));
#5328=CARTESIAN_POINT('Ctrl Pts',(-41.6142610362213,-12.721863802432,-33.257951540283));
#5329=CARTESIAN_POINT('Ctrl Pts',(-41.5936673172182,-12.809518923681,-33.4617078847267));
#5330=CARTESIAN_POINT('Ctrl Pts',(-41.5638767255949,-12.911494314504,-33.661092156229));
#5331=CARTESIAN_POINT('Origin',(-39.6441186337577,-12.3506655805525,-33.661092156229));
#5332=CARTESIAN_POINT('Ctrl Pts',(-41.5852175541249,-12.8319700824009,-33.6830229074634));
#5333=CARTESIAN_POINT('Ctrl Pts',(-41.6032163095199,-12.7691497648959,-33.4686361319224));
#5334=CARTESIAN_POINT('Ctrl Pts',(-41.6156926561736,-12.7158477768703,-33.2579514469808));
#5335=CARTESIAN_POINT('Ctrl Pts',(-41.6156926557851,-12.7158477784525,-33.0516127358004));
#5336=CARTESIAN_POINT('Ctrl Pts',(-41.6142610362212,-12.7218638024324,-33.0516127358004));
#5337=CARTESIAN_POINT('Ctrl Pts',(-41.6142610362211,-12.7218638024326,-31.4482124628422));
#5338=CARTESIAN_POINT('Ctrl Pts',(-41.6142490409199,-12.7218608652771,-29.764405776466));
#5339=CARTESIAN_POINT('Ctrl Pts',(-41.6142634663044,-12.7218643875005,-28.08059909009));
#5340=CARTESIAN_POINT('Ctrl Pts',(-41.6132166655756,-12.7262118499379,-28.0002134397364));
#5341=CARTESIAN_POINT('Ctrl Pts',(-41.6147413426302,-12.7198592004675,-33.0516127358004));
#5342=CARTESIAN_POINT('Ctrl Pts',(-41.6147413150476,-12.7198590790151,-31.448209685704));
#5343=CARTESIAN_POINT('Ctrl Pts',(-41.6147293978741,-12.7198564881732,-29.764411152263));
#5344=CARTESIAN_POINT('Ctrl Pts',(-41.6147437396296,-12.7198596342574,-28.0805950576475));
#5345=CARTESIAN_POINT('Ctrl Pts',(-41.6138373181595,-12.7236342210531,-28.0001396960043));
#5346=CARTESIAN_POINT('Ctrl Pts',(-41.6152185499118,-12.7178538559459,-33.0516127358004));
#5347=CARTESIAN_POINT('Ctrl Pts',(-41.6152185352993,-12.7178539671046,-31.4482152399854));
#5348=CARTESIAN_POINT('Ctrl Pts',(-41.6152081733199,-12.7178694420384,-29.7645851706693));
#5349=CARTESIAN_POINT('Ctrl Pts',(-41.6152206152928,-12.7178508917651,-28.0805785458156));
#5350=CARTESIAN_POINT('Ctrl Pts',(-41.6144528412045,-12.7210553570559,-28.0000659522722));
#5351=CARTESIAN_POINT('Ctrl Pts',(-41.6156926557849,-12.7158477784536,-33.0516127358004));
#5352=CARTESIAN_POINT('Ctrl Pts',(-41.6156926557848,-12.7158477784537,-31.4482124628422));
#5353=CARTESIAN_POINT('Ctrl Pts',(-41.6156822520093,-12.7158635704446,-29.7645905464741));
#5354=CARTESIAN_POINT('Ctrl Pts',(-41.6156947396828,-12.7158446755822,-28.0805745133702));
#5355=CARTESIAN_POINT('Ctrl Pts',(-41.6150632298394,-12.7184752783559,-27.9999922091237));
#5356=CARTESIAN_POINT('',(-41.6150707026142,-12.7184780857715,-28.));
#5357=CARTESIAN_POINT('Ctrl Pts',(-41.6156926557849,-12.7158477784536,-33.0516127358004));
#5358=CARTESIAN_POINT('Ctrl Pts',(-41.6156926557848,-12.7158477784537,-31.4482124628422));
#5359=CARTESIAN_POINT('Ctrl Pts',(-41.6156822520253,-12.7158635704203,-29.7645931377557));
#5360=CARTESIAN_POINT('Ctrl Pts',(-41.6156947396444,-12.7158446756404,-28.0805796971465));
#5361=CARTESIAN_POINT('Ctrl Pts',(-41.6150632908997,-12.7184750240046,-28.0000000008285));
#5362=CARTESIAN_POINT('Ctrl Pts',(-41.6132196244242,-12.7261995615518,-28.0004408694841));
#5363=CARTESIAN_POINT('Ctrl Pts',(-41.6142634650052,-12.7218643871832,-28.0807507490472));
#5364=CARTESIAN_POINT('Ctrl Pts',(-41.6142490414602,-12.7218608654094,-29.7644815935433));
#5365=CARTESIAN_POINT('Ctrl Pts',(-41.6142610362209,-12.7218638024326,-31.4482124380396));
#5366=CARTESIAN_POINT('Ctrl Pts',(-41.6142610362212,-12.7218638024324,-33.0516126985965));
#5367=CARTESIAN_POINT('Origin',(-39.6441186337585,-12.3506655805497,-33.6610921562185));
#5368=CARTESIAN_POINT('Origin',(-39.6441186337585,-12.3506655805497,-33.6610921562185));
#5369=CARTESIAN_POINT('Origin',(-28.5909371289721,-19.4762625631536,-28.));
#5370=CARTESIAN_POINT('',(-30.5414847621106,-19.034262641369,-28.));
#5371=CARTESIAN_POINT('',(-30.5414847621106,-19.034262641369,-28.));
#5372=CARTESIAN_POINT('',(-29.6818742579441,-21.1525251263072,-28.));
#5373=CARTESIAN_POINT('Origin',(-28.5909371289721,-19.4762625631536,-28.));
#5374=CARTESIAN_POINT('',(-29.6818742579441,-21.1525251263072,-28.));
#5375=CARTESIAN_POINT('Origin',(-35.4171458097426,-17.9294232798026,-28.));
#5376=CARTESIAN_POINT('',(-38.4362868456019,-13.9447616791329,-28.));
#5377=CARTESIAN_POINT('',(-38.4362868456019,-13.9447616791329,-28.));
#5378=CARTESIAN_POINT('Origin',(-35.4171458097426,-17.9294232798026,-28.));
#5379=CARTESIAN_POINT('Origin',(-39.6441186337585,-12.3506655805497,-28.));
#5380=CARTESIAN_POINT('',(-41.5638767255965,-12.9114943144984,-28.));
#5381=CARTESIAN_POINT('',(-41.5638767255965,-12.9114943144984,-28.));
#5382=CARTESIAN_POINT('Origin',(-39.6441186337585,-12.3506655805497,-28.));
#5383=CARTESIAN_POINT('Origin',(-37.7243503735294,-11.789833876057,28.));
#5384=CARTESIAN_POINT('Origin',(-37.7243503735294,-11.789833876057,-28.));
#5385=CARTESIAN_POINT('Ctrl Pts',(1.77635683940025E-14,23.,-29.));
#5386=CARTESIAN_POINT('Ctrl Pts',(-11.3415851270376,23.,-29.));
#5387=CARTESIAN_POINT('Ctrl Pts',(-22.6831702540752,23.,-29.));
#5388=CARTESIAN_POINT('Ctrl Pts',(-34.0247553811129,23.,-29.));
#5389=CARTESIAN_POINT('Ctrl Pts',(1.7514434929859E-14,23.,-30.1219973762821));
#5390=CARTESIAN_POINT('Ctrl Pts',(-11.3415851270376,23.,-30.1219973762821));
#5391=CARTESIAN_POINT('Ctrl Pts',(-22.6831702540752,23.,-30.1219973762821));
#5392=CARTESIAN_POINT('Ctrl Pts',(-34.0247553811129,23.,-30.1219973762821));
#5393=CARTESIAN_POINT('Ctrl Pts',(1.70214342181911E-14,22.9886251631431,
-32.3422751976429));
#5394=CARTESIAN_POINT('Ctrl Pts',(-11.3415851270376,22.9886251631431,-32.3422751976429));
#5395=CARTESIAN_POINT('Ctrl Pts',(-22.6831702540753,22.9886251631431,-32.3422751976429));
#5396=CARTESIAN_POINT('Ctrl Pts',(-34.0247553811128,22.9886251631431,-32.3422751976429));
#5397=CARTESIAN_POINT('Ctrl Pts',(1.6287537514859E-14,22.2509792695868,
-35.6474521172982));
#5398=CARTESIAN_POINT('Ctrl Pts',(-11.3415851270376,22.2509792695868,-35.6474521172982));
#5399=CARTESIAN_POINT('Ctrl Pts',(-22.6831702540752,22.2509792695868,-35.6474521172982));
#5400=CARTESIAN_POINT('Ctrl Pts',(-34.0247553811128,22.2509792695868,-35.6474521172982));
#5401=CARTESIAN_POINT('Ctrl Pts',(1.55872638708783E-14,20.486049054282,
-38.8012042393867));
#5402=CARTESIAN_POINT('Ctrl Pts',(-11.3415851270376,20.486049054282,-38.8012042393867));
#5403=CARTESIAN_POINT('Ctrl Pts',(-22.6831702540752,20.486049054282,-38.8012042393867));
#5404=CARTESIAN_POINT('Ctrl Pts',(-34.0247553811128,20.486049054282,-38.8012042393867));
#5405=CARTESIAN_POINT('Ctrl Pts',(1.49907692040693E-14,17.8011099692463,
-41.4875773985566));
#5406=CARTESIAN_POINT('Ctrl Pts',(-11.3415851270376,17.8011099692463,-41.4875773985566));
#5407=CARTESIAN_POINT('Ctrl Pts',(-22.6831702540752,17.8011099692463,-41.4875773985566));
#5408=CARTESIAN_POINT('Ctrl Pts',(-34.0247553811128,17.8011099692463,-41.4875773985566));
#5409=CARTESIAN_POINT('Ctrl Pts',(1.45997846445269E-14,14.6484846441697,
-43.2484153152193));
#5410=CARTESIAN_POINT('Ctrl Pts',(-11.3415851270376,14.6484846441697,-43.2484153152193));
#5411=CARTESIAN_POINT('Ctrl Pts',(-22.6831702540752,14.6484846441697,-43.2484153152193));
#5412=CARTESIAN_POINT('Ctrl Pts',(-34.0247553811129,14.6484846441697,-43.2484153152193));
#5413=CARTESIAN_POINT('Ctrl Pts',(1.4435132413919E-14,11.3419015196275,
-43.9899430396308));
#5414=CARTESIAN_POINT('Ctrl Pts',(-11.3415851270376,11.3419015196275,-43.9899430396308));
#5415=CARTESIAN_POINT('Ctrl Pts',(-22.6831702540752,11.3419015196275,-43.9899430396307));
#5416=CARTESIAN_POINT('Ctrl Pts',(-34.0247553811128,11.3419015196275,-43.9899430396307));
#5417=CARTESIAN_POINT('Ctrl Pts',(1.4432899320127E-14,9.12199737628209,
-44.));
#5418=CARTESIAN_POINT('Ctrl Pts',(-11.3415851270376,9.12199737628209,-44.));
#5419=CARTESIAN_POINT('Ctrl Pts',(-22.6831702540752,9.12199737628209,-44.));
#5420=CARTESIAN_POINT('Ctrl Pts',(-34.0247553811129,9.12199737628209,-44.));
#5421=CARTESIAN_POINT('Ctrl Pts',(1.4432899320127E-14,8.00000000000002,
-44.));
#5422=CARTESIAN_POINT('Ctrl Pts',(-11.3415851270376,8.00000000000002,-44.));
#5423=CARTESIAN_POINT('Ctrl Pts',(-22.6831702540752,8.00000000000002,-44.));
#5424=CARTESIAN_POINT('Ctrl Pts',(-34.0247553811129,8.00000000000002,-44.));
#5425=CARTESIAN_POINT('',(0.,8.00000000000002,-44.));
#5426=CARTESIAN_POINT('',(0.,23.,-29.));
#5427=CARTESIAN_POINT('Ctrl Pts',(1.4432899320127E-14,8.00000000000002,
-44.));
#5428=CARTESIAN_POINT('Ctrl Pts',(1.4432899320127E-14,9.12199737628209,
-44.));
#5429=CARTESIAN_POINT('Ctrl Pts',(1.4434015867023E-14,10.2319494479548,
-43.9949715198154));
#5430=CARTESIAN_POINT('Ctrl Pts',(1.44620161789056E-14,11.3380226712149,
-43.8688693256545));
#5431=CARTESIAN_POINT('Ctrl Pts',(1.44900164907883E-14,12.4440958944749,
-43.7427671314936));
#5432=CARTESIAN_POINT('Ctrl Pts',(1.45449005676576E-14,13.5462902693223,
-43.4955912233564));
#5433=CARTESIAN_POINT('Ctrl Pts',(1.46375066993493E-14,14.6228250109254,
-43.0785302831774));
#5434=CARTESIAN_POINT('Ctrl Pts',(1.4730112831041E-14,15.6993597525286,
-42.6614693429984));
#5435=CARTESIAN_POINT('Ctrl Pts',(1.48604410175551E-14,16.7502348608874,
-42.0745233707775));
#5436=CARTESIAN_POINT('Ctrl Pts',(1.50250208886137E-14,17.7231622625728,
-41.3333215248054));
#5437=CARTESIAN_POINT('Ctrl Pts',(1.51896007596723E-14,18.6960896642582,
-40.5921196788333));
#5438=CARTESIAN_POINT('Ctrl Pts',(1.53884323152753E-14,19.5910693592701,
-39.69666195911));
#5439=CARTESIAN_POINT('Ctrl Pts',(1.56045603670736E-14,20.3327142426602,
-38.7233077455669));
#5440=CARTESIAN_POINT('Ctrl Pts',(1.58206884188719E-14,21.0743591260502,
-37.7499535320239));
#5441=CARTESIAN_POINT('Ctrl Pts',(1.60541129668654E-14,21.6626691978185,
-36.698702824661));
#5442=CARTESIAN_POINT('Ctrl Pts',(1.62931413580842E-14,22.079765215962,
-35.6222146510371));
#5443=CARTESIAN_POINT('Ctrl Pts',(1.6532169749303E-14,22.4968612341055,
-34.5457264774131));
#5444=CARTESIAN_POINT('Ctrl Pts',(1.67768019837471E-14,22.7427431986243,
-33.444000837528));
#5445=CARTESIAN_POINT('Ctrl Pts',(1.70223682788861E-14,22.8685278900979,
-32.3380685622453));
#5446=CARTESIAN_POINT('Ctrl Pts',(1.72679345740251E-14,22.9943125815715,
-31.2321362869625));
#5447=CARTESIAN_POINT('Ctrl Pts',(1.7514434929859E-14,23.,-30.1219973762821));
#5448=CARTESIAN_POINT('Ctrl Pts',(1.77635683940025E-14,23.,-29.));
#5449=CARTESIAN_POINT('',(-34.,8.00000000000002,-44.));
#5450=CARTESIAN_POINT('',(-21.6,8.00000000000002,-44.));
#5451=CARTESIAN_POINT('',(-33.7436595310774,14.7673451004896,-43.0216205804302));
#5452=CARTESIAN_POINT('Ctrl Pts',(-34.,8.00000000000002,-44.));
#5453=CARTESIAN_POINT('Ctrl Pts',(-34.,8.43257173558507,-44.));
#5454=CARTESIAN_POINT('Ctrl Pts',(-34.0016571515825,9.18338391254449,-44.0050896773174));
#5455=CARTESIAN_POINT('Ctrl Pts',(-33.9683429495083,10.4861489245664,-43.9542722166693));
#5456=CARTESIAN_POINT('Ctrl Pts',(-33.9262928531311,11.5108858873198,-43.8560688816434));
#5457=CARTESIAN_POINT('Ctrl Pts',(-33.8815114534488,12.4345432792564,-43.7166898061638));
#5458=CARTESIAN_POINT('Ctrl Pts',(-33.8393519457953,13.2268577786826,-43.5317433293358));
#5459=CARTESIAN_POINT('Ctrl Pts',(-33.7968861719199,13.9689485217778,-43.3174710133107));
#5460=CARTESIAN_POINT('Ctrl Pts',(-33.771969340207,14.3775830876985,-43.1776818689335));
#5461=CARTESIAN_POINT('Ctrl Pts',(-33.7437246726613,14.7672809109244,-43.0214487096254));
#5462=CARTESIAN_POINT('',(-30.999965884096,18.1015192643092,-41.0337068432392));
#5463=CARTESIAN_POINT('Ctrl Pts',(-33.7436595309816,14.7673451004836,-43.0216205804326));
#5464=CARTESIAN_POINT('Ctrl Pts',(-33.2807554619186,14.8731932112829,-42.9790566790248));
#5465=CARTESIAN_POINT('Ctrl Pts',(-32.4045041440802,15.2827894564127,-42.8130099224059));
#5466=CARTESIAN_POINT('Ctrl Pts',(-31.3171708802361,16.5031162343357,-42.2016981968598));
#5467=CARTESIAN_POINT('Ctrl Pts',(-31.033891107513,17.5294150798446,-41.5026663941547));
#5468=CARTESIAN_POINT('Ctrl Pts',(-30.999965884096,18.1015192643092,-41.0337068432392));
#5469=CARTESIAN_POINT('',(-30.9933889452538,18.3407068123547,-40.8330445915335));
#5470=CARTESIAN_POINT('Ctrl Pts',(-30.999965884096,18.1015192643092,-41.0337068432392));
#5471=CARTESIAN_POINT('Ctrl Pts',(-31.0003084361453,18.1820475885005,-40.9676969664122));
#5472=CARTESIAN_POINT('Ctrl Pts',(-30.9980687493072,18.2618118908234,-40.9007738018552));
#5473=CARTESIAN_POINT('Ctrl Pts',(-30.9933889452539,18.3407068123547,-40.8330445915335));
#5474=CARTESIAN_POINT('',(-31.4622659161042,20.1401590719229,-38.9699988749518));
#5475=CARTESIAN_POINT('Ctrl Pts',(-30.9933889452538,18.3407068123547,-40.8330445915335));
#5476=CARTESIAN_POINT('Ctrl Pts',(-30.996243670954,19.0116031912371,-40.2570977363056));
#5477=CARTESIAN_POINT('Ctrl Pts',(-31.17332376815,19.6205972802506,-39.6201251097543));
#5478=CARTESIAN_POINT('Ctrl Pts',(-31.4622659161042,20.1401590719229,-38.9699988749519));
#5479=CARTESIAN_POINT('',(-32.2352065648832,21.5323419456043,-36.8335338635467));
#5480=CARTESIAN_POINT('Ctrl Pts',(-31.4622659161042,20.1401590719229,-38.9699988749519));
#5481=CARTESIAN_POINT('Ctrl Pts',(-31.7533688430589,20.663606271857,-38.3150108395235));
#5482=CARTESIAN_POINT('Ctrl Pts',(-32.0149206563031,21.1348276637513,-37.6011932022444));
#5483=CARTESIAN_POINT('Ctrl Pts',(-32.2352065648832,21.5323419456042,-36.8335338635467));
#5484=CARTESIAN_POINT('',(-29.,23.,-29.));
#5485=CARTESIAN_POINT('Ctrl Pts',(-32.2352065648832,21.5323419456042,-36.8335338635467));
#5486=CARTESIAN_POINT('Ctrl Pts',(-32.2038999963307,21.6147952507068,-36.6743042394602));
#5487=CARTESIAN_POINT('Ctrl Pts',(-32.0967467262481,21.8908941909787,-36.1179729896786));
#5488=CARTESIAN_POINT('Ctrl Pts',(-31.8696611900273,22.4066702411278,-34.800010605655));
#5489=CARTESIAN_POINT('Ctrl Pts',(-31.5750279620039,22.7222945242365,-33.4215687542553));
#5490=CARTESIAN_POINT('Ctrl Pts',(-31.1971293191766,22.8876309900376,-32.2641131687631));
#5491=CARTESIAN_POINT('Ctrl Pts',(-30.7765756016348,22.9599148859311,-31.3341075719942));
#5492=CARTESIAN_POINT('Ctrl Pts',(-30.2543252298208,22.9911985308651,-30.4763972017824));
#5493=CARTESIAN_POINT('Ctrl Pts',(-29.6942064001227,22.9998023713372,-29.7375258772044));
#5494=CARTESIAN_POINT('Ctrl Pts',(-29.2972605926915,22.9999682052384,-29.3032653717955));
#5495=CARTESIAN_POINT('Ctrl Pts',(-29.0662014828026,22.999999896273,-29.0665843305858));
#5496=CARTESIAN_POINT('Ctrl Pts',(-29.032926864308,23.,-29.0329268659634));
#5497=CARTESIAN_POINT('Ctrl Pts',(-29.,23.,-29.));
#5498=CARTESIAN_POINT('',(-21.6,23.,-29.));
#5499=CARTESIAN_POINT('Ctrl Pts',(-33.2010620841215,-8.00000000000001,-42.));
#5500=CARTESIAN_POINT('Ctrl Pts',(-22.1340413894143,-8.00000000000001,-42.));
#5501=CARTESIAN_POINT('Ctrl Pts',(-11.0670206947072,-8.00000000000001,-42.));
#5502=CARTESIAN_POINT('Ctrl Pts',(4.35473791459976E-15,-8.00000000000001,
-42.));
#5503=CARTESIAN_POINT('Ctrl Pts',(-33.2010620841215,-9.12199737628208,-42.));
#5504=CARTESIAN_POINT('Ctrl Pts',(-22.1340413894143,-9.12199737628208,-42.));
#5505=CARTESIAN_POINT('Ctrl Pts',(-11.0670206947072,-9.12199737628208,-42.));
#5506=CARTESIAN_POINT('Ctrl Pts',(4.35473791459976E-15,-9.12199737628208,
-42.));
#5507=CARTESIAN_POINT('Ctrl Pts',(-33.2010620841215,-11.2346575318349,-41.9831863203713));
#5508=CARTESIAN_POINT('Ctrl Pts',(-22.1340413894143,-11.2346575318349,-41.9831863203713));
#5509=CARTESIAN_POINT('Ctrl Pts',(-11.0670206947071,-11.2346575318349,-41.9831863203713));
#5510=CARTESIAN_POINT('Ctrl Pts',(4.35847130145024E-15,-11.2346575318349,
-41.9831863203713));
#5511=CARTESIAN_POINT('Ctrl Pts',(-33.2010620841215,-14.2085897208059,-41.3130950394573));
#5512=CARTESIAN_POINT('Ctrl Pts',(-22.1340413894143,-14.2085897208059,-41.3130950394573));
#5513=CARTESIAN_POINT('Ctrl Pts',(-11.0670206947072,-14.2085897208059,-41.3130950394573));
#5514=CARTESIAN_POINT('Ctrl Pts',(4.5072614551845E-15,-14.2085897208059,
-41.3130950394573));
#5515=CARTESIAN_POINT('Ctrl Pts',(-33.2010620841215,-17.0603583645326,-39.7236478164269));
#5516=CARTESIAN_POINT('Ctrl Pts',(-22.1340413894143,-17.0603583645326,-39.7236478164269));
#5517=CARTESIAN_POINT('Ctrl Pts',(-11.0670206947071,-17.0603583645326,-39.7236478164269));
#5518=CARTESIAN_POINT('Ctrl Pts',(4.86018963587148E-15,-17.0603583645326,
-39.7236478164269));
#5519=CARTESIAN_POINT('Ctrl Pts',(-33.2010620841215,-19.5259958153619,-37.2593970761463));
#5520=CARTESIAN_POINT('Ctrl Pts',(-22.1340413894143,-19.5259958153619,-37.2593970761463));
#5521=CARTESIAN_POINT('Ctrl Pts',(-11.0670206947072,-19.5259958153619,-37.2593970761463));
#5522=CARTESIAN_POINT('Ctrl Pts',(5.40736321793329E-15,-19.5259958153619,
-37.2593970761463));
#5523=CARTESIAN_POINT('Ctrl Pts',(-33.2010620841215,-21.1116391175732,-34.4102752420046));
#5524=CARTESIAN_POINT('Ctrl Pts',(-22.1340413894143,-21.1116391175732,-34.4102752420046));
#5525=CARTESIAN_POINT('Ctrl Pts',(-11.0670206947071,-21.1116391175732,-34.4102752420046));
#5526=CARTESIAN_POINT('Ctrl Pts',(6.03999534997858E-15,-21.1116391175732,
-34.4102752420046));
#5527=CARTESIAN_POINT('Ctrl Pts',(-33.2010620841215,-21.7839566827794,-31.4341277533378));
#5528=CARTESIAN_POINT('Ctrl Pts',(-22.1340413894143,-21.7839566827794,-31.4341277533378));
#5529=CARTESIAN_POINT('Ctrl Pts',(-11.0670206947072,-21.7839566827794,-31.4341277533378));
#5530=CARTESIAN_POINT('Ctrl Pts',(6.70083284329823E-15,-21.7839566827794,
-31.4341277533378));
#5531=CARTESIAN_POINT('Ctrl Pts',(-33.2010620841215,-21.8,-29.3219973762821));
#5532=CARTESIAN_POINT('Ctrl Pts',(-22.1340413894143,-21.8,-29.3219973762821));
#5533=CARTESIAN_POINT('Ctrl Pts',(-11.0670206947071,-21.8,-29.3219973762821));
#5534=CARTESIAN_POINT('Ctrl Pts',(7.16981999842172E-15,-21.8,-29.3219973762821));
#5535=CARTESIAN_POINT('Ctrl Pts',(-33.2010620841215,-21.8,-28.2));
#5536=CARTESIAN_POINT('Ctrl Pts',(-22.1340413894143,-21.8,-28.2));
#5537=CARTESIAN_POINT('Ctrl Pts',(-11.0670206947072,-21.8,-28.2));
#5538=CARTESIAN_POINT('Ctrl Pts',(7.41895346256519E-15,-21.8,-28.2));
#5539=CARTESIAN_POINT('',(-10.5,-21.8,-28.2));
#5540=CARTESIAN_POINT('',(-6.26165785888588E-15,-21.8,-28.2));
#5541=CARTESIAN_POINT('',(-10.5,-21.7915239066998,-29.5));
#5542=CARTESIAN_POINT('Ctrl Pts',(-10.5,-21.8,-28.2));
#5543=CARTESIAN_POINT('Ctrl Pts',(-10.5,-21.8,-28.6321509824467));
#5544=CARTESIAN_POINT('Ctrl Pts',(-10.5,-21.8000055601725,-29.0649727125854));
#5545=CARTESIAN_POINT('Ctrl Pts',(-10.5,-21.7915239066998,-29.5));
#5546=CARTESIAN_POINT('',(-8.5,-21.664712354215,-31.5));
#5547=CARTESIAN_POINT('Ctrl Pts',(-8.5,-21.664712354215,-31.5));
#5548=CARTESIAN_POINT('Ctrl Pts',(-8.518709364793,-21.664712354215,-31.5));
#5549=CARTESIAN_POINT('Ctrl Pts',(-8.53742149568476,-21.6647440596606,-31.4997374706769));
#5550=CARTESIAN_POINT('Ctrl Pts',(-8.65038761650858,-21.6651268406385,-31.4965657729338));
#5551=CARTESIAN_POINT('Ctrl Pts',(-8.74432453194876,-21.6662539896562,-31.4872577391799));
#5552=CARTESIAN_POINT('Ctrl Pts',(-8.97466515820918,-21.6709331871228,-31.4478523161601));
#5553=CARTESIAN_POINT('Ctrl Pts',(-9.10919090625016,-21.6753816836039,-31.4100514122358));
#5554=CARTESIAN_POINT('Ctrl Pts',(-9.4829522752322,-21.6918738830568,-31.2615077546526));
#5555=CARTESIAN_POINT('Ctrl Pts',(-9.70560445039999,-21.7069858455876,-31.1172504538983));
#5556=CARTESIAN_POINT('Ctrl Pts',(-10.0817836085612,-21.7377209079551,-30.7516288217562));
#5557=CARTESIAN_POINT('Ctrl Pts',(-10.2320169983367,-21.752865639216,-30.5338488672869));
#5558=CARTESIAN_POINT('Ctrl Pts',(-10.4406454089912,-21.7769779040138,-30.0509393994837));
#5559=CARTESIAN_POINT('Ctrl Pts',(-10.4963644925083,-21.7856454100711,-29.7903072934564));
#5560=CARTESIAN_POINT('Ctrl Pts',(-10.4999427010187,-21.7911796196199,-29.5174837064121));
#5561=CARTESIAN_POINT('Ctrl Pts',(-10.5,-21.7913534921129,-29.5087406300813));
#5562=CARTESIAN_POINT('Ctrl Pts',(-10.5,-21.7915239066998,-29.5));
#5563=CARTESIAN_POINT('Ctrl Pts',(-8.5,-21.664712354215,-31.5));
#5564=CARTESIAN_POINT('Ctrl Pts',(-5.66666666666667,-21.664712354215,-31.5));
#5565=CARTESIAN_POINT('Ctrl Pts',(-2.83333333333334,-21.664712354215,-31.5));
#5566=CARTESIAN_POINT('Ctrl Pts',(2.77555756156289E-16,-21.664712354215,
-31.5));
#5567=CARTESIAN_POINT('',(-33.2,-8.00000000000001,-42.));
#5568=CARTESIAN_POINT('',(-9.32587340685131E-15,-8.00000000000001,-42.));
#5569=CARTESIAN_POINT('Ctrl Pts',(-33.1999999999999,-8.00000000000001,-42.0000000000001));
#5570=CARTESIAN_POINT('Ctrl Pts',(-33.1997034216952,-8.43532967238863,-41.998867879808));
#5571=CARTESIAN_POINT('Ctrl Pts',(-33.2008977077697,-8.92792910591095,-42.0028788386814));
#5572=CARTESIAN_POINT('Ctrl Pts',(-33.1826474464051,-9.88116690009764,-41.9761204479676));
#5573=CARTESIAN_POINT('Ctrl Pts',(-33.1730210548086,-10.2350272293295,-41.9628546748912));
#5574=CARTESIAN_POINT('Ctrl Pts',(-33.145219118163,-10.939421524522,-41.9051816092748));
#5575=CARTESIAN_POINT('Ctrl Pts',(-33.1317781874407,-11.2384967218019,-41.8777141878998));
#5576=CARTESIAN_POINT('Ctrl Pts',(-33.1131559206602,-11.6027357334611,-41.8250321607086));
#5577=CARTESIAN_POINT('Origin',(-27.726204547683,19.7871667022692,-28.));
#5578=CARTESIAN_POINT('',(-27.9524090953659,21.7743334045385,-28.));
#5579=CARTESIAN_POINT('',(-27.9524090953659,21.7743334045385,-28.));
#5580=CARTESIAN_POINT('',(-29.6598766023012,19.2763708671368,-28.));
#5581=CARTESIAN_POINT('Origin',(-27.726204547683,19.7871667022692,-28.));
#5582=CARTESIAN_POINT('',(-29.6598766023012,19.2763708671368,-28.));
#5583=CARTESIAN_POINT('Origin',(-27.5000000000001,17.8,28.));
#5584=CARTESIAN_POINT('',(-27.5000000000001,21.8,-28.));
#5585=CARTESIAN_POINT('',(-27.5000000000001,21.8,28.));
#5586=CARTESIAN_POINT('Origin',(-27.5000000000001,17.8,-28.));
#5587=CARTESIAN_POINT('Origin',(-39.3480579516538,12.957573604973,-28.));
#5588=CARTESIAN_POINT('',(-37.9608560468137,14.3982924794271,-28.));
#5589=CARTESIAN_POINT('',(-37.9608560468137,14.3982924794271,-28.));
#5590=CARTESIAN_POINT('',(-40.9717569295246,14.1253071487497,-28.));
#5591=CARTESIAN_POINT('Origin',(-39.3480579516538,12.957573604973,-28.));
#5592=CARTESIAN_POINT('',(-40.9717569295246,14.1253071487497,-28.));
#5593=CARTESIAN_POINT('Origin',(-34.4933548293497,17.9995666946386,-28.));
#5594=CARTESIAN_POINT('Origin',(-34.4933548293497,17.9995666946386,-28.));
#5595=CARTESIAN_POINT('Ctrl Pts',(-31.4924445088615,18.0457373469006,-40.4536658670995));
#5596=CARTESIAN_POINT('Ctrl Pts',(-31.4977928563511,17.958843837081,-40.5189371811707));
#5597=CARTESIAN_POINT('Ctrl Pts',(-31.5003524984517,17.8710046320804,-40.5834227946479));
#5598=CARTESIAN_POINT('Ctrl Pts',(-31.4999610103954,17.7823388755425,-40.6470179800785));
#5599=CARTESIAN_POINT('Ctrl Pts',(-31.4873453750835,18.1285819324255,-40.5505336526188));
#5600=CARTESIAN_POINT('Ctrl Pts',(-31.4945296576927,18.0419070408653,-40.6173036538877));
#5601=CARTESIAN_POINT('Ctrl Pts',(-31.4988353316471,17.954196848385,-40.6832871107698));
#5602=CARTESIAN_POINT('Ctrl Pts',(-31.5003280556164,17.8654687224971,-40.7484336786591));
#5603=CARTESIAN_POINT('Ctrl Pts',(-31.3746471472291,18.2872982227176,-40.7434958196999));
#5604=CARTESIAN_POINT('Ctrl Pts',(-31.3831735509424,18.2031738643737,-40.8131793485304));
#5605=CARTESIAN_POINT('Ctrl Pts',(-31.389115846204,18.1178667280305,-40.8821988575173));
#5606=CARTESIAN_POINT('Ctrl Pts',(-31.3921846188637,18.0314624674333,-40.9503541701333));
#5607=CARTESIAN_POINT('Ctrl Pts',(-31.1208141385613,18.3452221841194,-40.8291682639069));
#5608=CARTESIAN_POINT('Ctrl Pts',(-31.126809464046,18.2648454510285,-40.89827687934));
#5609=CARTESIAN_POINT('Ctrl Pts',(-31.1302678954768,18.1834325040204,-40.966516612049));
#5610=CARTESIAN_POINT('Ctrl Pts',(-31.131098067749,18.1011729621445,-41.0339907106047));
#5611=CARTESIAN_POINT('Ctrl Pts',(-30.9933889452539,18.3407068123547,-40.8330445915335));
#5612=CARTESIAN_POINT('Ctrl Pts',(-30.9980687493072,18.2618118908234,-40.9007738018552));
#5613=CARTESIAN_POINT('Ctrl Pts',(-31.0003084361453,18.1820475885005,-40.9676969664122));
#5614=CARTESIAN_POINT('Ctrl Pts',(-30.999965884096,18.1015192643092,-41.0337068432392));
#5615=CARTESIAN_POINT('',(-31.499577911018,17.8064352283676,-40.6554521812271));
#5616=CARTESIAN_POINT('Ctrl Pts',(-31.4995554495812,17.8064326517456,-40.6554485116285));
#5617=CARTESIAN_POINT('Ctrl Pts',(-31.4984388216426,17.8229271456624,-40.6756126926241));
#5618=CARTESIAN_POINT('Ctrl Pts',(-31.4952117719417,17.8392572680306,-40.6956541527325));
#5619=CARTESIAN_POINT('Ctrl Pts',(-31.490019419256,17.8552892843675,-40.7154076019658));
#5620=CARTESIAN_POINT('Ctrl Pts',(-31.4847181895996,17.8716574715079,-40.7355752556736));
#5621=CARTESIAN_POINT('Ctrl Pts',(-31.4773679935405,17.8877157460618,-40.7554436981217));
#5622=CARTESIAN_POINT('Ctrl Pts',(-31.4680704740788,17.9033175754006,-40.7748307259349));
#5623=CARTESIAN_POINT('Ctrl Pts',(-31.4637546078547,17.9105598735806,-40.7838300960215));
#5624=CARTESIAN_POINT('Ctrl Pts',(-31.4590184387016,17.9177036819102,-40.7927255500978));
#5625=CARTESIAN_POINT('Ctrl Pts',(-31.4538687367522,17.9247332636138,-40.8014974652374));
#5626=CARTESIAN_POINT('Ctrl Pts',(-31.4427858686787,17.9398618919105,-40.8203758351307));
#5627=CARTESIAN_POINT('Ctrl Pts',(-31.4298764390099,17.9543453337569,-40.8385371071731));
#5628=CARTESIAN_POINT('Ctrl Pts',(-31.4152591223403,17.9680442814793,-40.8558046313456));
#5629=CARTESIAN_POINT('Ctrl Pts',(-31.4008882465654,17.9815122715637,-40.8727810334058));
#5630=CARTESIAN_POINT('Ctrl Pts',(-31.3848659251354,17.9942227321696,-40.8888944596337));
#5631=CARTESIAN_POINT('Ctrl Pts',(-31.3672626022115,18.006027554828,-40.9039570198867));
#5632=CARTESIAN_POINT('Ctrl Pts',(-31.3628611522918,18.0089791757217,-40.9077231897686));
#5633=CARTESIAN_POINT('Ctrl Pts',(-31.3583606787015,18.0118740701946,-40.9114235262611));
#5634=CARTESIAN_POINT('Ctrl Pts',(-31.3537619311578,18.0147096830964,-40.9150547918899));
#5635=CARTESIAN_POINT('Ctrl Pts',(-31.34967894684,18.0172272735707,-40.9182788002694));
#5636=CARTESIAN_POINT('Ctrl Pts',(-31.3455184923058,18.0196981320061,-40.9214483594277));
#5637=CARTESIAN_POINT('Ctrl Pts',(-31.3412828709589,18.0221215687027,-40.9245625468913));
#5638=CARTESIAN_POINT('Ctrl Pts',(-31.3222376139749,18.0330184291377,-40.9385653331848));
#5639=CARTESIAN_POINT('Ctrl Pts',(-31.3018197935873,18.0428759265219,-40.951345005704));
#5640=CARTESIAN_POINT('Ctrl Pts',(-31.280280150202,18.0516624500686,-40.9628543962616));
#5641=CARTESIAN_POINT('Ctrl Pts',(-31.2583155355515,18.0606223293188,-40.9745908639429));
#5642=CARTESIAN_POINT('Ctrl Pts',(-31.2351832160875,18.0684689916642,-40.9850069485211));
#5643=CARTESIAN_POINT('Ctrl Pts',(-31.2111164980096,18.0751422994006,-40.9940200872379));
#5644=CARTESIAN_POINT('Ctrl Pts',(-31.1998981066328,18.0782529760506,-40.9982214460328));
#5645=CARTESIAN_POINT('Ctrl Pts',(-31.18847634024,18.0811082880841,-41.002117462793));
#5646=CARTESIAN_POINT('Ctrl Pts',(-31.1768736042621,18.0836998053729,-41.0056969267365));
#5647=CARTESIAN_POINT('Ctrl Pts',(-31.1520023417122,18.0892549009137,-41.013369753878));
#5648=CARTESIAN_POINT('Ctrl Pts',(-31.1264841043738,18.093558892985,-41.0195339650326));
#5649=CARTESIAN_POINT('Ctrl Pts',(-31.1005571786698,18.0965605936805,-41.0241173607699));
#5650=CARTESIAN_POINT('Ctrl Pts',(-31.0751776449092,18.0994989198443,-41.0286039878455));
#5651=CARTESIAN_POINT('Ctrl Pts',(-31.0494052388014,18.1011895875345,-41.0315761110996));
#5652=CARTESIAN_POINT('Ctrl Pts',(-31.0234522165729,18.101554105967,-41.0329292697176));
#5653=CARTESIAN_POINT('Ctrl Pts',(-31.0168215356191,18.101647235985,-41.033274985257));
#5654=CARTESIAN_POINT('Ctrl Pts',(-31.0101790598304,18.1016536353098,-41.0335148225982));
#5655=CARTESIAN_POINT('Ctrl Pts',(-31.0035283572791,18.1015716383317,-41.0336466102386));
#5656=CARTESIAN_POINT('Ctrl Pts',(-31.002340932167,18.1015569984843,-41.0336701397759));
#5657=CARTESIAN_POINT('Ctrl Pts',(-31.0011534342962,18.1015395428911,-41.0336902206818));
#5658=CARTESIAN_POINT('Ctrl Pts',(-30.999965884096,18.1015192643092,-41.0337068432392));
#5659=CARTESIAN_POINT('',(-31.5000000000001,17.7999999999952,-40.6343309808075));
#5660=CARTESIAN_POINT('Ctrl Pts',(-31.500000008143,17.799999974618,-40.6343309869069));
#5661=CARTESIAN_POINT('Ctrl Pts',(-31.4999998069485,17.8000000678634,-40.6390866817977));
#5662=CARTESIAN_POINT('Ctrl Pts',(-31.4999540597897,17.8006392086616,-40.6439232109957));
#5663=CARTESIAN_POINT('Ctrl Pts',(-31.499835226025,17.8023509408737,-40.6483497697726));
#5664=CARTESIAN_POINT('Ctrl Pts',(-31.4997659654501,17.8033485997243,-40.6509297267954));
#5665=CARTESIAN_POINT('Ctrl Pts',(-31.4996732626946,17.8046923206263,-40.6533210542567));
#5666=CARTESIAN_POINT('Ctrl Pts',(-31.4995554495812,17.8064326517456,-40.6554485116285));
#5667=CARTESIAN_POINT('',(-31.4934905923723,18.0281071867218,-40.46688852536));
#5668=CARTESIAN_POINT('Ctrl Pts',(-31.4934906013087,18.028107161357,-40.4668885316776));
#5669=CARTESIAN_POINT('Ctrl Pts',(-31.4977951111723,17.9527488015431,-40.5233198769824));
#5670=CARTESIAN_POINT('Ctrl Pts',(-31.5000000740489,17.8766872812322,-40.5791566994053));
#5671=CARTESIAN_POINT('Ctrl Pts',(-31.500000008143,17.7999999746181,-40.6343309869068));
#5672=CARTESIAN_POINT('',(-31.4930718588534,18.0353234583154,-40.4614812569433));
#5673=CARTESIAN_POINT('Ctrl Pts',(-31.4930718621666,18.0353234489423,-40.4614812592888));
#5674=CARTESIAN_POINT('Ctrl Pts',(-31.493213580051,18.0329187382888,-40.4632842880504));
#5675=CARTESIAN_POINT('Ctrl Pts',(-31.4933531609096,18.0305133082541,-40.465086712918));
#5676=CARTESIAN_POINT('Ctrl Pts',(-31.4934906013087,18.0281071613569,-40.4668885316776));
#5677=CARTESIAN_POINT('Ctrl Pts',(-30.9933889452538,18.3407068123547,-40.8330445915335));
#5678=CARTESIAN_POINT('Ctrl Pts',(-30.9945731982837,18.340726277732,-40.8330278810202));
#5679=CARTESIAN_POINT('Ctrl Pts',(-30.9957574040239,18.3407428520252,-40.8330078189212));
#5680=CARTESIAN_POINT('Ctrl Pts',(-30.9969415420623,18.3407565425554,-40.832984414278));
#5681=CARTESIAN_POINT('Ctrl Pts',(-31.0229663895164,18.3410574314305,-40.8324700297645));
#5682=CARTESIAN_POINT('Ctrl Pts',(-31.0488676434326,18.3399672520676,-40.8303462493278));
#5683=CARTESIAN_POINT('Ctrl Pts',(-31.0744317771352,18.3375739920191,-40.8267216174663));
#5684=CARTESIAN_POINT('Ctrl Pts',(-31.1005885583291,18.3351252495678,-40.8230129565895));
#5685=CARTESIAN_POINT('Ctrl Pts',(-31.1263937141381,18.3313121278633,-40.8177327460618));
#5686=CARTESIAN_POINT('Ctrl Pts',(-31.1516112771401,18.3261944750204,-40.8109572005129));
#5687=CARTESIAN_POINT('Ctrl Pts',(-31.1575726629415,18.3249846712422,-40.8093554739294));
#5688=CARTESIAN_POINT('Ctrl Pts',(-31.163501130151,18.3237018236077,-40.8076700209805));
#5689=CARTESIAN_POINT('Ctrl Pts',(-31.1693933771953,18.3223464675417,-40.8059015604879));
#5690=CARTESIAN_POINT('Ctrl Pts',(-31.1942882454018,18.3166200595379,-40.7984297775568));
#5691=CARTESIAN_POINT('Ctrl Pts',(-31.2183639214079,18.3096418716447,-40.7895314122329));
#5692=CARTESIAN_POINT('Ctrl Pts',(-31.2413929954248,18.3014851192631,-40.7792981684269));
#5693=CARTESIAN_POINT('Ctrl Pts',(-31.2640983997343,18.293443008645,-40.7692087511173));
#5694=CARTESIAN_POINT('Ctrl Pts',(-31.2857876088877,18.2842548596355,-40.7578211937525));
#5695=CARTESIAN_POINT('Ctrl Pts',(-31.3062188295445,18.2739617140706,-40.7451910318545));
#5696=CARTESIAN_POINT('Ctrl Pts',(-31.311023525507,18.2715411325611,-40.7422208672766));
#5697=CARTESIAN_POINT('Ctrl Pts',(-31.3157585025918,18.2690593271301,-40.7391818600381));
#5698=CARTESIAN_POINT('Ctrl Pts',(-31.3204203108803,18.2665166258461,-40.7360745140004));
#5699=CARTESIAN_POINT('Ctrl Pts',(-31.3271089589186,18.2628684204924,-40.7316161702217));
#5700=CARTESIAN_POINT('Ctrl Pts',(-31.3336306559369,18.2591037772161,-40.7270280551629));
#5701=CARTESIAN_POINT('Ctrl Pts',(-31.3399771808716,18.2552251553503,-40.7223133039605));
#5702=CARTESIAN_POINT('Ctrl Pts',(-31.3587650998034,18.2437430869849,-40.7083560022421));
#5703=CARTESIAN_POINT('Ctrl Pts',(-31.376020552566,18.2312641729521,-40.6932910289414));
#5704=CARTESIAN_POINT('Ctrl Pts',(-31.3916706704657,18.2179480838234,-40.6773020443845));
#5705=CARTESIAN_POINT('Ctrl Pts',(-31.4075816142613,18.204410067876,-40.6610465863578));
#5706=CARTESIAN_POINT('Ctrl Pts',(-31.4218339808127,18.1900059973656,-40.6438351424546));
#5707=CARTESIAN_POINT('Ctrl Pts',(-31.4343088415815,18.1748817484081,-40.6258387800429));
#5708=CARTESIAN_POINT('Ctrl Pts',(-31.4359063830032,18.1729449240516,-40.6235341503621));
#5709=CARTESIAN_POINT('Ctrl Pts',(-31.4374747092897,18.1709962690652,-40.6212166304708));
#5710=CARTESIAN_POINT('Ctrl Pts',(-31.4390135119047,18.1690360742947,-40.6188865664755));
#5711=CARTESIAN_POINT('Ctrl Pts',(-31.4510145936752,18.1537485660088,-40.6007144576772));
#5712=CARTESIAN_POINT('Ctrl Pts',(-31.4611310195909,18.1378787183381,-40.5819210897956));
#5713=CARTESIAN_POINT('Ctrl Pts',(-31.4692769899456,18.1215828770928,-40.5626901938833));
#5714=CARTESIAN_POINT('Ctrl Pts',(-31.4772983534694,18.1055363091746,-40.5437534680808));
#5715=CARTESIAN_POINT('Ctrl Pts',(-31.4834095269268,18.0890758670393,-40.5243915175687));
#5716=CARTESIAN_POINT('Ctrl Pts',(-31.4874826353743,18.0723374154855,-40.5047681733062));
#5717=CARTESIAN_POINT('Ctrl Pts',(-31.4893952162652,18.0644776584971,-40.4955537775356));
#5718=CARTESIAN_POINT('Ctrl Pts',(-31.4908577209011,18.0565564841583,-40.4862816694971));
#5719=CARTESIAN_POINT('Ctrl Pts',(-31.4918528928213,18.0485876764356,-40.4769688289205));
#5720=CARTESIAN_POINT('Ctrl Pts',(-31.4924039324802,18.0441752437689,-40.4718121877504));
#5721=CARTESIAN_POINT('Ctrl Pts',(-31.4928110364392,18.039753035526,-40.4666486857219));
#5722=CARTESIAN_POINT('Ctrl Pts',(-31.4930718621666,18.0353234489423,-40.4614812592888));
#5723=CARTESIAN_POINT('Ctrl Pts',(-33.3585750800436,22.0340705134397,-31.));
#5724=CARTESIAN_POINT('Ctrl Pts',(-33.3585750800436,22.0340705134397,-31.1442764205125));
#5725=CARTESIAN_POINT('Ctrl Pts',(-33.3585750800436,22.0340705134397,-31.2885528410251));
#5726=CARTESIAN_POINT('Ctrl Pts',(-33.3585750800436,22.0340705134397,-31.4328292615376));
#5727=CARTESIAN_POINT('Ctrl Pts',(-33.4046848759063,22.1139350226006,-31.));
#5728=CARTESIAN_POINT('Ctrl Pts',(-33.4046848759063,22.1139350226006,-31.1442764205125));
#5729=CARTESIAN_POINT('Ctrl Pts',(-33.4046848759063,22.1139350226006,-31.2885528410251));
#5730=CARTESIAN_POINT('Ctrl Pts',(-33.4046848759063,22.1139350226006,-31.4328292615376));
#5731=CARTESIAN_POINT('Ctrl Pts',(-33.4511968215972,22.2992474236633,-31.));
#5732=CARTESIAN_POINT('Ctrl Pts',(-33.4511968215972,22.2992474236633,-31.1442764205126));
#5733=CARTESIAN_POINT('Ctrl Pts',(-33.4511968215972,22.2992474236633,-31.2885528410251));
#5734=CARTESIAN_POINT('Ctrl Pts',(-33.4511968215972,22.2992474236633,-31.4328292615376));
#5735=CARTESIAN_POINT('Ctrl Pts',(-33.3505130690567,22.6197856088289,-31.));
#5736=CARTESIAN_POINT('Ctrl Pts',(-33.3505130690567,22.6197856088289,-31.1442764205125));
#5737=CARTESIAN_POINT('Ctrl Pts',(-33.3505130690567,22.6197856088289,-31.2885528410251));
#5738=CARTESIAN_POINT('Ctrl Pts',(-33.3505130690567,22.6197856088289,-31.4328292615376));
#5739=CARTESIAN_POINT('Ctrl Pts',(-33.1407383333108,22.7561238237679,-31.));
#5740=CARTESIAN_POINT('Ctrl Pts',(-33.1407383333108,22.7561238237679,-31.1442764205125));
#5741=CARTESIAN_POINT('Ctrl Pts',(-33.1407383333108,22.7561238237679,-31.2885528410251));
#5742=CARTESIAN_POINT('Ctrl Pts',(-33.1407383333108,22.7561238237679,-31.4328292615376));
#5743=CARTESIAN_POINT('Ctrl Pts',(-33.0041272790258,22.7778594930157,-31.));
#5744=CARTESIAN_POINT('Ctrl Pts',(-33.0041272790258,22.7778594930157,-31.1442764205125));
#5745=CARTESIAN_POINT('Ctrl Pts',(-33.0041272790258,22.7778594930157,-31.2885528410251));
#5746=CARTESIAN_POINT('Ctrl Pts',(-33.0041272790258,22.7778594930157,-31.4328292615376));
#5747=CARTESIAN_POINT('',(-33.0041272790258,22.7778594930157,-31.));
#5748=CARTESIAN_POINT('',(-33.3585750800436,22.0340705134397,-31.));
#5749=CARTESIAN_POINT('Ctrl Pts',(-33.3585750800436,22.0340705134397,-31.));
#5750=CARTESIAN_POINT('Ctrl Pts',(-33.4046848759063,22.1139350226006,-31.));
#5751=CARTESIAN_POINT('Ctrl Pts',(-33.4279408487517,22.2065912231319,-31.));
#5752=CARTESIAN_POINT('Ctrl Pts',(-33.4251854419544,22.298710492707,-31.));
#5753=CARTESIAN_POINT('Ctrl Pts',(-33.4224300351571,22.390829762282,-31.));
#5754=CARTESIAN_POINT('Ctrl Pts',(-33.3936632487169,22.4824121009007,-31.));
#5755=CARTESIAN_POINT('Ctrl Pts',(-33.3428392191335,22.5591756184622,-31.));
#5756=CARTESIAN_POINT('Ctrl Pts',(-33.2666031747584,22.6743208948045,-31.));
#5757=CARTESIAN_POINT('Ctrl Pts',(-33.1407383333108,22.7561238237679,-31.));
#5758=CARTESIAN_POINT('Ctrl Pts',(-33.0041272790258,22.7778594930157,-31.));
#5759=CARTESIAN_POINT('',(-33.0041272790258,22.7778594930156,-31.4328292615376));
#5760=CARTESIAN_POINT('Ctrl Pts',(-33.0041272790258,22.7778594930157,-31.4328292615376));
#5761=CARTESIAN_POINT('Ctrl Pts',(-33.0041272790258,22.7778594930157,-31.2885528410251));
#5762=CARTESIAN_POINT('Ctrl Pts',(-33.0041272790258,22.7778594930157,-31.1442764205125));
#5763=CARTESIAN_POINT('Ctrl Pts',(-33.0041272790258,22.7778594930157,-31.));
#5764=CARTESIAN_POINT('',(-33.3585750800436,22.0340705134397,-31.4328292615376));
#5765=CARTESIAN_POINT('Origin',(-32.9255623781514,22.2840705134398,-31.4328292615376));
#5766=CARTESIAN_POINT('Ctrl Pts',(-33.3585750800436,22.0340705134397,-31.));
#5767=CARTESIAN_POINT('Ctrl Pts',(-33.3585750800436,22.0340705134397,-31.1442764205125));
#5768=CARTESIAN_POINT('Ctrl Pts',(-33.3585750800436,22.0340705134397,-31.2885528410251));
#5769=CARTESIAN_POINT('Ctrl Pts',(-33.3585750800436,22.0340705134397,-31.4328292615376));
#5770=CARTESIAN_POINT('Ctrl Pts',(-33.3585750800436,22.0340705134397,-31.4328292616052));
#5771=CARTESIAN_POINT('Ctrl Pts',(-33.3585750800436,22.0340705134397,-31.6137636142163));
#5772=CARTESIAN_POINT('Ctrl Pts',(-33.3583388751007,22.0336613944777,-31.79471327501));
#5773=CARTESIAN_POINT('Ctrl Pts',(-33.3465570321126,22.0132546438156,-32.7046804432111));
#5774=CARTESIAN_POINT('Ctrl Pts',(-33.2965470710238,21.9266348503251,-33.432176317181));
#5775=CARTESIAN_POINT('Ctrl Pts',(-33.1179291615229,21.6172595559279,-34.7441352935006));
#5776=CARTESIAN_POINT('Ctrl Pts',(-33.0032497735474,21.4186290293734,-35.3342613339965));
#5777=CARTESIAN_POINT('Ctrl Pts',(-32.8019662828325,21.0699957967305,-36.1377315876405));
#5778=CARTESIAN_POINT('Ctrl Pts',(-32.7371311705694,20.9576980881764,-36.3731176330328));
#5779=CARTESIAN_POINT('Ctrl Pts',(-32.6682192667754,20.8383391695589,-36.6036174986136));
#5780=CARTESIAN_POINT('Ctrl Pts',(-33.4046848759063,22.1139350226006,-31.4328292616052));
#5781=CARTESIAN_POINT('Ctrl Pts',(-33.4046966915987,22.1139554879802,-31.6138534608382));
#5782=CARTESIAN_POINT('Ctrl Pts',(-33.4045186879504,22.1136471766174,-31.7956783356931));
#5783=CARTESIAN_POINT('Ctrl Pts',(-33.3933735744887,22.0943432738456,-32.713304249477));
#5784=CARTESIAN_POINT('Ctrl Pts',(-33.343627889962,22.0081812207881,-33.4498079318184));
#5785=CARTESIAN_POINT('Ctrl Pts',(-33.163860504032,21.6968149748136,-34.7760087079418));
#5786=CARTESIAN_POINT('Ctrl Pts',(-33.0481401215796,21.4963813929347,-35.3726032139077));
#5787=CARTESIAN_POINT('Ctrl Pts',(-32.8448191632703,21.1442191628995,-36.1834895890092));
#5788=CARTESIAN_POINT('Ctrl Pts',(-32.7793312840135,21.0307908287467,-36.4209529773584));
#5789=CARTESIAN_POINT('Ctrl Pts',(-32.7097200328384,20.910220604933,-36.6532469730794));
#5790=CARTESIAN_POINT('Ctrl Pts',(-33.4511708450418,22.2993127906405,-31.4328292616052));
#5791=CARTESIAN_POINT('Ctrl Pts',(-33.4512314015364,22.2993554261067,-31.6138568782992));
#5792=CARTESIAN_POINT('Ctrl Pts',(-33.4509473209452,22.2993835454746,-31.7977687896732));
#5793=CARTESIAN_POINT('Ctrl Pts',(-33.4399037520285,22.2828759908578,-32.7297264090608));
#5794=CARTESIAN_POINT('Ctrl Pts',(-33.3887742952776,22.1987143765004,-33.4847933410261));
#5795=CARTESIAN_POINT('Ctrl Pts',(-33.2049540734716,21.884346339816,-34.8395026267698));
#5796=CARTESIAN_POINT('Ctrl Pts',(-33.0868084113018,21.6805188007672,-35.4488544334137));
#5797=CARTESIAN_POINT('Ctrl Pts',(-32.8796744008711,21.321197846879,-36.2746514001475));
#5798=CARTESIAN_POINT('Ctrl Pts',(-32.8130787149445,21.2054098422496,-36.5161977549925));
#5799=CARTESIAN_POINT('Ctrl Pts',(-32.7423517320203,21.0822744356749,-36.7520967994712));
#5800=CARTESIAN_POINT('Ctrl Pts',(-33.3505630333566,22.6198331704236,-31.4328292616052));
#5801=CARTESIAN_POINT('Ctrl Pts',(-33.3505666881869,22.6199355400263,-31.6140792951725));
#5802=CARTESIAN_POINT('Ctrl Pts',(-33.3497361262832,22.620313349096,-31.8001444944371));
#5803=CARTESIAN_POINT('Ctrl Pts',(-33.332876944653,22.6075093344938,-32.7508851025451));
#5804=CARTESIAN_POINT('Ctrl Pts',(-33.2732958681436,22.5255950083214,-33.5271953193988));
#5805=CARTESIAN_POINT('Ctrl Pts',(-33.078054011894,22.2076341461433,-34.9147163422122));
#5806=CARTESIAN_POINT('Ctrl Pts',(-32.9553990334178,21.9998727807024,-35.5389044339709));
#5807=CARTESIAN_POINT('Ctrl Pts',(-32.7449630849411,21.6320328638743,-36.382394723521));
#5808=CARTESIAN_POINT('Ctrl Pts',(-32.6776831468384,21.5134407986716,-36.629013187564));
#5809=CARTESIAN_POINT('Ctrl Pts',(-32.6067477452766,21.3871980591817,-36.8694531589033));
#5810=CARTESIAN_POINT('Ctrl Pts',(-33.1407383333108,22.7561238237679,-31.4328292616052));
#5811=CARTESIAN_POINT('Ctrl Pts',(-33.1407763303905,22.7561707644685,-31.613800718391));
#5812=CARTESIAN_POINT('Ctrl Pts',(-33.1390658784967,22.75638581573,-31.8005592874586));
#5813=CARTESIAN_POINT('Ctrl Pts',(-33.1161024833961,22.7409081056536,-32.7506322793769));
#5814=CARTESIAN_POINT('Ctrl Pts',(-33.0478498198659,22.6556762196526,-33.527343899862));
#5815=CARTESIAN_POINT('Ctrl Pts',(-32.8448529454528,22.3345249767128,-34.9125884509877));
#5816=CARTESIAN_POINT('Ctrl Pts',(-32.7206808500867,22.1261796518811,-35.5352950474141));
#5817=CARTESIAN_POINT('Ctrl Pts',(-32.5115494131222,21.7591728910974,-36.3788946835834));
#5818=CARTESIAN_POINT('Ctrl Pts',(-32.4451048812714,21.640938634385,-36.62561500406));
#5819=CARTESIAN_POINT('Ctrl Pts',(-32.3754109790288,21.5152260030601,-36.8665873002015));
#5820=CARTESIAN_POINT('Ctrl Pts',(-33.0041272790258,22.7778594930157,-31.4328292616052));
#5821=CARTESIAN_POINT('Ctrl Pts',(-33.0041272793062,22.7778594929711,-31.6137636133058));
#5822=CARTESIAN_POINT('Ctrl Pts',(-33.0021772580011,22.7777387338026,-31.800029075006));
#5823=CARTESIAN_POINT('Ctrl Pts',(-32.976536952239,22.7586139372908,-32.745917791825));
#5824=CARTESIAN_POINT('Ctrl Pts',(-32.9056056021222,22.6692552902623,-33.516495380145));
#5825=CARTESIAN_POINT('Ctrl Pts',(-32.7012630771656,22.3457777209276,-34.8911640490907));
#5826=CARTESIAN_POINT('Ctrl Pts',(-32.5773529736723,22.137839354447,-35.5090061927911));
#5827=CARTESIAN_POINT('Ctrl Pts',(-32.3699423299398,21.7738346346221,-36.3478508808113));
#5828=CARTESIAN_POINT('Ctrl Pts',(-32.3041184806694,21.6566960922008,-36.5933874680621));
#5829=CARTESIAN_POINT('Ctrl Pts',(-32.2352065648832,21.5323419456042,-36.8335338635467));
#5830=CARTESIAN_POINT('',(-32.6682192667754,20.8383391695589,-36.6036174986136));
#5831=CARTESIAN_POINT('Origin',(-32.2352065648832,21.088339169559,-36.6036174986136));
#5832=CARTESIAN_POINT('Ctrl Pts',(-33.3585750800436,22.0340705134397,-31.4328292616052));
#5833=CARTESIAN_POINT('Ctrl Pts',(-33.3585750800436,22.0340705134397,-31.6137636142163));
#5834=CARTESIAN_POINT('Ctrl Pts',(-33.3583388751007,22.0336613944777,-31.79471327501));
#5835=CARTESIAN_POINT('Ctrl Pts',(-33.3465570321126,22.0132546438156,-32.7046804432111));
#5836=CARTESIAN_POINT('Ctrl Pts',(-33.2965470710238,21.9266348503251,-33.432176317181));
#5837=CARTESIAN_POINT('Ctrl Pts',(-33.1179291615229,21.6172595559279,-34.7441352935006));
#5838=CARTESIAN_POINT('Ctrl Pts',(-33.0032497735474,21.4186290293734,-35.3342613339965));
#5839=CARTESIAN_POINT('Ctrl Pts',(-32.8019662828325,21.0699957967305,-36.1377315876405));
#5840=CARTESIAN_POINT('Ctrl Pts',(-32.7371311705694,20.9576980881764,-36.3731176330328));
#5841=CARTESIAN_POINT('Ctrl Pts',(-32.6682192667754,20.8383391695589,-36.6036174986136));
#5842=CARTESIAN_POINT('Ctrl Pts',(-32.2352065648832,21.5323419456042,-36.8335338635467));
#5843=CARTESIAN_POINT('Ctrl Pts',(-32.3041184806694,21.6566960922008,-36.5933874680621));
#5844=CARTESIAN_POINT('Ctrl Pts',(-32.3699423299398,21.7738346346221,-36.3478508808113));
#5845=CARTESIAN_POINT('Ctrl Pts',(-32.5773529736723,22.137839354447,-35.5090061927911));
#5846=CARTESIAN_POINT('Ctrl Pts',(-32.7012630771656,22.3457777209276,-34.8911640490907));
#5847=CARTESIAN_POINT('Ctrl Pts',(-32.9056056021222,22.6692552902623,-33.516495380145));
#5848=CARTESIAN_POINT('Ctrl Pts',(-32.976536952239,22.7586139372908,-32.745917791825));
#5849=CARTESIAN_POINT('Ctrl Pts',(-33.0021772580011,22.7777387338026,-31.800029075006));
#5850=CARTESIAN_POINT('Ctrl Pts',(-33.0041272793062,22.7778594929711,-31.6137636133058));
#5851=CARTESIAN_POINT('Ctrl Pts',(-33.0041272790258,22.7778594930157,-31.4328292616052));
#5852=CARTESIAN_POINT('Ctrl Pts',(-32.6682192667754,20.8383391695589,-36.6036174986136));
#5853=CARTESIAN_POINT('Ctrl Pts',(-32.4479333581953,20.4567927837067,-37.3404404496795));
#5854=CARTESIAN_POINT('Ctrl Pts',(-32.1863815449511,20.003771754356,-38.0269385207845));
#5855=CARTESIAN_POINT('Ctrl Pts',(-31.8952786179964,19.4995666946386,-38.6578489193097));
#5856=CARTESIAN_POINT('Ctrl Pts',(-32.7097200328384,20.910220604933,-36.6532469730794));
#5857=CARTESIAN_POINT('Ctrl Pts',(-32.4872043909317,20.5248218587747,-37.3958566732419));
#5858=CARTESIAN_POINT('Ctrl Pts',(-32.2232671255399,20.0676486584923,-38.0869499321708));
#5859=CARTESIAN_POINT('Ctrl Pts',(-31.9297853519524,19.5593341110536,-38.7215347376302));
#5860=CARTESIAN_POINT('Ctrl Pts',(-32.7423910007647,21.0821990560745,-36.7520695059905));
#5861=CARTESIAN_POINT('Ctrl Pts',(-32.5163456763728,20.6886039279198,-37.5062241222356));
#5862=CARTESIAN_POINT('Ctrl Pts',(-32.2486427997388,20.2226595677883,-38.2064719008711));
#5863=CARTESIAN_POINT('Ctrl Pts',(-31.9514563849551,19.7055623191441,-38.8483950710736));
#5864=CARTESIAN_POINT('Ctrl Pts',(-32.6066930141995,21.3871439613703,-36.8694087828297));
#5865=CARTESIAN_POINT('Ctrl Pts',(-32.3799465707595,20.983704235335,-37.6381693245047));
#5866=CARTESIAN_POINT('Ctrl Pts',(-32.1114919996789,20.5067601623236,-38.3507356966899));
#5867=CARTESIAN_POINT('Ctrl Pts',(-31.8136296294585,19.9785547483721,-39.0029691474742));
#5868=CARTESIAN_POINT('Ctrl Pts',(-32.3754109790288,21.5152260030601,-36.8665873002015));
#5869=CARTESIAN_POINT('Ctrl Pts',(-32.1526297766062,21.113312282217,-37.6369848748865));
#5870=CARTESIAN_POINT('Ctrl Pts',(-31.8884920985028,20.6379128835819,-38.3519840185865));
#5871=CARTESIAN_POINT('Ctrl Pts',(-31.594782841534,20.1103397838773,-39.0073116677175));
#5872=CARTESIAN_POINT('Ctrl Pts',(-32.2352065648832,21.5323419456042,-36.8335338635467));
#5873=CARTESIAN_POINT('Ctrl Pts',(-32.0149206563031,21.1348276637513,-37.6011932022444));
#5874=CARTESIAN_POINT('Ctrl Pts',(-31.7533688430589,20.663606271857,-38.3150108395235));
#5875=CARTESIAN_POINT('Ctrl Pts',(-31.4622659161042,20.1401590719229,-38.9699988749519));
#5876=CARTESIAN_POINT('',(-31.8952786179964,19.4995666946386,-38.6578489193097));
#5877=CARTESIAN_POINT('Origin',(-31.4622659161042,19.7495666946386,-38.6578489193097));
#5878=CARTESIAN_POINT('Ctrl Pts',(-32.6682192667754,20.8383391695589,-36.6036174986136));
#5879=CARTESIAN_POINT('Ctrl Pts',(-32.4479333581953,20.4567927837067,-37.3404404496795));
#5880=CARTESIAN_POINT('Ctrl Pts',(-32.1863815449511,20.003771754356,-38.0269385207845));
#5881=CARTESIAN_POINT('Ctrl Pts',(-31.8952786179964,19.4995666946386,-38.6578489193097));
#5882=CARTESIAN_POINT('Ctrl Pts',(-31.8952786179964,19.4995666946386,-38.6578489193097));
#5883=CARTESIAN_POINT('Ctrl Pts',(-31.64761391975,19.0705988540345,-39.2840762390541));
#5884=CARTESIAN_POINT('Ctrl Pts',(-31.4958309792962,18.5669978387085,-39.8986201505279));
#5885=CARTESIAN_POINT('Ctrl Pts',(-31.4933840715532,18.0128125379809,-40.4536658670995));
#5886=CARTESIAN_POINT('Ctrl Pts',(-31.9297853519524,19.5593341110537,-38.7215347376302));
#5887=CARTESIAN_POINT('Ctrl Pts',(-31.6692560567535,19.1309651769141,-39.3442000429453));
#5888=CARTESIAN_POINT('Ctrl Pts',(-31.5051207360204,18.6231270215609,-39.9567280916207));
#5889=CARTESIAN_POINT('Ctrl Pts',(-31.4935995882226,18.0616236018819,-40.5105249403494));
#5890=CARTESIAN_POINT('Ctrl Pts',(-31.9514564200496,19.7055623484706,-38.8483951107031));
#5891=CARTESIAN_POINT('Ctrl Pts',(-31.6678131583149,19.2665608335884,-39.4640276609811));
#5892=CARTESIAN_POINT('Ctrl Pts',(-31.4839536257161,18.7416968061054,-40.0726834874473));
#5893=CARTESIAN_POINT('Ctrl Pts',(-31.4596787091738,18.1592119909714,-40.6240271063779));
#5894=CARTESIAN_POINT('Ctrl Pts',(-31.8136296813024,19.9785548188487,-39.0029692277178));
#5895=CARTESIAN_POINT('Ctrl Pts',(-31.512240616889,19.4964708208606,-39.6196097586253));
#5896=CARTESIAN_POINT('Ctrl Pts',(-31.3178503788095,18.9261328557569,-40.2299521393952));
#5897=CARTESIAN_POINT('Ctrl Pts',(-31.2924313839199,18.2970549662705,-40.7837344264927));
#5898=CARTESIAN_POINT('Ctrl Pts',(-31.594782841534,20.1103397838773,-39.0073116677175));
#5899=CARTESIAN_POINT('Ctrl Pts',(-31.3007964585706,19.5983821868883,-39.6426025569312));
#5900=CARTESIAN_POINT('Ctrl Pts',(-31.1172609092094,18.9994957096266,-40.2677484330206));
#5901=CARTESIAN_POINT('Ctrl Pts',(-31.1057934806687,18.340421084643,-40.8332898812417));
#5902=CARTESIAN_POINT('Ctrl Pts',(-31.4622659161042,20.1401590719229,-38.9699988749519));
#5903=CARTESIAN_POINT('Ctrl Pts',(-31.17332376815,19.6205972802506,-39.6201251097543));
#5904=CARTESIAN_POINT('Ctrl Pts',(-30.996243670954,19.0116031912371,-40.2570977363056));
#5905=CARTESIAN_POINT('Ctrl Pts',(-30.9933889452538,18.3407068123547,-40.8330445915335));
#5906=CARTESIAN_POINT('',(-31.4934905923701,18.0281071867607,-40.4383199880691));
#5907=CARTESIAN_POINT('Ctrl Pts',(-31.493489585867,18.0281060470514,-40.438320620302));
#5908=CARTESIAN_POINT('Ctrl Pts',(-31.4934898189743,18.0281062787264,-40.4418189603555));
#5909=CARTESIAN_POINT('Ctrl Pts',(-31.4934728234394,18.0284016919298,-40.4453728623455));
#5910=CARTESIAN_POINT('Ctrl Pts',(-31.4934278147901,18.0291730243443,-40.4487892184504));
#5911=CARTESIAN_POINT('Ctrl Pts',(-31.4933891529137,18.029835589407,-40.45172382635));
#5912=CARTESIAN_POINT('Ctrl Pts',(-31.4933300093448,18.0308465784085,-40.4545474950797));
#5913=CARTESIAN_POINT('Ctrl Pts',(-31.4932429685946,18.0323169910359,-40.4571726285151));
#5914=CARTESIAN_POINT('Ctrl Pts',(-31.4931915016061,18.0331864425251,-40.4587248636716));
#5915=CARTESIAN_POINT('Ctrl Pts',(-31.4931319114354,18.0341885329362,-40.4601579076689));
#5916=CARTESIAN_POINT('Ctrl Pts',(-31.4930640568222,18.0353208013303,-40.461478763356));
#5917=CARTESIAN_POINT('Ctrl Pts',(-31.8952786179964,19.4995666946386,-38.6578489193097));
#5918=CARTESIAN_POINT('Ctrl Pts',(-31.6498941905992,19.0745483990004,-39.2783105085631));
#5919=CARTESIAN_POINT('Ctrl Pts',(-31.4986340652366,18.5762649104722,-39.8873028394907));
#5920=CARTESIAN_POINT('Ctrl Pts',(-31.4934895943855,18.0281069547395,-40.43831970788));
#5921=CARTESIAN_POINT('Ctrl Pts',(-31.4990214477037,17.8152636844624,-40.6470179800785));
#5922=CARTESIAN_POINT('Ctrl Pts',(-31.5281002106326,17.3428269594642,-41.0988226346769));
#5923=CARTESIAN_POINT('Ctrl Pts',(-31.7709114443952,16.4965572296437,-41.7711368576226));
#5924=CARTESIAN_POINT('Ctrl Pts',(-32.702911384833,15.4928905994086,-42.3576479125043));
#5925=CARTESIAN_POINT('Ctrl Pts',(-33.4539839429802,15.156204441146,-42.5169032986082));
#5926=CARTESIAN_POINT('Ctrl Pts',(-33.85075885932,15.0691963393249,-42.5577225279696));
#5927=CARTESIAN_POINT('Ctrl Pts',(-31.4940554799214,17.8959447492392,-40.7458172113984));
#5928=CARTESIAN_POINT('Ctrl Pts',(-31.5108061158979,17.4118720979617,-41.196054585374));
#5929=CARTESIAN_POINT('Ctrl Pts',(-31.7417558134905,16.5399448524785,-41.8676563470732));
#5930=CARTESIAN_POINT('Ctrl Pts',(-32.6797019911011,15.5060747308241,-42.4557892684641));
#5931=CARTESIAN_POINT('Ctrl Pts',(-33.4405392625538,15.1603438105144,-42.6160872760258));
#5932=CARTESIAN_POINT('Ctrl Pts',(-33.8423919293516,15.0710311092779,-42.6571690996989));
#5933=CARTESIAN_POINT('Ctrl Pts',(-31.3814708238168,18.0503394063833,-40.9426237646617));
#5934=CARTESIAN_POINT('Ctrl Pts',(-31.3892826665202,17.5277010294063,-41.3901643237628));
#5935=CARTESIAN_POINT('Ctrl Pts',(-31.6196776324781,16.5884470177471,-42.0604424950824));
#5936=CARTESIAN_POINT('Ctrl Pts',(-32.5968194378211,15.4794818978817,-42.651950122176));
#5937=CARTESIAN_POINT('Ctrl Pts',(-33.3921157018986,15.1099153487204,-42.8141695740189));
#5938=CARTESIAN_POINT('Ctrl Pts',(-33.8124715354579,15.0144538335305,-42.8557799981504));
#5939=CARTESIAN_POINT('Ctrl Pts',(-31.1274748732801,18.106213408216,-41.0298590062923));
#5940=CARTESIAN_POINT('Ctrl Pts',(-31.1524709515131,17.5461010837779,-41.4890975219846));
#5941=CARTESIAN_POINT('Ctrl Pts',(-31.4180948819339,16.5437007030269,-42.1752925294777));
#5942=CARTESIAN_POINT('Ctrl Pts',(-32.4685955822627,15.3569795453772,-42.7782666720017));
#5943=CARTESIAN_POINT('Ctrl Pts',(-33.3179247141944,14.9600673776306,-42.9431460727267));
#5944=CARTESIAN_POINT('Ctrl Pts',(-33.7666185862767,14.8574697561565,-42.9853794332878));
#5945=CARTESIAN_POINT('Ctrl Pts',(-30.999965884096,18.1015192643092,-41.0337068432392));
#5946=CARTESIAN_POINT('Ctrl Pts',(-31.033891107513,17.5294150798446,-41.5026663941547));
#5947=CARTESIAN_POINT('Ctrl Pts',(-31.3171708802361,16.5031162343357,-42.2016981968598));
#5948=CARTESIAN_POINT('Ctrl Pts',(-32.4045041440802,15.2827894564127,-42.8130099224059));
#5949=CARTESIAN_POINT('Ctrl Pts',(-33.2807554619186,14.8731932112829,-42.9790566790248));
#5950=CARTESIAN_POINT('Ctrl Pts',(-33.7436595309816,14.7673451004836,-43.0216205804326));
#5951=CARTESIAN_POINT('',(-31.5000000000473,17.7999999992919,-40.6615890774771));
#5952=CARTESIAN_POINT('',(-33.85075885932,15.0691963393248,-42.5577225279696));
#5953=CARTESIAN_POINT('Ctrl Pts',(-31.5000008154956,17.7999988756524,-40.6615876352893));
#5954=CARTESIAN_POINT('Ctrl Pts',(-31.5312535106403,17.3319036130164,-41.1074943466276));
#5955=CARTESIAN_POINT('Ctrl Pts',(-31.7752099662839,16.4919281703574,-41.7738419335545));
#5956=CARTESIAN_POINT('Ctrl Pts',(-32.702911384833,15.4928905994086,-42.3576479125043));
#5957=CARTESIAN_POINT('Ctrl Pts',(-33.4539839429802,15.156204441146,-42.5169032986082));
#5958=CARTESIAN_POINT('Ctrl Pts',(-33.85075885932,15.0691963393249,-42.5577225279696));
#5959=CARTESIAN_POINT('Ctrl Pts',(-31.5000007371987,17.8000000481748,-40.6615890771275));
#5960=CARTESIAN_POINT('Ctrl Pts',(-31.4998574565172,17.8021460842471,-40.6595447678383));
#5961=CARTESIAN_POINT('Ctrl Pts',(-31.4997165822016,17.8042914118544,-40.6574994532183));
#5962=CARTESIAN_POINT('Ctrl Pts',(-31.4995781109274,17.8064360233569,-40.65545313726));
#5963=CARTESIAN_POINT('Origin',(-33.7436595309816,14.5808012801059,-42.5577225279696));
#5964=CARTESIAN_POINT('Ctrl Pts',(-33.8507588594755,15.0691963392907,-42.5577225279856));
#5965=CARTESIAN_POINT('Ctrl Pts',(-34.175803736483,14.9979177967638,-42.5911623469797));
#5966=CARTESIAN_POINT('Ctrl Pts',(-34.8551047440631,14.9637785287456,-42.6072895196995));
#5967=CARTESIAN_POINT('Ctrl Pts',(-35.9250792327739,15.2817346911991,-42.3589350354364));
#5968=CARTESIAN_POINT('Ctrl Pts',(-36.4884158524819,15.7281511544875,-41.9454182316288));
#5969=CARTESIAN_POINT('Ctrl Pts',(-36.8761684815991,16.1646905445785,-41.5022424490061));
#5970=CARTESIAN_POINT('Ctrl Pts',(-36.9938883754909,16.330617842595,-41.3272896508951));
#5971=CARTESIAN_POINT('Ctrl Pts',(-37.0914310406667,16.4995666945756,-41.1419724127553));
#5972=CARTESIAN_POINT('Ctrl Pts',(-33.8423919295091,15.0710311092429,-42.657169099715));
#5973=CARTESIAN_POINT('Ctrl Pts',(-34.1715635731486,14.9979238158577,-42.6908295333037));
#5974=CARTESIAN_POINT('Ctrl Pts',(-34.8626780790007,14.9622079030099,-42.7067038819099));
#5975=CARTESIAN_POINT('Ctrl Pts',(-35.9576973670223,15.2944816886156,-42.4582831712964));
#5976=CARTESIAN_POINT('Ctrl Pts',(-36.5311123946532,15.7637640109933,-42.0456531349908));
#5977=CARTESIAN_POINT('Ctrl Pts',(-36.9202923296751,16.2213548190262,-41.6035468801086));
#5978=CARTESIAN_POINT('Ctrl Pts',(-37.0374513855835,16.3951719401205,-41.4290551739536));
#5979=CARTESIAN_POINT('Ctrl Pts',(-37.1330680157996,16.5716840509751,-41.2442462970889));
#5980=CARTESIAN_POINT('Ctrl Pts',(-33.8124713320257,15.0144525504273,-42.8557791162918));
#5981=CARTESIAN_POINT('Ctrl Pts',(-34.1567624274759,14.9363324859551,-42.8899118496127));
#5982=CARTESIAN_POINT('Ctrl Pts',(-34.8849206630937,14.8978351707521,-42.9052624693605));
#5983=CARTESIAN_POINT('Ctrl Pts',(-36.0532796399238,15.2590743525165,-42.6566699625928));
#5984=CARTESIAN_POINT('Ctrl Pts',(-36.6686726938965,15.772554126529,-42.2456309221127));
#5985=CARTESIAN_POINT('Ctrl Pts',(-37.0850271479063,16.2748866356465,-41.8054454832511));
#5986=CARTESIAN_POINT('Ctrl Pts',(-37.2099028755747,16.4658722655274,-41.6317649773668));
#5987=CARTESIAN_POINT('Ctrl Pts',(-37.3113978328751,16.660149938218,-41.4478492577573));
#5988=CARTESIAN_POINT('Ctrl Pts',(-33.7666185864526,14.8574697561163,-42.9853794333044));
#5989=CARTESIAN_POINT('Ctrl Pts',(-34.1342001195014,14.773462783177,-43.0200310409308));
#5990=CARTESIAN_POINT('Ctrl Pts',(-34.9139632789915,14.7333786220636,-43.0360386473711));
#5991=CARTESIAN_POINT('Ctrl Pts',(-36.1752543920643,15.1164885308419,-42.7810144248267));
#5992=CARTESIAN_POINT('Ctrl Pts',(-36.8507289417194,15.6552924948945,-42.3563152117474));
#5993=CARTESIAN_POINT('Ctrl Pts',(-37.3155790826801,16.1824192027209,-41.9009908372438));
#5994=CARTESIAN_POINT('Ctrl Pts',(-37.4567353317918,16.3827478111517,-41.7212609255059));
#5995=CARTESIAN_POINT('Ctrl Pts',(-37.5737018596321,16.5867802687663,-41.5308877524955));
#5996=CARTESIAN_POINT('Ctrl Pts',(-33.7436595311631,14.7673451004421,-43.0216205804492));
#5997=CARTESIAN_POINT('Ctrl Pts',(-34.1228785545361,14.6806324965815,-43.0564896649668));
#5998=CARTESIAN_POINT('Ctrl Pts',(-34.9277777316416,14.639998057436,-43.0732758273896));
#5999=CARTESIAN_POINT('Ctrl Pts',(-36.2320103310287,15.0316444737314,-42.8129383539501));
#6000=CARTESIAN_POINT('Ctrl Pts',(-36.9332528601967,15.5782415970177,-42.3767221988194));
#6001=CARTESIAN_POINT('Ctrl Pts',(-37.4172723196912,16.1115041984937,-41.9093524514605));
#6002=CARTESIAN_POINT('Ctrl Pts',(-37.5647832104345,16.3139936690407,-41.7249029177828));
#6003=CARTESIAN_POINT('Ctrl Pts',(-37.6874184675519,16.5199853621904,-41.5296745964108));
#6004=CARTESIAN_POINT('',(-37.0914310406849,16.4995666946071,-41.1419724127553));
#6005=CARTESIAN_POINT('',(-37.687418467552,16.5199853621904,-41.5296745964108));
#6006=CARTESIAN_POINT('Origin',(-37.5244437425529,16.2495666945651,-41.1419724127553));
#6007=CARTESIAN_POINT('Ctrl Pts',(-33.8507588594755,15.0691963392907,-42.5577225279856));
#6008=CARTESIAN_POINT('Ctrl Pts',(-34.175803736483,14.9979177967638,-42.5911623469797));
#6009=CARTESIAN_POINT('Ctrl Pts',(-34.8551047440631,14.9637785287456,-42.6072895196995));
#6010=CARTESIAN_POINT('Ctrl Pts',(-35.9250792327739,15.2817346911991,-42.3589350354364));
#6011=CARTESIAN_POINT('Ctrl Pts',(-36.4884158524819,15.7281511544875,-41.9454182316288));
#6012=CARTESIAN_POINT('Ctrl Pts',(-36.8761684815991,16.1646905445785,-41.5022424490061));
#6013=CARTESIAN_POINT('Ctrl Pts',(-36.9938883754909,16.330617842595,-41.3272896508951));
#6014=CARTESIAN_POINT('Ctrl Pts',(-37.0914310406667,16.4995666945756,-41.1419724127553));
#6015=CARTESIAN_POINT('Ctrl Pts',(-37.6874184675519,16.5199853621904,-41.5296745964108));
#6016=CARTESIAN_POINT('Ctrl Pts',(-37.5647832104345,16.3139936690407,-41.7249029177828));
#6017=CARTESIAN_POINT('Ctrl Pts',(-37.4172723196912,16.1115041984937,-41.9093524514605));
#6018=CARTESIAN_POINT('Ctrl Pts',(-36.9332528601967,15.5782415970177,-42.3767221988194));
#6019=CARTESIAN_POINT('Ctrl Pts',(-36.2320103310287,15.0316444737314,-42.8129383539501));
#6020=CARTESIAN_POINT('Ctrl Pts',(-34.9277777316416,14.639998057436,-43.0732758273896));
#6021=CARTESIAN_POINT('Ctrl Pts',(-34.1228785545361,14.6806324965815,-43.0564896649668));
#6022=CARTESIAN_POINT('Ctrl Pts',(-33.7436595311631,14.7673451004421,-43.0216205804492));
#6023=CARTESIAN_POINT('Ctrl Pts',(-37.0914310406679,16.4995666945777,-41.1419724127434));
#6024=CARTESIAN_POINT('Ctrl Pts',(-37.2599519483473,16.791453468816,-40.8675445512084));
#6025=CARTESIAN_POINT('Ctrl Pts',(-37.4189037300402,17.0667660306618,-40.5696360956546));
#6026=CARTESIAN_POINT('Ctrl Pts',(-37.7749975256658,17.6835385769453,-39.8030485488333));
#6027=CARTESIAN_POINT('Ctrl Pts',(-37.9612735675869,18.0061781457854,-39.3142320223788));
#6028=CARTESIAN_POINT('Ctrl Pts',(-38.3693210300193,18.7129370826179,-37.9947682983766));
#6029=CARTESIAN_POINT('Ctrl Pts',(-38.5552435930487,19.0349644080583,-37.1196975632516));
#6030=CARTESIAN_POINT('Ctrl Pts',(-38.7579099265945,19.3859927947433,-35.4877183236105));
#6031=CARTESIAN_POINT('Ctrl Pts',(-38.8000247609384,19.4589378275794,-34.7471772132937));
#6032=CARTESIAN_POINT('Ctrl Pts',(-38.8200319176246,19.4935912394748,-33.6362880121565));
#6033=CARTESIAN_POINT('Ctrl Pts',(-38.8203217653679,19.4940932704926,-33.2657923563236));
#6034=CARTESIAN_POINT('Ctrl Pts',(-38.8203217653679,19.4940932704926,-32.8953941709928));
#6035=CARTESIAN_POINT('Ctrl Pts',(-37.115223597886,16.5407766125214,-41.2004146323631));
#6036=CARTESIAN_POINT('Ctrl Pts',(-37.2852415709981,16.8352563801514,-40.9241377021972));
#6037=CARTESIAN_POINT('Ctrl Pts',(-37.4456421331089,17.11307830329,-40.6241414179598));
#6038=CARTESIAN_POINT('Ctrl Pts',(-37.8050399091267,17.7355735114801,-39.8520827316846));
#6039=CARTESIAN_POINT('Ctrl Pts',(-37.9931109737543,18.0613221508485,-39.359603599503));
#6040=CARTESIAN_POINT('Ctrl Pts',(-38.4052756131898,18.7752122474342,-38.0300141986104));
#6041=CARTESIAN_POINT('Ctrl Pts',(-38.5934315260225,19.101107848205,-37.1474723909316));
#6042=CARTESIAN_POINT('Ctrl Pts',(-38.799000304577,19.4571634171112,-35.5011697071518));
#6043=CARTESIAN_POINT('Ctrl Pts',(-38.841887283672,19.5314458438868,-34.754130783237));
#6044=CARTESIAN_POINT('Ctrl Pts',(-38.8623538231062,19.5668949300421,-33.6374445208228));
#6045=CARTESIAN_POINT('Ctrl Pts',(-38.8627139399769,19.5675186707589,-33.2658082533818));
#6046=CARTESIAN_POINT('Ctrl Pts',(-38.8627123786762,19.5675159665067,-32.8953941709928));
#6047=CARTESIAN_POINT('Ctrl Pts',(-37.1928117373932,16.6056607069131,-41.3170720028182));
#6048=CARTESIAN_POINT('Ctrl Pts',(-37.3661839011182,16.9050990463422,-41.0370863220047));
#6049=CARTESIAN_POINT('Ctrl Pts',(-37.5298466035727,17.1877100063926,-40.7329505252657));
#6050=CARTESIAN_POINT('Ctrl Pts',(-37.8967586604429,17.821085828141,-39.9499080597768));
#6051=CARTESIAN_POINT('Ctrl Pts',(-38.088919469941,18.1527275575903,-39.4502016530248));
#6052=CARTESIAN_POINT('Ctrl Pts',(-38.5107332861111,18.8800131481633,-38.1002447896015));
#6053=CARTESIAN_POINT('Ctrl Pts',(-38.7043296021731,19.2130458386846,-37.2028151649036));
#6054=CARTESIAN_POINT('Ctrl Pts',(-38.9175280725724,19.577993693782,-35.5280437119893));
#6055=CARTESIAN_POINT('Ctrl Pts',(-38.9627845766314,19.6544136166911,-34.7679146732586));
#6056=CARTESIAN_POINT('Ctrl Pts',(-38.9848583394974,19.6911045128338,-33.6397888484849));
#6057=CARTESIAN_POINT('Ctrl Pts',(-38.9854774280886,19.6918648627281,-33.2658065432045));
#6058=CARTESIAN_POINT('Ctrl Pts',(-38.9854756254024,19.6918654982132,-32.8953941709928));
#6059=CARTESIAN_POINT('Ctrl Pts',(-37.4063996485641,16.6362548871051,-41.4807728201305));
#6060=CARTESIAN_POINT('Ctrl Pts',(-37.5854401518671,16.9416559580191,-41.1951245222817));
#6061=CARTESIAN_POINT('Ctrl Pts',(-37.7546486998825,17.229878322974,-40.8846987058666));
#6062=CARTESIAN_POINT('Ctrl Pts',(-38.1342935186699,17.8757691806352,-40.0853923804475));
#6063=CARTESIAN_POINT('Ctrl Pts',(-38.3334735591235,18.2139086981898,-39.5750250401492));
#6064=CARTESIAN_POINT('Ctrl Pts',(-38.7717957221217,18.9553439994122,-38.196009393234));
#6065=CARTESIAN_POINT('Ctrl Pts',(-38.9750811504978,19.2948428444432,-37.2775813426143));
#6066=CARTESIAN_POINT('Ctrl Pts',(-39.2028521626889,19.6654015036982,-35.5636566555751));
#6067=CARTESIAN_POINT('Ctrl Pts',(-39.2530200567479,19.7419182511706,-34.7861918647583));
#6068=CARTESIAN_POINT('Ctrl Pts',(-39.2786860043753,19.7778611571969,-33.6428256818566));
#6069=CARTESIAN_POINT('Ctrl Pts',(-39.2799280059679,19.7784070122569,-33.2658405141159));
#6070=CARTESIAN_POINT('Ctrl Pts',(-39.2799251576806,19.7783989033726,-32.8953941709928));
#6071=CARTESIAN_POINT('Ctrl Pts',(-37.589947089341,16.5772381392678,-41.5307144444723));
#6072=CARTESIAN_POINT('Ctrl Pts',(-37.7713397603292,16.8832454446888,-41.2424119846079));
#6073=CARTESIAN_POINT('Ctrl Pts',(-37.9427843877271,17.1718179348951,-40.92926753538));
#6074=CARTESIAN_POINT('Ctrl Pts',(-38.3274871971562,17.8180110941627,-40.123181720225));
#6075=CARTESIAN_POINT('Ctrl Pts',(-38.5292911833936,18.1558751071815,-39.6089053307714));
#6076=CARTESIAN_POINT('Ctrl Pts',(-38.9738000370854,18.8954461181468,-38.2195818494373));
#6077=CARTESIAN_POINT('Ctrl Pts',(-39.1805142770329,19.2322300403768,-37.2946599007755));
#6078=CARTESIAN_POINT('Ctrl Pts',(-39.4132424944704,19.5954841299677,-35.570741453368));
#6079=CARTESIAN_POINT('Ctrl Pts',(-39.4650888711589,19.6681256541086,-34.7894743470968));
#6080=CARTESIAN_POINT('Ctrl Pts',(-39.4920184276415,19.7008486159448,-33.6434110670084));
#6081=CARTESIAN_POINT('Ctrl Pts',(-39.4934702065465,19.7007187946655,-33.2658006565912));
#6082=CARTESIAN_POINT('Ctrl Pts',(-39.4934702699158,19.7007194558487,-32.8953941709928));
#6083=CARTESIAN_POINT('Ctrl Pts',(-37.6874184675598,16.5199853622036,-41.5296745963983));
#6084=CARTESIAN_POINT('Ctrl Pts',(-37.8690234369401,16.825029082977,-41.2405698628993));
#6085=CARTESIAN_POINT('Ctrl Pts',(-38.0406045735117,17.1125027452029,-40.9266940916555));
#6086=CARTESIAN_POINT('Ctrl Pts',(-38.4254708915796,17.7558893536909,-40.1191204581406));
#6087=CARTESIAN_POINT('Ctrl Pts',(-38.6272246844334,18.0919209764954,-39.6042157467471));
#6088=CARTESIAN_POINT('Ctrl Pts',(-39.0713560829162,18.8265968997322,-38.2139746730348));
#6089=CARTESIAN_POINT('Ctrl Pts',(-39.2775420196974,19.1596648868104,-37.2891072592557));
#6090=CARTESIAN_POINT('Ctrl Pts',(-39.5089739477459,19.5159520567291,-35.5670887147151));
#6091=CARTESIAN_POINT('Ctrl Pts',(-39.5601845419045,19.5857114226488,-34.78741188346));
#6092=CARTESIAN_POINT('Ctrl Pts',(-39.5866053513376,19.6161547840632,-33.6430493433873));
#6093=CARTESIAN_POINT('Ctrl Pts',(-39.5879628505523,19.6156088759458,-33.2657926902002));
#6094=CARTESIAN_POINT('Ctrl Pts',(-39.5879629039057,19.6156088278898,-32.8953941709928));
#6095=CARTESIAN_POINT('',(-38.8203217653679,19.4940932704926,-32.8953941709928));
#6096=CARTESIAN_POINT('',(-39.5879629039057,19.6156088278898,-32.8953941709928));
#6097=CARTESIAN_POINT('Origin',(-39.2533344672601,19.2440932704926,-32.8953941709928));
#6098=CARTESIAN_POINT('Ctrl Pts',(-37.0914310406679,16.4995666945777,-41.1419724127434));
#6099=CARTESIAN_POINT('Ctrl Pts',(-37.2599519483473,16.791453468816,-40.8675445512084));
#6100=CARTESIAN_POINT('Ctrl Pts',(-37.4189037300402,17.0667660306618,-40.5696360956546));
#6101=CARTESIAN_POINT('Ctrl Pts',(-37.7749975256658,17.6835385769453,-39.8030485488333));
#6102=CARTESIAN_POINT('Ctrl Pts',(-37.9612735675869,18.0061781457854,-39.3142320223788));
#6103=CARTESIAN_POINT('Ctrl Pts',(-38.3693210300193,18.7129370826179,-37.9947682983766));
#6104=CARTESIAN_POINT('Ctrl Pts',(-38.5552435930487,19.0349644080583,-37.1196975632516));
#6105=CARTESIAN_POINT('Ctrl Pts',(-38.7579099265945,19.3859927947433,-35.4877183236105));
#6106=CARTESIAN_POINT('Ctrl Pts',(-38.8000247609384,19.4589378275794,-34.7471772132937));
#6107=CARTESIAN_POINT('Ctrl Pts',(-38.8200319176246,19.4935912394748,-33.6362880121565));
#6108=CARTESIAN_POINT('Ctrl Pts',(-38.8203217653679,19.4940932704926,-33.2657923563236));
#6109=CARTESIAN_POINT('Ctrl Pts',(-38.8203217653679,19.4940932704926,-32.8953941709928));
#6110=CARTESIAN_POINT('Ctrl Pts',(-39.5879629039057,19.6156088278898,-32.8953941709928));
#6111=CARTESIAN_POINT('Ctrl Pts',(-39.5879628505523,19.6156088759458,-33.2657926902002));
#6112=CARTESIAN_POINT('Ctrl Pts',(-39.5866053513376,19.6161547840632,-33.6430493433873));
#6113=CARTESIAN_POINT('Ctrl Pts',(-39.5601845419045,19.5857114226488,-34.78741188346));
#6114=CARTESIAN_POINT('Ctrl Pts',(-39.5089739477459,19.5159520567291,-35.5670887147151));
#6115=CARTESIAN_POINT('Ctrl Pts',(-39.2775420196974,19.1596648868104,-37.2891072592557));
#6116=CARTESIAN_POINT('Ctrl Pts',(-39.0713560829162,18.8265968997322,-38.2139746730348));
#6117=CARTESIAN_POINT('Ctrl Pts',(-38.6272246844334,18.0919209764954,-39.6042157467471));
#6118=CARTESIAN_POINT('Ctrl Pts',(-38.4254708915796,17.7558893536909,-40.1191204581406));
#6119=CARTESIAN_POINT('Ctrl Pts',(-38.0406045735117,17.1125027452029,-40.9266940916555));
#6120=CARTESIAN_POINT('Ctrl Pts',(-37.8690234369401,16.825029082977,-41.2405698628993));
#6121=CARTESIAN_POINT('Ctrl Pts',(-37.6874184675598,16.5199853622036,-41.5296745963983));
#6122=CARTESIAN_POINT('Ctrl Pts',(-38.8203217653679,19.4940932704926,-32.8953941709928));
#6123=CARTESIAN_POINT('Ctrl Pts',(-38.8203217653679,19.4940932704926,-32.2635961139952));
#6124=CARTESIAN_POINT('Ctrl Pts',(-38.8203217653679,19.4940932704926,-31.6317980569976));
#6125=CARTESIAN_POINT('Ctrl Pts',(-38.8203217653679,19.4940932704926,-31.));
#6126=CARTESIAN_POINT('Ctrl Pts',(-38.8627123786762,19.5675159665067,-32.8953941709928));
#6127=CARTESIAN_POINT('Ctrl Pts',(-38.8627123786762,19.5675159665067,-32.2635961139952));
#6128=CARTESIAN_POINT('Ctrl Pts',(-38.8627123786762,19.5675159665067,-31.6317980569976));
#6129=CARTESIAN_POINT('Ctrl Pts',(-38.8627123786762,19.5675159665067,-31.));
#6130=CARTESIAN_POINT('Ctrl Pts',(-38.9854757610128,19.6918666046226,-32.8953941709928));
#6131=CARTESIAN_POINT('Ctrl Pts',(-38.9854757610128,19.6918666046226,-32.2635961139952));
#6132=CARTESIAN_POINT('Ctrl Pts',(-38.9854757610128,19.6918666046226,-31.6317980569976));
#6133=CARTESIAN_POINT('Ctrl Pts',(-38.9854757610128,19.6918666046226,-31.));
#6134=CARTESIAN_POINT('Ctrl Pts',(-39.2799257636301,19.7784009497359,-32.8953941709928));
#6135=CARTESIAN_POINT('Ctrl Pts',(-39.2799257636301,19.7784009497359,-32.2635961139952));
#6136=CARTESIAN_POINT('Ctrl Pts',(-39.2799257636301,19.7784009497359,-31.6317980569976));
#6137=CARTESIAN_POINT('Ctrl Pts',(-39.2799257636301,19.7784009497359,-31.));
#6138=CARTESIAN_POINT('Ctrl Pts',(-39.4934702699158,19.7007194558487,-32.8953941709928));
#6139=CARTESIAN_POINT('Ctrl Pts',(-39.4934702699158,19.7007194558487,-32.2635961139952));
#6140=CARTESIAN_POINT('Ctrl Pts',(-39.4934702699158,19.7007194558487,-31.6317980569976));
#6141=CARTESIAN_POINT('Ctrl Pts',(-39.4934702699158,19.7007194558487,-31.));
#6142=CARTESIAN_POINT('Ctrl Pts',(-39.5879629039057,19.6156088278898,-32.8953941709928));
#6143=CARTESIAN_POINT('Ctrl Pts',(-39.5879629039057,19.6156088278898,-32.2635961139952));
#6144=CARTESIAN_POINT('Ctrl Pts',(-39.5879629039057,19.6156088278898,-31.6317980569976));
#6145=CARTESIAN_POINT('Ctrl Pts',(-39.5879629039057,19.6156088278898,-31.));
#6146=CARTESIAN_POINT('',(-39.5879629039057,19.6156088278898,-31.));
#6147=CARTESIAN_POINT('',(-38.8203217653679,19.4940932704926,-31.));
#6148=CARTESIAN_POINT('Ctrl Pts',(-39.5879629039057,19.6156088278898,-31.));
#6149=CARTESIAN_POINT('Ctrl Pts',(-39.4934702699158,19.7007194558487,-31.));
#6150=CARTESIAN_POINT('Ctrl Pts',(-39.3653435661444,19.747328352181,-31.));
#6151=CARTESIAN_POINT('Ctrl Pts',(-39.2383771696771,19.7437202219705,-31.));
#6152=CARTESIAN_POINT('Ctrl Pts',(-39.1537329053656,19.7413148018302,-31.));
#6153=CARTESIAN_POINT('Ctrl Pts',(-39.0696043331892,19.7165907032264,-31.));
#6154=CARTESIAN_POINT('Ctrl Pts',(-38.9968492015169,19.6731409943955,-31.));
#6155=CARTESIAN_POINT('Ctrl Pts',(-38.9240940698445,19.6296912855647,-31.));
#6156=CARTESIAN_POINT('Ctrl Pts',(-38.8627123786762,19.5675159665067,-31.));
#6157=CARTESIAN_POINT('Ctrl Pts',(-38.8203217653679,19.4940932704926,-31.));
#6158=CARTESIAN_POINT('Ctrl Pts',(-38.8203217653679,19.4940932704926,-32.8953941709928));
#6159=CARTESIAN_POINT('Ctrl Pts',(-38.8203217653679,19.4940932704926,-32.2635961139952));
#6160=CARTESIAN_POINT('Ctrl Pts',(-38.8203217653679,19.4940932704926,-31.6317980569976));
#6161=CARTESIAN_POINT('Ctrl Pts',(-38.8203217653679,19.4940932704926,-31.));
#6162=CARTESIAN_POINT('Ctrl Pts',(-39.5879629039057,19.6156088278898,-31.));
#6163=CARTESIAN_POINT('Ctrl Pts',(-39.5879629039057,19.6156088278898,-31.6317980569976));
#6164=CARTESIAN_POINT('Ctrl Pts',(-39.5879629039057,19.6156088278898,-32.2635961139952));
#6165=CARTESIAN_POINT('Ctrl Pts',(-39.5879629039057,19.6156088278898,-32.8953941709928));
#6166=CARTESIAN_POINT('Origin',(-39.1221056985755,20.0167983757163,-28.));
#6167=CARTESIAN_POINT('',(-37.0914310407031,16.4995666946386,-31.));
#6168=CARTESIAN_POINT('',(-38.3872358022396,18.7439663783095,-31.));
#6169=CARTESIAN_POINT('',(-37.0914310407031,16.4995666946386,-28.));
#6170=CARTESIAN_POINT('Origin',(-34.4933548293497,17.9995666946386,-28.));
#6171=CARTESIAN_POINT('',(-31.5000000000001,17.8,-31.));
#6172=CARTESIAN_POINT('Origin',(-34.4933548293497,17.9995666946386,-31.));
#6173=CARTESIAN_POINT('',(-31.5000000000001,17.8,-28.));
#6174=CARTESIAN_POINT('Origin',(-27.5000000000001,17.8,-28.));
#6175=CARTESIAN_POINT('',(-31.4934905923701,18.0281071867607,-31.));
#6176=CARTESIAN_POINT('Origin',(-27.5000000000001,17.8,-31.));
#6177=CARTESIAN_POINT('',(-31.4934905923701,18.0281071867607,-28.));
#6178=CARTESIAN_POINT('Origin',(-34.4933548293497,17.9995666946386,-28.));
#6179=CARTESIAN_POINT('',(-31.8952786179964,19.4995666946386,-31.));
#6180=CARTESIAN_POINT('Origin',(-34.4933548293497,17.9995666946386,-31.));
#6181=CARTESIAN_POINT('',(-31.8952786179964,19.4995666946386,-28.));
#6182=CARTESIAN_POINT('Origin',(-31.8952786179964,19.4995666946386,-28.));
#6183=CARTESIAN_POINT('',(-32.1757460505967,19.9853505377707,-31.));
#6184=CARTESIAN_POINT('Ctrl Pts',(-38.8203217653679,-19.4940932704926,-31.));
#6185=CARTESIAN_POINT('Ctrl Pts',(-38.8203217653679,-19.4940932704926,-31.6317980569976));
#6186=CARTESIAN_POINT('Ctrl Pts',(-38.8203217653679,-19.4940932704926,-32.2635961139952));
#6187=CARTESIAN_POINT('Ctrl Pts',(-38.8203217653679,-19.4940932704926,-32.8953941709928));
#6188=CARTESIAN_POINT('Ctrl Pts',(-38.8627123786763,-19.5675159665067,-31.));
#6189=CARTESIAN_POINT('Ctrl Pts',(-38.8627123786763,-19.5675159665067,-31.6317980569976));
#6190=CARTESIAN_POINT('Ctrl Pts',(-38.8627123786763,-19.5675159665067,-32.2635961139952));
#6191=CARTESIAN_POINT('Ctrl Pts',(-38.8627123786763,-19.5675159665067,-32.8953941709928));
#6192=CARTESIAN_POINT('Ctrl Pts',(-38.9854757610129,-19.6918666046226,-31.));
#6193=CARTESIAN_POINT('Ctrl Pts',(-38.9854757610129,-19.6918666046226,-31.6317980569976));
#6194=CARTESIAN_POINT('Ctrl Pts',(-38.9854757610129,-19.6918666046226,-32.2635961139952));
#6195=CARTESIAN_POINT('Ctrl Pts',(-38.9854757610129,-19.6918666046226,-32.8953941709928));
#6196=CARTESIAN_POINT('Ctrl Pts',(-39.2799257636302,-19.7784009497358,-31.));
#6197=CARTESIAN_POINT('Ctrl Pts',(-39.2799257636302,-19.7784009497358,-31.6317980569976));
#6198=CARTESIAN_POINT('Ctrl Pts',(-39.2799257636302,-19.7784009497358,-32.2635961139952));
#6199=CARTESIAN_POINT('Ctrl Pts',(-39.2799257636302,-19.7784009497358,-32.8953941709928));
#6200=CARTESIAN_POINT('Ctrl Pts',(-39.4934702699158,-19.7007194558487,-31.));
#6201=CARTESIAN_POINT('Ctrl Pts',(-39.4934702699158,-19.7007194558487,-31.6317980569976));
#6202=CARTESIAN_POINT('Ctrl Pts',(-39.4934702699158,-19.7007194558487,-32.2635961139952));
#6203=CARTESIAN_POINT('Ctrl Pts',(-39.4934702699158,-19.7007194558487,-32.8953941709928));
#6204=CARTESIAN_POINT('Ctrl Pts',(-39.5879629039058,-19.6156088278897,-31.));
#6205=CARTESIAN_POINT('Ctrl Pts',(-39.5879629039058,-19.6156088278897,-31.6317980569976));
#6206=CARTESIAN_POINT('Ctrl Pts',(-39.5879629039058,-19.6156088278897,-32.2635961139952));
#6207=CARTESIAN_POINT('Ctrl Pts',(-39.5879629039058,-19.6156088278897,-32.8953941709928));
#6208=CARTESIAN_POINT('',(-39.5879629039058,-19.6156088278897,-31.));
#6209=CARTESIAN_POINT('',(-38.8203217653679,-19.4940932704926,-31.));
#6210=CARTESIAN_POINT('Ctrl Pts',(-38.8203217653679,-19.4940932704926,-31.));
#6211=CARTESIAN_POINT('Ctrl Pts',(-38.8627123786763,-19.5675159665067,-31.));
#6212=CARTESIAN_POINT('Ctrl Pts',(-38.9240940698446,-19.6296912855646,-31.));
#6213=CARTESIAN_POINT('Ctrl Pts',(-38.9968492015169,-19.6731409943955,-31.));
#6214=CARTESIAN_POINT('Ctrl Pts',(-39.0696043331893,-19.7165907032264,-31.));
#6215=CARTESIAN_POINT('Ctrl Pts',(-39.1537329053656,-19.7413148018302,-31.));
#6216=CARTESIAN_POINT('Ctrl Pts',(-39.2383771696772,-19.7437202219705,-31.));
#6217=CARTESIAN_POINT('Ctrl Pts',(-39.3653435661445,-19.747328352181,-31.));
#6218=CARTESIAN_POINT('Ctrl Pts',(-39.4934702699158,-19.7007194558487,-31.));
#6219=CARTESIAN_POINT('Ctrl Pts',(-39.5879629039058,-19.6156088278897,-31.));
#6220=CARTESIAN_POINT('',(-39.5879629039058,-19.6156088278897,-32.8953941709928));
#6221=CARTESIAN_POINT('Ctrl Pts',(-39.5879629039058,-19.6156088278897,-32.8953941709928));
#6222=CARTESIAN_POINT('Ctrl Pts',(-39.5879629039058,-19.6156088278897,-32.2635961139952));
#6223=CARTESIAN_POINT('Ctrl Pts',(-39.5879629039058,-19.6156088278897,-31.6317980569976));
#6224=CARTESIAN_POINT('Ctrl Pts',(-39.5879629039058,-19.6156088278897,-31.));
#6225=CARTESIAN_POINT('',(-38.8203217653679,-19.4940932704926,-32.8953941709928));
#6226=CARTESIAN_POINT('Origin',(-39.2533344672602,-19.2440932704926,-32.8953941709928));
#6227=CARTESIAN_POINT('Ctrl Pts',(-38.8203217653679,-19.4940932704926,-31.));
#6228=CARTESIAN_POINT('Ctrl Pts',(-38.8203217653679,-19.4940932704926,-31.6317980569976));
#6229=CARTESIAN_POINT('Ctrl Pts',(-38.8203217653679,-19.4940932704926,-32.2635961139952));
#6230=CARTESIAN_POINT('Ctrl Pts',(-38.8203217653679,-19.4940932704926,-32.8953941709928));
#6231=CARTESIAN_POINT('Ctrl Pts',(-38.8203217653679,-19.4940932704926,-32.8953941709928));
#6232=CARTESIAN_POINT('Ctrl Pts',(-38.820321765368,-19.4940932704926,-33.2718911763351));
#6233=CARTESIAN_POINT('Ctrl Pts',(-38.8200175595809,-19.4935663706134,-33.6485016200653));
#6234=CARTESIAN_POINT('Ctrl Pts',(-38.799372116591,-19.4578074144103,-34.7594099684507));
#6235=CARTESIAN_POINT('Ctrl Pts',(-38.7571537140622,-19.3846829962159,-35.4938418211989));
#6236=CARTESIAN_POINT('Ctrl Pts',(-38.5552509792867,-19.0349772013977,-37.1195525301476));
#6237=CARTESIAN_POINT('Ctrl Pts',(-38.369435300253,-18.7131350044684,-37.9941972266419));
#6238=CARTESIAN_POINT('Ctrl Pts',(-37.9616010999552,-18.0067454484884,-39.3133006509506));
#6239=CARTESIAN_POINT('Ctrl Pts',(-37.7753977213609,-17.6842317362221,-39.8020528766722));
#6240=CARTESIAN_POINT('Ctrl Pts',(-37.4192453277037,-17.0673576951707,-40.5689958899444));
#6241=CARTESIAN_POINT('Ctrl Pts',(-37.2601324287129,-16.7917660699789,-40.8672506457447));
#6242=CARTESIAN_POINT('Ctrl Pts',(-37.0914310406607,-16.4995666945652,-41.1419724102646));
#6243=CARTESIAN_POINT('Ctrl Pts',(-38.8627123786763,-19.5675159665067,-32.8953941709928));
#6244=CARTESIAN_POINT('Ctrl Pts',(-38.8627138046591,-19.5675184363814,-33.2719069291087));
#6245=CARTESIAN_POINT('Ctrl Pts',(-38.8623375283223,-19.5668667066483,-33.6496974752101));
#6246=CARTESIAN_POINT('Ctrl Pts',(-38.8412223956793,-19.530294224102,-34.766472869471));
#6247=CARTESIAN_POINT('Ctrl Pts',(-38.7982331039699,-19.4558345866801,-35.5073462501595));
#6248=CARTESIAN_POINT('Ctrl Pts',(-38.5934391750998,-19.1011210967953,-37.147326461593));
#6249=CARTESIAN_POINT('Ctrl Pts',(-38.4053912217396,-18.7754124873162,-38.0294380422261));
#6250=CARTESIAN_POINT('Ctrl Pts',(-37.9934417148452,-18.0618950112222,-39.3586654007954));
#6251=CARTESIAN_POINT('Ctrl Pts',(-37.8054439128749,-17.7362732664984,-39.8510796011059));
#6252=CARTESIAN_POINT('Ctrl Pts',(-37.4459868361483,-17.1136753464677,-40.623496828596));
#6253=CARTESIAN_POINT('Ctrl Pts',(-37.2854236477415,-16.8355717463219,-40.9238417730863));
#6254=CARTESIAN_POINT('Ctrl Pts',(-37.1152235978858,-16.5407766125211,-41.2004146299584));
#6255=CARTESIAN_POINT('Ctrl Pts',(-38.9854756254011,-19.6918654982017,-32.8953941709927));
#6256=CARTESIAN_POINT('Ctrl Pts',(-38.9854773480759,-19.6918647282238,-33.2719050462938));
#6257=CARTESIAN_POINT('Ctrl Pts',(-38.9848336591527,-19.6910721519095,-33.652120102814));
#6258=CARTESIAN_POINT('Ctrl Pts',(-38.9620824659595,-19.6532291526141,-34.7804767579594));
#6259=CARTESIAN_POINT('Ctrl Pts',(-38.9167321468685,-19.5766317398998,-35.5343260868626));
#6260=CARTESIAN_POINT('Ctrl Pts',(-38.7043377729415,-19.2130595937059,-37.2026667705094));
#6261=CARTESIAN_POINT('Ctrl Pts',(-38.5108521184962,-18.880218130126,-38.0996590546511));
#6262=CARTESIAN_POINT('Ctrl Pts',(-38.0892577397857,-18.1533106058269,-39.4492495154032));
#6263=CARTESIAN_POINT('Ctrl Pts',(-37.8971713808501,-17.8217981716604,-39.9488903446737));
#6264=CARTESIAN_POINT('Ctrl Pts',(-37.5301983565012,-17.1883172412823,-40.7322970215511));
#6265=CARTESIAN_POINT('Ctrl Pts',(-37.3663695611248,-16.9054197695755,-41.0367864297392));
#6266=CARTESIAN_POINT('Ctrl Pts',(-37.1928117374619,-16.6056607069002,-41.3170720005556));
#6267=CARTESIAN_POINT('Ctrl Pts',(-39.2799251576744,-19.7783989033514,-32.8953941709928));
#6268=CARTESIAN_POINT('Ctrl Pts',(-39.2799276458563,-19.7784063120449,-33.2719388152024));
#6269=CARTESIAN_POINT('Ctrl Pts',(-39.2786412571825,-19.7778379972368,-33.6552596129704));
#6270=CARTESIAN_POINT('Ctrl Pts',(-39.2522378557679,-19.7407352556842,-34.7990449723577));
#6271=CARTESIAN_POINT('Ctrl Pts',(-39.2020015092948,-19.6640179572689,-35.570084308708));
#6272=CARTESIAN_POINT('Ctrl Pts',(-38.9750903051844,-19.2948573425326,-37.2774303116565));
#6273=CARTESIAN_POINT('Ctrl Pts',(-38.7719207903693,-18.9555523969387,-38.1954095757547));
#6274=CARTESIAN_POINT('Ctrl Pts',(-38.3338243007893,-18.2145033534623,-39.5740530307469));
#6275=CARTESIAN_POINT('Ctrl Pts',(-38.1347211712402,-17.8764954004876,-40.0843529101838));
#6276=CARTESIAN_POINT('Ctrl Pts',(-37.7550122800635,-17.2304976600547,-40.884031923658));
#6277=CARTESIAN_POINT('Ctrl Pts',(-37.5856319017321,-16.9419829994394,-41.1948184715501));
#6278=CARTESIAN_POINT('Ctrl Pts',(-37.4063996488681,-16.636254886931,-41.480772818));
#6279=CARTESIAN_POINT('Ctrl Pts',(-39.4934702699159,-19.7007194558487,-32.8953941709928));
#6280=CARTESIAN_POINT('Ctrl Pts',(-39.4934701969214,-19.700718723692,-33.2718992216032));
#6281=CARTESIAN_POINT('Ctrl Pts',(-39.4919662076652,-19.7008473107399,-33.6558623236336));
#6282=CARTESIAN_POINT('Ctrl Pts',(-39.464280517806,-19.6670082756816,-34.8023894885411));
#6283=CARTESIAN_POINT('Ctrl Pts',(-39.4123733436766,-19.5941286761484,-35.577207018798));
#6284=CARTESIAN_POINT('Ctrl Pts',(-39.1805235456246,-19.2322436622093,-37.2945072660467));
#6285=CARTESIAN_POINT('Ctrl Pts',(-38.9739271032709,-18.8956531194586,-38.2189785938178));
#6286=CARTESIAN_POINT('Ctrl Pts',(-38.5296468616916,-18.1564686008669,-39.6079255527652));
#6287=CARTESIAN_POINT('Ctrl Pts',(-38.3279205666922,-17.8187370017994,-40.1221342939124));
#6288=CARTESIAN_POINT('Ctrl Pts',(-37.9431528420819,-17.1724379624013,-40.9285946636276));
#6289=CARTESIAN_POINT('Ctrl Pts',(-37.7715340311102,-16.8835731947111,-41.2421032030355));
#6290=CARTESIAN_POINT('Ctrl Pts',(-37.5899470898074,-16.577238138878,-41.5307144422606));
#6291=CARTESIAN_POINT('Ctrl Pts',(-39.5879629039058,-19.6156088278897,-32.8953941709928));
#6292=CARTESIAN_POINT('Ctrl Pts',(-39.5879628500978,-19.6156088763552,-33.2718915130561));
#6293=CARTESIAN_POINT('Ctrl Pts',(-39.5865562704775,-19.616167299429,-33.6554877160937));
#6294=CARTESIAN_POINT('Ctrl Pts',(-39.5593866999487,-19.5846416899,-34.8002992764823));
#6295=CARTESIAN_POINT('Ctrl Pts',(-39.5081096865024,-19.51462272525,-35.5735475468169));
#6296=CARTESIAN_POINT('Ctrl Pts',(-39.2775511479684,-19.1596780333723,-37.2889546588399));
#6297=CARTESIAN_POINT('Ctrl Pts',(-39.0714827818105,-18.8268012951809,-38.2133716362379));
#6298=CARTESIAN_POINT('Ctrl Pts',(-38.6275802115156,-18.0925111683747,-39.6032349339034));
#6299=CARTESIAN_POINT('Ctrl Pts',(-38.4259042348415,-17.756611490189,-40.1180716214123));
#6300=CARTESIAN_POINT('Ctrl Pts',(-38.040973326822,-17.1131204763982,-40.9260196244391));
#6301=CARTESIAN_POINT('Ctrl Pts',(-37.8692179319866,-16.8253557709038,-41.2402602408348));
#6302=CARTESIAN_POINT('Ctrl Pts',(-37.6874184680609,-16.5199853616787,-41.5296745940632));
#6303=CARTESIAN_POINT('',(-37.0914310406819,-16.4995666946019,-41.1419724102646));
#6304=CARTESIAN_POINT('',(-37.6874184680609,-16.5199853616787,-41.5296745940632));
#6305=CARTESIAN_POINT('Origin',(-37.5244437425529,-16.2495666945652,-41.1419724102646));
#6306=CARTESIAN_POINT('Ctrl Pts',(-38.8203217653679,-19.4940932704926,-32.8953941709928));
#6307=CARTESIAN_POINT('Ctrl Pts',(-38.820321765368,-19.4940932704926,-33.2718911763351));
#6308=CARTESIAN_POINT('Ctrl Pts',(-38.8200175595809,-19.4935663706134,-33.6485016200653));
#6309=CARTESIAN_POINT('Ctrl Pts',(-38.799372116591,-19.4578074144103,-34.7594099684507));
#6310=CARTESIAN_POINT('Ctrl Pts',(-38.7571537140622,-19.3846829962159,-35.4938418211989));
#6311=CARTESIAN_POINT('Ctrl Pts',(-38.5552509792867,-19.0349772013977,-37.1195525301476));
#6312=CARTESIAN_POINT('Ctrl Pts',(-38.369435300253,-18.7131350044684,-37.9941972266419));
#6313=CARTESIAN_POINT('Ctrl Pts',(-37.9616010999552,-18.0067454484884,-39.3133006509506));
#6314=CARTESIAN_POINT('Ctrl Pts',(-37.7753977213609,-17.6842317362221,-39.8020528766722));
#6315=CARTESIAN_POINT('Ctrl Pts',(-37.4192453277037,-17.0673576951707,-40.5689958899444));
#6316=CARTESIAN_POINT('Ctrl Pts',(-37.2601324287129,-16.7917660699789,-40.8672506457447));
#6317=CARTESIAN_POINT('Ctrl Pts',(-37.0914310406607,-16.4995666945652,-41.1419724102646));
#6318=CARTESIAN_POINT('Ctrl Pts',(-37.6874184680609,-16.5199853616787,-41.5296745940632));
#6319=CARTESIAN_POINT('Ctrl Pts',(-37.8692179319866,-16.8253557709038,-41.2402602408348));
#6320=CARTESIAN_POINT('Ctrl Pts',(-38.040973326822,-17.1131204763982,-40.9260196244391));
#6321=CARTESIAN_POINT('Ctrl Pts',(-38.4259042348415,-17.756611490189,-40.1180716214123));
#6322=CARTESIAN_POINT('Ctrl Pts',(-38.6275802115156,-18.0925111683747,-39.6032349339034));
#6323=CARTESIAN_POINT('Ctrl Pts',(-39.0714827818105,-18.8268012951809,-38.2133716362379));
#6324=CARTESIAN_POINT('Ctrl Pts',(-39.2775511479684,-19.1596780333723,-37.2889546588399));
#6325=CARTESIAN_POINT('Ctrl Pts',(-39.5081096865024,-19.51462272525,-35.5735475468169));
#6326=CARTESIAN_POINT('Ctrl Pts',(-39.5593866999487,-19.5846416899,-34.8002992764823));
#6327=CARTESIAN_POINT('Ctrl Pts',(-39.5865562704775,-19.616167299429,-33.6554877160937));
#6328=CARTESIAN_POINT('Ctrl Pts',(-39.5879628500978,-19.6156088763552,-33.2718915130561));
#6329=CARTESIAN_POINT('Ctrl Pts',(-39.5879629039058,-19.6156088278897,-32.8953941709928));
#6330=CARTESIAN_POINT('Ctrl Pts',(-37.0914310406668,-16.4995666945757,-41.1419724102646));
#6331=CARTESIAN_POINT('Ctrl Pts',(-36.994107459677,-16.3309973075363,-41.3268734193252));
#6332=CARTESIAN_POINT('Ctrl Pts',(-36.8766893289025,-16.1654280026101,-41.5014648854705));
#6333=CARTESIAN_POINT('Ctrl Pts',(-36.4894072590908,-15.7290032857263,-41.9446055049611));
#6334=CARTESIAN_POINT('Ctrl Pts',(-35.925973833936,-15.2821399656553,-42.3586053003598));
#6335=CARTESIAN_POINT('Ctrl Pts',(-34.8556084970924,-14.9637943313699,-42.6072801445066));
#6336=CARTESIAN_POINT('Ctrl Pts',(-34.1759735798844,-14.99788055209,-42.5911798200524));
#6337=CARTESIAN_POINT('Ctrl Pts',(-33.8507588594676,-15.0691963392925,-42.5577225279849));
#6338=CARTESIAN_POINT('Ctrl Pts',(-37.133068015812,-16.5716840509968,-41.2442462947277));
#6339=CARTESIAN_POINT('Ctrl Pts',(-37.0376663876374,-16.395568963447,-41.4286401088193));
#6340=CARTESIAN_POINT('Ctrl Pts',(-36.9208098372539,-16.2221267754474,-41.6027713362521));
#6341=CARTESIAN_POINT('Ctrl Pts',(-36.5321188929723,-15.7646604516696,-42.0448422239687));
#6342=CARTESIAN_POINT('Ctrl Pts',(-35.9586135572415,-15.2949058492051,-42.4579537390031));
#6343=CARTESIAN_POINT('Ctrl Pts',(-34.8631921519429,-14.9622238707079,-42.7066942015949));
#6344=CARTESIAN_POINT('Ctrl Pts',(-34.1717355675894,-14.9978852999728,-42.6908471058121));
#6345=CARTESIAN_POINT('Ctrl Pts',(-33.8423919295011,-15.0710311092446,-42.6571690997142));
#6346=CARTESIAN_POINT('Ctrl Pts',(-37.311397833088,-16.6601499381778,-41.4478492556503));
#6347=CARTESIAN_POINT('Ctrl Pts',(-37.2101305327069,-16.4663089507211,-41.6313521634798));
#6348=CARTESIAN_POINT('Ctrl Pts',(-37.0855795158061,-16.2757352353891,-41.8046734074367));
#6349=CARTESIAN_POINT('Ctrl Pts',(-36.6697500922599,-15.7735352523274,-42.2448236816048));
#6350=CARTESIAN_POINT('Ctrl Pts',(-36.0542614426453,-15.2595367898193,-42.6563408868024));
#6351=CARTESIAN_POINT('Ctrl Pts',(-34.8854639153044,-14.8978519971194,-42.9052522611201));
#6352=CARTESIAN_POINT('Ctrl Pts',(-34.1569419566934,-14.9362916150808,-42.8899295935424));
#6353=CARTESIAN_POINT('Ctrl Pts',(-33.8124713320173,-15.0144525504292,-42.855779116291));
#6354=CARTESIAN_POINT('Ctrl Pts',(-37.5737018601005,-16.5867802684123,-41.5308877502919));
#6355=CARTESIAN_POINT('Ctrl Pts',(-37.4569974327111,-16.383205892239,-41.7208336307455));
#6356=CARTESIAN_POINT('Ctrl Pts',(-37.31620440964,-16.1833097994439,-41.9001918312997));
#6357=CARTESIAN_POINT('Ctrl Pts',(-36.8519147213141,-15.6563206955681,-42.3554808745382));
#6358=CARTESIAN_POINT('Ctrl Pts',(-36.1763189644819,-15.1169773804481,-42.7806758714838));
#6359=CARTESIAN_POINT('Ctrl Pts',(-34.9145455104706,-14.7333976704378,-43.0360287601235));
#6360=CARTESIAN_POINT('Ctrl Pts',(-34.1343917200363,-14.7734191568837,-43.0200490611005));
#6361=CARTESIAN_POINT('Ctrl Pts',(-33.7666185864436,-14.8574697561184,-42.9853794333036));
#6362=CARTESIAN_POINT('Ctrl Pts',(-37.6874184680609,-16.5199853616787,-41.5296745940632));
#6363=CARTESIAN_POINT('Ctrl Pts',(-37.5650586528978,-16.3144563352441,-41.7244644245744));
#6364=CARTESIAN_POINT('Ctrl Pts',(-37.4179251400199,-16.11240415268,-41.9085326554209));
#6365=CARTESIAN_POINT('Ctrl Pts',(-36.9344862462576,-15.5792841752251,-42.37586472355));
#6366=CARTESIAN_POINT('Ctrl Pts',(-36.2331120443932,-15.0321425782786,-42.8125919710521));
#6367=CARTESIAN_POINT('Ctrl Pts',(-34.9283793698692,-14.6400184093643,-43.0732663375254));
#6368=CARTESIAN_POINT('Ctrl Pts',(-34.1230767051505,-14.6805871872551,-43.0565078848641));
#6369=CARTESIAN_POINT('Ctrl Pts',(-33.7436595311539,-14.7673451004442,-43.0216205804484));
#6370=CARTESIAN_POINT('',(-33.8507588594676,-15.0691963392925,-42.5577225279849));
#6371=CARTESIAN_POINT('',(-33.7436595311653,-14.7673451004449,-43.0216205804481));
#6372=CARTESIAN_POINT('Origin',(-33.7436595311539,-14.5808012800681,-42.5577225279849));
#6373=CARTESIAN_POINT('Ctrl Pts',(-37.0914310406668,-16.4995666945757,-41.1419724102646));
#6374=CARTESIAN_POINT('Ctrl Pts',(-36.994107459677,-16.3309973075363,-41.3268734193252));
#6375=CARTESIAN_POINT('Ctrl Pts',(-36.8766893289025,-16.1654280026101,-41.5014648854705));
#6376=CARTESIAN_POINT('Ctrl Pts',(-36.4894072590908,-15.7290032857263,-41.9446055049611));
#6377=CARTESIAN_POINT('Ctrl Pts',(-35.925973833936,-15.2821399656553,-42.3586053003598));
#6378=CARTESIAN_POINT('Ctrl Pts',(-34.8556084970924,-14.9637943313699,-42.6072801445066));
#6379=CARTESIAN_POINT('Ctrl Pts',(-34.1759735798844,-14.99788055209,-42.5911798200524));
#6380=CARTESIAN_POINT('Ctrl Pts',(-33.8507588594676,-15.0691963392925,-42.5577225279849));
#6381=CARTESIAN_POINT('Ctrl Pts',(-33.7436595311539,-14.7673451004442,-43.0216205804484));
#6382=CARTESIAN_POINT('Ctrl Pts',(-34.1230767051505,-14.6805871872551,-43.0565078848641));
#6383=CARTESIAN_POINT('Ctrl Pts',(-34.9283793698692,-14.6400184093643,-43.0732663375254));
#6384=CARTESIAN_POINT('Ctrl Pts',(-36.2331120443932,-15.0321425782786,-42.8125919710521));
#6385=CARTESIAN_POINT('Ctrl Pts',(-36.9344862462576,-15.5792841752251,-42.37586472355));
#6386=CARTESIAN_POINT('Ctrl Pts',(-37.4179251400199,-16.11240415268,-41.9085326554209));
#6387=CARTESIAN_POINT('Ctrl Pts',(-37.5650586528978,-16.3144563352441,-41.7244644245744));
#6388=CARTESIAN_POINT('Ctrl Pts',(-37.6874184680609,-16.5199853616787,-41.5296745940632));
#6389=CARTESIAN_POINT('Ctrl Pts',(-33.8507588594721,-15.0691963392915,-42.5577225279853));
#6390=CARTESIAN_POINT('Ctrl Pts',(-33.255596484721,-15.1997084920438,-42.4964936839342));
#6391=CARTESIAN_POINT('Ctrl Pts',(-31.9861264674936,-15.9567390551338,-42.1461807114528));
#6392=CARTESIAN_POINT('Ctrl Pts',(-31.5377931327726,-17.1853480322233,-41.2494242042921));
#6393=CARTESIAN_POINT('Ctrl Pts',(-31.4990214477037,-17.8152636844624,-40.6470179800785));
#6394=CARTESIAN_POINT('Ctrl Pts',(-33.8423919295058,-15.0710311092436,-42.6571690997147));
#6395=CARTESIAN_POINT('Ctrl Pts',(-33.2396129290643,-15.2050001611196,-42.5955463641959));
#6396=CARTESIAN_POINT('Ctrl Pts',(-31.9531693192183,-15.9829532813426,-42.2428984177554));
#6397=CARTESIAN_POINT('Ctrl Pts',(-31.5163896618937,-17.2505145281621,-41.3461337280522));
#6398=CARTESIAN_POINT('Ctrl Pts',(-31.4940554799214,-17.8959447492392,-40.7458172113984));
#6399=CARTESIAN_POINT('Ctrl Pts',(-33.8124715356191,-15.0144538334938,-42.8557799981664));
#6400=CARTESIAN_POINT('Ctrl Pts',(-33.1819377850241,-15.1576461063013,-42.79336436196));
#6401=CARTESIAN_POINT('Ctrl Pts',(-31.8364186276229,-15.9894040654004,-42.4361690280967));
#6402=CARTESIAN_POINT('Ctrl Pts',(-31.3918866144006,-17.3534882161634,-41.5393445280415));
#6403=CARTESIAN_POINT('Ctrl Pts',(-31.3814708238168,-18.0503394063834,-40.9426237646616));
#6404=CARTESIAN_POINT('Ctrl Pts',(-33.7666185864488,-14.8574697561172,-42.9853794333041));
#6405=CARTESIAN_POINT('Ctrl Pts',(-33.0935777780521,-15.0113661883525,-42.922029392453));
#6406=CARTESIAN_POINT('Ctrl Pts',(-31.6576897130286,-15.9044788094936,-42.5591998752795));
#6407=CARTESIAN_POINT('Ctrl Pts',(-31.1608029785911,-17.3593969532147,-41.6421770455954));
#6408=CARTESIAN_POINT('Ctrl Pts',(-31.1274748732801,-18.106213408216,-41.0298590062923));
#6409=CARTESIAN_POINT('Ctrl Pts',(-33.7436595311592,-14.767345100443,-43.0216205804489));
#6410=CARTESIAN_POINT('Ctrl Pts',(-33.0493034272828,-14.926117266667,-42.9577747283279));
#6411=CARTESIAN_POINT('Ctrl Pts',(-31.5682550738509,-15.8475870641104,-42.5921844980355));
#6412=CARTESIAN_POINT('Ctrl Pts',(-31.0451995166765,-17.338713662126,-41.6589862632288));
#6413=CARTESIAN_POINT('Ctrl Pts',(-30.999965884096,-18.1015192643092,-41.0337068432392));
#6414=CARTESIAN_POINT('',(-30.999965884096,-18.1015192643092,-41.0337068432392));
#6415=CARTESIAN_POINT('Ctrl Pts',(-30.999965884096,-18.1015192643092,-41.0337068432392));
#6416=CARTESIAN_POINT('Ctrl Pts',(-31.0451995166765,-17.338713662126,-41.6589862632288));
#6417=CARTESIAN_POINT('Ctrl Pts',(-31.5682550738509,-15.8475870641104,-42.5921844980355));
#6418=CARTESIAN_POINT('Ctrl Pts',(-33.0493034272828,-14.926117266667,-42.9577747283279));
#6419=CARTESIAN_POINT('Ctrl Pts',(-33.7436595311592,-14.767345100443,-43.0216205804489));
#6420=CARTESIAN_POINT('',(-31.499577911018,-17.8064352283675,-40.6554521812272));
#6421=CARTESIAN_POINT('Ctrl Pts',(-31.4995788800854,-17.8064337002013,-40.6554519564986));
#6422=CARTESIAN_POINT('Ctrl Pts',(-31.4985167470065,-17.8228826142532,-40.675560510371));
#6423=CARTESIAN_POINT('Ctrl Pts',(-31.495332187109,-17.8391587830989,-40.6955437284118));
#6424=CARTESIAN_POINT('Ctrl Pts',(-31.4901780474651,-17.8551363659196,-40.7152379233179));
#6425=CARTESIAN_POINT('Ctrl Pts',(-31.4848999540175,-17.8714981995171,-40.7354057511743));
#6426=CARTESIAN_POINT('Ctrl Pts',(-31.4775560184802,-17.8875477167481,-40.7552714838746));
#6427=CARTESIAN_POINT('Ctrl Pts',(-31.4682572344117,-17.9031432269007,-40.7746547940378));
#6428=CARTESIAN_POINT('Ctrl Pts',(-31.4639096906543,-17.9104347353719,-40.7837172465562));
#6429=CARTESIAN_POINT('Ctrl Pts',(-31.4591341223572,-17.9176268333594,-40.7926740871111));
#6430=CARTESIAN_POINT('Ctrl Pts',(-31.4539383998922,-17.9247037841518,-40.8015055868784));
#6431=CARTESIAN_POINT('Ctrl Pts',(-31.4428418479547,-17.9398180926152,-40.8203671016175));
#6432=CARTESIAN_POINT('Ctrl Pts',(-31.429917733137,-17.9542912192078,-40.8385122382831));
#6433=CARTESIAN_POINT('Ctrl Pts',(-31.4152938060341,-17.9679864804421,-40.8557684074844));
#6434=CARTESIAN_POINT('Ctrl Pts',(-31.4009074774373,-17.981459231431,-40.872744211501));
#6435=CARTESIAN_POINT('Ctrl Pts',(-31.3848754271341,-17.9941798874978,-40.8888605966961));
#6436=CARTESIAN_POINT('Ctrl Pts',(-31.3672771100136,-18.0060005085414,-40.903935012013));
#6437=CARTESIAN_POINT('Ctrl Pts',(-31.3605163288942,-18.0105416604609,-40.9097261806664));
#6438=CARTESIAN_POINT('Ctrl Pts',(-31.3535239916663,-18.0149497341965,-40.9153633032975));
#6439=CARTESIAN_POINT('Ctrl Pts',(-31.3463032275227,-18.0192152925012,-40.9208348696429));
#6440=CARTESIAN_POINT('Ctrl Pts',(-31.3446388078466,-18.0201985235043,-40.9220960911013));
#6441=CARTESIAN_POINT('Ctrl Pts',(-31.3429622483565,-18.0211741794368,-40.9233485129032));
#6442=CARTESIAN_POINT('Ctrl Pts',(-31.3412736950333,-18.0221422181534,-40.9245920755394));
#6443=CARTESIAN_POINT('Ctrl Pts',(-31.3222687755385,-18.0330376382883,-40.9385885584825));
#6444=CARTESIAN_POINT('Ctrl Pts',(-31.3018912059956,-18.0428878593783,-40.9513594400745));
#6445=CARTESIAN_POINT('Ctrl Pts',(-31.2803918884025,-18.0516659646206,-40.9628587254984));
#6446=CARTESIAN_POINT('Ctrl Pts',(-31.2584428031108,-18.0606277086307,-40.9745985770294));
#6447=CARTESIAN_POINT('Ctrl Pts',(-31.2353233706384,-18.0684723925308,-40.985013618656));
#6448=CARTESIAN_POINT('Ctrl Pts',(-31.2112680449917,-18.0751429059465,-40.994023645907));
#6449=CARTESIAN_POINT('Ctrl Pts',(-31.2000062010741,-18.0782658019754,-40.9982418187176));
#6450=CARTESIAN_POINT('Ctrl Pts',(-31.1885388827508,-18.0811309088924,-41.0021515517381));
#6451=CARTESIAN_POINT('Ctrl Pts',(-31.1768889106606,-18.08372991136,-41.005741795572));
#6452=CARTESIAN_POINT('Ctrl Pts',(-31.1520278981551,-18.0892761763938,-41.0134033673045));
#6453=CARTESIAN_POINT('Ctrl Pts',(-31.1265194623781,-18.0935718501811,-41.0195559086495));
#6454=CARTESIAN_POINT('Ctrl Pts',(-31.1006028882643,-18.09656790882,-41.0241302334308));
#6455=CARTESIAN_POINT('Ctrl Pts',(-31.0752007203036,-18.0995045000697,-41.0286137645446));
#6456=CARTESIAN_POINT('Ctrl Pts',(-31.0494051914326,-18.1011927231395,-41.0315814120901));
#6457=CARTESIAN_POINT('Ctrl Pts',(-31.0234303845137,-18.1015551616713,-41.0329317959851));
#6458=CARTESIAN_POINT('Ctrl Pts',(-31.0168068494507,-18.101647582929,-41.0332761417623));
#6459=CARTESIAN_POINT('Ctrl Pts',(-31.0101716521424,-18.1016536275774,-41.0335151262888));
#6460=CARTESIAN_POINT('Ctrl Pts',(-31.0035283716279,-18.1015716562597,-41.0336466432388));
#6461=CARTESIAN_POINT('Ctrl Pts',(-31.0023409377332,-18.1015570045344,-41.0336701508543));
#6462=CARTESIAN_POINT('Ctrl Pts',(-31.0011534350183,-18.1015395429035,-41.0336902206716));
#6463=CARTESIAN_POINT('Ctrl Pts',(-30.999965884096,-18.1015192643092,-41.0337068432392));
#6464=CARTESIAN_POINT('',(-31.5000000000484,-17.7999999992749,-40.6615890775095));
#6465=CARTESIAN_POINT('Ctrl Pts',(-31.5000025672086,-17.800000170693,-40.6615890768879));
#6466=CARTESIAN_POINT('Ctrl Pts',(-31.4998587510173,-17.8021465486861,-40.6595451356831));
#6467=CARTESIAN_POINT('Ctrl Pts',(-31.4997174546912,-17.8042921131886,-40.6575001453908));
#6468=CARTESIAN_POINT('Ctrl Pts',(-31.4995786762349,-17.8064368553033,-40.6554541094913));
#6469=CARTESIAN_POINT('Ctrl Pts',(-33.8507588594721,-15.0691963392915,-42.5577225279853));
#6470=CARTESIAN_POINT('Ctrl Pts',(-33.255596484721,-15.1997084920438,-42.4964936839342));
#6471=CARTESIAN_POINT('Ctrl Pts',(-31.9919811665954,-15.9532476877934,-42.14779632822));
#6472=CARTESIAN_POINT('Ctrl Pts',(-31.5419459566555,-17.1740255604325,-41.2576841270447));
#6473=CARTESIAN_POINT('Ctrl Pts',(-31.5000027249375,-17.7999978087013,-40.6615861723707));
#6474=CARTESIAN_POINT('Ctrl Pts',(-31.4999610103954,-17.7823388755426,-40.6470179800785));
#6475=CARTESIAN_POINT('Ctrl Pts',(-31.5003525019672,-17.8710054282865,-40.583422223572));
#6476=CARTESIAN_POINT('Ctrl Pts',(-31.4977928074013,-17.9588446381053,-40.5189365796555));
#6477=CARTESIAN_POINT('Ctrl Pts',(-31.4924445078647,-18.0457373630958,-40.4536658549343));
#6478=CARTESIAN_POINT('Ctrl Pts',(-31.5003280556164,-17.8654687224971,-40.7484336786591));
#6479=CARTESIAN_POINT('Ctrl Pts',(-31.4988353182427,-17.9541976451512,-40.6832865257627));
#6480=CARTESIAN_POINT('Ctrl Pts',(-31.4945295918244,-18.041907839889,-40.6173030385572));
#6481=CARTESIAN_POINT('Ctrl Pts',(-31.487345373752,-18.1285819485777,-40.5505336401758));
#6482=CARTESIAN_POINT('Ctrl Pts',(-31.3921846188637,-18.0314624674334,-40.9503541701333));
#6483=CARTESIAN_POINT('Ctrl Pts',(-31.3891158186469,-18.1178675039287,-40.8821982454921));
#6484=CARTESIAN_POINT('Ctrl Pts',(-31.383173472678,-18.2031746399037,-40.8131787063351));
#6485=CARTESIAN_POINT('Ctrl Pts',(-31.374647145637,-18.2872982383965,-40.7434958067097));
#6486=CARTESIAN_POINT('Ctrl Pts',(-31.131098067749,-18.1011729621446,-41.0339907106047));
#6487=CARTESIAN_POINT('Ctrl Pts',(-31.130267888022,-18.1834332426996,-40.966516006141));
#6488=CARTESIAN_POINT('Ctrl Pts',(-31.1268094090996,-18.2648461919954,-40.8982762424594));
#6489=CARTESIAN_POINT('Ctrl Pts',(-31.1208141374459,-18.3452221991031,-40.8291682510328));
#6490=CARTESIAN_POINT('Ctrl Pts',(-30.999965884096,-18.1015192643092,-41.0337068432392));
#6491=CARTESIAN_POINT('Ctrl Pts',(-31.0003084392213,-18.1820483116336,-40.9676963736527));
#6492=CARTESIAN_POINT('Ctrl Pts',(-30.9980687064762,-18.2618126181143,-40.9007731776879));
#6493=CARTESIAN_POINT('Ctrl Pts',(-30.9933889443816,-18.3407068270592,-40.8330445789101));
#6494=CARTESIAN_POINT('',(-31.5000000000001,-17.7999999999993,-40.6343309808017));
#6495=CARTESIAN_POINT('',(-31.4934905923702,-18.0281071867586,-40.4668885253051));
#6496=CARTESIAN_POINT('Ctrl Pts',(-31.5000000081481,-17.7999999731768,-40.6343309879398));
#6497=CARTESIAN_POINT('Ctrl Pts',(-31.5000000741234,-17.8766878727019,-40.5791562738376));
#6498=CARTESIAN_POINT('Ctrl Pts',(-31.4977950774236,-17.9527493926842,-40.5233194342588));
#6499=CARTESIAN_POINT('Ctrl Pts',(-31.4934906013864,-18.0281071600797,-40.4668885326294));
#6500=CARTESIAN_POINT('Ctrl Pts',(-31.4995554495828,-17.8064326511731,-40.6554485120401));
#6501=CARTESIAN_POINT('Ctrl Pts',(-31.4995879258041,-17.8059529224299,-40.6548620529112));
#6502=CARTESIAN_POINT('Ctrl Pts',(-31.4996187980762,-17.8054989459873,-40.65425017559));
#6503=CARTESIAN_POINT('Ctrl Pts',(-31.4996480013062,-17.8050710823649,-40.6536131094251));
#6504=CARTESIAN_POINT('Ctrl Pts',(-31.499791438696,-17.8029695462948,-40.6504840340498));
#6505=CARTESIAN_POINT('Ctrl Pts',(-31.4998851445335,-17.8016312652129,-40.6469475703153));
#6506=CARTESIAN_POINT('Ctrl Pts',(-31.4999391993893,-17.8008609932183,-40.6432512603227));
#6507=CARTESIAN_POINT('Ctrl Pts',(-31.4999819296082,-17.8002520952678,-40.6403293371648));
#6508=CARTESIAN_POINT('Ctrl Pts',(-31.4999998818059,-17.8000000319637,-40.6373173471554));
#6509=CARTESIAN_POINT('Ctrl Pts',(-31.5000000081481,-17.7999999731768,-40.6343309879398));
#6510=CARTESIAN_POINT('',(-30.9933889443816,-18.3407068270592,-40.8330445789101));
#6511=CARTESIAN_POINT('Ctrl Pts',(-30.9933889443816,-18.3407068270592,-40.8330445789101));
#6512=CARTESIAN_POINT('Ctrl Pts',(-30.9980687064762,-18.2618126181143,-40.9007731776879));
#6513=CARTESIAN_POINT('Ctrl Pts',(-31.0003084392213,-18.1820483116336,-40.9676963736527));
#6514=CARTESIAN_POINT('Ctrl Pts',(-30.999965884096,-18.1015192643092,-41.0337068432392));
#6515=CARTESIAN_POINT('',(-31.4930718588534,-18.0353234583154,-40.4614812569434));
#6516=CARTESIAN_POINT('Ctrl Pts',(-31.4930718621972,-18.035323448453,-40.4614812596539));
#6517=CARTESIAN_POINT('Ctrl Pts',(-31.4920767969638,-18.0522225774486,-40.4811952903408));
#6518=CARTESIAN_POINT('Ctrl Pts',(-31.4889602618434,-18.0689572695501,-40.5007855690352));
#6519=CARTESIAN_POINT('Ctrl Pts',(-31.4838747143156,-18.0853971622469,-40.5200920264951));
#6520=CARTESIAN_POINT('Ctrl Pts',(-31.4786630051317,-18.1022448938397,-40.5398774362477));
#6521=CARTESIAN_POINT('Ctrl Pts',(-31.4713829937217,-18.1187838369762,-40.559365750659));
#6522=CARTESIAN_POINT('Ctrl Pts',(-31.4621455187668,-18.1348665719372,-40.5783810333506));
#6523=CARTESIAN_POINT('Ctrl Pts',(-31.4578138392249,-18.1424081625069,-40.5872977677851));
#6524=CARTESIAN_POINT('Ctrl Pts',(-31.453051018713,-18.149849259634,-40.5961103426491));
#6525=CARTESIAN_POINT('Ctrl Pts',(-31.4478649731434,-18.1571733362076,-40.6047993830787));
#6526=CARTESIAN_POINT('Ctrl Pts',(-31.4368070538669,-18.172790061213,-40.6233265453204));
#6527=CARTESIAN_POINT('Ctrl Pts',(-31.4239136368206,-18.1877548947177,-40.6411496112571));
#6528=CARTESIAN_POINT('Ctrl Pts',(-31.4093129952037,-18.2019247667756,-40.6580996779812));
#6529=CARTESIAN_POINT('Ctrl Pts',(-31.3949486635922,-18.215865300793,-40.6747754094767));
#6530=CARTESIAN_POINT('Ctrl Pts',(-31.3789312239286,-18.2290371207034,-40.6906070676198));
#6531=CARTESIAN_POINT('Ctrl Pts',(-31.3613405438594,-18.2412858290074,-40.705416253668));
#6532=CARTESIAN_POINT('Ctrl Pts',(-31.3544594598066,-18.2460772521386,-40.7112092789262));
#6533=CARTESIAN_POINT('Ctrl Pts',(-31.3473372315238,-18.2507271644372,-40.7168455819938));
#6534=CARTESIAN_POINT('Ctrl Pts',(-31.3399771784862,-18.2552251823584,-40.7223132818185));
#6535=CARTESIAN_POINT('Ctrl Pts',(-31.338518805903,-18.2561164512094,-40.72339669025));
#6536=CARTESIAN_POINT('Ctrl Pts',(-31.3370510934251,-18.2570017539595,-40.7244734763696));
#6537=CARTESIAN_POINT('Ctrl Pts',(-31.3355741391997,-18.2578810601578,-40.7255436014395));
#6538=CARTESIAN_POINT('Ctrl Pts',(-31.3165963003726,-18.2691795357803,-40.7392939673971));
#6539=CARTESIAN_POINT('Ctrl Pts',(-31.2962391916517,-18.2794047420587,-40.751842903248));
#6540=CARTESIAN_POINT('Ctrl Pts',(-31.2747544048145,-18.2885262789494,-40.7631463628471));
#6541=CARTESIAN_POINT('Ctrl Pts',(-31.2528133446122,-18.2978415303211,-40.7746898745158));
#6542=CARTESIAN_POINT('Ctrl Pts',(-31.2296950260368,-18.3060061327939,-40.784934997499));
#6543=CARTESIAN_POINT('Ctrl Pts',(-31.2056345672074,-18.3129592028027,-40.7938038801793));
#6544=CARTESIAN_POINT('Ctrl Pts',(-31.1944610582629,-18.3161881599264,-40.7979225273198));
#6545=CARTESIAN_POINT('Ctrl Pts',(-31.1830840199138,-18.3191554030083,-40.8017438910186));
#6546=CARTESIAN_POINT('Ctrl Pts',(-31.1715257747351,-18.3218524302267,-40.8052574510804));
#6547=CARTESIAN_POINT('Ctrl Pts',(-31.146643743155,-18.3276584600681,-40.8128212733616));
#6548=CARTESIAN_POINT('Ctrl Pts',(-31.1211074271038,-18.332171355848,-40.8189049414558));
#6549=CARTESIAN_POINT('Ctrl Pts',(-31.0951577242286,-18.3353393944076,-40.8234414723132));
#6550=CARTESIAN_POINT('Ctrl Pts',(-31.0697337798592,-18.3384432463665,-40.8278860899916));
#6551=CARTESIAN_POINT('Ctrl Pts',(-31.0439117563143,-18.340256366916,-40.8308459315758));
#6552=CARTESIAN_POINT('Ctrl Pts',(-31.0179066533411,-18.3406988669918,-40.8322219712039));
#6553=CARTESIAN_POINT('Ctrl Pts',(-31.0109300720406,-18.3408175797597,-40.8325911315317));
#6554=CARTESIAN_POINT('Ctrl Pts',(-31.0039403069034,-18.3408374594634,-40.8328460827861));
#6555=CARTESIAN_POINT('Ctrl Pts',(-30.9969415420589,-18.340756542567,-40.8329844142683));
#6556=CARTESIAN_POINT('Ctrl Pts',(-30.9957574064722,-18.340742852069,-40.8330078188597));
#6557=CARTESIAN_POINT('Ctrl Pts',(-30.9945731949594,-18.3407262923961,-40.8330278684315));
#6558=CARTESIAN_POINT('Ctrl Pts',(-30.9933889443816,-18.3407068270592,-40.8330445789101));
#6559=CARTESIAN_POINT('Ctrl Pts',(-31.4934906013864,-18.0281071600798,-40.4668885326294));
#6560=CARTESIAN_POINT('Ctrl Pts',(-31.4933531609367,-18.030513307855,-40.4650867132138));
#6561=CARTESIAN_POINT('Ctrl Pts',(-31.4932135800613,-18.0329187381523,-40.4632842881501));
#6562=CARTESIAN_POINT('Ctrl Pts',(-31.4930718621972,-18.035323448453,-40.4614812596539));
#6563=CARTESIAN_POINT('Ctrl Pts',(-31.4933840716069,-18.0128125501254,-40.4536658549362));
#6564=CARTESIAN_POINT('Ctrl Pts',(-31.4958309815737,-18.5669978464046,-39.8986201412404));
#6565=CARTESIAN_POINT('Ctrl Pts',(-31.6476139215318,-19.0705988571207,-39.2840762345486));
#6566=CARTESIAN_POINT('Ctrl Pts',(-31.8952786179964,-19.4995666946386,-38.6578489193098));
#6567=CARTESIAN_POINT('Ctrl Pts',(-31.4935995884745,-18.0616236141869,-40.5105249282133));
#6568=CARTESIAN_POINT('Ctrl Pts',(-31.5051207384831,-18.6231270293237,-39.956728082365));
#6569=CARTESIAN_POINT('Ctrl Pts',(-31.669256058628,-19.1309651799961,-39.3442000384655));
#6570=CARTESIAN_POINT('Ctrl Pts',(-31.9297853519524,-19.5593341110536,-38.7215347376302));
#6571=CARTESIAN_POINT('Ctrl Pts',(-31.4596787097052,-18.1592120037353,-40.6240270942949));
#6572=CARTESIAN_POINT('Ctrl Pts',(-31.4839536284737,-18.7416968141319,-40.0726834782537));
#6573=CARTESIAN_POINT('Ctrl Pts',(-31.6678131603557,-19.2665608367469,-39.4640276565519));
#6574=CARTESIAN_POINT('Ctrl Pts',(-31.9514564200496,-19.7055623484706,-38.8483951107031));
#6575=CARTESIAN_POINT('Ctrl Pts',(-31.2924313844767,-18.2970549800563,-40.783734414357));
#6576=CARTESIAN_POINT('Ctrl Pts',(-31.3178503817238,-18.9261328644728,-40.2299521301748));
#6577=CARTESIAN_POINT('Ctrl Pts',(-31.5122406190574,-19.496470824329,-39.6196097541888));
#6578=CARTESIAN_POINT('Ctrl Pts',(-31.8136296813024,-19.9785548188486,-39.0029692277178));
#6579=CARTESIAN_POINT('Ctrl Pts',(-31.1057934809188,-18.3404210990833,-40.8332898688458));
#6580=CARTESIAN_POINT('Ctrl Pts',(-31.1172609119652,-18.9994957187838,-40.2677484235795));
#6581=CARTESIAN_POINT('Ctrl Pts',(-31.3007964606857,-19.5983821905716,-39.6426025523606));
#6582=CARTESIAN_POINT('Ctrl Pts',(-31.5947828415339,-20.1103397838773,-39.0073116677175));
#6583=CARTESIAN_POINT('Ctrl Pts',(-30.9933889453164,-18.3407068270568,-40.8330445789121));
#6584=CARTESIAN_POINT('Ctrl Pts',(-30.9962436736111,-19.0116032005428,-40.2570977266781));
#6585=CARTESIAN_POINT('Ctrl Pts',(-31.1733237702288,-19.6205972839887,-39.6201251050769));
#6586=CARTESIAN_POINT('Ctrl Pts',(-31.4622659161042,-20.1401590719229,-38.9699988749519));
#6587=CARTESIAN_POINT('',(-31.4934905923619,-18.0281071858956,-40.4383199898084));
#6588=CARTESIAN_POINT('',(-31.8952786179964,-19.4995666946386,-38.6578489193098));
#6589=CARTESIAN_POINT('Ctrl Pts',(-31.4934895943748,-18.02810695344,-40.4383197091872));
#6590=CARTESIAN_POINT('Ctrl Pts',(-31.4986340650543,-18.5762649100109,-39.8873028401575));
#6591=CARTESIAN_POINT('Ctrl Pts',(-31.6498941903769,-19.0745483986154,-39.2783105091251));
#6592=CARTESIAN_POINT('Ctrl Pts',(-31.8952786179964,-19.4995666946386,-38.6578489193098));
#6593=CARTESIAN_POINT('Ctrl Pts',(-31.4930718588534,-18.0353234583154,-40.4614812569433));
#6594=CARTESIAN_POINT('Ctrl Pts',(-31.4931828206989,-18.0334406089563,-40.4592848352481));
#6595=CARTESIAN_POINT('Ctrl Pts',(-31.4932688650165,-18.0319591049289,-40.4568267638905));
#6596=CARTESIAN_POINT('Ctrl Pts',(-31.4934393848211,-18.029009269821,-40.4496705135617));
#6597=CARTESIAN_POINT('Ctrl Pts',(-31.4934905923701,-18.0281071867609,-40.4444412915554));
#6598=CARTESIAN_POINT('Ctrl Pts',(-31.4934905923701,-18.0281071867609,-40.438319988069));
#6599=CARTESIAN_POINT('',(-31.4622659161042,-20.1401590719229,-38.9699988749519));
#6600=CARTESIAN_POINT('Ctrl Pts',(-31.4622659161042,-20.1401590719229,-38.9699988749519));
#6601=CARTESIAN_POINT('Ctrl Pts',(-31.1733237702288,-19.6205972839887,-39.6201251050769));
#6602=CARTESIAN_POINT('Ctrl Pts',(-30.9962436736111,-19.0116032005428,-40.2570977266781));
#6603=CARTESIAN_POINT('Ctrl Pts',(-30.9933889453164,-18.3407068270568,-40.8330445789121));
#6604=CARTESIAN_POINT('Origin',(-31.4622659161042,-19.7495666946386,-38.6578489193098));
#6605=CARTESIAN_POINT('Ctrl Pts',(-31.8952786179964,-19.4995666946386,-38.6578489193098));
#6606=CARTESIAN_POINT('Ctrl Pts',(-32.1863815449334,-20.0037717543255,-38.0269385208227));
#6607=CARTESIAN_POINT('Ctrl Pts',(-32.4479333581636,-20.456792783652,-37.3404404497626));
#6608=CARTESIAN_POINT('Ctrl Pts',(-32.6682192667354,-20.8383391694898,-36.6036174987472));
#6609=CARTESIAN_POINT('Ctrl Pts',(-31.9297853519524,-19.5593341110536,-38.7215347376302));
#6610=CARTESIAN_POINT('Ctrl Pts',(-32.2232671255221,-20.0676486584615,-38.0869499322092));
#6611=CARTESIAN_POINT('Ctrl Pts',(-32.4872043908997,-20.5248218587194,-37.3958566733255));
#6612=CARTESIAN_POINT('Ctrl Pts',(-32.709720032798,-20.9102206048632,-36.6532469732141));
#6613=CARTESIAN_POINT('Ctrl Pts',(-31.9514563849551,-19.7055623191441,-38.8483950710737));
#6614=CARTESIAN_POINT('Ctrl Pts',(-32.2486427997208,-20.2226595677571,-38.2064719009099));
#6615=CARTESIAN_POINT('Ctrl Pts',(-32.5163456763403,-20.6886039278635,-37.5062241223204));
#6616=CARTESIAN_POINT('Ctrl Pts',(-32.7423910007236,-21.0821990560032,-36.7520695061272));
#6617=CARTESIAN_POINT('Ctrl Pts',(-31.8136296294585,-19.9785547483721,-39.0029691474742));
#6618=CARTESIAN_POINT('Ctrl Pts',(-32.1114919996608,-20.5067601622916,-38.3507356967294));
#6619=CARTESIAN_POINT('Ctrl Pts',(-32.3799465707269,-20.9837042352773,-37.6381693245909));
#6620=CARTESIAN_POINT('Ctrl Pts',(-32.6066930141582,-21.3871439612971,-36.8694087829691));
#6621=CARTESIAN_POINT('Ctrl Pts',(-31.5947828415339,-20.1103397838773,-39.0073116677175));
#6622=CARTESIAN_POINT('Ctrl Pts',(-31.888492098485,-20.63791288355,-38.3519840186262));
#6623=CARTESIAN_POINT('Ctrl Pts',(-32.1526297765742,-21.1133122821595,-37.636984874973));
#6624=CARTESIAN_POINT('Ctrl Pts',(-32.3754109789883,-21.5152260029873,-36.8665873003412));
#6625=CARTESIAN_POINT('Ctrl Pts',(-31.4622659161042,-20.1401590719229,-38.9699988749519));
#6626=CARTESIAN_POINT('Ctrl Pts',(-31.7533688430412,-20.6636062718254,-38.3150108395631));
#6627=CARTESIAN_POINT('Ctrl Pts',(-32.0149206562714,-21.1348276636943,-37.6011932023308));
#6628=CARTESIAN_POINT('Ctrl Pts',(-32.2352065648432,-21.5323419455322,-36.8335338636859));
#6629=CARTESIAN_POINT('',(-32.6682192667354,-20.8383391694898,-36.6036174987472));
#6630=CARTESIAN_POINT('',(-32.2352065648785,-21.532341945528,-36.8335338636939));
#6631=CARTESIAN_POINT('Origin',(-32.2352065648432,-21.0883391694898,-36.6036174987472));
#6632=CARTESIAN_POINT('Ctrl Pts',(-31.8952786179964,-19.4995666946386,-38.6578489193098));
#6633=CARTESIAN_POINT('Ctrl Pts',(-32.1863815449334,-20.0037717543255,-38.0269385208227));
#6634=CARTESIAN_POINT('Ctrl Pts',(-32.4479333581636,-20.456792783652,-37.3404404497626));
#6635=CARTESIAN_POINT('Ctrl Pts',(-32.6682192667354,-20.8383391694898,-36.6036174987472));
#6636=CARTESIAN_POINT('Ctrl Pts',(-32.2352065648432,-21.5323419455322,-36.8335338636859));
#6637=CARTESIAN_POINT('Ctrl Pts',(-32.0149206562714,-21.1348276636943,-37.6011932023308));
#6638=CARTESIAN_POINT('Ctrl Pts',(-31.7533688430412,-20.6636062718254,-38.3150108395631));
#6639=CARTESIAN_POINT('Ctrl Pts',(-31.4622659161042,-20.1401590719229,-38.9699988749519));
#6640=CARTESIAN_POINT('Ctrl Pts',(-32.6682192667662,-20.8383391695431,-36.6036174986442));
#6641=CARTESIAN_POINT('Ctrl Pts',(-32.7223016778501,-20.9320126533363,-36.422720036831));
#6642=CARTESIAN_POINT('Ctrl Pts',(-32.7740421445962,-21.0216297705478,-36.2382111196969));
#6643=CARTESIAN_POINT('Ctrl Pts',(-33.0049574020739,-21.4215867287422,-35.3536678720068));
#6644=CARTESIAN_POINT('Ctrl Pts',(-33.1472057102752,-21.6679680258374,-34.6099503668994));
#6645=CARTESIAN_POINT('Ctrl Pts',(-33.3057857601047,-21.9426367292089,-33.2688071531096));
#6646=CARTESIAN_POINT('Ctrl Pts',(-33.3437992476442,-22.0084780210003,-32.6758189192656));
#6647=CARTESIAN_POINT('Ctrl Pts',(-33.358190073847,-22.0334036631464,-31.8636872972036));
#6648=CARTESIAN_POINT('Ctrl Pts',(-33.3585750800434,-22.0340705134398,-31.6479548099945));
#6649=CARTESIAN_POINT('Ctrl Pts',(-33.3585750800434,-22.0340705134398,-31.4328292615375));
#6650=CARTESIAN_POINT('Ctrl Pts',(-32.7097200328291,-20.910220604917,-36.6532469731103));
#6651=CARTESIAN_POINT('Ctrl Pts',(-32.7643499059353,-21.0048396652733,-36.4709289315671));
#6652=CARTESIAN_POINT('Ctrl Pts',(-32.816618036283,-21.0953679019217,-36.2848493045755));
#6653=CARTESIAN_POINT('Ctrl Pts',(-33.0498750129339,-21.4993691781558,-35.3923063998786));
#6654=CARTESIAN_POINT('Ctrl Pts',(-33.1934484401152,-21.748034383493,-34.6404108881474));
#6655=CARTESIAN_POINT('Ctrl Pts',(-33.3527895899075,-22.0240325945276,-33.2844661538237));
#6656=CARTESIAN_POINT('Ctrl Pts',(-33.390549632874,-22.0894407952017,-32.684246743246));
#6657=CARTESIAN_POINT('Ctrl Pts',(-33.4044223521831,-22.1134789099416,-31.865158319341));
#6658=CARTESIAN_POINT('Ctrl Pts',(-33.4046848759085,-22.1139350226048,-31.6479548100266));
#6659=CARTESIAN_POINT('Ctrl Pts',(-33.4046848759061,-22.1139350226006,-31.4328292615375));
#6660=CARTESIAN_POINT('Ctrl Pts',(-32.7423517320108,-21.0822744356586,-36.7520967995026));
#6661=CARTESIAN_POINT('Ctrl Pts',(-32.797847765344,-21.1789063673637,-36.5669440614701));
#6662=CARTESIAN_POINT('Ctrl Pts',(-32.8510053357314,-21.2713435270473,-36.3777332951276));
#6663=CARTESIAN_POINT('Ctrl Pts',(-33.0884530286274,-21.6836814960943,-35.4692495386518));
#6664=CARTESIAN_POINT('Ctrl Pts',(-33.2351965025805,-21.9366105362052,-34.7010926796888));
#6665=CARTESIAN_POINT('Ctrl Pts',(-33.3981165821698,-22.214108702178,-33.3156639009876));
#6666=CARTESIAN_POINT('Ctrl Pts',(-33.4367703395461,-22.2778727254704,-32.7010456254356));
#6667=CARTESIAN_POINT('Ctrl Pts',(-33.4509099069809,-22.2994127321124,-31.868090157924));
#6668=CARTESIAN_POINT('Ctrl Pts',(-33.451170845044,-22.2993127906557,-31.6479548100906));
#6669=CARTESIAN_POINT('Ctrl Pts',(-33.4511708450416,-22.2993127906405,-31.4328292615375));
#6670=CARTESIAN_POINT('Ctrl Pts',(-32.6067477452671,-21.3871980591649,-36.8694531589352));
#6671=CARTESIAN_POINT('Ctrl Pts',(-32.6624165636414,-21.486246344145,-36.6807147989353));
#6672=CARTESIAN_POINT('Ctrl Pts',(-32.7160118533041,-21.580952590928,-36.4876451192823));
#6673=CARTESIAN_POINT('Ctrl Pts',(-32.9566104609844,-22.0031373811818,-35.5598972799655));
#6674=CARTESIAN_POINT('Ctrl Pts',(-33.1091950316837,-22.261005413138,-34.7730800211132));
#6675=CARTESIAN_POINT('Ctrl Pts',(-33.2844742740621,-22.5403293923602,-33.3534086334984));
#6676=CARTESIAN_POINT('Ctrl Pts',(-33.3297535615983,-22.6021476211229,-32.7216379451908));
#6677=CARTESIAN_POINT('Ctrl Pts',(-33.3493445853667,-22.6206225632202,-31.8717183947864));
#6678=CARTESIAN_POINT('Ctrl Pts',(-33.3505630333393,-22.6198331704524,-31.6479548101694));
#6679=CARTESIAN_POINT('Ctrl Pts',(-33.3505630333563,-22.6198331704236,-31.4328292615375));
#6680=CARTESIAN_POINT('Ctrl Pts',(-32.3754109790194,-21.5152260030434,-36.8665873002335));
#6681=CARTESIAN_POINT('Ctrl Pts',(-32.4301058551859,-21.6138999962085,-36.6774468706707));
#6682=CARTESIAN_POINT('Ctrl Pts',(-32.4829875582745,-21.7083052702294,-36.4841677915679));
#6683=CARTESIAN_POINT('Ctrl Pts',(-32.7214326474831,-22.129486885162,-35.5561479217552));
#6684=CARTESIAN_POINT('Ctrl Pts',(-32.8761940475784,-22.3881516941528,-34.7713893086562));
#6685=CARTESIAN_POINT('Ctrl Pts',(-33.0607900549861,-22.6713660072423,-33.3539445530271));
#6686=CARTESIAN_POINT('Ctrl Pts',(-33.112619275802,-22.7358239887597,-32.7225497871581));
#6687=CARTESIAN_POINT('Ctrl Pts',(-33.1383656369855,-22.7565160475459,-31.8719382754861));
#6688=CARTESIAN_POINT('Ctrl Pts',(-33.1407383332702,-22.7561238237887,-31.6479548101745));
#6689=CARTESIAN_POINT('Ctrl Pts',(-33.1407383333106,-22.7561238237679,-31.4328292615375));
#6690=CARTESIAN_POINT('Ctrl Pts',(-32.235206564874,-21.5323419455877,-36.8335338635786));
#6691=CARTESIAN_POINT('Ctrl Pts',(-32.289288985156,-21.6299357095782,-36.645065756279));
#6692=CARTESIAN_POINT('Ctrl Pts',(-32.3416385534875,-21.7233909987837,-36.4526575287051));
#6693=CARTESIAN_POINT('Ctrl Pts',(-32.5779745317443,-22.1408027862853,-35.5295480901804));
#6694=CARTESIAN_POINT('Ctrl Pts',(-32.7323903653628,-22.3989467129541,-34.7510129513845));
#6695=CARTESIAN_POINT('Ctrl Pts',(-32.9191443212738,-22.6857778543825,-33.3444134861743));
#6696=CARTESIAN_POINT('Ctrl Pts',(-32.9731800986214,-22.7535938995442,-32.7177745783928));
#6697=CARTESIAN_POINT('Ctrl Pts',(-33.0012874011951,-22.7776119243259,-31.8711520960454));
#6698=CARTESIAN_POINT('Ctrl Pts',(-33.004127278976,-22.7778594930236,-31.6479548101568));
#6699=CARTESIAN_POINT('Ctrl Pts',(-33.0041272790256,-22.7778594930157,-31.4328292615375));
#6700=CARTESIAN_POINT('',(-33.3585750800434,-22.0340705134398,-31.4328292615375));
#6701=CARTESIAN_POINT('',(-33.0041272790255,-22.7778594930157,-31.4328292615375));
#6702=CARTESIAN_POINT('Origin',(-32.9255623781512,-22.2840705134398,-31.4328292615375));
#6703=CARTESIAN_POINT('Ctrl Pts',(-32.6682192667662,-20.8383391695431,-36.6036174986442));
#6704=CARTESIAN_POINT('Ctrl Pts',(-32.7223016778501,-20.9320126533363,-36.422720036831));
#6705=CARTESIAN_POINT('Ctrl Pts',(-32.7740421445962,-21.0216297705478,-36.2382111196969));
#6706=CARTESIAN_POINT('Ctrl Pts',(-33.0049574020739,-21.4215867287422,-35.3536678720068));
#6707=CARTESIAN_POINT('Ctrl Pts',(-33.1472057102752,-21.6679680258374,-34.6099503668994));
#6708=CARTESIAN_POINT('Ctrl Pts',(-33.3057857601047,-21.9426367292089,-33.2688071531096));
#6709=CARTESIAN_POINT('Ctrl Pts',(-33.3437992476442,-22.0084780210003,-32.6758189192656));
#6710=CARTESIAN_POINT('Ctrl Pts',(-33.358190073847,-22.0334036631464,-31.8636872972036));
#6711=CARTESIAN_POINT('Ctrl Pts',(-33.3585750800434,-22.0340705134398,-31.6479548099945));
#6712=CARTESIAN_POINT('Ctrl Pts',(-33.3585750800434,-22.0340705134398,-31.4328292615375));
#6713=CARTESIAN_POINT('',(-32.9938283964655,-22.7711971516853,-32.0960387372661));
#6714=CARTESIAN_POINT('Ctrl Pts',(-32.9938190835905,-22.7712301579919,-32.0961059340299));
#6715=CARTESIAN_POINT('Ctrl Pts',(-32.9731800986214,-22.7535938995442,-32.7177745783928));
#6716=CARTESIAN_POINT('Ctrl Pts',(-32.9191443212738,-22.6857778543825,-33.3444134861743));
#6717=CARTESIAN_POINT('Ctrl Pts',(-32.7323903653628,-22.3989467129541,-34.7510129513845));
#6718=CARTESIAN_POINT('Ctrl Pts',(-32.5779745317443,-22.1408027862853,-35.5295480901804));
#6719=CARTESIAN_POINT('Ctrl Pts',(-32.3416385534875,-21.7233909987837,-36.4526575287051));
#6720=CARTESIAN_POINT('Ctrl Pts',(-32.289288985156,-21.6299357095782,-36.645065756279));
#6721=CARTESIAN_POINT('Ctrl Pts',(-32.235206564874,-21.5323419455877,-36.8335338635786));
#6722=CARTESIAN_POINT('Ctrl Pts',(-33.0041272790256,-22.7778594930157,-31.4328292615375));
#6723=CARTESIAN_POINT('Ctrl Pts',(-33.004127278976,-22.7778594930236,-31.6479548101568));
#6724=CARTESIAN_POINT('Ctrl Pts',(-33.0012874011951,-22.7776119243259,-31.8711520960454));
#6725=CARTESIAN_POINT('Ctrl Pts',(-32.9938190835905,-22.7712301579919,-32.0961059340299));
#6726=CARTESIAN_POINT('Ctrl Pts',(-33.3585750800434,-22.0340705134398,-31.4328292615375));
#6727=CARTESIAN_POINT('Ctrl Pts',(-33.3585750800434,-22.0340705134398,-31.288552841025));
#6728=CARTESIAN_POINT('Ctrl Pts',(-33.3585750800434,-22.0340705134398,-31.1442764205125));
#6729=CARTESIAN_POINT('Ctrl Pts',(-33.3585750800434,-22.0340705134398,-31.));
#6730=CARTESIAN_POINT('Ctrl Pts',(-33.4046848759061,-22.1139350226007,-31.4328292615375));
#6731=CARTESIAN_POINT('Ctrl Pts',(-33.4046848759061,-22.1139350226007,-31.288552841025));
#6732=CARTESIAN_POINT('Ctrl Pts',(-33.4046848759061,-22.1139350226007,-31.1442764205125));
#6733=CARTESIAN_POINT('Ctrl Pts',(-33.4046848759061,-22.1139350226007,-31.));
#6734=CARTESIAN_POINT('Ctrl Pts',(-33.451196821597,-22.2992474236633,-31.4328292615375));
#6735=CARTESIAN_POINT('Ctrl Pts',(-33.451196821597,-22.2992474236633,-31.288552841025));
#6736=CARTESIAN_POINT('Ctrl Pts',(-33.451196821597,-22.2992474236633,-31.1442764205125));
#6737=CARTESIAN_POINT('Ctrl Pts',(-33.451196821597,-22.2992474236633,-31.));
#6738=CARTESIAN_POINT('Ctrl Pts',(-33.3505130690566,-22.6197856088289,-31.4328292615375));
#6739=CARTESIAN_POINT('Ctrl Pts',(-33.3505130690566,-22.6197856088289,-31.288552841025));
#6740=CARTESIAN_POINT('Ctrl Pts',(-33.3505130690566,-22.6197856088289,-31.1442764205125));
#6741=CARTESIAN_POINT('Ctrl Pts',(-33.3505130690566,-22.6197856088289,-31.));
#6742=CARTESIAN_POINT('Ctrl Pts',(-33.1407383333106,-22.756123823768,-31.4328292615375));
#6743=CARTESIAN_POINT('Ctrl Pts',(-33.1407383333106,-22.756123823768,-31.288552841025));
#6744=CARTESIAN_POINT('Ctrl Pts',(-33.1407383333106,-22.756123823768,-31.1442764205125));
#6745=CARTESIAN_POINT('Ctrl Pts',(-33.1407383333106,-22.756123823768,-31.));
#6746=CARTESIAN_POINT('Ctrl Pts',(-33.0041272790256,-22.7778594930157,-31.4328292615375));
#6747=CARTESIAN_POINT('Ctrl Pts',(-33.0041272790256,-22.7778594930157,-31.288552841025));
#6748=CARTESIAN_POINT('Ctrl Pts',(-33.0041272790256,-22.7778594930157,-31.1442764205125));
#6749=CARTESIAN_POINT('Ctrl Pts',(-33.0041272790256,-22.7778594930157,-31.));
#6750=CARTESIAN_POINT('',(-33.0041272790256,-22.7778594930157,-31.));
#6751=CARTESIAN_POINT('',(-33.3585750800434,-22.0340705134398,-31.));
#6752=CARTESIAN_POINT('Ctrl Pts',(-33.0041272790256,-22.7778594930157,-31.));
#6753=CARTESIAN_POINT('Ctrl Pts',(-33.1407383333106,-22.756123823768,-31.));
#6754=CARTESIAN_POINT('Ctrl Pts',(-33.2666031747582,-22.6743208948045,-31.));
#6755=CARTESIAN_POINT('Ctrl Pts',(-33.3428392191333,-22.5591756184623,-31.));
#6756=CARTESIAN_POINT('Ctrl Pts',(-33.3936632487168,-22.4824121009008,-31.));
#6757=CARTESIAN_POINT('Ctrl Pts',(-33.4224300351569,-22.3908297622821,-31.));
#6758=CARTESIAN_POINT('Ctrl Pts',(-33.4251854419542,-22.298710492707,-31.));
#6759=CARTESIAN_POINT('Ctrl Pts',(-33.4279408487516,-22.206591223132,-31.));
#6760=CARTESIAN_POINT('Ctrl Pts',(-33.4046848759061,-22.1139350226007,-31.));
#6761=CARTESIAN_POINT('Ctrl Pts',(-33.3585750800434,-22.0340705134398,-31.));
#6762=CARTESIAN_POINT('Ctrl Pts',(-33.3585750800434,-22.0340705134398,-31.4328292615375));
#6763=CARTESIAN_POINT('Ctrl Pts',(-33.3585750800434,-22.0340705134398,-31.288552841025));
#6764=CARTESIAN_POINT('Ctrl Pts',(-33.3585750800434,-22.0340705134398,-31.1442764205125));
#6765=CARTESIAN_POINT('Ctrl Pts',(-33.3585750800434,-22.0340705134398,-31.));
#6766=CARTESIAN_POINT('Ctrl Pts',(-33.0041272790256,-22.7778594930157,-31.));
#6767=CARTESIAN_POINT('Ctrl Pts',(-33.0041272790256,-22.7778594930157,-31.1442764205125));
#6768=CARTESIAN_POINT('Ctrl Pts',(-33.0041272790256,-22.7778594930157,-31.288552841025));
#6769=CARTESIAN_POINT('Ctrl Pts',(-33.0041272790256,-22.7778594930157,-31.4328292615375));
#6770=CARTESIAN_POINT('Ctrl Pts',(-44.,-8.00000000000001,-34.0709776063317));
#6771=CARTESIAN_POINT('Ctrl Pts',(-44.,-8.00000000000001,-32.0473184042211));
#6772=CARTESIAN_POINT('Ctrl Pts',(-44.,-8.00000000000001,-30.0236592021105));
#6773=CARTESIAN_POINT('Ctrl Pts',(-44.,-8.00000000000001,-28.));
#6774=CARTESIAN_POINT('Ctrl Pts',(-44.,-9.23800205098691,-34.0709776063317));
#6775=CARTESIAN_POINT('Ctrl Pts',(-44.,-9.23800205098691,-32.0473184042211));
#6776=CARTESIAN_POINT('Ctrl Pts',(-44.,-9.23800205098691,-30.0236592021105));
#6777=CARTESIAN_POINT('Ctrl Pts',(-44.,-9.23800205098691,-28.));
#6778=CARTESIAN_POINT('Ctrl Pts',(-43.9839394989148,-11.6860356784295,-34.0709776063316));
#6779=CARTESIAN_POINT('Ctrl Pts',(-43.9839394989148,-11.6860356784295,-32.0473184042211));
#6780=CARTESIAN_POINT('Ctrl Pts',(-43.9839394989148,-11.6860356784295,-30.0236592021105));
#6781=CARTESIAN_POINT('Ctrl Pts',(-43.9839394989148,-11.6860356784295,-28.));
#6782=CARTESIAN_POINT('Ctrl Pts',(-43.1702222489471,-14.7211191722516,-34.0709776063317));
#6783=CARTESIAN_POINT('Ctrl Pts',(-43.1702222489471,-14.7211191722516,-32.0473184042211));
#6784=CARTESIAN_POINT('Ctrl Pts',(-43.1702222489471,-14.7211191722516,-30.0236592021105));
#6785=CARTESIAN_POINT('Ctrl Pts',(-43.1702222489471,-14.7211191722516,-28.));
#6786=CARTESIAN_POINT('Ctrl Pts',(-41.5716382986189,-17.6005812866259,-34.0709776063316));
#6787=CARTESIAN_POINT('Ctrl Pts',(-41.5716382986189,-17.6005812866259,-32.0473184042211));
#6788=CARTESIAN_POINT('Ctrl Pts',(-41.5716382986189,-17.600581286626,-30.0236592021105));
#6789=CARTESIAN_POINT('Ctrl Pts',(-41.5716382986189,-17.600581286626,-28.));
#6790=CARTESIAN_POINT('Ctrl Pts',(-40.1705677473034,-19.1539427306669,-34.0709776063317));
#6791=CARTESIAN_POINT('Ctrl Pts',(-40.1705677473034,-19.1539427306669,-32.0473184042211));
#6792=CARTESIAN_POINT('Ctrl Pts',(-40.1705677473034,-19.153942730667,-30.0236592021105));
#6793=CARTESIAN_POINT('Ctrl Pts',(-40.1705677473034,-19.153942730667,-28.));
#6794=CARTESIAN_POINT('Ctrl Pts',(-39.1221056985756,-20.0167983757162,-34.0709776063317));
#6795=CARTESIAN_POINT('Ctrl Pts',(-39.1221056985756,-20.0167983757162,-32.0473184042211));
#6796=CARTESIAN_POINT('Ctrl Pts',(-39.1221056985756,-20.0167983757163,-30.0236592021105));
#6797=CARTESIAN_POINT('Ctrl Pts',(-39.1221056985756,-20.0167983757163,-28.));
#6798=CARTESIAN_POINT('',(-39.1221056985756,-20.0167983757163,-31.));
#6799=CARTESIAN_POINT('Ctrl Pts',(-39.5876115317575,-19.6156456771146,-31.));
#6800=CARTESIAN_POINT('Ctrl Pts',(-39.4352230403164,-19.753061728371,-31.));
#6801=CARTESIAN_POINT('Ctrl Pts',(-39.2799611508326,-19.8868876476674,-31.));
#6802=CARTESIAN_POINT('Ctrl Pts',(-39.1221056985756,-20.0167983757163,-31.));
#6803=CARTESIAN_POINT('',(-39.1221056985756,-20.0167983757163,-28.));
#6804=CARTESIAN_POINT('Ctrl Pts',(-39.1221056985756,-20.0167983757163,-28.));
#6805=CARTESIAN_POINT('Ctrl Pts',(-39.1221056985756,-20.0167983757163,-29.));
#6806=CARTESIAN_POINT('Ctrl Pts',(-39.1221056985756,-20.0167983757162,-30.));
#6807=CARTESIAN_POINT('Ctrl Pts',(-39.1221056985756,-20.0167983757162,-31.));
#6808=CARTESIAN_POINT('',(-44.,-8.00000000000001,-28.));
#6809=CARTESIAN_POINT('Ctrl Pts',(-44.,-8.00000000000001,-28.));
#6810=CARTESIAN_POINT('Ctrl Pts',(-44.,-9.23800205098691,-28.));
#6811=CARTESIAN_POINT('Ctrl Pts',(-43.9919697494574,-10.4620188647082,-28.));
#6812=CARTESIAN_POINT('Ctrl Pts',(-43.8252111741925,-11.6810439703333,-28.));
#6813=CARTESIAN_POINT('Ctrl Pts',(-43.6584525989277,-12.9000690759583,-28.));
#6814=CARTESIAN_POINT('Ctrl Pts',(-43.3329656989406,-14.1141024734872,-28.));
#6815=CARTESIAN_POINT('Ctrl Pts',(-42.7981810121907,-15.2866368364966,-28.));
#6816=CARTESIAN_POINT('Ctrl Pts',(-42.5307886688158,-15.8729040180013,-28.));
#6817=CARTESIAN_POINT('Ctrl Pts',(-42.2110718787501,-16.4487964408762,-28.));
#6818=CARTESIAN_POINT('Ctrl Pts',(-41.842252846338,-17.0053204387973,-28.));
#6819=CARTESIAN_POINT('Ctrl Pts',(-41.1046147815137,-18.1183684346396,-28.));
#6820=CARTESIAN_POINT('Ctrl Pts',(-40.1705677473034,-19.1539427306669,-28.));
#6821=CARTESIAN_POINT('Ctrl Pts',(-39.1221056985756,-20.0167983757163,-28.));
#6822=CARTESIAN_POINT('',(-44.,-8.00000000000001,-34.));
#6823=CARTESIAN_POINT('',(-44.,-8.00000000000001,21.6));
#6824=CARTESIAN_POINT('Ctrl Pts',(-44.,-8.00000000000001,-34.0000000000001));
#6825=CARTESIAN_POINT('Ctrl Pts',(-44.,-8.43258027080588,-34.0000000000001));
#6826=CARTESIAN_POINT('Ctrl Pts',(-44.0050797258836,-9.18355174770532,-34.0016569798743));
#6827=CARTESIAN_POINT('Ctrl Pts',(-43.9542366361022,-10.4865570267093,-33.9683287605122));
#6828=CARTESIAN_POINT('Ctrl Pts',(-43.855978375336,-11.5114732285844,-33.926266185576));
#6829=CARTESIAN_POINT('Ctrl Pts',(-43.7162050476732,-12.4375307362579,-33.8813633591734));
#6830=CARTESIAN_POINT('Ctrl Pts',(-43.5300416586823,-13.2339922293284,-33.838973786164));
#6831=CARTESIAN_POINT('Ctrl Pts',(-43.3066918221309,-14.0048187715222,-33.7947976972958));
#6832=CARTESIAN_POINT('Ctrl Pts',(-43.0095233631327,-14.8628487231086,-33.7421651108555));
#6833=CARTESIAN_POINT('Ctrl Pts',(-42.4670731263648,-15.9935793322254,-33.6421363542422));
#6834=CARTESIAN_POINT('Ctrl Pts',(-41.7828448911269,-17.139605720661,-33.4951688722253));
#6835=CARTESIAN_POINT('Ctrl Pts',(-41.0073533176321,-18.1692815278575,-33.2971903337633));
#6836=CARTESIAN_POINT('Ctrl Pts',(-40.2412036397466,-19.0047806436856,-33.0798942036019));
#6837=CARTESIAN_POINT('Ctrl Pts',(-39.764141454006,-19.4569227335503,-32.9445494444463));
#6838=CARTESIAN_POINT('Ctrl Pts',(-39.5879629038316,-19.6156088279565,-32.8953941709721));
#6839=CARTESIAN_POINT('Ctrl Pts',(-32.8953941709721,-19.6156088279564,-39.5879629038317));
#6840=CARTESIAN_POINT('Ctrl Pts',(-32.9445494444464,-19.4569227335502,-39.7641414540061));
#6841=CARTESIAN_POINT('Ctrl Pts',(-33.0798942036019,-19.0047806436856,-40.2412036397466));
#6842=CARTESIAN_POINT('Ctrl Pts',(-33.2971903337633,-18.1692815278575,-41.0073533176321));
#6843=CARTESIAN_POINT('Ctrl Pts',(-33.4951688722253,-17.139605720661,-41.7828448911269));
#6844=CARTESIAN_POINT('Ctrl Pts',(-33.6421363542422,-15.9935793322255,-42.4670731263647));
#6845=CARTESIAN_POINT('Ctrl Pts',(-33.7421651108555,-14.8628487231088,-43.0095233631327));
#6846=CARTESIAN_POINT('Ctrl Pts',(-33.7947976972958,-14.0048187715224,-43.3066918221309));
#6847=CARTESIAN_POINT('Ctrl Pts',(-33.838973786164,-13.2339922293285,-43.5300416586823));
#6848=CARTESIAN_POINT('Ctrl Pts',(-33.8813633591734,-12.4375307362581,-43.7162050476732));
#6849=CARTESIAN_POINT('Ctrl Pts',(-33.926266185576,-11.5114732285845,-43.8559783753361));
#6850=CARTESIAN_POINT('Ctrl Pts',(-33.9683287605122,-10.4865570267093,-43.9542366361023));
#6851=CARTESIAN_POINT('Ctrl Pts',(-34.0016569798743,-9.18355174770536,-44.0050797258837));
#6852=CARTESIAN_POINT('Ctrl Pts',(-34.,-8.43258027080593,-44.0000000000001));
#6853=CARTESIAN_POINT('Ctrl Pts',(-34.,-8.00000000000005,-44.0000000000001));
#6854=CARTESIAN_POINT('Ctrl Pts',(-33.2722400273453,-19.80300623822,-39.3799081012341));
#6855=CARTESIAN_POINT('Ctrl Pts',(-33.3312735013235,-19.6498744718085,-39.5570554611279));
#6856=CARTESIAN_POINT('Ctrl Pts',(-33.4939378602479,-19.2124913742592,-40.0381411236314));
#6857=CARTESIAN_POINT('Ctrl Pts',(-33.7591603104111,-18.3980242893123,-40.8174231406711));
#6858=CARTESIAN_POINT('Ctrl Pts',(-34.0141866298433,-17.3835420772561,-41.6177040561217));
#6859=CARTESIAN_POINT('Ctrl Pts',(-34.2219321946226,-16.237279618852,-42.3371083464229));
#6860=CARTESIAN_POINT('Ctrl Pts',(-34.3780975319682,-15.0898453193637,-42.9178814238236));
#6861=CARTESIAN_POINT('Ctrl Pts',(-34.465979943842,-14.2037342228184,-43.2424890040587));
#6862=CARTESIAN_POINT('Ctrl Pts',(-34.5368954101453,-13.4026175056417,-43.4873327714089));
#6863=CARTESIAN_POINT('Ctrl Pts',(-34.6018597157302,-12.5706596407952,-43.692326413371));
#6864=CARTESIAN_POINT('Ctrl Pts',(-34.6624031907009,-11.6013203745751,-43.8456093381128));
#6865=CARTESIAN_POINT('Ctrl Pts',(-34.7138683884719,-10.5334035744602,-43.952063929149));
#6866=CARTESIAN_POINT('Ctrl Pts',(-34.7501298116066,-9.18972903764419,-44.0055079517095));
#6867=CARTESIAN_POINT('Ctrl Pts',(-34.7479144348798,-8.43285111477884,-43.9999208686298));
#6868=CARTESIAN_POINT('Ctrl Pts',(-34.7479982508547,-8.00000000000005,-44.0000000000001));
#6869=CARTESIAN_POINT('Ctrl Pts',(-34.0248164180929,-20.1634597637392,-38.9519964447743));
#6870=CARTESIAN_POINT('Ctrl Pts',(-34.1034150601262,-20.0213132081841,-39.1306625885892));
#6871=CARTESIAN_POINT('Ctrl Pts',(-34.3203888468632,-19.6130357865494,-39.6185460255335));
#6872=CARTESIAN_POINT('Ctrl Pts',(-34.680304146721,-18.8402503288254,-40.422033632501));
#6873=CARTESIAN_POINT('Ctrl Pts',(-35.0478115931761,-17.8563929631862,-41.2697974523422));
#6874=CARTESIAN_POINT('Ctrl Pts',(-35.3747182978576,-16.7111173387969,-42.0589770743909));
#6875=CARTESIAN_POINT('Ctrl Pts',(-35.6404432740592,-15.5330727130326,-42.7176892214068));
#6876=CARTESIAN_POINT('Ctrl Pts',(-35.7967215841384,-14.5929782316684,-43.0997333582755));
#6877=CARTESIAN_POINT('Ctrl Pts',(-35.9195857673793,-13.733476170037,-43.3898230078805));
#6878=CARTESIAN_POINT('Ctrl Pts',(-36.0282389973069,-12.8322905313029,-43.6347940568112));
#6879=CARTESIAN_POINT('Ctrl Pts',(-36.1190050882453,-11.7781634407582,-43.8167212398029));
#6880=CARTESIAN_POINT('Ctrl Pts',(-36.1886502146769,-10.6256247023747,-43.9403965899514));
#6881=CARTESIAN_POINT('Ctrl Pts',(-36.2307194680317,-9.2019156700978,-43.9991603508446));
#6882=CARTESIAN_POINT('Ctrl Pts',(-36.2273636632978,-8.43303357740152,-43.9925649842229));
#6883=CARTESIAN_POINT('Ctrl Pts',(-36.2274377723811,-8.00000000000005,-43.9927639034429));
#6884=CARTESIAN_POINT('Ctrl Pts',(-35.1520641749294,-20.573780395949,-38.1943293123397));
#6885=CARTESIAN_POINT('Ctrl Pts',(-35.2599722479709,-20.444430171014,-38.3680033994421));
#6886=CARTESIAN_POINT('Ctrl Pts',(-35.5580026301339,-20.0702174872962,-38.8451992930806));
#6887=CARTESIAN_POINT('Ctrl Pts',(-36.0592085281132,-19.3462068658644,-39.6446486483713));
#6888=CARTESIAN_POINT('Ctrl Pts',(-36.5936923958191,-18.398788387066,-40.5103632874802));
#6889=CARTESIAN_POINT('Ctrl Pts',(-37.0972555080715,-17.2565434141932,-41.3428197036211));
#6890=CARTESIAN_POINT('Ctrl Pts',(-37.5255126870379,-16.0450298937479,-42.0591272170678));
#6891=CARTESIAN_POINT('Ctrl Pts',(-37.7835318159918,-15.0439271300222,-42.4886314224336));
#6892=CARTESIAN_POINT('Ctrl Pts',(-37.9835670660642,-14.1173680980226,-42.8170959776976));
#6893=CARTESIAN_POINT('Ctrl Pts',(-38.1572041104848,-13.1364865957121,-43.0968120117416));
#6894=CARTESIAN_POINT('Ctrl Pts',(-38.2927878536978,-11.9838595011409,-43.3041105256538));
#6895=CARTESIAN_POINT('Ctrl Pts',(-38.3892092596839,-10.7329749947649,-43.4429312241543));
#6896=CARTESIAN_POINT('Ctrl Pts',(-38.4395705258657,-9.21606199689173,-43.5062700454203));
#6897=CARTESIAN_POINT('Ctrl Pts',(-38.434617233308,-8.43358098308261,-43.4987795825155));
#6898=CARTESIAN_POINT('Ctrl Pts',(-38.4348569692953,-8.00000000000005,-43.4991450097102));
#6899=CARTESIAN_POINT('Ctrl Pts',(-36.2536163190897,-20.7923379743203,-37.2896345522383));
#6900=CARTESIAN_POINT('Ctrl Pts',(-36.3892041081995,-20.6698894211,-37.4486337304997));
#6901=CARTESIAN_POINT('Ctrl Pts',(-36.7636331018101,-20.3140014576154,-37.8871446879593));
#6902=CARTESIAN_POINT('Ctrl Pts',(-37.3967798389147,-19.6163053954268,-38.6281242272829));
#6903=CARTESIAN_POINT('Ctrl Pts',(-38.0855599688032,-18.688671837462,-39.4387331966908));
#6904=CARTESIAN_POINT('Ctrl Pts',(-38.7509972573014,-17.5483996845312,-40.2276429744312));
#6905=CARTESIAN_POINT('Ctrl Pts',(-39.32755479423,-16.319499501757,-40.9144445060093));
#6906=CARTESIAN_POINT('Ctrl Pts',(-39.6781989132641,-15.2858679819514,-41.3322013118176));
#6907=CARTESIAN_POINT('Ctrl Pts',(-39.9485067972167,-14.3236033349403,-41.6531307742493));
#6908=CARTESIAN_POINT('Ctrl Pts',(-40.181219967634,-13.2999984876582,-41.9279763175086));
#6909=CARTESIAN_POINT('Ctrl Pts',(-40.3573969491121,-12.0945180483054,-42.1328152047595));
#6910=CARTESIAN_POINT('Ctrl Pts',(-40.477939828771,-10.7907232064563,-42.2702721950984));
#6911=CARTESIAN_POINT('Ctrl Pts',(-40.5357198722478,-9.22368603562453,-42.3332098862034));
#6912=CARTESIAN_POINT('Ctrl Pts',(-40.5293266212145,-8.43371023746785,-42.3257985396205));
#6913=CARTESIAN_POINT('Ctrl Pts',(-40.5296494058644,-8.00000000000004,-42.3261599743192));
#6914=CARTESIAN_POINT('Ctrl Pts',(-37.6377847548956,-20.7950688367606,-35.9079258363845));
#6915=CARTESIAN_POINT('Ctrl Pts',(-37.8048229448058,-20.6727131632764,-36.0356601361899));
#6916=CARTESIAN_POINT('Ctrl Pts',(-38.2652142352404,-20.3171116465806,-36.3887006859347));
#6917=CARTESIAN_POINT('Ctrl Pts',(-39.0433779767975,-19.6197960748211,-36.9857004843816));
#6918=CARTESIAN_POINT('Ctrl Pts',(-39.8961198609919,-18.692479624146,-37.6337072148807));
#6919=CARTESIAN_POINT('Ctrl Pts',(-40.728131610759,-17.5523534943436,-38.2577273129342));
#6920=CARTESIAN_POINT('Ctrl Pts',(-41.453717594076,-16.3232536385194,-38.7973007732789));
#6921=CARTESIAN_POINT('Ctrl Pts',(-41.8953473364101,-15.2892886283451,-39.1253516815274));
#6922=CARTESIAN_POINT('Ctrl Pts',(-42.2342298180692,-14.3264921369987,-39.3786991682008));
#6923=CARTESIAN_POINT('Ctrl Pts',(-42.5241241449665,-13.3023375569851,-39.5972333045825));
#6924=CARTESIAN_POINT('Ctrl Pts',(-42.7392060568316,-12.0960761165673,-39.7637884528061));
#6925=CARTESIAN_POINT('Ctrl Pts',(-42.8826902958123,-10.7915485183837,-39.8786442619803));
#6926=CARTESIAN_POINT('Ctrl Pts',(-42.9473703081171,-9.22378412954823,-39.9347335496837));
#6927=CARTESIAN_POINT('Ctrl Pts',(-42.939642361506,-8.4338206426699,-39.9286464413555));
#6928=CARTESIAN_POINT('Ctrl Pts',(-42.9401157221603,-8.00000000000003,-39.9289241797879));
#6929=CARTESIAN_POINT('Ctrl Pts',(-38.7435074761313,-20.3470942103373,-34.398707094834));
#6930=CARTESIAN_POINT('Ctrl Pts',(-38.9233198845297,-20.2105547819105,-34.4869346841833));
#6931=CARTESIAN_POINT('Ctrl Pts',(-39.4157417448397,-19.8171908756787,-34.7305343354312));
#6932=CARTESIAN_POINT('Ctrl Pts',(-40.2335548259286,-19.0657191885497,-35.1368745115865));
#6933=CARTESIAN_POINT('Ctrl Pts',(-41.1081085072644,-18.0975696425259,-35.559268827077));
#6934=CARTESIAN_POINT('Ctrl Pts',(-41.9359355724,-16.9529770898158,-35.9440964811528));
#6935=CARTESIAN_POINT('Ctrl Pts',(-42.6376026310306,-15.7593688057357,-36.2628646996627));
#6936=CARTESIAN_POINT('Ctrl Pts',(-43.0511922310033,-14.7918774475322,-36.4521114923862));
#6937=CARTESIAN_POINT('Ctrl Pts',(-43.3661576003116,-13.9025069855913,-36.599932270176));
#6938=CARTESIAN_POINT('Ctrl Pts',(-43.633064016582,-12.9660264965377,-36.729566974738));
#6939=CARTESIAN_POINT('Ctrl Pts',(-43.8307006339743,-11.8685245724691,-36.8348320963008));
#6940=CARTESIAN_POINT('Ctrl Pts',(-43.9637735965312,-10.672764534814,-36.9132011068655));
#6941=CARTESIAN_POINT('Ctrl Pts',(-44.0254077552582,-9.2081297074014,-36.9580190564913));
#6942=CARTESIAN_POINT('Ctrl Pts',(-44.0182556888812,-8.43328197637129,-36.954134099466));
#6943=CARTESIAN_POINT('Ctrl Pts',(-44.0185513997605,-8.00000000000002,-36.9542615843908));
#6944=CARTESIAN_POINT('Ctrl Pts',(-39.379908101234,-19.8030062382201,-33.2722400273453));
#6945=CARTESIAN_POINT('Ctrl Pts',(-39.5570554611279,-19.6498744718085,-33.3312735013235));
#6946=CARTESIAN_POINT('Ctrl Pts',(-40.0381411236313,-19.2124913742592,-33.4939378602479));
#6947=CARTESIAN_POINT('Ctrl Pts',(-40.8174231406711,-18.3980242893123,-33.7591603104111));
#6948=CARTESIAN_POINT('Ctrl Pts',(-41.6177040561217,-17.383542077256,-34.0141866298433));
#6949=CARTESIAN_POINT('Ctrl Pts',(-42.3371083464229,-16.2372796188519,-34.2219321946226));
#6950=CARTESIAN_POINT('Ctrl Pts',(-42.9178814238236,-15.0898453193635,-34.3780975319682));
#6951=CARTESIAN_POINT('Ctrl Pts',(-43.2424890040587,-14.2037342228183,-34.465979943842));
#6952=CARTESIAN_POINT('Ctrl Pts',(-43.4873327714089,-13.4026175056415,-34.5368954101453));
#6953=CARTESIAN_POINT('Ctrl Pts',(-43.692326413371,-12.5706596407951,-34.6018597157302));
#6954=CARTESIAN_POINT('Ctrl Pts',(-43.8456093381128,-11.601320374575,-34.662403190701));
#6955=CARTESIAN_POINT('Ctrl Pts',(-43.9520639291489,-10.5334035744602,-34.7138683884719));
#6956=CARTESIAN_POINT('Ctrl Pts',(-44.0055079517094,-9.18972903764416,-34.7501298116066));
#6957=CARTESIAN_POINT('Ctrl Pts',(-43.9999208686297,-8.4328511147788,-34.7479144348798));
#6958=CARTESIAN_POINT('Ctrl Pts',(-44.,-8.00000000000001,-34.7479982508548));
#6959=CARTESIAN_POINT('Ctrl Pts',(-39.5879629038316,-19.6156088279565,-32.8953941709721));
#6960=CARTESIAN_POINT('Ctrl Pts',(-39.764141454006,-19.4569227335503,-32.9445494444463));
#6961=CARTESIAN_POINT('Ctrl Pts',(-40.2412036397466,-19.0047806436856,-33.0798942036019));
#6962=CARTESIAN_POINT('Ctrl Pts',(-41.0073533176321,-18.1692815278575,-33.2971903337633));
#6963=CARTESIAN_POINT('Ctrl Pts',(-41.7828448911269,-17.139605720661,-33.4951688722253));
#6964=CARTESIAN_POINT('Ctrl Pts',(-42.4670731263648,-15.9935793322254,-33.6421363542422));
#6965=CARTESIAN_POINT('Ctrl Pts',(-43.0095233631327,-14.8628487231086,-33.7421651108555));
#6966=CARTESIAN_POINT('Ctrl Pts',(-43.3066918221309,-14.0048187715222,-33.7947976972958));
#6967=CARTESIAN_POINT('Ctrl Pts',(-43.5300416586823,-13.2339922293284,-33.838973786164));
#6968=CARTESIAN_POINT('Ctrl Pts',(-43.7162050476732,-12.4375307362579,-33.8813633591734));
#6969=CARTESIAN_POINT('Ctrl Pts',(-43.855978375336,-11.5114732285844,-33.926266185576));
#6970=CARTESIAN_POINT('Ctrl Pts',(-43.9542366361022,-10.4865570267093,-33.9683287605122));
#6971=CARTESIAN_POINT('Ctrl Pts',(-44.0050797258836,-9.18355174770532,-34.0016569798743));
#6972=CARTESIAN_POINT('Ctrl Pts',(-44.,-8.43258027080588,-34.0000000000001));
#6973=CARTESIAN_POINT('Ctrl Pts',(-44.,-8.00000000000001,-34.0000000000001));
#6974=CARTESIAN_POINT('',(-34.,-8.00000000000001,-44.));
#6975=CARTESIAN_POINT('Ctrl Pts',(-44.,-8.00000000000001,-34.));
#6976=CARTESIAN_POINT('Ctrl Pts',(-44.,-8.00000000000001,-34.7479982508547));
#6977=CARTESIAN_POINT('Ctrl Pts',(-43.9924276735705,-8.00000000000001,-36.2282066704707));
#6978=CARTESIAN_POINT('Ctrl Pts',(-43.5006643485712,-8.00000000000001,-38.4315390413896));
#6979=CARTESIAN_POINT('Ctrl Pts',(-42.3240616848425,-8.00000000000001,-40.5342735115291));
#6980=CARTESIAN_POINT('Ctrl Pts',(-40.5342858829459,-8.00000000000001,-42.3245693167592));
#6981=CARTESIAN_POINT('Ctrl Pts',(-38.4320248484177,-8.00000000000001,-43.4995274855711));
#6982=CARTESIAN_POINT('Ctrl Pts',(-36.2281283971414,-8.00000000000001,-43.9928519584808));
#6983=CARTESIAN_POINT('Ctrl Pts',(-34.7479982508547,-8.00000000000001,-44.0000000000001));
#6984=CARTESIAN_POINT('Ctrl Pts',(-34.,-8.00000000000001,-44.0000000000001));
#6985=CARTESIAN_POINT('Ctrl Pts',(-33.743722875519,-14.7672799601861,-43.0214466743812));
#6986=CARTESIAN_POINT('Ctrl Pts',(-33.7716890183775,-14.3814151880622,-43.1761526081902));
#6987=CARTESIAN_POINT('Ctrl Pts',(-33.7963932474838,-13.9769780897002,-43.3147587624789));
#6988=CARTESIAN_POINT('Ctrl Pts',(-33.838973786164,-13.2339922293285,-43.5300416586823));
#6989=CARTESIAN_POINT('Ctrl Pts',(-33.8813633591734,-12.4375307362581,-43.7162050476732));
#6990=CARTESIAN_POINT('Ctrl Pts',(-33.926266185576,-11.5114732285845,-43.8559783753361));
#6991=CARTESIAN_POINT('Ctrl Pts',(-33.9683287605122,-10.4865570267093,-43.9542366361023));
#6992=CARTESIAN_POINT('Ctrl Pts',(-34.0016569798743,-9.18355174770536,-44.0050797258837));
#6993=CARTESIAN_POINT('Ctrl Pts',(-34.,-8.43258027080593,-44.0000000000001));
#6994=CARTESIAN_POINT('Ctrl Pts',(-34.,-8.00000000000005,-44.0000000000001));
#6995=CARTESIAN_POINT('Ctrl Pts',(-34.0396717262304,-23.,-29.));
#6996=CARTESIAN_POINT('Ctrl Pts',(-22.6931144841536,-23.,-29.));
#6997=CARTESIAN_POINT('Ctrl Pts',(-11.3465572420768,-23.,-29.));
#6998=CARTESIAN_POINT('Ctrl Pts',(1.16860528140008E-14,-23.,-29.));
#6999=CARTESIAN_POINT('Ctrl Pts',(-34.0396717262304,-23.,-30.1219973762821));
#7000=CARTESIAN_POINT('Ctrl Pts',(-22.6931144841536,-23.,-30.1219973762821));
#7001=CARTESIAN_POINT('Ctrl Pts',(-11.3465572420768,-23.,-30.1219973762821));
#7002=CARTESIAN_POINT('Ctrl Pts',(1.14369193498573E-14,-23.,-30.1219973762821));
#7003=CARTESIAN_POINT('Ctrl Pts',(-34.0396717262304,-22.9886251551569,-32.3422751977498));
#7004=CARTESIAN_POINT('Ctrl Pts',(-22.6931144841536,-22.9886251551569,-32.3422751977498));
#7005=CARTESIAN_POINT('Ctrl Pts',(-11.3465572420768,-22.9886251551569,-32.3422751977498));
#7006=CARTESIAN_POINT('Ctrl Pts',(1.09439186381657E-14,-22.9886251551569,
-32.3422751977498));
#7007=CARTESIAN_POINT('Ctrl Pts',(-34.0396717262304,-22.2509792703076,-35.647452111525));
#7008=CARTESIAN_POINT('Ctrl Pts',(-22.6931144841536,-22.2509792703076,-35.647452111525));
#7009=CARTESIAN_POINT('Ctrl Pts',(-11.3465572420768,-22.2509792703076,-35.647452111525));
#7010=CARTESIAN_POINT('Ctrl Pts',(1.02100219361391E-14,-22.2509792703076,
-35.6474521115251));
#7011=CARTESIAN_POINT('Ctrl Pts',(-34.0396717262304,-20.4860490469295,-38.8012042340894));
#7012=CARTESIAN_POINT('Ctrl Pts',(-22.6931144841536,-20.4860490469295,-38.8012042340895));
#7013=CARTESIAN_POINT('Ctrl Pts',(-11.3465572420768,-20.4860490469295,-38.8012042340895));
#7014=CARTESIAN_POINT('Ctrl Pts',(9.50974829205285E-15,-20.4860490469295,
-38.8012042340895));
#7015=CARTESIAN_POINT('Ctrl Pts',(-34.0396717262304,-17.8011099716237,-41.4875773867687));
#7016=CARTESIAN_POINT('Ctrl Pts',(-22.6931144841536,-17.8011099716237,-41.4875773867687));
#7017=CARTESIAN_POINT('Ctrl Pts',(-11.3465572420768,-17.8011099716237,-41.4875773867687));
#7018=CARTESIAN_POINT('Ctrl Pts',(8.91325362668497E-15,-17.8011099716237,
-41.4875773867687));
#7019=CARTESIAN_POINT('Ctrl Pts',(-34.0396717262305,-14.6484846557564,-43.2484152892745));
#7020=CARTESIAN_POINT('Ctrl Pts',(-22.6931144841536,-14.6484846557564,-43.2484152892745));
#7021=CARTESIAN_POINT('Ctrl Pts',(-11.3465572420768,-14.6484846557564,-43.2484152892746));
#7022=CARTESIAN_POINT('Ctrl Pts',(8.52226907028605E-15,-14.6484846557564,
-43.2484152892746));
#7023=CARTESIAN_POINT('Ctrl Pts',(-34.0396717262305,-11.3419015264361,-43.9899430244806));
#7024=CARTESIAN_POINT('Ctrl Pts',(-22.6931144841536,-11.3419015264361,-43.9899430244806));
#7025=CARTESIAN_POINT('Ctrl Pts',(-11.3465572420768,-11.3419015264361,-43.9899430244807));
#7026=CARTESIAN_POINT('Ctrl Pts',(8.35761683728126E-15,-11.3419015264361,
-43.9899430244807));
#7027=CARTESIAN_POINT('Ctrl Pts',(-34.0396717262304,-9.1219973762821,-44.0000000000001));
#7028=CARTESIAN_POINT('Ctrl Pts',(-22.6931144841536,-9.1219973762821,-44.0000000000001));
#7029=CARTESIAN_POINT('Ctrl Pts',(-11.3465572420768,-9.1219973762821,-44.0000000000001));
#7030=CARTESIAN_POINT('Ctrl Pts',(8.3553837401253E-15,-9.1219973762821,
-44.0000000000001));
#7031=CARTESIAN_POINT('Ctrl Pts',(-34.0396717262304,-8.00000000000004,-44.0000000000001));
#7032=CARTESIAN_POINT('Ctrl Pts',(-22.6931144841536,-8.00000000000004,-44.0000000000001));
#7033=CARTESIAN_POINT('Ctrl Pts',(-11.3465572420768,-8.00000000000004,-44.0000000000001));
#7034=CARTESIAN_POINT('Ctrl Pts',(8.3553837401253E-15,-8.00000000000004,
-44.0000000000001));
#7035=CARTESIAN_POINT('',(9.71445146547012E-16,-22.9432771375184,-31.5));
#7036=CARTESIAN_POINT('',(0.,-8.00000000000001,-44.));
#7037=CARTESIAN_POINT('Ctrl Pts',(-4.99606932269094E-15,-22.942622007218,
-31.5002959399884));
#7038=CARTESIAN_POINT('Ctrl Pts',(-5.05815455392637E-15,-22.9243405924212,
-31.7799029642456));
#7039=CARTESIAN_POINT('Ctrl Pts',(-5.12015309607049E-15,-22.9002545229698,
-32.0591195755434));
#7040=CARTESIAN_POINT('Ctrl Pts',(-5.18209221341712E-15,-22.8685278855594,
-32.3380685613454));
#7041=CARTESIAN_POINT('Ctrl Pts',(-2.45566294927325E-16,-22.7427431935404,
-33.4440008356749));
#7042=CARTESIAN_POINT('Ctrl Pts',(-4.90198528936224E-16,-22.496861231924,
-34.5457264736));
#7043=CARTESIAN_POINT('Ctrl Pts',(-7.29226919955079E-16,-22.0797652138861,
-35.6222146463232));
#7044=CARTESIAN_POINT('Ctrl Pts',(-4.67992048951944E-15,-21.6626691958482,
-36.6987028190465));
#7045=CARTESIAN_POINT('Ctrl Pts',(-4.91334503754818E-15,-21.0743591213889,
-37.749953526568));
#7046=CARTESIAN_POINT('Ctrl Pts',(-5.12947308912387E-15,-20.3327142382749,
-38.7233077391086));
#7047=CARTESIAN_POINT('Ctrl Pts',(-4.65702015007632E-15,-19.5910693551609,
-39.6966619516492));
#7048=CARTESIAN_POINT('Ctrl Pts',(-4.85585170519896E-15,-18.6960896633923,
-40.592119669209));
#7049=CARTESIAN_POINT('Ctrl Pts',(-5.02043157549342E-15,-17.7231622648634,
-41.3333215117398));
#7050=CARTESIAN_POINT('Ctrl Pts',(-4.6054719687951E-15,-16.7502348663346,
-42.0745233542707));
#7051=CARTESIAN_POINT('Ctrl Pts',(-4.73580015426139E-15,-15.6993597610455,
-42.6614693217726));
#7052=CARTESIAN_POINT('Ctrl Pts',(-4.8284062858287E-15,-14.6228250201809,
-43.0785302613913));
#7053=CARTESIAN_POINT('Ctrl Pts',(-4.53349823006791E-15,-13.5462902793163,
-43.4955912010099));
#7054=CARTESIAN_POINT('Ctrl Pts',(-4.58838230773618E-15,-12.4440959028762,
-43.7427671127453));
#7055=CARTESIAN_POINT('Ctrl Pts',(-4.61638262085929E-15,-11.3380226771176,
-43.8688693124928));
#7056=CARTESIAN_POINT('Ctrl Pts',(-4.46889241162374E-15,-10.2319494513591,
-43.9949715122404));
#7057=CARTESIAN_POINT('Ctrl Pts',(-4.47000896020171E-15,-9.1219973762821,
-44.0000000000001));
#7058=CARTESIAN_POINT('Ctrl Pts',(-4.47000896020173E-15,-8.00000000000004,
-44.0000000000001));
#7059=CARTESIAN_POINT('',(-8.5,-22.9432771375184,-31.5));
#7060=CARTESIAN_POINT('Ctrl Pts',(-8.5,-22.9432771375184,-31.5));
#7061=CARTESIAN_POINT('Ctrl Pts',(-5.66666666666667,-22.9432771375184,-31.5));
#7062=CARTESIAN_POINT('Ctrl Pts',(-2.83333333333334,-22.9432771375184,-31.5));
#7063=CARTESIAN_POINT('Ctrl Pts',(-1.94289029309402E-15,-22.9432771375184,
-31.5));
#7064=CARTESIAN_POINT('',(-10.5,-22.9995206620338,-29.5));
#7065=CARTESIAN_POINT('Ctrl Pts',(-10.5,-22.9995206620338,-29.5));
#7066=CARTESIAN_POINT('Ctrl Pts',(-10.5,-22.9995154653836,-29.501814047622));
#7067=CARTESIAN_POINT('Ctrl Pts',(-10.4999975319234,-22.9995102124075,-29.5036281724647));
#7068=CARTESIAN_POINT('Ctrl Pts',(-10.4992661799888,-22.9987235862893,-29.7723894981742));
#7069=CARTESIAN_POINT('Ctrl Pts',(-10.4451046638104,-22.9965785539528,-30.0364859913084));
#7070=CARTESIAN_POINT('Ctrl Pts',(-10.2392033922539,-22.9876969228668,-30.5210531624281));
#7071=CARTESIAN_POINT('Ctrl Pts',(-10.0921684317624,-22.9811643708702,-30.7378750484527));
#7072=CARTESIAN_POINT('Ctrl Pts',(-9.74061395786677,-22.9671887771071,-31.0862922426799));
#7073=CARTESIAN_POINT('Ctrl Pts',(-9.5453928796276,-22.9601034485034,-31.2212238414742));
#7074=CARTESIAN_POINT('Ctrl Pts',(-9.17126219236547,-22.9502688819871,-31.3921753586131));
#7075=CARTESIAN_POINT('Ctrl Pts',(-9.00236850061247,-22.9469440675975,-31.4438523573188));
#7076=CARTESIAN_POINT('Ctrl Pts',(-8.76783947508858,-22.9444035293585,-31.4829500825124));
#7077=CARTESIAN_POINT('Ctrl Pts',(-8.70636258582983,-22.9439196123239,-31.4902873792016));
#7078=CARTESIAN_POINT('Ctrl Pts',(-8.60611155055276,-22.9434392725045,-31.4975567069275));
#7079=CARTESIAN_POINT('Ctrl Pts',(-8.56750744286815,-22.9433279697534,-31.4992336623316));
#7080=CARTESIAN_POINT('Ctrl Pts',(-8.51925274526655,-22.9432817484562,-31.4999305012937));
#7081=CARTESIAN_POINT('Ctrl Pts',(-8.5096262648242,-22.9432771375184,-31.5));
#7082=CARTESIAN_POINT('Ctrl Pts',(-8.5,-22.9432771375184,-31.5));
#7083=CARTESIAN_POINT('',(-10.5,-23.,-29.));
#7084=CARTESIAN_POINT('Ctrl Pts',(-10.5,-23.,-29.));
#7085=CARTESIAN_POINT('Ctrl Pts',(-10.5,-23.,-29.1669626726284));
#7086=CARTESIAN_POINT('Ctrl Pts',(-10.5,-22.9998740580019,-29.333662751988));
#7087=CARTESIAN_POINT('Ctrl Pts',(-10.5,-22.9992451699299,-29.500125452436));
#7088=CARTESIAN_POINT('',(-29.,-23.,-29.));
#7089=CARTESIAN_POINT('',(-6.4545591094145E-15,-23.,-29.));
#7090=CARTESIAN_POINT('Ctrl Pts',(-29.,-23.,-29.));
#7091=CARTESIAN_POINT('Ctrl Pts',(-29.0199451214603,-23.,-29.0199451147312));
#7092=CARTESIAN_POINT('Ctrl Pts',(-29.0400155396121,-23.000000371936,-29.0401541065215));
#7093=CARTESIAN_POINT('Ctrl Pts',(-29.2406772958637,-22.999966305736,-29.2436997634396));
#7094=CARTESIAN_POINT('Ctrl Pts',(-29.6020406434875,-23.0000602873318,-29.6329958449051));
#7095=CARTESIAN_POINT('Ctrl Pts',(-30.1347003812445,-22.9935469325015,-30.3079538365353));
#7096=CARTESIAN_POINT('Ctrl Pts',(-30.5856543857305,-22.9743546083218,-31.0046160621903));
#7097=CARTESIAN_POINT('Ctrl Pts',(-30.9980832880305,-22.9247029418686,-31.8060776653971));
#7098=CARTESIAN_POINT('Ctrl Pts',(-31.3031385127263,-22.8521851980256,-32.5556088685482));
#7099=CARTESIAN_POINT('Ctrl Pts',(-31.5085178104829,-22.7378030937555,-33.2547617384096));
#7100=CARTESIAN_POINT('Ctrl Pts',(-31.6718611600557,-22.6141554116205,-33.8805940104763));
#7101=CARTESIAN_POINT('Ctrl Pts',(-31.8701821863425,-22.4051942894201,-34.7973568347391));
#7102=CARTESIAN_POINT('Ctrl Pts',(-32.0905826750528,-21.9089126438318,-36.0869682313721));
#7103=CARTESIAN_POINT('Ctrl Pts',(-32.2105344120717,-21.5973219366219,-36.7080478138403));
#7104=CARTESIAN_POINT('Ctrl Pts',(-32.2352065649112,-21.5323419455307,-36.8335338636888));
#7105=CARTESIAN_POINT('',(-9.78522818328997E-15,-8.00000000000001,-44.));
#7106=CARTESIAN_POINT('Ctrl Pts',(-29.,-23.,-29.));
#7107=CARTESIAN_POINT('Ctrl Pts',(-29.0199451214603,-23.,-29.0199451147312));
#7108=CARTESIAN_POINT('Ctrl Pts',(-29.0400155396121,-23.000000371936,-29.0401541065215));
#7109=CARTESIAN_POINT('Ctrl Pts',(-29.2406772958637,-22.999966305736,-29.2436997634396));
#7110=CARTESIAN_POINT('Ctrl Pts',(-29.6020406434875,-23.0000602873318,-29.6329958449051));
#7111=CARTESIAN_POINT('Ctrl Pts',(-30.1347003812445,-22.9935469325015,-30.3079538365353));
#7112=CARTESIAN_POINT('Ctrl Pts',(-30.5856543857305,-22.9743546083218,-31.0046160621903));
#7113=CARTESIAN_POINT('Ctrl Pts',(-30.9980832880305,-22.9247029418686,-31.8060776653971));
#7114=CARTESIAN_POINT('Ctrl Pts',(-31.3031385127263,-22.8521851980256,-32.5556088685482));
#7115=CARTESIAN_POINT('Ctrl Pts',(-31.5085178104829,-22.7378030937555,-33.2547617384096));
#7116=CARTESIAN_POINT('Ctrl Pts',(-31.6718611600557,-22.6141554116205,-33.8805940104763));
#7117=CARTESIAN_POINT('Ctrl Pts',(-31.8701821863425,-22.4051942894201,-34.7973568347391));
#7118=CARTESIAN_POINT('Ctrl Pts',(-32.0905826750528,-21.9089126438318,-36.0869682313721));
#7119=CARTESIAN_POINT('Ctrl Pts',(-32.2105344120717,-21.5973219366219,-36.7080478138403));
#7120=CARTESIAN_POINT('Ctrl Pts',(-32.2352065649112,-21.5323419455307,-36.8335338636888));
#7121=CARTESIAN_POINT('Ctrl Pts',(-29.,-23.,-29.));
#7122=CARTESIAN_POINT('Ctrl Pts',(-29.0199501937808,-23.000003638753,-29.0199411838336));
#7123=CARTESIAN_POINT('Ctrl Pts',(-29.0400239300192,-22.9999968933661,-29.0401446285692));
#7124=CARTESIAN_POINT('Ctrl Pts',(-29.2410009074862,-22.9999929034783,-29.2433843504751));
#7125=CARTESIAN_POINT('Ctrl Pts',(-29.6049656836994,-23.0000027036733,-29.630055399898));
#7126=CARTESIAN_POINT('Ctrl Pts',(-30.151215135123,-22.9937769872382,-30.2914604883471));
#7127=CARTESIAN_POINT('Ctrl Pts',(-30.6255560806256,-22.9756403713437,-30.9647188146765));
#7128=CARTESIAN_POINT('Ctrl Pts',(-31.0751500041514,-22.9305086918123,-31.7294432731537));
#7129=CARTESIAN_POINT('Ctrl Pts',(-31.4228902796674,-22.8658259649848,-32.4372660474837));
#7130=CARTESIAN_POINT('Ctrl Pts',(-31.6764388219556,-22.7663438902429,-33.0917095493677));
#7131=CARTESIAN_POINT('Ctrl Pts',(-31.8853761281561,-22.6594868048775,-33.677211372885));
#7132=CARTESIAN_POINT('Ctrl Pts',(-32.1555460931056,-22.4806747661076,-34.5312776101963));
#7133=CARTESIAN_POINT('Ctrl Pts',(-32.4916397872474,-22.0543658863551,-35.7461016058438));
#7134=CARTESIAN_POINT('Ctrl Pts',(-32.6701372988978,-21.7819825843622,-36.3414302868884));
#7135=CARTESIAN_POINT('Ctrl Pts',(-32.7068809474048,-21.7249426409266,-36.4615932084588));
#7136=CARTESIAN_POINT('Ctrl Pts',(-29.,-23.,-29.));
#7137=CARTESIAN_POINT('Ctrl Pts',(-29.0199418467291,-23.0000084980268,-29.0199510601605));
#7138=CARTESIAN_POINT('Ctrl Pts',(-29.0400582270649,-22.9999922236385,-29.0401088729827));
#7139=CARTESIAN_POINT('Ctrl Pts',(-29.2415183821266,-23.0000299734323,-29.2428788397553));
#7140=CARTESIAN_POINT('Ctrl Pts',(-29.6108882298361,-22.9999128884928,-29.6241120470079));
#7141=CARTESIAN_POINT('Ctrl Pts',(-30.1842199515143,-22.9942053263061,-30.2585007602988));
#7142=CARTESIAN_POINT('Ctrl Pts',(-30.7053676705351,-22.9780403445539,-30.8849316716958));
#7143=CARTESIAN_POINT('Ctrl Pts',(-31.2294025747458,-22.9409872193558,-31.5759879497672));
#7144=CARTESIAN_POINT('Ctrl Pts',(-31.6623875988225,-22.8901129088479,-32.200299788028));
#7145=CARTESIAN_POINT('Ctrl Pts',(-32.0122971626073,-22.8164556613202,-32.7644288551723));
#7146=CARTESIAN_POINT('Ctrl Pts',(-32.3131871106017,-22.7387025495787,-33.2671000082846));
#7147=CARTESIAN_POINT('Ctrl Pts',(-32.7255238443159,-22.6115830904468,-33.9947548677826));
#7148=CARTESIAN_POINT('Ctrl Pts',(-33.2921471097088,-22.3080972093996,-35.0505616833407));
#7149=CARTESIAN_POINT('Ctrl Pts',(-33.588331205675,-22.1063330707426,-35.5864985329566));
#7150=CARTESIAN_POINT('Ctrl Pts',(-33.6484339838877,-22.0636198174532,-35.6954161595065));
#7151=CARTESIAN_POINT('Ctrl Pts',(-29.,-23.,-29.));
#7152=CARTESIAN_POINT('Ctrl Pts',(-29.0199568038723,-23.0000103566345,-29.0199366894989));
#7153=CARTESIAN_POINT('Ctrl Pts',(-29.0400902437294,-22.9999904351511,-29.0400762968586));
#7154=CARTESIAN_POINT('Ctrl Pts',(-29.2426315895221,-23.0000442981071,-29.241770296629));
#7155=CARTESIAN_POINT('Ctrl Pts',(-29.6211403758875,-22.9998771743377,-29.6138519098981));
#7156=CARTESIAN_POINT('Ctrl Pts',(-30.2420156195155,-22.9943861744665,-30.2007236897028));
#7157=CARTESIAN_POINT('Ctrl Pts',(-30.845033831051,-22.9790611217656,-30.7452776801573));
#7158=CARTESIAN_POINT('Ctrl Pts',(-31.4991077667525,-22.9453594553456,-31.3066155452377));
#7159=CARTESIAN_POINT('Ctrl Pts',(-32.0813481671895,-22.9001716699767,-31.782391488321));
#7160=CARTESIAN_POINT('Ctrl Pts',(-32.5992226069579,-22.8370243974125,-32.1810261563239));
#7161=CARTESIAN_POINT('Ctrl Pts',(-33.0587724316413,-22.7711184889262,-32.5287589652238));
#7162=CARTESIAN_POINT('Ctrl Pts',(-33.72047698364,-22.6649114994875,-33.0134314038538));
#7163=CARTESIAN_POINT('Ctrl Pts',(-34.683885992009,-22.4118342704299,-33.7017168047127));
#7164=CARTESIAN_POINT('Ctrl Pts',(-35.1794055174862,-22.2395449158075,-34.0624697636812));
#7165=CARTESIAN_POINT('Ctrl Pts',(-35.280536705486,-22.2028129791606,-34.1353913335677));
#7166=CARTESIAN_POINT('Ctrl Pts',(-29.,-23.,-29.));
#7167=CARTESIAN_POINT('Ctrl Pts',(-29.0199392251192,-23.0000054581294,-29.0199527232171));
#7168=CARTESIAN_POINT('Ctrl Pts',(-29.0401398929727,-22.9999951540812,-29.0400281218717));
#7169=CARTESIAN_POINT('Ctrl Pts',(-29.2432266343339,-23.0000062023495,-29.2411627229027));
#7170=CARTESIAN_POINT('Ctrl Pts',(-29.6285851767704,-22.999973911844,-29.6064282044277));
#7171=CARTESIAN_POINT('Ctrl Pts',(-30.2832138106749,-22.9938920146066,-30.15947251562));
#7172=CARTESIAN_POINT('Ctrl Pts',(-30.9447701901894,-22.9762832528546,-30.6455069287995));
#7173=CARTESIAN_POINT('Ctrl Pts',(-31.6911260762174,-22.9334115667841,-31.1136833630218));
#7174=CARTESIAN_POINT('Ctrl Pts',(-32.3780946365451,-22.8726463484644,-31.482766163542));
#7175=CARTESIAN_POINT('Ctrl Pts',(-33.0101834545011,-22.7806142884866,-31.7603993280354));
#7176=CARTESIAN_POINT('Ctrl Pts',(-33.5755200537869,-22.6821525015062,-31.9921336125068));
#7177=CARTESIAN_POINT('Ctrl Pts',(-34.3982379978072,-22.5184150044514,-32.2982280466038));
#7178=CARTESIAN_POINT('Ctrl Pts',(-35.575668293036,-22.1270925076169,-32.6921683433878));
#7179=CARTESIAN_POINT('Ctrl Pts',(-36.1581215234123,-21.8743129082325,-32.8999387423109));
#7180=CARTESIAN_POINT('Ctrl Pts',(-36.2756228808436,-21.8212429886247,-32.9427181386517));
#7181=CARTESIAN_POINT('Ctrl Pts',(-29.,-23.,-29.));
#7182=CARTESIAN_POINT('Ctrl Pts',(-29.0199451214603,-23.,-29.0199451147312));
#7183=CARTESIAN_POINT('Ctrl Pts',(-29.0401541099057,-23.000000371936,-29.0400155362657));
#7184=CARTESIAN_POINT('Ctrl Pts',(-29.2436997537805,-22.999966305736,-29.2406773054688));
#7185=CARTESIAN_POINT('Ctrl Pts',(-29.6329958442821,-23.0000602873318,-29.602040644111));
#7186=CARTESIAN_POINT('Ctrl Pts',(-30.3079538329568,-22.9935469325015,-30.1347003848018));
#7187=CARTESIAN_POINT('Ctrl Pts',(-31.0046160614602,-22.9743546083218,-30.5856543864568));
#7188=CARTESIAN_POINT('Ctrl Pts',(-31.8060776645823,-22.9247029418687,-30.9980832888404));
#7189=CARTESIAN_POINT('Ctrl Pts',(-32.5556088681418,-22.8521851980257,-31.3031385131301));
#7190=CARTESIAN_POINT('Ctrl Pts',(-33.2547617380639,-22.7378030937556,-31.5085178108262));
#7191=CARTESIAN_POINT('Ctrl Pts',(-33.8805940101738,-22.6141554116207,-31.6718611603561));
#7192=CARTESIAN_POINT('Ctrl Pts',(-34.7973568346213,-22.4051942894204,-31.8701821864591));
#7193=CARTESIAN_POINT('Ctrl Pts',(-36.0869682313285,-21.908912643832,-32.0905826750959));
#7194=CARTESIAN_POINT('Ctrl Pts',(-36.70804781384,-21.5973219366221,-32.2105344120717));
#7195=CARTESIAN_POINT('Ctrl Pts',(-36.8335338636886,-21.5323419455308,-32.2352065649112));
#7196=CARTESIAN_POINT('Ctrl Pts',(-33.0042677100378,-22.7773354404399,-31.4326061327194));
#7197=CARTESIAN_POINT('Ctrl Pts',(-32.9462399608982,-22.7865192441762,-31.4149096658815));
#7198=CARTESIAN_POINT('Ctrl Pts',(-32.4401305054817,-22.863357822038,-31.2561394320317));
#7199=CARTESIAN_POINT('Ctrl Pts',(-31.8060776645823,-22.9247029418687,-30.9980832888404));
#7200=CARTESIAN_POINT('Ctrl Pts',(-31.0046160614602,-22.9743546083218,-30.5856543864568));
#7201=CARTESIAN_POINT('Ctrl Pts',(-30.3079538329568,-22.9935469325015,-30.1347003848018));
#7202=CARTESIAN_POINT('Ctrl Pts',(-29.6329958442821,-23.0000602873318,-29.602040644111));
#7203=CARTESIAN_POINT('Ctrl Pts',(-29.2436997537805,-22.999966305736,-29.2406773054688));
#7204=CARTESIAN_POINT('Ctrl Pts',(-29.0401541099057,-23.000000371936,-29.0400155362657));
#7205=CARTESIAN_POINT('Ctrl Pts',(-29.0199451214603,-23.,-29.0199451147312));
#7206=CARTESIAN_POINT('Ctrl Pts',(-29.,-23.,-29.));
#7207=CARTESIAN_POINT('Ctrl Pts',(-33.712099401119,-22.6463925923449,-31.4328292615375));
#7208=CARTESIAN_POINT('Ctrl Pts',(-33.712099401119,-22.6463925923449,-30.288552841025));
#7209=CARTESIAN_POINT('Ctrl Pts',(-33.712099401119,-22.646392592345,-29.1442764205125));
#7210=CARTESIAN_POINT('Ctrl Pts',(-33.712099401119,-22.646392592345,-28.));
#7211=CARTESIAN_POINT('Ctrl Pts',(-32.1569181517246,-22.9781073950847,-31.4328292615375));
#7212=CARTESIAN_POINT('Ctrl Pts',(-32.1569181517246,-22.9781073950847,-30.288552841025));
#7213=CARTESIAN_POINT('Ctrl Pts',(-32.1569181517246,-22.9781073950848,-29.1442764205125));
#7214=CARTESIAN_POINT('Ctrl Pts',(-32.1569181517246,-22.9781073950848,-28.));
#7215=CARTESIAN_POINT('Ctrl Pts',(-30.5879537549476,-23.,-31.4328292615375));
#7216=CARTESIAN_POINT('Ctrl Pts',(-30.5879537549476,-23.,-30.288552841025));
#7217=CARTESIAN_POINT('Ctrl Pts',(-30.5879537549476,-23.0000000000001,-29.1442764205125));
#7218=CARTESIAN_POINT('Ctrl Pts',(-30.5879537549476,-23.0000000000001,-28.));
#7219=CARTESIAN_POINT('Ctrl Pts',(-29.,-23.,-31.4328292615375));
#7220=CARTESIAN_POINT('Ctrl Pts',(-29.,-23.,-30.288552841025));
#7221=CARTESIAN_POINT('Ctrl Pts',(-29.,-23.0000000000001,-29.1442764205125));
#7222=CARTESIAN_POINT('Ctrl Pts',(-29.,-23.0000000000001,-28.));
#7223=CARTESIAN_POINT('',(-29.,-23.,-28.));
#7224=CARTESIAN_POINT('',(-29.,-23.,21.6));
#7225=CARTESIAN_POINT('',(-33.7120993975674,-22.6463925931025,-28.));
#7226=CARTESIAN_POINT('Ctrl Pts',(-33.7120993975674,-22.6463925931025,-28.));
#7227=CARTESIAN_POINT('Ctrl Pts',(-32.1569181493359,-22.9781073951182,-28.));
#7228=CARTESIAN_POINT('Ctrl Pts',(-30.5879537537388,-23.0000000000001,-28.));
#7229=CARTESIAN_POINT('Ctrl Pts',(-29.,-23.0000000000001,-28.));
#7230=CARTESIAN_POINT('',(-33.7120993975674,-22.6463925931025,-31.));
#7231=CARTESIAN_POINT('Ctrl Pts',(-33.7120993975674,-22.6463925931024,-31.));
#7232=CARTESIAN_POINT('Ctrl Pts',(-33.7120993975674,-22.6463925931024,-30.));
#7233=CARTESIAN_POINT('Ctrl Pts',(-33.7120993975674,-22.6463925931025,-29.));
#7234=CARTESIAN_POINT('Ctrl Pts',(-33.7120993975674,-22.6463925931025,-28.));
#7235=CARTESIAN_POINT('Ctrl Pts',(-33.712099401119,-22.6463925923449,-31.));
#7236=CARTESIAN_POINT('Ctrl Pts',(-33.4765951080991,-22.69662484671,-31.));
#7237=CARTESIAN_POINT('Ctrl Pts',(-33.240774744528,-22.7397523614864,-31.));
#7238=CARTESIAN_POINT('Ctrl Pts',(-33.0046202313725,-22.7767749979622,-31.));
#7239=CARTESIAN_POINT('Origin',(-34.4933548293497,-17.9995666946386,-28.));
#7240=CARTESIAN_POINT('',(-36.1933548293497,-17.9995666946386,-31.));
#7241=CARTESIAN_POINT('Origin',(-34.4933548293497,-17.9995666946386,-31.));
#7242=CARTESIAN_POINT('',(-36.1933548293497,-17.9995666946386,-28.));
#7243=CARTESIAN_POINT('',(-36.1933548293497,-17.9995666946386,-28.));
#7244=CARTESIAN_POINT('Origin',(-34.4933548293497,-17.9995666946386,-28.));
#7245=CARTESIAN_POINT('Ctrl Pts',(-39.1221056985756,-20.0167983757163,-28.));
#7246=CARTESIAN_POINT('Ctrl Pts',(-39.1221056985756,-20.0167983757163,-31.));
#7247=CARTESIAN_POINT('Ctrl Pts',(-38.4449369553987,-20.5740897659103,-28.));
#7248=CARTESIAN_POINT('Ctrl Pts',(-38.4449369553987,-20.5740897659103,-31.));
#7249=CARTESIAN_POINT('Ctrl Pts',(-37.6853239377907,-21.0899818918924,-28.));
#7250=CARTESIAN_POINT('Ctrl Pts',(-37.6853239377907,-21.0899818918924,-31.));
#7251=CARTESIAN_POINT('Ctrl Pts',(-35.7399534260074,-22.100293805121,-28.));
#7252=CARTESIAN_POINT('Ctrl Pts',(-35.7399534260074,-22.100293805121,-31.));
#7253=CARTESIAN_POINT('Ctrl Pts',(-34.6794879309043,-22.4400519519701,-28.));
#7254=CARTESIAN_POINT('Ctrl Pts',(-34.6794879309043,-22.4400519519701,-31.));
#7255=CARTESIAN_POINT('Ctrl Pts',(-33.7120993975674,-22.6463925931025,-28.));
#7256=CARTESIAN_POINT('Ctrl Pts',(-33.7120993975674,-22.6463925931025,-31.));
#7257=CARTESIAN_POINT('Ctrl Pts',(-33.7120993975674,-22.6463925931025,-28.));
#7258=CARTESIAN_POINT('Ctrl Pts',(-34.6794879309043,-22.4400519519701,-28.));
#7259=CARTESIAN_POINT('Ctrl Pts',(-35.7399534260074,-22.100293805121,-28.));
#7260=CARTESIAN_POINT('Ctrl Pts',(-37.6853239377907,-21.0899818918924,-28.));
#7261=CARTESIAN_POINT('Ctrl Pts',(-38.4449369553987,-20.5740897659103,-28.));
#7262=CARTESIAN_POINT('Ctrl Pts',(-39.1221056985756,-20.0167983757163,-28.));
#7263=CARTESIAN_POINT('Ctrl Pts',(-39.1221056985756,-20.0167983757163,-31.));
#7264=CARTESIAN_POINT('Ctrl Pts',(-38.4449369553987,-20.5740897659103,-31.));
#7265=CARTESIAN_POINT('Ctrl Pts',(-37.6853239377907,-21.0899818918924,-31.));
#7266=CARTESIAN_POINT('Ctrl Pts',(-35.7399534260074,-22.100293805121,-31.));
#7267=CARTESIAN_POINT('Ctrl Pts',(-34.6794879309043,-22.4400519519701,-31.));
#7268=CARTESIAN_POINT('Ctrl Pts',(-33.7120993975674,-22.6463925931025,-31.));
#7269=CARTESIAN_POINT('Origin',(-35.3089339519455,-18.8241154503432,-31.));
#7270=CARTESIAN_POINT('',(-37.0914310407031,-16.4995666946386,-31.));
#7271=CARTESIAN_POINT('',(-37.3718984733023,-16.9853505377688,-31.));
#7272=CARTESIAN_POINT('',(-31.5000000000001,-17.8,-31.));
#7273=CARTESIAN_POINT('Origin',(-34.4933548293497,-17.9995666946386,-31.));
#7274=CARTESIAN_POINT('',(-31.4934905923701,-18.0281071867609,-31.));
#7275=CARTESIAN_POINT('Origin',(-27.5000000000001,-17.8,-31.));
#7276=CARTESIAN_POINT('',(-31.8952786179964,-19.4995666946386,-31.));
#7277=CARTESIAN_POINT('Origin',(-34.4933548293497,-17.9995666946386,-31.));
#7278=CARTESIAN_POINT('',(-33.0841564403811,-21.5587634870008,-31.));
#7279=CARTESIAN_POINT('Origin',(-34.4933548293497,17.9995666946386,-28.));
#7280=CARTESIAN_POINT('',(-36.1933548293497,17.9995666946386,-31.));
#7281=CARTESIAN_POINT('Origin',(-34.4933548293497,17.9995666946386,-31.));
#7282=CARTESIAN_POINT('',(-36.1933548293497,17.9995666946386,-28.));
#7283=CARTESIAN_POINT('',(-36.1933548293497,17.9995666946386,-28.));
#7284=CARTESIAN_POINT('Origin',(-34.4933548293497,17.9995666946386,-28.));
#7285=CARTESIAN_POINT('Ctrl Pts',(-33.7120993975676,22.6463925931024,-28.));
#7286=CARTESIAN_POINT('Ctrl Pts',(-33.7120993975676,22.6463925931024,-31.));
#7287=CARTESIAN_POINT('Ctrl Pts',(-34.0895144497099,22.5658912628215,-28.));
#7288=CARTESIAN_POINT('Ctrl Pts',(-34.0895144497099,22.5658912628215,-31.));
#7289=CARTESIAN_POINT('Ctrl Pts',(-34.4716800359502,22.4671353077271,-28.));
#7290=CARTESIAN_POINT('Ctrl Pts',(-34.4716800359502,22.4671353077271,-31.));
#7291=CARTESIAN_POINT('Ctrl Pts',(-36.413458945285,21.8590595864368,-28.));
#7292=CARTESIAN_POINT('Ctrl Pts',(-36.413458945285,21.8590595864368,-31.));
#7293=CARTESIAN_POINT('Ctrl Pts',(-37.8228591847474,21.0860427895961,-28.));
#7294=CARTESIAN_POINT('Ctrl Pts',(-37.8228591847474,21.0860427895961,-31.));
#7295=CARTESIAN_POINT('Ctrl Pts',(-39.1221056985755,20.0167983757163,-28.));
#7296=CARTESIAN_POINT('Ctrl Pts',(-39.1221056985755,20.0167983757163,-31.));
#7297=CARTESIAN_POINT('',(-39.1221056985755,20.0167983757163,-28.));
#7298=CARTESIAN_POINT('',(-33.7120993975676,22.6463925931024,-28.));
#7299=CARTESIAN_POINT('Ctrl Pts',(-39.1221056985924,20.0167983757024,-28.));
#7300=CARTESIAN_POINT('Ctrl Pts',(-37.8228591847596,21.0860427895895,-28.));
#7301=CARTESIAN_POINT('Ctrl Pts',(-36.4134589452917,21.8590595864347,-28.));
#7302=CARTESIAN_POINT('Ctrl Pts',(-34.8586935945639,22.3459404859728,-28.));
#7303=CARTESIAN_POINT('Ctrl Pts',(-34.4716800359502,22.4671353077271,-28.));
#7304=CARTESIAN_POINT('Ctrl Pts',(-34.0895144497099,22.5658912628215,-28.));
#7305=CARTESIAN_POINT('Ctrl Pts',(-33.7120993975676,22.6463925931024,-28.));
#7306=CARTESIAN_POINT('',(-33.7120993975676,22.6463925931024,-31.));
#7307=CARTESIAN_POINT('Ctrl Pts',(-33.7120993975676,22.6463925931024,-28.));
#7308=CARTESIAN_POINT('Ctrl Pts',(-33.7120993975676,22.6463925931024,-29.));
#7309=CARTESIAN_POINT('Ctrl Pts',(-33.7120993975676,22.6463925931024,-30.));
#7310=CARTESIAN_POINT('Ctrl Pts',(-33.7120993975676,22.6463925931024,-31.));
#7311=CARTESIAN_POINT('',(-39.1221056985755,20.0167983757163,-31.));
#7312=CARTESIAN_POINT('Ctrl Pts',(-33.7120993975676,22.6463925931024,-31.));
#7313=CARTESIAN_POINT('Ctrl Pts',(-34.0895144497099,22.5658912628215,-31.));
#7314=CARTESIAN_POINT('Ctrl Pts',(-34.4716800359502,22.4671353077271,-31.));
#7315=CARTESIAN_POINT('Ctrl Pts',(-34.8586935945639,22.3459404859728,-31.));
#7316=CARTESIAN_POINT('Ctrl Pts',(-36.4134589452917,21.8590595864347,-31.));
#7317=CARTESIAN_POINT('Ctrl Pts',(-37.8228591847596,21.0860427895895,-31.));
#7318=CARTESIAN_POINT('Ctrl Pts',(-39.1221056985924,20.0167983757024,-31.));
#7319=CARTESIAN_POINT('Ctrl Pts',(-39.1221056985755,20.0167983757163,-31.));
#7320=CARTESIAN_POINT('Ctrl Pts',(-39.1221056985755,20.0167983757163,-30.));
#7321=CARTESIAN_POINT('Ctrl Pts',(-39.1221056985755,20.0167983757163,-29.));
#7322=CARTESIAN_POINT('Ctrl Pts',(-39.1221056985755,20.0167983757163,-28.));
#7323=CARTESIAN_POINT('Origin',(-35.3089339519539,18.8241154503431,-31.));
#7324=CARTESIAN_POINT('Ctrl Pts',(-39.1221056985754,20.0167983757162,-31.));
#7325=CARTESIAN_POINT('Ctrl Pts',(-39.2799611475004,19.8868876455584,-31.));
#7326=CARTESIAN_POINT('Ctrl Pts',(-39.4352959915194,19.753027343671,-31.));
#7327=CARTESIAN_POINT('Ctrl Pts',(-39.5878009239921,19.6155564150941,-31.));
#7328=CARTESIAN_POINT('Ctrl Pts',(-33.0046202313677,22.7767749979731,-31.));
#7329=CARTESIAN_POINT('Ctrl Pts',(-33.2407747433371,22.7397523616811,-31.));
#7330=CARTESIAN_POINT('Ctrl Pts',(-33.4765951057261,22.6966248471486,-31.));
#7331=CARTESIAN_POINT('Ctrl Pts',(-33.7120993975676,22.6463925931024,-31.));
#7332=CARTESIAN_POINT('Origin',(-37.0914310407031,-16.4995666946386,-28.));
#7333=CARTESIAN_POINT('',(-37.0914310407031,-16.4995666946386,-28.));
#7334=CARTESIAN_POINT('Origin',(-34.4933548293497,-17.9995666946386,-28.));
#7335=CARTESIAN_POINT('',(-31.5000000000001,-17.8,-28.));
#7336=CARTESIAN_POINT('Origin',(-27.5000000000001,-17.8,-28.));
#7337=CARTESIAN_POINT('',(-31.4934905923701,-18.0281071867609,-28.));
#7338=CARTESIAN_POINT('Origin',(-34.4933548293497,-17.9995666946386,-28.));
#7339=CARTESIAN_POINT('',(-31.8952786179964,-19.4995666946386,-28.));
#7340=CARTESIAN_POINT('Origin',(-33.7120993975674,-22.6463925931025,-28.));
#7341=CARTESIAN_POINT('Ctrl Pts',(-44.,8.00000000000001,-28.));
#7342=CARTESIAN_POINT('Ctrl Pts',(-44.,8.00000000000001,-30.023552732045));
#7343=CARTESIAN_POINT('Ctrl Pts',(-44.,8.00000000000001,-32.0471054640899));
#7344=CARTESIAN_POINT('Ctrl Pts',(-44.,8.00000000000001,-34.0706581961349));
#7345=CARTESIAN_POINT('Ctrl Pts',(-44.,9.23800351703107,-28.));
#7346=CARTESIAN_POINT('Ctrl Pts',(-44.,9.23800351703107,-30.023552732045));
#7347=CARTESIAN_POINT('Ctrl Pts',(-44.,9.23800351703107,-32.0471054640899));
#7348=CARTESIAN_POINT('Ctrl Pts',(-44.,9.23800351703107,-34.0706581961349));
#7349=CARTESIAN_POINT('Ctrl Pts',(-43.9842128829785,11.0757778180311,-28.));
#7350=CARTESIAN_POINT('Ctrl Pts',(-43.9842128829785,11.0757778180311,-30.023552732045));
#7351=CARTESIAN_POINT('Ctrl Pts',(-43.9842128829785,11.0757778180311,-32.0471054640899));
#7352=CARTESIAN_POINT('Ctrl Pts',(-43.9842128829785,11.0757778180311,-34.0706581961349));
#7353=CARTESIAN_POINT('Ctrl Pts',(-43.3791321162185,14.1124313857174,-28.));
#7354=CARTESIAN_POINT('Ctrl Pts',(-43.3791321162185,14.1124313857174,-30.023552732045));
#7355=CARTESIAN_POINT('Ctrl Pts',(-43.3791321162185,14.1124313857174,-32.0471054640899));
#7356=CARTESIAN_POINT('Ctrl Pts',(-43.3791321162185,14.1124313857174,-34.0706581961349));
#7357=CARTESIAN_POINT('Ctrl Pts',(-42.0450924994265,17.0797710546714,-28.));
#7358=CARTESIAN_POINT('Ctrl Pts',(-42.0450924994265,17.0797710546714,-30.023552732045));
#7359=CARTESIAN_POINT('Ctrl Pts',(-42.0450924994265,17.0797710546714,-32.0471054640899));
#7360=CARTESIAN_POINT('Ctrl Pts',(-42.0450924994265,17.0797710546714,-34.0706581961349));
#7361=CARTESIAN_POINT('Ctrl Pts',(-40.1705568518094,19.1539538680162,-28.));
#7362=CARTESIAN_POINT('Ctrl Pts',(-40.1705568518094,19.1539538680162,-30.023552732045));
#7363=CARTESIAN_POINT('Ctrl Pts',(-40.1705568518094,19.1539538680162,-32.0471054640899));
#7364=CARTESIAN_POINT('Ctrl Pts',(-40.1705568518094,19.1539538680162,-34.0706581961349));
#7365=CARTESIAN_POINT('Ctrl Pts',(-39.1220926618691,20.0168091045563,-28.));
#7366=CARTESIAN_POINT('Ctrl Pts',(-39.1220926618691,20.0168091045563,-30.023552732045));
#7367=CARTESIAN_POINT('Ctrl Pts',(-39.1220926618691,20.0168091045563,-32.0471054640899));
#7368=CARTESIAN_POINT('Ctrl Pts',(-39.1220926618691,20.0168091045563,-34.0706581961349));
#7369=CARTESIAN_POINT('',(-44.,7.99999999999998,-34.));
#7370=CARTESIAN_POINT('Ctrl Pts',(-39.5879629039057,19.6156088278898,-32.8953941709928));
#7371=CARTESIAN_POINT('Ctrl Pts',(-39.7613718692233,19.4594173311699,-32.9437767073723));
#7372=CARTESIAN_POINT('Ctrl Pts',(-40.2386614317058,19.0074021222139,-33.0791510145837));
#7373=CARTESIAN_POINT('Ctrl Pts',(-41.0048194713447,18.1726465899019,-33.2965477832398));
#7374=CARTESIAN_POINT('Ctrl Pts',(-41.7829606306122,17.1394850951917,-33.4952004359276));
#7375=CARTESIAN_POINT('Ctrl Pts',(-42.4674632400265,15.992864152583,-33.6422190964604));
#7376=CARTESIAN_POINT('Ctrl Pts',(-43.0115231151231,14.8585933140635,-33.7425260766585));
#7377=CARTESIAN_POINT('Ctrl Pts',(-43.3095267566095,13.9964619190665,-33.7953117314371));
#7378=CARTESIAN_POINT('Ctrl Pts',(-43.5317433293359,13.2268577786825,-33.8393519457953));
#7379=CARTESIAN_POINT('Ctrl Pts',(-43.7166898061638,12.4345432792562,-33.8815114534488));
#7380=CARTESIAN_POINT('Ctrl Pts',(-43.8560688816434,11.5108858873197,-33.9262928531311));
#7381=CARTESIAN_POINT('Ctrl Pts',(-43.9542722166693,10.4861489245663,-33.9683429495083));
#7382=CARTESIAN_POINT('Ctrl Pts',(-44.0050896773174,9.18338391254442,-34.0016571515825));
#7383=CARTESIAN_POINT('Ctrl Pts',(-44.,8.43257173558499,-34.));
#7384=CARTESIAN_POINT('Ctrl Pts',(-44.,7.99999999999994,-34.));
#7385=CARTESIAN_POINT('',(-44.,8.00000000000001,-28.));
#7386=CARTESIAN_POINT('',(-44.,8.00000000000001,4.88498130835069E-15));
#7387=CARTESIAN_POINT('Ctrl Pts',(-39.1221056985754,20.0167983757162,-28.));
#7388=CARTESIAN_POINT('Ctrl Pts',(-40.1705646211958,19.1539452711471,-28.));
#7389=CARTESIAN_POINT('Ctrl Pts',(-41.1078277238045,18.1168578523797,-28.));
#7390=CARTESIAN_POINT('Ctrl Pts',(-41.8432665108806,17.0048488242168,-28.));
#7391=CARTESIAN_POINT('Ctrl Pts',(-42.5787083461433,15.8928351870898,-28.));
#7392=CARTESIAN_POINT('Ctrl Pts',(-43.1123241928601,14.7058993195082,-28.));
#7393=CARTESIAN_POINT('Ctrl Pts',(-43.4515510129017,13.500479745598,-28.));
#7394=CARTESIAN_POINT('Ctrl Pts',(-43.6211644229225,12.8977699586429,-28.));
#7395=CARTESIAN_POINT('Ctrl Pts',(-43.7421805762745,12.2904392451056,-28.));
#7396=CARTESIAN_POINT('Ctrl Pts',(-43.824612135956,11.6813549581919,-28.));
#7397=CARTESIAN_POINT('Ctrl Pts',(-43.989475255319,10.4631863843644,-28.));
#7398=CARTESIAN_POINT('Ctrl Pts',(-44.,9.23800351703107,-28.));
#7399=CARTESIAN_POINT('Ctrl Pts',(-44.,8.00000000000001,-28.));
#7400=CARTESIAN_POINT('Ctrl Pts',(-33.7120993975676,22.6463925931024,-28.));
#7401=CARTESIAN_POINT('Ctrl Pts',(-33.7120993975676,22.6463925931024,-29.1442764205125));
#7402=CARTESIAN_POINT('Ctrl Pts',(-33.7120993975676,22.6463925931024,-30.2885528410251));
#7403=CARTESIAN_POINT('Ctrl Pts',(-33.7120993975676,22.6463925931024,-31.4328292615376));
#7404=CARTESIAN_POINT('Ctrl Pts',(-32.1569181493209,22.9781073951514,-28.));
#7405=CARTESIAN_POINT('Ctrl Pts',(-32.1569181493209,22.9781073951514,-29.1442764205125));
#7406=CARTESIAN_POINT('Ctrl Pts',(-32.1569181493209,22.9781073951514,-30.2885528410251));
#7407=CARTESIAN_POINT('Ctrl Pts',(-32.1569181493209,22.9781073951514,-31.4328292615376));
#7408=CARTESIAN_POINT('Ctrl Pts',(-30.5879537537389,23.,-28.));
#7409=CARTESIAN_POINT('Ctrl Pts',(-30.5879537537389,23.,-29.1442764205125));
#7410=CARTESIAN_POINT('Ctrl Pts',(-30.5879537537389,23.,-30.2885528410251));
#7411=CARTESIAN_POINT('Ctrl Pts',(-30.5879537537389,23.,-31.4328292615376));
#7412=CARTESIAN_POINT('Ctrl Pts',(-29.,23.,-28.));
#7413=CARTESIAN_POINT('Ctrl Pts',(-29.,23.,-29.1442764205125));
#7414=CARTESIAN_POINT('Ctrl Pts',(-29.,23.,-30.2885528410251));
#7415=CARTESIAN_POINT('Ctrl Pts',(-29.,23.,-31.4328292615376));
#7416=CARTESIAN_POINT('',(-29.,23.,-28.));
#7417=CARTESIAN_POINT('Ctrl Pts',(-29.,23.,-28.));
#7418=CARTESIAN_POINT('Ctrl Pts',(-30.5879537537389,23.,-28.));
#7419=CARTESIAN_POINT('Ctrl Pts',(-32.1569181493209,22.9781073951514,-28.));
#7420=CARTESIAN_POINT('Ctrl Pts',(-33.7120993975676,22.6463925931024,-28.));
#7421=CARTESIAN_POINT('',(-29.,23.,1.55431223447522E-15));
#7422=CARTESIAN_POINT('Ctrl Pts',(-29.,23.,-29.));
#7423=CARTESIAN_POINT('Ctrl Pts',(-29.032926864308,23.,-29.0329268659634));
#7424=CARTESIAN_POINT('Ctrl Pts',(-29.0665843297483,22.999999896273,-29.0662014836245));
#7425=CARTESIAN_POINT('Ctrl Pts',(-29.30326537321,22.9999682052384,-29.2972605912878));
#7426=CARTESIAN_POINT('Ctrl Pts',(-29.7375258772276,22.9998023713372,-29.6942064000978));
#7427=CARTESIAN_POINT('Ctrl Pts',(-30.476397202259,22.9911985308652,-30.2543252293477));
#7428=CARTESIAN_POINT('Ctrl Pts',(-31.3341075721036,22.9599148859311,-30.7765756015256));
#7429=CARTESIAN_POINT('Ctrl Pts',(-32.1764167490174,22.8944471198595,-31.1574725089304));
#7430=CARTESIAN_POINT('Ctrl Pts',(-32.8165784952834,22.8078391896035,-31.3758149615597));
#7431=CARTESIAN_POINT('Ctrl Pts',(-33.0040076446821,22.777968113757,-31.4332759572722));
#7432=CARTESIAN_POINT('Ctrl Pts',(-39.5879629039057,19.6156088278898,-32.8953941709928));
#7433=CARTESIAN_POINT('Ctrl Pts',(-39.7613718692233,19.4594173311699,-32.9437767073723));
#7434=CARTESIAN_POINT('Ctrl Pts',(-40.2386614317058,19.0074021222139,-33.0791510145837));
#7435=CARTESIAN_POINT('Ctrl Pts',(-41.0048194713447,18.1726465899019,-33.2965477832398));
#7436=CARTESIAN_POINT('Ctrl Pts',(-41.7829606306122,17.1394850951917,-33.4952004359276));
#7437=CARTESIAN_POINT('Ctrl Pts',(-42.4674632400265,15.992864152583,-33.6422190964604));
#7438=CARTESIAN_POINT('Ctrl Pts',(-43.0115231151231,14.8585933140635,-33.7425260766585));
#7439=CARTESIAN_POINT('Ctrl Pts',(-43.3095267566095,13.9964619190665,-33.7953117314371));
#7440=CARTESIAN_POINT('Ctrl Pts',(-43.5317433293359,13.2268577786825,-33.8393519457953));
#7441=CARTESIAN_POINT('Ctrl Pts',(-43.7166898061638,12.4345432792562,-33.8815114534488));
#7442=CARTESIAN_POINT('Ctrl Pts',(-43.8560688816434,11.5108858873197,-33.9262928531311));
#7443=CARTESIAN_POINT('Ctrl Pts',(-43.9542722166693,10.4861489245663,-33.9683429495083));
#7444=CARTESIAN_POINT('Ctrl Pts',(-44.0050896773174,9.18338391254442,-34.0016571515825));
#7445=CARTESIAN_POINT('Ctrl Pts',(-44.,8.43257173558499,-34.));
#7446=CARTESIAN_POINT('Ctrl Pts',(-44.,7.99999999999994,-34.));
#7447=CARTESIAN_POINT('Ctrl Pts',(-39.3799081013085,19.8030062381557,-33.2722400273701));
#7448=CARTESIAN_POINT('Ctrl Pts',(-39.5542701837476,19.6522819800229,-33.3303458811171));
#7449=CARTESIAN_POINT('Ctrl Pts',(-40.0355646280593,19.2150377512865,-33.4930419512934));
#7450=CARTESIAN_POINT('Ctrl Pts',(-40.8148090050206,18.401339419554,-33.7583331405968));
#7451=CARTESIAN_POINT('Ctrl Pts',(-41.6178221356918,17.3834261063442,-34.0142258262353));
#7452=CARTESIAN_POINT('Ctrl Pts',(-42.3375211590136,16.2365599048203,-34.2220513877361));
#7453=CARTESIAN_POINT('Ctrl Pts',(-42.9200253693785,15.0855212056969,-34.3786665704953));
#7454=CARTESIAN_POINT('Ctrl Pts',(-43.2455899766659,14.1950954949872,-34.4668346031877));
#7455=CARTESIAN_POINT('Ctrl Pts',(-43.4892021149054,13.395168807975,-34.5374744138899));
#7456=CARTESIAN_POINT('Ctrl Pts',(-43.6928569631225,12.5675340903227,-34.6020612029028));
#7457=CARTESIAN_POINT('Ctrl Pts',(-43.8457056610497,11.6007086103021,-34.6624364619362));
#7458=CARTESIAN_POINT('Ctrl Pts',(-43.95210076028,10.5329819307591,-34.7138840508799));
#7459=CARTESIAN_POINT('Ctrl Pts',(-44.0055176150364,9.18956023697707,-34.7501296012757));
#7460=CARTESIAN_POINT('Ctrl Pts',(-43.9999209252801,8.43284285151034,-34.7479145266315));
#7461=CARTESIAN_POINT('Ctrl Pts',(-44.,7.99999999999994,-34.7479982508547));
#7462=CARTESIAN_POINT('Ctrl Pts',(-38.9519964396973,20.1634597578775,-34.0248164180521));
#7463=CARTESIAN_POINT('Ctrl Pts',(-39.1278540453017,20.0235481662739,-34.1021792131164));
#7464=CARTESIAN_POINT('Ctrl Pts',(-39.6159058989025,19.61543389133,-34.3191932936744));
#7465=CARTESIAN_POINT('Ctrl Pts',(-40.4192666087511,18.8434645425614,-34.6791066397692));
#7466=CARTESIAN_POINT('Ctrl Pts',(-41.2699192022786,17.8562859457835,-35.0478650148785));
#7467=CARTESIAN_POINT('Ctrl Pts',(-42.0594339539279,16.7103894784946,-35.3749075652632));
#7468=CARTESIAN_POINT('Ctrl Pts',(-42.7201265623531,15.5286228460672,-35.6414236430825));
#7469=CARTESIAN_POINT('Ctrl Pts',(-43.1033903395335,14.5837963964094,-35.7982257981096));
#7470=CARTESIAN_POINT('Ctrl Pts',(-43.3920495459565,13.7254132315097,-35.9205683987868));
#7471=CARTESIAN_POINT('Ctrl Pts',(-43.6354212518367,12.8288944142675,-36.0285462963207));
#7472=CARTESIAN_POINT('Ctrl Pts',(-43.8168301583122,11.7775030748664,-36.1190590222539));
#7473=CARTESIAN_POINT('Ctrl Pts',(-43.9404357830204,10.6251763887901,-36.1886723490656));
#7474=CARTESIAN_POINT('Ctrl Pts',(-43.999169470226,9.20174493655228,-36.2307223844665));
#7475=CARTESIAN_POINT('Ctrl Pts',(-43.9925651748323,8.43302549655637,-36.2273637178477));
#7476=CARTESIAN_POINT('Ctrl Pts',(-43.9927639034408,7.99999999999996,-36.2274377723845));
#7477=CARTESIAN_POINT('Ctrl Pts',(-38.1943292988312,20.573780376909,-35.1520641714556));
#7478=CARTESIAN_POINT('Ctrl Pts',(-38.3652726031083,20.4464640799437,-35.2582759786416));
#7479=CARTESIAN_POINT('Ctrl Pts',(-38.842589705446,20.0724424691017,-35.5563570776705));
#7480=CARTESIAN_POINT('Ctrl Pts',(-39.6418251618266,19.3493014049668,-36.0574678665844));
#7481=CARTESIAN_POINT('Ctrl Pts',(-40.5104844825839,18.3986918458721,-36.5937678590125));
#7482=CARTESIAN_POINT('Ctrl Pts',(-41.3433070870176,17.2558076529995,-37.0975501939987));
#7483=CARTESIAN_POINT('Ctrl Pts',(-42.0617833687262,16.0404411364921,-37.5270976601696));
#7484=CARTESIAN_POINT('Ctrl Pts',(-42.4927523445277,15.0341311016341,-37.7860144544425));
#7485=CARTESIAN_POINT('Ctrl Pts',(-42.8196297105608,14.1085994575904,-37.9851342696367));
#7486=CARTESIAN_POINT('Ctrl Pts',(-43.0975240799566,13.1327765267883,-38.1576656567578));
#7487=CARTESIAN_POINT('Ctrl Pts',(-43.3042289262093,11.9831432222612,-38.2928640345433));
#7488=CARTESIAN_POINT('Ctrl Pts',(-43.4429717578117,10.7324956582978,-38.3892371354039));
#7489=CARTESIAN_POINT('Ctrl Pts',(-43.5062779662127,9.21588905097425,-38.4395740362216));
#7490=CARTESIAN_POINT('Ctrl Pts',(-43.4987798813521,8.43357344465185,-38.4346174501605));
#7491=CARTESIAN_POINT('Ctrl Pts',(-43.4991450097089,7.99999999999997,-38.4348569692975));
#7492=CARTESIAN_POINT('Ctrl Pts',(-37.2896345370681,20.7923379467087,-36.2536163095599));
#7493=CARTESIAN_POINT('Ctrl Pts',(-37.4461335654905,20.671814797439,-36.3870726232049));
#7494=CARTESIAN_POINT('Ctrl Pts',(-37.8847317728308,20.3161331976739,-36.7615666746307));
#7495=CARTESIAN_POINT('Ctrl Pts',(-38.6254805447693,19.6193348127517,-37.3945351918703));
#7496=CARTESIAN_POINT('Ctrl Pts',(-39.4388451287095,18.6885808456971,-38.0856555377837));
#7497=CARTESIAN_POINT('Ctrl Pts',(-40.2281063650079,17.5476597852508,-38.7513878681162));
#7498=CARTESIAN_POINT('Ctrl Pts',(-40.9169941491882,16.3148387782953,-39.3296930797947));
#7499=CARTESIAN_POINT('Ctrl Pts',(-41.3362114453613,15.2757440239448,-39.6815683559905));
#7500=CARTESIAN_POINT('Ctrl Pts',(-41.6556199538779,14.3144557450449,-39.950610783964));
#7501=CARTESIAN_POINT('Ctrl Pts',(-41.9286786725007,13.2961199031778,-40.1818221731742));
#7502=CARTESIAN_POINT('Ctrl Pts',(-42.1329317838683,12.0937714388685,-40.3574960267445));
#7503=CARTESIAN_POINT('Ctrl Pts',(-42.2703117553786,10.7902271780103,-40.4779741116303));
#7504=CARTESIAN_POINT('Ctrl Pts',(-42.333217393611,9.22351188854541,-40.5357252986256));
#7505=CARTESIAN_POINT('Ctrl Pts',(-42.32579882759,8.43370282548356,-40.529326906176));
#7506=CARTESIAN_POINT('Ctrl Pts',(-42.3261599743161,7.99999999999999,-40.5296494058698));
#7507=CARTESIAN_POINT('Ctrl Pts',(-35.9079258287852,20.7950688087443,-37.6377847374305));
#7508=CARTESIAN_POINT('Ctrl Pts',(-36.0336511902233,20.6746371051891,-37.8021972455018));
#7509=CARTESIAN_POINT('Ctrl Pts',(-36.3867519523762,20.3192420303838,-38.2626803204541));
#7510=CARTESIAN_POINT('Ctrl Pts',(-36.9835871627105,19.6228245564292,-39.0406002179013));
#7511=CARTESIAN_POINT('Ctrl Pts',(-37.6337971931771,18.6923887534109,-39.8962379041476));
#7512=CARTESIAN_POINT('Ctrl Pts',(-38.2580937388874,17.5516137082724,-40.7286210858284));
#7513=CARTESIAN_POINT('Ctrl Pts',(-38.7993029197821,16.3185918175387,-41.4564086812676));
#7514=CARTESIAN_POINT('Ctrl Pts',(-39.1285026656867,15.2791614350441,-41.8995921768143));
#7515=CARTESIAN_POINT('Ctrl Pts',(-39.3806776332469,14.3173400980381,-42.2368475177819));
#7516=CARTESIAN_POINT('Ctrl Pts',(-39.5978028169788,13.2984565528699,-42.5248606288809));
#7517=CARTESIAN_POINT('Ctrl Pts',(-39.7638839302054,12.0953292550026,-42.7393240532397));
#7518=CARTESIAN_POINT('Ctrl Pts',(-39.8786779416022,10.7910522542429,-42.8827294817983));
#7519=CARTESIAN_POINT('Ctrl Pts',(-39.9347394404653,9.22360997251339,-42.9473761834435));
#7520=CARTESIAN_POINT('Ctrl Pts',(-39.9286466463737,8.43381334036114,-42.939642785113));
#7521=CARTESIAN_POINT('Ctrl Pts',(-39.9289241797879,8.00000000000001,-42.94011572216));
#7522=CARTESIAN_POINT('Ctrl Pts',(-34.398707095114,20.3470942010722,-38.7435074676706));
#7523=CARTESIAN_POINT('Ctrl Pts',(-34.4855475970008,20.2127017128094,-38.9204930660413));
#7524=CARTESIAN_POINT('Ctrl Pts',(-34.7291909638138,19.8195131458036,-39.4130636178315));
#7525=CARTESIAN_POINT('Ctrl Pts',(-35.135498375513,19.068881795579,-40.2307016996323));
#7526=CARTESIAN_POINT('Ctrl Pts',(-35.5593295454299,18.0974672583224,-41.1082326247926));
#7527=CARTESIAN_POINT('Ctrl Pts',(-35.9443202298646,16.9522453073788,-41.936417551003));
#7528=CARTESIAN_POINT('Ctrl Pts',(-36.2640423497885,15.754854616219,-42.6402014127164));
#7529=CARTESIAN_POINT('Ctrl Pts',(-36.4539325079872,14.7824201389553,-43.0551561618217));
#7530=CARTESIAN_POINT('Ctrl Pts',(-36.6011037847563,13.8941315165332,-43.3685785319388));
#7531=CARTESIAN_POINT('Ctrl Pts',(-36.7299242148979,12.9624920683724,-43.6337441663969));
#7532=CARTESIAN_POINT('Ctrl Pts',(-36.8348933400555,11.8678396331052,-43.830815704161));
#7533=CARTESIAN_POINT('Ctrl Pts',(-36.913225175789,10.6723025959675,-43.9638138637449));
#7534=CARTESIAN_POINT('Ctrl Pts',(-36.958022201553,9.20795800075635,-44.0254162690193));
#7535=CARTESIAN_POINT('Ctrl Pts',(-36.9541342080591,8.43327414307306,-44.0182559539507));
#7536=CARTESIAN_POINT('Ctrl Pts',(-36.9542615843897,8.00000000000002,-44.0185513997625));
#7537=CARTESIAN_POINT('Ctrl Pts',(-33.2722400273701,19.8030062381557,-39.3799081013086));
#7538=CARTESIAN_POINT('Ctrl Pts',(-33.3303458811171,19.6522819800228,-39.5542701837477));
#7539=CARTESIAN_POINT('Ctrl Pts',(-33.4930419512934,19.2150377512864,-40.0355646280593));
#7540=CARTESIAN_POINT('Ctrl Pts',(-33.7583331405969,18.401339419554,-40.8148090050207));
#7541=CARTESIAN_POINT('Ctrl Pts',(-34.0142258262354,17.3834261063442,-41.6178221356918));
#7542=CARTESIAN_POINT('Ctrl Pts',(-34.2220513877361,16.2365599048204,-42.3375211590136));
#7543=CARTESIAN_POINT('Ctrl Pts',(-34.3786665704953,15.085521205697,-42.9200253693785));
#7544=CARTESIAN_POINT('Ctrl Pts',(-34.4668346031878,14.1950954949873,-43.2455899766659));
#7545=CARTESIAN_POINT('Ctrl Pts',(-34.5374744138899,13.3951688079751,-43.4892021149054));
#7546=CARTESIAN_POINT('Ctrl Pts',(-34.6020612029029,12.5675340903228,-43.6928569631225));
#7547=CARTESIAN_POINT('Ctrl Pts',(-34.6624364619362,11.6007086103023,-43.8457056610497));
#7548=CARTESIAN_POINT('Ctrl Pts',(-34.7138840508799,10.5329819307592,-43.95210076028));
#7549=CARTESIAN_POINT('Ctrl Pts',(-34.7501296012757,9.18956023697713,-44.0055176150364));
#7550=CARTESIAN_POINT('Ctrl Pts',(-34.7479145266315,8.43284285151042,-43.99992092528));
#7551=CARTESIAN_POINT('Ctrl Pts',(-34.7479982508547,8.00000000000002,-44.));
#7552=CARTESIAN_POINT('Ctrl Pts',(-32.8953941709928,19.6156088278897,-39.5879629039058));
#7553=CARTESIAN_POINT('Ctrl Pts',(-32.9437767073724,19.4594173311699,-39.7613718692234));
#7554=CARTESIAN_POINT('Ctrl Pts',(-33.0791510145837,19.0074021222139,-40.2386614317059));
#7555=CARTESIAN_POINT('Ctrl Pts',(-33.2965477832399,18.1726465899018,-41.0048194713447));
#7556=CARTESIAN_POINT('Ctrl Pts',(-33.4952004359277,17.1394850951917,-41.7829606306122));
#7557=CARTESIAN_POINT('Ctrl Pts',(-33.6422190964604,15.9928641525831,-42.4674632400265));
#7558=CARTESIAN_POINT('Ctrl Pts',(-33.7425260766585,14.8585933140636,-43.011523115123));
#7559=CARTESIAN_POINT('Ctrl Pts',(-33.7953117314371,13.9964619190667,-43.3095267566094));
#7560=CARTESIAN_POINT('Ctrl Pts',(-33.8393519457953,13.2268577786826,-43.5317433293358));
#7561=CARTESIAN_POINT('Ctrl Pts',(-33.8815114534488,12.4345432792564,-43.7166898061638));
#7562=CARTESIAN_POINT('Ctrl Pts',(-33.9262928531311,11.5108858873198,-43.8560688816434));
#7563=CARTESIAN_POINT('Ctrl Pts',(-33.9683429495083,10.4861489245664,-43.9542722166693));
#7564=CARTESIAN_POINT('Ctrl Pts',(-34.0016571515825,9.18338391254449,-44.0050896773174));
#7565=CARTESIAN_POINT('Ctrl Pts',(-34.,8.43257173558507,-44.));
#7566=CARTESIAN_POINT('Ctrl Pts',(-34.,8.00000000000002,-44.));
#7567=CARTESIAN_POINT('Ctrl Pts',(-44.,7.99999999999994,-34.));
#7568=CARTESIAN_POINT('Ctrl Pts',(-44.,7.99999999999994,-34.7479982508547));
#7569=CARTESIAN_POINT('Ctrl Pts',(-43.9927639034408,7.99999999999996,-36.2274377723845));
#7570=CARTESIAN_POINT('Ctrl Pts',(-43.4991450097089,7.99999999999997,-38.4348569692975));
#7571=CARTESIAN_POINT('Ctrl Pts',(-42.3261599743161,7.99999999999999,-40.5296494058698));
#7572=CARTESIAN_POINT('Ctrl Pts',(-39.9289241797879,8.00000000000001,-42.94011572216));
#7573=CARTESIAN_POINT('Ctrl Pts',(-36.9542615843897,8.00000000000002,-44.0185513997625));
#7574=CARTESIAN_POINT('Ctrl Pts',(-34.7479982508547,8.00000000000002,-44.));
#7575=CARTESIAN_POINT('Ctrl Pts',(-34.,8.00000000000002,-44.));
#7576=CARTESIAN_POINT('Ctrl Pts',(-29.,23.,-29.));
#7577=CARTESIAN_POINT('Ctrl Pts',(-29.032926864308,23.,-29.0329268659634));
#7578=CARTESIAN_POINT('Ctrl Pts',(-29.0665843297483,22.999999896273,-29.0662014836245));
#7579=CARTESIAN_POINT('Ctrl Pts',(-29.30326537321,22.9999682052384,-29.2972605912878));
#7580=CARTESIAN_POINT('Ctrl Pts',(-29.7375258772276,22.9998023713372,-29.6942064000978));
#7581=CARTESIAN_POINT('Ctrl Pts',(-30.476397202259,22.9911985308652,-30.2543252293477));
#7582=CARTESIAN_POINT('Ctrl Pts',(-31.3341075721036,22.9599148859311,-30.7765756015256));
#7583=CARTESIAN_POINT('Ctrl Pts',(-32.2641131688663,22.8876309900377,-31.1971293190738));
#7584=CARTESIAN_POINT('Ctrl Pts',(-33.4215687542854,22.7222945242366,-31.5750279619734));
#7585=CARTESIAN_POINT('Ctrl Pts',(-34.8000106056735,22.406670241128,-31.8696611900085));
#7586=CARTESIAN_POINT('Ctrl Pts',(-36.1179729896832,21.8908941909789,-32.0967467262432));
#7587=CARTESIAN_POINT('Ctrl Pts',(-36.67430423946,21.6147952507069,-32.2038999963307));
#7588=CARTESIAN_POINT('Ctrl Pts',(-36.8335338635465,21.5323419456044,-32.2352065648832));
#7589=CARTESIAN_POINT('Ctrl Pts',(-29.,23.,-29.));
#7590=CARTESIAN_POINT('Ctrl Pts',(-29.0329146856012,23.0000031510499,-29.0329352281275));
#7591=CARTESIAN_POINT('Ctrl Pts',(-29.0665599453288,22.9999968319812,-29.0662295607078));
#7592=CARTESIAN_POINT('Ctrl Pts',(-29.3026398644154,22.9999847587345,-29.2978666104114));
#7593=CARTESIAN_POINT('Ctrl Pts',(-29.7334591786813,22.9997606495835,-29.6983100985899));
#7594=CARTESIAN_POINT('Ctrl Pts',(-30.4553035495422,22.9915111855572,-30.2753726138052));
#7595=CARTESIAN_POINT('Ctrl Pts',(-31.2811367739327,22.962294122348,-30.8297128913659));
#7596=CARTESIAN_POINT('Ctrl Pts',(-32.163246815626,22.8972331812564,-31.2986337326812));
#7597=CARTESIAN_POINT('Ctrl Pts',(-33.249057591005,22.7522240073643,-31.7526124676964));
#7598=CARTESIAN_POINT('Ctrl Pts',(-34.534139388553,22.4817995068102,-32.1545479926894));
#7599=CARTESIAN_POINT('Ctrl Pts',(-35.775744016836,22.0388062488752,-32.501268190825));
#7600=CARTESIAN_POINT('Ctrl Pts',(-36.309382941385,21.7970812368165,-32.6599366012414));
#7601=CARTESIAN_POINT('Ctrl Pts',(-36.4615932083223,21.7249426409912,-32.7068809473634));
#7602=CARTESIAN_POINT('Ctrl Pts',(-29.,23.,-29.));
#7603=CARTESIAN_POINT('Ctrl Pts',(-29.0329291127458,23.0000064385688,-29.0329149063563));
#7604=CARTESIAN_POINT('Ctrl Pts',(-29.0664725040265,22.9999936289801,-29.0663227039097));
#7605=CARTESIAN_POINT('Ctrl Pts',(-29.3015526200472,23.0000034092252,-29.2989221823836));
#7606=CARTESIAN_POINT('Ctrl Pts',(-29.7251844000346,22.9997009716875,-29.7066494242885));
#7607=CARTESIAN_POINT('Ctrl Pts',(-30.4127773993169,22.9920903708992,-30.3178009836886));
#7608=CARTESIAN_POINT('Ctrl Pts',(-31.1751059921195,22.966682928311,-30.9360502825493));
#7609=CARTESIAN_POINT('Ctrl Pts',(-31.9600949362988,22.9144244038831,-31.5028874653633));
#7610=CARTESIAN_POINT('Ctrl Pts',(-32.9030263300512,22.8048764471784,-32.1076280102676));
#7611=CARTESIAN_POINT('Ctrl Pts',(-33.9953776160477,22.6122059292124,-32.7262399479406));
#7612=CARTESIAN_POINT('Ctrl Pts',(-35.0785442636575,22.296854638879,-33.3071550881678));
#7613=CARTESIAN_POINT('Ctrl Pts',(-35.5568633702676,22.1172621156174,-33.5723962711001));
#7614=CARTESIAN_POINT('Ctrl Pts',(-35.6954161576467,22.0636198142426,-33.6484339838681));
#7615=CARTESIAN_POINT('Ctrl Pts',(-29.,23.,-29.));
#7616=CARTESIAN_POINT('Ctrl Pts',(-29.0329015883559,23.0000074064613,-29.032939925128));
#7617=CARTESIAN_POINT('Ctrl Pts',(-29.0663723973724,22.9999926828961,-29.0664252341907));
#7618=CARTESIAN_POINT('Ctrl Pts',(-29.2994358463471,23.0000091801646,-29.3010254295998));
#7619=CARTESIAN_POINT('Ctrl Pts',(-29.710835848141,22.9996795087052,-29.7210257145078));
#7620=CARTESIAN_POINT('Ctrl Pts',(-30.3390245835568,22.9923339399369,-30.391511180701));
#7621=CARTESIAN_POINT('Ctrl Pts',(-30.9892594844404,22.9685410552331,-31.1220276602055));
#7622=CARTESIAN_POINT('Ctrl Pts',(-31.605202817602,22.9215616842009,-31.8582335838622));
#7623=CARTESIAN_POINT('Ctrl Pts',(-32.2859880850391,22.8265201909473,-32.7283717176953));
#7624=CARTESIAN_POINT('Ctrl Pts',(-33.0151191264112,22.6653349069341,-33.7199075638616));
#7625=CARTESIAN_POINT('Ctrl Pts',(-33.7196854408545,22.4023871854438,-34.710448646587));
#7626=CARTESIAN_POINT('Ctrl Pts',(-34.04343140553,22.2487451540315,-35.151498800293));
#7627=CARTESIAN_POINT('Ctrl Pts',(-34.1353913327112,22.2028129737431,-35.2805367033182));
#7628=CARTESIAN_POINT('Ctrl Pts',(-29.,23.,-29.));
#7629=CARTESIAN_POINT('Ctrl Pts',(-29.0329394075563,23.0000047265749,-29.0329085979055));
#7630=CARTESIAN_POINT('Ctrl Pts',(-29.0662435984256,22.9999952998353,-29.0665477539546));
#7631=CARTESIAN_POINT('Ctrl Pts',(-29.2981696213767,22.9999930354825,-29.3023271086034));
#7632=CARTESIAN_POINT('Ctrl Pts',(-29.7003619478607,22.9997397887066,-29.7314258293847));
#7633=CARTESIAN_POINT('Ctrl Pts',(-30.2858963065069,22.9916675129031,-30.4447567227071));
#7634=CARTESIAN_POINT('Ctrl Pts',(-30.8562815363952,22.9634837405565,-31.2546513747377));
#7635=CARTESIAN_POINT('Ctrl Pts',(-31.3493859395876,22.9020342768656,-32.1128136389026));
#7636=CARTESIAN_POINT('Ctrl Pts',(-31.8414047205884,22.767188748928,-33.1628020093345));
#7637=CARTESIAN_POINT('Ctrl Pts',(-32.2969913940485,22.5193641396512,-34.4012037799742));
#7638=CARTESIAN_POINT('Ctrl Pts',(-32.7035289231207,22.1127622778233,-35.6046295304077));
#7639=CARTESIAN_POINT('Ctrl Pts',(-32.8879549036967,21.8882242298712,-36.1269222923477));
#7640=CARTESIAN_POINT('Ctrl Pts',(-32.9427181386034,21.8212429886846,-36.2756228807103));
#7641=CARTESIAN_POINT('Ctrl Pts',(-29.,23.,-29.));
#7642=CARTESIAN_POINT('Ctrl Pts',(-29.032926864308,23.,-29.0329268659634));
#7643=CARTESIAN_POINT('Ctrl Pts',(-29.0662014828026,22.999999896273,-29.0665843305858));
#7644=CARTESIAN_POINT('Ctrl Pts',(-29.2972605926915,22.9999682052384,-29.3032653717955));
#7645=CARTESIAN_POINT('Ctrl Pts',(-29.6942064001227,22.9998023713372,-29.7375258772044));
#7646=CARTESIAN_POINT('Ctrl Pts',(-30.2543252298208,22.9911985308651,-30.4763972017824));
#7647=CARTESIAN_POINT('Ctrl Pts',(-30.7765756016348,22.9599148859311,-31.3341075719942));
#7648=CARTESIAN_POINT('Ctrl Pts',(-31.1971293191766,22.8876309900376,-32.2641131687631));
#7649=CARTESIAN_POINT('Ctrl Pts',(-31.5750279620039,22.7222945242365,-33.4215687542553));
#7650=CARTESIAN_POINT('Ctrl Pts',(-31.8696611900273,22.4066702411278,-34.800010605655));
#7651=CARTESIAN_POINT('Ctrl Pts',(-32.0967467262481,21.8908941909787,-36.1179729896786));
#7652=CARTESIAN_POINT('Ctrl Pts',(-32.2038999963307,21.6147952507068,-36.6743042394602));
#7653=CARTESIAN_POINT('Ctrl Pts',(-32.2352065648832,21.5323419456042,-36.8335338635467));
#7654=CARTESIAN_POINT('Origin',(-37.7243503735294,11.789833876057,28.));
#7655=CARTESIAN_POINT('Origin',(-37.7243503735294,11.789833876057,-28.));
#7656=CARTESIAN_POINT('Ctrl Pts',(-44.,8.00000000000002,-34.));
#7657=CARTESIAN_POINT('Ctrl Pts',(-44.,2.66666666666667,-34.));
#7658=CARTESIAN_POINT('Ctrl Pts',(-44.,-2.66666666666667,-34.));
#7659=CARTESIAN_POINT('Ctrl Pts',(-44.,-8.00000000000001,-34.));
#7660=CARTESIAN_POINT('Ctrl Pts',(-44.,8.00000000000002,-34.7479982508547));
#7661=CARTESIAN_POINT('Ctrl Pts',(-44.,2.66666666666667,-34.7479982508547));
#7662=CARTESIAN_POINT('Ctrl Pts',(-44.,-2.66666666666666,-34.7479982508547));
#7663=CARTESIAN_POINT('Ctrl Pts',(-44.,-8.00000000000001,-34.7479982508547));
#7664=CARTESIAN_POINT('Ctrl Pts',(-43.9924276735705,8.00000000000002,-36.2282066704707));
#7665=CARTESIAN_POINT('Ctrl Pts',(-43.9924276735705,2.66666666666668,-36.2282066704707));
#7666=CARTESIAN_POINT('Ctrl Pts',(-43.9924276735705,-2.66666666666667,-36.2282066704707));
#7667=CARTESIAN_POINT('Ctrl Pts',(-43.9924276735705,-8.00000000000001,-36.2282066704707));
#7668=CARTESIAN_POINT('Ctrl Pts',(-43.5006643485712,8.00000000000002,-38.4315390413896));
#7669=CARTESIAN_POINT('Ctrl Pts',(-43.5006643485712,2.66666666666668,-38.4315390413896));
#7670=CARTESIAN_POINT('Ctrl Pts',(-43.5006643485712,-2.66666666666666,-38.4315390413896));
#7671=CARTESIAN_POINT('Ctrl Pts',(-43.5006643485712,-8.00000000000001,-38.4315390413896));
#7672=CARTESIAN_POINT('Ctrl Pts',(-42.3240616848425,8.00000000000002,-40.5342735115291));
#7673=CARTESIAN_POINT('Ctrl Pts',(-42.3240616848425,2.66666666666668,-40.5342735115291));
#7674=CARTESIAN_POINT('Ctrl Pts',(-42.3240616848425,-2.66666666666666,-40.5342735115291));
#7675=CARTESIAN_POINT('Ctrl Pts',(-42.3240616848425,-8.00000000000001,-40.5342735115291));
#7676=CARTESIAN_POINT('Ctrl Pts',(-40.5342858829459,8.00000000000002,-42.3245693167592));
#7677=CARTESIAN_POINT('Ctrl Pts',(-40.5342858829459,2.66666666666668,-42.3245693167592));
#7678=CARTESIAN_POINT('Ctrl Pts',(-40.5342858829459,-2.66666666666667,-42.3245693167592));
#7679=CARTESIAN_POINT('Ctrl Pts',(-40.5342858829459,-8.00000000000001,-42.3245693167592));
#7680=CARTESIAN_POINT('Ctrl Pts',(-38.4320248484177,8.00000000000002,-43.499527485571));
#7681=CARTESIAN_POINT('Ctrl Pts',(-38.4320248484177,2.66666666666667,-43.499527485571));
#7682=CARTESIAN_POINT('Ctrl Pts',(-38.4320248484177,-2.66666666666666,-43.4995274855711));
#7683=CARTESIAN_POINT('Ctrl Pts',(-38.4320248484177,-8.00000000000001,-43.4995274855711));
#7684=CARTESIAN_POINT('Ctrl Pts',(-36.2281283971415,8.00000000000002,-43.9928519584807));
#7685=CARTESIAN_POINT('Ctrl Pts',(-36.2281283971415,2.66666666666669,-43.9928519584807));
#7686=CARTESIAN_POINT('Ctrl Pts',(-36.2281283971414,-2.66666666666667,-43.9928519584808));
#7687=CARTESIAN_POINT('Ctrl Pts',(-36.2281283971414,-8.00000000000001,-43.9928519584808));
#7688=CARTESIAN_POINT('Ctrl Pts',(-34.7479982508547,8.00000000000002,-44.));
#7689=CARTESIAN_POINT('Ctrl Pts',(-34.7479982508547,2.66666666666667,-44.));
#7690=CARTESIAN_POINT('Ctrl Pts',(-34.7479982508547,-2.66666666666666,-44.0000000000001));
#7691=CARTESIAN_POINT('Ctrl Pts',(-34.7479982508547,-8.00000000000001,-44.0000000000001));
#7692=CARTESIAN_POINT('Ctrl Pts',(-34.,8.00000000000002,-44.));
#7693=CARTESIAN_POINT('Ctrl Pts',(-34.,2.66666666666668,-44.));
#7694=CARTESIAN_POINT('Ctrl Pts',(-34.,-2.66666666666667,-44.0000000000001));
#7695=CARTESIAN_POINT('Ctrl Pts',(-34.,-8.00000000000001,-44.0000000000001));
#7696=CARTESIAN_POINT('',(-34.,-17.25,-44.));
#7697=CARTESIAN_POINT('',(-44.,-17.25,-34.));
#7698=CARTESIAN_POINT('Origin',(-44.,-11.5,9.59232693276135E-15));
#7699=CARTESIAN_POINT('',(-44.,-5.75000000000001,-28.));
#7700=CARTESIAN_POINT('Origin',(-8.50000000000001,-23.,-29.5));
#7701=CARTESIAN_POINT('',(-8.5,-23.,-31.5));
#7702=CARTESIAN_POINT('',(-10.5,-23.,-29.5));
#7703=CARTESIAN_POINT('Origin',(-10.5,-23.,-31.5));
#7704=CARTESIAN_POINT('',(-10.5,-21.8,-28.));
#7705=CARTESIAN_POINT('',(-10.5,-21.8,5.85));
#7706=CARTESIAN_POINT('',(-10.5,-23.,-28.));
#7707=CARTESIAN_POINT('',(-10.5,-11.5,-28.));
#7708=CARTESIAN_POINT('',(-10.5,-23.,5.85));
#7709=CARTESIAN_POINT('Origin',(9.59232693276135E-15,-23.,43.2));
#7710=CARTESIAN_POINT('',(4.79616346638068E-15,-23.,-28.));
#7711=CARTESIAN_POINT('Origin',(-27.5000000000001,-17.8,28.));
#7712=CARTESIAN_POINT('',(-27.5000000000001,-21.8,-28.));
#7713=CARTESIAN_POINT('Origin',(-27.5000000000001,-17.8,-28.));
#7714=CARTESIAN_POINT('',(-27.5000000000001,-21.8,28.));
#7715=CARTESIAN_POINT('Ctrl Pts',(-41.6150707022363,-12.7184780873727,-33.2010620841215));
#7716=CARTESIAN_POINT('Ctrl Pts',(-41.6150707022363,-12.7184780873727,-31.4673747227477));
#7717=CARTESIAN_POINT('Ctrl Pts',(-41.6150707022364,-12.7184780873727,-29.7336873613738));
#7718=CARTESIAN_POINT('Ctrl Pts',(-41.6150707022364,-12.7184780873727,-28.));
#7719=CARTESIAN_POINT('Ctrl Pts',(-41.9683678714523,-11.2251147415144,-33.2010620841215));
#7720=CARTESIAN_POINT('Ctrl Pts',(-41.9683678714523,-11.2251147415144,-31.4673747227477));
#7721=CARTESIAN_POINT('Ctrl Pts',(-41.9683678714524,-11.2251147415144,-29.7336873613738));
#7722=CARTESIAN_POINT('Ctrl Pts',(-41.9683678714524,-11.2251147415144,-28.));
#7723=CARTESIAN_POINT('Ctrl Pts',(-42.,-9.68424805770548,-33.2010620841215));
#7724=CARTESIAN_POINT('Ctrl Pts',(-42.,-9.68424805770548,-31.4673747227477));
#7725=CARTESIAN_POINT('Ctrl Pts',(-42.0000000000001,-9.68424805770549,-29.7336873613738));
#7726=CARTESIAN_POINT('Ctrl Pts',(-42.0000000000001,-9.68424805770549,-28.));
#7727=CARTESIAN_POINT('Ctrl Pts',(-42.,-8.00000000000002,-33.2010620841215));
#7728=CARTESIAN_POINT('Ctrl Pts',(-42.,-8.00000000000002,-31.4673747227477));
#7729=CARTESIAN_POINT('Ctrl Pts',(-42.0000000000001,-8.00000000000004,-29.7336873613738));
#7730=CARTESIAN_POINT('Ctrl Pts',(-42.0000000000001,-8.00000000000004,-28.));
#7731=CARTESIAN_POINT('',(-42.,-8.00000000000001,-33.2));
#7732=CARTESIAN_POINT('Ctrl Pts',(-41.615692629518,-12.7158477877827,-33.0516127358005));
#7733=CARTESIAN_POINT('Ctrl Pts',(-41.6399651015507,-12.6131360720205,-33.0576741763051));
#7734=CARTESIAN_POINT('Ctrl Pts',(-41.6617677666735,-12.5142324985765,-33.0634057362166));
#7735=CARTESIAN_POINT('Ctrl Pts',(-41.6814859608797,-12.4193421188403,-33.0688252270703));
#7736=CARTESIAN_POINT('Ctrl Pts',(-41.6857998364696,-12.3985823429411,-33.0700108837821));
#7737=CARTESIAN_POINT('Ctrl Pts',(-41.6900137499504,-12.3780146972738,-33.0711816038968));
#7738=CARTESIAN_POINT('Ctrl Pts',(-41.6941314144912,-12.3576414035681,-33.0723375739249));
#7739=CARTESIAN_POINT('Ctrl Pts',(-41.7109430428854,-12.2744611834319,-33.0770571761058));
#7740=CARTESIAN_POINT('Ctrl Pts',(-41.7262212529364,-12.1941908338549,-33.0815525300199));
#7741=CARTESIAN_POINT('Ctrl Pts',(-41.7402391346296,-12.1166153844188,-33.0858387869853));
#7742=CARTESIAN_POINT('Ctrl Pts',(-41.7552229494742,-12.0336944270101,-33.0904203979698));
#7743=CARTESIAN_POINT('Ctrl Pts',(-41.7687666532419,-11.9538526675728,-33.0947631025949));
#7744=CARTESIAN_POINT('Ctrl Pts',(-41.781143297419,-11.8768266363026,-33.0988854050659));
#7745=CARTESIAN_POINT('Ctrl Pts',(-41.7940810818386,-11.7963083493578,-33.1031946071337));
#7746=CARTESIAN_POINT('Ctrl Pts',(-41.8057432061987,-11.718867005979,-33.1072629685217));
#7747=CARTESIAN_POINT('Ctrl Pts',(-41.8163818279642,-11.6441989843624,-33.1111116261375));
#7748=CARTESIAN_POINT('Ctrl Pts',(-41.8275254365335,-11.5659866722901,-33.1151429691942));
#7749=CARTESIAN_POINT('Ctrl Pts',(-41.8375456818218,-11.4908173178069,-33.1189332559581));
#7750=CARTESIAN_POINT('Ctrl Pts',(-41.8466742960473,-11.4183374611942,-33.122506778408));
#7751=CARTESIAN_POINT('Ctrl Pts',(-41.8565054710363,-11.3402793752757,-33.1263553279976));
#7752=CARTESIAN_POINT('Ctrl Pts',(-41.8653023001593,-11.2653408371823,-33.1299524638926));
#7753=CARTESIAN_POINT('Ctrl Pts',(-41.8732927816362,-11.1930732276792,-33.1333285295188));
#7754=CARTESIAN_POINT('Ctrl Pts',(-41.8816439212975,-11.1175437490504,-33.1368569771638));
#7755=CARTESIAN_POINT('Ctrl Pts',(-41.8891137605275,-11.0449318494275,-33.1401439477183));
#7756=CARTESIAN_POINT('Ctrl Pts',(-41.8959040263691,-10.9747160352548,-33.1432240815904));
#7757=CARTESIAN_POINT('Ctrl Pts',(-41.9031564996745,-10.8997206919527,-33.1465138774843));
#7758=CARTESIAN_POINT('Ctrl Pts',(-41.9096333890013,-10.8274588787375,-33.1495677199531));
#7759=CARTESIAN_POINT('Ctrl Pts',(-41.9155218616933,-10.7572827746035,-33.1524278156665));
#7760=CARTESIAN_POINT('Ctrl Pts',(-41.9179650893794,-10.7281655128808,-33.1536145181269));
#7761=CARTESIAN_POINT('Ctrl Pts',(-41.9203063847066,-10.6994071655643,-33.1547678658911));
#7762=CARTESIAN_POINT('Ctrl Pts',(-41.9225566436827,-10.6709608060777,-33.1558908738036));
#7763=CARTESIAN_POINT('Ctrl Pts',(-41.9294745179972,-10.583509387496,-33.1593432886925));
#7764=CARTESIAN_POINT('Ctrl Pts',(-41.93551006336,-10.4993285213408,-33.1624882870189));
#7765=CARTESIAN_POINT('Ctrl Pts',(-41.9408669744554,-10.4180600268281,-33.1653598711419));
#7766=CARTESIAN_POINT('Ctrl Pts',(-41.9466688883381,-10.3300404950209,-33.1684700000002));
#7767=CARTESIAN_POINT('Ctrl Pts',(-41.9516745109977,-10.245437495549,-33.171259402428));
#7768=CARTESIAN_POINT('Ctrl Pts',(-41.9560808916495,-10.16378431103,-33.1737712780098));
#7769=CARTESIAN_POINT('Ctrl Pts',(-41.9607023119182,-10.0781462983935,-33.1764057378179));
#7770=CARTESIAN_POINT('Ctrl Pts',(-41.9646639796277,-9.99575317200399,-33.1787349221574));
#7771=CARTESIAN_POINT('Ctrl Pts',(-41.9681350493215,-9.91605159457533,-33.1808086689506));
#7772=CARTESIAN_POINT('Ctrl Pts',(-41.9718649207361,-9.830407495907,-33.1830370335664));
#7773=CARTESIAN_POINT('Ctrl Pts',(-41.9750278794161,-9.74787148470218,-33.1849704499576));
#7774=CARTESIAN_POINT('Ctrl Pts',(-41.977776238058,-9.66773731466332,-33.1866707555648));
#7775=CARTESIAN_POINT('Ctrl Pts',(-41.9789771579663,-9.63272197180766,-33.1874137193188));
#7776=CARTESIAN_POINT('Ctrl Pts',(-41.9800982523085,-9.59816495904727,-33.1881121745024));
#7777=CARTESIAN_POINT('Ctrl Pts',(-41.9811494493013,-9.56400614844795,-33.1887712802095));
#7778=CARTESIAN_POINT('Ctrl Pts',(-41.984312234704,-9.46123094239482,-33.1907543622802));
#7779=CARTESIAN_POINT('Ctrl Pts',(-41.9868437649322,-9.36212781464207,-33.1923898313559));
#7780=CARTESIAN_POINT('Ctrl Pts',(-41.9889264873149,-9.26638986624271,-33.1937382347675));
#7781=CARTESIAN_POINT('Ctrl Pts',(-41.991127664435,-9.16520682653838,-33.1951633285595));
#7782=CARTESIAN_POINT('Ctrl Pts',(-41.9928270014917,-9.06778283531156,-33.1962677744065));
#7783=CARTESIAN_POINT('Ctrl Pts',(-41.9941820996863,-8.9737410676,-33.1971230492265));
#7784=CARTESIAN_POINT('Ctrl Pts',(-41.9956630176583,-8.87096759740627,-33.1980577356256));
#7785=CARTESIAN_POINT('Ctrl Pts',(-41.9967324525867,-8.77223391051113,-33.1986948322422));
#7786=CARTESIAN_POINT('Ctrl Pts',(-41.9975358010178,-8.6770268855425,-33.1991276315329));
#7787=CARTESIAN_POINT('Ctrl Pts',(-41.9983825990604,-8.57667052799821,-33.199583839049));
#7788=CARTESIAN_POINT('Ctrl Pts',(-41.9989329647174,-8.48023283241967,-33.1998130525152));
#7789=CARTESIAN_POINT('Ctrl Pts',(-41.9993028417416,-8.38708607499508,-33.1999245352074));
#7790=CARTESIAN_POINT('Ctrl Pts',(-41.9997014890892,-8.28669403832034,-33.2000446894117));
#7791=CARTESIAN_POINT('Ctrl Pts',(-41.9998897829517,-8.19012513739587,-33.2000280855196));
#7792=CARTESIAN_POINT('Ctrl Pts',(-41.9999631972066,-8.09655880357236,-33.2000115180787));
#7793=CARTESIAN_POINT('Ctrl Pts',(-41.9999887266405,-8.06402158679008,-33.2000057568354));
#7794=CARTESIAN_POINT('Ctrl Pts',(-42.,-8.03184714853772,-33.2));
#7795=CARTESIAN_POINT('Ctrl Pts',(-42.,-8.00000000000002,-33.2));
#7796=CARTESIAN_POINT('',(-42.,-8.00000000000001,-28.));
#7797=CARTESIAN_POINT('',(-42.,-8.00000000000001,21.6));
#7798=CARTESIAN_POINT('Ctrl Pts',(-42.0000000000001,-8.00000000000004,-28.));
#7799=CARTESIAN_POINT('Ctrl Pts',(-42.0000000000001,-9.24479790867144,-28.));
#7800=CARTESIAN_POINT('Ctrl Pts',(-42.0000000000001,-10.4951125831996,-28.));
#7801=CARTESIAN_POINT('Ctrl Pts',(-41.7501622611466,-12.0872687514672,-28.));
#7802=CARTESIAN_POINT('Ctrl Pts',(-41.6908704493297,-12.3980776600028,-28.));
#7803=CARTESIAN_POINT('Ctrl Pts',(-41.6150707026151,-12.7184780857717,-28.));
#7804=CARTESIAN_POINT('Origin',(9.59232693276135E-15,-21.8,43.2));
#7805=CARTESIAN_POINT('',(4.79616346638068E-15,-21.8,-28.));
#7806=CARTESIAN_POINT('Origin',(-42.,-11.5,9.32587340685131E-15));
#7807=CARTESIAN_POINT('',(-42.,-5.75000000000001,-28.));
#7808=CARTESIAN_POINT('',(-42.,-8.39606162372775E-15,-33.2));
#7809=CARTESIAN_POINT('',(-42.,-17.25,-33.2));
#7810=CARTESIAN_POINT('',(-42.,5.75,-33.2));
#7811=CARTESIAN_POINT('Ctrl Pts',(-42.,8.00000000000005,-33.2));
#7812=CARTESIAN_POINT('Ctrl Pts',(-42.,5.33333333333337,-33.2));
#7813=CARTESIAN_POINT('Ctrl Pts',(-42.,2.66666666666668,-33.2));
#7814=CARTESIAN_POINT('Ctrl Pts',(-42.,1.04264423182189E-15,-33.2));
#7815=CARTESIAN_POINT('Ctrl Pts',(-42.,8.00000000000005,-33.9479982508547));
#7816=CARTESIAN_POINT('Ctrl Pts',(-42.,5.33333333333336,-33.9479982508547));
#7817=CARTESIAN_POINT('Ctrl Pts',(-42.,2.66666666666669,-33.9479982508547));
#7818=CARTESIAN_POINT('Ctrl Pts',(-42.,1.04264423182189E-15,-33.9479982508547));
#7819=CARTESIAN_POINT('Ctrl Pts',(-41.9869011110995,8.00000000000005,-35.3205560294341));
#7820=CARTESIAN_POINT('Ctrl Pts',(-41.9869011110995,5.33333333333337,-35.3205560294341));
#7821=CARTESIAN_POINT('Ctrl Pts',(-41.9869011110995,2.66666666666668,-35.3205560294341));
#7822=CARTESIAN_POINT('Ctrl Pts',(-41.9869011110995,1.04770255810164E-15,
-35.3205560294341));
#7823=CARTESIAN_POINT('Ctrl Pts',(-41.5626926186981,8.00000000000004,-37.1927603210829));
#7824=CARTESIAN_POINT('Ctrl Pts',(-41.5626926186981,5.33333333333336,-37.1927603210829));
#7825=CARTESIAN_POINT('Ctrl Pts',(-41.5626926186981,2.66666666666669,-37.1927603210829));
#7826=CARTESIAN_POINT('Ctrl Pts',(-41.5626926186981,1.21151683132098E-15,
-37.1927603210829));
#7827=CARTESIAN_POINT('Ctrl Pts',(-40.5615093642536,8.00000000000005,-38.9932877617407));
#7828=CARTESIAN_POINT('Ctrl Pts',(-40.5615093642536,5.33333333333337,-38.9932877617407));
#7829=CARTESIAN_POINT('Ctrl Pts',(-40.5615093642536,2.66666666666668,-38.9932877617407));
#7830=CARTESIAN_POINT('Ctrl Pts',(-40.5615093642536,1.59813829252217E-15,
-38.9932877617407));
#7831=CARTESIAN_POINT('Ctrl Pts',(-38.992285203153,8.00000000000005,-40.5634541943028));
#7832=CARTESIAN_POINT('Ctrl Pts',(-38.992285203153,5.33333333333336,-40.5634541943028));
#7833=CARTESIAN_POINT('Ctrl Pts',(-38.992285203153,2.66666666666669,-40.5634541943028));
#7834=CARTESIAN_POINT('Ctrl Pts',(-38.992285203153,2.20411700363591E-15,
-40.5634541943028));
#7835=CARTESIAN_POINT('Ctrl Pts',(-37.1940804886973,8.00000000000005,-41.5621330236056));
#7836=CARTESIAN_POINT('Ctrl Pts',(-37.1940804886973,5.33333333333337,-41.5621330236056));
#7837=CARTESIAN_POINT('Ctrl Pts',(-37.1940804886973,2.66666666666668,-41.5621330236056));
#7838=CARTESIAN_POINT('Ctrl Pts',(-37.1940804886973,2.89851988258486E-15,
-41.5621330236056));
#7839=CARTESIAN_POINT('Ctrl Pts',(-35.3201288486919,8.00000000000005,-41.9872757864241));
#7840=CARTESIAN_POINT('Ctrl Pts',(-35.3201288486919,5.33333333333337,-41.9872757864241));
#7841=CARTESIAN_POINT('Ctrl Pts',(-35.3201288486919,2.66666666666669,-41.9872757864241));
#7842=CARTESIAN_POINT('Ctrl Pts',(-35.3201288486919,3.62217353746071E-15,
-41.9872757864241));
#7843=CARTESIAN_POINT('Ctrl Pts',(-33.9479982508547,8.00000000000005,-42.));
#7844=CARTESIAN_POINT('Ctrl Pts',(-33.9479982508547,5.33333333333337,-42.));
#7845=CARTESIAN_POINT('Ctrl Pts',(-33.9479982508547,2.66666666666668,-42.));
#7846=CARTESIAN_POINT('Ctrl Pts',(-33.9479982508547,4.1520417052908E-15,
-42.));
#7847=CARTESIAN_POINT('Ctrl Pts',(-33.2,8.00000000000005,-42.));
#7848=CARTESIAN_POINT('Ctrl Pts',(-33.2,5.33333333333337,-42.));
#7849=CARTESIAN_POINT('Ctrl Pts',(-33.2,2.66666666666669,-42.));
#7850=CARTESIAN_POINT('Ctrl Pts',(-33.2,4.44089209850062E-15,-42.));
#7851=CARTESIAN_POINT('',(-33.2,-8.39606162372775E-15,-42.));
#7852=CARTESIAN_POINT('Ctrl Pts',(-42.,-2.22044604925031E-15,-33.2));
#7853=CARTESIAN_POINT('Ctrl Pts',(-42.,-2.05435707315466E-15,-33.9479982508547));
#7854=CARTESIAN_POINT('Ctrl Pts',(-41.9872757864241,-1.76737785666731E-15,
-35.3201288486919));
#7855=CARTESIAN_POINT('Ctrl Pts',(-41.5621330236056,-1.40550963871143E-15,
-37.1940804886973));
#7856=CARTESIAN_POINT('Ctrl Pts',(-40.5634541943028,-1.05604330806402E-15,
-38.992285203153));
#7857=CARTESIAN_POINT('Ctrl Pts',(-38.9932877617407,-7.43829912063527E-16,
-40.5615093642536));
#7858=CARTESIAN_POINT('Ctrl Pts',(-37.192760321083,-5.5031737145775E-16,
-41.5626926186981));
#7859=CARTESIAN_POINT('Ctrl Pts',(-35.3205560294341,-4.67209023958549E-16,
-41.9869011110995));
#7860=CARTESIAN_POINT('Ctrl Pts',(-33.9479982508547,-4.63397436365283E-16,
-42.));
#7861=CARTESIAN_POINT('Ctrl Pts',(-33.2,-4.63397436365283E-16,-42.));
#7862=CARTESIAN_POINT('',(-33.2,5.75,-42.));
#7863=CARTESIAN_POINT('Ctrl Pts',(-33.2,-4.63397436365283E-16,-42.));
#7864=CARTESIAN_POINT('Ctrl Pts',(-33.2,-2.66666666666667,-42.));
#7865=CARTESIAN_POINT('Ctrl Pts',(-33.2,-5.33333333333334,-42.));
#7866=CARTESIAN_POINT('Ctrl Pts',(-33.2,-8.00000000000001,-42.));
#7867=CARTESIAN_POINT('Ctrl Pts',(-33.9479982508547,-4.63397436365283E-16,
-42.));
#7868=CARTESIAN_POINT('Ctrl Pts',(-33.9479982508547,-2.66666666666668,-42.));
#7869=CARTESIAN_POINT('Ctrl Pts',(-33.9479982508547,-5.33333333333334,-42.));
#7870=CARTESIAN_POINT('Ctrl Pts',(-33.9479982508547,-8.00000000000001,-42.));
#7871=CARTESIAN_POINT('Ctrl Pts',(-35.3205560294341,-4.67209023958549E-16,
-41.9869011110995));
#7872=CARTESIAN_POINT('Ctrl Pts',(-35.3205560294341,-2.66666666666667,-41.9869011110995));
#7873=CARTESIAN_POINT('Ctrl Pts',(-35.3205560294341,-5.33333333333335,-41.9869011110995));
#7874=CARTESIAN_POINT('Ctrl Pts',(-35.3205560294341,-8.00000000000001,-41.9869011110995));
#7875=CARTESIAN_POINT('Ctrl Pts',(-37.192760321083,-5.5031737145775E-16,
-41.5626926186981));
#7876=CARTESIAN_POINT('Ctrl Pts',(-37.192760321083,-2.66666666666668,-41.5626926186981));
#7877=CARTESIAN_POINT('Ctrl Pts',(-37.192760321083,-5.33333333333334,-41.5626926186981));
#7878=CARTESIAN_POINT('Ctrl Pts',(-37.192760321083,-8.00000000000001,-41.5626926186981));
#7879=CARTESIAN_POINT('Ctrl Pts',(-38.9932877617407,-7.43829912063527E-16,
-40.5615093642536));
#7880=CARTESIAN_POINT('Ctrl Pts',(-38.9932877617407,-2.66666666666667,-40.5615093642536));
#7881=CARTESIAN_POINT('Ctrl Pts',(-38.9932877617407,-5.33333333333335,-40.5615093642536));
#7882=CARTESIAN_POINT('Ctrl Pts',(-38.9932877617407,-8.00000000000001,-40.5615093642536));
#7883=CARTESIAN_POINT('Ctrl Pts',(-40.5634541943028,-1.05604330806402E-15,
-38.992285203153));
#7884=CARTESIAN_POINT('Ctrl Pts',(-40.5634541943028,-2.66666666666668,-38.992285203153));
#7885=CARTESIAN_POINT('Ctrl Pts',(-40.5634541943028,-5.33333333333334,-38.992285203153));
#7886=CARTESIAN_POINT('Ctrl Pts',(-40.5634541943028,-8.00000000000002,-38.992285203153));
#7887=CARTESIAN_POINT('Ctrl Pts',(-41.5621330236056,-1.40550963871143E-15,
-37.1940804886973));
#7888=CARTESIAN_POINT('Ctrl Pts',(-41.5621330236056,-2.66666666666667,-37.1940804886973));
#7889=CARTESIAN_POINT('Ctrl Pts',(-41.5621330236056,-5.33333333333335,-37.1940804886973));
#7890=CARTESIAN_POINT('Ctrl Pts',(-41.5621330236056,-8.00000000000002,-37.1940804886973));
#7891=CARTESIAN_POINT('Ctrl Pts',(-41.9872757864241,-1.76737785666731E-15,
-35.3201288486919));
#7892=CARTESIAN_POINT('Ctrl Pts',(-41.9872757864241,-2.66666666666668,-35.3201288486919));
#7893=CARTESIAN_POINT('Ctrl Pts',(-41.9872757864241,-5.33333333333334,-35.3201288486919));
#7894=CARTESIAN_POINT('Ctrl Pts',(-41.9872757864241,-8.00000000000002,-35.3201288486919));
#7895=CARTESIAN_POINT('Ctrl Pts',(-42.,-2.05435707315466E-15,-33.9479982508547));
#7896=CARTESIAN_POINT('Ctrl Pts',(-42.,-2.66666666666667,-33.9479982508547));
#7897=CARTESIAN_POINT('Ctrl Pts',(-42.,-5.33333333333335,-33.9479982508547));
#7898=CARTESIAN_POINT('Ctrl Pts',(-42.,-8.00000000000002,-33.9479982508547));
#7899=CARTESIAN_POINT('Ctrl Pts',(-42.,-2.22044604925031E-15,-33.2));
#7900=CARTESIAN_POINT('Ctrl Pts',(-42.,-2.66666666666667,-33.2));
#7901=CARTESIAN_POINT('Ctrl Pts',(-42.,-5.33333333333335,-33.2));
#7902=CARTESIAN_POINT('Ctrl Pts',(-42.,-8.00000000000002,-33.2));
#7903=CARTESIAN_POINT('Ctrl Pts',(-33.2,-8.00000000000001,-42.));
#7904=CARTESIAN_POINT('Ctrl Pts',(-33.9479982508547,-8.00000000000001,-42.));
#7905=CARTESIAN_POINT('Ctrl Pts',(-35.3205560294341,-8.00000000000001,-41.9869011110995));
#7906=CARTESIAN_POINT('Ctrl Pts',(-37.192760321083,-8.00000000000001,-41.5626926186981));
#7907=CARTESIAN_POINT('Ctrl Pts',(-38.9932877617407,-8.00000000000001,-40.5615093642536));
#7908=CARTESIAN_POINT('Ctrl Pts',(-40.5634541943028,-8.00000000000002,-38.992285203153));
#7909=CARTESIAN_POINT('Ctrl Pts',(-41.5621330236056,-8.00000000000002,-37.1940804886973));
#7910=CARTESIAN_POINT('Ctrl Pts',(-41.9872757864241,-8.00000000000002,-35.3201288486919));
#7911=CARTESIAN_POINT('Ctrl Pts',(-42.,-8.00000000000002,-33.9479982508547));
#7912=CARTESIAN_POINT('Ctrl Pts',(-42.,-8.00000000000002,-33.2));
#7913=CARTESIAN_POINT('',(-33.2,-17.25,-42.));
#7914=CARTESIAN_POINT('Ctrl Pts',(-41.6156926557847,-12.7158477784544,-33.0516127358003));
#7915=CARTESIAN_POINT('Ctrl Pts',(-41.6448402864485,-12.590976725793,-33.0589687951445));
#7916=CARTESIAN_POINT('Ctrl Pts',(-41.6719485986709,-12.4707243024627,-33.0659310850157));
#7917=CARTESIAN_POINT('Ctrl Pts',(-41.8418553511347,-11.6178731498346,-33.114170197186));
#7918=CARTESIAN_POINT('Ctrl Pts',(-41.8916110162984,-11.1051669755884,-33.138677264316));
#7919=CARTESIAN_POINT('Ctrl Pts',(-41.9628546748911,-10.2350272293293,-33.1730210548086));
#7920=CARTESIAN_POINT('Ctrl Pts',(-41.9761204479677,-9.88116690009757,-33.1826474464051));
#7921=CARTESIAN_POINT('Ctrl Pts',(-42.0028788386812,-8.92792910591085,-33.2008977077698));
#7922=CARTESIAN_POINT('Ctrl Pts',(-41.9988678798082,-8.43532967238853,-33.1997034216952));
#7923=CARTESIAN_POINT('Ctrl Pts',(-42.,-7.99999999999995,-33.2));
#7924=CARTESIAN_POINT('Ctrl Pts',(-41.5513952984133,-13.0034561921044,-34.462119727621));
#7925=CARTESIAN_POINT('Ctrl Pts',(-41.5862950072057,-12.8678118892781,-34.4772670199313));
#7926=CARTESIAN_POINT('Ctrl Pts',(-41.6187472308672,-12.7372001849466,-34.491449460991));
#7927=CARTESIAN_POINT('Ctrl Pts',(-41.8222300097697,-11.8077772089641,-34.5843038148435));
#7928=CARTESIAN_POINT('Ctrl Pts',(-41.8803351144346,-11.2493871514326,-34.6189872190191));
#7929=CARTESIAN_POINT('Ctrl Pts',(-41.9627209135397,-10.3131942589502,-34.6673939269135));
#7930=CARTESIAN_POINT('Ctrl Pts',(-41.9773013093862,-9.93735127512321,-34.6785242492633));
#7931=CARTESIAN_POINT('Ctrl Pts',(-42.006724765598,-8.93679002003493,-34.7000313839434));
#7932=CARTESIAN_POINT('Ctrl Pts',(-42.001878985004,-8.43565348666541,-34.6977796811947));
#7933=CARTESIAN_POINT('Ctrl Pts',(-42.0032523123607,-7.99999999999995,-34.698387906729));
#7934=CARTESIAN_POINT('Ctrl Pts',(-41.3114211516535,-13.5123304868208,-36.8398700287467));
#7935=CARTESIAN_POINT('Ctrl Pts',(-41.3580141683053,-13.3572614425099,-36.8665707761924));
#7936=CARTESIAN_POINT('Ctrl Pts',(-41.4013256439456,-13.207980941239,-36.8914587824066));
#7937=CARTESIAN_POINT('Ctrl Pts',(-41.6731964918963,-12.1400540076389,-37.0500806758625));
#7938=CARTESIAN_POINT('Ctrl Pts',(-41.7476530777489,-11.4995833729075,-37.0995162796474));
#7939=CARTESIAN_POINT('Ctrl Pts',(-41.8516750663588,-10.4463117311612,-37.1685915512287));
#7940=CARTESIAN_POINT('Ctrl Pts',(-41.8685536060429,-10.0322789229584,-37.1819096905667));
#7941=CARTESIAN_POINT('Ctrl Pts',(-41.9028170713569,-8.95062964784844,-37.2082237981838));
#7942=CARTESIAN_POINT('Ctrl Pts',(-41.8963765079656,-8.43626294006877,-37.2044093983144));
#7943=CARTESIAN_POINT('Ctrl Pts',(-41.8982218827686,-7.99999999999995,-37.2054763346702));
#7944=CARTESIAN_POINT('Ctrl Pts',(-39.3476192686161,-13.6574454132149,-39.3828558567642));
#7945=CARTESIAN_POINT('Ctrl Pts',(-39.3877269858646,-13.497018392111,-39.4234160317078));
#7946=CARTESIAN_POINT('Ctrl Pts',(-39.4250391808657,-13.3425777796102,-39.4611478556796));
#7947=CARTESIAN_POINT('Ctrl Pts',(-39.6604477485976,-12.2357417817218,-39.6991734838263));
#7948=CARTESIAN_POINT('Ctrl Pts',(-39.7271827533651,-11.571308523269,-39.7665114893882));
#7949=CARTESIAN_POINT('Ctrl Pts',(-39.8200960311458,-10.4843012102777,-39.8602388112273));
#7950=CARTESIAN_POINT('Ctrl Pts',(-39.8358682830332,-10.0592423070597,-39.8760949234814));
#7951=CARTESIAN_POINT('Ctrl Pts',(-39.8675840531116,-8.95441678125944,-39.9079924193189));
#7952=CARTESIAN_POINT('Ctrl Pts',(-39.8619865531624,-8.43644487047599,-39.9023345883557));
#7953=CARTESIAN_POINT('Ctrl Pts',(-39.863581440396,-7.99999999999997,-39.9039474175831));
#7954=CARTESIAN_POINT('Ctrl Pts',(-37.1096474034645,-13.4806959555675,-40.9014180006746));
#7955=CARTESIAN_POINT('Ctrl Pts',(-37.1379897986295,-13.3268703463592,-40.9450655645476));
#7956=CARTESIAN_POINT('Ctrl Pts',(-37.1643992544394,-13.1787827610331,-40.985646929245));
#7957=CARTESIAN_POINT('Ctrl Pts',(-37.332470667257,-12.1195764684176,-41.2406223655316));
#7958=CARTESIAN_POINT('Ctrl Pts',(-37.3840434484306,-11.4840889919755,-41.311260711833));
#7959=CARTESIAN_POINT('Ctrl Pts',(-37.4560240551887,-10.4380225566467,-41.4100286051299));
#7960=CARTESIAN_POINT('Ctrl Pts',(-37.4696345277833,-10.0263380552263,-41.4263644499897));
#7961=CARTESIAN_POINT('Ctrl Pts',(-37.4965927584909,-8.94972816317218,-41.459436895855));
#7962=CARTESIAN_POINT('Ctrl Pts',(-37.4925629507586,-8.43622682472957,-41.4533892050476));
#7963=CARTESIAN_POINT('Ctrl Pts',(-37.493694124074,-7.99999999999998,-41.4551181317042));
#7964=CARTESIAN_POINT('Ctrl Pts',(-35.3781745176331,-13.2016780310669,-41.4794964727527));
#7965=CARTESIAN_POINT('Ctrl Pts',(-35.3979038469152,-13.058476653809,-41.5189023486822));
#7966=CARTESIAN_POINT('Ctrl Pts',(-35.4163322202948,-12.9206018406181,-41.5555392143636));
#7967=CARTESIAN_POINT('Ctrl Pts',(-35.5353036853578,-11.9373308734077,-41.785345884331));
#7968=CARTESIAN_POINT('Ctrl Pts',(-35.5758584550759,-11.347038013604,-41.8497558056605));
#7969=CARTESIAN_POINT('Ctrl Pts',(-35.6324671776559,-10.3652605649067,-41.9405096320685));
#7970=CARTESIAN_POINT('Ctrl Pts',(-35.6444646205347,-9.97451836513838,-41.9559891331944));
#7971=CARTESIAN_POINT('Ctrl Pts',(-35.6678743437847,-8.94226570687412,-41.9873009012099));
#7972=CARTESIAN_POINT('Ctrl Pts',(-35.6650034676841,-8.43588923052349,-41.9818366257191));
#7973=CARTESIAN_POINT('Ctrl Pts',(-35.6657936849811,-7.99999999999999,-41.9833925309968));
#7974=CARTESIAN_POINT('Ctrl Pts',(-33.7541462697127,-12.8586766129614,-41.5841356399485));
#7975=CARTESIAN_POINT('Ctrl Pts',(-33.7653417332348,-12.7284737659683,-41.6161990125957));
#7976=CARTESIAN_POINT('Ctrl Pts',(-33.7758619732406,-12.6030936588988,-41.6460163577029));
#7977=CARTESIAN_POINT('Ctrl Pts',(-33.8460844142692,-11.7123156815546,-41.8329612222866));
#7978=CARTESIAN_POINT('Ctrl Pts',(-33.8756147778,-11.1769111789945,-41.8869702218996));
#7979=CARTESIAN_POINT('Ctrl Pts',(-33.9169009389225,-10.2739494311206,-41.9638755530312));
#7980=CARTESIAN_POINT('Ctrl Pts',(-33.9272731126729,-9.90914803857471,-41.9778111423233));
#7981=CARTESIAN_POINT('Ctrl Pts',(-33.9471350068411,-8.93235119023215,-42.0059237536979));
#7982=CARTESIAN_POINT('Ctrl Pts',(-33.9454184064093,-8.43549015525279,-42.0014889530149));
#7983=CARTESIAN_POINT('Ctrl Pts',(-33.9458687852062,-8.00000000000001,-42.0027434637448));
#7984=CARTESIAN_POINT('Ctrl Pts',(-33.0516127358003,-12.7158477784546,-41.6156926557846));
#7985=CARTESIAN_POINT('Ctrl Pts',(-33.0589687951444,-12.5909767257932,-41.6448402864486));
#7986=CARTESIAN_POINT('Ctrl Pts',(-33.0659310850157,-12.4707243024629,-41.6719485986707));
#7987=CARTESIAN_POINT('Ctrl Pts',(-33.114170197186,-11.6178731498348,-41.8418553511349));
#7988=CARTESIAN_POINT('Ctrl Pts',(-33.1386772643159,-11.1051669755885,-41.8916110162983));
#7989=CARTESIAN_POINT('Ctrl Pts',(-33.1730210548086,-10.2350272293295,-41.9628546748912));
#7990=CARTESIAN_POINT('Ctrl Pts',(-33.1826474464051,-9.88116690009764,-41.9761204479676));
#7991=CARTESIAN_POINT('Ctrl Pts',(-33.2008977077697,-8.92792910591095,-42.0028788386814));
#7992=CARTESIAN_POINT('Ctrl Pts',(-33.1997034216952,-8.43532967238863,-41.998867879808));
#7993=CARTESIAN_POINT('Ctrl Pts',(-33.1999999999999,-8.00000000000001,-42.0000000000001));
#7994=CARTESIAN_POINT('Origin',(9.80049374987857E-15,-23.,-44.));
#7995=CARTESIAN_POINT('',(34.,8.00000000000002,-44.));
#7996=CARTESIAN_POINT('',(21.6,8.00000000000002,-44.));
#7997=CARTESIAN_POINT('',(34.,-8.00000000000001,-44.));
#7998=CARTESIAN_POINT('',(34.,-17.25,-44.));
#7999=CARTESIAN_POINT('',(9.78522818328997E-15,-8.00000000000001,-44.));
#8000=CARTESIAN_POINT('Ctrl Pts',(-1.77635683940025E-14,23.,-29.));
#8001=CARTESIAN_POINT('Ctrl Pts',(11.3415851270376,23.,-29.));
#8002=CARTESIAN_POINT('Ctrl Pts',(22.6831702540752,23.,-29.));
#8003=CARTESIAN_POINT('Ctrl Pts',(34.0247553811129,23.,-29.));
#8004=CARTESIAN_POINT('Ctrl Pts',(-1.7514434929859E-14,23.,-30.1219973762821));
#8005=CARTESIAN_POINT('Ctrl Pts',(11.3415851270376,23.,-30.1219973762821));
#8006=CARTESIAN_POINT('Ctrl Pts',(22.6831702540752,23.,-30.1219973762821));
#8007=CARTESIAN_POINT('Ctrl Pts',(34.0247553811129,23.,-30.1219973762821));
#8008=CARTESIAN_POINT('Ctrl Pts',(-1.70214342181911E-14,22.9886251631431,
-32.3422751976429));
#8009=CARTESIAN_POINT('Ctrl Pts',(11.3415851270376,22.9886251631431,-32.3422751976429));
#8010=CARTESIAN_POINT('Ctrl Pts',(22.6831702540753,22.9886251631431,-32.3422751976429));
#8011=CARTESIAN_POINT('Ctrl Pts',(34.0247553811128,22.9886251631431,-32.3422751976429));
#8012=CARTESIAN_POINT('Ctrl Pts',(-1.6287537514859E-14,22.2509792695868,
-35.6474521172982));
#8013=CARTESIAN_POINT('Ctrl Pts',(11.3415851270376,22.2509792695868,-35.6474521172982));
#8014=CARTESIAN_POINT('Ctrl Pts',(22.6831702540752,22.2509792695868,-35.6474521172982));
#8015=CARTESIAN_POINT('Ctrl Pts',(34.0247553811128,22.2509792695868,-35.6474521172982));
#8016=CARTESIAN_POINT('Ctrl Pts',(-1.55872638708783E-14,20.486049054282,
-38.8012042393867));
#8017=CARTESIAN_POINT('Ctrl Pts',(11.3415851270376,20.486049054282,-38.8012042393867));
#8018=CARTESIAN_POINT('Ctrl Pts',(22.6831702540752,20.486049054282,-38.8012042393867));
#8019=CARTESIAN_POINT('Ctrl Pts',(34.0247553811128,20.486049054282,-38.8012042393867));
#8020=CARTESIAN_POINT('Ctrl Pts',(-1.49907692040693E-14,17.8011099692463,
-41.4875773985566));
#8021=CARTESIAN_POINT('Ctrl Pts',(11.3415851270376,17.8011099692463,-41.4875773985566));
#8022=CARTESIAN_POINT('Ctrl Pts',(22.6831702540752,17.8011099692463,-41.4875773985566));
#8023=CARTESIAN_POINT('Ctrl Pts',(34.0247553811128,17.8011099692463,-41.4875773985566));
#8024=CARTESIAN_POINT('Ctrl Pts',(-1.45997846445269E-14,14.6484846441697,
-43.2484153152193));
#8025=CARTESIAN_POINT('Ctrl Pts',(11.3415851270376,14.6484846441697,-43.2484153152193));
#8026=CARTESIAN_POINT('Ctrl Pts',(22.6831702540752,14.6484846441697,-43.2484153152193));
#8027=CARTESIAN_POINT('Ctrl Pts',(34.0247553811129,14.6484846441697,-43.2484153152193));
#8028=CARTESIAN_POINT('Ctrl Pts',(-1.4435132413919E-14,11.3419015196275,
-43.9899430396308));
#8029=CARTESIAN_POINT('Ctrl Pts',(11.3415851270376,11.3419015196275,-43.9899430396308));
#8030=CARTESIAN_POINT('Ctrl Pts',(22.6831702540752,11.3419015196275,-43.9899430396307));
#8031=CARTESIAN_POINT('Ctrl Pts',(34.0247553811128,11.3419015196275,-43.9899430396307));
#8032=CARTESIAN_POINT('Ctrl Pts',(-1.4432899320127E-14,9.12199737628209,
-44.));
#8033=CARTESIAN_POINT('Ctrl Pts',(11.3415851270376,9.12199737628209,-44.));
#8034=CARTESIAN_POINT('Ctrl Pts',(22.6831702540752,9.12199737628209,-44.));
#8035=CARTESIAN_POINT('Ctrl Pts',(34.0247553811129,9.12199737628209,-44.));
#8036=CARTESIAN_POINT('Ctrl Pts',(-1.4432899320127E-14,8.00000000000002,
-44.));
#8037=CARTESIAN_POINT('Ctrl Pts',(11.3415851270376,8.00000000000002,-44.));
#8038=CARTESIAN_POINT('Ctrl Pts',(22.6831702540752,8.00000000000002,-44.));
#8039=CARTESIAN_POINT('Ctrl Pts',(34.0247553811129,8.00000000000002,-44.));
#8040=CARTESIAN_POINT('',(29.,23.,-29.));
#8041=CARTESIAN_POINT('',(21.6,23.,-29.));
#8042=CARTESIAN_POINT('',(32.2352065648832,21.5323419456043,-36.8335338635467));
#8043=CARTESIAN_POINT('Ctrl Pts',(32.2352065648832,21.5323419456042,-36.8335338635467));
#8044=CARTESIAN_POINT('Ctrl Pts',(32.2038999963307,21.6147952507068,-36.6743042394602));
#8045=CARTESIAN_POINT('Ctrl Pts',(32.0967467262481,21.8908941909787,-36.1179729896786));
#8046=CARTESIAN_POINT('Ctrl Pts',(31.8696611900273,22.4066702411278,-34.800010605655));
#8047=CARTESIAN_POINT('Ctrl Pts',(31.5750279620039,22.7222945242365,-33.4215687542553));
#8048=CARTESIAN_POINT('Ctrl Pts',(31.1971293191766,22.8876309900376,-32.2641131687631));
#8049=CARTESIAN_POINT('Ctrl Pts',(30.7765756016348,22.9599148859311,-31.3341075719942));
#8050=CARTESIAN_POINT('Ctrl Pts',(30.2543252298208,22.9911985308651,-30.4763972017824));
#8051=CARTESIAN_POINT('Ctrl Pts',(29.6942064001227,22.9998023713372,-29.7375258772044));
#8052=CARTESIAN_POINT('Ctrl Pts',(29.2972605926915,22.9999682052384,-29.3032653717955));
#8053=CARTESIAN_POINT('Ctrl Pts',(29.0662014828026,22.999999896273,-29.0665843305858));
#8054=CARTESIAN_POINT('Ctrl Pts',(29.032926864308,23.,-29.0329268659634));
#8055=CARTESIAN_POINT('Ctrl Pts',(29.,23.,-29.));
#8056=CARTESIAN_POINT('',(31.4622659161042,20.1401590719229,-38.9699988749518));
#8057=CARTESIAN_POINT('Ctrl Pts',(31.4622659161042,20.1401590719229,-38.9699988749519));
#8058=CARTESIAN_POINT('Ctrl Pts',(31.7533688430589,20.663606271857,-38.3150108395235));
#8059=CARTESIAN_POINT('Ctrl Pts',(32.0149206563031,21.1348276637513,-37.6011932022444));
#8060=CARTESIAN_POINT('Ctrl Pts',(32.2352065648832,21.5323419456042,-36.8335338635467));
#8061=CARTESIAN_POINT('',(30.9933889452538,18.3407068123547,-40.8330445915335));
#8062=CARTESIAN_POINT('Ctrl Pts',(30.9933889452538,18.3407068123547,-40.8330445915335));
#8063=CARTESIAN_POINT('Ctrl Pts',(30.996243670954,19.0116031912371,-40.2570977363056));
#8064=CARTESIAN_POINT('Ctrl Pts',(31.17332376815,19.6205972802506,-39.6201251097543));
#8065=CARTESIAN_POINT('Ctrl Pts',(31.4622659161042,20.1401590719229,-38.9699988749519));
#8066=CARTESIAN_POINT('',(30.999965884096,18.1015192643092,-41.0337068432392));
#8067=CARTESIAN_POINT('Ctrl Pts',(30.999965884096,18.1015192643092,-41.0337068432392));
#8068=CARTESIAN_POINT('Ctrl Pts',(31.0003084361453,18.1820475885005,-40.9676969664122));
#8069=CARTESIAN_POINT('Ctrl Pts',(30.9980687493072,18.2618118908234,-40.9007738018552));
#8070=CARTESIAN_POINT('Ctrl Pts',(30.9933889452539,18.3407068123547,-40.8330445915335));
#8071=CARTESIAN_POINT('',(33.7436595310774,14.7673451004896,-43.0216205804302));
#8072=CARTESIAN_POINT('Ctrl Pts',(33.7436595309816,14.7673451004836,-43.0216205804326));
#8073=CARTESIAN_POINT('Ctrl Pts',(33.2807554619186,14.8731932112829,-42.9790566790248));
#8074=CARTESIAN_POINT('Ctrl Pts',(32.4045041440802,15.2827894564127,-42.8130099224059));
#8075=CARTESIAN_POINT('Ctrl Pts',(31.3171708802361,16.5031162343357,-42.2016981968598));
#8076=CARTESIAN_POINT('Ctrl Pts',(31.033891107513,17.5294150798446,-41.5026663941547));
#8077=CARTESIAN_POINT('Ctrl Pts',(30.999965884096,18.1015192643092,-41.0337068432392));
#8078=CARTESIAN_POINT('Ctrl Pts',(34.,8.00000000000002,-44.));
#8079=CARTESIAN_POINT('Ctrl Pts',(34.,8.43257173558507,-44.));
#8080=CARTESIAN_POINT('Ctrl Pts',(34.0016571515825,9.18338391254449,-44.0050896773174));
#8081=CARTESIAN_POINT('Ctrl Pts',(33.9683429495083,10.4861489245664,-43.9542722166693));
#8082=CARTESIAN_POINT('Ctrl Pts',(33.9262928531311,11.5108858873198,-43.8560688816434));
#8083=CARTESIAN_POINT('Ctrl Pts',(33.8815114534488,12.4345432792564,-43.7166898061638));
#8084=CARTESIAN_POINT('Ctrl Pts',(33.8393519457953,13.2268577786826,-43.5317433293358));
#8085=CARTESIAN_POINT('Ctrl Pts',(33.7968861719199,13.9689485217778,-43.3174710133107));
#8086=CARTESIAN_POINT('Ctrl Pts',(33.771969340207,14.3775830876985,-43.1776818689335));
#8087=CARTESIAN_POINT('Ctrl Pts',(33.7437246726613,14.7672809109244,-43.0214487096254));
#8088=CARTESIAN_POINT('Origin',(43.2,23.,0.));
#8089=CARTESIAN_POINT('',(29.,23.,-28.));
#8090=CARTESIAN_POINT('',(-21.6,23.,-28.));
#8091=CARTESIAN_POINT('',(29.,23.,1.55431223447522E-15));
#8092=CARTESIAN_POINT('Origin',(0.,0.,-28.));
#8093=CARTESIAN_POINT('',(21.6,21.8,-28.));
#8094=CARTESIAN_POINT('',(29.6598766023012,19.2763708671368,-28.));
#8095=CARTESIAN_POINT('Origin',(27.726204547683,19.7871667022692,-28.));
#8096=CARTESIAN_POINT('',(37.9608560468137,14.3982924794271,-28.));
#8097=CARTESIAN_POINT('Origin',(34.4933548293497,17.9995666946386,-28.));
#8098=CARTESIAN_POINT('',(40.9717569295246,14.1253071487497,-28.));
#8099=CARTESIAN_POINT('Origin',(39.3480579516538,12.957573604973,-28.));
#8100=CARTESIAN_POINT('Origin',(37.7243503735294,11.789833876057,-28.));
#8101=CARTESIAN_POINT('',(42.,-5.75000000000001,-28.));
#8102=CARTESIAN_POINT('',(38.4362868456019,-13.9447616791329,-28.));
#8103=CARTESIAN_POINT('Origin',(39.6441186337585,-12.3506655805497,-28.));
#8104=CARTESIAN_POINT('',(30.5414847621106,-19.034262641369,-28.));
#8105=CARTESIAN_POINT('Origin',(35.4171458097426,-17.9294232798026,-28.));
#8106=CARTESIAN_POINT('',(29.6818742579441,-21.1525251263072,-28.));
#8107=CARTESIAN_POINT('Origin',(28.5909371289721,-19.4762625631536,-28.));
#8108=CARTESIAN_POINT('',(27.5000000000001,-21.8,-28.));
#8109=CARTESIAN_POINT('Origin',(27.5000000000001,-17.8,-28.));
#8110=CARTESIAN_POINT('',(10.5,-21.8,-28.));
#8111=CARTESIAN_POINT('',(-4.79616346638068E-15,-21.8,-28.));
#8112=CARTESIAN_POINT('',(10.5,-23.,-28.));
#8113=CARTESIAN_POINT('',(10.5,-11.5,-28.));
#8114=CARTESIAN_POINT('',(29.,-23.,-28.));
#8115=CARTESIAN_POINT('',(-4.79616346638068E-15,-23.,-28.));
#8116=CARTESIAN_POINT('',(33.7120993975674,-22.6463925931025,-28.));
#8117=CARTESIAN_POINT('Ctrl Pts',(33.7120993975674,-22.6463925931025,-28.));
#8118=CARTESIAN_POINT('Ctrl Pts',(32.1569181493359,-22.9781073951182,-28.));
#8119=CARTESIAN_POINT('Ctrl Pts',(30.5879537537388,-23.0000000000001,-28.));
#8120=CARTESIAN_POINT('Ctrl Pts',(29.,-23.0000000000001,-28.));
#8121=CARTESIAN_POINT('',(39.1221056985756,-20.0167983757163,-28.));
#8122=CARTESIAN_POINT('Ctrl Pts',(33.7120993975674,-22.6463925931025,-28.));
#8123=CARTESIAN_POINT('Ctrl Pts',(34.6794879309043,-22.4400519519701,-28.));
#8124=CARTESIAN_POINT('Ctrl Pts',(35.7399534260074,-22.100293805121,-28.));
#8125=CARTESIAN_POINT('Ctrl Pts',(37.6853239377907,-21.0899818918924,-28.));
#8126=CARTESIAN_POINT('Ctrl Pts',(38.4449369553987,-20.5740897659103,-28.));
#8127=CARTESIAN_POINT('Ctrl Pts',(39.1221056985756,-20.0167983757163,-28.));
#8128=CARTESIAN_POINT('',(44.,-8.00000000000001,-28.));
#8129=CARTESIAN_POINT('Ctrl Pts',(44.,-8.00000000000001,-28.));
#8130=CARTESIAN_POINT('Ctrl Pts',(44.,-9.23800205098691,-28.));
#8131=CARTESIAN_POINT('Ctrl Pts',(43.9919697494574,-10.4620188647082,-28.));
#8132=CARTESIAN_POINT('Ctrl Pts',(43.8252111741925,-11.6810439703333,-28.));
#8133=CARTESIAN_POINT('Ctrl Pts',(43.6584525989277,-12.9000690759583,-28.));
#8134=CARTESIAN_POINT('Ctrl Pts',(43.3329656989406,-14.1141024734872,-28.));
#8135=CARTESIAN_POINT('Ctrl Pts',(42.7981810121907,-15.2866368364966,-28.));
#8136=CARTESIAN_POINT('Ctrl Pts',(42.5307886688158,-15.8729040180013,-28.));
#8137=CARTESIAN_POINT('Ctrl Pts',(42.2110718787501,-16.4487964408762,-28.));
#8138=CARTESIAN_POINT('Ctrl Pts',(41.842252846338,-17.0053204387973,-28.));
#8139=CARTESIAN_POINT('Ctrl Pts',(41.1046147815137,-18.1183684346396,-28.));
#8140=CARTESIAN_POINT('Ctrl Pts',(40.1705677473034,-19.1539427306669,-28.));
#8141=CARTESIAN_POINT('Ctrl Pts',(39.1221056985756,-20.0167983757163,-28.));
#8142=CARTESIAN_POINT('',(44.,8.00000000000001,-28.));
#8143=CARTESIAN_POINT('',(44.,-5.75000000000001,-28.));
#8144=CARTESIAN_POINT('',(39.1221056985755,20.0167983757163,-28.));
#8145=CARTESIAN_POINT('Ctrl Pts',(39.1221056985754,20.0167983757162,-28.));
#8146=CARTESIAN_POINT('Ctrl Pts',(40.1705646211958,19.1539452711471,-28.));
#8147=CARTESIAN_POINT('Ctrl Pts',(41.1078277238045,18.1168578523797,-28.));
#8148=CARTESIAN_POINT('Ctrl Pts',(41.8432665108806,17.0048488242168,-28.));
#8149=CARTESIAN_POINT('Ctrl Pts',(42.5787083461433,15.8928351870898,-28.));
#8150=CARTESIAN_POINT('Ctrl Pts',(43.1123241928601,14.7058993195082,-28.));
#8151=CARTESIAN_POINT('Ctrl Pts',(43.4515510129017,13.500479745598,-28.));
#8152=CARTESIAN_POINT('Ctrl Pts',(43.6211644229225,12.8977699586429,-28.));
#8153=CARTESIAN_POINT('Ctrl Pts',(43.7421805762745,12.2904392451056,-28.));
#8154=CARTESIAN_POINT('Ctrl Pts',(43.824612135956,11.6813549581919,-28.));
#8155=CARTESIAN_POINT('Ctrl Pts',(43.989475255319,10.4631863843644,-28.));
#8156=CARTESIAN_POINT('Ctrl Pts',(44.,9.23800351703107,-28.));
#8157=CARTESIAN_POINT('Ctrl Pts',(44.,8.00000000000001,-28.));
#8158=CARTESIAN_POINT('',(33.7120993975676,22.6463925931024,-28.));
#8159=CARTESIAN_POINT('Ctrl Pts',(39.1221056985924,20.0167983757024,-28.));
#8160=CARTESIAN_POINT('Ctrl Pts',(37.8228591847596,21.0860427895895,-28.));
#8161=CARTESIAN_POINT('Ctrl Pts',(36.4134589452917,21.8590595864347,-28.));
#8162=CARTESIAN_POINT('Ctrl Pts',(34.8586935945639,22.3459404859728,-28.));
#8163=CARTESIAN_POINT('Ctrl Pts',(34.4716800359502,22.4671353077271,-28.));
#8164=CARTESIAN_POINT('Ctrl Pts',(34.0895144497099,22.5658912628215,-28.));
#8165=CARTESIAN_POINT('Ctrl Pts',(33.7120993975676,22.6463925931024,-28.));
#8166=CARTESIAN_POINT('Ctrl Pts',(29.,23.,-28.));
#8167=CARTESIAN_POINT('Ctrl Pts',(30.5879537537389,23.,-28.));
#8168=CARTESIAN_POINT('Ctrl Pts',(32.1569181493209,22.9781073951514,-28.));
#8169=CARTESIAN_POINT('Ctrl Pts',(33.7120993975676,22.6463925931024,-28.));
#8170=CARTESIAN_POINT('',(36.1933548293497,17.9995666946386,-28.));
#8171=CARTESIAN_POINT('Origin',(34.4933548293497,17.9995666946386,-28.));
#8172=CARTESIAN_POINT('',(36.1933548293497,-17.9995666946386,-28.));
#8173=CARTESIAN_POINT('Origin',(34.4933548293497,-17.9995666946386,-28.));
#8174=CARTESIAN_POINT('Origin',(43.2,21.8,0.));
#8175=CARTESIAN_POINT('Origin',(39.6441186337585,-12.3506655805497,-28.));
#8176=CARTESIAN_POINT('',(38.4362868456019,-13.9447616791329,-28.));
#8177=CARTESIAN_POINT('Origin',(28.5909371289721,-19.4762625631536,-28.));
#8178=CARTESIAN_POINT('',(29.6818742579441,-21.1525251263072,-28.));
#8179=CARTESIAN_POINT('',(30.5414847621106,-19.034262641369,-28.));
#8180=CARTESIAN_POINT('Origin',(35.4171458097426,-17.9294232798026,-28.));
#8181=CARTESIAN_POINT('Origin',(27.726204547683,19.7871667022692,-28.));
#8182=CARTESIAN_POINT('',(29.6598766023012,19.2763708671368,-28.));
#8183=CARTESIAN_POINT('Origin',(39.3480579516538,12.957573604973,-28.));
#8184=CARTESIAN_POINT('',(40.9717569295246,14.1253071487497,-28.));
#8185=CARTESIAN_POINT('',(37.9608560468137,14.3982924794271,-28.));
#8186=CARTESIAN_POINT('Origin',(34.4933548293497,17.9995666946386,-28.));
#8187=CARTESIAN_POINT('Ctrl Pts',(31.4924445088615,18.0457373469006,-40.4536658670995));
#8188=CARTESIAN_POINT('Ctrl Pts',(31.4977928563511,17.958843837081,-40.5189371811707));
#8189=CARTESIAN_POINT('Ctrl Pts',(31.5003524984517,17.8710046320804,-40.5834227946479));
#8190=CARTESIAN_POINT('Ctrl Pts',(31.4999610103954,17.7823388755425,-40.6470179800785));
#8191=CARTESIAN_POINT('Ctrl Pts',(31.4873453750835,18.1285819324255,-40.5505336526188));
#8192=CARTESIAN_POINT('Ctrl Pts',(31.4945296576927,18.0419070408653,-40.6173036538877));
#8193=CARTESIAN_POINT('Ctrl Pts',(31.4988353316471,17.954196848385,-40.6832871107698));
#8194=CARTESIAN_POINT('Ctrl Pts',(31.5003280556164,17.8654687224971,-40.7484336786591));
#8195=CARTESIAN_POINT('Ctrl Pts',(31.3746471472291,18.2872982227176,-40.7434958196999));
#8196=CARTESIAN_POINT('Ctrl Pts',(31.3831735509424,18.2031738643737,-40.8131793485304));
#8197=CARTESIAN_POINT('Ctrl Pts',(31.389115846204,18.1178667280305,-40.8821988575173));
#8198=CARTESIAN_POINT('Ctrl Pts',(31.3921846188637,18.0314624674333,-40.9503541701333));
#8199=CARTESIAN_POINT('Ctrl Pts',(31.1208141385613,18.3452221841194,-40.8291682639069));
#8200=CARTESIAN_POINT('Ctrl Pts',(31.126809464046,18.2648454510285,-40.89827687934));
#8201=CARTESIAN_POINT('Ctrl Pts',(31.1302678954768,18.1834325040204,-40.966516612049));
#8202=CARTESIAN_POINT('Ctrl Pts',(31.131098067749,18.1011729621445,-41.0339907106047));
#8203=CARTESIAN_POINT('Ctrl Pts',(30.9933889452539,18.3407068123547,-40.8330445915335));
#8204=CARTESIAN_POINT('Ctrl Pts',(30.9980687493072,18.2618118908234,-40.9007738018552));
#8205=CARTESIAN_POINT('Ctrl Pts',(31.0003084361453,18.1820475885005,-40.9676969664122));
#8206=CARTESIAN_POINT('Ctrl Pts',(30.999965884096,18.1015192643092,-41.0337068432392));
#8207=CARTESIAN_POINT('',(31.4930718588534,18.0353234583154,-40.4614812569433));
#8208=CARTESIAN_POINT('Ctrl Pts',(30.9933889452538,18.3407068123547,-40.8330445915335));
#8209=CARTESIAN_POINT('Ctrl Pts',(30.9945731982837,18.340726277732,-40.8330278810202));
#8210=CARTESIAN_POINT('Ctrl Pts',(30.9957574040239,18.3407428520252,-40.8330078189212));
#8211=CARTESIAN_POINT('Ctrl Pts',(30.9969415420623,18.3407565425554,-40.832984414278));
#8212=CARTESIAN_POINT('Ctrl Pts',(31.0229663895164,18.3410574314305,-40.8324700297645));
#8213=CARTESIAN_POINT('Ctrl Pts',(31.0488676434326,18.3399672520676,-40.8303462493278));
#8214=CARTESIAN_POINT('Ctrl Pts',(31.0744317771352,18.3375739920191,-40.8267216174663));
#8215=CARTESIAN_POINT('Ctrl Pts',(31.1005885583291,18.3351252495678,-40.8230129565895));
#8216=CARTESIAN_POINT('Ctrl Pts',(31.1263937141381,18.3313121278633,-40.8177327460618));
#8217=CARTESIAN_POINT('Ctrl Pts',(31.1516112771401,18.3261944750204,-40.8109572005129));
#8218=CARTESIAN_POINT('Ctrl Pts',(31.1575726629415,18.3249846712422,-40.8093554739294));
#8219=CARTESIAN_POINT('Ctrl Pts',(31.163501130151,18.3237018236077,-40.8076700209805));
#8220=CARTESIAN_POINT('Ctrl Pts',(31.1693933771953,18.3223464675417,-40.8059015604879));
#8221=CARTESIAN_POINT('Ctrl Pts',(31.1942882454018,18.3166200595379,-40.7984297775568));
#8222=CARTESIAN_POINT('Ctrl Pts',(31.2183639214079,18.3096418716447,-40.7895314122329));
#8223=CARTESIAN_POINT('Ctrl Pts',(31.2413929954248,18.3014851192631,-40.7792981684269));
#8224=CARTESIAN_POINT('Ctrl Pts',(31.2640983997343,18.293443008645,-40.7692087511173));
#8225=CARTESIAN_POINT('Ctrl Pts',(31.2857876088877,18.2842548596355,-40.7578211937525));
#8226=CARTESIAN_POINT('Ctrl Pts',(31.3062188295445,18.2739617140706,-40.7451910318545));
#8227=CARTESIAN_POINT('Ctrl Pts',(31.311023525507,18.2715411325611,-40.7422208672766));
#8228=CARTESIAN_POINT('Ctrl Pts',(31.3157585025918,18.2690593271301,-40.7391818600381));
#8229=CARTESIAN_POINT('Ctrl Pts',(31.3204203108803,18.2665166258461,-40.7360745140004));
#8230=CARTESIAN_POINT('Ctrl Pts',(31.3271089589186,18.2628684204924,-40.7316161702217));
#8231=CARTESIAN_POINT('Ctrl Pts',(31.3336306559369,18.2591037772161,-40.7270280551629));
#8232=CARTESIAN_POINT('Ctrl Pts',(31.3399771808716,18.2552251553503,-40.7223133039605));
#8233=CARTESIAN_POINT('Ctrl Pts',(31.3587650998034,18.2437430869849,-40.7083560022421));
#8234=CARTESIAN_POINT('Ctrl Pts',(31.376020552566,18.2312641729521,-40.6932910289414));
#8235=CARTESIAN_POINT('Ctrl Pts',(31.3916706704657,18.2179480838234,-40.6773020443845));
#8236=CARTESIAN_POINT('Ctrl Pts',(31.4075816142613,18.204410067876,-40.6610465863578));
#8237=CARTESIAN_POINT('Ctrl Pts',(31.4218339808127,18.1900059973656,-40.6438351424546));
#8238=CARTESIAN_POINT('Ctrl Pts',(31.4343088415815,18.1748817484081,-40.6258387800429));
#8239=CARTESIAN_POINT('Ctrl Pts',(31.4359063830032,18.1729449240516,-40.6235341503621));
#8240=CARTESIAN_POINT('Ctrl Pts',(31.4374747092897,18.1709962690652,-40.6212166304708));
#8241=CARTESIAN_POINT('Ctrl Pts',(31.4390135119047,18.1690360742947,-40.6188865664755));
#8242=CARTESIAN_POINT('Ctrl Pts',(31.4510145936752,18.1537485660088,-40.6007144576772));
#8243=CARTESIAN_POINT('Ctrl Pts',(31.4611310195909,18.1378787183381,-40.5819210897956));
#8244=CARTESIAN_POINT('Ctrl Pts',(31.4692769899456,18.1215828770928,-40.5626901938833));
#8245=CARTESIAN_POINT('Ctrl Pts',(31.4772983534694,18.1055363091746,-40.5437534680808));
#8246=CARTESIAN_POINT('Ctrl Pts',(31.4834095269268,18.0890758670393,-40.5243915175687));
#8247=CARTESIAN_POINT('Ctrl Pts',(31.4874826353743,18.0723374154855,-40.5047681733062));
#8248=CARTESIAN_POINT('Ctrl Pts',(31.4893952162652,18.0644776584971,-40.4955537775356));
#8249=CARTESIAN_POINT('Ctrl Pts',(31.4908577209011,18.0565564841583,-40.4862816694971));
#8250=CARTESIAN_POINT('Ctrl Pts',(31.4918528928213,18.0485876764356,-40.4769688289205));
#8251=CARTESIAN_POINT('Ctrl Pts',(31.4924039324802,18.0441752437689,-40.4718121877504));
#8252=CARTESIAN_POINT('Ctrl Pts',(31.4928110364392,18.039753035526,-40.4666486857219));
#8253=CARTESIAN_POINT('Ctrl Pts',(31.4930718621666,18.0353234489423,-40.4614812592888));
#8254=CARTESIAN_POINT('',(31.4934905923723,18.0281071867218,-40.46688852536));
#8255=CARTESIAN_POINT('Ctrl Pts',(31.4930718621666,18.0353234489423,-40.4614812592888));
#8256=CARTESIAN_POINT('Ctrl Pts',(31.493213580051,18.0329187382888,-40.4632842880504));
#8257=CARTESIAN_POINT('Ctrl Pts',(31.4933531609096,18.0305133082541,-40.465086712918));
#8258=CARTESIAN_POINT('Ctrl Pts',(31.4934906013087,18.0281071613569,-40.4668885316776));
#8259=CARTESIAN_POINT('',(31.5000000000001,17.7999999999952,-40.6343309808075));
#8260=CARTESIAN_POINT('Ctrl Pts',(31.4934906013087,18.028107161357,-40.4668885316776));
#8261=CARTESIAN_POINT('Ctrl Pts',(31.4977951111723,17.9527488015431,-40.5233198769824));
#8262=CARTESIAN_POINT('Ctrl Pts',(31.5000000740489,17.8766872812322,-40.5791566994053));
#8263=CARTESIAN_POINT('Ctrl Pts',(31.500000008143,17.7999999746181,-40.6343309869068));
#8264=CARTESIAN_POINT('',(31.499577911018,17.8064352283676,-40.6554521812271));
#8265=CARTESIAN_POINT('Ctrl Pts',(31.500000008143,17.799999974618,-40.6343309869069));
#8266=CARTESIAN_POINT('Ctrl Pts',(31.4999998069485,17.8000000678634,-40.6390866817977));
#8267=CARTESIAN_POINT('Ctrl Pts',(31.4999540597897,17.8006392086616,-40.6439232109957));
#8268=CARTESIAN_POINT('Ctrl Pts',(31.499835226025,17.8023509408737,-40.6483497697726));
#8269=CARTESIAN_POINT('Ctrl Pts',(31.4997659654501,17.8033485997243,-40.6509297267954));
#8270=CARTESIAN_POINT('Ctrl Pts',(31.4996732626946,17.8046923206263,-40.6533210542567));
#8271=CARTESIAN_POINT('Ctrl Pts',(31.4995554495812,17.8064326517456,-40.6554485116285));
#8272=CARTESIAN_POINT('Ctrl Pts',(31.4995554495812,17.8064326517456,-40.6554485116285));
#8273=CARTESIAN_POINT('Ctrl Pts',(31.4984388216426,17.8229271456624,-40.6756126926241));
#8274=CARTESIAN_POINT('Ctrl Pts',(31.4952117719417,17.8392572680306,-40.6956541527325));
#8275=CARTESIAN_POINT('Ctrl Pts',(31.490019419256,17.8552892843675,-40.7154076019658));
#8276=CARTESIAN_POINT('Ctrl Pts',(31.4847181895996,17.8716574715079,-40.7355752556736));
#8277=CARTESIAN_POINT('Ctrl Pts',(31.4773679935405,17.8877157460618,-40.7554436981217));
#8278=CARTESIAN_POINT('Ctrl Pts',(31.4680704740788,17.9033175754006,-40.7748307259349));
#8279=CARTESIAN_POINT('Ctrl Pts',(31.4637546078547,17.9105598735806,-40.7838300960215));
#8280=CARTESIAN_POINT('Ctrl Pts',(31.4590184387016,17.9177036819102,-40.7927255500978));
#8281=CARTESIAN_POINT('Ctrl Pts',(31.4538687367522,17.9247332636138,-40.8014974652374));
#8282=CARTESIAN_POINT('Ctrl Pts',(31.4427858686787,17.9398618919105,-40.8203758351307));
#8283=CARTESIAN_POINT('Ctrl Pts',(31.4298764390099,17.9543453337569,-40.8385371071731));
#8284=CARTESIAN_POINT('Ctrl Pts',(31.4152591223403,17.9680442814793,-40.8558046313456));
#8285=CARTESIAN_POINT('Ctrl Pts',(31.4008882465654,17.9815122715637,-40.8727810334058));
#8286=CARTESIAN_POINT('Ctrl Pts',(31.3848659251354,17.9942227321696,-40.8888944596337));
#8287=CARTESIAN_POINT('Ctrl Pts',(31.3672626022115,18.006027554828,-40.9039570198867));
#8288=CARTESIAN_POINT('Ctrl Pts',(31.3628611522918,18.0089791757217,-40.9077231897686));
#8289=CARTESIAN_POINT('Ctrl Pts',(31.3583606787015,18.0118740701946,-40.9114235262611));
#8290=CARTESIAN_POINT('Ctrl Pts',(31.3537619311578,18.0147096830964,-40.9150547918899));
#8291=CARTESIAN_POINT('Ctrl Pts',(31.34967894684,18.0172272735707,-40.9182788002694));
#8292=CARTESIAN_POINT('Ctrl Pts',(31.3455184923058,18.0196981320061,-40.9214483594277));
#8293=CARTESIAN_POINT('Ctrl Pts',(31.3412828709589,18.0221215687027,-40.9245625468913));
#8294=CARTESIAN_POINT('Ctrl Pts',(31.3222376139749,18.0330184291377,-40.9385653331848));
#8295=CARTESIAN_POINT('Ctrl Pts',(31.3018197935873,18.0428759265219,-40.951345005704));
#8296=CARTESIAN_POINT('Ctrl Pts',(31.280280150202,18.0516624500686,-40.9628543962616));
#8297=CARTESIAN_POINT('Ctrl Pts',(31.2583155355515,18.0606223293188,-40.9745908639429));
#8298=CARTESIAN_POINT('Ctrl Pts',(31.2351832160875,18.0684689916642,-40.9850069485211));
#8299=CARTESIAN_POINT('Ctrl Pts',(31.2111164980096,18.0751422994006,-40.9940200872379));
#8300=CARTESIAN_POINT('Ctrl Pts',(31.1998981066328,18.0782529760506,-40.9982214460328));
#8301=CARTESIAN_POINT('Ctrl Pts',(31.18847634024,18.0811082880841,-41.002117462793));
#8302=CARTESIAN_POINT('Ctrl Pts',(31.1768736042621,18.0836998053729,-41.0056969267365));
#8303=CARTESIAN_POINT('Ctrl Pts',(31.1520023417122,18.0892549009137,-41.013369753878));
#8304=CARTESIAN_POINT('Ctrl Pts',(31.1264841043738,18.093558892985,-41.0195339650326));
#8305=CARTESIAN_POINT('Ctrl Pts',(31.1005571786698,18.0965605936805,-41.0241173607699));
#8306=CARTESIAN_POINT('Ctrl Pts',(31.0751776449092,18.0994989198443,-41.0286039878455));
#8307=CARTESIAN_POINT('Ctrl Pts',(31.0494052388014,18.1011895875345,-41.0315761110996));
#8308=CARTESIAN_POINT('Ctrl Pts',(31.0234522165729,18.101554105967,-41.0329292697176));
#8309=CARTESIAN_POINT('Ctrl Pts',(31.0168215356191,18.101647235985,-41.033274985257));
#8310=CARTESIAN_POINT('Ctrl Pts',(31.0101790598304,18.1016536353098,-41.0335148225982));
#8311=CARTESIAN_POINT('Ctrl Pts',(31.0035283572791,18.1015716383317,-41.0336466102386));
#8312=CARTESIAN_POINT('Ctrl Pts',(31.002340932167,18.1015569984843,-41.0336701397759));
#8313=CARTESIAN_POINT('Ctrl Pts',(31.0011534342962,18.1015395428911,-41.0336902206818));
#8314=CARTESIAN_POINT('Ctrl Pts',(30.999965884096,18.1015192643092,-41.0337068432392));
#8315=CARTESIAN_POINT('Ctrl Pts',(33.3585750800436,22.0340705134397,-31.));
#8316=CARTESIAN_POINT('Ctrl Pts',(33.3585750800436,22.0340705134397,-31.1442764205125));
#8317=CARTESIAN_POINT('Ctrl Pts',(33.3585750800436,22.0340705134397,-31.2885528410251));
#8318=CARTESIAN_POINT('Ctrl Pts',(33.3585750800436,22.0340705134397,-31.4328292615376));
#8319=CARTESIAN_POINT('Ctrl Pts',(33.4046848759063,22.1139350226006,-31.));
#8320=CARTESIAN_POINT('Ctrl Pts',(33.4046848759063,22.1139350226006,-31.1442764205125));
#8321=CARTESIAN_POINT('Ctrl Pts',(33.4046848759063,22.1139350226006,-31.2885528410251));
#8322=CARTESIAN_POINT('Ctrl Pts',(33.4046848759063,22.1139350226006,-31.4328292615376));
#8323=CARTESIAN_POINT('Ctrl Pts',(33.4511968215972,22.2992474236633,-31.));
#8324=CARTESIAN_POINT('Ctrl Pts',(33.4511968215972,22.2992474236633,-31.1442764205126));
#8325=CARTESIAN_POINT('Ctrl Pts',(33.4511968215972,22.2992474236633,-31.2885528410251));
#8326=CARTESIAN_POINT('Ctrl Pts',(33.4511968215972,22.2992474236633,-31.4328292615376));
#8327=CARTESIAN_POINT('Ctrl Pts',(33.3505130690567,22.6197856088289,-31.));
#8328=CARTESIAN_POINT('Ctrl Pts',(33.3505130690567,22.6197856088289,-31.1442764205125));
#8329=CARTESIAN_POINT('Ctrl Pts',(33.3505130690567,22.6197856088289,-31.2885528410251));
#8330=CARTESIAN_POINT('Ctrl Pts',(33.3505130690567,22.6197856088289,-31.4328292615376));
#8331=CARTESIAN_POINT('Ctrl Pts',(33.1407383333108,22.7561238237679,-31.));
#8332=CARTESIAN_POINT('Ctrl Pts',(33.1407383333108,22.7561238237679,-31.1442764205125));
#8333=CARTESIAN_POINT('Ctrl Pts',(33.1407383333108,22.7561238237679,-31.2885528410251));
#8334=CARTESIAN_POINT('Ctrl Pts',(33.1407383333108,22.7561238237679,-31.4328292615376));
#8335=CARTESIAN_POINT('Ctrl Pts',(33.0041272790258,22.7778594930157,-31.));
#8336=CARTESIAN_POINT('Ctrl Pts',(33.0041272790258,22.7778594930157,-31.1442764205125));
#8337=CARTESIAN_POINT('Ctrl Pts',(33.0041272790258,22.7778594930157,-31.2885528410251));
#8338=CARTESIAN_POINT('Ctrl Pts',(33.0041272790258,22.7778594930157,-31.4328292615376));
#8339=CARTESIAN_POINT('',(33.0041272790258,22.7778594930157,-31.));
#8340=CARTESIAN_POINT('',(33.3585750800436,22.0340705134397,-31.));
#8341=CARTESIAN_POINT('Ctrl Pts',(33.3585750800436,22.0340705134397,-31.));
#8342=CARTESIAN_POINT('Ctrl Pts',(33.4046848759063,22.1139350226006,-31.));
#8343=CARTESIAN_POINT('Ctrl Pts',(33.4279408487517,22.2065912231319,-31.));
#8344=CARTESIAN_POINT('Ctrl Pts',(33.4251854419544,22.298710492707,-31.));
#8345=CARTESIAN_POINT('Ctrl Pts',(33.4224300351571,22.390829762282,-31.));
#8346=CARTESIAN_POINT('Ctrl Pts',(33.3936632487169,22.4824121009007,-31.));
#8347=CARTESIAN_POINT('Ctrl Pts',(33.3428392191335,22.5591756184622,-31.));
#8348=CARTESIAN_POINT('Ctrl Pts',(33.2666031747584,22.6743208948045,-31.));
#8349=CARTESIAN_POINT('Ctrl Pts',(33.1407383333108,22.7561238237679,-31.));
#8350=CARTESIAN_POINT('Ctrl Pts',(33.0041272790258,22.7778594930157,-31.));
#8351=CARTESIAN_POINT('',(33.3585750800436,22.0340705134397,-31.4328292615376));
#8352=CARTESIAN_POINT('Ctrl Pts',(33.3585750800436,22.0340705134397,-31.));
#8353=CARTESIAN_POINT('Ctrl Pts',(33.3585750800436,22.0340705134397,-31.1442764205125));
#8354=CARTESIAN_POINT('Ctrl Pts',(33.3585750800436,22.0340705134397,-31.2885528410251));
#8355=CARTESIAN_POINT('Ctrl Pts',(33.3585750800436,22.0340705134397,-31.4328292615376));
#8356=CARTESIAN_POINT('',(33.0041272790258,22.7778594930156,-31.4328292615376));
#8357=CARTESIAN_POINT('Origin',(32.9255623781514,22.2840705134398,-31.4328292615376));
#8358=CARTESIAN_POINT('Ctrl Pts',(33.0041272790258,22.7778594930157,-31.4328292615376));
#8359=CARTESIAN_POINT('Ctrl Pts',(33.0041272790258,22.7778594930157,-31.2885528410251));
#8360=CARTESIAN_POINT('Ctrl Pts',(33.0041272790258,22.7778594930157,-31.1442764205125));
#8361=CARTESIAN_POINT('Ctrl Pts',(33.0041272790258,22.7778594930157,-31.));
#8362=CARTESIAN_POINT('Ctrl Pts',(33.3585750800436,22.0340705134397,-31.4328292616052));
#8363=CARTESIAN_POINT('Ctrl Pts',(33.3585750800436,22.0340705134397,-31.6137636142163));
#8364=CARTESIAN_POINT('Ctrl Pts',(33.3583388751007,22.0336613944777,-31.79471327501));
#8365=CARTESIAN_POINT('Ctrl Pts',(33.3465570321126,22.0132546438156,-32.7046804432111));
#8366=CARTESIAN_POINT('Ctrl Pts',(33.2965470710238,21.9266348503251,-33.432176317181));
#8367=CARTESIAN_POINT('Ctrl Pts',(33.1179291615229,21.6172595559279,-34.7441352935006));
#8368=CARTESIAN_POINT('Ctrl Pts',(33.0032497735474,21.4186290293734,-35.3342613339965));
#8369=CARTESIAN_POINT('Ctrl Pts',(32.8019662828325,21.0699957967305,-36.1377315876405));
#8370=CARTESIAN_POINT('Ctrl Pts',(32.7371311705694,20.9576980881764,-36.3731176330328));
#8371=CARTESIAN_POINT('Ctrl Pts',(32.6682192667754,20.8383391695589,-36.6036174986136));
#8372=CARTESIAN_POINT('Ctrl Pts',(33.4046848759063,22.1139350226006,-31.4328292616052));
#8373=CARTESIAN_POINT('Ctrl Pts',(33.4046966915987,22.1139554879802,-31.6138534608382));
#8374=CARTESIAN_POINT('Ctrl Pts',(33.4045186879504,22.1136471766174,-31.7956783356931));
#8375=CARTESIAN_POINT('Ctrl Pts',(33.3933735744887,22.0943432738456,-32.713304249477));
#8376=CARTESIAN_POINT('Ctrl Pts',(33.343627889962,22.0081812207881,-33.4498079318184));
#8377=CARTESIAN_POINT('Ctrl Pts',(33.163860504032,21.6968149748136,-34.7760087079418));
#8378=CARTESIAN_POINT('Ctrl Pts',(33.0481401215796,21.4963813929347,-35.3726032139077));
#8379=CARTESIAN_POINT('Ctrl Pts',(32.8448191632703,21.1442191628995,-36.1834895890092));
#8380=CARTESIAN_POINT('Ctrl Pts',(32.7793312840135,21.0307908287467,-36.4209529773584));
#8381=CARTESIAN_POINT('Ctrl Pts',(32.7097200328384,20.910220604933,-36.6532469730794));
#8382=CARTESIAN_POINT('Ctrl Pts',(33.4511708450418,22.2993127906405,-31.4328292616052));
#8383=CARTESIAN_POINT('Ctrl Pts',(33.4512314015364,22.2993554261067,-31.6138568782992));
#8384=CARTESIAN_POINT('Ctrl Pts',(33.4509473209452,22.2993835454746,-31.7977687896732));
#8385=CARTESIAN_POINT('Ctrl Pts',(33.4399037520285,22.2828759908578,-32.7297264090608));
#8386=CARTESIAN_POINT('Ctrl Pts',(33.3887742952776,22.1987143765004,-33.4847933410261));
#8387=CARTESIAN_POINT('Ctrl Pts',(33.2049540734716,21.884346339816,-34.8395026267698));
#8388=CARTESIAN_POINT('Ctrl Pts',(33.0868084113018,21.6805188007672,-35.4488544334137));
#8389=CARTESIAN_POINT('Ctrl Pts',(32.8796744008711,21.321197846879,-36.2746514001475));
#8390=CARTESIAN_POINT('Ctrl Pts',(32.8130787149445,21.2054098422496,-36.5161977549925));
#8391=CARTESIAN_POINT('Ctrl Pts',(32.7423517320203,21.0822744356749,-36.7520967994712));
#8392=CARTESIAN_POINT('Ctrl Pts',(33.3505630333566,22.6198331704236,-31.4328292616052));
#8393=CARTESIAN_POINT('Ctrl Pts',(33.3505666881869,22.6199355400263,-31.6140792951725));
#8394=CARTESIAN_POINT('Ctrl Pts',(33.3497361262832,22.620313349096,-31.8001444944371));
#8395=CARTESIAN_POINT('Ctrl Pts',(33.332876944653,22.6075093344938,-32.7508851025451));
#8396=CARTESIAN_POINT('Ctrl Pts',(33.2732958681436,22.5255950083214,-33.5271953193988));
#8397=CARTESIAN_POINT('Ctrl Pts',(33.078054011894,22.2076341461433,-34.9147163422122));
#8398=CARTESIAN_POINT('Ctrl Pts',(32.9553990334178,21.9998727807024,-35.5389044339709));
#8399=CARTESIAN_POINT('Ctrl Pts',(32.7449630849411,21.6320328638743,-36.382394723521));
#8400=CARTESIAN_POINT('Ctrl Pts',(32.6776831468384,21.5134407986716,-36.629013187564));
#8401=CARTESIAN_POINT('Ctrl Pts',(32.6067477452766,21.3871980591817,-36.8694531589033));
#8402=CARTESIAN_POINT('Ctrl Pts',(33.1407383333108,22.7561238237679,-31.4328292616052));
#8403=CARTESIAN_POINT('Ctrl Pts',(33.1407763303905,22.7561707644685,-31.613800718391));
#8404=CARTESIAN_POINT('Ctrl Pts',(33.1390658784967,22.75638581573,-31.8005592874586));
#8405=CARTESIAN_POINT('Ctrl Pts',(33.1161024833961,22.7409081056536,-32.7506322793769));
#8406=CARTESIAN_POINT('Ctrl Pts',(33.0478498198659,22.6556762196526,-33.527343899862));
#8407=CARTESIAN_POINT('Ctrl Pts',(32.8448529454528,22.3345249767128,-34.9125884509877));
#8408=CARTESIAN_POINT('Ctrl Pts',(32.7206808500867,22.1261796518811,-35.5352950474141));
#8409=CARTESIAN_POINT('Ctrl Pts',(32.5115494131222,21.7591728910974,-36.3788946835834));
#8410=CARTESIAN_POINT('Ctrl Pts',(32.4451048812714,21.640938634385,-36.62561500406));
#8411=CARTESIAN_POINT('Ctrl Pts',(32.3754109790288,21.5152260030601,-36.8665873002015));
#8412=CARTESIAN_POINT('Ctrl Pts',(33.0041272790258,22.7778594930157,-31.4328292616052));
#8413=CARTESIAN_POINT('Ctrl Pts',(33.0041272793062,22.7778594929711,-31.6137636133058));
#8414=CARTESIAN_POINT('Ctrl Pts',(33.0021772580011,22.7777387338026,-31.800029075006));
#8415=CARTESIAN_POINT('Ctrl Pts',(32.976536952239,22.7586139372908,-32.745917791825));
#8416=CARTESIAN_POINT('Ctrl Pts',(32.9056056021222,22.6692552902623,-33.516495380145));
#8417=CARTESIAN_POINT('Ctrl Pts',(32.7012630771656,22.3457777209276,-34.8911640490907));
#8418=CARTESIAN_POINT('Ctrl Pts',(32.5773529736723,22.137839354447,-35.5090061927911));
#8419=CARTESIAN_POINT('Ctrl Pts',(32.3699423299398,21.7738346346221,-36.3478508808113));
#8420=CARTESIAN_POINT('Ctrl Pts',(32.3041184806694,21.6566960922008,-36.5933874680621));
#8421=CARTESIAN_POINT('Ctrl Pts',(32.2352065648832,21.5323419456042,-36.8335338635467));
#8422=CARTESIAN_POINT('',(32.6682192667754,20.8383391695589,-36.6036174986136));
#8423=CARTESIAN_POINT('Origin',(32.2352065648832,21.088339169559,-36.6036174986136));
#8424=CARTESIAN_POINT('Ctrl Pts',(32.2352065648832,21.5323419456042,-36.8335338635467));
#8425=CARTESIAN_POINT('Ctrl Pts',(32.3041184806694,21.6566960922008,-36.5933874680621));
#8426=CARTESIAN_POINT('Ctrl Pts',(32.3699423299398,21.7738346346221,-36.3478508808113));
#8427=CARTESIAN_POINT('Ctrl Pts',(32.5773529736723,22.137839354447,-35.5090061927911));
#8428=CARTESIAN_POINT('Ctrl Pts',(32.7012630771656,22.3457777209276,-34.8911640490907));
#8429=CARTESIAN_POINT('Ctrl Pts',(32.9056056021222,22.6692552902623,-33.516495380145));
#8430=CARTESIAN_POINT('Ctrl Pts',(32.976536952239,22.7586139372908,-32.745917791825));
#8431=CARTESIAN_POINT('Ctrl Pts',(33.0021772580011,22.7777387338026,-31.800029075006));
#8432=CARTESIAN_POINT('Ctrl Pts',(33.0041272793062,22.7778594929711,-31.6137636133058));
#8433=CARTESIAN_POINT('Ctrl Pts',(33.0041272790258,22.7778594930157,-31.4328292616052));
#8434=CARTESIAN_POINT('Ctrl Pts',(33.3585750800436,22.0340705134397,-31.4328292616052));
#8435=CARTESIAN_POINT('Ctrl Pts',(33.3585750800436,22.0340705134397,-31.6137636142163));
#8436=CARTESIAN_POINT('Ctrl Pts',(33.3583388751007,22.0336613944777,-31.79471327501));
#8437=CARTESIAN_POINT('Ctrl Pts',(33.3465570321126,22.0132546438156,-32.7046804432111));
#8438=CARTESIAN_POINT('Ctrl Pts',(33.2965470710238,21.9266348503251,-33.432176317181));
#8439=CARTESIAN_POINT('Ctrl Pts',(33.1179291615229,21.6172595559279,-34.7441352935006));
#8440=CARTESIAN_POINT('Ctrl Pts',(33.0032497735474,21.4186290293734,-35.3342613339965));
#8441=CARTESIAN_POINT('Ctrl Pts',(32.8019662828325,21.0699957967305,-36.1377315876405));
#8442=CARTESIAN_POINT('Ctrl Pts',(32.7371311705694,20.9576980881764,-36.3731176330328));
#8443=CARTESIAN_POINT('Ctrl Pts',(32.6682192667754,20.8383391695589,-36.6036174986136));
#8444=CARTESIAN_POINT('Ctrl Pts',(32.6682192667754,20.8383391695589,-36.6036174986136));
#8445=CARTESIAN_POINT('Ctrl Pts',(32.4479333581953,20.4567927837067,-37.3404404496795));
#8446=CARTESIAN_POINT('Ctrl Pts',(32.1863815449511,20.003771754356,-38.0269385207845));
#8447=CARTESIAN_POINT('Ctrl Pts',(31.8952786179964,19.4995666946386,-38.6578489193097));
#8448=CARTESIAN_POINT('Ctrl Pts',(32.7097200328384,20.910220604933,-36.6532469730794));
#8449=CARTESIAN_POINT('Ctrl Pts',(32.4872043909317,20.5248218587747,-37.3958566732419));
#8450=CARTESIAN_POINT('Ctrl Pts',(32.2232671255399,20.0676486584923,-38.0869499321708));
#8451=CARTESIAN_POINT('Ctrl Pts',(31.9297853519524,19.5593341110536,-38.7215347376302));
#8452=CARTESIAN_POINT('Ctrl Pts',(32.7423910007647,21.0821990560745,-36.7520695059905));
#8453=CARTESIAN_POINT('Ctrl Pts',(32.5163456763728,20.6886039279198,-37.5062241222356));
#8454=CARTESIAN_POINT('Ctrl Pts',(32.2486427997388,20.2226595677883,-38.2064719008711));
#8455=CARTESIAN_POINT('Ctrl Pts',(31.9514563849551,19.7055623191441,-38.8483950710736));
#8456=CARTESIAN_POINT('Ctrl Pts',(32.6066930141995,21.3871439613703,-36.8694087828297));
#8457=CARTESIAN_POINT('Ctrl Pts',(32.3799465707595,20.983704235335,-37.6381693245047));
#8458=CARTESIAN_POINT('Ctrl Pts',(32.1114919996789,20.5067601623236,-38.3507356966899));
#8459=CARTESIAN_POINT('Ctrl Pts',(31.8136296294585,19.9785547483721,-39.0029691474742));
#8460=CARTESIAN_POINT('Ctrl Pts',(32.3754109790288,21.5152260030601,-36.8665873002015));
#8461=CARTESIAN_POINT('Ctrl Pts',(32.1526297766062,21.113312282217,-37.6369848748865));
#8462=CARTESIAN_POINT('Ctrl Pts',(31.8884920985028,20.6379128835819,-38.3519840185865));
#8463=CARTESIAN_POINT('Ctrl Pts',(31.594782841534,20.1103397838773,-39.0073116677175));
#8464=CARTESIAN_POINT('Ctrl Pts',(32.2352065648832,21.5323419456042,-36.8335338635467));
#8465=CARTESIAN_POINT('Ctrl Pts',(32.0149206563031,21.1348276637513,-37.6011932022444));
#8466=CARTESIAN_POINT('Ctrl Pts',(31.7533688430589,20.663606271857,-38.3150108395235));
#8467=CARTESIAN_POINT('Ctrl Pts',(31.4622659161042,20.1401590719229,-38.9699988749519));
#8468=CARTESIAN_POINT('',(31.8952786179964,19.4995666946386,-38.6578489193097));
#8469=CARTESIAN_POINT('Origin',(31.4622659161042,19.7495666946386,-38.6578489193097));
#8470=CARTESIAN_POINT('Ctrl Pts',(32.6682192667754,20.8383391695589,-36.6036174986136));
#8471=CARTESIAN_POINT('Ctrl Pts',(32.4479333581953,20.4567927837067,-37.3404404496795));
#8472=CARTESIAN_POINT('Ctrl Pts',(32.1863815449511,20.003771754356,-38.0269385207845));
#8473=CARTESIAN_POINT('Ctrl Pts',(31.8952786179964,19.4995666946386,-38.6578489193097));
#8474=CARTESIAN_POINT('Ctrl Pts',(31.8952786179964,19.4995666946386,-38.6578489193097));
#8475=CARTESIAN_POINT('Ctrl Pts',(31.64761391975,19.0705988540345,-39.2840762390541));
#8476=CARTESIAN_POINT('Ctrl Pts',(31.4958309792962,18.5669978387085,-39.8986201505279));
#8477=CARTESIAN_POINT('Ctrl Pts',(31.4933840715532,18.0128125379809,-40.4536658670995));
#8478=CARTESIAN_POINT('Ctrl Pts',(31.9297853519524,19.5593341110537,-38.7215347376302));
#8479=CARTESIAN_POINT('Ctrl Pts',(31.6692560567535,19.1309651769141,-39.3442000429453));
#8480=CARTESIAN_POINT('Ctrl Pts',(31.5051207360204,18.6231270215609,-39.9567280916207));
#8481=CARTESIAN_POINT('Ctrl Pts',(31.4935995882226,18.0616236018819,-40.5105249403494));
#8482=CARTESIAN_POINT('Ctrl Pts',(31.9514564200496,19.7055623484706,-38.8483951107031));
#8483=CARTESIAN_POINT('Ctrl Pts',(31.6678131583149,19.2665608335884,-39.4640276609811));
#8484=CARTESIAN_POINT('Ctrl Pts',(31.4839536257161,18.7416968061054,-40.0726834874473));
#8485=CARTESIAN_POINT('Ctrl Pts',(31.4596787091738,18.1592119909714,-40.6240271063779));
#8486=CARTESIAN_POINT('Ctrl Pts',(31.8136296813024,19.9785548188487,-39.0029692277178));
#8487=CARTESIAN_POINT('Ctrl Pts',(31.512240616889,19.4964708208606,-39.6196097586253));
#8488=CARTESIAN_POINT('Ctrl Pts',(31.3178503788095,18.9261328557569,-40.2299521393952));
#8489=CARTESIAN_POINT('Ctrl Pts',(31.2924313839199,18.2970549662705,-40.7837344264927));
#8490=CARTESIAN_POINT('Ctrl Pts',(31.594782841534,20.1103397838773,-39.0073116677175));
#8491=CARTESIAN_POINT('Ctrl Pts',(31.3007964585706,19.5983821868883,-39.6426025569312));
#8492=CARTESIAN_POINT('Ctrl Pts',(31.1172609092094,18.9994957096266,-40.2677484330206));
#8493=CARTESIAN_POINT('Ctrl Pts',(31.1057934806687,18.340421084643,-40.8332898812417));
#8494=CARTESIAN_POINT('Ctrl Pts',(31.4622659161042,20.1401590719229,-38.9699988749519));
#8495=CARTESIAN_POINT('Ctrl Pts',(31.17332376815,19.6205972802506,-39.6201251097543));
#8496=CARTESIAN_POINT('Ctrl Pts',(30.996243670954,19.0116031912371,-40.2570977363056));
#8497=CARTESIAN_POINT('Ctrl Pts',(30.9933889452538,18.3407068123547,-40.8330445915335));
#8498=CARTESIAN_POINT('',(31.4934905923701,18.0281071867607,-40.4383199880691));
#8499=CARTESIAN_POINT('Ctrl Pts',(31.8952786179964,19.4995666946386,-38.6578489193097));
#8500=CARTESIAN_POINT('Ctrl Pts',(31.6498941905992,19.0745483990004,-39.2783105085631));
#8501=CARTESIAN_POINT('Ctrl Pts',(31.4986340652366,18.5762649104722,-39.8873028394907));
#8502=CARTESIAN_POINT('Ctrl Pts',(31.4934895943855,18.0281069547395,-40.43831970788));
#8503=CARTESIAN_POINT('Ctrl Pts',(31.493489585867,18.0281060470514,-40.438320620302));
#8504=CARTESIAN_POINT('Ctrl Pts',(31.4934898189743,18.0281062787264,-40.4418189603555));
#8505=CARTESIAN_POINT('Ctrl Pts',(31.4934728234394,18.0284016919298,-40.4453728623455));
#8506=CARTESIAN_POINT('Ctrl Pts',(31.4934278147901,18.0291730243443,-40.4487892184504));
#8507=CARTESIAN_POINT('Ctrl Pts',(31.4933891529137,18.029835589407,-40.45172382635));
#8508=CARTESIAN_POINT('Ctrl Pts',(31.4933300093448,18.0308465784085,-40.4545474950797));
#8509=CARTESIAN_POINT('Ctrl Pts',(31.4932429685946,18.0323169910359,-40.4571726285151));
#8510=CARTESIAN_POINT('Ctrl Pts',(31.4931915016061,18.0331864425251,-40.4587248636716));
#8511=CARTESIAN_POINT('Ctrl Pts',(31.4931319114354,18.0341885329362,-40.4601579076689));
#8512=CARTESIAN_POINT('Ctrl Pts',(31.4930640568222,18.0353208013303,-40.461478763356));
#8513=CARTESIAN_POINT('Ctrl Pts',(31.4990214477037,17.8152636844624,-40.6470179800785));
#8514=CARTESIAN_POINT('Ctrl Pts',(31.5281002106326,17.3428269594642,-41.0988226346769));
#8515=CARTESIAN_POINT('Ctrl Pts',(31.7709114443952,16.4965572296437,-41.7711368576226));
#8516=CARTESIAN_POINT('Ctrl Pts',(32.702911384833,15.4928905994086,-42.3576479125043));
#8517=CARTESIAN_POINT('Ctrl Pts',(33.4539839429802,15.156204441146,-42.5169032986082));
#8518=CARTESIAN_POINT('Ctrl Pts',(33.85075885932,15.0691963393249,-42.5577225279696));
#8519=CARTESIAN_POINT('Ctrl Pts',(31.4940554799214,17.8959447492392,-40.7458172113984));
#8520=CARTESIAN_POINT('Ctrl Pts',(31.5108061158979,17.4118720979617,-41.196054585374));
#8521=CARTESIAN_POINT('Ctrl Pts',(31.7417558134905,16.5399448524785,-41.8676563470732));
#8522=CARTESIAN_POINT('Ctrl Pts',(32.6797019911011,15.5060747308241,-42.4557892684641));
#8523=CARTESIAN_POINT('Ctrl Pts',(33.4405392625538,15.1603438105144,-42.6160872760258));
#8524=CARTESIAN_POINT('Ctrl Pts',(33.8423919293516,15.0710311092779,-42.6571690996989));
#8525=CARTESIAN_POINT('Ctrl Pts',(31.3814708238168,18.0503394063833,-40.9426237646617));
#8526=CARTESIAN_POINT('Ctrl Pts',(31.3892826665202,17.5277010294063,-41.3901643237628));
#8527=CARTESIAN_POINT('Ctrl Pts',(31.6196776324781,16.5884470177471,-42.0604424950824));
#8528=CARTESIAN_POINT('Ctrl Pts',(32.5968194378211,15.4794818978817,-42.651950122176));
#8529=CARTESIAN_POINT('Ctrl Pts',(33.3921157018986,15.1099153487204,-42.8141695740189));
#8530=CARTESIAN_POINT('Ctrl Pts',(33.8124715354579,15.0144538335305,-42.8557799981504));
#8531=CARTESIAN_POINT('Ctrl Pts',(31.1274748732801,18.106213408216,-41.0298590062923));
#8532=CARTESIAN_POINT('Ctrl Pts',(31.1524709515131,17.5461010837779,-41.4890975219846));
#8533=CARTESIAN_POINT('Ctrl Pts',(31.4180948819339,16.5437007030269,-42.1752925294777));
#8534=CARTESIAN_POINT('Ctrl Pts',(32.4685955822627,15.3569795453772,-42.7782666720017));
#8535=CARTESIAN_POINT('Ctrl Pts',(33.3179247141944,14.9600673776306,-42.9431460727267));
#8536=CARTESIAN_POINT('Ctrl Pts',(33.7666185862767,14.8574697561565,-42.9853794332878));
#8537=CARTESIAN_POINT('Ctrl Pts',(30.999965884096,18.1015192643092,-41.0337068432392));
#8538=CARTESIAN_POINT('Ctrl Pts',(31.033891107513,17.5294150798446,-41.5026663941547));
#8539=CARTESIAN_POINT('Ctrl Pts',(31.3171708802361,16.5031162343357,-42.2016981968598));
#8540=CARTESIAN_POINT('Ctrl Pts',(32.4045041440802,15.2827894564127,-42.8130099224059));
#8541=CARTESIAN_POINT('Ctrl Pts',(33.2807554619186,14.8731932112829,-42.9790566790248));
#8542=CARTESIAN_POINT('Ctrl Pts',(33.7436595309816,14.7673451004836,-43.0216205804326));
#8543=CARTESIAN_POINT('',(31.5000000000473,17.7999999992919,-40.6615890774771));
#8544=CARTESIAN_POINT('',(33.85075885932,15.0691963393248,-42.5577225279696));
#8545=CARTESIAN_POINT('Ctrl Pts',(31.5000008154956,17.7999988756524,-40.6615876352893));
#8546=CARTESIAN_POINT('Ctrl Pts',(31.5312535106403,17.3319036130164,-41.1074943466276));
#8547=CARTESIAN_POINT('Ctrl Pts',(31.7752099662839,16.4919281703574,-41.7738419335545));
#8548=CARTESIAN_POINT('Ctrl Pts',(32.702911384833,15.4928905994086,-42.3576479125043));
#8549=CARTESIAN_POINT('Ctrl Pts',(33.4539839429802,15.156204441146,-42.5169032986082));
#8550=CARTESIAN_POINT('Ctrl Pts',(33.85075885932,15.0691963393249,-42.5577225279696));
#8551=CARTESIAN_POINT('Origin',(33.7436595309816,14.5808012801059,-42.5577225279696));
#8552=CARTESIAN_POINT('Ctrl Pts',(31.5000007371987,17.8000000481748,-40.6615890771275));
#8553=CARTESIAN_POINT('Ctrl Pts',(31.4998574565172,17.8021460842471,-40.6595447678383));
#8554=CARTESIAN_POINT('Ctrl Pts',(31.4997165822016,17.8042914118544,-40.6574994532183));
#8555=CARTESIAN_POINT('Ctrl Pts',(31.4995781109274,17.8064360233569,-40.65545313726));
#8556=CARTESIAN_POINT('Ctrl Pts',(33.8507588594755,15.0691963392907,-42.5577225279856));
#8557=CARTESIAN_POINT('Ctrl Pts',(34.175803736483,14.9979177967638,-42.5911623469797));
#8558=CARTESIAN_POINT('Ctrl Pts',(34.8551047440631,14.9637785287456,-42.6072895196995));
#8559=CARTESIAN_POINT('Ctrl Pts',(35.9250792327739,15.2817346911991,-42.3589350354364));
#8560=CARTESIAN_POINT('Ctrl Pts',(36.4884158524819,15.7281511544875,-41.9454182316288));
#8561=CARTESIAN_POINT('Ctrl Pts',(36.8761684815991,16.1646905445785,-41.5022424490061));
#8562=CARTESIAN_POINT('Ctrl Pts',(36.9938883754909,16.330617842595,-41.3272896508951));
#8563=CARTESIAN_POINT('Ctrl Pts',(37.0914310406667,16.4995666945756,-41.1419724127553));
#8564=CARTESIAN_POINT('Ctrl Pts',(33.8423919295091,15.0710311092429,-42.657169099715));
#8565=CARTESIAN_POINT('Ctrl Pts',(34.1715635731486,14.9979238158577,-42.6908295333037));
#8566=CARTESIAN_POINT('Ctrl Pts',(34.8626780790007,14.9622079030099,-42.7067038819099));
#8567=CARTESIAN_POINT('Ctrl Pts',(35.9576973670223,15.2944816886156,-42.4582831712964));
#8568=CARTESIAN_POINT('Ctrl Pts',(36.5311123946532,15.7637640109933,-42.0456531349908));
#8569=CARTESIAN_POINT('Ctrl Pts',(36.9202923296751,16.2213548190262,-41.6035468801086));
#8570=CARTESIAN_POINT('Ctrl Pts',(37.0374513855835,16.3951719401205,-41.4290551739536));
#8571=CARTESIAN_POINT('Ctrl Pts',(37.1330680157996,16.5716840509751,-41.2442462970889));
#8572=CARTESIAN_POINT('Ctrl Pts',(33.8124713320257,15.0144525504273,-42.8557791162918));
#8573=CARTESIAN_POINT('Ctrl Pts',(34.1567624274759,14.9363324859551,-42.8899118496127));
#8574=CARTESIAN_POINT('Ctrl Pts',(34.8849206630937,14.8978351707521,-42.9052624693605));
#8575=CARTESIAN_POINT('Ctrl Pts',(36.0532796399238,15.2590743525165,-42.6566699625928));
#8576=CARTESIAN_POINT('Ctrl Pts',(36.6686726938965,15.772554126529,-42.2456309221127));
#8577=CARTESIAN_POINT('Ctrl Pts',(37.0850271479063,16.2748866356465,-41.8054454832511));
#8578=CARTESIAN_POINT('Ctrl Pts',(37.2099028755747,16.4658722655274,-41.6317649773668));
#8579=CARTESIAN_POINT('Ctrl Pts',(37.3113978328751,16.660149938218,-41.4478492577573));
#8580=CARTESIAN_POINT('Ctrl Pts',(33.7666185864526,14.8574697561163,-42.9853794333044));
#8581=CARTESIAN_POINT('Ctrl Pts',(34.1342001195014,14.773462783177,-43.0200310409308));
#8582=CARTESIAN_POINT('Ctrl Pts',(34.9139632789915,14.7333786220636,-43.0360386473711));
#8583=CARTESIAN_POINT('Ctrl Pts',(36.1752543920643,15.1164885308419,-42.7810144248267));
#8584=CARTESIAN_POINT('Ctrl Pts',(36.8507289417194,15.6552924948945,-42.3563152117474));
#8585=CARTESIAN_POINT('Ctrl Pts',(37.3155790826801,16.1824192027209,-41.9009908372438));
#8586=CARTESIAN_POINT('Ctrl Pts',(37.4567353317918,16.3827478111517,-41.7212609255059));
#8587=CARTESIAN_POINT('Ctrl Pts',(37.5737018596321,16.5867802687663,-41.5308877524955));
#8588=CARTESIAN_POINT('Ctrl Pts',(33.7436595311631,14.7673451004421,-43.0216205804492));
#8589=CARTESIAN_POINT('Ctrl Pts',(34.1228785545361,14.6806324965815,-43.0564896649668));
#8590=CARTESIAN_POINT('Ctrl Pts',(34.9277777316416,14.639998057436,-43.0732758273896));
#8591=CARTESIAN_POINT('Ctrl Pts',(36.2320103310287,15.0316444737314,-42.8129383539501));
#8592=CARTESIAN_POINT('Ctrl Pts',(36.9332528601967,15.5782415970177,-42.3767221988194));
#8593=CARTESIAN_POINT('Ctrl Pts',(37.4172723196912,16.1115041984937,-41.9093524514605));
#8594=CARTESIAN_POINT('Ctrl Pts',(37.5647832104345,16.3139936690407,-41.7249029177828));
#8595=CARTESIAN_POINT('Ctrl Pts',(37.6874184675519,16.5199853621904,-41.5296745964108));
#8596=CARTESIAN_POINT('',(37.0914310406849,16.4995666946071,-41.1419724127553));
#8597=CARTESIAN_POINT('',(37.687418467552,16.5199853621904,-41.5296745964108));
#8598=CARTESIAN_POINT('Origin',(37.5244437425529,16.2495666945651,-41.1419724127553));
#8599=CARTESIAN_POINT('Ctrl Pts',(37.6874184675519,16.5199853621904,-41.5296745964108));
#8600=CARTESIAN_POINT('Ctrl Pts',(37.5647832104345,16.3139936690407,-41.7249029177828));
#8601=CARTESIAN_POINT('Ctrl Pts',(37.4172723196912,16.1115041984937,-41.9093524514605));
#8602=CARTESIAN_POINT('Ctrl Pts',(36.9332528601967,15.5782415970177,-42.3767221988194));
#8603=CARTESIAN_POINT('Ctrl Pts',(36.2320103310287,15.0316444737314,-42.8129383539501));
#8604=CARTESIAN_POINT('Ctrl Pts',(34.9277777316416,14.639998057436,-43.0732758273896));
#8605=CARTESIAN_POINT('Ctrl Pts',(34.1228785545361,14.6806324965815,-43.0564896649668));
#8606=CARTESIAN_POINT('Ctrl Pts',(33.7436595311631,14.7673451004421,-43.0216205804492));
#8607=CARTESIAN_POINT('Ctrl Pts',(33.8507588594755,15.0691963392907,-42.5577225279856));
#8608=CARTESIAN_POINT('Ctrl Pts',(34.175803736483,14.9979177967638,-42.5911623469797));
#8609=CARTESIAN_POINT('Ctrl Pts',(34.8551047440631,14.9637785287456,-42.6072895196995));
#8610=CARTESIAN_POINT('Ctrl Pts',(35.9250792327739,15.2817346911991,-42.3589350354364));
#8611=CARTESIAN_POINT('Ctrl Pts',(36.4884158524819,15.7281511544875,-41.9454182316288));
#8612=CARTESIAN_POINT('Ctrl Pts',(36.8761684815991,16.1646905445785,-41.5022424490061));
#8613=CARTESIAN_POINT('Ctrl Pts',(36.9938883754909,16.330617842595,-41.3272896508951));
#8614=CARTESIAN_POINT('Ctrl Pts',(37.0914310406667,16.4995666945756,-41.1419724127553));
#8615=CARTESIAN_POINT('Ctrl Pts',(37.0914310406679,16.4995666945777,-41.1419724127434));
#8616=CARTESIAN_POINT('Ctrl Pts',(37.2599519483473,16.791453468816,-40.8675445512084));
#8617=CARTESIAN_POINT('Ctrl Pts',(37.4189037300402,17.0667660306618,-40.5696360956546));
#8618=CARTESIAN_POINT('Ctrl Pts',(37.7749975256658,17.6835385769453,-39.8030485488333));
#8619=CARTESIAN_POINT('Ctrl Pts',(37.9612735675869,18.0061781457854,-39.3142320223788));
#8620=CARTESIAN_POINT('Ctrl Pts',(38.3693210300193,18.7129370826179,-37.9947682983766));
#8621=CARTESIAN_POINT('Ctrl Pts',(38.5552435930487,19.0349644080583,-37.1196975632516));
#8622=CARTESIAN_POINT('Ctrl Pts',(38.7579099265945,19.3859927947433,-35.4877183236105));
#8623=CARTESIAN_POINT('Ctrl Pts',(38.8000247609384,19.4589378275794,-34.7471772132937));
#8624=CARTESIAN_POINT('Ctrl Pts',(38.8200319176246,19.4935912394748,-33.6362880121565));
#8625=CARTESIAN_POINT('Ctrl Pts',(38.8203217653679,19.4940932704926,-33.2657923563236));
#8626=CARTESIAN_POINT('Ctrl Pts',(38.8203217653679,19.4940932704926,-32.8953941709928));
#8627=CARTESIAN_POINT('Ctrl Pts',(37.115223597886,16.5407766125214,-41.2004146323631));
#8628=CARTESIAN_POINT('Ctrl Pts',(37.2852415709981,16.8352563801514,-40.9241377021972));
#8629=CARTESIAN_POINT('Ctrl Pts',(37.4456421331089,17.11307830329,-40.6241414179598));
#8630=CARTESIAN_POINT('Ctrl Pts',(37.8050399091267,17.7355735114801,-39.8520827316846));
#8631=CARTESIAN_POINT('Ctrl Pts',(37.9931109737543,18.0613221508485,-39.359603599503));
#8632=CARTESIAN_POINT('Ctrl Pts',(38.4052756131898,18.7752122474342,-38.0300141986104));
#8633=CARTESIAN_POINT('Ctrl Pts',(38.5934315260225,19.101107848205,-37.1474723909316));
#8634=CARTESIAN_POINT('Ctrl Pts',(38.799000304577,19.4571634171112,-35.5011697071518));
#8635=CARTESIAN_POINT('Ctrl Pts',(38.841887283672,19.5314458438868,-34.754130783237));
#8636=CARTESIAN_POINT('Ctrl Pts',(38.8623538231062,19.5668949300421,-33.6374445208228));
#8637=CARTESIAN_POINT('Ctrl Pts',(38.8627139399769,19.5675186707589,-33.2658082533818));
#8638=CARTESIAN_POINT('Ctrl Pts',(38.8627123786762,19.5675159665067,-32.8953941709928));
#8639=CARTESIAN_POINT('Ctrl Pts',(37.1928117373932,16.6056607069131,-41.3170720028182));
#8640=CARTESIAN_POINT('Ctrl Pts',(37.3661839011182,16.9050990463422,-41.0370863220047));
#8641=CARTESIAN_POINT('Ctrl Pts',(37.5298466035727,17.1877100063926,-40.7329505252657));
#8642=CARTESIAN_POINT('Ctrl Pts',(37.8967586604429,17.821085828141,-39.9499080597768));
#8643=CARTESIAN_POINT('Ctrl Pts',(38.088919469941,18.1527275575903,-39.4502016530248));
#8644=CARTESIAN_POINT('Ctrl Pts',(38.5107332861111,18.8800131481633,-38.1002447896015));
#8645=CARTESIAN_POINT('Ctrl Pts',(38.7043296021731,19.2130458386846,-37.2028151649036));
#8646=CARTESIAN_POINT('Ctrl Pts',(38.9175280725724,19.577993693782,-35.5280437119893));
#8647=CARTESIAN_POINT('Ctrl Pts',(38.9627845766314,19.6544136166911,-34.7679146732586));
#8648=CARTESIAN_POINT('Ctrl Pts',(38.9848583394974,19.6911045128338,-33.6397888484849));
#8649=CARTESIAN_POINT('Ctrl Pts',(38.9854774280886,19.6918648627281,-33.2658065432045));
#8650=CARTESIAN_POINT('Ctrl Pts',(38.9854756254024,19.6918654982132,-32.8953941709928));
#8651=CARTESIAN_POINT('Ctrl Pts',(37.4063996485641,16.6362548871051,-41.4807728201305));
#8652=CARTESIAN_POINT('Ctrl Pts',(37.5854401518671,16.9416559580191,-41.1951245222817));
#8653=CARTESIAN_POINT('Ctrl Pts',(37.7546486998825,17.229878322974,-40.8846987058666));
#8654=CARTESIAN_POINT('Ctrl Pts',(38.1342935186699,17.8757691806352,-40.0853923804475));
#8655=CARTESIAN_POINT('Ctrl Pts',(38.3334735591235,18.2139086981898,-39.5750250401492));
#8656=CARTESIAN_POINT('Ctrl Pts',(38.7717957221217,18.9553439994122,-38.196009393234));
#8657=CARTESIAN_POINT('Ctrl Pts',(38.9750811504978,19.2948428444432,-37.2775813426143));
#8658=CARTESIAN_POINT('Ctrl Pts',(39.2028521626889,19.6654015036982,-35.5636566555751));
#8659=CARTESIAN_POINT('Ctrl Pts',(39.2530200567479,19.7419182511706,-34.7861918647583));
#8660=CARTESIAN_POINT('Ctrl Pts',(39.2786860043753,19.7778611571969,-33.6428256818566));
#8661=CARTESIAN_POINT('Ctrl Pts',(39.2799280059679,19.7784070122569,-33.2658405141159));
#8662=CARTESIAN_POINT('Ctrl Pts',(39.2799251576806,19.7783989033726,-32.8953941709928));
#8663=CARTESIAN_POINT('Ctrl Pts',(37.589947089341,16.5772381392678,-41.5307144444723));
#8664=CARTESIAN_POINT('Ctrl Pts',(37.7713397603292,16.8832454446888,-41.2424119846079));
#8665=CARTESIAN_POINT('Ctrl Pts',(37.9427843877271,17.1718179348951,-40.92926753538));
#8666=CARTESIAN_POINT('Ctrl Pts',(38.3274871971562,17.8180110941627,-40.123181720225));
#8667=CARTESIAN_POINT('Ctrl Pts',(38.5292911833936,18.1558751071815,-39.6089053307714));
#8668=CARTESIAN_POINT('Ctrl Pts',(38.9738000370854,18.8954461181468,-38.2195818494373));
#8669=CARTESIAN_POINT('Ctrl Pts',(39.1805142770329,19.2322300403768,-37.2946599007755));
#8670=CARTESIAN_POINT('Ctrl Pts',(39.4132424944704,19.5954841299677,-35.570741453368));
#8671=CARTESIAN_POINT('Ctrl Pts',(39.4650888711589,19.6681256541086,-34.7894743470968));
#8672=CARTESIAN_POINT('Ctrl Pts',(39.4920184276415,19.7008486159448,-33.6434110670084));
#8673=CARTESIAN_POINT('Ctrl Pts',(39.4934702065465,19.7007187946655,-33.2658006565912));
#8674=CARTESIAN_POINT('Ctrl Pts',(39.4934702699158,19.7007194558487,-32.8953941709928));
#8675=CARTESIAN_POINT('Ctrl Pts',(37.6874184675598,16.5199853622036,-41.5296745963983));
#8676=CARTESIAN_POINT('Ctrl Pts',(37.8690234369401,16.825029082977,-41.2405698628993));
#8677=CARTESIAN_POINT('Ctrl Pts',(38.0406045735117,17.1125027452029,-40.9266940916555));
#8678=CARTESIAN_POINT('Ctrl Pts',(38.4254708915796,17.7558893536909,-40.1191204581406));
#8679=CARTESIAN_POINT('Ctrl Pts',(38.6272246844334,18.0919209764954,-39.6042157467471));
#8680=CARTESIAN_POINT('Ctrl Pts',(39.0713560829162,18.8265968997322,-38.2139746730348));
#8681=CARTESIAN_POINT('Ctrl Pts',(39.2775420196974,19.1596648868104,-37.2891072592557));
#8682=CARTESIAN_POINT('Ctrl Pts',(39.5089739477459,19.5159520567291,-35.5670887147151));
#8683=CARTESIAN_POINT('Ctrl Pts',(39.5601845419045,19.5857114226488,-34.78741188346));
#8684=CARTESIAN_POINT('Ctrl Pts',(39.5866053513376,19.6161547840632,-33.6430493433873));
#8685=CARTESIAN_POINT('Ctrl Pts',(39.5879628505523,19.6156088759458,-33.2657926902002));
#8686=CARTESIAN_POINT('Ctrl Pts',(39.5879629039057,19.6156088278898,-32.8953941709928));
#8687=CARTESIAN_POINT('',(38.8203217653679,19.4940932704926,-32.8953941709928));
#8688=CARTESIAN_POINT('',(39.5879629039057,19.6156088278898,-32.8953941709928));
#8689=CARTESIAN_POINT('Origin',(39.2533344672601,19.2440932704926,-32.8953941709928));
#8690=CARTESIAN_POINT('Ctrl Pts',(39.5879629039057,19.6156088278898,-32.8953941709928));
#8691=CARTESIAN_POINT('Ctrl Pts',(39.5879628505523,19.6156088759458,-33.2657926902002));
#8692=CARTESIAN_POINT('Ctrl Pts',(39.5866053513376,19.6161547840632,-33.6430493433873));
#8693=CARTESIAN_POINT('Ctrl Pts',(39.5601845419045,19.5857114226488,-34.78741188346));
#8694=CARTESIAN_POINT('Ctrl Pts',(39.5089739477459,19.5159520567291,-35.5670887147151));
#8695=CARTESIAN_POINT('Ctrl Pts',(39.2775420196974,19.1596648868104,-37.2891072592557));
#8696=CARTESIAN_POINT('Ctrl Pts',(39.0713560829162,18.8265968997322,-38.2139746730348));
#8697=CARTESIAN_POINT('Ctrl Pts',(38.6272246844334,18.0919209764954,-39.6042157467471));
#8698=CARTESIAN_POINT('Ctrl Pts',(38.4254708915796,17.7558893536909,-40.1191204581406));
#8699=CARTESIAN_POINT('Ctrl Pts',(38.0406045735117,17.1125027452029,-40.9266940916555));
#8700=CARTESIAN_POINT('Ctrl Pts',(37.8690234369401,16.825029082977,-41.2405698628993));
#8701=CARTESIAN_POINT('Ctrl Pts',(37.6874184675598,16.5199853622036,-41.5296745963983));
#8702=CARTESIAN_POINT('Ctrl Pts',(37.0914310406679,16.4995666945777,-41.1419724127434));
#8703=CARTESIAN_POINT('Ctrl Pts',(37.2599519483473,16.791453468816,-40.8675445512084));
#8704=CARTESIAN_POINT('Ctrl Pts',(37.4189037300402,17.0667660306618,-40.5696360956546));
#8705=CARTESIAN_POINT('Ctrl Pts',(37.7749975256658,17.6835385769453,-39.8030485488333));
#8706=CARTESIAN_POINT('Ctrl Pts',(37.9612735675869,18.0061781457854,-39.3142320223788));
#8707=CARTESIAN_POINT('Ctrl Pts',(38.3693210300193,18.7129370826179,-37.9947682983766));
#8708=CARTESIAN_POINT('Ctrl Pts',(38.5552435930487,19.0349644080583,-37.1196975632516));
#8709=CARTESIAN_POINT('Ctrl Pts',(38.7579099265945,19.3859927947433,-35.4877183236105));
#8710=CARTESIAN_POINT('Ctrl Pts',(38.8000247609384,19.4589378275794,-34.7471772132937));
#8711=CARTESIAN_POINT('Ctrl Pts',(38.8200319176246,19.4935912394748,-33.6362880121565));
#8712=CARTESIAN_POINT('Ctrl Pts',(38.8203217653679,19.4940932704926,-33.2657923563236));
#8713=CARTESIAN_POINT('Ctrl Pts',(38.8203217653679,19.4940932704926,-32.8953941709928));
#8714=CARTESIAN_POINT('Ctrl Pts',(38.8203217653679,19.4940932704926,-32.8953941709928));
#8715=CARTESIAN_POINT('Ctrl Pts',(38.8203217653679,19.4940932704926,-32.2635961139952));
#8716=CARTESIAN_POINT('Ctrl Pts',(38.8203217653679,19.4940932704926,-31.6317980569976));
#8717=CARTESIAN_POINT('Ctrl Pts',(38.8203217653679,19.4940932704926,-31.));
#8718=CARTESIAN_POINT('Ctrl Pts',(38.8627123786762,19.5675159665067,-32.8953941709928));
#8719=CARTESIAN_POINT('Ctrl Pts',(38.8627123786762,19.5675159665067,-32.2635961139952));
#8720=CARTESIAN_POINT('Ctrl Pts',(38.8627123786762,19.5675159665067,-31.6317980569976));
#8721=CARTESIAN_POINT('Ctrl Pts',(38.8627123786762,19.5675159665067,-31.));
#8722=CARTESIAN_POINT('Ctrl Pts',(38.9854757610128,19.6918666046226,-32.8953941709928));
#8723=CARTESIAN_POINT('Ctrl Pts',(38.9854757610128,19.6918666046226,-32.2635961139952));
#8724=CARTESIAN_POINT('Ctrl Pts',(38.9854757610128,19.6918666046226,-31.6317980569976));
#8725=CARTESIAN_POINT('Ctrl Pts',(38.9854757610128,19.6918666046226,-31.));
#8726=CARTESIAN_POINT('Ctrl Pts',(39.2799257636301,19.7784009497359,-32.8953941709928));
#8727=CARTESIAN_POINT('Ctrl Pts',(39.2799257636301,19.7784009497359,-32.2635961139952));
#8728=CARTESIAN_POINT('Ctrl Pts',(39.2799257636301,19.7784009497359,-31.6317980569976));
#8729=CARTESIAN_POINT('Ctrl Pts',(39.2799257636301,19.7784009497359,-31.));
#8730=CARTESIAN_POINT('Ctrl Pts',(39.4934702699158,19.7007194558487,-32.8953941709928));
#8731=CARTESIAN_POINT('Ctrl Pts',(39.4934702699158,19.7007194558487,-32.2635961139952));
#8732=CARTESIAN_POINT('Ctrl Pts',(39.4934702699158,19.7007194558487,-31.6317980569976));
#8733=CARTESIAN_POINT('Ctrl Pts',(39.4934702699158,19.7007194558487,-31.));
#8734=CARTESIAN_POINT('Ctrl Pts',(39.5879629039057,19.6156088278898,-32.8953941709928));
#8735=CARTESIAN_POINT('Ctrl Pts',(39.5879629039057,19.6156088278898,-32.2635961139952));
#8736=CARTESIAN_POINT('Ctrl Pts',(39.5879629039057,19.6156088278898,-31.6317980569976));
#8737=CARTESIAN_POINT('Ctrl Pts',(39.5879629039057,19.6156088278898,-31.));
#8738=CARTESIAN_POINT('',(39.5879629039057,19.6156088278898,-31.));
#8739=CARTESIAN_POINT('',(38.8203217653679,19.4940932704926,-31.));
#8740=CARTESIAN_POINT('Ctrl Pts',(39.5879629039057,19.6156088278898,-31.));
#8741=CARTESIAN_POINT('Ctrl Pts',(39.4934702699158,19.7007194558487,-31.));
#8742=CARTESIAN_POINT('Ctrl Pts',(39.3653435661444,19.747328352181,-31.));
#8743=CARTESIAN_POINT('Ctrl Pts',(39.2383771696771,19.7437202219705,-31.));
#8744=CARTESIAN_POINT('Ctrl Pts',(39.1537329053656,19.7413148018302,-31.));
#8745=CARTESIAN_POINT('Ctrl Pts',(39.0696043331892,19.7165907032264,-31.));
#8746=CARTESIAN_POINT('Ctrl Pts',(38.9968492015169,19.6731409943955,-31.));
#8747=CARTESIAN_POINT('Ctrl Pts',(38.9240940698445,19.6296912855647,-31.));
#8748=CARTESIAN_POINT('Ctrl Pts',(38.8627123786762,19.5675159665067,-31.));
#8749=CARTESIAN_POINT('Ctrl Pts',(38.8203217653679,19.4940932704926,-31.));
#8750=CARTESIAN_POINT('Ctrl Pts',(39.5879629039057,19.6156088278898,-31.));
#8751=CARTESIAN_POINT('Ctrl Pts',(39.5879629039057,19.6156088278898,-31.6317980569976));
#8752=CARTESIAN_POINT('Ctrl Pts',(39.5879629039057,19.6156088278898,-32.2635961139952));
#8753=CARTESIAN_POINT('Ctrl Pts',(39.5879629039057,19.6156088278898,-32.8953941709928));
#8754=CARTESIAN_POINT('Ctrl Pts',(38.8203217653679,19.4940932704926,-32.8953941709928));
#8755=CARTESIAN_POINT('Ctrl Pts',(38.8203217653679,19.4940932704926,-32.2635961139952));
#8756=CARTESIAN_POINT('Ctrl Pts',(38.8203217653679,19.4940932704926,-31.6317980569976));
#8757=CARTESIAN_POINT('Ctrl Pts',(38.8203217653679,19.4940932704926,-31.));
#8758=CARTESIAN_POINT('Origin',(39.1221056985755,20.0167983757163,-28.));
#8759=CARTESIAN_POINT('',(37.0914310407031,16.4995666946386,-31.));
#8760=CARTESIAN_POINT('',(37.0914310407031,16.4995666946386,-28.));
#8761=CARTESIAN_POINT('',(38.3872358022396,18.7439663783095,-31.));
#8762=CARTESIAN_POINT('Origin',(34.4933548293497,17.9995666946386,-28.));
#8763=CARTESIAN_POINT('',(31.5000000000001,17.8,-31.));
#8764=CARTESIAN_POINT('',(31.5000000000001,17.8,-28.));
#8765=CARTESIAN_POINT('Origin',(34.4933548293497,17.9995666946386,-31.));
#8766=CARTESIAN_POINT('Origin',(27.5000000000001,17.8,-28.));
#8767=CARTESIAN_POINT('',(31.4934905923701,18.0281071867607,-31.));
#8768=CARTESIAN_POINT('',(31.4934905923701,18.0281071867607,-28.));
#8769=CARTESIAN_POINT('Origin',(27.5000000000001,17.8,-31.));
#8770=CARTESIAN_POINT('Origin',(34.4933548293497,17.9995666946386,-28.));
#8771=CARTESIAN_POINT('',(31.8952786179964,19.4995666946386,-31.));
#8772=CARTESIAN_POINT('',(31.8952786179964,19.4995666946386,-28.));
#8773=CARTESIAN_POINT('Origin',(34.4933548293497,17.9995666946386,-31.));
#8774=CARTESIAN_POINT('Origin',(31.8952786179964,19.4995666946386,-28.));
#8775=CARTESIAN_POINT('',(32.1757460505967,19.9853505377707,-31.));
#8776=CARTESIAN_POINT('Ctrl Pts',(38.8203217653679,-19.4940932704926,-31.));
#8777=CARTESIAN_POINT('Ctrl Pts',(38.8203217653679,-19.4940932704926,-31.6317980569976));
#8778=CARTESIAN_POINT('Ctrl Pts',(38.8203217653679,-19.4940932704926,-32.2635961139952));
#8779=CARTESIAN_POINT('Ctrl Pts',(38.8203217653679,-19.4940932704926,-32.8953941709928));
#8780=CARTESIAN_POINT('Ctrl Pts',(38.8627123786763,-19.5675159665067,-31.));
#8781=CARTESIAN_POINT('Ctrl Pts',(38.8627123786763,-19.5675159665067,-31.6317980569976));
#8782=CARTESIAN_POINT('Ctrl Pts',(38.8627123786763,-19.5675159665067,-32.2635961139952));
#8783=CARTESIAN_POINT('Ctrl Pts',(38.8627123786763,-19.5675159665067,-32.8953941709928));
#8784=CARTESIAN_POINT('Ctrl Pts',(38.9854757610129,-19.6918666046226,-31.));
#8785=CARTESIAN_POINT('Ctrl Pts',(38.9854757610129,-19.6918666046226,-31.6317980569976));
#8786=CARTESIAN_POINT('Ctrl Pts',(38.9854757610129,-19.6918666046226,-32.2635961139952));
#8787=CARTESIAN_POINT('Ctrl Pts',(38.9854757610129,-19.6918666046226,-32.8953941709928));
#8788=CARTESIAN_POINT('Ctrl Pts',(39.2799257636302,-19.7784009497358,-31.));
#8789=CARTESIAN_POINT('Ctrl Pts',(39.2799257636302,-19.7784009497358,-31.6317980569976));
#8790=CARTESIAN_POINT('Ctrl Pts',(39.2799257636302,-19.7784009497358,-32.2635961139952));
#8791=CARTESIAN_POINT('Ctrl Pts',(39.2799257636302,-19.7784009497358,-32.8953941709928));
#8792=CARTESIAN_POINT('Ctrl Pts',(39.4934702699158,-19.7007194558487,-31.));
#8793=CARTESIAN_POINT('Ctrl Pts',(39.4934702699158,-19.7007194558487,-31.6317980569976));
#8794=CARTESIAN_POINT('Ctrl Pts',(39.4934702699158,-19.7007194558487,-32.2635961139952));
#8795=CARTESIAN_POINT('Ctrl Pts',(39.4934702699158,-19.7007194558487,-32.8953941709928));
#8796=CARTESIAN_POINT('Ctrl Pts',(39.5879629039058,-19.6156088278897,-31.));
#8797=CARTESIAN_POINT('Ctrl Pts',(39.5879629039058,-19.6156088278897,-31.6317980569976));
#8798=CARTESIAN_POINT('Ctrl Pts',(39.5879629039058,-19.6156088278897,-32.2635961139952));
#8799=CARTESIAN_POINT('Ctrl Pts',(39.5879629039058,-19.6156088278897,-32.8953941709928));
#8800=CARTESIAN_POINT('',(39.5879629039058,-19.6156088278897,-31.));
#8801=CARTESIAN_POINT('',(38.8203217653679,-19.4940932704926,-31.));
#8802=CARTESIAN_POINT('Ctrl Pts',(38.8203217653679,-19.4940932704926,-31.));
#8803=CARTESIAN_POINT('Ctrl Pts',(38.8627123786763,-19.5675159665067,-31.));
#8804=CARTESIAN_POINT('Ctrl Pts',(38.9240940698446,-19.6296912855646,-31.));
#8805=CARTESIAN_POINT('Ctrl Pts',(38.9968492015169,-19.6731409943955,-31.));
#8806=CARTESIAN_POINT('Ctrl Pts',(39.0696043331893,-19.7165907032264,-31.));
#8807=CARTESIAN_POINT('Ctrl Pts',(39.1537329053656,-19.7413148018302,-31.));
#8808=CARTESIAN_POINT('Ctrl Pts',(39.2383771696772,-19.7437202219705,-31.));
#8809=CARTESIAN_POINT('Ctrl Pts',(39.3653435661445,-19.747328352181,-31.));
#8810=CARTESIAN_POINT('Ctrl Pts',(39.4934702699158,-19.7007194558487,-31.));
#8811=CARTESIAN_POINT('Ctrl Pts',(39.5879629039058,-19.6156088278897,-31.));
#8812=CARTESIAN_POINT('',(38.8203217653679,-19.4940932704926,-32.8953941709928));
#8813=CARTESIAN_POINT('Ctrl Pts',(38.8203217653679,-19.4940932704926,-31.));
#8814=CARTESIAN_POINT('Ctrl Pts',(38.8203217653679,-19.4940932704926,-31.6317980569976));
#8815=CARTESIAN_POINT('Ctrl Pts',(38.8203217653679,-19.4940932704926,-32.2635961139952));
#8816=CARTESIAN_POINT('Ctrl Pts',(38.8203217653679,-19.4940932704926,-32.8953941709928));
#8817=CARTESIAN_POINT('',(39.5879629039058,-19.6156088278897,-32.8953941709928));
#8818=CARTESIAN_POINT('Origin',(39.2533344672602,-19.2440932704926,-32.8953941709928));
#8819=CARTESIAN_POINT('Ctrl Pts',(39.5879629039058,-19.6156088278897,-32.8953941709928));
#8820=CARTESIAN_POINT('Ctrl Pts',(39.5879629039058,-19.6156088278897,-32.2635961139952));
#8821=CARTESIAN_POINT('Ctrl Pts',(39.5879629039058,-19.6156088278897,-31.6317980569976));
#8822=CARTESIAN_POINT('Ctrl Pts',(39.5879629039058,-19.6156088278897,-31.));
#8823=CARTESIAN_POINT('Ctrl Pts',(38.8203217653679,-19.4940932704926,-32.8953941709928));
#8824=CARTESIAN_POINT('Ctrl Pts',(38.820321765368,-19.4940932704926,-33.2718911763351));
#8825=CARTESIAN_POINT('Ctrl Pts',(38.8200175595809,-19.4935663706134,-33.6485016200653));
#8826=CARTESIAN_POINT('Ctrl Pts',(38.799372116591,-19.4578074144103,-34.7594099684507));
#8827=CARTESIAN_POINT('Ctrl Pts',(38.7571537140622,-19.3846829962159,-35.4938418211989));
#8828=CARTESIAN_POINT('Ctrl Pts',(38.5552509792867,-19.0349772013977,-37.1195525301476));
#8829=CARTESIAN_POINT('Ctrl Pts',(38.369435300253,-18.7131350044684,-37.9941972266419));
#8830=CARTESIAN_POINT('Ctrl Pts',(37.9616010999552,-18.0067454484884,-39.3133006509506));
#8831=CARTESIAN_POINT('Ctrl Pts',(37.7753977213609,-17.6842317362221,-39.8020528766722));
#8832=CARTESIAN_POINT('Ctrl Pts',(37.4192453277037,-17.0673576951707,-40.5689958899444));
#8833=CARTESIAN_POINT('Ctrl Pts',(37.2601324287129,-16.7917660699789,-40.8672506457447));
#8834=CARTESIAN_POINT('Ctrl Pts',(37.0914310406607,-16.4995666945652,-41.1419724102646));
#8835=CARTESIAN_POINT('Ctrl Pts',(38.8627123786763,-19.5675159665067,-32.8953941709928));
#8836=CARTESIAN_POINT('Ctrl Pts',(38.8627138046591,-19.5675184363814,-33.2719069291087));
#8837=CARTESIAN_POINT('Ctrl Pts',(38.8623375283223,-19.5668667066483,-33.6496974752101));
#8838=CARTESIAN_POINT('Ctrl Pts',(38.8412223956793,-19.530294224102,-34.766472869471));
#8839=CARTESIAN_POINT('Ctrl Pts',(38.7982331039699,-19.4558345866801,-35.5073462501595));
#8840=CARTESIAN_POINT('Ctrl Pts',(38.5934391750998,-19.1011210967953,-37.147326461593));
#8841=CARTESIAN_POINT('Ctrl Pts',(38.4053912217396,-18.7754124873162,-38.0294380422261));
#8842=CARTESIAN_POINT('Ctrl Pts',(37.9934417148452,-18.0618950112222,-39.3586654007954));
#8843=CARTESIAN_POINT('Ctrl Pts',(37.8054439128749,-17.7362732664984,-39.8510796011059));
#8844=CARTESIAN_POINT('Ctrl Pts',(37.4459868361483,-17.1136753464677,-40.623496828596));
#8845=CARTESIAN_POINT('Ctrl Pts',(37.2854236477415,-16.8355717463219,-40.9238417730863));
#8846=CARTESIAN_POINT('Ctrl Pts',(37.1152235978858,-16.5407766125211,-41.2004146299584));
#8847=CARTESIAN_POINT('Ctrl Pts',(38.9854756254011,-19.6918654982017,-32.8953941709927));
#8848=CARTESIAN_POINT('Ctrl Pts',(38.9854773480759,-19.6918647282238,-33.2719050462938));
#8849=CARTESIAN_POINT('Ctrl Pts',(38.9848336591527,-19.6910721519095,-33.652120102814));
#8850=CARTESIAN_POINT('Ctrl Pts',(38.9620824659595,-19.6532291526141,-34.7804767579594));
#8851=CARTESIAN_POINT('Ctrl Pts',(38.9167321468685,-19.5766317398998,-35.5343260868626));
#8852=CARTESIAN_POINT('Ctrl Pts',(38.7043377729415,-19.2130595937059,-37.2026667705094));
#8853=CARTESIAN_POINT('Ctrl Pts',(38.5108521184962,-18.880218130126,-38.0996590546511));
#8854=CARTESIAN_POINT('Ctrl Pts',(38.0892577397857,-18.1533106058269,-39.4492495154032));
#8855=CARTESIAN_POINT('Ctrl Pts',(37.8971713808501,-17.8217981716604,-39.9488903446737));
#8856=CARTESIAN_POINT('Ctrl Pts',(37.5301983565012,-17.1883172412823,-40.7322970215511));
#8857=CARTESIAN_POINT('Ctrl Pts',(37.3663695611248,-16.9054197695755,-41.0367864297392));
#8858=CARTESIAN_POINT('Ctrl Pts',(37.1928117374619,-16.6056607069002,-41.3170720005556));
#8859=CARTESIAN_POINT('Ctrl Pts',(39.2799251576744,-19.7783989033514,-32.8953941709928));
#8860=CARTESIAN_POINT('Ctrl Pts',(39.2799276458563,-19.7784063120449,-33.2719388152024));
#8861=CARTESIAN_POINT('Ctrl Pts',(39.2786412571825,-19.7778379972368,-33.6552596129704));
#8862=CARTESIAN_POINT('Ctrl Pts',(39.2522378557679,-19.7407352556842,-34.7990449723577));
#8863=CARTESIAN_POINT('Ctrl Pts',(39.2020015092948,-19.6640179572689,-35.570084308708));
#8864=CARTESIAN_POINT('Ctrl Pts',(38.9750903051844,-19.2948573425326,-37.2774303116565));
#8865=CARTESIAN_POINT('Ctrl Pts',(38.7719207903693,-18.9555523969387,-38.1954095757547));
#8866=CARTESIAN_POINT('Ctrl Pts',(38.3338243007893,-18.2145033534623,-39.5740530307469));
#8867=CARTESIAN_POINT('Ctrl Pts',(38.1347211712402,-17.8764954004876,-40.0843529101838));
#8868=CARTESIAN_POINT('Ctrl Pts',(37.7550122800635,-17.2304976600547,-40.884031923658));
#8869=CARTESIAN_POINT('Ctrl Pts',(37.5856319017321,-16.9419829994394,-41.1948184715501));
#8870=CARTESIAN_POINT('Ctrl Pts',(37.4063996488681,-16.636254886931,-41.480772818));
#8871=CARTESIAN_POINT('Ctrl Pts',(39.4934702699159,-19.7007194558487,-32.8953941709928));
#8872=CARTESIAN_POINT('Ctrl Pts',(39.4934701969214,-19.700718723692,-33.2718992216032));
#8873=CARTESIAN_POINT('Ctrl Pts',(39.4919662076652,-19.7008473107399,-33.6558623236336));
#8874=CARTESIAN_POINT('Ctrl Pts',(39.464280517806,-19.6670082756816,-34.8023894885411));
#8875=CARTESIAN_POINT('Ctrl Pts',(39.4123733436766,-19.5941286761484,-35.577207018798));
#8876=CARTESIAN_POINT('Ctrl Pts',(39.1805235456246,-19.2322436622093,-37.2945072660467));
#8877=CARTESIAN_POINT('Ctrl Pts',(38.9739271032709,-18.8956531194586,-38.2189785938178));
#8878=CARTESIAN_POINT('Ctrl Pts',(38.5296468616916,-18.1564686008669,-39.6079255527652));
#8879=CARTESIAN_POINT('Ctrl Pts',(38.3279205666922,-17.8187370017994,-40.1221342939124));
#8880=CARTESIAN_POINT('Ctrl Pts',(37.9431528420819,-17.1724379624013,-40.9285946636276));
#8881=CARTESIAN_POINT('Ctrl Pts',(37.7715340311102,-16.8835731947111,-41.2421032030355));
#8882=CARTESIAN_POINT('Ctrl Pts',(37.5899470898074,-16.577238138878,-41.5307144422606));
#8883=CARTESIAN_POINT('Ctrl Pts',(39.5879629039058,-19.6156088278897,-32.8953941709928));
#8884=CARTESIAN_POINT('Ctrl Pts',(39.5879628500978,-19.6156088763552,-33.2718915130561));
#8885=CARTESIAN_POINT('Ctrl Pts',(39.5865562704775,-19.616167299429,-33.6554877160937));
#8886=CARTESIAN_POINT('Ctrl Pts',(39.5593866999487,-19.5846416899,-34.8002992764823));
#8887=CARTESIAN_POINT('Ctrl Pts',(39.5081096865024,-19.51462272525,-35.5735475468169));
#8888=CARTESIAN_POINT('Ctrl Pts',(39.2775511479684,-19.1596780333723,-37.2889546588399));
#8889=CARTESIAN_POINT('Ctrl Pts',(39.0714827818105,-18.8268012951809,-38.2133716362379));
#8890=CARTESIAN_POINT('Ctrl Pts',(38.6275802115156,-18.0925111683747,-39.6032349339034));
#8891=CARTESIAN_POINT('Ctrl Pts',(38.4259042348415,-17.756611490189,-40.1180716214123));
#8892=CARTESIAN_POINT('Ctrl Pts',(38.040973326822,-17.1131204763982,-40.9260196244391));
#8893=CARTESIAN_POINT('Ctrl Pts',(37.8692179319866,-16.8253557709038,-41.2402602408348));
#8894=CARTESIAN_POINT('Ctrl Pts',(37.6874184680609,-16.5199853616787,-41.5296745940632));
#8895=CARTESIAN_POINT('',(37.0914310406819,-16.4995666946019,-41.1419724102646));
#8896=CARTESIAN_POINT('',(37.6874184680609,-16.5199853616787,-41.5296745940632));
#8897=CARTESIAN_POINT('Origin',(37.5244437425529,-16.2495666945652,-41.1419724102646));
#8898=CARTESIAN_POINT('Ctrl Pts',(37.6874184680609,-16.5199853616787,-41.5296745940632));
#8899=CARTESIAN_POINT('Ctrl Pts',(37.8692179319866,-16.8253557709038,-41.2402602408348));
#8900=CARTESIAN_POINT('Ctrl Pts',(38.040973326822,-17.1131204763982,-40.9260196244391));
#8901=CARTESIAN_POINT('Ctrl Pts',(38.4259042348415,-17.756611490189,-40.1180716214123));
#8902=CARTESIAN_POINT('Ctrl Pts',(38.6275802115156,-18.0925111683747,-39.6032349339034));
#8903=CARTESIAN_POINT('Ctrl Pts',(39.0714827818105,-18.8268012951809,-38.2133716362379));
#8904=CARTESIAN_POINT('Ctrl Pts',(39.2775511479684,-19.1596780333723,-37.2889546588399));
#8905=CARTESIAN_POINT('Ctrl Pts',(39.5081096865024,-19.51462272525,-35.5735475468169));
#8906=CARTESIAN_POINT('Ctrl Pts',(39.5593866999487,-19.5846416899,-34.8002992764823));
#8907=CARTESIAN_POINT('Ctrl Pts',(39.5865562704775,-19.616167299429,-33.6554877160937));
#8908=CARTESIAN_POINT('Ctrl Pts',(39.5879628500978,-19.6156088763552,-33.2718915130561));
#8909=CARTESIAN_POINT('Ctrl Pts',(39.5879629039058,-19.6156088278897,-32.8953941709928));
#8910=CARTESIAN_POINT('Ctrl Pts',(38.8203217653679,-19.4940932704926,-32.8953941709928));
#8911=CARTESIAN_POINT('Ctrl Pts',(38.820321765368,-19.4940932704926,-33.2718911763351));
#8912=CARTESIAN_POINT('Ctrl Pts',(38.8200175595809,-19.4935663706134,-33.6485016200653));
#8913=CARTESIAN_POINT('Ctrl Pts',(38.799372116591,-19.4578074144103,-34.7594099684507));
#8914=CARTESIAN_POINT('Ctrl Pts',(38.7571537140622,-19.3846829962159,-35.4938418211989));
#8915=CARTESIAN_POINT('Ctrl Pts',(38.5552509792867,-19.0349772013977,-37.1195525301476));
#8916=CARTESIAN_POINT('Ctrl Pts',(38.369435300253,-18.7131350044684,-37.9941972266419));
#8917=CARTESIAN_POINT('Ctrl Pts',(37.9616010999552,-18.0067454484884,-39.3133006509506));
#8918=CARTESIAN_POINT('Ctrl Pts',(37.7753977213609,-17.6842317362221,-39.8020528766722));
#8919=CARTESIAN_POINT('Ctrl Pts',(37.4192453277037,-17.0673576951707,-40.5689958899444));
#8920=CARTESIAN_POINT('Ctrl Pts',(37.2601324287129,-16.7917660699789,-40.8672506457447));
#8921=CARTESIAN_POINT('Ctrl Pts',(37.0914310406607,-16.4995666945652,-41.1419724102646));
#8922=CARTESIAN_POINT('Ctrl Pts',(37.0914310406668,-16.4995666945757,-41.1419724102646));
#8923=CARTESIAN_POINT('Ctrl Pts',(36.994107459677,-16.3309973075363,-41.3268734193252));
#8924=CARTESIAN_POINT('Ctrl Pts',(36.8766893289025,-16.1654280026101,-41.5014648854705));
#8925=CARTESIAN_POINT('Ctrl Pts',(36.4894072590908,-15.7290032857263,-41.9446055049611));
#8926=CARTESIAN_POINT('Ctrl Pts',(35.925973833936,-15.2821399656553,-42.3586053003598));
#8927=CARTESIAN_POINT('Ctrl Pts',(34.8556084970924,-14.9637943313699,-42.6072801445066));
#8928=CARTESIAN_POINT('Ctrl Pts',(34.1759735798844,-14.99788055209,-42.5911798200524));
#8929=CARTESIAN_POINT('Ctrl Pts',(33.8507588594676,-15.0691963392925,-42.5577225279849));
#8930=CARTESIAN_POINT('Ctrl Pts',(37.133068015812,-16.5716840509968,-41.2442462947277));
#8931=CARTESIAN_POINT('Ctrl Pts',(37.0376663876374,-16.395568963447,-41.4286401088193));
#8932=CARTESIAN_POINT('Ctrl Pts',(36.9208098372539,-16.2221267754474,-41.6027713362521));
#8933=CARTESIAN_POINT('Ctrl Pts',(36.5321188929723,-15.7646604516696,-42.0448422239687));
#8934=CARTESIAN_POINT('Ctrl Pts',(35.9586135572415,-15.2949058492051,-42.4579537390031));
#8935=CARTESIAN_POINT('Ctrl Pts',(34.8631921519429,-14.9622238707079,-42.7066942015949));
#8936=CARTESIAN_POINT('Ctrl Pts',(34.1717355675894,-14.9978852999728,-42.6908471058121));
#8937=CARTESIAN_POINT('Ctrl Pts',(33.8423919295011,-15.0710311092446,-42.6571690997142));
#8938=CARTESIAN_POINT('Ctrl Pts',(37.311397833088,-16.6601499381778,-41.4478492556503));
#8939=CARTESIAN_POINT('Ctrl Pts',(37.2101305327069,-16.4663089507211,-41.6313521634798));
#8940=CARTESIAN_POINT('Ctrl Pts',(37.0855795158061,-16.2757352353891,-41.8046734074367));
#8941=CARTESIAN_POINT('Ctrl Pts',(36.6697500922599,-15.7735352523274,-42.2448236816048));
#8942=CARTESIAN_POINT('Ctrl Pts',(36.0542614426453,-15.2595367898193,-42.6563408868024));
#8943=CARTESIAN_POINT('Ctrl Pts',(34.8854639153044,-14.8978519971194,-42.9052522611201));
#8944=CARTESIAN_POINT('Ctrl Pts',(34.1569419566934,-14.9362916150808,-42.8899295935424));
#8945=CARTESIAN_POINT('Ctrl Pts',(33.8124713320173,-15.0144525504292,-42.855779116291));
#8946=CARTESIAN_POINT('Ctrl Pts',(37.5737018601005,-16.5867802684123,-41.5308877502919));
#8947=CARTESIAN_POINT('Ctrl Pts',(37.4569974327111,-16.383205892239,-41.7208336307455));
#8948=CARTESIAN_POINT('Ctrl Pts',(37.31620440964,-16.1833097994439,-41.9001918312997));
#8949=CARTESIAN_POINT('Ctrl Pts',(36.8519147213141,-15.6563206955681,-42.3554808745382));
#8950=CARTESIAN_POINT('Ctrl Pts',(36.1763189644819,-15.1169773804481,-42.7806758714838));
#8951=CARTESIAN_POINT('Ctrl Pts',(34.9145455104706,-14.7333976704378,-43.0360287601235));
#8952=CARTESIAN_POINT('Ctrl Pts',(34.1343917200363,-14.7734191568837,-43.0200490611005));
#8953=CARTESIAN_POINT('Ctrl Pts',(33.7666185864436,-14.8574697561184,-42.9853794333036));
#8954=CARTESIAN_POINT('Ctrl Pts',(37.6874184680609,-16.5199853616787,-41.5296745940632));
#8955=CARTESIAN_POINT('Ctrl Pts',(37.5650586528978,-16.3144563352441,-41.7244644245744));
#8956=CARTESIAN_POINT('Ctrl Pts',(37.4179251400199,-16.11240415268,-41.9085326554209));
#8957=CARTESIAN_POINT('Ctrl Pts',(36.9344862462576,-15.5792841752251,-42.37586472355));
#8958=CARTESIAN_POINT('Ctrl Pts',(36.2331120443932,-15.0321425782786,-42.8125919710521));
#8959=CARTESIAN_POINT('Ctrl Pts',(34.9283793698692,-14.6400184093643,-43.0732663375254));
#8960=CARTESIAN_POINT('Ctrl Pts',(34.1230767051505,-14.6805871872551,-43.0565078848641));
#8961=CARTESIAN_POINT('Ctrl Pts',(33.7436595311539,-14.7673451004442,-43.0216205804484));
#8962=CARTESIAN_POINT('',(33.8507588594676,-15.0691963392925,-42.5577225279849));
#8963=CARTESIAN_POINT('',(33.7436595311653,-14.7673451004449,-43.0216205804481));
#8964=CARTESIAN_POINT('Origin',(33.7436595311539,-14.5808012800681,-42.5577225279849));
#8965=CARTESIAN_POINT('Ctrl Pts',(33.7436595311539,-14.7673451004442,-43.0216205804484));
#8966=CARTESIAN_POINT('Ctrl Pts',(34.1230767051505,-14.6805871872551,-43.0565078848641));
#8967=CARTESIAN_POINT('Ctrl Pts',(34.9283793698692,-14.6400184093643,-43.0732663375254));
#8968=CARTESIAN_POINT('Ctrl Pts',(36.2331120443932,-15.0321425782786,-42.8125919710521));
#8969=CARTESIAN_POINT('Ctrl Pts',(36.9344862462576,-15.5792841752251,-42.37586472355));
#8970=CARTESIAN_POINT('Ctrl Pts',(37.4179251400199,-16.11240415268,-41.9085326554209));
#8971=CARTESIAN_POINT('Ctrl Pts',(37.5650586528978,-16.3144563352441,-41.7244644245744));
#8972=CARTESIAN_POINT('Ctrl Pts',(37.6874184680609,-16.5199853616787,-41.5296745940632));
#8973=CARTESIAN_POINT('Ctrl Pts',(37.0914310406668,-16.4995666945757,-41.1419724102646));
#8974=CARTESIAN_POINT('Ctrl Pts',(36.994107459677,-16.3309973075363,-41.3268734193252));
#8975=CARTESIAN_POINT('Ctrl Pts',(36.8766893289025,-16.1654280026101,-41.5014648854705));
#8976=CARTESIAN_POINT('Ctrl Pts',(36.4894072590908,-15.7290032857263,-41.9446055049611));
#8977=CARTESIAN_POINT('Ctrl Pts',(35.925973833936,-15.2821399656553,-42.3586053003598));
#8978=CARTESIAN_POINT('Ctrl Pts',(34.8556084970924,-14.9637943313699,-42.6072801445066));
#8979=CARTESIAN_POINT('Ctrl Pts',(34.1759735798844,-14.99788055209,-42.5911798200524));
#8980=CARTESIAN_POINT('Ctrl Pts',(33.8507588594676,-15.0691963392925,-42.5577225279849));
#8981=CARTESIAN_POINT('Ctrl Pts',(33.8507588594721,-15.0691963392915,-42.5577225279853));
#8982=CARTESIAN_POINT('Ctrl Pts',(33.255596484721,-15.1997084920438,-42.4964936839342));
#8983=CARTESIAN_POINT('Ctrl Pts',(31.9861264674936,-15.9567390551338,-42.1461807114528));
#8984=CARTESIAN_POINT('Ctrl Pts',(31.5377931327726,-17.1853480322233,-41.2494242042921));
#8985=CARTESIAN_POINT('Ctrl Pts',(31.4990214477037,-17.8152636844624,-40.6470179800785));
#8986=CARTESIAN_POINT('Ctrl Pts',(33.8423919295058,-15.0710311092436,-42.6571690997147));
#8987=CARTESIAN_POINT('Ctrl Pts',(33.2396129290643,-15.2050001611196,-42.5955463641959));
#8988=CARTESIAN_POINT('Ctrl Pts',(31.9531693192183,-15.9829532813426,-42.2428984177554));
#8989=CARTESIAN_POINT('Ctrl Pts',(31.5163896618937,-17.2505145281621,-41.3461337280522));
#8990=CARTESIAN_POINT('Ctrl Pts',(31.4940554799214,-17.8959447492392,-40.7458172113984));
#8991=CARTESIAN_POINT('Ctrl Pts',(33.8124715356191,-15.0144538334938,-42.8557799981664));
#8992=CARTESIAN_POINT('Ctrl Pts',(33.1819377850241,-15.1576461063013,-42.79336436196));
#8993=CARTESIAN_POINT('Ctrl Pts',(31.8364186276229,-15.9894040654004,-42.4361690280967));
#8994=CARTESIAN_POINT('Ctrl Pts',(31.3918866144006,-17.3534882161634,-41.5393445280415));
#8995=CARTESIAN_POINT('Ctrl Pts',(31.3814708238168,-18.0503394063834,-40.9426237646616));
#8996=CARTESIAN_POINT('Ctrl Pts',(33.7666185864488,-14.8574697561172,-42.9853794333041));
#8997=CARTESIAN_POINT('Ctrl Pts',(33.0935777780521,-15.0113661883525,-42.922029392453));
#8998=CARTESIAN_POINT('Ctrl Pts',(31.6576897130286,-15.9044788094936,-42.5591998752795));
#8999=CARTESIAN_POINT('Ctrl Pts',(31.1608029785911,-17.3593969532147,-41.6421770455954));
#9000=CARTESIAN_POINT('Ctrl Pts',(31.1274748732801,-18.106213408216,-41.0298590062923));
#9001=CARTESIAN_POINT('Ctrl Pts',(33.7436595311592,-14.767345100443,-43.0216205804489));
#9002=CARTESIAN_POINT('Ctrl Pts',(33.0493034272828,-14.926117266667,-42.9577747283279));
#9003=CARTESIAN_POINT('Ctrl Pts',(31.5682550738509,-15.8475870641104,-42.5921844980355));
#9004=CARTESIAN_POINT('Ctrl Pts',(31.0451995166765,-17.338713662126,-41.6589862632288));
#9005=CARTESIAN_POINT('Ctrl Pts',(30.999965884096,-18.1015192643092,-41.0337068432392));
#9006=CARTESIAN_POINT('',(30.999965884096,-18.1015192643092,-41.0337068432392));
#9007=CARTESIAN_POINT('Ctrl Pts',(30.999965884096,-18.1015192643092,-41.0337068432392));
#9008=CARTESIAN_POINT('Ctrl Pts',(31.0451995166765,-17.338713662126,-41.6589862632288));
#9009=CARTESIAN_POINT('Ctrl Pts',(31.5682550738509,-15.8475870641104,-42.5921844980355));
#9010=CARTESIAN_POINT('Ctrl Pts',(33.0493034272828,-14.926117266667,-42.9577747283279));
#9011=CARTESIAN_POINT('Ctrl Pts',(33.7436595311592,-14.767345100443,-43.0216205804489));
#9012=CARTESIAN_POINT('',(31.5000000000484,-17.7999999992749,-40.6615890775095));
#9013=CARTESIAN_POINT('Ctrl Pts',(33.8507588594721,-15.0691963392915,-42.5577225279853));
#9014=CARTESIAN_POINT('Ctrl Pts',(33.255596484721,-15.1997084920438,-42.4964936839342));
#9015=CARTESIAN_POINT('Ctrl Pts',(31.9919811665954,-15.9532476877934,-42.14779632822));
#9016=CARTESIAN_POINT('Ctrl Pts',(31.5419459566555,-17.1740255604325,-41.2576841270447));
#9017=CARTESIAN_POINT('Ctrl Pts',(31.5000027249375,-17.7999978087013,-40.6615861723707));
#9018=CARTESIAN_POINT('',(31.499577911018,-17.8064352283675,-40.6554521812272));
#9019=CARTESIAN_POINT('Ctrl Pts',(31.5000025672086,-17.800000170693,-40.6615890768879));
#9020=CARTESIAN_POINT('Ctrl Pts',(31.4998587510173,-17.8021465486861,-40.6595451356831));
#9021=CARTESIAN_POINT('Ctrl Pts',(31.4997174546912,-17.8042921131886,-40.6575001453908));
#9022=CARTESIAN_POINT('Ctrl Pts',(31.4995786762349,-17.8064368553033,-40.6554541094913));
#9023=CARTESIAN_POINT('Ctrl Pts',(31.4995788800854,-17.8064337002013,-40.6554519564986));
#9024=CARTESIAN_POINT('Ctrl Pts',(31.4985167470065,-17.8228826142532,-40.675560510371));
#9025=CARTESIAN_POINT('Ctrl Pts',(31.495332187109,-17.8391587830989,-40.6955437284118));
#9026=CARTESIAN_POINT('Ctrl Pts',(31.4901780474651,-17.8551363659196,-40.7152379233179));
#9027=CARTESIAN_POINT('Ctrl Pts',(31.4848999540175,-17.8714981995171,-40.7354057511743));
#9028=CARTESIAN_POINT('Ctrl Pts',(31.4775560184802,-17.8875477167481,-40.7552714838746));
#9029=CARTESIAN_POINT('Ctrl Pts',(31.4682572344117,-17.9031432269007,-40.7746547940378));
#9030=CARTESIAN_POINT('Ctrl Pts',(31.4639096906543,-17.9104347353719,-40.7837172465562));
#9031=CARTESIAN_POINT('Ctrl Pts',(31.4591341223572,-17.9176268333594,-40.7926740871111));
#9032=CARTESIAN_POINT('Ctrl Pts',(31.4539383998922,-17.9247037841518,-40.8015055868784));
#9033=CARTESIAN_POINT('Ctrl Pts',(31.4428418479547,-17.9398180926152,-40.8203671016175));
#9034=CARTESIAN_POINT('Ctrl Pts',(31.429917733137,-17.9542912192078,-40.8385122382831));
#9035=CARTESIAN_POINT('Ctrl Pts',(31.4152938060341,-17.9679864804421,-40.8557684074844));
#9036=CARTESIAN_POINT('Ctrl Pts',(31.4009074774373,-17.981459231431,-40.872744211501));
#9037=CARTESIAN_POINT('Ctrl Pts',(31.3848754271341,-17.9941798874978,-40.8888605966961));
#9038=CARTESIAN_POINT('Ctrl Pts',(31.3672771100136,-18.0060005085414,-40.903935012013));
#9039=CARTESIAN_POINT('Ctrl Pts',(31.3605163288942,-18.0105416604609,-40.9097261806664));
#9040=CARTESIAN_POINT('Ctrl Pts',(31.3535239916663,-18.0149497341965,-40.9153633032975));
#9041=CARTESIAN_POINT('Ctrl Pts',(31.3463032275227,-18.0192152925012,-40.9208348696429));
#9042=CARTESIAN_POINT('Ctrl Pts',(31.3446388078466,-18.0201985235043,-40.9220960911013));
#9043=CARTESIAN_POINT('Ctrl Pts',(31.3429622483565,-18.0211741794368,-40.9233485129032));
#9044=CARTESIAN_POINT('Ctrl Pts',(31.3412736950333,-18.0221422181534,-40.9245920755394));
#9045=CARTESIAN_POINT('Ctrl Pts',(31.3222687755385,-18.0330376382883,-40.9385885584825));
#9046=CARTESIAN_POINT('Ctrl Pts',(31.3018912059956,-18.0428878593783,-40.9513594400745));
#9047=CARTESIAN_POINT('Ctrl Pts',(31.2803918884025,-18.0516659646206,-40.9628587254984));
#9048=CARTESIAN_POINT('Ctrl Pts',(31.2584428031108,-18.0606277086307,-40.9745985770294));
#9049=CARTESIAN_POINT('Ctrl Pts',(31.2353233706384,-18.0684723925308,-40.985013618656));
#9050=CARTESIAN_POINT('Ctrl Pts',(31.2112680449917,-18.0751429059465,-40.994023645907));
#9051=CARTESIAN_POINT('Ctrl Pts',(31.2000062010741,-18.0782658019754,-40.9982418187176));
#9052=CARTESIAN_POINT('Ctrl Pts',(31.1885388827508,-18.0811309088924,-41.0021515517381));
#9053=CARTESIAN_POINT('Ctrl Pts',(31.1768889106606,-18.08372991136,-41.005741795572));
#9054=CARTESIAN_POINT('Ctrl Pts',(31.1520278981551,-18.0892761763938,-41.0134033673045));
#9055=CARTESIAN_POINT('Ctrl Pts',(31.1265194623781,-18.0935718501811,-41.0195559086495));
#9056=CARTESIAN_POINT('Ctrl Pts',(31.1006028882643,-18.09656790882,-41.0241302334308));
#9057=CARTESIAN_POINT('Ctrl Pts',(31.0752007203036,-18.0995045000697,-41.0286137645446));
#9058=CARTESIAN_POINT('Ctrl Pts',(31.0494051914326,-18.1011927231395,-41.0315814120901));
#9059=CARTESIAN_POINT('Ctrl Pts',(31.0234303845137,-18.1015551616713,-41.0329317959851));
#9060=CARTESIAN_POINT('Ctrl Pts',(31.0168068494507,-18.101647582929,-41.0332761417623));
#9061=CARTESIAN_POINT('Ctrl Pts',(31.0101716521424,-18.1016536275774,-41.0335151262888));
#9062=CARTESIAN_POINT('Ctrl Pts',(31.0035283716279,-18.1015716562597,-41.0336466432388));
#9063=CARTESIAN_POINT('Ctrl Pts',(31.0023409377332,-18.1015570045344,-41.0336701508543));
#9064=CARTESIAN_POINT('Ctrl Pts',(31.0011534350183,-18.1015395429035,-41.0336902206716));
#9065=CARTESIAN_POINT('Ctrl Pts',(30.999965884096,-18.1015192643092,-41.0337068432392));
#9066=CARTESIAN_POINT('Ctrl Pts',(31.4999610103954,-17.7823388755426,-40.6470179800785));
#9067=CARTESIAN_POINT('Ctrl Pts',(31.5003525019672,-17.8710054282865,-40.583422223572));
#9068=CARTESIAN_POINT('Ctrl Pts',(31.4977928074013,-17.9588446381053,-40.5189365796555));
#9069=CARTESIAN_POINT('Ctrl Pts',(31.4924445078647,-18.0457373630958,-40.4536658549343));
#9070=CARTESIAN_POINT('Ctrl Pts',(31.5003280556164,-17.8654687224971,-40.7484336786591));
#9071=CARTESIAN_POINT('Ctrl Pts',(31.4988353182427,-17.9541976451512,-40.6832865257627));
#9072=CARTESIAN_POINT('Ctrl Pts',(31.4945295918244,-18.041907839889,-40.6173030385572));
#9073=CARTESIAN_POINT('Ctrl Pts',(31.487345373752,-18.1285819485777,-40.5505336401758));
#9074=CARTESIAN_POINT('Ctrl Pts',(31.3921846188637,-18.0314624674334,-40.9503541701333));
#9075=CARTESIAN_POINT('Ctrl Pts',(31.3891158186469,-18.1178675039287,-40.8821982454921));
#9076=CARTESIAN_POINT('Ctrl Pts',(31.383173472678,-18.2031746399037,-40.8131787063351));
#9077=CARTESIAN_POINT('Ctrl Pts',(31.374647145637,-18.2872982383965,-40.7434958067097));
#9078=CARTESIAN_POINT('Ctrl Pts',(31.131098067749,-18.1011729621446,-41.0339907106047));
#9079=CARTESIAN_POINT('Ctrl Pts',(31.130267888022,-18.1834332426996,-40.966516006141));
#9080=CARTESIAN_POINT('Ctrl Pts',(31.1268094090996,-18.2648461919954,-40.8982762424594));
#9081=CARTESIAN_POINT('Ctrl Pts',(31.1208141374459,-18.3452221991031,-40.8291682510328));
#9082=CARTESIAN_POINT('Ctrl Pts',(30.999965884096,-18.1015192643092,-41.0337068432392));
#9083=CARTESIAN_POINT('Ctrl Pts',(31.0003084392213,-18.1820483116336,-40.9676963736527));
#9084=CARTESIAN_POINT('Ctrl Pts',(30.9980687064762,-18.2618126181143,-40.9007731776879));
#9085=CARTESIAN_POINT('Ctrl Pts',(30.9933889443816,-18.3407068270592,-40.8330445789101));
#9086=CARTESIAN_POINT('',(31.5000000000001,-17.7999999999993,-40.6343309808017));
#9087=CARTESIAN_POINT('',(31.4934905923702,-18.0281071867586,-40.4668885253051));
#9088=CARTESIAN_POINT('Ctrl Pts',(31.5000000081481,-17.7999999731768,-40.6343309879398));
#9089=CARTESIAN_POINT('Ctrl Pts',(31.5000000741234,-17.8766878727019,-40.5791562738376));
#9090=CARTESIAN_POINT('Ctrl Pts',(31.4977950774236,-17.9527493926842,-40.5233194342588));
#9091=CARTESIAN_POINT('Ctrl Pts',(31.4934906013864,-18.0281071600797,-40.4668885326294));
#9092=CARTESIAN_POINT('',(31.4930718588534,-18.0353234583154,-40.4614812569434));
#9093=CARTESIAN_POINT('Ctrl Pts',(31.4934906013864,-18.0281071600798,-40.4668885326294));
#9094=CARTESIAN_POINT('Ctrl Pts',(31.4933531609367,-18.030513307855,-40.4650867132138));
#9095=CARTESIAN_POINT('Ctrl Pts',(31.4932135800613,-18.0329187381523,-40.4632842881501));
#9096=CARTESIAN_POINT('Ctrl Pts',(31.4930718621972,-18.035323448453,-40.4614812596539));
#9097=CARTESIAN_POINT('',(30.9933889443816,-18.3407068270592,-40.8330445789101));
#9098=CARTESIAN_POINT('Ctrl Pts',(31.4930718621972,-18.035323448453,-40.4614812596539));
#9099=CARTESIAN_POINT('Ctrl Pts',(31.4920767969638,-18.0522225774486,-40.4811952903408));
#9100=CARTESIAN_POINT('Ctrl Pts',(31.4889602618434,-18.0689572695501,-40.5007855690352));
#9101=CARTESIAN_POINT('Ctrl Pts',(31.4838747143156,-18.0853971622469,-40.5200920264951));
#9102=CARTESIAN_POINT('Ctrl Pts',(31.4786630051317,-18.1022448938397,-40.5398774362477));
#9103=CARTESIAN_POINT('Ctrl Pts',(31.4713829937217,-18.1187838369762,-40.559365750659));
#9104=CARTESIAN_POINT('Ctrl Pts',(31.4621455187668,-18.1348665719372,-40.5783810333506));
#9105=CARTESIAN_POINT('Ctrl Pts',(31.4578138392249,-18.1424081625069,-40.5872977677851));
#9106=CARTESIAN_POINT('Ctrl Pts',(31.453051018713,-18.149849259634,-40.5961103426491));
#9107=CARTESIAN_POINT('Ctrl Pts',(31.4478649731434,-18.1571733362076,-40.6047993830787));
#9108=CARTESIAN_POINT('Ctrl Pts',(31.4368070538669,-18.172790061213,-40.6233265453204));
#9109=CARTESIAN_POINT('Ctrl Pts',(31.4239136368206,-18.1877548947177,-40.6411496112571));
#9110=CARTESIAN_POINT('Ctrl Pts',(31.4093129952037,-18.2019247667756,-40.6580996779812));
#9111=CARTESIAN_POINT('Ctrl Pts',(31.3949486635922,-18.215865300793,-40.6747754094767));
#9112=CARTESIAN_POINT('Ctrl Pts',(31.3789312239286,-18.2290371207034,-40.6906070676198));
#9113=CARTESIAN_POINT('Ctrl Pts',(31.3613405438594,-18.2412858290074,-40.705416253668));
#9114=CARTESIAN_POINT('Ctrl Pts',(31.3544594598066,-18.2460772521386,-40.7112092789262));
#9115=CARTESIAN_POINT('Ctrl Pts',(31.3473372315238,-18.2507271644372,-40.7168455819938));
#9116=CARTESIAN_POINT('Ctrl Pts',(31.3399771784862,-18.2552251823584,-40.7223132818185));
#9117=CARTESIAN_POINT('Ctrl Pts',(31.338518805903,-18.2561164512094,-40.72339669025));
#9118=CARTESIAN_POINT('Ctrl Pts',(31.3370510934251,-18.2570017539595,-40.7244734763696));
#9119=CARTESIAN_POINT('Ctrl Pts',(31.3355741391997,-18.2578810601578,-40.7255436014395));
#9120=CARTESIAN_POINT('Ctrl Pts',(31.3165963003726,-18.2691795357803,-40.7392939673971));
#9121=CARTESIAN_POINT('Ctrl Pts',(31.2962391916517,-18.2794047420587,-40.751842903248));
#9122=CARTESIAN_POINT('Ctrl Pts',(31.2747544048145,-18.2885262789494,-40.7631463628471));
#9123=CARTESIAN_POINT('Ctrl Pts',(31.2528133446122,-18.2978415303211,-40.7746898745158));
#9124=CARTESIAN_POINT('Ctrl Pts',(31.2296950260368,-18.3060061327939,-40.784934997499));
#9125=CARTESIAN_POINT('Ctrl Pts',(31.2056345672074,-18.3129592028027,-40.7938038801793));
#9126=CARTESIAN_POINT('Ctrl Pts',(31.1944610582629,-18.3161881599264,-40.7979225273198));
#9127=CARTESIAN_POINT('Ctrl Pts',(31.1830840199138,-18.3191554030083,-40.8017438910186));
#9128=CARTESIAN_POINT('Ctrl Pts',(31.1715257747351,-18.3218524302267,-40.8052574510804));
#9129=CARTESIAN_POINT('Ctrl Pts',(31.146643743155,-18.3276584600681,-40.8128212733616));
#9130=CARTESIAN_POINT('Ctrl Pts',(31.1211074271038,-18.332171355848,-40.8189049414558));
#9131=CARTESIAN_POINT('Ctrl Pts',(31.0951577242286,-18.3353393944076,-40.8234414723132));
#9132=CARTESIAN_POINT('Ctrl Pts',(31.0697337798592,-18.3384432463665,-40.8278860899916));
#9133=CARTESIAN_POINT('Ctrl Pts',(31.0439117563143,-18.340256366916,-40.8308459315758));
#9134=CARTESIAN_POINT('Ctrl Pts',(31.0179066533411,-18.3406988669918,-40.8322219712039));
#9135=CARTESIAN_POINT('Ctrl Pts',(31.0109300720406,-18.3408175797597,-40.8325911315317));
#9136=CARTESIAN_POINT('Ctrl Pts',(31.0039403069034,-18.3408374594634,-40.8328460827861));
#9137=CARTESIAN_POINT('Ctrl Pts',(30.9969415420589,-18.340756542567,-40.8329844142683));
#9138=CARTESIAN_POINT('Ctrl Pts',(30.9957574064722,-18.340742852069,-40.8330078188597));
#9139=CARTESIAN_POINT('Ctrl Pts',(30.9945731949594,-18.3407262923961,-40.8330278684315));
#9140=CARTESIAN_POINT('Ctrl Pts',(30.9933889443816,-18.3407068270592,-40.8330445789101));
#9141=CARTESIAN_POINT('Ctrl Pts',(30.9933889443816,-18.3407068270592,-40.8330445789101));
#9142=CARTESIAN_POINT('Ctrl Pts',(30.9980687064762,-18.2618126181143,-40.9007731776879));
#9143=CARTESIAN_POINT('Ctrl Pts',(31.0003084392213,-18.1820483116336,-40.9676963736527));
#9144=CARTESIAN_POINT('Ctrl Pts',(30.999965884096,-18.1015192643092,-41.0337068432392));
#9145=CARTESIAN_POINT('Ctrl Pts',(31.4995554495828,-17.8064326511731,-40.6554485120401));
#9146=CARTESIAN_POINT('Ctrl Pts',(31.4995879258041,-17.8059529224299,-40.6548620529112));
#9147=CARTESIAN_POINT('Ctrl Pts',(31.4996187980762,-17.8054989459873,-40.65425017559));
#9148=CARTESIAN_POINT('Ctrl Pts',(31.4996480013062,-17.8050710823649,-40.6536131094251));
#9149=CARTESIAN_POINT('Ctrl Pts',(31.499791438696,-17.8029695462948,-40.6504840340498));
#9150=CARTESIAN_POINT('Ctrl Pts',(31.4998851445335,-17.8016312652129,-40.6469475703153));
#9151=CARTESIAN_POINT('Ctrl Pts',(31.4999391993893,-17.8008609932183,-40.6432512603227));
#9152=CARTESIAN_POINT('Ctrl Pts',(31.4999819296082,-17.8002520952678,-40.6403293371648));
#9153=CARTESIAN_POINT('Ctrl Pts',(31.4999998818059,-17.8000000319637,-40.6373173471554));
#9154=CARTESIAN_POINT('Ctrl Pts',(31.5000000081481,-17.7999999731768,-40.6343309879398));
#9155=CARTESIAN_POINT('Ctrl Pts',(31.4933840716069,-18.0128125501254,-40.4536658549362));
#9156=CARTESIAN_POINT('Ctrl Pts',(31.4958309815737,-18.5669978464046,-39.8986201412404));
#9157=CARTESIAN_POINT('Ctrl Pts',(31.6476139215318,-19.0705988571207,-39.2840762345486));
#9158=CARTESIAN_POINT('Ctrl Pts',(31.8952786179964,-19.4995666946386,-38.6578489193098));
#9159=CARTESIAN_POINT('Ctrl Pts',(31.4935995884745,-18.0616236141869,-40.5105249282133));
#9160=CARTESIAN_POINT('Ctrl Pts',(31.5051207384831,-18.6231270293237,-39.956728082365));
#9161=CARTESIAN_POINT('Ctrl Pts',(31.669256058628,-19.1309651799961,-39.3442000384655));
#9162=CARTESIAN_POINT('Ctrl Pts',(31.9297853519524,-19.5593341110536,-38.7215347376302));
#9163=CARTESIAN_POINT('Ctrl Pts',(31.4596787097052,-18.1592120037353,-40.6240270942949));
#9164=CARTESIAN_POINT('Ctrl Pts',(31.4839536284737,-18.7416968141319,-40.0726834782537));
#9165=CARTESIAN_POINT('Ctrl Pts',(31.6678131603557,-19.2665608367469,-39.4640276565519));
#9166=CARTESIAN_POINT('Ctrl Pts',(31.9514564200496,-19.7055623484706,-38.8483951107031));
#9167=CARTESIAN_POINT('Ctrl Pts',(31.2924313844767,-18.2970549800563,-40.783734414357));
#9168=CARTESIAN_POINT('Ctrl Pts',(31.3178503817238,-18.9261328644728,-40.2299521301748));
#9169=CARTESIAN_POINT('Ctrl Pts',(31.5122406190574,-19.496470824329,-39.6196097541888));
#9170=CARTESIAN_POINT('Ctrl Pts',(31.8136296813024,-19.9785548188486,-39.0029692277178));
#9171=CARTESIAN_POINT('Ctrl Pts',(31.1057934809188,-18.3404210990833,-40.8332898688458));
#9172=CARTESIAN_POINT('Ctrl Pts',(31.1172609119652,-18.9994957187838,-40.2677484235795));
#9173=CARTESIAN_POINT('Ctrl Pts',(31.3007964606857,-19.5983821905716,-39.6426025523606));
#9174=CARTESIAN_POINT('Ctrl Pts',(31.5947828415339,-20.1103397838773,-39.0073116677175));
#9175=CARTESIAN_POINT('Ctrl Pts',(30.9933889453164,-18.3407068270568,-40.8330445789121));
#9176=CARTESIAN_POINT('Ctrl Pts',(30.9962436736111,-19.0116032005428,-40.2570977266781));
#9177=CARTESIAN_POINT('Ctrl Pts',(31.1733237702288,-19.6205972839887,-39.6201251050769));
#9178=CARTESIAN_POINT('Ctrl Pts',(31.4622659161042,-20.1401590719229,-38.9699988749519));
#9179=CARTESIAN_POINT('',(31.4934905923619,-18.0281071858956,-40.4383199898084));
#9180=CARTESIAN_POINT('',(31.8952786179964,-19.4995666946386,-38.6578489193098));
#9181=CARTESIAN_POINT('Ctrl Pts',(31.4934895943748,-18.02810695344,-40.4383197091872));
#9182=CARTESIAN_POINT('Ctrl Pts',(31.4986340650543,-18.5762649100109,-39.8873028401575));
#9183=CARTESIAN_POINT('Ctrl Pts',(31.6498941903769,-19.0745483986154,-39.2783105091251));
#9184=CARTESIAN_POINT('Ctrl Pts',(31.8952786179964,-19.4995666946386,-38.6578489193098));
#9185=CARTESIAN_POINT('',(31.4622659161042,-20.1401590719229,-38.9699988749519));
#9186=CARTESIAN_POINT('Origin',(31.4622659161042,-19.7495666946386,-38.6578489193098));
#9187=CARTESIAN_POINT('Ctrl Pts',(31.4622659161042,-20.1401590719229,-38.9699988749519));
#9188=CARTESIAN_POINT('Ctrl Pts',(31.1733237702288,-19.6205972839887,-39.6201251050769));
#9189=CARTESIAN_POINT('Ctrl Pts',(30.9962436736111,-19.0116032005428,-40.2570977266781));
#9190=CARTESIAN_POINT('Ctrl Pts',(30.9933889453164,-18.3407068270568,-40.8330445789121));
#9191=CARTESIAN_POINT('Ctrl Pts',(31.4930718588534,-18.0353234583154,-40.4614812569433));
#9192=CARTESIAN_POINT('Ctrl Pts',(31.4931828206989,-18.0334406089563,-40.4592848352481));
#9193=CARTESIAN_POINT('Ctrl Pts',(31.4932688650165,-18.0319591049289,-40.4568267638905));
#9194=CARTESIAN_POINT('Ctrl Pts',(31.4934393848211,-18.029009269821,-40.4496705135617));
#9195=CARTESIAN_POINT('Ctrl Pts',(31.4934905923701,-18.0281071867609,-40.4444412915554));
#9196=CARTESIAN_POINT('Ctrl Pts',(31.4934905923701,-18.0281071867609,-40.438319988069));
#9197=CARTESIAN_POINT('Ctrl Pts',(31.8952786179964,-19.4995666946386,-38.6578489193098));
#9198=CARTESIAN_POINT('Ctrl Pts',(32.1863815449334,-20.0037717543255,-38.0269385208227));
#9199=CARTESIAN_POINT('Ctrl Pts',(32.4479333581636,-20.456792783652,-37.3404404497626));
#9200=CARTESIAN_POINT('Ctrl Pts',(32.6682192667354,-20.8383391694898,-36.6036174987472));
#9201=CARTESIAN_POINT('Ctrl Pts',(31.9297853519524,-19.5593341110536,-38.7215347376302));
#9202=CARTESIAN_POINT('Ctrl Pts',(32.2232671255221,-20.0676486584615,-38.0869499322092));
#9203=CARTESIAN_POINT('Ctrl Pts',(32.4872043908997,-20.5248218587194,-37.3958566733255));
#9204=CARTESIAN_POINT('Ctrl Pts',(32.709720032798,-20.9102206048632,-36.6532469732141));
#9205=CARTESIAN_POINT('Ctrl Pts',(31.9514563849551,-19.7055623191441,-38.8483950710737));
#9206=CARTESIAN_POINT('Ctrl Pts',(32.2486427997208,-20.2226595677571,-38.2064719009099));
#9207=CARTESIAN_POINT('Ctrl Pts',(32.5163456763403,-20.6886039278635,-37.5062241223204));
#9208=CARTESIAN_POINT('Ctrl Pts',(32.7423910007236,-21.0821990560032,-36.7520695061272));
#9209=CARTESIAN_POINT('Ctrl Pts',(31.8136296294585,-19.9785547483721,-39.0029691474742));
#9210=CARTESIAN_POINT('Ctrl Pts',(32.1114919996608,-20.5067601622916,-38.3507356967294));
#9211=CARTESIAN_POINT('Ctrl Pts',(32.3799465707269,-20.9837042352773,-37.6381693245909));
#9212=CARTESIAN_POINT('Ctrl Pts',(32.6066930141582,-21.3871439612971,-36.8694087829691));
#9213=CARTESIAN_POINT('Ctrl Pts',(31.5947828415339,-20.1103397838773,-39.0073116677175));
#9214=CARTESIAN_POINT('Ctrl Pts',(31.888492098485,-20.63791288355,-38.3519840186262));
#9215=CARTESIAN_POINT('Ctrl Pts',(32.1526297765742,-21.1133122821595,-37.636984874973));
#9216=CARTESIAN_POINT('Ctrl Pts',(32.3754109789883,-21.5152260029873,-36.8665873003412));
#9217=CARTESIAN_POINT('Ctrl Pts',(31.4622659161042,-20.1401590719229,-38.9699988749519));
#9218=CARTESIAN_POINT('Ctrl Pts',(31.7533688430412,-20.6636062718254,-38.3150108395631));
#9219=CARTESIAN_POINT('Ctrl Pts',(32.0149206562714,-21.1348276636943,-37.6011932023308));
#9220=CARTESIAN_POINT('Ctrl Pts',(32.2352065648432,-21.5323419455322,-36.8335338636859));
#9221=CARTESIAN_POINT('',(32.6682192667354,-20.8383391694898,-36.6036174987472));
#9222=CARTESIAN_POINT('',(32.2352065648785,-21.532341945528,-36.8335338636939));
#9223=CARTESIAN_POINT('Origin',(32.2352065648432,-21.0883391694898,-36.6036174987472));
#9224=CARTESIAN_POINT('Ctrl Pts',(32.2352065648432,-21.5323419455322,-36.8335338636859));
#9225=CARTESIAN_POINT('Ctrl Pts',(32.0149206562714,-21.1348276636943,-37.6011932023308));
#9226=CARTESIAN_POINT('Ctrl Pts',(31.7533688430412,-20.6636062718254,-38.3150108395631));
#9227=CARTESIAN_POINT('Ctrl Pts',(31.4622659161042,-20.1401590719229,-38.9699988749519));
#9228=CARTESIAN_POINT('Ctrl Pts',(31.8952786179964,-19.4995666946386,-38.6578489193098));
#9229=CARTESIAN_POINT('Ctrl Pts',(32.1863815449334,-20.0037717543255,-38.0269385208227));
#9230=CARTESIAN_POINT('Ctrl Pts',(32.4479333581636,-20.456792783652,-37.3404404497626));
#9231=CARTESIAN_POINT('Ctrl Pts',(32.6682192667354,-20.8383391694898,-36.6036174987472));
#9232=CARTESIAN_POINT('Ctrl Pts',(32.6682192667662,-20.8383391695431,-36.6036174986442));
#9233=CARTESIAN_POINT('Ctrl Pts',(32.7223016778501,-20.9320126533363,-36.422720036831));
#9234=CARTESIAN_POINT('Ctrl Pts',(32.7740421445962,-21.0216297705478,-36.2382111196969));
#9235=CARTESIAN_POINT('Ctrl Pts',(33.0049574020739,-21.4215867287422,-35.3536678720068));
#9236=CARTESIAN_POINT('Ctrl Pts',(33.1472057102752,-21.6679680258374,-34.6099503668994));
#9237=CARTESIAN_POINT('Ctrl Pts',(33.3057857601047,-21.9426367292089,-33.2688071531096));
#9238=CARTESIAN_POINT('Ctrl Pts',(33.3437992476442,-22.0084780210003,-32.6758189192656));
#9239=CARTESIAN_POINT('Ctrl Pts',(33.358190073847,-22.0334036631464,-31.8636872972036));
#9240=CARTESIAN_POINT('Ctrl Pts',(33.3585750800434,-22.0340705134398,-31.6479548099945));
#9241=CARTESIAN_POINT('Ctrl Pts',(33.3585750800434,-22.0340705134398,-31.4328292615375));
#9242=CARTESIAN_POINT('Ctrl Pts',(32.7097200328291,-20.910220604917,-36.6532469731103));
#9243=CARTESIAN_POINT('Ctrl Pts',(32.7643499059353,-21.0048396652733,-36.4709289315671));
#9244=CARTESIAN_POINT('Ctrl Pts',(32.816618036283,-21.0953679019217,-36.2848493045755));
#9245=CARTESIAN_POINT('Ctrl Pts',(33.0498750129339,-21.4993691781558,-35.3923063998786));
#9246=CARTESIAN_POINT('Ctrl Pts',(33.1934484401152,-21.748034383493,-34.6404108881474));
#9247=CARTESIAN_POINT('Ctrl Pts',(33.3527895899075,-22.0240325945276,-33.2844661538237));
#9248=CARTESIAN_POINT('Ctrl Pts',(33.390549632874,-22.0894407952017,-32.684246743246));
#9249=CARTESIAN_POINT('Ctrl Pts',(33.4044223521831,-22.1134789099416,-31.865158319341));
#9250=CARTESIAN_POINT('Ctrl Pts',(33.4046848759085,-22.1139350226048,-31.6479548100266));
#9251=CARTESIAN_POINT('Ctrl Pts',(33.4046848759061,-22.1139350226006,-31.4328292615375));
#9252=CARTESIAN_POINT('Ctrl Pts',(32.7423517320108,-21.0822744356586,-36.7520967995026));
#9253=CARTESIAN_POINT('Ctrl Pts',(32.797847765344,-21.1789063673637,-36.5669440614701));
#9254=CARTESIAN_POINT('Ctrl Pts',(32.8510053357314,-21.2713435270473,-36.3777332951276));
#9255=CARTESIAN_POINT('Ctrl Pts',(33.0884530286274,-21.6836814960943,-35.4692495386518));
#9256=CARTESIAN_POINT('Ctrl Pts',(33.2351965025805,-21.9366105362052,-34.7010926796888));
#9257=CARTESIAN_POINT('Ctrl Pts',(33.3981165821698,-22.214108702178,-33.3156639009876));
#9258=CARTESIAN_POINT('Ctrl Pts',(33.4367703395461,-22.2778727254704,-32.7010456254356));
#9259=CARTESIAN_POINT('Ctrl Pts',(33.4509099069809,-22.2994127321124,-31.868090157924));
#9260=CARTESIAN_POINT('Ctrl Pts',(33.451170845044,-22.2993127906557,-31.6479548100906));
#9261=CARTESIAN_POINT('Ctrl Pts',(33.4511708450416,-22.2993127906405,-31.4328292615375));
#9262=CARTESIAN_POINT('Ctrl Pts',(32.6067477452671,-21.3871980591649,-36.8694531589352));
#9263=CARTESIAN_POINT('Ctrl Pts',(32.6624165636414,-21.486246344145,-36.6807147989353));
#9264=CARTESIAN_POINT('Ctrl Pts',(32.7160118533041,-21.580952590928,-36.4876451192823));
#9265=CARTESIAN_POINT('Ctrl Pts',(32.9566104609844,-22.0031373811818,-35.5598972799655));
#9266=CARTESIAN_POINT('Ctrl Pts',(33.1091950316837,-22.261005413138,-34.7730800211132));
#9267=CARTESIAN_POINT('Ctrl Pts',(33.2844742740621,-22.5403293923602,-33.3534086334984));
#9268=CARTESIAN_POINT('Ctrl Pts',(33.3297535615983,-22.6021476211229,-32.7216379451908));
#9269=CARTESIAN_POINT('Ctrl Pts',(33.3493445853667,-22.6206225632202,-31.8717183947864));
#9270=CARTESIAN_POINT('Ctrl Pts',(33.3505630333393,-22.6198331704524,-31.6479548101694));
#9271=CARTESIAN_POINT('Ctrl Pts',(33.3505630333563,-22.6198331704236,-31.4328292615375));
#9272=CARTESIAN_POINT('Ctrl Pts',(32.3754109790194,-21.5152260030434,-36.8665873002335));
#9273=CARTESIAN_POINT('Ctrl Pts',(32.4301058551859,-21.6138999962085,-36.6774468706707));
#9274=CARTESIAN_POINT('Ctrl Pts',(32.4829875582745,-21.7083052702294,-36.4841677915679));
#9275=CARTESIAN_POINT('Ctrl Pts',(32.7214326474831,-22.129486885162,-35.5561479217552));
#9276=CARTESIAN_POINT('Ctrl Pts',(32.8761940475784,-22.3881516941528,-34.7713893086562));
#9277=CARTESIAN_POINT('Ctrl Pts',(33.0607900549861,-22.6713660072423,-33.3539445530271));
#9278=CARTESIAN_POINT('Ctrl Pts',(33.112619275802,-22.7358239887597,-32.7225497871581));
#9279=CARTESIAN_POINT('Ctrl Pts',(33.1383656369855,-22.7565160475459,-31.8719382754861));
#9280=CARTESIAN_POINT('Ctrl Pts',(33.1407383332702,-22.7561238237887,-31.6479548101745));
#9281=CARTESIAN_POINT('Ctrl Pts',(33.1407383333106,-22.7561238237679,-31.4328292615375));
#9282=CARTESIAN_POINT('Ctrl Pts',(32.235206564874,-21.5323419455877,-36.8335338635786));
#9283=CARTESIAN_POINT('Ctrl Pts',(32.289288985156,-21.6299357095782,-36.645065756279));
#9284=CARTESIAN_POINT('Ctrl Pts',(32.3416385534875,-21.7233909987837,-36.4526575287051));
#9285=CARTESIAN_POINT('Ctrl Pts',(32.5779745317443,-22.1408027862853,-35.5295480901804));
#9286=CARTESIAN_POINT('Ctrl Pts',(32.7323903653628,-22.3989467129541,-34.7510129513845));
#9287=CARTESIAN_POINT('Ctrl Pts',(32.9191443212738,-22.6857778543825,-33.3444134861743));
#9288=CARTESIAN_POINT('Ctrl Pts',(32.9731800986214,-22.7535938995442,-32.7177745783928));
#9289=CARTESIAN_POINT('Ctrl Pts',(33.0012874011951,-22.7776119243259,-31.8711520960454));
#9290=CARTESIAN_POINT('Ctrl Pts',(33.004127278976,-22.7778594930236,-31.6479548101568));
#9291=CARTESIAN_POINT('Ctrl Pts',(33.0041272790256,-22.7778594930157,-31.4328292615375));
#9292=CARTESIAN_POINT('',(33.3585750800434,-22.0340705134398,-31.4328292615375));
#9293=CARTESIAN_POINT('',(33.0041272790255,-22.7778594930157,-31.4328292615375));
#9294=CARTESIAN_POINT('Origin',(32.9255623781512,-22.2840705134398,-31.4328292615375));
#9295=CARTESIAN_POINT('',(32.9938283964655,-22.7711971516853,-32.0960387372661));
#9296=CARTESIAN_POINT('Ctrl Pts',(33.0041272790256,-22.7778594930157,-31.4328292615375));
#9297=CARTESIAN_POINT('Ctrl Pts',(33.004127278976,-22.7778594930236,-31.6479548101568));
#9298=CARTESIAN_POINT('Ctrl Pts',(33.0012874011951,-22.7776119243259,-31.8711520960454));
#9299=CARTESIAN_POINT('Ctrl Pts',(32.9938190835905,-22.7712301579919,-32.0961059340299));
#9300=CARTESIAN_POINT('Ctrl Pts',(32.9938190835905,-22.7712301579919,-32.0961059340299));
#9301=CARTESIAN_POINT('Ctrl Pts',(32.9731800986214,-22.7535938995442,-32.7177745783928));
#9302=CARTESIAN_POINT('Ctrl Pts',(32.9191443212738,-22.6857778543825,-33.3444134861743));
#9303=CARTESIAN_POINT('Ctrl Pts',(32.7323903653628,-22.3989467129541,-34.7510129513845));
#9304=CARTESIAN_POINT('Ctrl Pts',(32.5779745317443,-22.1408027862853,-35.5295480901804));
#9305=CARTESIAN_POINT('Ctrl Pts',(32.3416385534875,-21.7233909987837,-36.4526575287051));
#9306=CARTESIAN_POINT('Ctrl Pts',(32.289288985156,-21.6299357095782,-36.645065756279));
#9307=CARTESIAN_POINT('Ctrl Pts',(32.235206564874,-21.5323419455877,-36.8335338635786));
#9308=CARTESIAN_POINT('Ctrl Pts',(32.6682192667662,-20.8383391695431,-36.6036174986442));
#9309=CARTESIAN_POINT('Ctrl Pts',(32.7223016778501,-20.9320126533363,-36.422720036831));
#9310=CARTESIAN_POINT('Ctrl Pts',(32.7740421445962,-21.0216297705478,-36.2382111196969));
#9311=CARTESIAN_POINT('Ctrl Pts',(33.0049574020739,-21.4215867287422,-35.3536678720068));
#9312=CARTESIAN_POINT('Ctrl Pts',(33.1472057102752,-21.6679680258374,-34.6099503668994));
#9313=CARTESIAN_POINT('Ctrl Pts',(33.3057857601047,-21.9426367292089,-33.2688071531096));
#9314=CARTESIAN_POINT('Ctrl Pts',(33.3437992476442,-22.0084780210003,-32.6758189192656));
#9315=CARTESIAN_POINT('Ctrl Pts',(33.358190073847,-22.0334036631464,-31.8636872972036));
#9316=CARTESIAN_POINT('Ctrl Pts',(33.3585750800434,-22.0340705134398,-31.6479548099945));
#9317=CARTESIAN_POINT('Ctrl Pts',(33.3585750800434,-22.0340705134398,-31.4328292615375));
#9318=CARTESIAN_POINT('Ctrl Pts',(33.3585750800434,-22.0340705134398,-31.4328292615375));
#9319=CARTESIAN_POINT('Ctrl Pts',(33.3585750800434,-22.0340705134398,-31.288552841025));
#9320=CARTESIAN_POINT('Ctrl Pts',(33.3585750800434,-22.0340705134398,-31.1442764205125));
#9321=CARTESIAN_POINT('Ctrl Pts',(33.3585750800434,-22.0340705134398,-31.));
#9322=CARTESIAN_POINT('Ctrl Pts',(33.4046848759061,-22.1139350226007,-31.4328292615375));
#9323=CARTESIAN_POINT('Ctrl Pts',(33.4046848759061,-22.1139350226007,-31.288552841025));
#9324=CARTESIAN_POINT('Ctrl Pts',(33.4046848759061,-22.1139350226007,-31.1442764205125));
#9325=CARTESIAN_POINT('Ctrl Pts',(33.4046848759061,-22.1139350226007,-31.));
#9326=CARTESIAN_POINT('Ctrl Pts',(33.451196821597,-22.2992474236633,-31.4328292615375));
#9327=CARTESIAN_POINT('Ctrl Pts',(33.451196821597,-22.2992474236633,-31.288552841025));
#9328=CARTESIAN_POINT('Ctrl Pts',(33.451196821597,-22.2992474236633,-31.1442764205125));
#9329=CARTESIAN_POINT('Ctrl Pts',(33.451196821597,-22.2992474236633,-31.));
#9330=CARTESIAN_POINT('Ctrl Pts',(33.3505130690566,-22.6197856088289,-31.4328292615375));
#9331=CARTESIAN_POINT('Ctrl Pts',(33.3505130690566,-22.6197856088289,-31.288552841025));
#9332=CARTESIAN_POINT('Ctrl Pts',(33.3505130690566,-22.6197856088289,-31.1442764205125));
#9333=CARTESIAN_POINT('Ctrl Pts',(33.3505130690566,-22.6197856088289,-31.));
#9334=CARTESIAN_POINT('Ctrl Pts',(33.1407383333106,-22.756123823768,-31.4328292615375));
#9335=CARTESIAN_POINT('Ctrl Pts',(33.1407383333106,-22.756123823768,-31.288552841025));
#9336=CARTESIAN_POINT('Ctrl Pts',(33.1407383333106,-22.756123823768,-31.1442764205125));
#9337=CARTESIAN_POINT('Ctrl Pts',(33.1407383333106,-22.756123823768,-31.));
#9338=CARTESIAN_POINT('Ctrl Pts',(33.0041272790256,-22.7778594930157,-31.4328292615375));
#9339=CARTESIAN_POINT('Ctrl Pts',(33.0041272790256,-22.7778594930157,-31.288552841025));
#9340=CARTESIAN_POINT('Ctrl Pts',(33.0041272790256,-22.7778594930157,-31.1442764205125));
#9341=CARTESIAN_POINT('Ctrl Pts',(33.0041272790256,-22.7778594930157,-31.));
#9342=CARTESIAN_POINT('',(33.0041272790256,-22.7778594930157,-31.));
#9343=CARTESIAN_POINT('',(33.3585750800434,-22.0340705134398,-31.));
#9344=CARTESIAN_POINT('Ctrl Pts',(33.0041272790256,-22.7778594930157,-31.));
#9345=CARTESIAN_POINT('Ctrl Pts',(33.1407383333106,-22.756123823768,-31.));
#9346=CARTESIAN_POINT('Ctrl Pts',(33.2666031747582,-22.6743208948045,-31.));
#9347=CARTESIAN_POINT('Ctrl Pts',(33.3428392191333,-22.5591756184623,-31.));
#9348=CARTESIAN_POINT('Ctrl Pts',(33.3936632487168,-22.4824121009008,-31.));
#9349=CARTESIAN_POINT('Ctrl Pts',(33.4224300351569,-22.3908297622821,-31.));
#9350=CARTESIAN_POINT('Ctrl Pts',(33.4251854419542,-22.298710492707,-31.));
#9351=CARTESIAN_POINT('Ctrl Pts',(33.4279408487516,-22.206591223132,-31.));
#9352=CARTESIAN_POINT('Ctrl Pts',(33.4046848759061,-22.1139350226007,-31.));
#9353=CARTESIAN_POINT('Ctrl Pts',(33.3585750800434,-22.0340705134398,-31.));
#9354=CARTESIAN_POINT('Ctrl Pts',(33.0041272790256,-22.7778594930157,-31.));
#9355=CARTESIAN_POINT('Ctrl Pts',(33.0041272790256,-22.7778594930157,-31.1442764205125));
#9356=CARTESIAN_POINT('Ctrl Pts',(33.0041272790256,-22.7778594930157,-31.288552841025));
#9357=CARTESIAN_POINT('Ctrl Pts',(33.0041272790256,-22.7778594930157,-31.4328292615375));
#9358=CARTESIAN_POINT('Ctrl Pts',(33.3585750800434,-22.0340705134398,-31.4328292615375));
#9359=CARTESIAN_POINT('Ctrl Pts',(33.3585750800434,-22.0340705134398,-31.288552841025));
#9360=CARTESIAN_POINT('Ctrl Pts',(33.3585750800434,-22.0340705134398,-31.1442764205125));
#9361=CARTESIAN_POINT('Ctrl Pts',(33.3585750800434,-22.0340705134398,-31.));
#9362=CARTESIAN_POINT('Ctrl Pts',(44.,-8.00000000000001,-34.0709776063317));
#9363=CARTESIAN_POINT('Ctrl Pts',(44.,-8.00000000000001,-32.0473184042211));
#9364=CARTESIAN_POINT('Ctrl Pts',(44.,-8.00000000000001,-30.0236592021105));
#9365=CARTESIAN_POINT('Ctrl Pts',(44.,-8.00000000000001,-28.));
#9366=CARTESIAN_POINT('Ctrl Pts',(44.,-9.23800205098691,-34.0709776063317));
#9367=CARTESIAN_POINT('Ctrl Pts',(44.,-9.23800205098691,-32.0473184042211));
#9368=CARTESIAN_POINT('Ctrl Pts',(44.,-9.23800205098691,-30.0236592021105));
#9369=CARTESIAN_POINT('Ctrl Pts',(44.,-9.23800205098691,-28.));
#9370=CARTESIAN_POINT('Ctrl Pts',(43.9839394989148,-11.6860356784295,-34.0709776063316));
#9371=CARTESIAN_POINT('Ctrl Pts',(43.9839394989148,-11.6860356784295,-32.0473184042211));
#9372=CARTESIAN_POINT('Ctrl Pts',(43.9839394989148,-11.6860356784295,-30.0236592021105));
#9373=CARTESIAN_POINT('Ctrl Pts',(43.9839394989148,-11.6860356784295,-28.));
#9374=CARTESIAN_POINT('Ctrl Pts',(43.1702222489471,-14.7211191722516,-34.0709776063317));
#9375=CARTESIAN_POINT('Ctrl Pts',(43.1702222489471,-14.7211191722516,-32.0473184042211));
#9376=CARTESIAN_POINT('Ctrl Pts',(43.1702222489471,-14.7211191722516,-30.0236592021105));
#9377=CARTESIAN_POINT('Ctrl Pts',(43.1702222489471,-14.7211191722516,-28.));
#9378=CARTESIAN_POINT('Ctrl Pts',(41.5716382986189,-17.6005812866259,-34.0709776063316));
#9379=CARTESIAN_POINT('Ctrl Pts',(41.5716382986189,-17.6005812866259,-32.0473184042211));
#9380=CARTESIAN_POINT('Ctrl Pts',(41.5716382986189,-17.600581286626,-30.0236592021105));
#9381=CARTESIAN_POINT('Ctrl Pts',(41.5716382986189,-17.600581286626,-28.));
#9382=CARTESIAN_POINT('Ctrl Pts',(40.1705677473034,-19.1539427306669,-34.0709776063317));
#9383=CARTESIAN_POINT('Ctrl Pts',(40.1705677473034,-19.1539427306669,-32.0473184042211));
#9384=CARTESIAN_POINT('Ctrl Pts',(40.1705677473034,-19.153942730667,-30.0236592021105));
#9385=CARTESIAN_POINT('Ctrl Pts',(40.1705677473034,-19.153942730667,-28.));
#9386=CARTESIAN_POINT('Ctrl Pts',(39.1221056985756,-20.0167983757162,-34.0709776063317));
#9387=CARTESIAN_POINT('Ctrl Pts',(39.1221056985756,-20.0167983757162,-32.0473184042211));
#9388=CARTESIAN_POINT('Ctrl Pts',(39.1221056985756,-20.0167983757163,-30.0236592021105));
#9389=CARTESIAN_POINT('Ctrl Pts',(39.1221056985756,-20.0167983757163,-28.));
#9390=CARTESIAN_POINT('',(39.1221056985756,-20.0167983757163,-31.));
#9391=CARTESIAN_POINT('Ctrl Pts',(39.5876115317575,-19.6156456771146,-31.));
#9392=CARTESIAN_POINT('Ctrl Pts',(39.4352230403164,-19.753061728371,-31.));
#9393=CARTESIAN_POINT('Ctrl Pts',(39.2799611508326,-19.8868876476674,-31.));
#9394=CARTESIAN_POINT('Ctrl Pts',(39.1221056985756,-20.0167983757163,-31.));
#9395=CARTESIAN_POINT('',(44.,-8.00000000000001,-34.));
#9396=CARTESIAN_POINT('Ctrl Pts',(44.,-8.00000000000001,-34.0000000000001));
#9397=CARTESIAN_POINT('Ctrl Pts',(44.,-8.43258027080588,-34.0000000000001));
#9398=CARTESIAN_POINT('Ctrl Pts',(44.0050797258836,-9.18355174770532,-34.0016569798743));
#9399=CARTESIAN_POINT('Ctrl Pts',(43.9542366361022,-10.4865570267093,-33.9683287605122));
#9400=CARTESIAN_POINT('Ctrl Pts',(43.855978375336,-11.5114732285844,-33.926266185576));
#9401=CARTESIAN_POINT('Ctrl Pts',(43.7162050476732,-12.4375307362579,-33.8813633591734));
#9402=CARTESIAN_POINT('Ctrl Pts',(43.5300416586823,-13.2339922293284,-33.838973786164));
#9403=CARTESIAN_POINT('Ctrl Pts',(43.3066918221309,-14.0048187715222,-33.7947976972958));
#9404=CARTESIAN_POINT('Ctrl Pts',(43.0095233631327,-14.8628487231086,-33.7421651108555));
#9405=CARTESIAN_POINT('Ctrl Pts',(42.4670731263648,-15.9935793322254,-33.6421363542422));
#9406=CARTESIAN_POINT('Ctrl Pts',(41.7828448911269,-17.139605720661,-33.4951688722253));
#9407=CARTESIAN_POINT('Ctrl Pts',(41.0073533176321,-18.1692815278575,-33.2971903337633));
#9408=CARTESIAN_POINT('Ctrl Pts',(40.2412036397466,-19.0047806436856,-33.0798942036019));
#9409=CARTESIAN_POINT('Ctrl Pts',(39.764141454006,-19.4569227335503,-32.9445494444463));
#9410=CARTESIAN_POINT('Ctrl Pts',(39.5879629038316,-19.6156088279565,-32.8953941709721));
#9411=CARTESIAN_POINT('',(44.,-8.00000000000001,21.6));
#9412=CARTESIAN_POINT('Ctrl Pts',(39.1221056985756,-20.0167983757163,-28.));
#9413=CARTESIAN_POINT('Ctrl Pts',(39.1221056985756,-20.0167983757163,-29.));
#9414=CARTESIAN_POINT('Ctrl Pts',(39.1221056985756,-20.0167983757162,-30.));
#9415=CARTESIAN_POINT('Ctrl Pts',(39.1221056985756,-20.0167983757162,-31.));
#9416=CARTESIAN_POINT('Ctrl Pts',(32.8953941709721,-19.6156088279564,-39.5879629038317));
#9417=CARTESIAN_POINT('Ctrl Pts',(32.9445494444464,-19.4569227335502,-39.7641414540061));
#9418=CARTESIAN_POINT('Ctrl Pts',(33.0798942036019,-19.0047806436856,-40.2412036397466));
#9419=CARTESIAN_POINT('Ctrl Pts',(33.2971903337633,-18.1692815278575,-41.0073533176321));
#9420=CARTESIAN_POINT('Ctrl Pts',(33.4951688722253,-17.139605720661,-41.7828448911269));
#9421=CARTESIAN_POINT('Ctrl Pts',(33.6421363542422,-15.9935793322255,-42.4670731263647));
#9422=CARTESIAN_POINT('Ctrl Pts',(33.7421651108555,-14.8628487231088,-43.0095233631327));
#9423=CARTESIAN_POINT('Ctrl Pts',(33.7947976972958,-14.0048187715224,-43.3066918221309));
#9424=CARTESIAN_POINT('Ctrl Pts',(33.838973786164,-13.2339922293285,-43.5300416586823));
#9425=CARTESIAN_POINT('Ctrl Pts',(33.8813633591734,-12.4375307362581,-43.7162050476732));
#9426=CARTESIAN_POINT('Ctrl Pts',(33.926266185576,-11.5114732285845,-43.8559783753361));
#9427=CARTESIAN_POINT('Ctrl Pts',(33.9683287605122,-10.4865570267093,-43.9542366361023));
#9428=CARTESIAN_POINT('Ctrl Pts',(34.0016569798743,-9.18355174770536,-44.0050797258837));
#9429=CARTESIAN_POINT('Ctrl Pts',(34.,-8.43258027080593,-44.0000000000001));
#9430=CARTESIAN_POINT('Ctrl Pts',(34.,-8.00000000000005,-44.0000000000001));
#9431=CARTESIAN_POINT('Ctrl Pts',(33.2722400273453,-19.80300623822,-39.3799081012341));
#9432=CARTESIAN_POINT('Ctrl Pts',(33.3312735013235,-19.6498744718085,-39.5570554611279));
#9433=CARTESIAN_POINT('Ctrl Pts',(33.4939378602479,-19.2124913742592,-40.0381411236314));
#9434=CARTESIAN_POINT('Ctrl Pts',(33.7591603104111,-18.3980242893123,-40.8174231406711));
#9435=CARTESIAN_POINT('Ctrl Pts',(34.0141866298433,-17.3835420772561,-41.6177040561217));
#9436=CARTESIAN_POINT('Ctrl Pts',(34.2219321946226,-16.237279618852,-42.3371083464229));
#9437=CARTESIAN_POINT('Ctrl Pts',(34.3780975319682,-15.0898453193637,-42.9178814238236));
#9438=CARTESIAN_POINT('Ctrl Pts',(34.465979943842,-14.2037342228184,-43.2424890040587));
#9439=CARTESIAN_POINT('Ctrl Pts',(34.5368954101453,-13.4026175056417,-43.4873327714089));
#9440=CARTESIAN_POINT('Ctrl Pts',(34.6018597157302,-12.5706596407952,-43.692326413371));
#9441=CARTESIAN_POINT('Ctrl Pts',(34.6624031907009,-11.6013203745751,-43.8456093381128));
#9442=CARTESIAN_POINT('Ctrl Pts',(34.7138683884719,-10.5334035744602,-43.952063929149));
#9443=CARTESIAN_POINT('Ctrl Pts',(34.7501298116066,-9.18972903764419,-44.0055079517095));
#9444=CARTESIAN_POINT('Ctrl Pts',(34.7479144348798,-8.43285111477884,-43.9999208686298));
#9445=CARTESIAN_POINT('Ctrl Pts',(34.7479982508547,-8.00000000000005,-44.0000000000001));
#9446=CARTESIAN_POINT('Ctrl Pts',(34.0248164180929,-20.1634597637392,-38.9519964447743));
#9447=CARTESIAN_POINT('Ctrl Pts',(34.1034150601262,-20.0213132081841,-39.1306625885892));
#9448=CARTESIAN_POINT('Ctrl Pts',(34.3203888468632,-19.6130357865494,-39.6185460255335));
#9449=CARTESIAN_POINT('Ctrl Pts',(34.680304146721,-18.8402503288254,-40.422033632501));
#9450=CARTESIAN_POINT('Ctrl Pts',(35.0478115931761,-17.8563929631862,-41.2697974523422));
#9451=CARTESIAN_POINT('Ctrl Pts',(35.3747182978576,-16.7111173387969,-42.0589770743909));
#9452=CARTESIAN_POINT('Ctrl Pts',(35.6404432740592,-15.5330727130326,-42.7176892214068));
#9453=CARTESIAN_POINT('Ctrl Pts',(35.7967215841384,-14.5929782316684,-43.0997333582755));
#9454=CARTESIAN_POINT('Ctrl Pts',(35.9195857673793,-13.733476170037,-43.3898230078805));
#9455=CARTESIAN_POINT('Ctrl Pts',(36.0282389973069,-12.8322905313029,-43.6347940568112));
#9456=CARTESIAN_POINT('Ctrl Pts',(36.1190050882453,-11.7781634407582,-43.8167212398029));
#9457=CARTESIAN_POINT('Ctrl Pts',(36.1886502146769,-10.6256247023747,-43.9403965899514));
#9458=CARTESIAN_POINT('Ctrl Pts',(36.2307194680317,-9.2019156700978,-43.9991603508446));
#9459=CARTESIAN_POINT('Ctrl Pts',(36.2273636632978,-8.43303357740152,-43.9925649842229));
#9460=CARTESIAN_POINT('Ctrl Pts',(36.2274377723811,-8.00000000000005,-43.9927639034429));
#9461=CARTESIAN_POINT('Ctrl Pts',(35.1520641749294,-20.573780395949,-38.1943293123397));
#9462=CARTESIAN_POINT('Ctrl Pts',(35.2599722479709,-20.444430171014,-38.3680033994421));
#9463=CARTESIAN_POINT('Ctrl Pts',(35.5580026301339,-20.0702174872962,-38.8451992930806));
#9464=CARTESIAN_POINT('Ctrl Pts',(36.0592085281132,-19.3462068658644,-39.6446486483713));
#9465=CARTESIAN_POINT('Ctrl Pts',(36.5936923958191,-18.398788387066,-40.5103632874802));
#9466=CARTESIAN_POINT('Ctrl Pts',(37.0972555080715,-17.2565434141932,-41.3428197036211));
#9467=CARTESIAN_POINT('Ctrl Pts',(37.5255126870379,-16.0450298937479,-42.0591272170678));
#9468=CARTESIAN_POINT('Ctrl Pts',(37.7835318159918,-15.0439271300222,-42.4886314224336));
#9469=CARTESIAN_POINT('Ctrl Pts',(37.9835670660642,-14.1173680980226,-42.8170959776976));
#9470=CARTESIAN_POINT('Ctrl Pts',(38.1572041104848,-13.1364865957121,-43.0968120117416));
#9471=CARTESIAN_POINT('Ctrl Pts',(38.2927878536978,-11.9838595011409,-43.3041105256538));
#9472=CARTESIAN_POINT('Ctrl Pts',(38.3892092596839,-10.7329749947649,-43.4429312241543));
#9473=CARTESIAN_POINT('Ctrl Pts',(38.4395705258657,-9.21606199689173,-43.5062700454203));
#9474=CARTESIAN_POINT('Ctrl Pts',(38.434617233308,-8.43358098308261,-43.4987795825155));
#9475=CARTESIAN_POINT('Ctrl Pts',(38.4348569692953,-8.00000000000005,-43.4991450097102));
#9476=CARTESIAN_POINT('Ctrl Pts',(36.2536163190897,-20.7923379743203,-37.2896345522383));
#9477=CARTESIAN_POINT('Ctrl Pts',(36.3892041081995,-20.6698894211,-37.4486337304997));
#9478=CARTESIAN_POINT('Ctrl Pts',(36.7636331018101,-20.3140014576154,-37.8871446879593));
#9479=CARTESIAN_POINT('Ctrl Pts',(37.3967798389147,-19.6163053954268,-38.6281242272829));
#9480=CARTESIAN_POINT('Ctrl Pts',(38.0855599688032,-18.688671837462,-39.4387331966908));
#9481=CARTESIAN_POINT('Ctrl Pts',(38.7509972573014,-17.5483996845312,-40.2276429744312));
#9482=CARTESIAN_POINT('Ctrl Pts',(39.32755479423,-16.319499501757,-40.9144445060093));
#9483=CARTESIAN_POINT('Ctrl Pts',(39.6781989132641,-15.2858679819514,-41.3322013118176));
#9484=CARTESIAN_POINT('Ctrl Pts',(39.9485067972167,-14.3236033349403,-41.6531307742493));
#9485=CARTESIAN_POINT('Ctrl Pts',(40.181219967634,-13.2999984876582,-41.9279763175086));
#9486=CARTESIAN_POINT('Ctrl Pts',(40.3573969491121,-12.0945180483054,-42.1328152047595));
#9487=CARTESIAN_POINT('Ctrl Pts',(40.477939828771,-10.7907232064563,-42.2702721950984));
#9488=CARTESIAN_POINT('Ctrl Pts',(40.5357198722478,-9.22368603562453,-42.3332098862034));
#9489=CARTESIAN_POINT('Ctrl Pts',(40.5293266212145,-8.43371023746785,-42.3257985396205));
#9490=CARTESIAN_POINT('Ctrl Pts',(40.5296494058644,-8.00000000000004,-42.3261599743192));
#9491=CARTESIAN_POINT('Ctrl Pts',(37.6377847548956,-20.7950688367606,-35.9079258363845));
#9492=CARTESIAN_POINT('Ctrl Pts',(37.8048229448058,-20.6727131632764,-36.0356601361899));
#9493=CARTESIAN_POINT('Ctrl Pts',(38.2652142352404,-20.3171116465806,-36.3887006859347));
#9494=CARTESIAN_POINT('Ctrl Pts',(39.0433779767975,-19.6197960748211,-36.9857004843816));
#9495=CARTESIAN_POINT('Ctrl Pts',(39.8961198609919,-18.692479624146,-37.6337072148807));
#9496=CARTESIAN_POINT('Ctrl Pts',(40.728131610759,-17.5523534943436,-38.2577273129342));
#9497=CARTESIAN_POINT('Ctrl Pts',(41.453717594076,-16.3232536385194,-38.7973007732789));
#9498=CARTESIAN_POINT('Ctrl Pts',(41.8953473364101,-15.2892886283451,-39.1253516815274));
#9499=CARTESIAN_POINT('Ctrl Pts',(42.2342298180692,-14.3264921369987,-39.3786991682008));
#9500=CARTESIAN_POINT('Ctrl Pts',(42.5241241449665,-13.3023375569851,-39.5972333045825));
#9501=CARTESIAN_POINT('Ctrl Pts',(42.7392060568316,-12.0960761165673,-39.7637884528061));
#9502=CARTESIAN_POINT('Ctrl Pts',(42.8826902958123,-10.7915485183837,-39.8786442619803));
#9503=CARTESIAN_POINT('Ctrl Pts',(42.9473703081171,-9.22378412954823,-39.9347335496837));
#9504=CARTESIAN_POINT('Ctrl Pts',(42.939642361506,-8.4338206426699,-39.9286464413555));
#9505=CARTESIAN_POINT('Ctrl Pts',(42.9401157221603,-8.00000000000003,-39.9289241797879));
#9506=CARTESIAN_POINT('Ctrl Pts',(38.7435074761313,-20.3470942103373,-34.398707094834));
#9507=CARTESIAN_POINT('Ctrl Pts',(38.9233198845297,-20.2105547819105,-34.4869346841833));
#9508=CARTESIAN_POINT('Ctrl Pts',(39.4157417448397,-19.8171908756787,-34.7305343354312));
#9509=CARTESIAN_POINT('Ctrl Pts',(40.2335548259286,-19.0657191885497,-35.1368745115865));
#9510=CARTESIAN_POINT('Ctrl Pts',(41.1081085072644,-18.0975696425259,-35.559268827077));
#9511=CARTESIAN_POINT('Ctrl Pts',(41.9359355724,-16.9529770898158,-35.9440964811528));
#9512=CARTESIAN_POINT('Ctrl Pts',(42.6376026310306,-15.7593688057357,-36.2628646996627));
#9513=CARTESIAN_POINT('Ctrl Pts',(43.0511922310033,-14.7918774475322,-36.4521114923862));
#9514=CARTESIAN_POINT('Ctrl Pts',(43.3661576003116,-13.9025069855913,-36.599932270176));
#9515=CARTESIAN_POINT('Ctrl Pts',(43.633064016582,-12.9660264965377,-36.729566974738));
#9516=CARTESIAN_POINT('Ctrl Pts',(43.8307006339743,-11.8685245724691,-36.8348320963008));
#9517=CARTESIAN_POINT('Ctrl Pts',(43.9637735965312,-10.672764534814,-36.9132011068655));
#9518=CARTESIAN_POINT('Ctrl Pts',(44.0254077552582,-9.2081297074014,-36.9580190564913));
#9519=CARTESIAN_POINT('Ctrl Pts',(44.0182556888812,-8.43328197637129,-36.954134099466));
#9520=CARTESIAN_POINT('Ctrl Pts',(44.0185513997605,-8.00000000000002,-36.9542615843908));
#9521=CARTESIAN_POINT('Ctrl Pts',(39.379908101234,-19.8030062382201,-33.2722400273453));
#9522=CARTESIAN_POINT('Ctrl Pts',(39.5570554611279,-19.6498744718085,-33.3312735013235));
#9523=CARTESIAN_POINT('Ctrl Pts',(40.0381411236313,-19.2124913742592,-33.4939378602479));
#9524=CARTESIAN_POINT('Ctrl Pts',(40.8174231406711,-18.3980242893123,-33.7591603104111));
#9525=CARTESIAN_POINT('Ctrl Pts',(41.6177040561217,-17.383542077256,-34.0141866298433));
#9526=CARTESIAN_POINT('Ctrl Pts',(42.3371083464229,-16.2372796188519,-34.2219321946226));
#9527=CARTESIAN_POINT('Ctrl Pts',(42.9178814238236,-15.0898453193635,-34.3780975319682));
#9528=CARTESIAN_POINT('Ctrl Pts',(43.2424890040587,-14.2037342228183,-34.465979943842));
#9529=CARTESIAN_POINT('Ctrl Pts',(43.4873327714089,-13.4026175056415,-34.5368954101453));
#9530=CARTESIAN_POINT('Ctrl Pts',(43.692326413371,-12.5706596407951,-34.6018597157302));
#9531=CARTESIAN_POINT('Ctrl Pts',(43.8456093381128,-11.601320374575,-34.662403190701));
#9532=CARTESIAN_POINT('Ctrl Pts',(43.9520639291489,-10.5334035744602,-34.7138683884719));
#9533=CARTESIAN_POINT('Ctrl Pts',(44.0055079517094,-9.18972903764416,-34.7501298116066));
#9534=CARTESIAN_POINT('Ctrl Pts',(43.9999208686297,-8.4328511147788,-34.7479144348798));
#9535=CARTESIAN_POINT('Ctrl Pts',(44.,-8.00000000000001,-34.7479982508548));
#9536=CARTESIAN_POINT('Ctrl Pts',(39.5879629038316,-19.6156088279565,-32.8953941709721));
#9537=CARTESIAN_POINT('Ctrl Pts',(39.764141454006,-19.4569227335503,-32.9445494444463));
#9538=CARTESIAN_POINT('Ctrl Pts',(40.2412036397466,-19.0047806436856,-33.0798942036019));
#9539=CARTESIAN_POINT('Ctrl Pts',(41.0073533176321,-18.1692815278575,-33.2971903337633));
#9540=CARTESIAN_POINT('Ctrl Pts',(41.7828448911269,-17.139605720661,-33.4951688722253));
#9541=CARTESIAN_POINT('Ctrl Pts',(42.4670731263648,-15.9935793322254,-33.6421363542422));
#9542=CARTESIAN_POINT('Ctrl Pts',(43.0095233631327,-14.8628487231086,-33.7421651108555));
#9543=CARTESIAN_POINT('Ctrl Pts',(43.3066918221309,-14.0048187715222,-33.7947976972958));
#9544=CARTESIAN_POINT('Ctrl Pts',(43.5300416586823,-13.2339922293284,-33.838973786164));
#9545=CARTESIAN_POINT('Ctrl Pts',(43.7162050476732,-12.4375307362579,-33.8813633591734));
#9546=CARTESIAN_POINT('Ctrl Pts',(43.855978375336,-11.5114732285844,-33.926266185576));
#9547=CARTESIAN_POINT('Ctrl Pts',(43.9542366361022,-10.4865570267093,-33.9683287605122));
#9548=CARTESIAN_POINT('Ctrl Pts',(44.0050797258836,-9.18355174770532,-34.0016569798743));
#9549=CARTESIAN_POINT('Ctrl Pts',(44.,-8.43258027080588,-34.0000000000001));
#9550=CARTESIAN_POINT('Ctrl Pts',(44.,-8.00000000000001,-34.0000000000001));
#9551=CARTESIAN_POINT('Ctrl Pts',(33.743722875519,-14.7672799601861,-43.0214466743812));
#9552=CARTESIAN_POINT('Ctrl Pts',(33.7716890183775,-14.3814151880622,-43.1761526081902));
#9553=CARTESIAN_POINT('Ctrl Pts',(33.7963932474838,-13.9769780897002,-43.3147587624789));
#9554=CARTESIAN_POINT('Ctrl Pts',(33.838973786164,-13.2339922293285,-43.5300416586823));
#9555=CARTESIAN_POINT('Ctrl Pts',(33.8813633591734,-12.4375307362581,-43.7162050476732));
#9556=CARTESIAN_POINT('Ctrl Pts',(33.926266185576,-11.5114732285845,-43.8559783753361));
#9557=CARTESIAN_POINT('Ctrl Pts',(33.9683287605122,-10.4865570267093,-43.9542366361023));
#9558=CARTESIAN_POINT('Ctrl Pts',(34.0016569798743,-9.18355174770536,-44.0050797258837));
#9559=CARTESIAN_POINT('Ctrl Pts',(34.,-8.43258027080593,-44.0000000000001));
#9560=CARTESIAN_POINT('Ctrl Pts',(34.,-8.00000000000005,-44.0000000000001));
#9561=CARTESIAN_POINT('Ctrl Pts',(44.,-8.00000000000001,-34.));
#9562=CARTESIAN_POINT('Ctrl Pts',(44.,-8.00000000000001,-34.7479982508547));
#9563=CARTESIAN_POINT('Ctrl Pts',(43.9924276735705,-8.00000000000001,-36.2282066704707));
#9564=CARTESIAN_POINT('Ctrl Pts',(43.5006643485712,-8.00000000000001,-38.4315390413896));
#9565=CARTESIAN_POINT('Ctrl Pts',(42.3240616848425,-8.00000000000001,-40.5342735115291));
#9566=CARTESIAN_POINT('Ctrl Pts',(40.5342858829459,-8.00000000000001,-42.3245693167592));
#9567=CARTESIAN_POINT('Ctrl Pts',(38.4320248484177,-8.00000000000001,-43.4995274855711));
#9568=CARTESIAN_POINT('Ctrl Pts',(36.2281283971414,-8.00000000000001,-43.9928519584808));
#9569=CARTESIAN_POINT('Ctrl Pts',(34.7479982508547,-8.00000000000001,-44.0000000000001));
#9570=CARTESIAN_POINT('Ctrl Pts',(34.,-8.00000000000001,-44.0000000000001));
#9571=CARTESIAN_POINT('Ctrl Pts',(34.0396717262304,-23.,-29.));
#9572=CARTESIAN_POINT('Ctrl Pts',(22.6931144841536,-23.,-29.));
#9573=CARTESIAN_POINT('Ctrl Pts',(11.3465572420768,-23.,-29.));
#9574=CARTESIAN_POINT('Ctrl Pts',(-1.16860528140008E-14,-23.,-29.));
#9575=CARTESIAN_POINT('Ctrl Pts',(34.0396717262304,-23.,-30.1219973762821));
#9576=CARTESIAN_POINT('Ctrl Pts',(22.6931144841536,-23.,-30.1219973762821));
#9577=CARTESIAN_POINT('Ctrl Pts',(11.3465572420768,-23.,-30.1219973762821));
#9578=CARTESIAN_POINT('Ctrl Pts',(-1.14369193498573E-14,-23.,-30.1219973762821));
#9579=CARTESIAN_POINT('Ctrl Pts',(34.0396717262304,-22.9886251551569,-32.3422751977498));
#9580=CARTESIAN_POINT('Ctrl Pts',(22.6931144841536,-22.9886251551569,-32.3422751977498));
#9581=CARTESIAN_POINT('Ctrl Pts',(11.3465572420768,-22.9886251551569,-32.3422751977498));
#9582=CARTESIAN_POINT('Ctrl Pts',(-1.09439186381657E-14,-22.9886251551569,
-32.3422751977498));
#9583=CARTESIAN_POINT('Ctrl Pts',(34.0396717262304,-22.2509792703076,-35.647452111525));
#9584=CARTESIAN_POINT('Ctrl Pts',(22.6931144841536,-22.2509792703076,-35.647452111525));
#9585=CARTESIAN_POINT('Ctrl Pts',(11.3465572420768,-22.2509792703076,-35.647452111525));
#9586=CARTESIAN_POINT('Ctrl Pts',(-1.02100219361391E-14,-22.2509792703076,
-35.6474521115251));
#9587=CARTESIAN_POINT('Ctrl Pts',(34.0396717262304,-20.4860490469295,-38.8012042340894));
#9588=CARTESIAN_POINT('Ctrl Pts',(22.6931144841536,-20.4860490469295,-38.8012042340895));
#9589=CARTESIAN_POINT('Ctrl Pts',(11.3465572420768,-20.4860490469295,-38.8012042340895));
#9590=CARTESIAN_POINT('Ctrl Pts',(-9.50974829205285E-15,-20.4860490469295,
-38.8012042340895));
#9591=CARTESIAN_POINT('Ctrl Pts',(34.0396717262304,-17.8011099716237,-41.4875773867687));
#9592=CARTESIAN_POINT('Ctrl Pts',(22.6931144841536,-17.8011099716237,-41.4875773867687));
#9593=CARTESIAN_POINT('Ctrl Pts',(11.3465572420768,-17.8011099716237,-41.4875773867687));
#9594=CARTESIAN_POINT('Ctrl Pts',(-8.91325362668497E-15,-17.8011099716237,
-41.4875773867687));
#9595=CARTESIAN_POINT('Ctrl Pts',(34.0396717262305,-14.6484846557564,-43.2484152892745));
#9596=CARTESIAN_POINT('Ctrl Pts',(22.6931144841536,-14.6484846557564,-43.2484152892745));
#9597=CARTESIAN_POINT('Ctrl Pts',(11.3465572420768,-14.6484846557564,-43.2484152892746));
#9598=CARTESIAN_POINT('Ctrl Pts',(-8.52226907028605E-15,-14.6484846557564,
-43.2484152892746));
#9599=CARTESIAN_POINT('Ctrl Pts',(34.0396717262305,-11.3419015264361,-43.9899430244806));
#9600=CARTESIAN_POINT('Ctrl Pts',(22.6931144841536,-11.3419015264361,-43.9899430244806));
#9601=CARTESIAN_POINT('Ctrl Pts',(11.3465572420768,-11.3419015264361,-43.9899430244807));
#9602=CARTESIAN_POINT('Ctrl Pts',(-8.35761683728126E-15,-11.3419015264361,
-43.9899430244807));
#9603=CARTESIAN_POINT('Ctrl Pts',(34.0396717262304,-9.1219973762821,-44.0000000000001));
#9604=CARTESIAN_POINT('Ctrl Pts',(22.6931144841536,-9.1219973762821,-44.0000000000001));
#9605=CARTESIAN_POINT('Ctrl Pts',(11.3465572420768,-9.1219973762821,-44.0000000000001));
#9606=CARTESIAN_POINT('Ctrl Pts',(-8.3553837401253E-15,-9.1219973762821,
-44.0000000000001));
#9607=CARTESIAN_POINT('Ctrl Pts',(34.0396717262304,-8.00000000000004,-44.0000000000001));
#9608=CARTESIAN_POINT('Ctrl Pts',(22.6931144841536,-8.00000000000004,-44.0000000000001));
#9609=CARTESIAN_POINT('Ctrl Pts',(11.3465572420768,-8.00000000000004,-44.0000000000001));
#9610=CARTESIAN_POINT('Ctrl Pts',(-8.3553837401253E-15,-8.00000000000004,
-44.0000000000001));
#9611=CARTESIAN_POINT('',(29.,-23.,-29.));
#9612=CARTESIAN_POINT('Ctrl Pts',(29.,-23.,-29.));
#9613=CARTESIAN_POINT('Ctrl Pts',(29.0199451214603,-23.,-29.0199451147312));
#9614=CARTESIAN_POINT('Ctrl Pts',(29.0400155396121,-23.000000371936,-29.0401541065215));
#9615=CARTESIAN_POINT('Ctrl Pts',(29.2406772958637,-22.999966305736,-29.2436997634396));
#9616=CARTESIAN_POINT('Ctrl Pts',(29.6020406434875,-23.0000602873318,-29.6329958449051));
#9617=CARTESIAN_POINT('Ctrl Pts',(30.1347003812445,-22.9935469325015,-30.3079538365353));
#9618=CARTESIAN_POINT('Ctrl Pts',(30.5856543857305,-22.9743546083218,-31.0046160621903));
#9619=CARTESIAN_POINT('Ctrl Pts',(30.9980832880305,-22.9247029418686,-31.8060776653971));
#9620=CARTESIAN_POINT('Ctrl Pts',(31.3031385127263,-22.8521851980256,-32.5556088685482));
#9621=CARTESIAN_POINT('Ctrl Pts',(31.5085178104829,-22.7378030937555,-33.2547617384096));
#9622=CARTESIAN_POINT('Ctrl Pts',(31.6718611600557,-22.6141554116205,-33.8805940104763));
#9623=CARTESIAN_POINT('Ctrl Pts',(31.8701821863425,-22.4051942894201,-34.7973568347391));
#9624=CARTESIAN_POINT('Ctrl Pts',(32.0905826750528,-21.9089126438318,-36.0869682313721));
#9625=CARTESIAN_POINT('Ctrl Pts',(32.2105344120717,-21.5973219366219,-36.7080478138403));
#9626=CARTESIAN_POINT('Ctrl Pts',(32.2352065649112,-21.5323419455307,-36.8335338636888));
#9627=CARTESIAN_POINT('',(10.5,-23.,-29.));
#9628=CARTESIAN_POINT('',(6.4545591094145E-15,-23.,-29.));
#9629=CARTESIAN_POINT('',(10.5,-22.9995206620338,-29.5));
#9630=CARTESIAN_POINT('Ctrl Pts',(10.5,-23.,-29.));
#9631=CARTESIAN_POINT('Ctrl Pts',(10.5,-23.,-29.1669626726284));
#9632=CARTESIAN_POINT('Ctrl Pts',(10.5,-22.9998740580019,-29.333662751988));
#9633=CARTESIAN_POINT('Ctrl Pts',(10.5,-22.9992451699299,-29.500125452436));
#9634=CARTESIAN_POINT('',(8.5,-22.9432771375184,-31.5));
#9635=CARTESIAN_POINT('Ctrl Pts',(10.5,-22.9995206620338,-29.5));
#9636=CARTESIAN_POINT('Ctrl Pts',(10.5,-22.9995154653836,-29.501814047622));
#9637=CARTESIAN_POINT('Ctrl Pts',(10.4999975319234,-22.9995102124075,-29.5036281724647));
#9638=CARTESIAN_POINT('Ctrl Pts',(10.4992661799888,-22.9987235862893,-29.7723894981742));
#9639=CARTESIAN_POINT('Ctrl Pts',(10.4451046638104,-22.9965785539528,-30.0364859913084));
#9640=CARTESIAN_POINT('Ctrl Pts',(10.2392033922539,-22.9876969228668,-30.5210531624281));
#9641=CARTESIAN_POINT('Ctrl Pts',(10.0921684317624,-22.9811643708702,-30.7378750484527));
#9642=CARTESIAN_POINT('Ctrl Pts',(9.74061395786677,-22.9671887771071,-31.0862922426799));
#9643=CARTESIAN_POINT('Ctrl Pts',(9.5453928796276,-22.9601034485034,-31.2212238414742));
#9644=CARTESIAN_POINT('Ctrl Pts',(9.17126219236547,-22.9502688819871,-31.3921753586131));
#9645=CARTESIAN_POINT('Ctrl Pts',(9.00236850061247,-22.9469440675975,-31.4438523573188));
#9646=CARTESIAN_POINT('Ctrl Pts',(8.76783947508858,-22.9444035293585,-31.4829500825124));
#9647=CARTESIAN_POINT('Ctrl Pts',(8.70636258582983,-22.9439196123239,-31.4902873792016));
#9648=CARTESIAN_POINT('Ctrl Pts',(8.60611155055276,-22.9434392725045,-31.4975567069275));
#9649=CARTESIAN_POINT('Ctrl Pts',(8.56750744286815,-22.9433279697534,-31.4992336623316));
#9650=CARTESIAN_POINT('Ctrl Pts',(8.51925274526655,-22.9432817484562,-31.4999305012937));
#9651=CARTESIAN_POINT('Ctrl Pts',(8.5096262648242,-22.9432771375184,-31.5));
#9652=CARTESIAN_POINT('Ctrl Pts',(8.5,-22.9432771375184,-31.5));
#9653=CARTESIAN_POINT('Ctrl Pts',(8.5,-22.9432771375184,-31.5));
#9654=CARTESIAN_POINT('Ctrl Pts',(5.66666666666667,-22.9432771375184,-31.5));
#9655=CARTESIAN_POINT('Ctrl Pts',(2.83333333333334,-22.9432771375184,-31.5));
#9656=CARTESIAN_POINT('Ctrl Pts',(1.94289029309402E-15,-22.9432771375184,
-31.5));
#9657=CARTESIAN_POINT('Ctrl Pts',(29.,-23.,-29.));
#9658=CARTESIAN_POINT('Ctrl Pts',(29.0199451214603,-23.,-29.0199451147312));
#9659=CARTESIAN_POINT('Ctrl Pts',(29.0400155396121,-23.000000371936,-29.0401541065215));
#9660=CARTESIAN_POINT('Ctrl Pts',(29.2406772958637,-22.999966305736,-29.2436997634396));
#9661=CARTESIAN_POINT('Ctrl Pts',(29.6020406434875,-23.0000602873318,-29.6329958449051));
#9662=CARTESIAN_POINT('Ctrl Pts',(30.1347003812445,-22.9935469325015,-30.3079538365353));
#9663=CARTESIAN_POINT('Ctrl Pts',(30.5856543857305,-22.9743546083218,-31.0046160621903));
#9664=CARTESIAN_POINT('Ctrl Pts',(30.9980832880305,-22.9247029418686,-31.8060776653971));
#9665=CARTESIAN_POINT('Ctrl Pts',(31.3031385127263,-22.8521851980256,-32.5556088685482));
#9666=CARTESIAN_POINT('Ctrl Pts',(31.5085178104829,-22.7378030937555,-33.2547617384096));
#9667=CARTESIAN_POINT('Ctrl Pts',(31.6718611600557,-22.6141554116205,-33.8805940104763));
#9668=CARTESIAN_POINT('Ctrl Pts',(31.8701821863425,-22.4051942894201,-34.7973568347391));
#9669=CARTESIAN_POINT('Ctrl Pts',(32.0905826750528,-21.9089126438318,-36.0869682313721));
#9670=CARTESIAN_POINT('Ctrl Pts',(32.2105344120717,-21.5973219366219,-36.7080478138403));
#9671=CARTESIAN_POINT('Ctrl Pts',(32.2352065649112,-21.5323419455307,-36.8335338636888));
#9672=CARTESIAN_POINT('Ctrl Pts',(29.,-23.,-29.));
#9673=CARTESIAN_POINT('Ctrl Pts',(29.0199501937808,-23.000003638753,-29.0199411838336));
#9674=CARTESIAN_POINT('Ctrl Pts',(29.0400239300192,-22.9999968933661,-29.0401446285692));
#9675=CARTESIAN_POINT('Ctrl Pts',(29.2410009074862,-22.9999929034783,-29.2433843504751));
#9676=CARTESIAN_POINT('Ctrl Pts',(29.6049656836994,-23.0000027036733,-29.630055399898));
#9677=CARTESIAN_POINT('Ctrl Pts',(30.151215135123,-22.9937769872382,-30.2914604883471));
#9678=CARTESIAN_POINT('Ctrl Pts',(30.6255560806256,-22.9756403713437,-30.9647188146765));
#9679=CARTESIAN_POINT('Ctrl Pts',(31.0751500041514,-22.9305086918123,-31.7294432731537));
#9680=CARTESIAN_POINT('Ctrl Pts',(31.4228902796674,-22.8658259649848,-32.4372660474837));
#9681=CARTESIAN_POINT('Ctrl Pts',(31.6764388219556,-22.7663438902429,-33.0917095493677));
#9682=CARTESIAN_POINT('Ctrl Pts',(31.8853761281561,-22.6594868048775,-33.677211372885));
#9683=CARTESIAN_POINT('Ctrl Pts',(32.1555460931056,-22.4806747661076,-34.5312776101963));
#9684=CARTESIAN_POINT('Ctrl Pts',(32.4916397872474,-22.0543658863551,-35.7461016058438));
#9685=CARTESIAN_POINT('Ctrl Pts',(32.6701372988978,-21.7819825843622,-36.3414302868884));
#9686=CARTESIAN_POINT('Ctrl Pts',(32.7068809474048,-21.7249426409266,-36.4615932084588));
#9687=CARTESIAN_POINT('Ctrl Pts',(29.,-23.,-29.));
#9688=CARTESIAN_POINT('Ctrl Pts',(29.0199418467291,-23.0000084980268,-29.0199510601605));
#9689=CARTESIAN_POINT('Ctrl Pts',(29.0400582270649,-22.9999922236385,-29.0401088729827));
#9690=CARTESIAN_POINT('Ctrl Pts',(29.2415183821266,-23.0000299734323,-29.2428788397553));
#9691=CARTESIAN_POINT('Ctrl Pts',(29.6108882298361,-22.9999128884928,-29.6241120470079));
#9692=CARTESIAN_POINT('Ctrl Pts',(30.1842199515143,-22.9942053263061,-30.2585007602988));
#9693=CARTESIAN_POINT('Ctrl Pts',(30.7053676705351,-22.9780403445539,-30.8849316716958));
#9694=CARTESIAN_POINT('Ctrl Pts',(31.2294025747458,-22.9409872193558,-31.5759879497672));
#9695=CARTESIAN_POINT('Ctrl Pts',(31.6623875988225,-22.8901129088479,-32.200299788028));
#9696=CARTESIAN_POINT('Ctrl Pts',(32.0122971626073,-22.8164556613202,-32.7644288551723));
#9697=CARTESIAN_POINT('Ctrl Pts',(32.3131871106017,-22.7387025495787,-33.2671000082846));
#9698=CARTESIAN_POINT('Ctrl Pts',(32.7255238443159,-22.6115830904468,-33.9947548677826));
#9699=CARTESIAN_POINT('Ctrl Pts',(33.2921471097088,-22.3080972093996,-35.0505616833407));
#9700=CARTESIAN_POINT('Ctrl Pts',(33.588331205675,-22.1063330707426,-35.5864985329566));
#9701=CARTESIAN_POINT('Ctrl Pts',(33.6484339838877,-22.0636198174532,-35.6954161595065));
#9702=CARTESIAN_POINT('Ctrl Pts',(29.,-23.,-29.));
#9703=CARTESIAN_POINT('Ctrl Pts',(29.0199568038723,-23.0000103566345,-29.0199366894989));
#9704=CARTESIAN_POINT('Ctrl Pts',(29.0400902437294,-22.9999904351511,-29.0400762968586));
#9705=CARTESIAN_POINT('Ctrl Pts',(29.2426315895221,-23.0000442981071,-29.241770296629));
#9706=CARTESIAN_POINT('Ctrl Pts',(29.6211403758875,-22.9998771743377,-29.6138519098981));
#9707=CARTESIAN_POINT('Ctrl Pts',(30.2420156195155,-22.9943861744665,-30.2007236897028));
#9708=CARTESIAN_POINT('Ctrl Pts',(30.845033831051,-22.9790611217656,-30.7452776801573));
#9709=CARTESIAN_POINT('Ctrl Pts',(31.4991077667525,-22.9453594553456,-31.3066155452377));
#9710=CARTESIAN_POINT('Ctrl Pts',(32.0813481671895,-22.9001716699767,-31.782391488321));
#9711=CARTESIAN_POINT('Ctrl Pts',(32.5992226069579,-22.8370243974125,-32.1810261563239));
#9712=CARTESIAN_POINT('Ctrl Pts',(33.0587724316413,-22.7711184889262,-32.5287589652238));
#9713=CARTESIAN_POINT('Ctrl Pts',(33.72047698364,-22.6649114994875,-33.0134314038538));
#9714=CARTESIAN_POINT('Ctrl Pts',(34.683885992009,-22.4118342704299,-33.7017168047127));
#9715=CARTESIAN_POINT('Ctrl Pts',(35.1794055174862,-22.2395449158075,-34.0624697636812));
#9716=CARTESIAN_POINT('Ctrl Pts',(35.280536705486,-22.2028129791606,-34.1353913335677));
#9717=CARTESIAN_POINT('Ctrl Pts',(29.,-23.,-29.));
#9718=CARTESIAN_POINT('Ctrl Pts',(29.0199392251192,-23.0000054581294,-29.0199527232171));
#9719=CARTESIAN_POINT('Ctrl Pts',(29.0401398929727,-22.9999951540812,-29.0400281218717));
#9720=CARTESIAN_POINT('Ctrl Pts',(29.2432266343339,-23.0000062023495,-29.2411627229027));
#9721=CARTESIAN_POINT('Ctrl Pts',(29.6285851767704,-22.999973911844,-29.6064282044277));
#9722=CARTESIAN_POINT('Ctrl Pts',(30.2832138106749,-22.9938920146066,-30.15947251562));
#9723=CARTESIAN_POINT('Ctrl Pts',(30.9447701901894,-22.9762832528546,-30.6455069287995));
#9724=CARTESIAN_POINT('Ctrl Pts',(31.6911260762174,-22.9334115667841,-31.1136833630218));
#9725=CARTESIAN_POINT('Ctrl Pts',(32.3780946365451,-22.8726463484644,-31.482766163542));
#9726=CARTESIAN_POINT('Ctrl Pts',(33.0101834545011,-22.7806142884866,-31.7603993280354));
#9727=CARTESIAN_POINT('Ctrl Pts',(33.5755200537869,-22.6821525015062,-31.9921336125068));
#9728=CARTESIAN_POINT('Ctrl Pts',(34.3982379978072,-22.5184150044514,-32.2982280466038));
#9729=CARTESIAN_POINT('Ctrl Pts',(35.575668293036,-22.1270925076169,-32.6921683433878));
#9730=CARTESIAN_POINT('Ctrl Pts',(36.1581215234123,-21.8743129082325,-32.8999387423109));
#9731=CARTESIAN_POINT('Ctrl Pts',(36.2756228808436,-21.8212429886247,-32.9427181386517));
#9732=CARTESIAN_POINT('Ctrl Pts',(29.,-23.,-29.));
#9733=CARTESIAN_POINT('Ctrl Pts',(29.0199451214603,-23.,-29.0199451147312));
#9734=CARTESIAN_POINT('Ctrl Pts',(29.0401541099057,-23.000000371936,-29.0400155362657));
#9735=CARTESIAN_POINT('Ctrl Pts',(29.2436997537805,-22.999966305736,-29.2406773054688));
#9736=CARTESIAN_POINT('Ctrl Pts',(29.6329958442821,-23.0000602873318,-29.602040644111));
#9737=CARTESIAN_POINT('Ctrl Pts',(30.3079538329568,-22.9935469325015,-30.1347003848018));
#9738=CARTESIAN_POINT('Ctrl Pts',(31.0046160614602,-22.9743546083218,-30.5856543864568));
#9739=CARTESIAN_POINT('Ctrl Pts',(31.8060776645823,-22.9247029418687,-30.9980832888404));
#9740=CARTESIAN_POINT('Ctrl Pts',(32.5556088681418,-22.8521851980257,-31.3031385131301));
#9741=CARTESIAN_POINT('Ctrl Pts',(33.2547617380639,-22.7378030937556,-31.5085178108262));
#9742=CARTESIAN_POINT('Ctrl Pts',(33.8805940101738,-22.6141554116207,-31.6718611603561));
#9743=CARTESIAN_POINT('Ctrl Pts',(34.7973568346213,-22.4051942894204,-31.8701821864591));
#9744=CARTESIAN_POINT('Ctrl Pts',(36.0869682313285,-21.908912643832,-32.0905826750959));
#9745=CARTESIAN_POINT('Ctrl Pts',(36.70804781384,-21.5973219366221,-32.2105344120717));
#9746=CARTESIAN_POINT('Ctrl Pts',(36.8335338636886,-21.5323419455308,-32.2352065649112));
#9747=CARTESIAN_POINT('Ctrl Pts',(33.0042677100378,-22.7773354404399,-31.4326061327194));
#9748=CARTESIAN_POINT('Ctrl Pts',(32.9462399608982,-22.7865192441762,-31.4149096658815));
#9749=CARTESIAN_POINT('Ctrl Pts',(32.4401305054817,-22.863357822038,-31.2561394320317));
#9750=CARTESIAN_POINT('Ctrl Pts',(31.8060776645823,-22.9247029418687,-30.9980832888404));
#9751=CARTESIAN_POINT('Ctrl Pts',(31.0046160614602,-22.9743546083218,-30.5856543864568));
#9752=CARTESIAN_POINT('Ctrl Pts',(30.3079538329568,-22.9935469325015,-30.1347003848018));
#9753=CARTESIAN_POINT('Ctrl Pts',(29.6329958442821,-23.0000602873318,-29.602040644111));
#9754=CARTESIAN_POINT('Ctrl Pts',(29.2436997537805,-22.999966305736,-29.2406773054688));
#9755=CARTESIAN_POINT('Ctrl Pts',(29.0401541099057,-23.000000371936,-29.0400155362657));
#9756=CARTESIAN_POINT('Ctrl Pts',(29.0199451214603,-23.,-29.0199451147312));
#9757=CARTESIAN_POINT('Ctrl Pts',(29.,-23.,-29.));
#9758=CARTESIAN_POINT('Ctrl Pts',(33.712099401119,-22.6463925923449,-31.4328292615375));
#9759=CARTESIAN_POINT('Ctrl Pts',(33.712099401119,-22.6463925923449,-30.288552841025));
#9760=CARTESIAN_POINT('Ctrl Pts',(33.712099401119,-22.646392592345,-29.1442764205125));
#9761=CARTESIAN_POINT('Ctrl Pts',(33.712099401119,-22.646392592345,-28.));
#9762=CARTESIAN_POINT('Ctrl Pts',(32.1569181517246,-22.9781073950847,-31.4328292615375));
#9763=CARTESIAN_POINT('Ctrl Pts',(32.1569181517246,-22.9781073950847,-30.288552841025));
#9764=CARTESIAN_POINT('Ctrl Pts',(32.1569181517246,-22.9781073950848,-29.1442764205125));
#9765=CARTESIAN_POINT('Ctrl Pts',(32.1569181517246,-22.9781073950848,-28.));
#9766=CARTESIAN_POINT('Ctrl Pts',(30.5879537549476,-23.,-31.4328292615375));
#9767=CARTESIAN_POINT('Ctrl Pts',(30.5879537549476,-23.,-30.288552841025));
#9768=CARTESIAN_POINT('Ctrl Pts',(30.5879537549476,-23.0000000000001,-29.1442764205125));
#9769=CARTESIAN_POINT('Ctrl Pts',(30.5879537549476,-23.0000000000001,-28.));
#9770=CARTESIAN_POINT('Ctrl Pts',(29.,-23.,-31.4328292615375));
#9771=CARTESIAN_POINT('Ctrl Pts',(29.,-23.,-30.288552841025));
#9772=CARTESIAN_POINT('Ctrl Pts',(29.,-23.0000000000001,-29.1442764205125));
#9773=CARTESIAN_POINT('Ctrl Pts',(29.,-23.0000000000001,-28.));
#9774=CARTESIAN_POINT('',(33.7120993975674,-22.6463925931025,-31.));
#9775=CARTESIAN_POINT('Ctrl Pts',(33.712099401119,-22.6463925923449,-31.));
#9776=CARTESIAN_POINT('Ctrl Pts',(33.4765951080991,-22.69662484671,-31.));
#9777=CARTESIAN_POINT('Ctrl Pts',(33.240774744528,-22.7397523614864,-31.));
#9778=CARTESIAN_POINT('Ctrl Pts',(33.0046202313725,-22.7767749979622,-31.));
#9779=CARTESIAN_POINT('Ctrl Pts',(33.7120993975674,-22.6463925931024,-31.));
#9780=CARTESIAN_POINT('Ctrl Pts',(33.7120993975674,-22.6463925931024,-30.));
#9781=CARTESIAN_POINT('Ctrl Pts',(33.7120993975674,-22.6463925931025,-29.));
#9782=CARTESIAN_POINT('Ctrl Pts',(33.7120993975674,-22.6463925931025,-28.));
#9783=CARTESIAN_POINT('',(29.,-23.,21.6));
#9784=CARTESIAN_POINT('Origin',(34.4933548293497,-17.9995666946386,-28.));
#9785=CARTESIAN_POINT('',(36.1933548293497,-17.9995666946386,-31.));
#9786=CARTESIAN_POINT('Origin',(34.4933548293497,-17.9995666946386,-31.));
#9787=CARTESIAN_POINT('',(36.1933548293497,-17.9995666946386,-28.));
#9788=CARTESIAN_POINT('Ctrl Pts',(39.1221056985756,-20.0167983757163,-28.));
#9789=CARTESIAN_POINT('Ctrl Pts',(39.1221056985756,-20.0167983757163,-31.));
#9790=CARTESIAN_POINT('Ctrl Pts',(38.4449369553987,-20.5740897659103,-28.));
#9791=CARTESIAN_POINT('Ctrl Pts',(38.4449369553987,-20.5740897659103,-31.));
#9792=CARTESIAN_POINT('Ctrl Pts',(37.6853239377907,-21.0899818918924,-28.));
#9793=CARTESIAN_POINT('Ctrl Pts',(37.6853239377907,-21.0899818918924,-31.));
#9794=CARTESIAN_POINT('Ctrl Pts',(35.7399534260074,-22.100293805121,-28.));
#9795=CARTESIAN_POINT('Ctrl Pts',(35.7399534260074,-22.100293805121,-31.));
#9796=CARTESIAN_POINT('Ctrl Pts',(34.6794879309043,-22.4400519519701,-28.));
#9797=CARTESIAN_POINT('Ctrl Pts',(34.6794879309043,-22.4400519519701,-31.));
#9798=CARTESIAN_POINT('Ctrl Pts',(33.7120993975674,-22.6463925931025,-28.));
#9799=CARTESIAN_POINT('Ctrl Pts',(33.7120993975674,-22.6463925931025,-31.));
#9800=CARTESIAN_POINT('Ctrl Pts',(39.1221056985756,-20.0167983757163,-31.));
#9801=CARTESIAN_POINT('Ctrl Pts',(38.4449369553987,-20.5740897659103,-31.));
#9802=CARTESIAN_POINT('Ctrl Pts',(37.6853239377907,-21.0899818918924,-31.));
#9803=CARTESIAN_POINT('Ctrl Pts',(35.7399534260074,-22.100293805121,-31.));
#9804=CARTESIAN_POINT('Ctrl Pts',(34.6794879309043,-22.4400519519701,-31.));
#9805=CARTESIAN_POINT('Ctrl Pts',(33.7120993975674,-22.6463925931025,-31.));
#9806=CARTESIAN_POINT('Origin',(35.3089339519455,-18.8241154503432,-31.));
#9807=CARTESIAN_POINT('',(31.8952786179964,-19.4995666946386,-31.));
#9808=CARTESIAN_POINT('',(33.0841564403811,-21.5587634870008,-31.));
#9809=CARTESIAN_POINT('',(31.4934905923701,-18.0281071867609,-31.));
#9810=CARTESIAN_POINT('Origin',(34.4933548293497,-17.9995666946386,-31.));
#9811=CARTESIAN_POINT('',(31.5000000000001,-17.8,-31.));
#9812=CARTESIAN_POINT('Origin',(27.5000000000001,-17.8,-31.));
#9813=CARTESIAN_POINT('',(37.0914310407031,-16.4995666946386,-31.));
#9814=CARTESIAN_POINT('Origin',(34.4933548293497,-17.9995666946386,-31.));
#9815=CARTESIAN_POINT('',(37.3718984733023,-16.9853505377688,-31.));
#9816=CARTESIAN_POINT('Origin',(34.4933548293497,17.9995666946386,-28.));
#9817=CARTESIAN_POINT('',(36.1933548293497,17.9995666946386,-31.));
#9818=CARTESIAN_POINT('Origin',(34.4933548293497,17.9995666946386,-31.));
#9819=CARTESIAN_POINT('',(36.1933548293497,17.9995666946386,-28.));
#9820=CARTESIAN_POINT('Ctrl Pts',(33.7120993975676,22.6463925931024,-28.));
#9821=CARTESIAN_POINT('Ctrl Pts',(33.7120993975676,22.6463925931024,-31.));
#9822=CARTESIAN_POINT('Ctrl Pts',(34.0895144497099,22.5658912628215,-28.));
#9823=CARTESIAN_POINT('Ctrl Pts',(34.0895144497099,22.5658912628215,-31.));
#9824=CARTESIAN_POINT('Ctrl Pts',(34.4716800359502,22.4671353077271,-28.));
#9825=CARTESIAN_POINT('Ctrl Pts',(34.4716800359502,22.4671353077271,-31.));
#9826=CARTESIAN_POINT('Ctrl Pts',(36.413458945285,21.8590595864368,-28.));
#9827=CARTESIAN_POINT('Ctrl Pts',(36.413458945285,21.8590595864368,-31.));
#9828=CARTESIAN_POINT('Ctrl Pts',(37.8228591847474,21.0860427895961,-28.));
#9829=CARTESIAN_POINT('Ctrl Pts',(37.8228591847474,21.0860427895961,-31.));
#9830=CARTESIAN_POINT('Ctrl Pts',(39.1221056985755,20.0167983757163,-28.));
#9831=CARTESIAN_POINT('Ctrl Pts',(39.1221056985755,20.0167983757163,-31.));
#9832=CARTESIAN_POINT('',(39.1221056985755,20.0167983757163,-31.));
#9833=CARTESIAN_POINT('Ctrl Pts',(39.1221056985755,20.0167983757163,-31.));
#9834=CARTESIAN_POINT('Ctrl Pts',(39.1221056985755,20.0167983757163,-30.));
#9835=CARTESIAN_POINT('Ctrl Pts',(39.1221056985755,20.0167983757163,-29.));
#9836=CARTESIAN_POINT('Ctrl Pts',(39.1221056985755,20.0167983757163,-28.));
#9837=CARTESIAN_POINT('',(33.7120993975676,22.6463925931024,-31.));
#9838=CARTESIAN_POINT('Ctrl Pts',(33.7120993975676,22.6463925931024,-31.));
#9839=CARTESIAN_POINT('Ctrl Pts',(34.0895144497099,22.5658912628215,-31.));
#9840=CARTESIAN_POINT('Ctrl Pts',(34.4716800359502,22.4671353077271,-31.));
#9841=CARTESIAN_POINT('Ctrl Pts',(34.8586935945639,22.3459404859728,-31.));
#9842=CARTESIAN_POINT('Ctrl Pts',(36.4134589452917,21.8590595864347,-31.));
#9843=CARTESIAN_POINT('Ctrl Pts',(37.8228591847596,21.0860427895895,-31.));
#9844=CARTESIAN_POINT('Ctrl Pts',(39.1221056985924,20.0167983757024,-31.));
#9845=CARTESIAN_POINT('Ctrl Pts',(33.7120993975676,22.6463925931024,-28.));
#9846=CARTESIAN_POINT('Ctrl Pts',(33.7120993975676,22.6463925931024,-29.));
#9847=CARTESIAN_POINT('Ctrl Pts',(33.7120993975676,22.6463925931024,-30.));
#9848=CARTESIAN_POINT('Ctrl Pts',(33.7120993975676,22.6463925931024,-31.));
#9849=CARTESIAN_POINT('Origin',(35.3089339519539,18.8241154503431,-31.));
#9850=CARTESIAN_POINT('Ctrl Pts',(33.0046202313677,22.7767749979731,-31.));
#9851=CARTESIAN_POINT('Ctrl Pts',(33.2407747433371,22.7397523616811,-31.));
#9852=CARTESIAN_POINT('Ctrl Pts',(33.4765951057261,22.6966248471486,-31.));
#9853=CARTESIAN_POINT('Ctrl Pts',(33.7120993975676,22.6463925931024,-31.));
#9854=CARTESIAN_POINT('Ctrl Pts',(39.1221056985754,20.0167983757162,-31.));
#9855=CARTESIAN_POINT('Ctrl Pts',(39.2799611475004,19.8868876455584,-31.));
#9856=CARTESIAN_POINT('Ctrl Pts',(39.4352959915194,19.753027343671,-31.));
#9857=CARTESIAN_POINT('Ctrl Pts',(39.5878009239921,19.6155564150941,-31.));
#9858=CARTESIAN_POINT('Origin',(37.0914310407031,-16.4995666946386,-28.));
#9859=CARTESIAN_POINT('',(37.0914310407031,-16.4995666946386,-28.));
#9860=CARTESIAN_POINT('Origin',(34.4933548293497,-17.9995666946386,-28.));
#9861=CARTESIAN_POINT('',(31.5000000000001,-17.8,-28.));
#9862=CARTESIAN_POINT('Origin',(27.5000000000001,-17.8,-28.));
#9863=CARTESIAN_POINT('',(31.4934905923701,-18.0281071867609,-28.));
#9864=CARTESIAN_POINT('Origin',(34.4933548293497,-17.9995666946386,-28.));
#9865=CARTESIAN_POINT('',(31.8952786179964,-19.4995666946386,-28.));
#9866=CARTESIAN_POINT('Origin',(33.7120993975674,-22.6463925931025,-28.));
#9867=CARTESIAN_POINT('Ctrl Pts',(44.,8.00000000000001,-28.));
#9868=CARTESIAN_POINT('Ctrl Pts',(44.,8.00000000000001,-30.023552732045));
#9869=CARTESIAN_POINT('Ctrl Pts',(44.,8.00000000000001,-32.0471054640899));
#9870=CARTESIAN_POINT('Ctrl Pts',(44.,8.00000000000001,-34.0706581961349));
#9871=CARTESIAN_POINT('Ctrl Pts',(44.,9.23800351703107,-28.));
#9872=CARTESIAN_POINT('Ctrl Pts',(44.,9.23800351703107,-30.023552732045));
#9873=CARTESIAN_POINT('Ctrl Pts',(44.,9.23800351703107,-32.0471054640899));
#9874=CARTESIAN_POINT('Ctrl Pts',(44.,9.23800351703107,-34.0706581961349));
#9875=CARTESIAN_POINT('Ctrl Pts',(43.9842128829785,11.0757778180311,-28.));
#9876=CARTESIAN_POINT('Ctrl Pts',(43.9842128829785,11.0757778180311,-30.023552732045));
#9877=CARTESIAN_POINT('Ctrl Pts',(43.9842128829785,11.0757778180311,-32.0471054640899));
#9878=CARTESIAN_POINT('Ctrl Pts',(43.9842128829785,11.0757778180311,-34.0706581961349));
#9879=CARTESIAN_POINT('Ctrl Pts',(43.3791321162185,14.1124313857174,-28.));
#9880=CARTESIAN_POINT('Ctrl Pts',(43.3791321162185,14.1124313857174,-30.023552732045));
#9881=CARTESIAN_POINT('Ctrl Pts',(43.3791321162185,14.1124313857174,-32.0471054640899));
#9882=CARTESIAN_POINT('Ctrl Pts',(43.3791321162185,14.1124313857174,-34.0706581961349));
#9883=CARTESIAN_POINT('Ctrl Pts',(42.0450924994265,17.0797710546714,-28.));
#9884=CARTESIAN_POINT('Ctrl Pts',(42.0450924994265,17.0797710546714,-30.023552732045));
#9885=CARTESIAN_POINT('Ctrl Pts',(42.0450924994265,17.0797710546714,-32.0471054640899));
#9886=CARTESIAN_POINT('Ctrl Pts',(42.0450924994265,17.0797710546714,-34.0706581961349));
#9887=CARTESIAN_POINT('Ctrl Pts',(40.1705568518094,19.1539538680162,-28.));
#9888=CARTESIAN_POINT('Ctrl Pts',(40.1705568518094,19.1539538680162,-30.023552732045));
#9889=CARTESIAN_POINT('Ctrl Pts',(40.1705568518094,19.1539538680162,-32.0471054640899));
#9890=CARTESIAN_POINT('Ctrl Pts',(40.1705568518094,19.1539538680162,-34.0706581961349));
#9891=CARTESIAN_POINT('Ctrl Pts',(39.1220926618691,20.0168091045563,-28.));
#9892=CARTESIAN_POINT('Ctrl Pts',(39.1220926618691,20.0168091045563,-30.023552732045));
#9893=CARTESIAN_POINT('Ctrl Pts',(39.1220926618691,20.0168091045563,-32.0471054640899));
#9894=CARTESIAN_POINT('Ctrl Pts',(39.1220926618691,20.0168091045563,-34.0706581961349));
#9895=CARTESIAN_POINT('',(44.,7.99999999999998,-34.));
#9896=CARTESIAN_POINT('',(44.,8.00000000000001,4.88498130835069E-15));
#9897=CARTESIAN_POINT('Ctrl Pts',(39.5879629039057,19.6156088278898,-32.8953941709928));
#9898=CARTESIAN_POINT('Ctrl Pts',(39.7613718692233,19.4594173311699,-32.9437767073723));
#9899=CARTESIAN_POINT('Ctrl Pts',(40.2386614317058,19.0074021222139,-33.0791510145837));
#9900=CARTESIAN_POINT('Ctrl Pts',(41.0048194713447,18.1726465899019,-33.2965477832398));
#9901=CARTESIAN_POINT('Ctrl Pts',(41.7829606306122,17.1394850951917,-33.4952004359276));
#9902=CARTESIAN_POINT('Ctrl Pts',(42.4674632400265,15.992864152583,-33.6422190964604));
#9903=CARTESIAN_POINT('Ctrl Pts',(43.0115231151231,14.8585933140635,-33.7425260766585));
#9904=CARTESIAN_POINT('Ctrl Pts',(43.3095267566095,13.9964619190665,-33.7953117314371));
#9905=CARTESIAN_POINT('Ctrl Pts',(43.5317433293359,13.2268577786825,-33.8393519457953));
#9906=CARTESIAN_POINT('Ctrl Pts',(43.7166898061638,12.4345432792562,-33.8815114534488));
#9907=CARTESIAN_POINT('Ctrl Pts',(43.8560688816434,11.5108858873197,-33.9262928531311));
#9908=CARTESIAN_POINT('Ctrl Pts',(43.9542722166693,10.4861489245663,-33.9683429495083));
#9909=CARTESIAN_POINT('Ctrl Pts',(44.0050896773174,9.18338391254442,-34.0016571515825));
#9910=CARTESIAN_POINT('Ctrl Pts',(44.,8.43257173558499,-34.));
#9911=CARTESIAN_POINT('Ctrl Pts',(44.,7.99999999999994,-34.));
#9912=CARTESIAN_POINT('Ctrl Pts',(33.7120993975676,22.6463925931024,-28.));
#9913=CARTESIAN_POINT('Ctrl Pts',(33.7120993975676,22.6463925931024,-29.1442764205125));
#9914=CARTESIAN_POINT('Ctrl Pts',(33.7120993975676,22.6463925931024,-30.2885528410251));
#9915=CARTESIAN_POINT('Ctrl Pts',(33.7120993975676,22.6463925931024,-31.4328292615376));
#9916=CARTESIAN_POINT('Ctrl Pts',(32.1569181493209,22.9781073951514,-28.));
#9917=CARTESIAN_POINT('Ctrl Pts',(32.1569181493209,22.9781073951514,-29.1442764205125));
#9918=CARTESIAN_POINT('Ctrl Pts',(32.1569181493209,22.9781073951514,-30.2885528410251));
#9919=CARTESIAN_POINT('Ctrl Pts',(32.1569181493209,22.9781073951514,-31.4328292615376));
#9920=CARTESIAN_POINT('Ctrl Pts',(30.5879537537389,23.,-28.));
#9921=CARTESIAN_POINT('Ctrl Pts',(30.5879537537389,23.,-29.1442764205125));
#9922=CARTESIAN_POINT('Ctrl Pts',(30.5879537537389,23.,-30.2885528410251));
#9923=CARTESIAN_POINT('Ctrl Pts',(30.5879537537389,23.,-31.4328292615376));
#9924=CARTESIAN_POINT('Ctrl Pts',(29.,23.,-28.));
#9925=CARTESIAN_POINT('Ctrl Pts',(29.,23.,-29.1442764205125));
#9926=CARTESIAN_POINT('Ctrl Pts',(29.,23.,-30.2885528410251));
#9927=CARTESIAN_POINT('Ctrl Pts',(29.,23.,-31.4328292615376));
#9928=CARTESIAN_POINT('Ctrl Pts',(29.,23.,-29.));
#9929=CARTESIAN_POINT('Ctrl Pts',(29.032926864308,23.,-29.0329268659634));
#9930=CARTESIAN_POINT('Ctrl Pts',(29.0665843297483,22.999999896273,-29.0662014836245));
#9931=CARTESIAN_POINT('Ctrl Pts',(29.30326537321,22.9999682052384,-29.2972605912878));
#9932=CARTESIAN_POINT('Ctrl Pts',(29.7375258772276,22.9998023713372,-29.6942064000978));
#9933=CARTESIAN_POINT('Ctrl Pts',(30.476397202259,22.9911985308652,-30.2543252293477));
#9934=CARTESIAN_POINT('Ctrl Pts',(31.3341075721036,22.9599148859311,-30.7765756015256));
#9935=CARTESIAN_POINT('Ctrl Pts',(32.1764167490174,22.8944471198595,-31.1574725089304));
#9936=CARTESIAN_POINT('Ctrl Pts',(32.8165784952834,22.8078391896035,-31.3758149615597));
#9937=CARTESIAN_POINT('Ctrl Pts',(33.0040076446821,22.777968113757,-31.4332759572722));
#9938=CARTESIAN_POINT('Ctrl Pts',(39.5879629039057,19.6156088278898,-32.8953941709928));
#9939=CARTESIAN_POINT('Ctrl Pts',(39.7613718692233,19.4594173311699,-32.9437767073723));
#9940=CARTESIAN_POINT('Ctrl Pts',(40.2386614317058,19.0074021222139,-33.0791510145837));
#9941=CARTESIAN_POINT('Ctrl Pts',(41.0048194713447,18.1726465899019,-33.2965477832398));
#9942=CARTESIAN_POINT('Ctrl Pts',(41.7829606306122,17.1394850951917,-33.4952004359276));
#9943=CARTESIAN_POINT('Ctrl Pts',(42.4674632400265,15.992864152583,-33.6422190964604));
#9944=CARTESIAN_POINT('Ctrl Pts',(43.0115231151231,14.8585933140635,-33.7425260766585));
#9945=CARTESIAN_POINT('Ctrl Pts',(43.3095267566095,13.9964619190665,-33.7953117314371));
#9946=CARTESIAN_POINT('Ctrl Pts',(43.5317433293359,13.2268577786825,-33.8393519457953));
#9947=CARTESIAN_POINT('Ctrl Pts',(43.7166898061638,12.4345432792562,-33.8815114534488));
#9948=CARTESIAN_POINT('Ctrl Pts',(43.8560688816434,11.5108858873197,-33.9262928531311));
#9949=CARTESIAN_POINT('Ctrl Pts',(43.9542722166693,10.4861489245663,-33.9683429495083));
#9950=CARTESIAN_POINT('Ctrl Pts',(44.0050896773174,9.18338391254442,-34.0016571515825));
#9951=CARTESIAN_POINT('Ctrl Pts',(44.,8.43257173558499,-34.));
#9952=CARTESIAN_POINT('Ctrl Pts',(44.,7.99999999999994,-34.));
#9953=CARTESIAN_POINT('Ctrl Pts',(39.3799081013085,19.8030062381557,-33.2722400273701));
#9954=CARTESIAN_POINT('Ctrl Pts',(39.5542701837476,19.6522819800229,-33.3303458811171));
#9955=CARTESIAN_POINT('Ctrl Pts',(40.0355646280593,19.2150377512865,-33.4930419512934));
#9956=CARTESIAN_POINT('Ctrl Pts',(40.8148090050206,18.401339419554,-33.7583331405968));
#9957=CARTESIAN_POINT('Ctrl Pts',(41.6178221356918,17.3834261063442,-34.0142258262353));
#9958=CARTESIAN_POINT('Ctrl Pts',(42.3375211590136,16.2365599048203,-34.2220513877361));
#9959=CARTESIAN_POINT('Ctrl Pts',(42.9200253693785,15.0855212056969,-34.3786665704953));
#9960=CARTESIAN_POINT('Ctrl Pts',(43.2455899766659,14.1950954949872,-34.4668346031877));
#9961=CARTESIAN_POINT('Ctrl Pts',(43.4892021149054,13.395168807975,-34.5374744138899));
#9962=CARTESIAN_POINT('Ctrl Pts',(43.6928569631225,12.5675340903227,-34.6020612029028));
#9963=CARTESIAN_POINT('Ctrl Pts',(43.8457056610497,11.6007086103021,-34.6624364619362));
#9964=CARTESIAN_POINT('Ctrl Pts',(43.95210076028,10.5329819307591,-34.7138840508799));
#9965=CARTESIAN_POINT('Ctrl Pts',(44.0055176150364,9.18956023697707,-34.7501296012757));
#9966=CARTESIAN_POINT('Ctrl Pts',(43.9999209252801,8.43284285151034,-34.7479145266315));
#9967=CARTESIAN_POINT('Ctrl Pts',(44.,7.99999999999994,-34.7479982508547));
#9968=CARTESIAN_POINT('Ctrl Pts',(38.9519964396973,20.1634597578775,-34.0248164180521));
#9969=CARTESIAN_POINT('Ctrl Pts',(39.1278540453017,20.0235481662739,-34.1021792131164));
#9970=CARTESIAN_POINT('Ctrl Pts',(39.6159058989025,19.61543389133,-34.3191932936744));
#9971=CARTESIAN_POINT('Ctrl Pts',(40.4192666087511,18.8434645425614,-34.6791066397692));
#9972=CARTESIAN_POINT('Ctrl Pts',(41.2699192022786,17.8562859457835,-35.0478650148785));
#9973=CARTESIAN_POINT('Ctrl Pts',(42.0594339539279,16.7103894784946,-35.3749075652632));
#9974=CARTESIAN_POINT('Ctrl Pts',(42.7201265623531,15.5286228460672,-35.6414236430825));
#9975=CARTESIAN_POINT('Ctrl Pts',(43.1033903395335,14.5837963964094,-35.7982257981096));
#9976=CARTESIAN_POINT('Ctrl Pts',(43.3920495459565,13.7254132315097,-35.9205683987868));
#9977=CARTESIAN_POINT('Ctrl Pts',(43.6354212518367,12.8288944142675,-36.0285462963207));
#9978=CARTESIAN_POINT('Ctrl Pts',(43.8168301583122,11.7775030748664,-36.1190590222539));
#9979=CARTESIAN_POINT('Ctrl Pts',(43.9404357830204,10.6251763887901,-36.1886723490656));
#9980=CARTESIAN_POINT('Ctrl Pts',(43.999169470226,9.20174493655228,-36.2307223844665));
#9981=CARTESIAN_POINT('Ctrl Pts',(43.9925651748323,8.43302549655637,-36.2273637178477));
#9982=CARTESIAN_POINT('Ctrl Pts',(43.9927639034408,7.99999999999996,-36.2274377723845));
#9983=CARTESIAN_POINT('Ctrl Pts',(38.1943292988312,20.573780376909,-35.1520641714556));
#9984=CARTESIAN_POINT('Ctrl Pts',(38.3652726031083,20.4464640799437,-35.2582759786416));
#9985=CARTESIAN_POINT('Ctrl Pts',(38.842589705446,20.0724424691017,-35.5563570776705));
#9986=CARTESIAN_POINT('Ctrl Pts',(39.6418251618266,19.3493014049668,-36.0574678665844));
#9987=CARTESIAN_POINT('Ctrl Pts',(40.5104844825839,18.3986918458721,-36.5937678590125));
#9988=CARTESIAN_POINT('Ctrl Pts',(41.3433070870176,17.2558076529995,-37.0975501939987));
#9989=CARTESIAN_POINT('Ctrl Pts',(42.0617833687262,16.0404411364921,-37.5270976601696));
#9990=CARTESIAN_POINT('Ctrl Pts',(42.4927523445277,15.0341311016341,-37.7860144544425));
#9991=CARTESIAN_POINT('Ctrl Pts',(42.8196297105608,14.1085994575904,-37.9851342696367));
#9992=CARTESIAN_POINT('Ctrl Pts',(43.0975240799566,13.1327765267883,-38.1576656567578));
#9993=CARTESIAN_POINT('Ctrl Pts',(43.3042289262093,11.9831432222612,-38.2928640345433));
#9994=CARTESIAN_POINT('Ctrl Pts',(43.4429717578117,10.7324956582978,-38.3892371354039));
#9995=CARTESIAN_POINT('Ctrl Pts',(43.5062779662127,9.21588905097425,-38.4395740362216));
#9996=CARTESIAN_POINT('Ctrl Pts',(43.4987798813521,8.43357344465185,-38.4346174501605));
#9997=CARTESIAN_POINT('Ctrl Pts',(43.4991450097089,7.99999999999997,-38.4348569692975));
#9998=CARTESIAN_POINT('Ctrl Pts',(37.2896345370681,20.7923379467087,-36.2536163095599));
#9999=CARTESIAN_POINT('Ctrl Pts',(37.4461335654905,20.671814797439,-36.3870726232049));
#10000=CARTESIAN_POINT('Ctrl Pts',(37.8847317728308,20.3161331976739,-36.7615666746307));
#10001=CARTESIAN_POINT('Ctrl Pts',(38.6254805447693,19.6193348127517,-37.3945351918703));
#10002=CARTESIAN_POINT('Ctrl Pts',(39.4388451287095,18.6885808456971,-38.0856555377837));
#10003=CARTESIAN_POINT('Ctrl Pts',(40.2281063650079,17.5476597852508,-38.7513878681162));
#10004=CARTESIAN_POINT('Ctrl Pts',(40.9169941491882,16.3148387782953,-39.3296930797947));
#10005=CARTESIAN_POINT('Ctrl Pts',(41.3362114453613,15.2757440239448,-39.6815683559905));
#10006=CARTESIAN_POINT('Ctrl Pts',(41.6556199538779,14.3144557450449,-39.950610783964));
#10007=CARTESIAN_POINT('Ctrl Pts',(41.9286786725007,13.2961199031778,-40.1818221731742));
#10008=CARTESIAN_POINT('Ctrl Pts',(42.1329317838683,12.0937714388685,-40.3574960267445));
#10009=CARTESIAN_POINT('Ctrl Pts',(42.2703117553786,10.7902271780103,-40.4779741116303));
#10010=CARTESIAN_POINT('Ctrl Pts',(42.333217393611,9.22351188854541,-40.5357252986256));
#10011=CARTESIAN_POINT('Ctrl Pts',(42.32579882759,8.43370282548356,-40.529326906176));
#10012=CARTESIAN_POINT('Ctrl Pts',(42.3261599743161,7.99999999999999,-40.5296494058698));
#10013=CARTESIAN_POINT('Ctrl Pts',(35.9079258287852,20.7950688087443,-37.6377847374305));
#10014=CARTESIAN_POINT('Ctrl Pts',(36.0336511902233,20.6746371051891,-37.8021972455018));
#10015=CARTESIAN_POINT('Ctrl Pts',(36.3867519523762,20.3192420303838,-38.2626803204541));
#10016=CARTESIAN_POINT('Ctrl Pts',(36.9835871627105,19.6228245564292,-39.0406002179013));
#10017=CARTESIAN_POINT('Ctrl Pts',(37.6337971931771,18.6923887534109,-39.8962379041476));
#10018=CARTESIAN_POINT('Ctrl Pts',(38.2580937388874,17.5516137082724,-40.7286210858284));
#10019=CARTESIAN_POINT('Ctrl Pts',(38.7993029197821,16.3185918175387,-41.4564086812676));
#10020=CARTESIAN_POINT('Ctrl Pts',(39.1285026656867,15.2791614350441,-41.8995921768143));
#10021=CARTESIAN_POINT('Ctrl Pts',(39.3806776332469,14.3173400980381,-42.2368475177819));
#10022=CARTESIAN_POINT('Ctrl Pts',(39.5978028169788,13.2984565528699,-42.5248606288809));
#10023=CARTESIAN_POINT('Ctrl Pts',(39.7638839302054,12.0953292550026,-42.7393240532397));
#10024=CARTESIAN_POINT('Ctrl Pts',(39.8786779416022,10.7910522542429,-42.8827294817983));
#10025=CARTESIAN_POINT('Ctrl Pts',(39.9347394404653,9.22360997251339,-42.9473761834435));
#10026=CARTESIAN_POINT('Ctrl Pts',(39.9286466463737,8.43381334036114,-42.939642785113));
#10027=CARTESIAN_POINT('Ctrl Pts',(39.9289241797879,8.00000000000001,-42.94011572216));
#10028=CARTESIAN_POINT('Ctrl Pts',(34.398707095114,20.3470942010722,-38.7435074676706));
#10029=CARTESIAN_POINT('Ctrl Pts',(34.4855475970008,20.2127017128094,-38.9204930660413));
#10030=CARTESIAN_POINT('Ctrl Pts',(34.7291909638138,19.8195131458036,-39.4130636178315));
#10031=CARTESIAN_POINT('Ctrl Pts',(35.135498375513,19.068881795579,-40.2307016996323));
#10032=CARTESIAN_POINT('Ctrl Pts',(35.5593295454299,18.0974672583224,-41.1082326247926));
#10033=CARTESIAN_POINT('Ctrl Pts',(35.9443202298646,16.9522453073788,-41.936417551003));
#10034=CARTESIAN_POINT('Ctrl Pts',(36.2640423497885,15.754854616219,-42.6402014127164));
#10035=CARTESIAN_POINT('Ctrl Pts',(36.4539325079872,14.7824201389553,-43.0551561618217));
#10036=CARTESIAN_POINT('Ctrl Pts',(36.6011037847563,13.8941315165332,-43.3685785319388));
#10037=CARTESIAN_POINT('Ctrl Pts',(36.7299242148979,12.9624920683724,-43.6337441663969));
#10038=CARTESIAN_POINT('Ctrl Pts',(36.8348933400555,11.8678396331052,-43.830815704161));
#10039=CARTESIAN_POINT('Ctrl Pts',(36.913225175789,10.6723025959675,-43.9638138637449));
#10040=CARTESIAN_POINT('Ctrl Pts',(36.958022201553,9.20795800075635,-44.0254162690193));
#10041=CARTESIAN_POINT('Ctrl Pts',(36.9541342080591,8.43327414307306,-44.0182559539507));
#10042=CARTESIAN_POINT('Ctrl Pts',(36.9542615843897,8.00000000000002,-44.0185513997625));
#10043=CARTESIAN_POINT('Ctrl Pts',(33.2722400273701,19.8030062381557,-39.3799081013086));
#10044=CARTESIAN_POINT('Ctrl Pts',(33.3303458811171,19.6522819800228,-39.5542701837477));
#10045=CARTESIAN_POINT('Ctrl Pts',(33.4930419512934,19.2150377512864,-40.0355646280593));
#10046=CARTESIAN_POINT('Ctrl Pts',(33.7583331405969,18.401339419554,-40.8148090050207));
#10047=CARTESIAN_POINT('Ctrl Pts',(34.0142258262354,17.3834261063442,-41.6178221356918));
#10048=CARTESIAN_POINT('Ctrl Pts',(34.2220513877361,16.2365599048204,-42.3375211590136));
#10049=CARTESIAN_POINT('Ctrl Pts',(34.3786665704953,15.085521205697,-42.9200253693785));
#10050=CARTESIAN_POINT('Ctrl Pts',(34.4668346031878,14.1950954949873,-43.2455899766659));
#10051=CARTESIAN_POINT('Ctrl Pts',(34.5374744138899,13.3951688079751,-43.4892021149054));
#10052=CARTESIAN_POINT('Ctrl Pts',(34.6020612029029,12.5675340903228,-43.6928569631225));
#10053=CARTESIAN_POINT('Ctrl Pts',(34.6624364619362,11.6007086103023,-43.8457056610497));
#10054=CARTESIAN_POINT('Ctrl Pts',(34.7138840508799,10.5329819307592,-43.95210076028));
#10055=CARTESIAN_POINT('Ctrl Pts',(34.7501296012757,9.18956023697713,-44.0055176150364));
#10056=CARTESIAN_POINT('Ctrl Pts',(34.7479145266315,8.43284285151042,-43.99992092528));
#10057=CARTESIAN_POINT('Ctrl Pts',(34.7479982508547,8.00000000000002,-44.));
#10058=CARTESIAN_POINT('Ctrl Pts',(32.8953941709928,19.6156088278897,-39.5879629039058));
#10059=CARTESIAN_POINT('Ctrl Pts',(32.9437767073724,19.4594173311699,-39.7613718692234));
#10060=CARTESIAN_POINT('Ctrl Pts',(33.0791510145837,19.0074021222139,-40.2386614317059));
#10061=CARTESIAN_POINT('Ctrl Pts',(33.2965477832399,18.1726465899018,-41.0048194713447));
#10062=CARTESIAN_POINT('Ctrl Pts',(33.4952004359277,17.1394850951917,-41.7829606306122));
#10063=CARTESIAN_POINT('Ctrl Pts',(33.6422190964604,15.9928641525831,-42.4674632400265));
#10064=CARTESIAN_POINT('Ctrl Pts',(33.7425260766585,14.8585933140636,-43.011523115123));
#10065=CARTESIAN_POINT('Ctrl Pts',(33.7953117314371,13.9964619190667,-43.3095267566094));
#10066=CARTESIAN_POINT('Ctrl Pts',(33.8393519457953,13.2268577786826,-43.5317433293358));
#10067=CARTESIAN_POINT('Ctrl Pts',(33.8815114534488,12.4345432792564,-43.7166898061638));
#10068=CARTESIAN_POINT('Ctrl Pts',(33.9262928531311,11.5108858873198,-43.8560688816434));
#10069=CARTESIAN_POINT('Ctrl Pts',(33.9683429495083,10.4861489245664,-43.9542722166693));
#10070=CARTESIAN_POINT('Ctrl Pts',(34.0016571515825,9.18338391254449,-44.0050896773174));
#10071=CARTESIAN_POINT('Ctrl Pts',(34.,8.43257173558507,-44.));
#10072=CARTESIAN_POINT('Ctrl Pts',(34.,8.00000000000002,-44.));
#10073=CARTESIAN_POINT('Ctrl Pts',(44.,7.99999999999994,-34.));
#10074=CARTESIAN_POINT('Ctrl Pts',(44.,7.99999999999994,-34.7479982508547));
#10075=CARTESIAN_POINT('Ctrl Pts',(43.9927639034408,7.99999999999996,-36.2274377723845));
#10076=CARTESIAN_POINT('Ctrl Pts',(43.4991450097089,7.99999999999997,-38.4348569692975));
#10077=CARTESIAN_POINT('Ctrl Pts',(42.3261599743161,7.99999999999999,-40.5296494058698));
#10078=CARTESIAN_POINT('Ctrl Pts',(39.9289241797879,8.00000000000001,-42.94011572216));
#10079=CARTESIAN_POINT('Ctrl Pts',(36.9542615843897,8.00000000000002,-44.0185513997625));
#10080=CARTESIAN_POINT('Ctrl Pts',(34.7479982508547,8.00000000000002,-44.));
#10081=CARTESIAN_POINT('Ctrl Pts',(34.,8.00000000000002,-44.));
#10082=CARTESIAN_POINT('Ctrl Pts',(29.,23.,-29.));
#10083=CARTESIAN_POINT('Ctrl Pts',(29.032926864308,23.,-29.0329268659634));
#10084=CARTESIAN_POINT('Ctrl Pts',(29.0665843297483,22.999999896273,-29.0662014836245));
#10085=CARTESIAN_POINT('Ctrl Pts',(29.30326537321,22.9999682052384,-29.2972605912878));
#10086=CARTESIAN_POINT('Ctrl Pts',(29.7375258772276,22.9998023713372,-29.6942064000978));
#10087=CARTESIAN_POINT('Ctrl Pts',(30.476397202259,22.9911985308652,-30.2543252293477));
#10088=CARTESIAN_POINT('Ctrl Pts',(31.3341075721036,22.9599148859311,-30.7765756015256));
#10089=CARTESIAN_POINT('Ctrl Pts',(32.2641131688663,22.8876309900377,-31.1971293190738));
#10090=CARTESIAN_POINT('Ctrl Pts',(33.4215687542854,22.7222945242366,-31.5750279619734));
#10091=CARTESIAN_POINT('Ctrl Pts',(34.8000106056735,22.406670241128,-31.8696611900085));
#10092=CARTESIAN_POINT('Ctrl Pts',(36.1179729896832,21.8908941909789,-32.0967467262432));
#10093=CARTESIAN_POINT('Ctrl Pts',(36.67430423946,21.6147952507069,-32.2038999963307));
#10094=CARTESIAN_POINT('Ctrl Pts',(36.8335338635465,21.5323419456044,-32.2352065648832));
#10095=CARTESIAN_POINT('Ctrl Pts',(29.,23.,-29.));
#10096=CARTESIAN_POINT('Ctrl Pts',(29.0329146856012,23.0000031510499,-29.0329352281275));
#10097=CARTESIAN_POINT('Ctrl Pts',(29.0665599453288,22.9999968319812,-29.0662295607078));
#10098=CARTESIAN_POINT('Ctrl Pts',(29.3026398644154,22.9999847587345,-29.2978666104114));
#10099=CARTESIAN_POINT('Ctrl Pts',(29.7334591786813,22.9997606495835,-29.6983100985899));
#10100=CARTESIAN_POINT('Ctrl Pts',(30.4553035495422,22.9915111855572,-30.2753726138052));
#10101=CARTESIAN_POINT('Ctrl Pts',(31.2811367739327,22.962294122348,-30.8297128913659));
#10102=CARTESIAN_POINT('Ctrl Pts',(32.163246815626,22.8972331812564,-31.2986337326812));
#10103=CARTESIAN_POINT('Ctrl Pts',(33.249057591005,22.7522240073643,-31.7526124676964));
#10104=CARTESIAN_POINT('Ctrl Pts',(34.534139388553,22.4817995068102,-32.1545479926894));
#10105=CARTESIAN_POINT('Ctrl Pts',(35.775744016836,22.0388062488752,-32.501268190825));
#10106=CARTESIAN_POINT('Ctrl Pts',(36.309382941385,21.7970812368165,-32.6599366012414));
#10107=CARTESIAN_POINT('Ctrl Pts',(36.4615932083223,21.7249426409912,-32.7068809473634));
#10108=CARTESIAN_POINT('Ctrl Pts',(29.,23.,-29.));
#10109=CARTESIAN_POINT('Ctrl Pts',(29.0329291127458,23.0000064385688,-29.0329149063563));
#10110=CARTESIAN_POINT('Ctrl Pts',(29.0664725040265,22.9999936289801,-29.0663227039097));
#10111=CARTESIAN_POINT('Ctrl Pts',(29.3015526200472,23.0000034092252,-29.2989221823836));
#10112=CARTESIAN_POINT('Ctrl Pts',(29.7251844000346,22.9997009716875,-29.7066494242885));
#10113=CARTESIAN_POINT('Ctrl Pts',(30.4127773993169,22.9920903708992,-30.3178009836886));
#10114=CARTESIAN_POINT('Ctrl Pts',(31.1751059921195,22.966682928311,-30.9360502825493));
#10115=CARTESIAN_POINT('Ctrl Pts',(31.9600949362988,22.9144244038831,-31.5028874653633));
#10116=CARTESIAN_POINT('Ctrl Pts',(32.9030263300512,22.8048764471784,-32.1076280102676));
#10117=CARTESIAN_POINT('Ctrl Pts',(33.9953776160477,22.6122059292124,-32.7262399479406));
#10118=CARTESIAN_POINT('Ctrl Pts',(35.0785442636575,22.296854638879,-33.3071550881678));
#10119=CARTESIAN_POINT('Ctrl Pts',(35.5568633702676,22.1172621156174,-33.5723962711001));
#10120=CARTESIAN_POINT('Ctrl Pts',(35.6954161576467,22.0636198142426,-33.6484339838681));
#10121=CARTESIAN_POINT('Ctrl Pts',(29.,23.,-29.));
#10122=CARTESIAN_POINT('Ctrl Pts',(29.0329015883559,23.0000074064613,-29.032939925128));
#10123=CARTESIAN_POINT('Ctrl Pts',(29.0663723973724,22.9999926828961,-29.0664252341907));
#10124=CARTESIAN_POINT('Ctrl Pts',(29.2994358463471,23.0000091801646,-29.3010254295998));
#10125=CARTESIAN_POINT('Ctrl Pts',(29.710835848141,22.9996795087052,-29.7210257145078));
#10126=CARTESIAN_POINT('Ctrl Pts',(30.3390245835568,22.9923339399369,-30.391511180701));
#10127=CARTESIAN_POINT('Ctrl Pts',(30.9892594844404,22.9685410552331,-31.1220276602055));
#10128=CARTESIAN_POINT('Ctrl Pts',(31.605202817602,22.9215616842009,-31.8582335838622));
#10129=CARTESIAN_POINT('Ctrl Pts',(32.2859880850391,22.8265201909473,-32.7283717176953));
#10130=CARTESIAN_POINT('Ctrl Pts',(33.0151191264112,22.6653349069341,-33.7199075638616));
#10131=CARTESIAN_POINT('Ctrl Pts',(33.7196854408545,22.4023871854438,-34.710448646587));
#10132=CARTESIAN_POINT('Ctrl Pts',(34.04343140553,22.2487451540315,-35.151498800293));
#10133=CARTESIAN_POINT('Ctrl Pts',(34.1353913327112,22.2028129737431,-35.2805367033182));
#10134=CARTESIAN_POINT('Ctrl Pts',(29.,23.,-29.));
#10135=CARTESIAN_POINT('Ctrl Pts',(29.0329394075563,23.0000047265749,-29.0329085979055));
#10136=CARTESIAN_POINT('Ctrl Pts',(29.0662435984256,22.9999952998353,-29.0665477539546));
#10137=CARTESIAN_POINT('Ctrl Pts',(29.2981696213767,22.9999930354825,-29.3023271086034));
#10138=CARTESIAN_POINT('Ctrl Pts',(29.7003619478607,22.9997397887066,-29.7314258293847));
#10139=CARTESIAN_POINT('Ctrl Pts',(30.2858963065069,22.9916675129031,-30.4447567227071));
#10140=CARTESIAN_POINT('Ctrl Pts',(30.8562815363952,22.9634837405565,-31.2546513747377));
#10141=CARTESIAN_POINT('Ctrl Pts',(31.3493859395876,22.9020342768656,-32.1128136389026));
#10142=CARTESIAN_POINT('Ctrl Pts',(31.8414047205884,22.767188748928,-33.1628020093345));
#10143=CARTESIAN_POINT('Ctrl Pts',(32.2969913940485,22.5193641396512,-34.4012037799742));
#10144=CARTESIAN_POINT('Ctrl Pts',(32.7035289231207,22.1127622778233,-35.6046295304077));
#10145=CARTESIAN_POINT('Ctrl Pts',(32.8879549036967,21.8882242298712,-36.1269222923477));
#10146=CARTESIAN_POINT('Ctrl Pts',(32.9427181386034,21.8212429886846,-36.2756228807103));
#10147=CARTESIAN_POINT('Ctrl Pts',(29.,23.,-29.));
#10148=CARTESIAN_POINT('Ctrl Pts',(29.032926864308,23.,-29.0329268659634));
#10149=CARTESIAN_POINT('Ctrl Pts',(29.0662014828026,22.999999896273,-29.0665843305858));
#10150=CARTESIAN_POINT('Ctrl Pts',(29.2972605926915,22.9999682052384,-29.3032653717955));
#10151=CARTESIAN_POINT('Ctrl Pts',(29.6942064001227,22.9998023713372,-29.7375258772044));
#10152=CARTESIAN_POINT('Ctrl Pts',(30.2543252298208,22.9911985308651,-30.4763972017824));
#10153=CARTESIAN_POINT('Ctrl Pts',(30.7765756016348,22.9599148859311,-31.3341075719942));
#10154=CARTESIAN_POINT('Ctrl Pts',(31.1971293191766,22.8876309900376,-32.2641131687631));
#10155=CARTESIAN_POINT('Ctrl Pts',(31.5750279620039,22.7222945242365,-33.4215687542553));
#10156=CARTESIAN_POINT('Ctrl Pts',(31.8696611900273,22.4066702411278,-34.800010605655));
#10157=CARTESIAN_POINT('Ctrl Pts',(32.0967467262481,21.8908941909787,-36.1179729896786));
#10158=CARTESIAN_POINT('Ctrl Pts',(32.2038999963307,21.6147952507068,-36.6743042394602));
#10159=CARTESIAN_POINT('Ctrl Pts',(32.2352065648832,21.5323419456042,-36.8335338635467));
#10160=CARTESIAN_POINT('Origin',(37.7243503735294,11.789833876057,28.));
#10161=CARTESIAN_POINT('Ctrl Pts',(44.,8.00000000000002,-34.));
#10162=CARTESIAN_POINT('Ctrl Pts',(44.,2.66666666666667,-34.));
#10163=CARTESIAN_POINT('Ctrl Pts',(44.,-2.66666666666667,-34.));
#10164=CARTESIAN_POINT('Ctrl Pts',(44.,-8.00000000000001,-34.));
#10165=CARTESIAN_POINT('Ctrl Pts',(44.,8.00000000000002,-34.7479982508547));
#10166=CARTESIAN_POINT('Ctrl Pts',(44.,2.66666666666667,-34.7479982508547));
#10167=CARTESIAN_POINT('Ctrl Pts',(44.,-2.66666666666666,-34.7479982508547));
#10168=CARTESIAN_POINT('Ctrl Pts',(44.,-8.00000000000001,-34.7479982508547));
#10169=CARTESIAN_POINT('Ctrl Pts',(43.9924276735705,8.00000000000002,-36.2282066704707));
#10170=CARTESIAN_POINT('Ctrl Pts',(43.9924276735705,2.66666666666668,-36.2282066704707));
#10171=CARTESIAN_POINT('Ctrl Pts',(43.9924276735705,-2.66666666666667,-36.2282066704707));
#10172=CARTESIAN_POINT('Ctrl Pts',(43.9924276735705,-8.00000000000001,-36.2282066704707));
#10173=CARTESIAN_POINT('Ctrl Pts',(43.5006643485712,8.00000000000002,-38.4315390413896));
#10174=CARTESIAN_POINT('Ctrl Pts',(43.5006643485712,2.66666666666668,-38.4315390413896));
#10175=CARTESIAN_POINT('Ctrl Pts',(43.5006643485712,-2.66666666666666,-38.4315390413896));
#10176=CARTESIAN_POINT('Ctrl Pts',(43.5006643485712,-8.00000000000001,-38.4315390413896));
#10177=CARTESIAN_POINT('Ctrl Pts',(42.3240616848425,8.00000000000002,-40.5342735115291));
#10178=CARTESIAN_POINT('Ctrl Pts',(42.3240616848425,2.66666666666668,-40.5342735115291));
#10179=CARTESIAN_POINT('Ctrl Pts',(42.3240616848425,-2.66666666666666,-40.5342735115291));
#10180=CARTESIAN_POINT('Ctrl Pts',(42.3240616848425,-8.00000000000001,-40.5342735115291));
#10181=CARTESIAN_POINT('Ctrl Pts',(40.5342858829459,8.00000000000002,-42.3245693167592));
#10182=CARTESIAN_POINT('Ctrl Pts',(40.5342858829459,2.66666666666668,-42.3245693167592));
#10183=CARTESIAN_POINT('Ctrl Pts',(40.5342858829459,-2.66666666666667,-42.3245693167592));
#10184=CARTESIAN_POINT('Ctrl Pts',(40.5342858829459,-8.00000000000001,-42.3245693167592));
#10185=CARTESIAN_POINT('Ctrl Pts',(38.4320248484177,8.00000000000002,-43.499527485571));
#10186=CARTESIAN_POINT('Ctrl Pts',(38.4320248484177,2.66666666666667,-43.499527485571));
#10187=CARTESIAN_POINT('Ctrl Pts',(38.4320248484177,-2.66666666666666,-43.4995274855711));
#10188=CARTESIAN_POINT('Ctrl Pts',(38.4320248484177,-8.00000000000001,-43.4995274855711));
#10189=CARTESIAN_POINT('Ctrl Pts',(36.2281283971415,8.00000000000002,-43.9928519584807));
#10190=CARTESIAN_POINT('Ctrl Pts',(36.2281283971415,2.66666666666669,-43.9928519584807));
#10191=CARTESIAN_POINT('Ctrl Pts',(36.2281283971414,-2.66666666666667,-43.9928519584808));
#10192=CARTESIAN_POINT('Ctrl Pts',(36.2281283971414,-8.00000000000001,-43.9928519584808));
#10193=CARTESIAN_POINT('Ctrl Pts',(34.7479982508547,8.00000000000002,-44.));
#10194=CARTESIAN_POINT('Ctrl Pts',(34.7479982508547,2.66666666666667,-44.));
#10195=CARTESIAN_POINT('Ctrl Pts',(34.7479982508547,-2.66666666666666,-44.0000000000001));
#10196=CARTESIAN_POINT('Ctrl Pts',(34.7479982508547,-8.00000000000001,-44.0000000000001));
#10197=CARTESIAN_POINT('Ctrl Pts',(34.,8.00000000000002,-44.));
#10198=CARTESIAN_POINT('Ctrl Pts',(34.,2.66666666666668,-44.));
#10199=CARTESIAN_POINT('Ctrl Pts',(34.,-2.66666666666667,-44.0000000000001));
#10200=CARTESIAN_POINT('Ctrl Pts',(34.,-8.00000000000001,-44.0000000000001));
#10201=CARTESIAN_POINT('',(44.,-17.25,-34.));
#10202=CARTESIAN_POINT('Origin',(44.,-11.5,9.59232693276135E-15));
#10203=CARTESIAN_POINT('Origin',(-10.5,-23.,-31.5));
#10204=CARTESIAN_POINT('',(8.5,-23.,-31.5));
#10205=CARTESIAN_POINT('Origin',(8.50000000000001,-23.,-29.5));
#10206=CARTESIAN_POINT('',(10.5,-23.,-29.5));
#10207=CARTESIAN_POINT('Origin',(10.5,-23.,-31.5));
#10208=CARTESIAN_POINT('',(10.5,-23.,5.85));
#10209=CARTESIAN_POINT('',(10.5,-21.8,5.85));
#10210=CARTESIAN_POINT('Origin',(-9.59232693276135E-15,-23.,43.2));
#10211=CARTESIAN_POINT('Origin',(27.5000000000001,-17.8,28.));
#10212=CARTESIAN_POINT('',(27.5000000000001,-21.8,28.));
#10213=CARTESIAN_POINT('Origin',(-9.59232693276135E-15,-21.8,43.2));
#10214=CARTESIAN_POINT('Origin',(42.,-11.5,9.32587340685131E-15));
#10215=CARTESIAN_POINT('',(42.,-8.39606162372775E-15,-33.2));
#10216=CARTESIAN_POINT('',(42.,5.75,-33.2));
#10217=CARTESIAN_POINT('',(42.,-17.25,-33.2));
#10218=CARTESIAN_POINT('Ctrl Pts',(42.,8.00000000000005,-33.2));
#10219=CARTESIAN_POINT('Ctrl Pts',(42.,5.33333333333337,-33.2));
#10220=CARTESIAN_POINT('Ctrl Pts',(42.,2.66666666666668,-33.2));
#10221=CARTESIAN_POINT('Ctrl Pts',(42.,1.04264423182189E-15,-33.2));
#10222=CARTESIAN_POINT('Ctrl Pts',(42.,8.00000000000005,-33.9479982508547));
#10223=CARTESIAN_POINT('Ctrl Pts',(42.,5.33333333333336,-33.9479982508547));
#10224=CARTESIAN_POINT('Ctrl Pts',(42.,2.66666666666669,-33.9479982508547));
#10225=CARTESIAN_POINT('Ctrl Pts',(42.,1.04264423182189E-15,-33.9479982508547));
#10226=CARTESIAN_POINT('Ctrl Pts',(41.9869011110995,8.00000000000005,-35.3205560294341));
#10227=CARTESIAN_POINT('Ctrl Pts',(41.9869011110995,5.33333333333337,-35.3205560294341));
#10228=CARTESIAN_POINT('Ctrl Pts',(41.9869011110995,2.66666666666668,-35.3205560294341));
#10229=CARTESIAN_POINT('Ctrl Pts',(41.9869011110995,1.04770255810164E-15,
-35.3205560294341));
#10230=CARTESIAN_POINT('Ctrl Pts',(41.5626926186981,8.00000000000004,-37.1927603210829));
#10231=CARTESIAN_POINT('Ctrl Pts',(41.5626926186981,5.33333333333336,-37.1927603210829));
#10232=CARTESIAN_POINT('Ctrl Pts',(41.5626926186981,2.66666666666669,-37.1927603210829));
#10233=CARTESIAN_POINT('Ctrl Pts',(41.5626926186981,1.21151683132098E-15,
-37.1927603210829));
#10234=CARTESIAN_POINT('Ctrl Pts',(40.5615093642536,8.00000000000005,-38.9932877617407));
#10235=CARTESIAN_POINT('Ctrl Pts',(40.5615093642536,5.33333333333337,-38.9932877617407));
#10236=CARTESIAN_POINT('Ctrl Pts',(40.5615093642536,2.66666666666668,-38.9932877617407));
#10237=CARTESIAN_POINT('Ctrl Pts',(40.5615093642536,1.59813829252217E-15,
-38.9932877617407));
#10238=CARTESIAN_POINT('Ctrl Pts',(38.992285203153,8.00000000000005,-40.5634541943028));
#10239=CARTESIAN_POINT('Ctrl Pts',(38.992285203153,5.33333333333336,-40.5634541943028));
#10240=CARTESIAN_POINT('Ctrl Pts',(38.992285203153,2.66666666666669,-40.5634541943028));
#10241=CARTESIAN_POINT('Ctrl Pts',(38.992285203153,2.20411700363591E-15,
-40.5634541943028));
#10242=CARTESIAN_POINT('Ctrl Pts',(37.1940804886973,8.00000000000005,-41.5621330236056));
#10243=CARTESIAN_POINT('Ctrl Pts',(37.1940804886973,5.33333333333337,-41.5621330236056));
#10244=CARTESIAN_POINT('Ctrl Pts',(37.1940804886973,2.66666666666668,-41.5621330236056));
#10245=CARTESIAN_POINT('Ctrl Pts',(37.1940804886973,2.89851988258486E-15,
-41.5621330236056));
#10246=CARTESIAN_POINT('Ctrl Pts',(35.3201288486919,8.00000000000005,-41.9872757864241));
#10247=CARTESIAN_POINT('Ctrl Pts',(35.3201288486919,5.33333333333337,-41.9872757864241));
#10248=CARTESIAN_POINT('Ctrl Pts',(35.3201288486919,2.66666666666669,-41.9872757864241));
#10249=CARTESIAN_POINT('Ctrl Pts',(35.3201288486919,3.62217353746071E-15,
-41.9872757864241));
#10250=CARTESIAN_POINT('Ctrl Pts',(33.9479982508547,8.00000000000005,-42.));
#10251=CARTESIAN_POINT('Ctrl Pts',(33.9479982508547,5.33333333333337,-42.));
#10252=CARTESIAN_POINT('Ctrl Pts',(33.9479982508547,2.66666666666668,-42.));
#10253=CARTESIAN_POINT('Ctrl Pts',(33.9479982508547,4.1520417052908E-15,
-42.));
#10254=CARTESIAN_POINT('Ctrl Pts',(33.2,8.00000000000005,-42.));
#10255=CARTESIAN_POINT('Ctrl Pts',(33.2,5.33333333333337,-42.));
#10256=CARTESIAN_POINT('Ctrl Pts',(33.2,2.66666666666669,-42.));
#10257=CARTESIAN_POINT('Ctrl Pts',(33.2,4.44089209850062E-15,-42.));
#10258=CARTESIAN_POINT('',(33.2,-8.39606162372775E-15,-42.));
#10259=CARTESIAN_POINT('Ctrl Pts',(42.,-2.22044604925031E-15,-33.2));
#10260=CARTESIAN_POINT('Ctrl Pts',(42.,-2.05435707315466E-15,-33.9479982508547));
#10261=CARTESIAN_POINT('Ctrl Pts',(41.9872757864241,-1.76737785666731E-15,
-35.3201288486919));
#10262=CARTESIAN_POINT('Ctrl Pts',(41.5621330236056,-1.40550963871143E-15,
-37.1940804886973));
#10263=CARTESIAN_POINT('Ctrl Pts',(40.5634541943028,-1.05604330806402E-15,
-38.992285203153));
#10264=CARTESIAN_POINT('Ctrl Pts',(38.9932877617407,-7.43829912063527E-16,
-40.5615093642536));
#10265=CARTESIAN_POINT('Ctrl Pts',(37.192760321083,-5.5031737145775E-16,
-41.5626926186981));
#10266=CARTESIAN_POINT('Ctrl Pts',(35.3205560294341,-4.67209023958549E-16,
-41.9869011110995));
#10267=CARTESIAN_POINT('Ctrl Pts',(33.9479982508547,-4.63397436365283E-16,
-42.));
#10268=CARTESIAN_POINT('Ctrl Pts',(33.2,-4.63397436365283E-16,-42.));
#10269=CARTESIAN_POINT('',(33.2,5.75,-42.));
#10270=CARTESIAN_POINT('Ctrl Pts',(33.2,-4.63397436365283E-16,-42.));
#10271=CARTESIAN_POINT('Ctrl Pts',(33.2,-2.66666666666667,-42.));
#10272=CARTESIAN_POINT('Ctrl Pts',(33.2,-5.33333333333334,-42.));
#10273=CARTESIAN_POINT('Ctrl Pts',(33.2,-8.00000000000001,-42.));
#10274=CARTESIAN_POINT('Ctrl Pts',(33.9479982508547,-4.63397436365283E-16,
-42.));
#10275=CARTESIAN_POINT('Ctrl Pts',(33.9479982508547,-2.66666666666668,-42.));
#10276=CARTESIAN_POINT('Ctrl Pts',(33.9479982508547,-5.33333333333334,-42.));
#10277=CARTESIAN_POINT('Ctrl Pts',(33.9479982508547,-8.00000000000001,-42.));
#10278=CARTESIAN_POINT('Ctrl Pts',(35.3205560294341,-4.67209023958549E-16,
-41.9869011110995));
#10279=CARTESIAN_POINT('Ctrl Pts',(35.3205560294341,-2.66666666666667,-41.9869011110995));
#10280=CARTESIAN_POINT('Ctrl Pts',(35.3205560294341,-5.33333333333335,-41.9869011110995));
#10281=CARTESIAN_POINT('Ctrl Pts',(35.3205560294341,-8.00000000000001,-41.9869011110995));
#10282=CARTESIAN_POINT('Ctrl Pts',(37.192760321083,-5.5031737145775E-16,
-41.5626926186981));
#10283=CARTESIAN_POINT('Ctrl Pts',(37.192760321083,-2.66666666666668,-41.5626926186981));
#10284=CARTESIAN_POINT('Ctrl Pts',(37.192760321083,-5.33333333333334,-41.5626926186981));
#10285=CARTESIAN_POINT('Ctrl Pts',(37.192760321083,-8.00000000000001,-41.5626926186981));
#10286=CARTESIAN_POINT('Ctrl Pts',(38.9932877617407,-7.43829912063527E-16,
-40.5615093642536));
#10287=CARTESIAN_POINT('Ctrl Pts',(38.9932877617407,-2.66666666666667,-40.5615093642536));
#10288=CARTESIAN_POINT('Ctrl Pts',(38.9932877617407,-5.33333333333335,-40.5615093642536));
#10289=CARTESIAN_POINT('Ctrl Pts',(38.9932877617407,-8.00000000000001,-40.5615093642536));
#10290=CARTESIAN_POINT('Ctrl Pts',(40.5634541943028,-1.05604330806402E-15,
-38.992285203153));
#10291=CARTESIAN_POINT('Ctrl Pts',(40.5634541943028,-2.66666666666668,-38.992285203153));
#10292=CARTESIAN_POINT('Ctrl Pts',(40.5634541943028,-5.33333333333334,-38.992285203153));
#10293=CARTESIAN_POINT('Ctrl Pts',(40.5634541943028,-8.00000000000002,-38.992285203153));
#10294=CARTESIAN_POINT('Ctrl Pts',(41.5621330236056,-1.40550963871143E-15,
-37.1940804886973));
#10295=CARTESIAN_POINT('Ctrl Pts',(41.5621330236056,-2.66666666666667,-37.1940804886973));
#10296=CARTESIAN_POINT('Ctrl Pts',(41.5621330236056,-5.33333333333335,-37.1940804886973));
#10297=CARTESIAN_POINT('Ctrl Pts',(41.5621330236056,-8.00000000000002,-37.1940804886973));
#10298=CARTESIAN_POINT('Ctrl Pts',(41.9872757864241,-1.76737785666731E-15,
-35.3201288486919));
#10299=CARTESIAN_POINT('Ctrl Pts',(41.9872757864241,-2.66666666666668,-35.3201288486919));
#10300=CARTESIAN_POINT('Ctrl Pts',(41.9872757864241,-5.33333333333334,-35.3201288486919));
#10301=CARTESIAN_POINT('Ctrl Pts',(41.9872757864241,-8.00000000000002,-35.3201288486919));
#10302=CARTESIAN_POINT('Ctrl Pts',(42.,-2.05435707315466E-15,-33.9479982508547));
#10303=CARTESIAN_POINT('Ctrl Pts',(42.,-2.66666666666667,-33.9479982508547));
#10304=CARTESIAN_POINT('Ctrl Pts',(42.,-5.33333333333335,-33.9479982508547));
#10305=CARTESIAN_POINT('Ctrl Pts',(42.,-8.00000000000002,-33.9479982508547));
#10306=CARTESIAN_POINT('Ctrl Pts',(42.,-2.22044604925031E-15,-33.2));
#10307=CARTESIAN_POINT('Ctrl Pts',(42.,-2.66666666666667,-33.2));
#10308=CARTESIAN_POINT('Ctrl Pts',(42.,-5.33333333333335,-33.2));
#10309=CARTESIAN_POINT('Ctrl Pts',(42.,-8.00000000000002,-33.2));
#10310=CARTESIAN_POINT('',(33.2,-17.25,-42.));
#10311=CARTESIAN_POINT('Origin',(9.32587340685131E-15,-23.,-42.));
#10312=UNCERTAINTY_MEASURE_WITH_UNIT(LENGTH_MEASURE(0.01),#10316,
'DISTANCE_ACCURACY_VALUE',
'Maximum model space distance between geometric entities at asserted c
onnectivities');
#10313=UNCERTAINTY_MEASURE_WITH_UNIT(LENGTH_MEASURE(0.01),#10316,
'DISTANCE_ACCURACY_VALUE',
'Maximum model space distance between geometric entities at asserted c
onnectivities');
#10314=(
GEOMETRIC_REPRESENTATION_CONTEXT(3)
GLOBAL_UNCERTAINTY_ASSIGNED_CONTEXT((#10312))
GLOBAL_UNIT_ASSIGNED_CONTEXT((#10316,#10318,#10319))
REPRESENTATION_CONTEXT('','3D')
);
#10315=(
GEOMETRIC_REPRESENTATION_CONTEXT(3)
GLOBAL_UNCERTAINTY_ASSIGNED_CONTEXT((#10313))
GLOBAL_UNIT_ASSIGNED_CONTEXT((#10316,#10318,#10319))
REPRESENTATION_CONTEXT('','3D')
);
#10316=(
LENGTH_UNIT()
NAMED_UNIT(*)
SI_UNIT(.MILLI.,.METRE.)
);
#10317=(
LENGTH_UNIT()
NAMED_UNIT(*)
SI_UNIT(.CENTI.,.METRE.)
);
#10318=(
NAMED_UNIT(*)
PLANE_ANGLE_UNIT()
SI_UNIT($,.RADIAN.)
);
#10319=(
NAMED_UNIT(*)
SI_UNIT($,.STERADIAN.)
SOLID_ANGLE_UNIT()
);
#10320=SHAPE_DEFINITION_REPRESENTATION(#10321,#10322);
#10321=PRODUCT_DEFINITION_SHAPE('',$,#10324);
#10322=SHAPE_REPRESENTATION('',(#2923),#10314);
#10323=PRODUCT_DEFINITION_CONTEXT('part definition',#10328,'design');
#10324=PRODUCT_DEFINITION('upper_shell_vertical_lid_derived',
'upper_shell_vertical_lid_derived',#10325,#10323);
#10325=PRODUCT_DEFINITION_FORMATION('',$,#10330);
#10326=PRODUCT_RELATED_PRODUCT_CATEGORY(
'upper_shell_vertical_lid_derived','upper_shell_vertical_lid_derived',(#10330));
#10327=APPLICATION_PROTOCOL_DEFINITION('international standard',
'automotive_design',2009,#10328);
#10328=APPLICATION_CONTEXT(
'Core Data for Automotive Mechanical Design Process');
#10329=PRODUCT_CONTEXT('part definition',#10328,'mechanical');
#10330=PRODUCT('upper_shell_vertical_lid_derived',
'upper_shell_vertical_lid_derived',$,(#10329));
#10331=PRESENTATION_STYLE_ASSIGNMENT((#10332));
#10332=SURFACE_STYLE_USAGE(.BOTH.,#10335);
#10333=SURFACE_STYLE_RENDERING_WITH_PROPERTIES($,#10339,(#10334));
#10334=SURFACE_STYLE_TRANSPARENT(0.);
#10335=SURFACE_SIDE_STYLE('',(#10336,#10333));
#10336=SURFACE_STYLE_FILL_AREA(#10337);
#10337=FILL_AREA_STYLE('',(#10338));
#10338=FILL_AREA_STYLE_COLOUR('',#10339);
#10339=COLOUR_RGB('',0.956862745098039,0.956862745098039,0.956862745098039);
ENDSEC;
END-ISO-10303-21;
